cycle_time_years,leading_front_depth_m,deepest_front_depth_m,maximum_velocity_m_s
0.000000000000000000e+00,2.193846034259156659e+04,2.193846034259156659e+04,9.811593346682569768e-04
3.305815150264092459e-07,2.193837076065969450e+04,2.193837076065969450e+04,6.019267884115030989e-04
8.287022623734277648e-07,2.193829610904979927e+04,2.193829610904979927e+04,3.716502930411272332e-04
1.624258376800941701e-06,2.193823141098788983e+04,2.193823141098788983e+04,2.253480278820042934e-04
2.778429892814594084e-06,2.193817666647396618e+04,2.193817666647396618e+04,1.402400400655260369e-04
4.660276132811308812e-06,2.193812192196004617e+04,2.193812192196004617e+04,8.488866581306260637e-05
7.418715963195140510e-06,2.193807713099410830e+04,2.193807713099410830e+04,5.238869390024264514e-05
1.143467049455208748e-05,2.193803234002817044e+04,2.193803234002817044e+04,3.288347541059643897e-05
1.778692526095302859e-05,2.193798500539650195e+04,2.193798500539650195e+04,2.045793192641689968e-05
2.763195358416781932e-05,2.193793280454831256e+04,2.193793280454831256e+04,1.284614643441880550e-05
4.292748607628052134e-05,2.193787052092465819e+04,2.193787052092465819e+04,8.054158718497225565e-06
6.753445996782922705e-05,2.193778590196720688e+04,2.193778590196720688e+04,4.921749139018856948e-06
1.079281060406199976e-04,2.193766146232390020e+04,2.193766146232390020e+04,2.937189513783799806e-06
1.668679248359800560e-04,2.024623335714750510e+03,2.193749720199473086e+04,1.808520830975899578e-06
2.645304360057167364e-04,2.144269757429847687e+03,2.193723836753665091e+04,1.084707836167266576e-06
4.037272015080166994e-04,2.167326390465440909e+03,2.193688045225687529e+04,6.779697749412990879e-07
6.127676280801322385e-04,2.179793429113567527e+03,2.193635300022993033e+04,4.243551689603117631e-07
9.403858399498153924e-04,2.187309988317016632e+03,2.193553490915931252e+04,2.649812561497826205e-07
1.471966269258208077e-03,2.189053510810223088e+03,2.193422280640603640e+04,1.607238877328729609e-07
2.224918183474847936e-03,2.181740111386188346e+03,2.193237459253733323e+04,1.009065113099358185e-07
3.431117967147743857e-03,2.167643855095602248e+03,2.192943701378094920e+04,6.153483965253737400e-08
5.316385537522686812e-03,2.141559785011112126e+03,2.192488393431902659e+04,3.692672724463308043e-08
8.397879995411151530e-03,2.098768434727513522e+03,2.191764802886226244e+04,2.133997620504341635e-08
1.241538706782453587e-02,2.040322235682424662e+03,2.190842275131622591e+04,1.321167324638820389e-08
1.508863306274902880e-02,1.163345848732368177e+04,2.190236820181821167e+04,2.143187861475668106e-08
1.741000468933038767e-02,1.164705972185731480e+04,2.189723334613060797e+04,3.430586047271243637e-08
1.938226931986072876e-02,1.165711084137184116e+04,2.189293975136365771e+04,5.477873869045787420e-08
2.117575672634304171e-02,1.166557035378090950e+04,2.188905116904259194e+04,8.768517045839307039e-08
2.723956263309819034e-02,1.168675092582444631e+04,2.187605067672125369e+04,5.491316061386142785e-08
3.565760915630304673e-02,1.170663547295347780e+04,2.185887502740661512e+04,8.770805689720941709e-08
3.637273155662573004e-02,1.170782192875110377e+04,2.185742590722539535e+04,1.411442600485026418e-07
3.679389375930086636e-02,1.170851225649211847e+04,2.185655358495334076e+04,2.280845664397060074e-07
3.702564687445658587e-02,1.170888812547451744e+04,2.185605780309238617e+04,3.621206200206123765e-07
3.716664622678386015e-02,1.170911410923703988e+04,2.185574271811698054e+04,5.776297542384655289e-07
3.725077039550809405e-02,1.170924663264774972e+04,2.185553722791563268e+04,9.576974338642534035e-07
3.729606142810933112e-02,1.170931610190856009e+04,2.185541393379482179e+04,1.556609444109891522e-06
3.732123674217834725e-02,1.170935314506062241e+04,2.185533388129389277e+04,2.500615613946971429e-06
3.733696866858052937e-02,1.170937474035459127e+04,2.185526996057369979e+04,4.222805279555206194e-06
3.734567227821602303e-02,1.170938521755024340e+04,2.185522430291642377e+04,6.966441964493044420e-06
3.735060458247113635e-02,1.170938992251290074e+04,2.185519017779779460e+04,1.156576618015921933e-05
3.735338725933276538e-02,1.170939145455966172e+04,2.185516038219623442e+04,1.841096099762753904e-05
3.735522441608109950e-02,1.170939134836344238e+04,2.185513298760186444e+04,3.130800761260411577e-05
3.735621779082008709e-02,1.170939028043742110e+04,2.185511254816617293e+04,5.028708606686136231e-05
3.735681694446989221e-02,1.170938878196827500e+04,2.185509189571031675e+04,8.022100863963665745e-05
3.735718952239588941e-02,1.170938697596115526e+04,2.185507363264740343e+04,1.275996559285470691e-04
3.735742881427588785e-02,1.170938500779543210e+04,2.185505536958449375e+04,2.056834226271679242e-04
3.735758035697359786e-02,1.170938287467639020e+04,2.185503710652158043e+04,3.350189045734402646e-04
3.735767455295268408e-02,1.170938074154874812e+04,2.185501884345867074e+04,5.450267149628348082e-04
3.735773192203419024e-02,1.170937865036424046e+04,2.185500058039575742e+04,8.762588454020940176e-04
3.735774434667203658e-02,1.170937803530997189e+04,2.185499601463002909e+04,1.007730903953120991e-03
3.735776035521913563e-02,1.170937705122314401e+04,2.185498925404536567e+04,1.244778871724141209e-03
3.735777780256105407e-02,1.170937571765162647e+04,2.185497775156711941e+04,1.669441629532574965e-03
3.735779495181174720e-02,1.170937387248510640e+04,2.185496405426993442e+04,2.480270329015314690e-03
3.735780849621063437e-02,1.170937167782504912e+04,2.185494815600509537e+04,3.942964742507813238e-03
3.735781787568832196e-02,1.170936925956880259e+04,2.185492989020941968e+04,6.366975530169587463e-03
3.735782419536420179e-02,1.170936651134837848e+04,2.185490926508120174e+04,1.025876438750458579e-02
3.735782882535787497e-02,1.170936325154762017e+04,2.185488422572023046e+04,1.669664157826299816e-02
3.735783239674089762e-02,1.170935884265298409e+04,2.185484991012673709e+04,2.684178393019405820e-02
3.735783551326585933e-02,1.170935193149784027e+04,2.185479746319077094e+04,4.275392693176351816e-02
3.735783856462113889e-02,1.170934008030710174e+04,2.185470613421239250e+04,6.946595654974846434e-02
3.735784233646930602e-02,1.170931645871748151e+04,2.185452804270455454e+04,1.115147272576171716e-01
3.735785132134782777e-02,1.170921962839158732e+04,2.185378827797969279e+04,1.770000269932154036e-01
3.735786032679114244e-02,1.170907166778225655e+04,2.185265070850406119e+04,2.818896090615704009e-01
3.735787617728704435e-02,1.170845386188981138e+04,2.184780030411651023e+04,1.958537065638542574e-01
3.735789208316130788e-02,1.170795699603136745e+04,2.184394106244380600e+04,1.428724576304159499e-01
3.735790795280165277e-02,1.170764301814085957e+04,2.184153165377367986e+04,1.042911111396860602e-01
3.735792395006154454e-02,1.170745416891696004e+04,2.184009535246585801e+04,6.868491617196537113e-02
3.735793781068372232e-02,1.170736692125825721e+04,2.183944107755253572e+04,4.324650522647632833e-02
3.735794995974432708e-02,1.170732996541950524e+04,2.183916198428011194e+04,2.696403487163291993e-02
3.735796179181103543e-02,1.170731282571935299e+04,2.183904110506049619e+04,1.699184018395574064e-02
3.735797537129548207e-02,1.170730294801460514e+04,2.183896980660725239e+04,1.068090686374260218e-02
3.735799161971475185e-02,1.170729674748794059e+04,2.183892523587828327e+04,6.801965374526040484e-03
3.735800771647437152e-02,1.170729313177392942e+04,2.183890291561821141e+04,4.777010412518265144e-03
3.735802459070691056e-02,1.170729067002377633e+04,2.183888508472243484e+04,3.530073610023663419e-03
3.735804245263858736e-02,1.170728882371116015e+04,2.183887171155060059e+04,2.729939662743171777e-03
3.735805911131103579e-02,1.170728753129232973e+04,2.183886279610270867e+04,2.221239224213496580e-03
3.735807687836666113e-02,1.170728643885143720e+04,2.183885392271193268e+04,1.846114791033687166e-03
3.735809292870818921e-02,1.170728563878102250e+04,2.183884942293087443e+04,1.587185249318221088e-03
3.735811043544774029e-02,1.170728496179836657e+04,2.183884496520693210e+04,1.373920185853131542e-03
3.735812688534451836e-02,1.170728434635958729e+04,2.183884050748298614e+04,1.214673090225850327e-03
3.735814532686779210e-02,1.170728380780608495e+04,2.183883604975904382e+04,1.074462239932590709e-03
3.735815982983363426e-02,1.170728343854207378e+04,2.183883163734744812e+04,9.823491527754532951e-04
3.735826583692177655e-02,1.170728157688507963e+04,2.183881826612875739e+04,5.914843874977418784e-04
3.735841330590258802e-02,1.170728017670996451e+04,2.183880930341537533e+04,3.720565038598166118e-04
3.735864294210815978e-02,1.170727908424983252e+04,2.183879598076427283e+04,2.296337366395617967e-04
3.735898761694025211e-02,1.170727829950654632e+04,2.183878706661847900e+04,1.430870607579323977e-04
3.735954555635122992e-02,1.170727800711508826e+04,2.183877815247268518e+04,8.691864523276658649e-05
3.736037273706101225e-02,1.170727822240873320e+04,2.183876923832689135e+04,5.376150352316161763e-05
3.736168479653194374e-02,1.170727929933230371e+04,2.183876032418109753e+04,3.289081077306347183e-05
3.736378764635975985e-02,1.170728169938698011e+04,2.183875135300409238e+04,1.992055202850540207e-05
3.736705017995842898e-02,1.170728596120253133e+04,2.183873803881661297e+04,1.210978182828210625e-05
3.737174465770693593e-02,1.170729260795464506e+04,2.183872460666042753e+04,7.578378127120946251e-06
3.737947346842491331e-02,1.170730402486643470e+04,2.183870238223343767e+04,4.613865440896795270e-06
3.739109141115187773e-02,1.170732167456570278e+04,2.183867557169703650e+04,2.841606043768021328e-06
3.740801871371401272e-02,1.170734766695060534e+04,2.183863552613998399e+04,1.785188996660593131e-06
3.743482163979181682e-02,2.741297320016328285e+03,2.183857750177025446e+04,1.102848686155211009e-06
3.747727905195662873e-02,3.104720021157579140e+03,2.183848398566149262e+04,6.781588453886623630e-07
3.753990061972674319e-02,3.254130714325297504e+03,2.183835027347458526e+04,4.121999611853017609e-07
3.763014438309639220e-02,3.337878731002105724e+03,2.183815861934001805e+04,2.584336508323393319e-07
3.779912264687898538e-02,3.409163243005604272e+03,2.183780651058116564e+04,1.469192243830679626e-07
3.803070324267845970e-02,3.460552993743784100e+03,2.183732095557525099e+04,8.865391502453019690e-08
3.836822488057005376e-02,3.506462754168710944e+03,2.183661720956070349e+04,5.389190989178997417e-08
3.884650220092078499e-02,3.549214470776972121e+03,2.183562408616132598e+04,3.313814058344477131e-08
3.953237908332010025e-02,3.591582687234853893e+03,2.183420434420236779e+04,2.025736412790008334e-08
4.085290430294569175e-02,3.646237710193125167e+03,2.183148195976648276e+04,1.052843715698318406e-08
4.277791534278058139e-02,3.697273152419050348e+03,2.182754161102490980e+04,5.545498561037547661e-09
4.474437345005632949e-02,3.732033033895727840e+03,2.182355138640432779e+04,3.402538403013189455e-09
5.158194364138658089e-02,3.822520041001520440e+03,2.180991720870807694e+04,2.095771707219443185e-09
7.694399559387832266e-02,1.175157551668492670e+04,2.176408700134712126e+04,1.668082226013658327e-09
1.025748020180713704e-01,2.172357670624112143e+04,2.172357670624112143e+04,1.677607580225113206e-09
1.095193379224109753e-01,2.171345706295074342e+04,2.171345706295074342e+04,2.680519436623582899e-09
1.123986404116689708e-01,2.170940330015031577e+04,2.170940330015031577e+04,4.379893918614337589e-09
1.148962496260464983e-01,2.170591882071498549e+04,2.170591882071498549e+04,7.061494687564922747e-09
1.170865934959372939e-01,2.170288100085857877e+04,2.170288100085857877e+04,1.165621643592642744e-08
1.187658961597805179e-01,2.170056231163031771e+04,2.170056231163031771e+04,1.915940213001588353e-08
1.199290533918093843e-01,2.169895736857606607e+04,2.169895736857606607e+04,3.066003209989894159e-08
1.207433630737493324e-01,2.169783102792857972e+04,2.169783102792857972e+04,4.898444848930928892e-08
1.213010254098329105e-01,2.169705014391865916e+04,2.169705014391865916e+04,7.877315711989570094e-08
1.216584184793995937e-01,2.169654533001325763e+04,2.169654533001325763e+04,1.249329875908828025e-07
1.218925760041009165e-01,2.169620615817056751e+04,2.169620615817056751e+04,1.983831472887816832e-07
1.220482644934731270e-01,2.169596952665241042e+04,2.169596952665241042e+04,3.205156971790185296e-07
1.221437205825767203e-01,2.169581571616560541e+04,2.169581571616560541e+04,5.092942150442178925e-07
1.222057639984080318e-01,2.169570528812380144e+04,2.169570528812380144e+04,8.185961238760033828e-07
1.222452713814809744e-01,2.169562641095108120e+04,2.169562641095108120e+04,1.326948614947274964e-06
1.222691946890694659e-01,2.169556725307154193e+04,2.169556725307154193e+04,2.116455888231847794e-06
1.222844945750714146e-01,2.169551992676790906e+04,2.169551992676790906e+04,3.403087620825916056e-06
1.222941791459290634e-01,2.169548048818155075e+04,2.169548048818155075e+04,5.513685842270288564e-06
1.223000170135176562e-01,2.169544499345382792e+04,2.169544499345382792e+04,8.785500586203724344e-06
1.223037549294026111e-01,2.169541344258474055e+04,2.169541344258474055e+04,1.414247388111863726e-05
1.223060950636788158e-01,2.169538189171565318e+04,2.169538189171565318e+04,2.282814802149488455e-05
1.223075521052417042e-01,2.169535147777118254e+04,2.169535147777118254e+04,3.689653718014402912e-05
1.223084432914610248e-01,2.169532273383611391e+04,2.169532273383611391e+04,5.914607757746771012e-05
1.223089937414812145e-01,2.169529512682566201e+04,2.169529512682566201e+04,9.404709722936533582e-05
1.223093501330751731e-01,2.169526470166691070e+04,2.169526470166691070e+04,1.517212912107081691e-04
1.223095700352908738e-01,2.169523709108827825e+04,2.169523709108827825e+04,2.431022919499366427e-04
1.223097104511536165e-01,2.169520553614127130e+04,2.169520553614127130e+04,3.919410569143927749e-04
1.223097987639712725e-01,2.169517681106658347e+04,2.169517681106658347e+04,6.300962838883454684e-04
1.223098560859245121e-01,2.169514526019749610e+04,2.169514526019749610e+04,1.020142814283230611e-03
1.223098761583820970e-01,2.169512948476295060e+04,2.169512948476295060e+04,1.290686606255661648e-03
1.223098924803873444e-01,2.169511370932840873e+04,2.169511370932840873e+04,1.633290781158431475e-03
1.223099092915656133e-01,2.169509114945836700e+04,2.169509114945836700e+04,2.214797624250540702e-03
1.223099255309792882e-01,2.169505959451136005e+04,2.169505959451136005e+04,3.274336496480483114e-03
1.223099416466567058e-01,2.169501226209084780e+04,2.169501226209084780e+04,5.666298873624232152e-03
1.223099534043819159e-01,2.169495704093358290e+04,2.169495704093358290e+04,9.960269748589337113e-03
1.223099615087369363e-01,2.169489393103956900e+04,2.169489393103956900e+04,1.619618363548010892e-02
1.223099691440455439e-01,2.169480321056691901e+04,2.169480321056691901e+04,2.664697412984962793e-02
1.223099767649542674e-01,2.169467304641051305e+04,2.169467304641051305e+04,4.257936563324820484e-02
1.223099859893272134e-01,2.169443740323623933e+04,2.169443740323623933e+04,6.841986893200409370e-02
1.223099978701994023e-01,2.169397190760300145e+04,2.169397190760300145e+04,1.088276936923804478e-01
1.223100138293063965e-01,2.169300230110445773e+04,2.169300230110445773e+04,1.530811398802921497e-01
1.223100297772470590e-01,2.169174111808260932e+04,2.169174111808260932e+04,1.602881119044021474e-01
1.223100456251591528e-01,2.169045064245260073e+04,2.169045064245260073e+04,1.379917994422923955e-01
1.223100615260319796e-01,2.168931873822971465e+04,2.168931873822971465e+04,1.066784719413599175e-01
1.223100773774344896e-01,2.168845030372091787e+04,2.168845030372091787e+04,7.712739326304006438e-02
1.223100932882950631e-01,2.168784651418605790e+04,2.168784651418605790e+04,5.236043740245707734e-02
1.223101092498347919e-01,2.168747947547386502e+04,2.168747947547386502e+04,3.309813381886519967e-02
1.223101239733168089e-01,2.168729784672580718e+04,2.168729784672580718e+04,2.081505997492074170e-02
1.223101391555099643e-01,2.168719913544968585e+04,2.168719913544968585e+04,1.305769687713448889e-02
1.223101553033566907e-01,2.168714393346814177e+04,2.168714393346814177e+04,8.476724859166263892e-03
1.223101712170126393e-01,2.168711226952670404e+04,2.168711226952670404e+04,5.945763996422635984e-03
1.223101881006436326e-01,2.168709252727147759e+04,2.168709252727147759e+04,4.345553311355169340e-03
1.223102040556860171e-01,2.168707673346730007e+04,2.168707673346730007e+04,3.394438183788561682e-03
1.223102217366445338e-01,2.168706488811416421e+04,2.168706488811416421e+04,2.691074690958077109e-03
1.223102397178852246e-01,2.168705699121207726e+04,2.168705699121207726e+04,2.198205281664980353e-03
1.223102558044908972e-01,2.168704915838079978e+04,2.168704915838079978e+04,1.875735476272991217e-03
1.223102748128075401e-01,2.168704514585894140e+04,2.168704514585894140e+04,1.589606808110916860e-03
1.223102942700289020e-01,2.168703731149488158e+04,2.168703731149488158e+04,1.366992407657351919e-03
1.223103105725421719e-01,2.168703336253290763e+04,2.168703336253290763e+04,1.230495658617956033e-03
1.223103268691474177e-01,2.168702941357093368e+04,2.168702941357093368e+04,1.100641945520175686e-03
1.223103447946471134e-01,2.168702935205476388e+04,2.168702935205476388e+04,9.917037041191796576e-04
1.223104493129714837e-01,2.168701361772304517e+04,2.168701361772304517e+04,6.139690104807035611e-04
1.223106097548283672e-01,2.168700177083712697e+04,2.168700177083712697e+04,3.759666086303410431e-04
1.223108402291132879e-01,2.168699381599535991e+04,2.168699381599535991e+04,2.365444856972171361e-04
1.223111895874588739e-01,2.168698591909326933e+04,2.168698591909326933e+04,1.481099817350588622e-04
1.223117269085614439e-01,2.168697802219118239e+04,2.168697802219118239e+04,9.224064563672446039e-05
1.223126060080642480e-01,2.168697012528909181e+04,2.168697012528909181e+04,5.595696064876040025e-05
1.223140579656064597e-01,2.168695833225542447e+04,2.168695833225542447e+04,3.329581961728892727e-05
1.223163017484991677e-01,2.168695038303386900e+04,2.168695038303386900e+04,1.996797757485358670e-05
1.223195282096605496e-01,2.168693858744556201e+04,2.168693858744556201e+04,1.250342655473285882e-05
1.223245145403048795e-01,2.168692674055964380e+04,2.168692674055964380e+04,7.818898091373306655e-06
1.223329859770280886e-01,2.168691089852341975e+04,2.168691089852341975e+04,4.825360386904546989e-06
1.223442347641815892e-01,2.168689115626819694e+04,2.168689115626819694e+04,2.998984681279975535e-06
1.223631013804014900e-01,2.168685956865983826e+04,2.168685956865983826e+04,1.851217053207782562e-06
1.223903669978280845e-01,2.294828510845090477e+03,2.168681613569834371e+04,1.162186703723330996e-06
1.224334476213931183e-01,2.605809538525536027e+03,2.168674903727087440e+04,7.241768640361077669e-07
1.225041580872290731e-01,2.752739549396554594e+03,2.168664241529761057e+04,4.380221343325977167e-07
1.226221047161371730e-01,2.843191116457428961e+03,2.168647107404438793e+04,2.562745451562604536e-07
1.228094653308015316e-01,2.908401325245031785e+03,2.168620251136049046e+04,1.508820398827326827e-07
1.230966752776326695e-01,2.961438118795033006e+03,2.168579581494595186e+04,9.008931416800142241e-08
1.235530138517552112e-01,3.010544828563856754e+03,2.168515123949649205e+04,5.306819132581385737e-08
1.243258131384912951e-01,3.060972196537005857e+03,2.168406512390175340e+04,3.010697294507730591e-08
1.253651645064828291e-01,3.104412886285618697e+03,2.168260697230015649e+04,1.827389873759954886e-08
1.269190658697124663e-01,3.147924798595212906e+03,2.168043893110304271e+04,1.102667643156771306e-08
1.292279132368156780e-01,3.191209051266711413e+03,2.167723984320610180e+04,6.594254609581023210e-09
1.325771294967071634e-01,3.233121027125661840e+03,2.167264549451661514e+04,3.905088851157667650e-09
1.386270983347673014e-01,3.282532577805656274e+03,2.166447919307316261e+04,2.041083361848157052e-09
1.643123013923010189e-01,2.163228246035256961e+04,2.163228246035256961e+04,1.693274532821772807e-09
1.922287547204552804e-01,2.160111203428228328e+04,2.160111203428228328e+04,1.693974965151271052e-09
2.206651556406328818e-01,2.157277467616170179e+04,2.157277467616170179e+04,1.692528538364618285e-09
2.606659924873674927e-01,2.153752172431018698e+04,2.153752172431018698e+04,1.687913941057062367e-09
2.864024284310427437e-01,2.151729408505300671e+04,2.151729408505300671e+04,1.683853953425565381e-09
3.169211973901797652e-01,2.149512868827175043e+04,2.149512868827175043e+04,1.678315805557999578e-09
3.486092852042087520e-01,2.147387143728121373e+04,2.147387143728121373e+04,1.672020902768637471e-09
3.802973730182376833e-01,2.145422945891687050e+04,2.145422945891687050e+04,1.665397244402885084e-09
4.119854608322666700e-01,2.143584264372961479e+04,2.143584264372961479e+04,1.658605858903304802e-09
4.436735486462956013e-01,2.141815858343592117e+04,2.141815858343592117e+04,1.651757750906993200e-09
4.753616364603245326e-01,2.140140729600896157e+04,2.140140729600896157e+04,1.644929421187744016e-09
5.070497242743534638e-01,2.138495077875963761e+04,2.138495077875963761e+04,1.638171562552403775e-09
5.387378120883824506e-01,2.136895163311553551e+04,2.136895163311553551e+04,1.631517863298053420e-09
5.704258999024114374e-01,2.135299787980337715e+04,2.135299787980337715e+04,1.624989820984671473e-09
6.021139877164403131e-01,2.133715255965527831e+04,2.133715255965527831e+04,1.618600542323764685e-09
6.338020755304692999e-01,2.132114847361699503e+04,2.132114847361699503e+04,1.612357385152075746e-09
6.654901633444982867e-01,2.130496825860939498e+04,2.130496825860939498e+04,1.606263947052250082e-09
6.971782511585271624e-01,2.128849772095401568e+04,2.128849772095401568e+04,1.600321111584853128e-09
7.288663389725561492e-01,2.127157205029932084e+04,2.127157205029932084e+04,1.594527954764768821e-09
7.605544267865851360e-01,2.125432895143953647e+04,2.125432895143953647e+04,1.588882609262114612e-09
7.922425146006140118e-01,2.123631370774921379e+04,2.123631370774921379e+04,1.583382597339539789e-09
8.239306024146429985e-01,2.121807109942126044e+04,2.121807109942126044e+04,1.578024954365213268e-09
8.556186902286719853e-01,2.119899192033100553e+04,2.119899192033100553e+04,1.572806420136563431e-09
8.873067780427008611e-01,2.117925126886826547e+04,2.117925126886826547e+04,1.567723869725895830e-09
9.189948658567298478e-01,2.115898304703968461e+04,2.115898304703968461e+04,1.562774172371769942e-09
9.506829536707588346e-01,2.113784345065750676e+04,2.113784345065750676e+04,1.557954307640177118e-09
9.823710414847877104e-01,2.111591974771924652e+04,2.111591974771924652e+04,1.553261652812331757e-09
1.014059129298816808e+00,2.109349681674012027e+04,2.109349681674012027e+04,1.548693518615458184e-09
1.045747217112845684e+00,2.107021693215913911e+04,2.107021693215913911e+04,1.544247878089799033e-09
1.077435304926874560e+00,2.104605264274927686e+04,2.104605264274927686e+04,1.539922834196805461e-09
1.109123392740903657e+00,2.102132476266269077e+04,2.102132476266269077e+04,1.535717156594311004e-09
1.140811480554932533e+00,2.099569908796007803e+04,2.099569908796007803e+04,1.531630222494664812e-09
1.172499568368961409e+00,2.096931428259925815e+04,2.096931428259925815e+04,1.527662366756871614e-09
1.204187656182990507e+00,2.094241902064813985e+04,2.094241902064813985e+04,1.523815235588928802e-09
1.235875743997019383e+00,2.091480134856980294e+04,2.091480134856980294e+04,1.520092660303240825e-09
1.267563831811048258e+00,2.088649557414276205e+04,2.088649557414276205e+04,1.516501944007171470e-09
1.299251919625077356e+00,2.085753451582369235e+04,2.085753451582369235e+04,1.513057431102739158e-09
1.330940007439106232e+00,2.082795722113458760e+04,2.082795722113458760e+04,1.509789173763628607e-09
1.362628095253135108e+00,2.079780089237144057e+04,2.079780089237144057e+04,1.506774354183263392e-09
1.394316183067164205e+00,2.076710694999349653e+04,2.076710694999349653e+04,1.504266557291734984e-09
1.426004270881193081e+00,2.073591836317365232e+04,2.073591836317365232e+04,1.502679391467005434e-09
1.457692358695221957e+00,2.070427992988089682e+04,2.070427992988089682e+04,1.502059947809281079e-09
1.489380446509251055e+00,2.067224154989808812e+04,2.067224154989808812e+04,1.502339823568573205e-09
1.521068534323279930e+00,2.063985020672704195e+04,2.063985020672704195e+04,1.503482287389932833e-09
1.552756622137308806e+00,2.060716454858128054e+04,2.060716454858128054e+04,1.505471977430706607e-09
1.584444709951337904e+00,2.057442683730008866e+04,2.057442683730008866e+04,1.508305488668251523e-09
1.616132797765366780e+00,2.054156033503297658e+04,2.054156033503297658e+04,1.511987128767488586e-09
1.647820885579395656e+00,2.050864032137156755e+04,2.050864032137156755e+04,1.516526878193277371e-09
1.679508973393424753e+00,2.047574952302834572e+04,2.047574952302834572e+04,1.521939236349799758e-09
1.711197061207453629e+00,2.044298064826905102e+04,2.044298064826905102e+04,1.528242424127067444e-09
1.742885149021482505e+00,2.041043657758511836e+04,2.041043657758511836e+04,1.535458083497408881e-09
1.774573236835511603e+00,2.037822268903273289e+04,2.037822268903273289e+04,1.543610757508245462e-09
1.806261324649540478e+00,2.034645152175193289e+04,2.034645152175193289e+04,1.552730010364488985e-09
1.837949412463569354e+00,2.031522975391538421e+04,2.031522975391538421e+04,1.562845373116076726e-09
1.869637500277598452e+00,2.028465741660520143e+04,2.028465741660520143e+04,1.573992449069972936e-09
1.901325588091627328e+00,2.025481039044425415e+04,2.025481039044425415e+04,1.586207320303310069e-09
1.933013675905656203e+00,2.022573519891233809e+04,2.022573519891233809e+04,1.599531222260017713e-09
1.964701763719685301e+00,2.019743825361413110e+04,2.019743825361413110e+04,1.614005799455352022e-09
1.996389851533714177e+00,2.016988524587389475e+04,2.016988524587389475e+04,1.629679377155175978e-09
2.028077939347743275e+00,2.014270881242357791e+04,2.014270881242357791e+04,1.646597965533148731e-09
2.059766027161772151e+00,2.011707807348181086e+04,2.011707807348181086e+04,1.664814613429596931e-09
2.091454114975801026e+00,2.009158343470019099e+04,2.009158343470019099e+04,1.684379223962347923e-09
2.123142202789829902e+00,2.006654710336394419e+04,2.006654710336394419e+04,1.705349790041296790e-09
2.154830290603858778e+00,2.004275826643698383e+04,2.004275826643698383e+04,1.727778730199307444e-09
2.186518378417887654e+00,2.001975332031218568e+04,2.001975332031218568e+04,1.751725806736503088e-09
2.218206466231916973e+00,1.999679565454393742e+04,1.999679565454393742e+04,1.777242682617085413e-09
2.249894554045945849e+00,1.997399866267940524e+04,1.997399866267940524e+04,1.804386939426117215e-09
2.281582641859974725e+00,1.995224396998716475e+04,1.995224396998716475e+04,1.833208145115512700e-09
2.313270729674003601e+00,1.993078810310726112e+04,1.993078810310726112e+04,1.863756477189330667e-09
2.344958817488032476e+00,1.990922907512198435e+04,1.990922907512198435e+04,1.896075816196393508e-09
2.374132180074371767e+00,1.988993522767089598e+04,1.988993522767089598e+04,1.927429015731452332e-09
2.400880689527697509e+00,1.987231956372556670e+04,1.987231956372556670e+04,1.984208348859818387e-09
2.448307626688725591e+00,1.984132673207811968e+04,1.984132673207811968e+04,2.139943585604962781e-09
2.489383498571969167e+00,1.981465326413244111e+04,1.981465326413244111e+04,2.299017245577443845e-09
2.525540974638995628e+00,1.979155948355325017e+04,1.979155948355325017e+04,2.459743243056294623e-09
2.557780858254038225e+00,1.977083978701197339e+04,1.977083978701197339e+04,2.620479256434464485e-09
2.586910290753330344e+00,1.975170507956169968e+04,1.975170507956169968e+04,2.779015586514791313e-09
2.613452272541647581e+00,1.973531752340029561e+04,1.973531752340029561e+04,2.936704292212972304e-09
2.649574907893696096e+00,1.971140164734840073e+04,1.971140164734840073e+04,3.162474419545168931e-09
2.682004379215846779e+00,1.969051149896924107e+04,1.969051149896924107e+04,3.387727127276789571e-09
2.711669234647860804e+00,1.967075051917426026e+04,1.967075051917426026e+04,3.599682801030327263e-09
2.739142723751133879e+00,1.965342708445833705e+04,1.965342708445833705e+04,3.788137702228282090e-09
2.764765253636756626e+00,1.963547148685662614e+04,1.963547148685662614e+04,4.001317472200420053e-09
2.796675509631060930e+00,1.961550884147937177e+04,1.961550884147937177e+04,4.248016960346777772e-09
2.826396647942024831e+00,1.959505956581829378e+04,1.959505956581829378e+04,4.483583699764684777e-09
2.854328596323851830e+00,1.957564214390101188e+04,1.957564214390101188e+04,4.683454404547333342e-09
2.880784572524864640e+00,1.955969181576996198e+04,1.955969181576996198e+04,4.911938021975783104e-09
2.905942271387353060e+00,1.954050049566876623e+04,1.954050049566876623e+04,5.074471937895661322e-09
2.935737972319251377e+00,1.952139044606966490e+04,1.952139044606966490e+04,5.326100541342530645e-09
2.964038075232522829e+00,1.950204222413705793e+04,1.950204222413705793e+04,5.589757517966318618e-09
2.991027240264499287e+00,1.948196621684236379e+04,1.948196621684236379e+04,5.771889750046639683e-09
3.016735794794517922e+00,1.946707212960787365e+04,1.946707212960787365e+04,6.025974752512986168e-09
3.046431440057088214e+00,1.944390603780667516e+04,1.944390603780667516e+04,6.276510019941728804e-09
3.074688758415215162e+00,1.942354417162866957e+04,1.942354417162866957e+04,6.459854770468198424e-09
3.101698352656041102e+00,1.940713828269869555e+04,1.940713828269869555e+04,6.735113133958895102e-09
3.127782664345958086e+00,1.938549961302378142e+04,1.938549961302378142e+04,6.948515143656035914e-09
3.152831471536003516e+00,1.936916941008988942e+04,1.936916941008988942e+04,7.191442912657011735e-09
3.181148108238608607e+00,1.934899325165382470e+04,1.934899325165382470e+04,7.453182295061280941e-09
3.208401755319743476e+00,1.932663272034502734e+04,1.932663272034502734e+04,7.601876463282661468e-09
3.234505533108808617e+00,1.931019308644091143e+04,1.931019308644091143e+04,7.918422046033964961e-09
3.260035658681514015e+00,1.929004787860558645e+04,1.929004787860558645e+04,8.107000877238062149e-09
3.288177572135012827e+00,1.926905439524638132e+04,1.926905439524638132e+04,8.256526519285650164e-09
3.315363013787433033e+00,1.924700556633039378e+04,1.924700556633039378e+04,8.623339964345295925e-09
3.341819239540115394e+00,1.923095864236276248e+04,1.923095864236276248e+04,8.897850749289105337e-09
3.367664201447446271e+00,1.920790967503885622e+04,1.920790967503885622e+04,8.969511476187243681e-09
3.395700929164599202e+00,1.918531022467507137e+04,1.918531022467507137e+04,9.243119166250553290e-09
3.422834443467652754e+00,1.916870331288813395e+04,1.916870331288813395e+04,9.579369012074480585e-09
3.449443615872747948e+00,1.914535861421479058e+04,1.914535861421479058e+04,9.852007179087008116e-09
3.475446158255265150e+00,1.912267926082082704e+04,1.912267926082082704e+04,9.989460968764180103e-09
3.500694674657642835e+00,1.910739910441265965e+04,1.910739910441265965e+04,1.017549456092034889e-08
3.528144443688771670e+00,1.908363007148977704e+04,1.908363007148977704e+04,1.045587983395040983e-08
3.555083722952056213e+00,1.905919220890481301e+04,1.905919220890481301e+04,1.072278174918917627e-08
3.581439782153485130e+00,1.904010060915056965e+04,1.904010060915056965e+04,1.093952086186065426e-08
3.607298509171321221e+00,1.902094736301364173e+04,1.902094736301364173e+04,1.104832960721398762e-08
3.632599858237944179e+00,1.899669391924133743e+04,1.899669391924133743e+04,1.113903698880513767e-08
3.659927344753188816e+00,1.897447589390655776e+04,1.897447589390655776e+04,1.136777780315698271e-08
3.686745944406338626e+00,1.895690189037978780e+04,1.895690189037978780e+04,1.161672813255247217e-08
3.713102315809091003e+00,1.893245343254637191e+04,1.893245343254637191e+04,1.186454438738255525e-08
3.739176717992865218e+00,1.890808693975867209e+04,1.890808693975867209e+04,1.207736332592682773e-08
3.764854211958548191e+00,1.889024431634204302e+04,1.889024431634204302e+04,1.222586978241275344e-08
3.790132866559740243e+00,1.886967583502100752e+04,1.886967583502100752e+04,1.225909848074434451e-08
3.817272372605966968e+00,1.884379677945881122e+04,1.884379677945881122e+04,1.241925830939332392e-08
3.844069542309118237e+00,1.882223349990152929e+04,1.882223349990152929e+04,1.254348208213283760e-08
3.870585423643517764e+00,1.879832506217225819e+04,1.879832506217225819e+04,1.263123811630273780e-08
3.896918480682077579e+00,1.878124040011630132e+04,1.878124040011630132e+04,1.268508006621756972e-08
3.922825000860299394e+00,1.875703687158837420e+04,1.875703687158837420e+04,1.284518806932412671e-08
3.948444651692971874e+00,1.873201669587483775e+04,1.873201669587483775e+04,1.308550521650008926e-08
3.973725576624249634e+00,1.871333919620958841e+04,1.871333919620958841e+04,1.328914814615858233e-08
3.999098850797074167e+00,1.869388658151425989e+04,1.869388658151425989e+04,1.341027584650434472e-08
4.024283529584056218e+00,1.866872111731452242e+04,1.866872111731452242e+04,1.344264604178421766e-08
4.051259338111134589e+00,1.864460234796669101e+04,1.864460234796669101e+04,1.354615978339889273e-08
4.078068992476437948e+00,1.862721423173444055e+04,1.862721423173444055e+04,1.363136892714311610e-08
4.104728707651583264e+00,1.860363733859624699e+04,1.860363733859624699e+04,1.369999420694097019e-08
4.131047495560935978e+00,1.857776720623047004e+04,1.857776720623047004e+04,1.373535938745416554e-08
4.157415175330691604e+00,1.855461711478741199e+04,1.855461711478741199e+04,1.375913882968072986e-08
4.183655935357673883e+00,1.853795206711249921e+04,1.853795206711249921e+04,1.375216841130952310e-08
4.209403107261045385e+00,1.851383932385600201e+04,1.851383932385600201e+04,1.364894063154342383e-08
4.235373891298996440e+00,1.848833484140939254e+04,1.848833484140939254e+04,1.374131435001156618e-08
4.261038135306570496e+00,1.846908163259001958e+04,1.846908163259001958e+04,1.392477244219753289e-08
4.286922210890004692e+00,1.845019524870852911e+04,1.845019524870852911e+04,1.403898977125179531e-08
4.312755332712356449e+00,1.842477637046396558e+04,1.842477637046396558e+04,1.410619456993750522e-08
4.338566617526403491e+00,1.840113752199049850e+04,1.840113752199049850e+04,1.411189807356382198e-08
4.364163002489948262e+00,1.838578630509612412e+04,1.838578630509612412e+04,1.402667965237697968e-08
4.389875246769989303e+00,1.836354885479216318e+04,1.836354885479216318e+04,1.385588181491972321e-08
4.415373699137774111e+00,1.833994828442084327e+04,1.833994828442084327e+04,1.395850441706983177e-08
4.440979309604129455e+00,1.831533881682921128e+04,1.831533881682921128e+04,1.411624892025074499e-08
4.466646548835416120e+00,1.829980329042698577e+04,1.829980329042698577e+04,1.415910525456624467e-08
4.492330853422942027e+00,1.827751003937359201e+04,1.827751003937359201e+04,1.407716035610404194e-08
4.517938762850313594e+00,1.825222621285170680e+04,1.825222621285170680e+04,1.384698226666152021e-08
4.543359353924415700e+00,1.823396552086771044e+04,1.823396552086771044e+04,1.397960878332787315e-08
4.568951122578440049e+00,1.821543116438158177e+04,1.821543116438158177e+04,1.410549754489538426e-08
4.594653210030458901e+00,1.819016801313387623e+04,1.819016801313387623e+04,1.405682269191264801e-08
4.620320232794484561e+00,1.816928199348462294e+04,1.816928199348462294e+04,1.381934005470899818e-08
4.645809230020306657e+00,1.815347659665635001e+04,1.815347659665635001e+04,1.389383199986390853e-08
4.671452101224846665e+00,1.812857377506311605e+04,1.812857377506311605e+04,1.401544370661242317e-08
4.697271926416025423e+00,1.810626114039827735e+04,1.810626114039827735e+04,1.391480740816628337e-08
4.722985461451987277e+00,1.809167820966301952e+04,1.809167820966301952e+04,1.358684625074718162e-08
4.748603177171447420e+00,1.806723495010637635e+04,1.806723495010637635e+04,1.386173507148600423e-08
4.774520260754681722e+00,1.804419380435601488e+04,1.804419380435601488e+04,1.386617269214896114e-08
4.800403474176262897e+00,1.803022994145126358e+04,1.803022994145126358e+04,1.360360367059162817e-08
4.826155128112025849e+00,1.800612626215996352e+04,1.800612626215996352e+04,1.367838508103225436e-08
4.852182833134356166e+00,1.798279053233200830e+04,1.798279053233200830e+04,1.375011889832343945e-08
4.878258413884561939e+00,1.796914681505252156e+04,1.796914681505252156e+04,1.352651153639075797e-08
4.904261163443981886e+00,1.794520054252975751e+04,1.794520054252975751e+04,1.350369758518597699e-08
4.930395188567819886e+00,1.792349580934866754e+04,1.792349580934866754e+04,1.360497589178818994e-08
4.956685435047581301e+00,1.790277252710484026e+04,1.790277252710484026e+04,1.337797938151946739e-08
4.982891991064887449e+00,1.788784289648228514e+04,1.788784289648228514e+04,1.336262927281789008e-08
5.009301213961948385e+00,1.786302084517933690e+04,1.786302084517933690e+04,1.344116313950369604e-08
5.035776514198192721e+00,1.784261129784649165e+04,1.784261129784649165e+04,1.316703629253410573e-08
5.062170003368277271e+00,1.782742392770506558e+04,1.782742392770506558e+04,1.324281372505180347e-08
5.088921589100635856e+00,1.780250961403800466e+04,1.780250961403800466e+04,1.325105895669539883e-08
5.115666585394806454e+00,1.778301420299632446e+04,1.778301420299632446e+04,1.289288268087717809e-08
5.142384791823957357e+00,1.776709716729690626e+04,1.776709716729690626e+04,1.310896865008356267e-08
5.169381342443700511e+00,1.774214868748371373e+04,1.774214868748371373e+04,1.301588825307902316e-08
5.196336650791076650e+00,1.772421366985275745e+04,1.772421366985275745e+04,1.278484174382738969e-08
5.221385036684697667e+00,1.770773550665611765e+04,1.770773550665611765e+04,1.291107516661501670e-08
5.246428319667580276e+00,1.768425706226499096e+04,1.768425706226499096e+04,1.281209338441375419e-08
5.271789455350703868e+00,1.767302640012419579e+04,1.767302640012419579e+04,1.266973653603696282e-08
5.296998342414072525e+00,1.764987744604695035e+04,1.764987744604695035e+04,1.275684574754557411e-08
5.322470201552389923e+00,1.763193277779893469e+04,1.763193277779893469e+04,1.239677211117021911e-08
5.347967745401781769e+00,1.761636715799140802e+04,1.761636715799140802e+04,1.261280800438392509e-08
5.373506603118650915e+00,1.759278109511954972e+04,1.759278109511954972e+04,1.246335173314071176e-08
5.399310487373583989e+00,1.758176204418394991e+04,1.758176204418394991e+04,1.236313040362847554e-08
5.425037203167610400e+00,1.755866741874377476e+04,1.755866741874377476e+04,1.242292527335664563e-08
5.451027024831370582e+00,1.754086168313998496e+04,1.754086168313998496e+04,1.207860491297697814e-08
5.477085126501591184e+00,1.752527544626142844e+04,1.752527544626142844e+04,1.226741640499850056e-08
5.503185288437579814e+00,1.750344091405158542e+04,1.750344091405158542e+04,1.214158450235587858e-08
5.529564615283869777e+00,1.748502394441064826e+04,1.748502394441064826e+04,1.198683141244987150e-08
5.555942772199730761e+00,1.747142480742263433e+04,1.747142480742263433e+04,1.207787393102468954e-08
5.582573297398880641e+00,1.744748282558042774e+04,1.744748282558042774e+04,1.178736910312929553e-08
5.609331835114351961e+00,1.743641821843716389e+04,1.743641821843716389e+04,1.189003583506845517e-08
5.636127879002700070e+00,1.741382754328456213e+04,1.741382754328456213e+04,1.181303050414569135e-08
5.663245383261120480e+00,1.739456287184607572e+04,1.739456287184607572e+04,1.157839005534210671e-08
5.690433431374506412e+00,1.738046494143571908e+04,1.738046494143571908e+04,1.171169189217467650e-08
5.715456669507037013e+00,1.735787557428804212e+04,1.735787557428804212e+04,1.160886831085753894e-08
5.740709915675041408e+00,1.734833020015118382e+04,1.734833020015118382e+04,1.141864067154802846e-08
5.766022222757983151e+00,1.732520758548476806e+04,1.732520758548476806e+04,1.126168960224342352e-08
5.791575971022771441e+00,1.731544803147226412e+04,1.731544803147226412e+04,1.135912223868511495e-08
5.817106242711488129e+00,1.729321921639084758e+04,1.729321921639084758e+04,1.135912342082112430e-08
5.842723727083965812e+00,1.728112722255327026e+04,1.728112722255327026e+04,1.127854181539873056e-08
5.868510719432463496e+00,1.726148209218191550e+04,1.726148209218191550e+04,1.112378734941317831e-08
5.894373538531114676e+00,1.724436337168630780e+04,1.724436337168630780e+04,1.090732913716662320e-08
5.920388865739135476e+00,1.722979593717958051e+04,1.722979593717958051e+04,1.093830512379485755e-08
5.946569768441709591e+00,1.720894521958228142e+04,1.720894521958228142e+04,1.097566831299202159e-08
5.972849794554780267e+00,1.719805017933292766e+04,1.719805017933292766e+04,1.093757934374277156e-08
5.999326997484581092e+00,1.717529587388390792e+04,1.717529587388390792e+04,1.082903784270204375e-08
6.026061799193415780e+00,1.716599680848247226e+04,1.716599680848247226e+04,1.064791921433571451e-08
6.052923017636246961e+00,1.714277119815825790e+04,1.714277119815825790e+04,1.050058609991045731e-08
6.080136666646486887e+00,1.713310653741839997e+04,1.713310653741839997e+04,1.058146793865532712e-08
6.107357974096021991e+00,1.711078568948650718e+04,1.711078568948650718e+04,1.057013496767273085e-08
6.134706892557696634e+00,1.709853188459447119e+04,1.709853188459447119e+04,1.048161376550071050e-08
6.159737525650852419e+00,1.707973742704817414e+04,1.707973742704817414e+04,1.041750395022899924e-08
6.184876009112988626e+00,1.706846800561104101e+04,1.706846800561104101e+04,1.035358093992628268e-08
6.210122599840530278e+00,1.705092263939681652e+04,1.705092263939681652e+04,1.028970322225937190e-08
6.235481133632149842e+00,1.703159224205774444e+04,1.703159224205774444e+04,1.022564368263303595e-08
6.260960017435284186e+00,1.702308495394734928e+04,1.702308495394734928e+04,1.016113053204253943e-08
6.286571681251328592e+00,1.700146788860720335e+04,1.700146788860720335e+04,1.009592918976456518e-08
6.312329494534471230e+00,1.699284617118819733e+04,1.699284617118819733e+04,1.002992818763520635e-08
6.338248332731638790e+00,1.697134197642780782e+04,1.697134197642780782e+04,9.963144286670170661e-09
6.364340469820190194e+00,1.696258318093152411e+04,1.696258318093152411e+04,9.895723176800531076e-09
6.390613499645858120e+00,1.694115184002427486e+04,1.694115184002427486e+04,9.827873297869586112e-09
6.417070276530583151e+00,1.693227892953755872e+04,1.693227892953755872e+04,9.759793731169717067e-09
6.443710131680514763e+00,1.691087212485624696e+04,1.691087212485624696e+04,9.691633426229684442e-09
6.470530506910596280e+00,1.690193652277872388e+04,1.690193652277872388e+04,9.623484721320037857e-09
6.497528332499423520e+00,1.688051653173643717e+04,1.688051653173643717e+04,9.555396103840363739e-09
6.524698176761798862e+00,1.687156826014292528e+04,1.687156826014292528e+04,9.487378746756277385e-09
6.552032119087805029e+00,1.685011914912392240e+04,1.685011914912392240e+04,9.419417399666497864e-09
6.579534279650695261e+00,1.684118990417991154e+04,1.684118990417991154e+04,9.351536257764188745e-09
6.607209837982859213e+00,1.681969786481632764e+04,1.681969786481632764e+04,9.283761953526127026e-09
6.632266610469731205e+00,1.681153967307209678e+04,1.681153967307209678e+04,9.169459460274366677e-09
6.660288829733401528e+00,1.679133912435960883e+04,1.679133912435960883e+04,9.103336859613411548e-09
6.685431545916508789e+00,1.678189225530824478e+04,1.678189225530824478e+04,8.908894722849552599e-09
6.711015929695719251e+00,1.676761318358800781e+04,1.676761318358800781e+04,8.937372447475414659e-09
6.736778744439947175e+00,1.675282922459203110e+04,1.675282922459203110e+04,8.954287872308101838e-09
6.762617754786583113e+00,1.674358048608585887e+04,1.674358048608585887e+04,8.913202280513156811e-09
6.788546394785583971e+00,1.672384849238978131e+04,1.672384849238978131e+04,8.808369389056470463e-09
6.814408064288074662e+00,1.671673370108976087e+04,1.671673370108976087e+04,8.627405292764615035e-09
6.840700872618653783e+00,1.669516488982643932e+04,1.669516488982643932e+04,8.630609123832809660e-09
6.867232823536420838e+00,1.668831768269554595e+04,1.668831768269554595e+04,8.647888886596537476e-09
6.893812077065461175e+00,1.666720007238658218e+04,1.666720007238658218e+04,8.612600452563492228e-09
6.920505625690290152e+00,1.665943611722102651e+04,1.665943611722102651e+04,8.518724570588739612e-09
6.947169829416698583e+00,1.664123683758495827e+04,1.664123683758495827e+04,8.356591400392737517e-09
6.974196323063747371e+00,1.663041981136516551e+04,1.663041981136516551e+04,8.319449620207363233e-09
7.001507910351341124e+00,1.661826627873815232e+04,1.661826627873815232e+04,8.341006929112868748e-09
7.028875692259537900e+00,1.660253685345903068e+04,1.660253685345903068e+04,8.314271667998375396e-09
7.056329615803007549e+00,1.658495895409818331e+04,1.658495895409818331e+04,8.233601582054921978e-09
7.083766303088443017e+00,1.657645108917039033e+04,1.657645108917039033e+04,8.089772374145327011e-09
7.111465063507612427e+00,1.656015980136179132e+04,1.656015980136179132e+04,8.012951019085878691e-09
7.136587220125981901e+00,1.654801760005271353e+04,1.654801760005271353e+04,8.084317741476566527e-09
7.164711564539771871e+00,1.653950848623230922e+04,1.653950848623230922e+04,8.014078430423582167e-09
7.192891865256793693e+00,1.651901848648969462e+04,1.651901848648969462e+04,7.888728223495608445e-09
7.218193125188702375e+00,1.651315243562621981e+04,1.651315243562621981e+04,7.867699361673515912e-09
7.243977877640916496e+00,1.649284600396229507e+04,1.649284600396229507e+04,7.860877330270961360e-09
7.269389069862072006e+00,1.648565917102218373e+04,1.648565917102218373e+04,7.646584117913954747e-09
7.295670825214302546e+00,1.647471176038337944e+04,1.647471176038337944e+04,7.747898117190814811e-09
7.321714404305100565e+00,1.645777685223516892e+04,1.645777685223516892e+04,7.680724086939149815e-09
7.347483212817581766e+00,1.645185132262519255e+04,1.645185132262519255e+04,7.571088816954726590e-09
7.374048539132637359e+00,1.643105142087537388e+04,1.889518276592550319e+04,7.612037408146303913e-09
7.400150784528396919e+00,1.642449233232875122e+04,1.891462528706251760e+04,7.467927881601041105e-09
7.426697635254131846e+00,1.641216334330373502e+04,1.892046938407090420e+04,7.475470170893845339e-09
7.453710064819204284e+00,1.639658977379866337e+04,1.891795343402277285e+04,7.454774068231999905e-09
7.480246907485408769e+00,1.639043518555511764e+04,1.891007343503123047e+04,7.266947505202973130e-09
7.507778425980744963e+00,1.636932883285210664e+04,1.889800404170925322e+04,7.350648130149182633e-09
7.535076966487258332e+00,1.636316637167990302e+04,1.888185440675617792e+04,7.286038463588346269e-09
7.561994782338959276e+00,1.634792153817807412e+04,1.886340748735789748e+04,7.179364856723965710e-09
7.589929164605611511e+00,1.633524944145825793e+04,1.884054035814316376e+04,7.217679455249897871e-09
7.617452055272755373e+00,1.632846840630642328e+04,1.881548873261773406e+04,7.102259971022838925e-09
7.645145318067131157e+00,1.630773312514510872e+04,1.878711976890415099e+04,7.076294018221247244e-09
7.673761853492751861e+00,1.630175972691056995e+04,1.875484571849727217e+04,7.074912120306497154e-09
7.701469523475874546e+00,1.628334441915540083e+04,1.872044320593131488e+04,6.917825523691148503e-09
7.726626918351954920e+00,1.627451836287742117e+04,1.868594223136145956e+04,6.988729811290917399e-09
7.754834202434665258e+00,1.626783699699399949e+04,1.864274633597894717e+04,6.869224731551772799e-09
7.782912485910558509e+00,1.624707883930259050e+04,1.859508293613799469e+04,6.865154366388149609e-09
7.808109400747324180e+00,1.624193458613247640e+04,1.854470733602618566e+04,6.803315156049453205e-09
7.835972584636186511e+00,1.622900792867549171e+04,1.847643158377673899e+04,6.779543275108140371e-09
7.861560379737432491e+00,1.621479366313541686e+04,1.621479366313541686e+04,6.731279217772715474e-09
7.889235063364491651e+00,1.620931148492032298e+04,1.620931148492032298e+04,6.700701594353344942e-09
7.915083227492628382e+00,1.619061925205694024e+04,1.619061925205694024e+04,6.653743842810094631e-09
7.942958877649685334e+00,1.618324567816910894e+04,1.618324567816910894e+04,6.624189977315572231e-09
7.968625801073542902e+00,1.616754408159985178e+04,1.616754408159985178e+04,6.570507579264144535e-09
7.993733801424682817e+00,1.616032305195375739e+04,1.616032305195375739e+04,6.586444533396013964e-09
8.019046026966833551e+00,1.615503988434717758e+04,1.615503988434717758e+04,6.445059043445889610e-09
8.044791495909310086e+00,1.613526569627272693e+04,1.613526569627272693e+04,6.512739010766446040e-09
8.070106784323172633e+00,1.612930754864443588e+04,1.612930754864443588e+04,6.455431334205202020e-09
8.096241533838680837e+00,1.612310861990921694e+04,1.612310861990921694e+04,6.402730853625588602e-09
8.121750336473144927e+00,1.610351797046919091e+04,1.610351797046919091e+04,6.422288975564670960e-09
8.147051205842092969e+00,1.609836001111813675e+04,1.609836001111813675e+04,6.304413073925935232e-09
8.173612025393039104e+00,1.609095248748658196e+04,1.609095248748658196e+04,6.352409537340089490e-09
8.199308921583213561e+00,1.607216302190804345e+04,1.607216302190804345e+04,6.308027116299161859e-09
8.225819282601923632e+00,1.606724221350713924e+04,1.606724221350713924e+04,6.244899116053072575e-09
8.251678371404375767e+00,1.605821301774141830e+04,1.605821301774141830e+04,6.277485762058391531e-09
8.277698024861210868e+00,1.604097720212250533e+04,1.604097720212250533e+04,6.172315464027179355e-09
8.304600668454526158e+00,1.603622088187488407e+04,1.603622088187488407e+04,6.211558530481369351e-09
8.330586550046827909e+00,1.602446562130812526e+04,1.602446562130812526e+04,6.182011159339853245e-09
8.357805731340434363e+00,1.600969865447230950e+04,1.600969865447230950e+04,6.114269291597007998e-09
8.383922576918665825e+00,1.600516485204119090e+04,1.600516485204119090e+04,6.154792514550338970e-09
8.410173953872057240e+00,1.598937898866205433e+04,1.598937898866205433e+04,6.067098627264696692e-09
8.437260742564390625e+00,1.597870316903555067e+04,1.597870316903555067e+04,6.094326000583454691e-09
8.463424749879866482e+00,1.597410593972640163e+04,1.597410593972640163e+04,6.084354489054685515e-09
8.490637169123454342e+00,1.595513674221296787e+04,1.595513674221296787e+04,5.995414196654873925e-09
8.516907285236767322e+00,1.594777381485644401e+04,1.594777381485644401e+04,6.060976315462513196e-09
8.543013810045390954e+00,1.594303320956487551e+04,1.594303320956487551e+04,6.010817956953811175e-09
8.569799358248438637e+00,1.592346021083399137e+04,1.592346021083399137e+04,5.990312237583983086e-09
8.596125424906510659e+00,1.591698404815275717e+04,1.591698404815275717e+04,6.025250011383564932e-09
8.622134824073546255e+00,1.591207287739705680e+04,1.591207287739705680e+04,5.950932839851536052e-09
8.648804053214712795e+00,1.589215728910671896e+04,1.589215728910671896e+04,5.984734698264159128e-09
8.674972327344800505e+00,1.588628664049250619e+04,1.588628664049250619e+04,5.999511494335093030e-09
8.701911192408523732e+00,1.588084445206770215e+04,1.588084445206770215e+04,5.892631703443022122e-09
8.728137878242272052e+00,1.586087408138299179e+04,1.586087408138299179e+04,5.991474490217978361e-09
8.753653368923794531e+00,1.585561158140855514e+04,1.585561158140855514e+04,5.988769735861393163e-09
8.780386444261207401e+00,1.584994973046531595e+04,1.584994973046531595e+04,5.919799833753061166e-09
8.806366223281084871e+00,1.583002324196931659e+04,1.583002324196931659e+04,6.006680392342127642e-09
8.832125757933130927e+00,1.582492846646628823e+04,1.582492846646628823e+04,5.995628365477450264e-09
8.858454345178143896e+00,1.581904986626022583e+04,1.581904986626022583e+04,5.962306354575170642e-09
8.883712477939788243e+00,1.579935622764271284e+04,1.579935622764271284e+04,6.041115827963902527e-09
8.909302782240855478e+00,1.579436834065753646e+04,1.579436834065753646e+04,6.033746623518665451e-09
8.935341580154901209e+00,1.578839647908445841e+04,1.578839647908445841e+04,6.016343740336402404e-09
8.960438930384921008e+00,1.576868672698032242e+04,1.576868672698032242e+04,6.101525502250792293e-09
8.985711198124752386e+00,1.576380346283756080e+04,1.576380346283756080e+04,6.100129993141590052e-09
9.011410953619831687e+00,1.575773349360389511e+04,1.575773349360389511e+04,6.098093259320742469e-09
9.039289755681897631e+00,1.573800148981605889e+04,1.573800148981605889e+04,6.193725813431457050e-09
9.064968416443278443e+00,1.573256813141619932e+04,1.573256813141619932e+04,6.132562013585936550e-09
9.092668920168465618e+00,1.571491310114565567e+04,1.571491310114565567e+04,6.283687175871772441e-09
9.120760301299130290e+00,1.570963394938046986e+04,1.570963394938046986e+04,6.226037354823918108e-09
9.147848429502191792e+00,1.569964003076708468e+04,1.569964003076708468e+04,6.394790056123947722e-09
9.175337064157851330e+00,1.568222652288510108e+04,1.568222652288510108e+04,6.349285983135213854e-09
9.201791891261033030e+00,1.567746857842298050e+04,1.567746857842298050e+04,6.526640093925297815e-09
9.228559066316206483e+00,1.565779637183297746e+04,1.565779637183297746e+04,6.503514915114559229e-09
9.254083009342336297e+00,1.565024215791846473e+04,1.565024215791846473e+04,6.675349142624100632e-09
9.280288665795470848e+00,1.564459739963514039e+04,1.564459739963514039e+04,6.687547567789595829e-09
9.305299886878740878e+00,1.562362388450203252e+04,1.562362388450203252e+04,6.841222635630151909e-09
9.330308672099521416e+00,1.561836328501668686e+04,1.561836328501668686e+04,6.896918291470642172e-09
9.357786855487406186e+00,1.560785898087127498e+04,1.560785898087127498e+04,7.047697498314770878e-09
9.385054904323226310e+00,1.559004913402354578e+04,1.559004913402354578e+04,7.069239149657316050e-09
9.411201448057799013e+00,1.558469051476674758e+04,1.558469051476674758e+04,7.247348896135447604e-09
9.438051379256460649e+00,1.556248258091797652e+04,1.556248258091797652e+04,7.345681548876631952e-09
9.464068878348431468e+00,1.555679816287823996e+04,1.555679816287823996e+04,7.353308899531641833e-09
9.491581609336586567e+00,1.554118311192449619e+04,1.554118311192449619e+04,7.534365551603772240e-09
9.517272096688122573e+00,1.552818312558432626e+04,1.552818312558432626e+04,7.596380482552138241e-09
9.544749444743301225e+00,1.552106801267568699e+04,1.552106801267568699e+04,7.575485419420444728e-09
9.572118004516999790e+00,1.549922445922148290e+04,1.549922445922148290e+04,7.653005640325828345e-09
9.598858294986220230e+00,1.549375683598004980e+04,1.549375683598004980e+04,7.719481351522826189e-09
9.626174169605677733e+00,1.547097684722684062e+04,1.547097684722684062e+04,7.686639627421448122e-09
9.653036606658950802e+00,1.546514767271542587e+04,1.546514767271542587e+04,7.567076724263841600e-09
9.679979676898916807e+00,1.544732381126367363e+04,1.544732381126367363e+04,7.591785506639703209e-09
9.707002769763226624e+00,1.543637685537341167e+04,1.543637685537341167e+04,7.567177576452192466e-09
9.734427840421401967e+00,1.542856473540878687e+04,1.542856473540878687e+04,7.458101484463819893e-09
9.762327661478366281e+00,1.540758526973216431e+04,1.540758526973216431e+04,7.309671851953182102e-09
9.789039160722630584e+00,1.540240062934168964e+04,1.540240062934168964e+04,7.355813517502673511e-09
9.816585197255880857e+00,1.537964157444570628e+04,1.537964157444570628e+04,7.283859836439231711e-09
9.842046175130565899e+00,1.537449230895566143e+04,1.537449230895566143e+04,7.167102359808941918e-09
9.869595988090688721e+00,1.536181988397304485e+04,1.536181988397304485e+04,7.198813116697621325e-09
9.894964342167822835e+00,1.534633028170301259e+04,1.534633028170301259e+04,7.095235033356596338e-09
9.922627740715469713e+00,1.534084601417788872e+04,1.534084601417788872e+04,7.092918517121677377e-09
9.950080236632215858e+00,1.531811077254628981e+04,1.531811077254628981e+04,7.111720067937103396e-09
9.975454211927102577e+00,1.531340694913603329e+04,1.531340694913603329e+04,6.981615259305847926e-09
1.000290972122250821e+01,1.529915050098844767e+04,1.529915050098844767e+04,7.087534619511823369e-09
1.002867937632952433e+01,1.528595389109139251e+04,1.528595389109139251e+04,7.046955228258334289e-09
1.005708249726994907e+01,1.526898354595906130e+04,1.526898354595906130e+04,7.015152275973737596e-09
1.008439346295663341e+01,1.526125332662963046e+04,1.526125332662963046e+04,7.106251182156595748e-09
1.010942566809557341e+01,1.525511270832857190e+04,1.525511270832857190e+04,7.030734093834798565e-09
1.013646269503386321e+01,1.523327031161874947e+04,1.523327031161874947e+04,7.108850833463244844e-09
1.016389935123881827e+01,1.522837479458632333e+04,1.522837479458632333e+04,7.132959615915836369e-09
1.018896870245212050e+01,1.520778163757370567e+04,1.520778163757370567e+04,7.069418809706831939e-09
1.021529830675783934e+01,1.520039520676294524e+04,1.520039520676294524e+04,7.167685159435822742e-09
1.024044057557248166e+01,1.519428927086941076e+04,1.519428927086941076e+04,7.085733628854750589e-09
1.026714231750369954e+01,1.517233338035981615e+04,1.517233338035981615e+04,7.173427928027851900e-09
1.029426260738433996e+01,1.516751509611405345e+04,1.516751509611405345e+04,7.185563295583372069e-09
1.032157685689608329e+01,1.514527253009347078e+04,1.514527253009347078e+04,7.106606413304990689e-09
1.034784628008726060e+01,1.513906639806104249e+04,1.513906639806104249e+04,7.201617105401809622e-09
1.037468755373074636e+01,1.513033346242510743e+04,1.513033346242510743e+04,7.193719675412561449e-09
1.040153000229971347e+01,1.511055657161738236e+04,1.511055657161738236e+04,7.101493412858642871e-09
1.042736011929322260e+01,1.510583626592122710e+04,1.510583626592122710e+04,7.215812291508130365e-09
1.045348308235073631e+01,1.508309516106189949e+04,1.508309516106189949e+04,7.161480726080593380e-09
1.048007738269059530e+01,1.507771692506263207e+04,1.507771692506263207e+04,7.158692344318477023e-09
1.050561623375873666e+01,1.506788332363561494e+04,1.506788332363561494e+04,7.199321220658313312e-09
1.053159225347633132e+01,1.504950972251848725e+04,1.504950972251848725e+04,7.090084813449152601e-09
1.055714013587920164e+01,1.504486451201220370e+04,1.504486451201220370e+04,7.191818721603884774e-09
1.058313057970521065e+01,1.502199364668231829e+04,1.502199364668231829e+04,7.136172011261111536e-09
1.060911465396117315e+01,1.501688590602352815e+04,1.501688590602352815e+04,7.132634038307563872e-09
1.063439842796485557e+01,1.500774844607069826e+04,1.500774844607069826e+04,7.153976897905507537e-09
1.066040342518380513e+01,1.498871853453542099e+04,1.498871853453542099e+04,7.043224690714717560e-09
1.068558144375213104e+01,1.498430408050136430e+04,1.498430408050136430e+04,7.139308309629140964e-09
1.071157611896132700e+01,1.496157897931210937e+04,1.496157897931210937e+04,7.047973851745604623e-09
1.073700831000980571e+01,1.495632687508593517e+04,1.495632687508593517e+04,7.090110049221589594e-09
1.076259176191020295e+01,1.494876980232561800e+04,1.494876980232561800e+04,7.050065264407873652e-09
1.078848240013480364e+01,1.492819643283158621e+04,1.492819643283158621e+04,7.019376828063906387e-09
1.081352775417557410e+01,1.492401948139746492e+04,1.492401948139746492e+04,7.045796719763040959e-09
1.083936925082059233e+01,1.490228183024967257e+04,1.490228183024967257e+04,6.951471144219338596e-09
1.086675070641168972e+01,1.489561743772831687e+04,1.489561743772831687e+04,7.032785834799789851e-09
1.089244398303911865e+01,1.488887608125965744e+04,1.488887608125965744e+04,6.968224272179906240e-09
1.091811865284138783e+01,1.486753240134293083e+04,1.486753240134293083e+04,6.990323322732826294e-09
1.094323568307110150e+01,1.486346369838993269e+04,1.486346369838993269e+04,6.969026053199387636e-09
1.096894708800617124e+01,1.484277255519901701e+04,1.484277255519901701e+04,6.943197336831080908e-09
1.099620612525314733e+01,1.483558183951003775e+04,1.483558183951003775e+04,6.978890685759647241e-09
1.102227042155191583e+01,1.481728631237686022e+04,1.481728631237686022e+04,6.877237393435733427e-09
1.104987597089336582e+01,1.481158759227735754e+04,1.481158759227735754e+04,6.934834642001007100e-09
1.107488066260975224e+01,1.480443330263287498e+04,1.480443330263287498e+04,6.905156336657620396e-09
1.110034672212290374e+01,1.478363770600329372e+04,1.478363770600329372e+04,6.898163401428233143e-09
1.112728250345420911e+01,1.477930638328375790e+04,1.477930638328375790e+04,6.911230761870120950e-09
1.115319413344414379e+01,1.475716157709553772e+04,1.475716157709553772e+04,6.800863142630810253e-09
1.118016124374910802e+01,1.475101783738669110e+04,1.475101783738669110e+04,6.892959325744436846e-09
1.120559140500496298e+01,1.474497067445242283e+04,1.474497067445242283e+04,6.810144147228206169e-09
1.123367683929857819e+01,1.472263524101997427e+04,1.472263524101997427e+04,6.825038982823468776e-09
1.126036806134501411e+01,1.471841646013427453e+04,1.471841646013427453e+04,6.846388393512312729e-09
1.128619157388975935e+01,1.469628507405481650e+04,1.469628507405481650e+04,6.740977240850034920e-09
1.131297721216346908e+01,1.469018482339971706e+04,1.469018482339971706e+04,6.828686594564514793e-09
1.133865285470311512e+01,1.468437014706297305e+04,1.468437014706297305e+04,6.737486996428344068e-09
1.136598085727104390e+01,1.466190409326647023e+04,1.466190409326647023e+04,6.781715326425496671e-09
1.139320435135424070e+01,1.465771897049123982e+04,1.465771897049123982e+04,6.771945169245010499e-09
1.141835609262935769e+01,1.463655407802744958e+04,1.463655407802744958e+04,6.719931485404019696e-09
1.144511660640412387e+01,1.462956076590610428e+04,1.462956076590610428e+04,6.758995070290842583e-09
1.147054826217406109e+01,1.462464353642635615e+04,1.462464353642635615e+04,6.652059994253943430e-09
1.149713659914057473e+01,1.460147539358866015e+04,1.460147539358866015e+04,6.738610296189780950e-09
1.152239567722424063e+01,1.459771792063729845e+04,1.459771792063729845e+04,6.629720881485566259e-09
1.154956143816757930e+01,1.458311052893867600e+04,1.458311052893867600e+04,6.707378974842085159e-09
1.157647183305962457e+01,1.456918447323829605e+04,1.456918447323829605e+04,6.658966161228876132e-09
1.160379045698219080e+01,1.456443041120262205e+04,1.456443041120262205e+04,6.631300991069374245e-09
1.163013548399109176e+01,1.454093327404590673e+04,1.454093327404590673e+04,6.665847502187896982e-09
1.165569773826343258e+01,1.453710405833448567e+04,1.453710405833448567e+04,6.582666231071230258e-09
1.168220472660864573e+01,1.452676611143667469e+04,1.452676611143667469e+04,6.648649483076060480e-09
1.170950813297598714e+01,1.450866874866471335e+04,1.450866874866471335e+04,6.557450100916887487e-09
1.173626196504997665e+01,1.450446513716544541e+04,1.450446513716544541e+04,6.618612474949872567e-09
1.176291936797632154e+01,1.448078894995512383e+04,1.448078894995512383e+04,6.569121956148585651e-09
1.179006001448256313e+01,1.447642586357214168e+04,1.447642586357214168e+04,6.558418201017612507e-09
1.181625018299460095e+01,1.446836196573059897e+04,1.446836196573059897e+04,6.571658087173312504e-09
1.184343042815909008e+01,1.444810943834086720e+04,1.444810943834086720e+04,6.487735058428436754e-09
1.186966859980341482e+01,1.444423748729739964e+04,1.444423748729739964e+04,6.564013765626719266e-09
1.189689109721983051e+01,1.442123444850067608e+04,1.442123444850067608e+04,6.469434231794078324e-09
1.192341512799116465e+01,1.441631553884711502e+04,1.441631553884711502e+04,6.540655848650369584e-09
1.195054327219755663e+01,1.439712358586194750e+04,1.439712358586194750e+04,6.479799515043476933e-09
1.197799697740691727e+01,1.439272639235781753e+04,1.439272639235781753e+04,6.483728616764965652e-09
1.200417492041423806e+01,1.438530169528418446e+04,1.438530169528418446e+04,6.483584784878894736e-09
1.202961696334121378e+01,1.436467554419213593e+04,1.436467554419213593e+04,6.461901082029060437e-09
1.205600804836454643e+01,1.436097844026532221e+04,1.436097844026532221e+04,6.463548586169058787e-09
1.208113043879951576e+01,1.434242110174091795e+04,1.434242110174091795e+04,6.443881381932784665e-09
1.210750500412038022e+01,1.433291698866334445e+04,1.433291698866334445e+04,6.438802769314269206e-09
1.213281122483564900e+01,1.432898824740949021e+04,1.432898824740949021e+04,6.424851168104111795e-09
1.215917636573695404e+01,1.430515956412097876e+04,1.430515956412097876e+04,6.414642840707957752e-09
1.218433424748012861e+01,1.430145797376565315e+04,1.430145797376565315e+04,6.409727708807678586e-09
1.221070684436674725e+01,1.429476438373894780e+04,1.429476438373894780e+04,6.387340075694360235e-09
1.223758324924796881e+01,1.427321775166705629e+04,1.427321775166705629e+04,6.368913674834961767e-09
1.226348457030877803e+01,1.426970259062632613e+04,1.426970259062632613e+04,6.372765917205703375e-09
1.228857574520470486e+01,1.425289988739514592e+04,1.575345712754185661e+04,6.366492318207020675e-09
1.231462088805027832e+01,1.424170687537761296e+04,1.584606942435584642e+04,6.337769118643993654e-09
1.234174524358889613e+01,1.423760471704632619e+04,1.589571734030856169e+04,6.331349322867378508e-09
1.236789018272820151e+01,1.421374616184313345e+04,1.592807630728764525e+04,6.325912455075437220e-09
1.239504852015299718e+01,1.420990166400329690e+04,1.595267603454303935e+04,6.294195337538532556e-09
1.242072161861355006e+01,1.420307905380593729e+04,1.597000431808327630e+04,6.307239481436071970e-09
1.244798700260302127e+01,1.418171182250582751e+04,1.598373979928999506e+04,6.265715704635288567e-09
1.247377292880364408e+01,1.417830816044349558e+04,1.599289746597158955e+04,6.289604889225642668e-09
1.249882269881971553e+01,1.416165444550943721e+04,1.599880482943103016e+04,6.277853973802576875e-09
1.252464835669484167e+01,1.415037577944620534e+04,1.600223014899428381e+04,6.247385539370597711e-09
1.255145942425908778e+01,1.414654945437895367e+04,1.600316742043690647e+04,6.260734113468808427e-09
1.257729357344898879e+01,1.412275597872739127e+04,1.600174897486662121e+04,6.224141693000033386e-09
1.260429540193529441e+01,1.411876522658902286e+04,1.599800511857761012e+04,6.243653680125455482e-09
1.263014555347300671e+01,1.411328549725698394e+04,1.599237836272424829e+04,6.203139017193924109e-09
1.265688840563018935e+01,1.409064240335290015e+04,1.598452246170347644e+04,6.232011481674868527e-09
1.268299660709548426e+01,1.408737624614507149e+04,1.597492209379123778e+04,6.182321482085782014e-09
1.270936475357258466e+01,1.407420680088734298e+04,1.596336561617869484e+04,6.222739571270391333e-09
1.273564024582041654e+01,1.405919531601768540e+04,1.595000628598703770e+04,6.159735053849174287e-09
1.276128027932909603e+01,1.405581412420113702e+04,1.593521989929512893e+04,6.215117532392147082e-09
1.278785781949982869e+01,1.403226144160757212e+04,1.591804950110231948e+04,6.133325330762371048e-09
1.281359262314189351e+01,1.402782649280279111e+04,1.589965233617957165e+04,6.203023668744387766e-09
1.284024892181627209e+01,1.402352270729302836e+04,1.587873216440163378e+04,6.110603643255666728e-09
1.286543814629132676e+01,1.399989043488756943e+04,1.585718094849306181e+04,6.186044219051632106e-09
1.289216048038130857e+01,1.399656398311284465e+04,1.583238290527252684e+04,6.113506211046702546e-09
1.291730826713682134e+01,1.399016763247060953e+04,1.580719544803847020e+04,6.165455181573416599e-09
1.294390821719934515e+01,1.396901769535083986e+04,1.577850737072694392e+04,6.146970177207667688e-09
1.296904210340326458e+01,1.396431069883848977e+04,1.574939720104345542e+04,6.143161598753672293e-09
1.299518143995452135e+01,1.394589697424360384e+04,1.571695790840296468e+04,6.177772004628781190e-09
1.302061273109280748e+01,1.394286259151118793e+04,1.568317245353422732e+04,6.122416782293519720e-09
1.304595295154572732e+01,1.393361939215147504e+04,1.564719829473387654e+04,6.190708379088956341e-09
1.307181765963024134e+01,1.391482901311804562e+04,1.560795964874597666e+04,6.102433559112070133e-09
1.309684350420334020e+01,1.391175086779586672e+04,1.556739263810097327e+04,6.183673666924704631e-09
1.312270341993706424e+01,1.389350186094642231e+04,1.552253695735958172e+04,6.162919976204358475e-09
1.314941864550440087e+01,1.388351320180662333e+04,1.547286214320285580e+04,6.189498482996887384e-09
1.317537904315523178e+01,1.388005124430588148e+04,1.542094356464385601e+04,6.194488930527182645e-09
1.320208006165801429e+01,1.385559786037289632e+04,1.536331731058457990e+04,6.203679328370375134e-09
1.322715961509463511e+01,1.385224267674162911e+04,1.530470289614392095e+04,6.239736444466301814e-09
1.325382402214769328e+01,1.384718867249863615e+04,1.523673489437515309e+04,6.217626867898969184e-09
1.328092115622134983e+01,1.382382896186370090e+04,1.515956781701936234e+04,6.269403947431446516e-09
1.330716776505966692e+01,1.382072728901150731e+04,1.507348994620620033e+04,6.262099409477808504e-09
1.333412776339777039e+01,1.380597371227059375e+04,1.496157362186422324e+04,6.313104569458284312e-09
1.336000812074282962e+01,1.379228183955205714e+04,1.379228183955205714e+04,6.316929735163444044e-09
1.338654769238116948e+01,1.378879193645142004e+04,1.378879193645142004e+04,6.376578596776626341e-09
1.341208189507065640e+01,1.376450573932175575e+04,1.376450573932175575e+04,6.383040959106451016e-09
1.343784264852096300e+01,1.376074892620229548e+04,1.376074892620229548e+04,6.464433183585289750e-09
1.346334783478836528e+01,1.375611005980550726e+04,1.375611005980550726e+04,6.465296319790031930e-09
1.348850918946287081e+01,1.373243324210558785e+04,1.373243324210558785e+04,6.571695649163132090e-09
1.351448318675792315e+01,1.372933795830755298e+04,1.372933795830755298e+04,6.579389977361672981e-09
1.354208854016653163e+01,1.371322729407617044e+04,1.371322729407617044e+04,6.681804927608151904e-09
1.356801930575217341e+01,1.370042276077020142e+04,1.370042276077020142e+04,6.773525741832842321e-09
1.359451740071811798e+01,1.369650176061653110e+04,1.369650176061653110e+04,6.811615210340440719e-09
1.362150878215165761e+01,1.367139881889764547e+04,1.367139881889764547e+04,7.031799707527899815e-09
1.364699045284529078e+01,1.366821145935852837e+04,1.366821145935852837e+04,7.117003210469111662e-09
1.367349062628758638e+01,1.365059110359137958e+04,1.365059110359137958e+04,7.318735002243310469e-09
1.370016606788469105e+01,1.363874867161172187e+04,1.363874867161172187e+04,7.616523082392664743e-09
1.372518187906310416e+01,1.363363380961656185e+04,1.363363380961656185e+04,7.873156314828763229e-09
1.375066512401118679e+01,1.360936572336447171e+04,1.360936572336447171e+04,8.306568154051366878e-09
1.377729623574853868e+01,1.360458371035307573e+04,1.360458371035307573e+04,9.174276860502602753e-09
1.380346120069317806e+01,1.357817999056540066e+04,1.357817999056540066e+04,1.187611800329327022e-08
1.381399922196505869e+01,1.357565011065171893e+04,1.357565011065171893e+04,1.957758959743609733e-08
1.382005566190912660e+01,1.357332379714429044e+04,1.357332379714429044e+04,3.115374603373792514e-08
1.382425393034561978e+01,1.356926361571698726e+04,1.356926361571698726e+04,5.128047086144490601e-08
1.382731082788421162e+01,1.355220654203593222e+04,1.355220654203593222e+04,8.299823439742485613e-08
1.383337316337200029e+01,1.354190375613528340e+04,1.354190375613528340e+04,5.088973677496501139e-08
1.385857857569158824e+01,1.351378560180483692e+04,1.351378560180483692e+04,6.562753038810772984e-08
1.388409868552761495e+01,1.349330519870973694e+04,1.403442056002645222e+04,4.663148274128321702e-08
1.390782177795167840e+01,1.348415871063603299e+04,1.443817424938997647e+04,2.929692860684976482e-08
1.393366477227966271e+01,1.346309964792336541e+04,1.488341852298373306e+04,1.890353318794750052e-08
1.395917786403504834e+01,1.345450889630025631e+04,1.521221091158618219e+04,1.302534515130507016e-08
1.398527425683198722e+01,1.343269392781120041e+04,1.547457662041051844e+04,9.874984838080941192e-09
1.401135881155282803e+01,1.342429806315540918e+04,1.569594437460070185e+04,9.852765710789567265e-09
1.403746371073582644e+01,1.340223204936777984e+04,1.589049854329363734e+04,9.814973180277890264e-09
1.406367082706423233e+01,1.339418647839271580e+04,1.606579622204668703e+04,9.752130703392187171e-09
1.408878608972528568e+01,1.337199309154184448e+04,1.621863518911795836e+04,9.683534447303335503e-09
1.411392773077916019e+01,1.336655985565893570e+04,1.635882025555598557e+04,9.607680533449387140e-09
1.413942612228441753e+01,1.334200262758979443e+04,1.648923626212293311e+04,9.538544772766005503e-09
1.416533906050686831e+01,1.333743935657288785e+04,1.661073760807035796e+04,9.474912521707536082e-09
1.419114929719858509e+01,1.331188001350891318e+04,1.672171578167823827e+04,9.426704416838296051e-09
1.421722394730942440e+01,1.330786142663347164e+04,1.682507697183307755e+04,9.370743973130992718e-09
1.424336650053465192e+01,1.328167844468586554e+04,1.692111130704977040e+04,9.294521082425420660e-09
1.426923770624435228e+01,1.327813356239261520e+04,1.701005654708875227e+04,9.160698890722046198e-09
1.429560316438089806e+01,1.325158014284907586e+04,1.709564415261102840e+04,8.987864976248801555e-09
1.432106073011403780e+01,1.324845009061391102e+04,1.717443553097736003e+04,8.927954123949655612e-09
1.434696684787978249e+01,1.322267338942724746e+04,1.725152146362353596e+04,8.874594164749204941e-09
1.437292327479244669e+01,1.321866477789149758e+04,1.732622222796877759e+04,8.856955515273810809e-09
1.439881993019089990e+01,1.320308315721694999e+04,1.739857726398708837e+04,8.816294510538428811e-09
1.442410351041996819e+01,1.318891232246462823e+04,1.746754717989033088e+04,8.617147952900355307e-09
1.445038871570680783e+01,1.318321474535847847e+04,1.753749414260757112e+04,8.560637726140995173e-09
1.447584691224088971e+01,1.315940393591500288e+04,1.760360226471492570e+04,8.535910496420249236e-09
1.450101285021049868e+01,1.315595112636507110e+04,1.766743385750172456e+04,8.530353208498477811e-09
1.452694034478546747e+01,1.312969854961947385e+04,1.773152340414611899e+04,8.345589740444631091e-09
1.455252874587264600e+01,1.312681305049541515e+04,1.779293837514233383e+04,8.301989580765865830e-09
1.457849766688919324e+01,1.310267878805703185e+04,1.785329799767078293e+04,8.300210742692534323e-09
1.460371279110679588e+01,1.309730836570151951e+04,1.790985059662037020e+04,8.227321039477000747e-09
1.462925072401635873e+01,1.309186464728462306e+04,1.796507789635019799e+04,8.111028716172389990e-09
1.465430484086180662e+01,1.306865241444485218e+04,1.801712228550158397e+04,8.114713074641992240e-09
1.467997622853415152e+01,1.305985566332089365e+04,1.806810213239174118e+04,8.043467329060593348e-09
1.470591275838313372e+01,1.304458572875918071e+04,1.811704349286838624e+04,7.931160679417536087e-09
1.473138646591798206e+01,1.304107946776679819e+04,1.816285367122064054e+04,7.931469433912648935e-09
1.475753102673734318e+01,1.301523276688961232e+04,1.820711852775327861e+04,7.862491553713916755e-09
1.478387144610382009e+01,1.301239574063927284e+04,1.824926026355603244e+04,7.754292308630494819e-09
1.480977429127321088e+01,1.298829735254775733e+04,1.828799657236638086e+04,7.751761623072825737e-09
1.483640821549048816e+01,1.298305026311357142e+04,1.832506744127030834e+04,7.686029639602899362e-09
1.486171979580830182e+01,1.297853474898258537e+04,1.835774665913838544e+04,7.588233888166719738e-09
1.488799775999763497e+01,1.295401504313068472e+04,1.838906905519439897e+04,7.598920547337147851e-09
1.491459997794120618e+01,1.295100197145260063e+04,1.841795546092421137e+04,7.459780336346074323e-09
1.494089782726232229e+01,1.292543439825091809e+04,1.844371908082756636e+04,7.431156622268720309e-09
1.496759066052978326e+01,1.292191087048319787e+04,1.846715198425405106e+04,7.437329687068764798e-09
1.499329115749742769e+01,1.291630522682320407e+04,1.848694483862520792e+04,7.314216479055157943e-09
1.501931891579047651e+01,1.289298161821105532e+04,1.850413803653045397e+04,7.313919218377386534e-09
1.504516802691824395e+01,1.289013267074706164e+04,1.851859989086697169e+04,7.203198589527024566e-09
1.507082396261375656e+01,1.286531834866005556e+04,1.853005402873323328e+04,7.190374590118938472e-09
1.509746709049328217e+01,1.286118646954345968e+04,1.853897711546735081e+04,7.149423370890047815e-09
1.512279931353594087e+01,1.285733008041885296e+04,1.854465029512371257e+04,7.076087001957544002e-09
1.514876408582974676e+01,1.283233530095948845e+04,1.854744743135472891e+04,7.069511453547420687e-09
1.517425358631716570e+01,1.282988091089506270e+04,1.854716965598662864e+04,6.978525874429475148e-09
1.520057254220841436e+01,1.281584534831308156e+04,1.854364631688718146e+04,6.983963329269645934e-09
1.522577324791636322e+01,1.280104471314664988e+04,1.853706761762266615e+04,6.886437777528144125e-09
1.525231921577731953e+01,1.279810318664515944e+04,1.852682559218321330e+04,6.893574880427889811e-09
1.527798123832061350e+01,1.277240376701510831e+04,1.851338210843936395e+04,6.795763129735622526e-09
1.530360140780517142e+01,1.276966816686192396e+04,1.849643484241285478e+04,6.801108291648758660e-09
1.532940058472989264e+01,1.276556523719738470e+04,1.847560424375883304e+04,6.712093715654446933e-09
1.535646028006955000e+01,1.274084859912901629e+04,1.844977566979354742e+04,6.715774955458902133e-09
1.538248576760468822e+01,1.273842443180436931e+04,1.842079006872318496e+04,6.625479526220871445e-09
1.540831795336391963e+01,1.272637241595716478e+04,1.838787342335405265e+04,6.622816213486131970e-09
1.543332823755253180e+01,1.270986038013280631e+04,1.835206772765381174e+04,6.555907107538997995e-09
1.546022887388071787e+01,1.270710868836479858e+04,1.830905587261994515e+04,6.515253222934480390e-09
1.548588804921715756e+01,1.268233745677225306e+04,1.826361109840648351e+04,6.483985305295911182e-09
1.551272295071995089e+01,1.267853309781276221e+04,1.821158657862434484e+04,6.409538345169501866e-09
1.553935450694162235e+01,1.267537129728611399e+04,1.815556580452663547e+04,6.410749742477050345e-09
1.556610811020367535e+01,1.265022086705886250e+04,1.809499265455937712e+04,6.341466112266030540e-09
1.559273346378136438e+01,1.264740185918989664e+04,1.803083855228830726e+04,6.345222351489534382e-09
1.561790318634471220e+01,1.262727281376998144e+04,1.796716044762676393e+04,6.280359667142898303e-09
1.564319232124744374e+01,1.262495815828315244e+04,1.790097815360021923e+04,6.283977935628869903e-09
1.566890780472547284e+01,1.262157427826720232e+04,1.783197202017773452e+04,6.224059605110763526e-09
1.569456002767091718e+01,1.259640495186674161e+04,1.776213328372372052e+04,6.171619378854232804e-09
1.571999837035496306e+01,1.259427961707247050e+04,1.769292768418005653e+04,6.189969854034948804e-09
1.574586731633256242e+01,1.258997770221619794e+04,1.762347350701632240e+04,6.121091222158559717e-09
1.577320116338315614e+01,1.256563436332531637e+04,1.755138973961801457e+04,6.123440508165117461e-09
1.579928472070150747e+01,1.256345146225515964e+04,1.748461738947691265e+04,6.067631365996927013e-09
1.582566981756867364e+01,1.255598435143376810e+04,1.741953378038907977e+04,6.015471397571804842e-09
1.585164281098808559e+01,1.253495827030718101e+04,1.735788898702745792e+04,6.036551662740018983e-09
1.587772756486235792e+01,1.253269222048561824e+04,1.729850772791263080e+04,5.975238694333332766e-09
1.590311500628177299e+01,1.252349016181384286e+04,1.724303882739859546e+04,5.950751295219753796e-09
1.592880817849483321e+01,1.250438632508596129e+04,1.718945996516633022e+04,5.950908772224489030e-09
1.595517786835717189e+01,1.250208513975384449e+04,1.713693970464007361e+04,5.897625007223252636e-09
1.598166023869466024e+01,1.248956011936966388e+04,1.708616102047458480e+04,5.906016245984088879e-09
1.600686905264172921e+01,1.247378073730766846e+04,1.703958304041307201e+04,5.870270434666306459e-09
1.603349066641799681e+01,1.247144940996026708e+04,1.699259726461210812e+04,5.824921462091403417e-09
1.606045359582746102e+01,1.245513762950625096e+04,1.694619689502222172e+04,5.845303829494580206e-09
1.608712563653545047e+01,1.244299500300699037e+04,1.690190907208927820e+04,5.791673456890235813e-09
1.611233784385039414e+01,1.244081531761341466e+04,1.686080275205454745e+04,5.756806305719962369e-09
1.613899110863680875e+01,1.242211075268574859e+04,1.681811473153085171e+04,5.786326253388788010e-09
1.616431151953558398e+01,1.241257157446970996e+04,1.677786456507834737e+04,5.740702321198424889e-09
1.618993408580167781e+01,1.241037823406232383e+04,1.673713633437879253e+04,5.707981683425979447e-09
1.621656840592525128e+01,1.239339334112524739e+04,1.669377982199201506e+04,5.740850126981587796e-09
1.624188654986128100e+01,1.238214858989754794e+04,1.665118444599840586e+04,5.701734211839556060e-09
1.626719535453537446e+01,1.238001744230280383e+04,1.660590948606874008e+04,7.668639871740577165e-09
1.629233700272844843e+01,1.236900656958401123e+04,1.655605926879067192e+04,1.111483924544459541e-08
1.631764211597636205e+01,1.235189939801966830e+04,1.649895835894826450e+04,1.594853478510135222e-08
1.634337356828102372e+01,1.234978053561978777e+04,1.643169920552519034e+04,2.034619178475973383e-08
1.636895293637970639e+01,1.234151647846217747e+04,1.635830235659895880e+04,2.346378821476544146e-08
1.639436205664374313e+01,1.232152590526306267e+04,1.628516966864129790e+04,2.609804220550752077e-08
1.642001534535145524e+01,1.231947280869704628e+04,1.620275719299931006e+04,2.855866531801397080e-08
1.644505201326390065e+01,1.231357082581738723e+04,1.612180101621964241e+04,3.105366454358986586e-08
1.647034098209020314e+01,1.229115387786386600e+04,1.603791774334469847e+04,3.394893138697563404e-08
1.649581586803684630e+01,1.228918715453571531e+04,1.594986523625165682e+04,3.655582123808805655e-08
1.652145403570682092e+01,1.228452481057232944e+04,1.585648528781267669e+04,3.897085057354867054e-08
1.654654136851705459e+01,1.226074775749676519e+04,1.576188195764137163e+04,4.093179792553119326e-08
1.657204966756079045e+01,1.225880929075302447e+04,1.566432999251167530e+04,4.244884833276758347e-08
1.659710244066928908e+01,1.225522021114660492e+04,1.556969889130542106e+04,4.325566699608763099e-08
1.662262412482736806e+01,1.223034223074540569e+04,1.546804300791977221e+04,4.401396850965198458e-08
1.664778149973324162e+01,1.222841241838849783e+04,1.536710152426013519e+04,4.394415011915608304e-08
1.667311874847916897e+01,1.222525504037875544e+04,1.527298378641266572e+04,4.351862935919650232e-08
1.669848558118294335e+01,1.220038189018130288e+04,1.517635404592633131e+04,4.267889311557958805e-08
1.672376436365100361e+01,1.219809639567909107e+04,1.507751947420142460e+04,4.245559515882014642e-08
1.674921981200238363e+01,1.217875293194987353e+04,1.498011902892826583e+04,4.170715202523630738e-08
1.677455619087933059e+01,1.217555883666107002e+04,1.488609227729142913e+04,4.111899436102973199e-08
1.680005030378177722e+01,1.217323207595638632e+04,1.479645446839535725e+04,4.044821547333171044e-08
1.682520193259959385e+01,1.214825527703372973e+04,1.470520230923795134e+04,4.042376051531523907e-08
1.685044645705227495e+01,1.214499545170647252e+04,1.461326055014591839e+04,4.100747372639175164e-08
1.687557839141315696e+01,1.214266544565200275e+04,1.451998820722103846e+04,4.262073211619355992e-08
1.690077397729039532e+01,1.211746084530798726e+04,1.442008432744756828e+04,4.595866899557714980e-08
1.692609877073959979e+01,1.211432967193036893e+04,1.431070426268578194e+04,5.301747257579308808e-08
1.695123375547678179e+01,1.211184647129947189e+04,1.416905990043801648e+04,7.345347518211754163e-08
1.696259750666736466e+01,1.210729909530496116e+04,1.407856907395930284e+04,1.171440525899087607e-07
1.696673998418854623e+01,1.210203409233479215e+04,1.403022456943647558e+04,1.865273389210604721e-07
1.696900500685849167e+01,1.209676384013887400e+04,1.398699520930070685e+04,2.975515363462331619e-07
1.697132000711052413e+01,1.208861826208421371e+04,1.392424033385207440e+04,4.726580261755596333e-07
1.697390309016071441e+01,1.208692633788390594e+04,1.382592099534987392e+04,7.504233373165580241e-07
1.697490702231439386e+01,1.208642528716480956e+04,1.376324525865105352e+04,1.200014445524776656e-06
1.697537021087861930e+01,1.208621214730959582e+04,1.371598909469873615e+04,1.902230287870478015e-06
1.697563123596321333e+01,1.208608951796551628e+04,1.367903776568261310e+04,3.052424044894178130e-06
1.697577017836733404e+01,1.208601732355856620e+04,1.364752604412532855e+04,4.890939980194269356e-06
1.697584483343631589e+01,1.208597127711070789e+04,1.361975289916618749e+04,7.764317452387506271e-06
1.697588712214424689e+01,1.208593806578752810e+04,1.359544667003333052e+04,1.251205570287018623e-05
1.697591094477445850e+01,1.208591235564406088e+04,1.357547340185767462e+04,2.031056901036250301e-05
1.697592338376757937e+01,1.208589269008650990e+04,1.355801152336648738e+04,3.231662512606424213e-05
1.697593010957452364e+01,1.208587651843757158e+04,1.354275843874389648e+04,5.164712200117545378e-05
1.697593405215778617e+01,1.208586142572902281e+04,1.352904709174226628e+04,8.390992556325442911e-05
1.697593620248754220e+01,1.208584753187609385e+04,1.351769528726993667e+04,1.401136003417958933e-04
1.697593728512338984e+01,1.208583548415857149e+04,1.350692820497223511e+04,2.273448449030975830e-04
1.697593789108804785e+01,1.208582371255483122e+04,1.349798498878492683e+04,3.827360161270632294e-04
1.697593818453893988e+01,1.208581375331966956e+04,1.348869434182858822e+04,6.122230634642377269e-04
1.697593835922773664e+01,1.208580338900640163e+04,1.348084257755659019e+04,1.027892262482324589e-03
1.697593837589887400e+01,1.208580198657558321e+04,1.347989359833765047e+04,1.102991114926813506e-03
1.697593839552327566e+01,1.208580017364813648e+04,1.347870290068315990e+04,1.207855431066986009e-03
1.697593841343727661e+01,1.208579833629804853e+04,1.347753101811958550e+04,1.329501922506360441e-03
1.697593843563316440e+01,1.208579574190946005e+04,1.347593394281839755e+04,1.527742701726870307e-03
1.697593846243713855e+01,1.208579195513590093e+04,1.347371236095140193e+04,1.876984273373440799e-03
1.697593848720992682e+01,1.208578746999996656e+04,1.347124790370502524e+04,2.421992140271383032e-03
1.697593851158347533e+01,1.208578140288448958e+04,1.346713133183941136e+04,3.412587946144164663e-03
1.697593853044025636e+01,1.208577444118624226e+04,1.346169240291273672e+04,5.044920291661681398e-03
1.697593854529498358e+01,1.208576565417352504e+04,1.345554483899872866e+04,8.388634141905824612e-03
1.697593855403315999e+01,1.208575710735240318e+04,1.345015268422105873e+04,1.385039615693665731e-02
1.697593855970469079e+01,1.208574830257993199e+04,1.344510892146761580e+04,2.218623432262051623e-02
1.697593856389211098e+01,1.208573824947461435e+04,1.343981963669057586e+04,3.614731216047302464e-02
1.697593856749383434e+01,1.208572492709256221e+04,1.343007352452578561e+04,6.085280880699572847e-02
1.697593857070369339e+01,1.208570727845652436e+04,1.341849136501161411e+04,9.809331778972218974e-02
1.697593857487026270e+01,1.208567572603044209e+04,1.339734092370274630e+04,1.582237110446490791e-01
1.697593858163905267e+01,1.208560824469919316e+04,1.334927741781454824e+04,2.513587130495041899e-01
1.697593859059490384e+01,1.208546643831183792e+04,1.325084113808527582e+04,3.995560829344557696e-01
1.697593860040248259e+01,1.208516709917658409e+04,1.307163177629985876e+04,6.337678378300674042e-01
1.697593861297492523e+01,1.208432904774319286e+04,1.208432904774319286e+04,1.004984188935851730e+00
1.697593862874245119e+01,1.208021376260176112e+04,1.208021376260176112e+04,1.594538992039491676e+00
1.697593863858372387e+01,1.202011429683146343e+04,1.202011429683146343e+04,9.982614453875361393e-01
1.697593865446657091e+01,1.192708301847878829e+04,1.192708301847878829e+04,6.718911315341601354e-01
1.697593867036413329e+01,1.189252185253382231e+04,1.189252185253382231e+04,5.555304967661518489e-01
1.697593868627680891e+01,1.187807325866321298e+04,1.187807325866321298e+04,4.201040815407071083e-01
1.697593870215587586e+01,1.186982433557619515e+04,1.186982433557619515e+04,3.091161035206831942e-01
1.697593871806232357e+01,1.186144859152027857e+04,1.186144859152027857e+04,2.250711697053578153e-01
1.697593873403613429e+01,1.185332701774543966e+04,1.185332701774543966e+04,1.652117047661615101e-01
1.697593874993218677e+01,1.185060646986738539e+04,1.185060646986738539e+04,1.226416381384312915e-01
1.697593876591663431e+01,1.184983963064379168e+04,1.184983963064379168e+04,9.603035876409184157e-02
1.697593878200168405e+01,1.184946758304287141e+04,1.184946758304287141e+04,7.636224830376060757e-02
1.697593879820888318e+01,1.184918624774463206e+04,1.184918624774463206e+04,6.207101852071596898e-02
1.697593881435887297e+01,1.184891990344429723e+04,1.184891990344429723e+04,5.022943131503197767e-02
1.697593883055994013e+01,1.184857244893465213e+04,1.184857244893465213e+04,4.288927004089326117e-02
1.697593884648086160e+01,1.184817486942920186e+04,1.184817486942920186e+04,3.774184220361315178e-02
1.697593886235201310e+01,1.184778302841366167e+04,1.184778302841366167e+04,3.316687749606977986e-02
1.697593887828834980e+01,1.184741176789622841e+04,1.184741176789622841e+04,2.937766480426819843e-02
1.697593889499279030e+01,1.184704994163872652e+04,1.184704994163872652e+04,2.592423360599980728e-02
1.697593891176232717e+01,1.184671340618334034e+04,1.184671340618334034e+04,2.310782755316516390e-02
1.697593892881698707e+01,1.184639514380096807e+04,1.184639514380096807e+04,2.123043867602911194e-02
1.697593894499000911e+01,1.184611144595492442e+04,1.184611144595492442e+04,1.944094863864699249e-02
1.697593896089237475e+01,1.184584453368473442e+04,1.184584453368473442e+04,1.770746899092446452e-02
1.697593897794655504e+01,1.184556486577500618e+04,1.184556486577500618e+04,1.617520663228767461e-02
1.697593899479000612e+01,1.184528939675694164e+04,1.184528939675694164e+04,1.509166327626267588e-02
1.697593901113092940e+01,1.184502019240578556e+04,1.184502019240578556e+04,1.407209322929859133e-02
1.697593902861477844e+01,1.184473049269995863e+04,1.184473049269995863e+04,1.311650442631070654e-02
1.697593904529525588e+01,1.184411619918564975e+04,1.184411619918564975e+04,1.232541859373203000e-02
1.697593906292207322e+01,1.184332867550945775e+04,1.184332867550945775e+04,1.171899617176806914e-02
1.697593907929533330e+01,1.184265177942486298e+04,1.184265177942486298e+04,1.122484729225459860e-02
1.697593909606707285e+01,1.184201038850696568e+04,1.184201038850696568e+04,1.057791968421747247e-02
1.697593911414299228e+01,1.184137357344941120e+04,1.184137357344941120e+04,9.861748805449153596e-03
1.697593913082507200e+01,1.184083105905213233e+04,1.184083105905213233e+04,9.514331563799304989e-03
1.697593914791179870e+01,1.184031499555662413e+04,1.184031499555662413e+04,9.131911920487229342e-03
1.697593916553713456e+01,1.183981873438329967e+04,1.183981873438329967e+04,8.537053642570079787e-03
1.697593918157718562e+01,1.183939355471898125e+04,1.183939355471898125e+04,8.361338134985019099e-03
1.697593920059821215e+01,1.183891466410600333e+04,1.183891466410600333e+04,7.925832885449526910e-03
1.697593921799569117e+01,1.183849313547982638e+04,1.183849313547982638e+04,7.552990261569961748e-03
1.697593923564209106e+01,1.183807333235139231e+04,1.183807333235139231e+04,7.347557175092692301e-03
1.697593925402846438e+01,1.183763466676797361e+04,1.183763466676797361e+04,6.895048201153559063e-03
1.697593927346211373e+01,1.183715818409933308e+04,1.183715818409933308e+04,6.788315953305463710e-03
1.697593929294033899e+01,1.183665591875564860e+04,1.183665591875564860e+04,6.381673429580450238e-03
1.697593930999877543e+01,1.183618849254400084e+04,1.183618849254400084e+04,6.307437806053068849e-03
1.697593932681926177e+01,1.183569903221999448e+04,1.183569903221999448e+04,5.949189357443304682e-03
1.697593934459243670e+01,1.183515145131800273e+04,1.183515145131800273e+04,5.896636452918353234e-03
1.697593936284807725e+01,1.183456123058917365e+04,1.183456123058917365e+04,5.625682709096880077e-03
1.697593938126983559e+01,1.183394568024220644e+04,1.183394568024220644e+04,5.497379196075606426e-03
1.697593940127473644e+01,1.183326682460445409e+04,1.183326682460445409e+04,5.308172596744754196e-03
1.697593942085045171e+01,1.183260463894699751e+04,1.183260463894699751e+04,5.116340370176443789e-03
1.697593943713552633e+01,1.183206323343907388e+04,1.183206323343907388e+04,5.048379009773723905e-03
1.697593945804938897e+01,1.183138867983311320e+04,1.183138867983311320e+04,4.765615525386711522e-03
1.697593947428647709e+01,1.183088519816064399e+04,1.183088519816064399e+04,4.743280509602089585e-03
1.697593949161982607e+01,1.183036980216202210e+04,1.183036980216202210e+04,4.631037098822118198e-03
1.697593950858669842e+01,1.182988866242777294e+04,1.182988866242777294e+04,4.427994089717232976e-03
1.697593952620795932e+01,1.182941392169795836e+04,1.182941392169795836e+04,4.404810000161809257e-03
1.697593954470886501e+01,1.182894267644082174e+04,1.182894267644082174e+04,4.292283215031470096e-03
1.697593956302563711e+01,1.182850287294780355e+04,1.182850287294780355e+04,4.114108950455051469e-03
1.697593958221903776e+01,1.182806942943313697e+04,1.182806942943313697e+04,4.089397591025992727e-03
1.697593960196316942e+01,1.182765130406465687e+04,1.182765130406465687e+04,3.975283619526166941e-03
1.697593962165338866e+01,1.182726067467789835e+04,1.182726067467789835e+04,3.822403755822157724e-03
1.697593964265271183e+01,1.182687110089034650e+04,1.182687110089034650e+04,3.795270449121889312e-03
1.697593966373480967e+01,1.182650600778597800e+04,1.182650600778597800e+04,3.678543861565836733e-03
1.697593968490405913e+01,1.182616359712221492e+04,1.182616359712221492e+04,3.551304969086697093e-03
1.697593970765276694e+01,1.182582046385635294e+04,1.182582046385635294e+04,3.521260451539527572e-03
1.697593973023075620e+01,1.182550320108801861e+04,1.182550320108801861e+04,3.402015210489563700e-03
1.697593975307130165e+01,1.182520383268389742e+04,1.182520383268389742e+04,3.299445769928732557e-03
1.697593976918267344e+01,1.182500471428001401e+04,1.182500471428001401e+04,3.284134648553302394e-03
1.697593978576886187e+01,1.182480941366043771e+04,1.182480941366043771e+04,3.236503488254530506e-03
1.697593980189806473e+01,1.182462835685216123e+04,1.182462835685216123e+04,3.143863288838031830e-03
1.697593981842444677e+01,1.182445136665153586e+04,1.182445136665153586e+04,3.070072468942039359e-03
1.697593983515877625e+01,1.182428042161267513e+04,1.182428042161267513e+04,3.059149256403805462e-03
1.697593985334850686e+01,1.182410349883778690e+04,1.182410349883778690e+04,3.026281794855690838e-03
1.697593987059999066e+01,1.182394375023612702e+04,1.182394375023612702e+04,2.953097204637844010e-03
1.697593988836733203e+01,1.182378694261660348e+04,1.182378694261660348e+04,2.856838595106940722e-03
1.697593990602497627e+01,1.182363843794909008e+04,1.182363843794909008e+04,2.847796020020877412e-03
1.697593992528244300e+01,1.182348435303967381e+04,1.182348435303967381e+04,2.826120037865444828e-03
1.697593994396533645e+01,1.182334230091347126e+04,1.182334230091347126e+04,2.769930564313015896e-03
1.697593996304562225e+01,1.182320440019334455e+04,1.182320440019334455e+04,2.674838091050328430e-03
1.697593998189218567e+01,1.182307495007846774e+04,1.182307495007846774e+04,2.650592795608414879e-03
1.697594000212431098e+01,1.182294311926450246e+04,1.182294311926450246e+04,2.635959572894840293e-03
1.697594002250360745e+01,1.182281745956435589e+04,1.182281745956435589e+04,2.593780497498361041e-03
1.697594004266867529e+01,1.182269986299748962e+04,1.182269986299748962e+04,2.514956689835624003e-03
1.697594006316721860e+01,1.182258691826481117e+04,1.182258691826481117e+04,2.467076836588653291e-03
1.697594008427276790e+01,1.182247731125720384e+04,1.182247731125720384e+04,2.456505919821789369e-03
1.697594010661809349e+01,1.182236837474972708e+04,1.182236837474972708e+04,2.425246537370573646e-03
1.697594012809462427e+01,1.182227030593593554e+04,1.182227030593593554e+04,2.360709550299981262e-03
1.697594015026679060e+01,1.182217562249068760e+04,1.182217562249068760e+04,2.296425281321384532e-03
1.697594017244880860e+01,1.182208731378047196e+04,1.182208731378047196e+04,2.288021426938907730e-03
1.697594019642306051e+01,1.182199877757555805e+04,1.182199877757555805e+04,2.265424703491804564e-03
1.697594021948557241e+01,1.182192006970474176e+04,1.182192006970474176e+04,2.213298993881535493e-03
1.697594024342023644e+01,1.182184473970099680e+04,1.182184473970099680e+04,2.137739564117014865e-03
1.697594026706838477e+01,1.182177630540131213e+04,1.182177630540131213e+04,2.130626353867509561e-03
1.697594029260710258e+01,1.182170864772650930e+04,1.182170864772650930e+04,2.114094731858823500e-03
1.697594031750430688e+01,1.182164847951405682e+04,1.182164847951405682e+04,2.072205444079234030e-03
1.697594034303649480e+01,1.182159221938020164e+04,1.182159221938020164e+04,2.000492777153668657e-03
1.697594036836600040e+01,1.182154135653014055e+04,1.182154135653014055e+04,1.984050509788655957e-03
1.697594039544307165e+01,1.182149189538811152e+04,1.182149189538811152e+04,1.971686757137617197e-03
1.697594042242005585e+01,1.182144711756706056e+04,1.182144711756706056e+04,1.938230919252968438e-03
1.697594044947382841e+01,1.182140619475813401e+04,1.182140619475813401e+04,1.876890001482582485e-03
1.697594047692632557e+01,1.182136825901114207e+04,1.182136825901114207e+04,1.847685821677318369e-03
1.697594050537711396e+01,1.182133227455112501e+04,1.182133227455112501e+04,1.838154900569502698e-03
1.697594053469131836e+01,1.182129828028257180e+04,1.182129828028257180e+04,1.811491877897132086e-03
1.697594056348441072e+01,1.182126752711885638e+04,1.182126752711885638e+04,1.759235380944538770e-03
1.697594059331958150e+01,1.182123805227331104e+04,1.182123805227331104e+04,1.720870068740481835e-03
1.697594062335804566e+01,1.182121050509604720e+04,1.182121050509604720e+04,1.713144347070740198e-03
1.697594063962393207e+01,1.182119637906796379e+04,1.182119637906796379e+04,1.704885315929971805e-03
1.697594067048957811e+01,1.182117093085678607e+04,1.182117093085678607e+04,1.672351381990055778e-03
1.697594070207292205e+01,1.182114653132152307e+04,1.182114653132152307e+04,1.615364543646400242e-03
1.697594071796268977e+01,1.182113481601973399e+04,1.182113481601973399e+04,1.602969334583568628e-03
1.697594074987528501e+01,1.182111230543298552e+04,1.182111230543298552e+04,1.596472542464317428e-03
1.697594076709506794e+01,1.182110067447551228e+04,1.182110067447551228e+04,1.589985607007350990e-03
1.697594078399473005e+01,1.182108958732010251e+04,1.182108958732010251e+04,1.579111476360162917e-03
1.697594080043791820e+01,1.182107908638083427e+04,1.182107908638083427e+04,1.562907640124554373e-03
1.697594081695538648e+01,1.182106881216770853e+04,1.182106881216770853e+04,1.540870930347407143e-03
1.697594083401168064e+01,1.182105847384304616e+04,1.182105847384304616e+04,1.513093777809391624e-03
1.697594085140532272e+01,1.182104819222101287e+04,1.182104819222101287e+04,1.493351782844096589e-03
1.697594086822765291e+01,1.182103849420778897e+04,1.182103849420778897e+04,1.490977177395804093e-03
1.697594088553166003e+01,1.182102875223481897e+04,1.182102875223481897e+04,1.487764656308343753e-03
1.697594090359310570e+01,1.182101882614284659e+04,1.182101882614284659e+04,1.482576067257463260e-03
1.697594092189649118e+01,1.182100900329567776e+04,1.182100900329567776e+04,1.473606266889478100e-03
1.697594093963162010e+01,1.182099970094338642e+04,1.182099970094338642e+04,1.459859191474185665e-03
1.697594095729449037e+01,1.182099063795027178e+04,1.182099063795027178e+04,1.440750527033822373e-03
1.697594097541864144e+01,1.182098153541687316e+04,1.182098153541687316e+04,1.416187642461253426e-03
1.697594099450633465e+01,1.182097215415748906e+04,1.182097215415748906e+04,1.391404975361480766e-03
1.697594101261253385e+01,1.182096344511361167e+04,1.182096344511361167e+04,1.389364453999355825e-03
1.697594103106677821e+01,1.182095474212204317e+04,1.182095474212204317e+04,1.386557739931126637e-03
1.697594105016689170e+01,1.182094591781040981e+04,1.182094591781040981e+04,1.382232137946364349e-03
1.697594106996608332e+01,1.182093695494894564e+04,1.182093695494894564e+04,1.374649610518361700e-03
1.697594108908033661e+01,1.182092846934512818e+04,1.182092846934512818e+04,1.362803456968876038e-03
1.697594110799534661e+01,1.182092022963045929e+04,1.182092022963045929e+04,1.346045196779289618e-03
1.697594112731394844e+01,1.182091196661810136e+04,1.182091196661810136e+04,1.324147025431089220e-03
1.697594114757064432e+01,1.182090346038012467e+04,1.182090346038012467e+04,1.297355486616522937e-03
1.697594116716146928e+01,1.182089537886443941e+04,1.182089537886443941e+04,1.294914983924730627e-03
1.697594118681811182e+01,1.182088741471536196e+04,1.182088741471536196e+04,1.292444904350832082e-03
1.697594120711584509e+01,1.182087932585070666e+04,1.182087932585070666e+04,1.288746587114022882e-03
1.697594122851594989e+01,1.182087094511711439e+04,1.182087094511711439e+04,1.282234609110261946e-03
1.697594124910427738e+01,1.182086301902562082e+04,1.182086301902562082e+04,1.271925717172111767e-03
1.697594126937224601e+01,1.182085533558507450e+04,1.182085533558507450e+04,1.257127430093224517e-03
1.697594128999611485e+01,1.182084763842665598e+04,1.182084763842665598e+04,1.237510024654873021e-03
1.697594131153592301e+01,1.182083972367295246e+04,1.182083972367295246e+04,1.213227621484657022e-03
1.697594133275404005e+01,1.182083204245944762e+04,1.182083204245944762e+04,1.207106702596996532e-03
1.697594135376406399e+01,1.182082454340559343e+04,1.182082454340559343e+04,1.204911074257124020e-03
1.697594137541375403e+01,1.182081692380906316e+04,1.182081692380906316e+04,1.201663608532687298e-03
1.697594139849914185e+01,1.182080891026628706e+04,1.182080891026628706e+04,1.195951902376278303e-03
1.697594142065012335e+01,1.182080132822675841e+04,1.182080132822675841e+04,1.186841876634332077e-03
1.697594144237476144e+01,1.182079398060009953e+04,1.182079398060009953e+04,1.173623489337251866e-03
1.697594146442338570e+01,1.182078661557058695e+04,1.182078661557058695e+04,1.155901007402205128e-03
1.697594148738671649e+01,1.182077902944994457e+04,1.182077902944994457e+04,1.133753540042237423e-03
1.697594151035364263e+01,1.182077152892040613e+04,1.182077152892040613e+04,1.125462167612456283e-03
1.697594153286502916e+01,1.182076425468617890e+04,1.182076425468617890e+04,1.123491035676792800e-03
1.697594155601955990e+01,1.182075684490457388e+04,1.182075684490457388e+04,1.120567746162715430e-03
1.697594158053541591e+01,1.182074907156554764e+04,1.182074907156554764e+04,1.115522769177792074e-03
1.697594160433823163e+01,1.182074159042499741e+04,1.182074159042499741e+04,1.107374321667554517e-03
1.697594162765377490e+01,1.182073432135756593e+04,1.182073432135756593e+04,1.095435833585651966e-03
1.697594165124909793e+01,1.182072701187160965e+04,1.182072701187160965e+04,1.079302315528768994e-03
1.697594167577187463e+01,1.182071946504983862e+04,1.182071946504983862e+04,1.058988871286293838e-03
1.697594170060419572e+01,1.182071186413991745e+04,1.182071186413991745e+04,1.049567670068775370e-03
1.697594172475405827e+01,1.182070450316561619e+04,1.182070450316561619e+04,1.047785820090962232e-03
1.697594174955413493e+01,1.182069697047338923e+04,1.182069697047338923e+04,1.045110482690236441e-03
1.697594177566096008e+01,1.182068906288470316e+04,1.182068906288470316e+04,1.040550704244838772e-03
1.697594180120282203e+01,1.182068133566723191e+04,1.182068133566723191e+04,1.033139915292613379e-03
1.697594182621054060e+01,1.182067377290938202e+04,1.182067377290938202e+04,1.022221744821292340e-03
1.697594185147984547e+01,1.182066612703017381e+04,1.182066612703017381e+04,1.007391877304651944e-03
1.697594187771504437e+01,1.182065817426909780e+04,1.182065817426909780e+04,9.886229618461868807e-04
1.697594372238247473e+01,1.181980368904171155e+04,1.181980368904171155e+04,6.144547498016531212e-04
1.697594664402800291e+01,1.181851546586445875e+04,1.181851546586445875e+04,3.817732712254365518e-04
1.697595155517095478e+01,1.181687184368075395e+04,1.181687184368075395e+04,2.385523030209738481e-04
1.697595888425514232e+01,1.181457116965018758e+04,1.181457116965018758e+04,1.501572765554444445e-04
1.697597069891811472e+01,1.180230831004945867e+04,1.180230831004945867e+04,9.432954112236184173e-05
1.697599082318333430e+01,1.179356389651524296e+04,1.179356389651524296e+04,5.904947429737756709e-05
1.697602262038181209e+01,1.179158974985827263e+04,1.179158974985827263e+04,3.699636854955004595e-05
1.697607180994546638e+01,1.179098376332445514e+04,1.179098376332445514e+04,2.328993025657004475e-05
1.697615771003528451e+01,1.178940388953392358e+04,1.178940388953392358e+04,1.463124387958402098e-05
1.697629298775727236e+01,1.178716505781486012e+04,1.178716505781486012e+04,9.189339088838399740e-06
1.697651604278468795e+01,1.177949441248616313e+04,1.213896094175413600e+04,5.719394060161369816e-06
1.697687862362915112e+01,1.176918266772020615e+04,1.306629887820662952e+04,3.538739463363942317e-06
1.697749038843362968e+01,1.176755618271976164e+04,1.379085760445182314e+04,2.198468684127426058e-06
1.697846022999892313e+01,1.176577282365893006e+04,1.426725605276638817e+04,1.386876119261714432e-06
1.698000724746641055e+01,1.175852629655922829e+04,1.462318149742311289e+04,8.690073466542273159e-07
1.698254329993931577e+01,1.174536140651538153e+04,1.495681844731017372e+04,5.464474441340242419e-07
1.698626556582499703e+01,1.174404091693897499e+04,1.523326470101718769e+04,3.439330559877728194e-07
1.698668603300288282e+01,1.174338036576392005e+04,1.525665291647314552e+04,5.506692159088118295e-07
1.698699961314575191e+01,1.174219075798163067e+04,1.527334150703258638e+04,9.160982599129850916e-07
1.698720035886002577e+01,1.173974515932273061e+04,1.528367169976912010e+04,1.470660916966077554e-06
1.698762927867018391e+01,1.172057342557104676e+04,1.530496403032576563e+04,9.002453975446183719e-07
1.698785317982266463e+01,1.171634877735177724e+04,1.531586093918701954e+04,5.454792313834141764e-07
1.698823783651216957e+01,1.171623078493670619e+04,1.533418906193706789e+04,3.288261578692447944e-07
1.699240286057748150e+01,1.171540664313498382e+04,1.550070955734777272e+04,2.047659239300028757e-07
1.700013644190523010e+01,1.169043245644729359e+04,1.571603082587643075e+04,1.269221901113671814e-07
1.700268629167801748e+01,1.168735759623701051e+04,1.577213232711343517e+04,2.084227701786571412e-07
1.700321110822033077e+01,1.168559219263040541e+04,1.578300203992186471e+04,3.326503219496894269e-07
1.700360340142398385e+01,1.168387951496825008e+04,1.579092955049023658e+04,5.491078127470008201e-07
1.700402592759162701e+01,1.168168579021909500e+04,1.579925139139022212e+04,8.772424971357751902e-07
1.700483040194958662e+01,1.166459939637386742e+04,1.581485025654414312e+04,5.444130779904993982e-07
1.700542235267814561e+01,1.165747341589856660e+04,1.582623580222856617e+04,3.250360158160434010e-07
1.700593714070324225e+01,1.165712764913436877e+04,1.583602540245734781e+04,1.924656990787544676e-07
1.700679481404187143e+01,1.165707054313057233e+04,1.585215973615619077e+04,1.207092642300859955e-07
1.701060988438391774e+01,1.165595160433141245e+04,1.591999565714841810e+04,7.591283234703864862e-08
1.702176288522424130e+01,1.162658266554938200e+04,1.609191538134543043e+04,1.204945395468286848e-07
1.702389324101160639e+01,1.162380349206604296e+04,1.612147432727771047e+04,1.973768827265288289e-07
1.702839902630892510e+01,1.159728570053072144e+04,1.618150372873307060e+04,1.213235890595125875e-07
1.703199082933999975e+01,1.159588474188532200e+04,1.622778863276573429e+04,7.587304488162154558e-08
1.704603877073327212e+01,1.156408833389890788e+04,1.639761999168436523e+04,1.231661077246119605e-07
1.705661909919912489e+01,1.153442938991507435e+04,1.651596038286665862e+04,7.588855985219006816e-08
1.707795200199699437e+01,1.147653228239343844e+04,1.674059913378137207e+04,1.213791379983276547e-07
1.708845219213498723e+01,1.144710220718930213e+04,1.684408149137552755e+04,7.640013928048336392e-08
1.711064718499512693e+01,1.141350839731365159e+04,1.705158625566647606e+04,1.252783387872728939e-07
1.711303241744017001e+01,1.140916666586353676e+04,1.707266886705306752e+04,1.989517988606887616e-07
1.711778445514449132e+01,1.138541466176980975e+04,1.711415227642712853e+04,1.248275603373175601e-07
1.712159594495059167e+01,1.138446487074321340e+04,1.714721388599211059e+04,7.734468677348288729e-08
1.714662295173487649e+01,1.132775273026341165e+04,1.735568960004057226e+04,7.014670692842497014e-08
1.714940581401359765e+01,1.132500399612207912e+04,1.737769256526355093e+04,1.134859646928822050e-07
1.715180684805232048e+01,1.132367412714797865e+04,1.739639318666580948e+04,1.812022606998845047e-07
1.715991418116293232e+01,1.129660510139244070e+04,1.745827799472860352e+04,1.128570735067062556e-07
1.716297893926996565e+01,1.129589469531701798e+04,1.748148941278636630e+04,7.077853300604392557e-08
1.718812599600373758e+01,1.124922172764607240e+04,1.766445631420344580e+04,6.331854488186156525e-08
1.719458485198079245e+01,1.124050490990156686e+04,1.770915136642807556e+04,1.012626278015695872e-07
1.719685388739694787e+01,1.123964860516583394e+04,1.772448918254294040e+04,1.635111386382004534e-07
1.719902238160679175e+01,1.123810983374114585e+04,1.773901707536263348e+04,2.627825120106587264e-07
1.720103458944905483e+01,1.122970579597144388e+04,1.775219846173200858e+04,4.204342242146030333e-07
1.720259204875733161e+01,1.121186831071652523e+04,1.776214049663158949e+04,6.676145278502637867e-07
1.720481703133488693e+01,1.120961941994437439e+04,1.777560377691326357e+04,1.067337457497365426e-06
1.720553980812437445e+01,1.120827436341876637e+04,1.777962239619152388e+04,6.481463186825462176e-07
1.720585705917194375e+01,1.120753460540527885e+04,1.778143127431128596e+04,3.983802684282211235e-07
1.720646084843536983e+01,1.120667921288467733e+04,1.778499429689225144e+04,2.509169697983695176e-07
1.720746595439085525e+01,1.120645128142706744e+04,1.779129014806880150e+04,1.477854268710294234e-07
1.720924958985868969e+01,1.119904033014451488e+04,1.780285983121716708e+04,9.191210543494528384e-08
1.721138000827337322e+01,1.118126829624013772e+04,1.781667253378557507e+04,5.781920259645429843e-08
1.723665981366771405e+01,1.114943246239145810e+04,1.797608033524253187e+04,5.557200597931595655e-08
1.726185378872778742e+01,1.111102519350640068e+04,1.812471683639933326e+04,5.819495171772876236e-08
1.728693656043886762e+01,1.105842406061776819e+04,1.826363567705806418e+04,5.476825439052050306e-08
1.731202351248531457e+01,1.102372072920643404e+04,1.839447226147666879e+04,5.374834664371170491e-08
1.733707264933602232e+01,1.096771842993975770e+04,1.851811050413809426e+04,4.988307449270578536e-08
1.736210735997795851e+01,1.093489307924080822e+04,1.863539259523160945e+04,5.645208668197368407e-08
1.738018393908883752e+01,1.090351961565600504e+04,1.871578763245719892e+04,8.958150001522731030e-08
1.738157832993557150e+01,1.090063908074166466e+04,1.872174177570629399e+04,1.454807832815899734e-07
1.738245691156670958e+01,1.089532938316009677e+04,1.872545127721257813e+04,2.336465639655440837e-07
1.738309635381387253e+01,1.088696360951541465e+04,1.872808505731316109e+04,3.818814338370698140e-07
1.738367445228811192e+01,1.088109276942398174e+04,1.873038162152264704e+04,6.054953273639485159e-07
1.738445391880033952e+01,1.087828811920366388e+04,1.873320097609743607e+04,1.017747668141858460e-06
1.738453057890949438e+01,1.087811335249135482e+04,1.873340264375923289e+04,1.780822169130230483e-06
1.738457249414488004e+01,1.087801960535010949e+04,1.873347611316201073e+04,3.020311231468757658e-06
1.738459872263894823e+01,1.087795758458952514e+04,1.873348813331151541e+04,5.269156312270033479e-06
1.738461421005929353e+01,1.087791594556854943e+04,1.873346402087369279e+04,9.047299458688159334e-06
1.738462273210405584e+01,1.087788843418541001e+04,1.873342456415725246e+04,1.436008437369069853e-05
1.738462900255668941e+01,1.087786288943907311e+04,1.873337195520200112e+04,2.353062035659691281e-05
1.738463326164310985e+01,1.087783945987691732e+04,1.873330838604774181e+04,3.833480391381585646e-05
1.738463653905219530e+01,1.087781308085027922e+04,1.873322393833254318e+04,6.581000688655929743e-05
1.738463847139857776e+01,1.087778884157124412e+04,1.873313844263921419e+04,1.052895399348846860e-04
1.738463980865917691e+01,1.087776155857568119e+04,1.873303643781078790e+04,1.737766522654025491e-04
1.738464060003470024e+01,1.087773326862293288e+04,1.873292784078867044e+04,2.882460052070015826e-04
1.738464100943648560e+01,1.087770672663827099e+04,1.873282260020026661e+04,4.700400216640638999e-04
1.738464122644520060e+01,1.087768064411467094e+04,1.873271735961186278e+04,7.635450649648982836e-04
1.738464130840693045e+01,1.087766335293574775e+04,1.873264600724794946e+04,1.067760714773342574e-03
1.738464132494089753e+01,1.087765861536002922e+04,1.873262507965892655e+04,1.238005019063759824e-03
1.738464135073346384e+01,1.087764966306506540e+04,1.873258680516364257e+04,1.654193307029541964e-03
1.738464136922071290e+01,1.087764142887273738e+04,1.873255172244701680e+04,2.175834495342045347e-03
1.738464138792125269e+01,1.087763031035118365e+04,1.873250228132775010e+04,3.176223434864222043e-03
1.738464140388209600e+01,1.087761632826665846e+04,1.873244088216216187e+04,5.156747085906985238e-03
1.738464141376117311e+01,1.087760287638017508e+04,1.873238046460052283e+04,8.196940401344688168e-03
1.738464142190225914e+01,1.087758439396817630e+04,1.873229591378739133e+04,1.499401313895431381e-02
1.738464142650046185e+01,1.087756569265300459e+04,1.873221038122922619e+04,2.544566326311005836e-02
1.738464143001569795e+01,1.087753930154880618e+04,1.873208975839078994e+04,4.423217560917500069e-02
1.738464143244170756e+01,1.087750524737617525e+04,1.873193718830362559e+04,7.140768805221324456e-02
1.738464143447950860e+01,1.087745818524942842e+04,1.873173634021323596e+04,1.141827525689610295e-01
1.738464143674051954e+01,1.087738731198382266e+04,1.873144771863080678e+04,1.822841761730459309e-01
1.738464144142929158e+01,1.087718211836084993e+04,1.873069655858406259e+04,2.893893956987096949e-01
1.738464144712523662e+01,1.087667598574628391e+04,1.872918271672815899e+04,4.597791819034278693e-01
1.738464145362676305e+01,1.087485462825775903e+04,1.872597493852833941e+04,7.330708515296719963e-01
1.738464146950722267e+01,1.083268043733145350e+04,1.871250260280940347e+04,9.470651898016744230e-01
1.738464147857742859e+01,1.081613316158615999e+04,1.870583428468347483e+04,5.954039703051104970e-01
1.738464148908009577e+01,1.080636211157440812e+04,1.870081531471250855e+04,3.735809068735663763e-01
1.738464149933707503e+01,1.080458371623960556e+04,1.869800092006158593e+04,2.347753552873349248e-01
1.738464150858597179e+01,1.080308001371419596e+04,1.869657505329007108e+04,1.477578452875501491e-01
1.738464151807856339e+01,1.080192489404781008e+04,1.869572937133999221e+04,9.309494641387018599e-02
1.738464152852339240e+01,1.080079253692634848e+04,1.869518185325925151e+04,5.843905973005609350e-02
1.738464154059061428e+01,1.079972854941779406e+04,1.869480431105535899e+04,3.662675424433247534e-02
1.738464155601759131e+01,1.079793101589616708e+04,1.869451200910804982e+04,2.307146321613419426e-02
1.738464157204603922e+01,1.079573600024570442e+04,1.869432030526630842e+04,1.560180074801375237e-02
1.738464158799739323e+01,1.079293342661391762e+04,1.869418679222997162e+04,1.154069622829520352e-02
1.738464160509505874e+01,1.079017337314724318e+04,1.869408215452648074e+04,8.963801642526409222e-03
1.738464162307243299e+01,1.078797102680078933e+04,1.869399897650548519e+04,7.028866870858158956e-03
1.738464164195223560e+01,1.078627065801231220e+04,1.869392715360856891e+04,5.728647182149664181e-03
1.738464166158074775e+01,1.078495062961890653e+04,1.869386804919644783e+04,4.743966111529954177e-03
1.738464168009890898e+01,1.078398643727712988e+04,1.869382207909813224e+04,4.126538467764495448e-03
1.738464169815373594e+01,1.078323018605079960e+04,1.869378486520901788e+04,3.557064230902628587e-03
1.738464171898672816e+01,1.078252114658698702e+04,1.869374585994034351e+04,3.106687766286965642e-03
1.738464174010535856e+01,1.078193612979380123e+04,1.869371083259098668e+04,2.785772519219640100e-03
1.738464176150754881e+01,1.078144924000506035e+04,1.869368057667840912e+04,2.457727107613581503e-03
1.738464178158110940e+01,1.078107130540161415e+04,1.869365610235762142e+04,2.209744108038323544e-03
1.738464179762421224e+01,1.078081622005120335e+04,1.869363858868294483e+04,2.056490639303425096e-03
1.738464181834572031e+01,1.078054122293359251e+04,1.869361669658959727e+04,1.905464407417699129e-03
1.738464184018791414e+01,1.078031035456893551e+04,1.869359519138915493e+04,1.758007233627803751e-03
1.738464186280159751e+01,1.078012648000179979e+04,1.869357548709163530e+04,1.605481741546839957e-03
1.738464188344390138e+01,1.077999958567929752e+04,1.869356016152690063e+04,1.482951956637325710e-03
1.738464190514683949e+01,1.077989990544656757e+04,1.869354483596216232e+04,1.377709975875000782e-03
1.738464193167027716e+01,1.077981354915892007e+04,1.869352513166464269e+04,1.271841504080738639e-03
1.738464194847786004e+01,1.077977379583317088e+04,1.869351637419907638e+04,1.223104784170272151e-03
1.738464196566258835e+01,1.077974205999588958e+04,1.869350542736712305e+04,1.174991351743691261e-03
1.738464198282495587e+01,1.077971734335256951e+04,1.869349448053516608e+04,1.125510943382901884e-03
1.738464200042551511e+01,1.077969759103745128e+04,1.869348572306960341e+04,1.074531251342083528e-03
1.738464201908244533e+01,1.077968142110262124e+04,1.869347515454672612e+04,1.021978941898500160e-03
1.738464203601278157e+01,1.077967004275038562e+04,1.869346820813847444e+04,9.772712522947513223e-04
1.738464229363811953e+01,1.077964158943601979e+04,1.869337406538365758e+04,6.047290990497301453e-04
1.738464271049414833e+01,1.077969577873752132e+04,1.869328466600483443e+04,3.653166628633199757e-04
1.738464333069314804e+01,1.077976084275297580e+04,1.869320839188036916e+04,2.259903431818743261e-04
1.738464433370343443e+01,1.077966043544730383e+04,1.869313613242151041e+04,1.370129683219271672e-04
1.738464577885274664e+01,1.077947246339777666e+04,1.869307736086717341e+04,8.621809371047119326e-05
1.738464806505616167e+01,1.077931513334367082e+04,1.869302296086741990e+04,5.336090882400561241e-05
1.738465174712513672e+01,1.077919671543183904e+04,1.869297881817087546e+04,3.244015354792214700e-05
1.738465695081896101e+01,1.077914413219428025e+04,1.869294816044313848e+04,2.043871458952633183e-05
1.738466531819255323e+01,1.077903171246856618e+04,1.869293064174157189e+04,1.256520140686706592e-05
1.738467903478919396e+01,1.077882329087199469e+04,1.869293502141696445e+04,7.565820981022992107e-06
1.738469834399538527e+01,1.077864169564236545e+04,1.869296786898239588e+04,4.748817925500825037e-06
1.738472895721074707e+01,1.077844020524701955e+04,1.869304486081584400e+04,2.970984367428387076e-06
1.738477755440380790e+01,1.077739546001097187e+04,1.869319342226503795e+04,1.831040282580344763e-06
1.738485519330086149e+01,1.077356985606295530e+04,1.869345763835896651e+04,1.112726802081058702e-06
1.738498490079147629e+01,1.076657151245799287e+04,1.869392058645166617e+04,6.559060344040042372e-07
1.738520410503397073e+01,1.076211622251582230e+04,1.869473303997148469e+04,3.763386973182874317e-07
1.738550966901524220e+01,1.075996762467832013e+04,1.869588303472869302e+04,2.313304772986693534e-07
1.738600831821618797e+01,1.075945206867204251e+04,1.869777640838260413e+04,1.380041091379655151e-07
1.738684900835111335e+01,1.075970139630854828e+04,1.870098174236562772e+04,7.925678845213567031e-08
1.739093840708796890e+01,1.075716149842825325e+04,1.871648550648079254e+04,1.299474806680044470e-07
1.741312014131310804e+01,1.069724614267053767e+04,1.879915364482665973e+04,8.191806577899479111e-08
1.743830792837982457e+01,1.063730242790714510e+04,1.888968308999732835e+04,7.491715376925887924e-08
1.746344969121644297e+01,1.057790031684361020e+04,1.897689090953339473e+04,6.886802152689075852e-08
1.748864881539925165e+01,1.053887305432348694e+04,1.906140231931660674e+04,6.582545235612472641e-08
1.751367067255128873e+01,1.048550543477421525e+04,1.914251152779662516e+04,5.625038704471560222e-08
1.753881272036828065e+01,1.042845709488608190e+04,1.922177234620031595e+04,5.486056464838667196e-08
1.756382864792378484e+01,1.039230338206781380e+04,1.929790127063110776e+04,6.355230819004674866e-08
1.758889102875240340e+01,1.034188422384361547e+04,1.937241431224340340e+04,4.769402077454610089e-08
1.761395035506242124e+01,1.030858540834259293e+04,1.944493419345318034e+04,5.307398505659057015e-08
1.763903719927959912e+01,1.025046185141900969e+04,1.951478156772607690e+04,5.063890091334351270e-08
1.766427163743652784e+01,1.021778376285908598e+04,1.958352499399502267e+04,4.775572345484481633e-08
1.768929153086255468e+01,1.015992157860540283e+04,1.965003280640835874e+04,4.604426518525497327e-08
1.771449147498599785e+01,1.012797875370840666e+04,1.971518481191385217e+04,4.933047232017510953e-08
1.773964178232754563e+01,1.008937153929320630e+04,1.977782774432397491e+04,5.302142891135064004e-08
1.776469701161022741e+01,1.003769531901479240e+04,1.983844787986914162e+04,4.223863860389406773e-08
1.778971072280242538e+01,1.000581754538876703e+04,1.989751139460160994e+04,4.304858957135939283e-08
1.781477886556190526e+01,9.953796790904225418e+03,1.995480687305598622e+04,4.957569712297920423e-08
1.783981529827886803e+01,9.922149235744273028e+03,2.001003478765400359e+04,4.189774538497763636e-08
1.786499768048935266e+01,9.889687533881760828e+03,2.006438684299221495e+04,3.848840672000557740e-08
1.789002598600373872e+01,9.833592823643994052e+03,2.011692051828436161e+04,3.919402209757128741e-08
1.791505217251986082e+01,9.801282260841302559e+03,2.016769842114358835e+04,3.991534265219439232e-08
1.794006930902476782e+01,9.769653416650733561e+03,2.021669480120436492e+04,3.959400663928799123e-08
1.796509505793325090e+01,9.737220951948733273e+03,2.026433179375925465e+04,3.753889601399518404e-08
1.799025444949947428e+01,9.682090202476299964e+03,2.031069750939064397e+04,3.708498115521752509e-08
1.801554731160011613e+01,9.649149382322451856e+03,2.035586285132270132e+04,3.810102792369438232e-08
1.804055562168482751e+01,9.617647996498319117e+03,2.039887905790973309e+04,3.961194630911112184e-08
1.806556288728247850e+01,9.586025119865407760e+03,2.044044698982051341e+04,4.060126221551084245e-08
1.809087813125454858e+01,9.546190236364935117e+03,2.048074099418736296e+04,4.130334109115830998e-08
1.810722335764265623e+01,9.508547346940518764e+03,2.050565576882626920e+04,6.653836752109390600e-08
1.812042884760358774e+01,9.501737284802033173e+03,2.052444488264584652e+04,1.106087021824740436e-07
1.812104957349012224e+01,9.501453863684777389e+03,2.052522096809031063e+04,1.866324000632757385e-07
1.812139558946782358e+01,9.501262342069028819e+03,2.052560848525337497e+04,3.157734015431581074e-07
1.812159131928528666e+01,9.501126220389443915e+03,2.052579199187613631e+04,5.337950051400056140e-07
1.812170179005812543e+01,9.501030824850908175e+03,2.052586361707580727e+04,8.906259975897283323e-07
1.812176503146557849e+01,9.500964198578463765e+03,2.052587307619782223e+04,1.457492900530305194e-06
1.812180405527748306e+01,9.500913796655044280e+03,2.052585508307745113e+04,2.402035384653582552e-06
1.812182856848976442e+01,9.500873564696821632e+03,2.052581668008484485e+04,4.055119016924457570e-06
1.812184342864005515e+01,9.500840710302565640e+03,2.052576211870499174e+04,6.930687547551722765e-06
1.812185220515170059e+01,9.500812828655272824e+03,2.052570237236269531e+04,1.186070468251514812e-05
1.812185725054234808e+01,9.500788504088979607e+03,2.052564262602040253e+04,1.998494099736523746e-05
1.812186035590136868e+01,9.500764550940892150e+03,2.052557434448635104e+04,3.448361590761949688e-05
1.812186195021457280e+01,9.500744501221375685e+03,2.052551459814405462e+04,5.507799820633044093e-05
1.812186295445938100e+01,9.500724034869086609e+03,2.052545058420588248e+04,9.072205619757673311e-05
1.812186352304828674e+01,9.500704991627053460e+03,2.052539083786358606e+04,1.519885090294563175e-04
1.812186385559043700e+01,9.500686925798258017e+03,2.052533194110167460e+04,2.522993974131706139e-04
1.812186405817642054e+01,9.500669121343244115e+03,2.052527561277487621e+04,4.218754911655617766e-04
1.812186418969433177e+01,9.500649895359936636e+03,2.052521243170482194e+04,7.409183999343792572e-04
1.812186423568578064e+01,9.500639616768641645e+03,2.052517828616286351e+04,1.005789493951234938e-03
1.812186425957656510e+01,9.500632787569888023e+03,2.052515612009028700e+04,1.233070169882320623e-03
1.812186428092595847e+01,9.500625285108530079e+03,2.052513051451501815e+04,1.543127356971207408e-03
1.812186430353302313e+01,9.500615032534233251e+03,2.052509637374799058e+04,2.093774601614671778e-03
1.812186432080593335e+01,9.500604425924639145e+03,2.052505877676600721e+04,2.865575637296072665e-03
1.812186433813284836e+01,9.500588960653047252e+03,2.052500755845307140e+04,4.481674464686894593e-03
1.812186435184187161e+01,9.500568666753999423e+03,2.052493926736915455e+04,7.853761492268952066e-03
1.812186435919055683e+01,9.500550034267997034e+03,2.052487524447798569e+04,1.257391457999521532e-02
1.812186436441365345e+01,9.500527875608571776e+03,2.052479841700858015e+04,2.034088672438960285e-02
1.812186436870430484e+01,9.500495234420115594e+03,2.052468744399721618e+04,3.442669972090774133e-02
1.812186437142305806e+01,9.500459079791695331e+03,2.052456440875964108e+04,5.527843360245920240e-02
1.812186437372398728e+01,9.500412790452262925e+03,2.052441500111739879e+04,8.783694484295835603e-02
1.812186437679583051e+01,9.500327429482073057e+03,2.052414179857158888e+04,1.417863635022762747e-01
1.812186438178196823e+01,9.500125483196981804e+03,2.052353255787502712e+04,2.257026114108536263e-01
1.812186438750946493e+01,9.499691122839602031e+03,2.052235063804179299e+04,3.581811945872977465e-01
1.812186439435414087e+01,9.498471748719312018e+03,2.051974549219789333e+04,5.708452059868668327e-01
1.812186440356193984e+01,9.489750160688152391e+03,2.051329770499385995e+04,9.066161236191925266e-01
1.812186441940664849e+01,9.427463258887810298e+03,2.049887825505884393e+04,6.914722613811943308e-01
1.812186442879851356e+01,9.425436704750101853e+03,2.049385847450261645e+04,4.358974313580225024e-01
1.812186443796469959e+01,9.423222977188795994e+03,2.049107041399414084e+04,2.726174510059733991e-01
1.812186444603830537e+01,9.421794545875491167e+03,2.048974603435131212e+04,1.702046888277361225e-01
1.812186445379103361e+01,9.420515887503534032e+03,2.048903939717122921e+04,1.071963858721504126e-01
1.812186446200594858e+01,9.419438459654611506e+03,2.048861331558808888e+04,6.673064785399360210e-02
1.812186447155136548e+01,9.418356604691756729e+03,2.048832987059002335e+04,4.185501971808707616e-02
1.812186448270198369e+01,9.416031360695951662e+03,2.048813260983435976e+04,2.613453384135979232e-02
1.812186449887195039e+01,9.411888474353920174e+03,2.048796405899189631e+04,1.610014869058427195e-02
1.812186451568968693e+01,9.408567235423815873e+03,2.048785323512885225e+04,1.079555595600460022e-02
1.812186453240431305e+01,9.406349074278028638e+03,2.048777915377907630e+04,7.977819533516538816e-03
1.812186455029323184e+01,9.404723779156658566e+03,2.048772162771286457e+04,6.263068726197851960e-03
1.812186456745886076e+01,9.403607191327788314e+03,2.048768039512907853e+04,5.010155920920649278e-03
1.812186458480729101e+01,9.402757242562343890e+03,2.048764355662300659e+04,4.131300379404726462e-03
1.812186460580564784e+01,9.401975219519510574e+03,2.048761053264212387e+04,3.524961748277957892e-03
1.812186462415911237e+01,9.401446361774424076e+03,2.048758587529378565e+04,3.011568837102440808e-03
1.812186464082357062e+01,9.401059886845541769e+03,2.048756532750350380e+04,2.635171101305981787e-03
1.812186466013250197e+01,9.400701927842104851e+03,2.048754477971322558e+04,2.325933192727820328e-03
1.812186467775339693e+01,9.400445943355158306e+03,2.048752834148100010e+04,2.151496052188953383e-03
1.812186469747280881e+01,9.400226711200881255e+03,2.048751190324877462e+04,1.951599935059504477e-03
1.812186471967948620e+01,9.400049120711861178e+03,2.048749546501654913e+04,1.734689567736297407e-03
1.812186473983207335e+01,9.399936886178606073e+03,2.048748313634238002e+04,1.564575909994244795e-03
1.812186475943510544e+01,9.399860363758110907e+03,2.048747080766821455e+04,1.430851335493391876e-03
1.812186478237054033e+01,9.399799493370383061e+03,2.048745847899404544e+04,1.306955766628062733e-03
1.812186481260694748e+01,9.399749971910472595e+03,2.048744615031987632e+04,1.203360431020516260e-03
1.812186482980339974e+01,9.399732004391033115e+03,2.048743793120376358e+04,1.145216422390131234e-03
1.812186484782383644e+01,9.399718587851128177e+03,2.048742971208765084e+04,1.084618550512438887e-03
1.812186486708499089e+01,9.399708809946976544e+03,2.048742149297153810e+04,1.021437168140938928e-03
1.812186488804182360e+01,9.399702164670579805e+03,2.048741327385542536e+04,9.562439201694627198e-04
1.812186512286182349e+01,9.399737811023789618e+03,2.048735163048458344e+04,5.770138331133115462e-04
1.812186545700875229e+01,9.399852604914482072e+03,2.048730231578791063e+04,3.539493037553839054e-04
1.812186597351086803e+01,9.399993699703782113e+03,2.048725711064929419e+04,2.160277581752405903e-04
1.812186682742973431e+01,9.400036147827322566e+03,2.048721190551067411e+04,1.327657460504207891e-04
1.812186806977040021e+01,9.399926116551043378e+03,2.048717491948817042e+04,8.355256949171383939e-05
1.812186984107212240e+01,9.399860346273382675e+03,2.048714615258177582e+04,5.203341498389630102e-05
1.812187292984839715e+01,9.399847698291250708e+03,2.048711327611732850e+04,3.177512599120713854e-05
1.812187840844192266e+01,9.399889506697272736e+03,2.048708450921093390e+04,1.858768075824229188e-05
1.812188578197896405e+01,9.399951995534907837e+03,2.048706784593592238e+04,1.159237512127375345e-05
1.812189712865171387e+01,9.399967734149215175e+03,2.048705163274648658e+04,7.093880260912051972e-06
1.812191837009920903e+01,9.399950875154205278e+03,2.048704729537826279e+04,4.154230414223570504e-06
1.812195149999858756e+01,9.399977620006753568e+03,2.048705574230454295e+04,2.479753500831385970e-06
1.812199824877236054e+01,9.400034493628832934e+03,2.048708039965287753e+04,1.529512017799646748e-06
1.812207991561302123e+01,9.399758289823468658e+03,2.048714204302371945e+04,8.963384137883652268e-07
1.812220509338514063e+01,9.398013342301979719e+03,2.048724909216898959e+04,5.448767419179588039e-07
1.812240437881459698e+01,9.393535854568410286e+03,2.048743399738180960e+04,3.281412782627881099e-07
1.812269361618893626e+01,9.386609424573487559e+03,2.048771354777610031e+04,2.021762224184187990e-07
1.812313118991863803e+01,9.382975354487720324e+03,2.048814098775682578e+04,1.241137167145078111e-07
1.814820997531628066e+01,9.316549811853352367e+03,2.051333420783977999e+04,8.970890068105649120e-08
1.817327630785980830e+01,9.256211793645947182e+03,2.053827916308513159e+04,7.531050438813953964e-08
1.819844388720703421e+01,9.196599729328119793e+03,2.056297740111041276e+04,6.511159295615541764e-08
1.822363546856322003e+01,9.136986452968898448e+03,2.058726752749059597e+04,6.190562560999534449e-08
1.824863894415597798e+01,9.085134749516984812e+03,2.061104433333314955e+04,5.278623603297029701e-08
1.827380081608610851e+01,9.051679052588620834e+03,2.063442165960689817e+04,5.382233577097920363e-08
1.829886030792330232e+01,8.992602996825813534e+03,2.065734708646617946e+04,5.225082253375722805e-08
1.832403775616286268e+01,8.960467184123743209e+03,2.067982119508010510e+04,4.951676118252008144e-08
1.834908299035186374e+01,8.902321973374735535e+03,2.070156075347379738e+04,4.470333659126393191e-08
1.837409373626549325e+01,8.869818788201086136e+03,2.072269748532514495e+04,4.646455498584959986e-08
1.839928697980101191e+01,8.835998687624274680e+03,2.074348017735910980e+04,4.390416828187146302e-08
1.842441346724645257e+01,8.779400386006072949e+03,2.076346264663315378e+04,4.414502614873284877e-08
1.844945192373658216e+01,8.747839481805396645e+03,2.078268577289824316e+04,3.979656199999396650e-08
1.847457885099295183e+01,8.713931864681650040e+03,2.080138717912588982e+04,4.097684092084420449e-08
1.849983499454641134e+01,8.658632246040253449e+03,2.081934561332134035e+04,4.126369065596024620e-08
1.852493671167438194e+01,8.632854253258150493e+03,2.083660165550305828e+04,4.029080527291175970e-08
1.855008875549519587e+01,8.594377560328841355e+03,2.085304049168797792e+04,3.936101080968021116e-08
1.857523629841698565e+01,8.543321210899714060e+03,2.086874995431346179e+04,3.862834005500498557e-08
1.860029336590546123e+01,8.512174461959173641e+03,2.088355045793950194e+04,3.755483460416509725e-08
1.862530898223306153e+01,8.481057542961430954e+03,2.089758443662081118e+04,3.532455304743088055e-08
1.865038458772757934e+01,8.449369341943163818e+03,2.091072864700039281e+04,3.329894535846652531e-08
1.867566852777619957e+01,8.405350185126544602e+03,2.092328982862702833e+04,3.457763968412961313e-08
1.870074982536760189e+01,8.360549332762584527e+03,2.093477906569929473e+04,3.456787264064992309e-08
1.872594431566885831e+01,8.329993932074774420e+03,2.094555089356892859e+04,3.131964983833049352e-08
1.875121703902377135e+01,8.298778328103897366e+03,2.095549919225374833e+04,3.334528361604870303e-08
1.877639280034786751e+01,8.268002297263930814e+03,2.096445471577013814e+04,3.018047665499252154e-08
1.880142846693821213e+01,8.236894310534557007e+03,2.097252259324193074e+04,3.217758265280308231e-08
1.882645767325259101e+01,8.189136948384356401e+03,2.097979257528630842e+04,2.958639190139970066e-08
1.885168439576043298e+01,8.154969963271320012e+03,2.098617901272974268e+04,3.026889638433986759e-08
1.887694639449638245e+01,8.124325485156979084e+03,2.099164426666974032e+04,3.026777671074315386e-08
1.890209709429919371e+01,8.093872244239864813e+03,2.099616382842335952e+04,2.819453978316585964e-08
1.892718872207389325e+01,8.063212731507141143e+03,2.099976452364681973e+04,2.722169129114363166e-08
1.895237770531143795e+01,8.032400092660534938e+03,2.100255589183088887e+04,2.838227260822216521e-08
1.897759666261736200e+01,8.001767621300337851e+03,2.100442006426423904e+04,2.847396307739304522e-08
1.900271112325997080e+01,7.971224367753391562e+03,2.100535107024748868e+04,2.790371630714792590e-08
1.902805837751787266e+01,7.940693963804636951e+03,2.100536048328218385e+04,2.713715249665248680e-08
1.905326573944819657e+01,7.910200076154085764e+03,2.100442907039936836e+04,2.654544235097078415e-08
1.907837032787558940e+01,7.879733195505083131e+03,2.100257577645106721e+04,2.619082809871013346e-08
1.910339318983976042e+01,7.849292098047159016e+03,2.099979501798366255e+04,2.600411866566064465e-08
1.912859640051870613e+01,7.818858175817114898e+03,2.099614998493073290e+04,2.575889551760725801e-08
1.915365270873965642e+01,7.788474173703967608e+03,2.099160147500000312e+04,2.536589461129274230e-08
1.917869252732696950e+01,7.758816726593089697e+03,2.098611208154867199e+04,2.416991138363944175e-08
1.920395887624706077e+01,7.734745520362809657e+03,2.097960378792964184e+04,2.272891391144304645e-08
1.922927182844143701e+01,7.704397684037909130e+03,2.097208315231234155e+04,2.297651878422558301e-08
1.925451840218472910e+01,7.674030540498154551e+03,2.096374381316926883e+04,2.357356302155427819e-08
1.927954683294850113e+01,7.643752982877967952e+03,2.095456949163286481e+04,2.335134809776141955e-08
1.930475500922635135e+01,7.613740175888745398e+03,2.094428830202159224e+04,2.150125384340479380e-08
1.933005249655601432e+01,7.583336536822752350e+03,2.093308550147512869e+04,2.229059953095343330e-08
1.935530936161285709e+01,7.552879902962327833e+03,2.092100756077130427e+04,2.238988451030608666e-08
1.938050515629737447e+01,7.524828578942907370e+03,2.090785719445311042e+04,2.075928484594370127e-08
1.940591711835424249e+01,7.514160672625692314e+03,2.089389263114068672e+04,2.170770104261134787e-08
1.943106737014547392e+01,7.489158091269474426e+03,2.087890266266816980e+04,2.016269747970988606e-08
1.945646021094855982e+01,7.459662994399867785e+03,2.086306783180994171e+04,2.088782903961105233e-08
1.948152899034584351e+01,7.429876037184290908e+03,2.084627992661824828e+04,1.970508389651291958e-08
1.950659905478001122e+01,7.399742213412037017e+03,2.082882284403995800e+04,2.047283842174558786e-08
1.953162910101115912e+01,7.369910807078842481e+03,2.081033401006052009e+04,1.908429088783445864e-08
1.955707861873402109e+01,7.340145138026460700e+03,2.079063605994485260e+04,2.004917964478592814e-08
1.958226025425455674e+01,7.316621064676729475e+03,2.077034508564968564e+04,1.898468023816843112e-08
1.960729484547822921e+01,7.286411619821939894e+03,2.074917228407687435e+04,1.871845631306666852e-08
1.963266401746212608e+01,7.278664443640077479e+03,2.072680573947439916e+04,1.916282799941185708e-08
1.965794519175568311e+01,7.253636386444344680e+03,2.070381391599099152e+04,1.815408064977962092e-08
1.968314570446612777e+01,7.224083914671497951e+03,2.067996655031478804e+04,1.793482128813318991e-08
1.970859979096988468e+01,7.194046255786839538e+03,2.065497737024656089e+04,1.847379223032187414e-08
1.973404051955688843e+01,7.164185337593191434e+03,2.062912600597168785e+04,1.777796245722442099e-08
1.975938558385268351e+01,7.135454456047802523e+03,2.060252928004556816e+04,1.704265996830758395e-08
1.978450214393609485e+01,7.130616686844618926e+03,2.057553077298957214e+04,1.716300269201084357e-08
1.980984456487998813e+01,7.101868758367112605e+03,2.054739664846999221e+04,1.754065532736239252e-08
1.983495396643042241e+01,7.072069983805320589e+03,2.051877220677291189e+04,1.725920650261709081e-08
1.986035624622061135e+01,7.042230442134127770e+03,2.048911816486455064e+04,1.678197437441976987e-08
1.988550355454452045e+01,7.022909767197224028e+03,2.045906588630742772e+04,1.633929919165644193e-08
1.991077258631254310e+01,7.009691366861441566e+03,2.042817430304165100e+04,1.593655174947415227e-08
1.993605128192980658e+01,6.980371502818152294e+03,2.039662917896137151e+04,1.570735332981440310e-08
1.996105901891658974e+01,6.950618998296320569e+03,2.036483783567596038e+04,1.557862172203930785e-08
1.998620991325725527e+01,6.920830572155354275e+03,2.033229698880258729e+04,1.548565049719491797e-08
2.001141722075408325e+01,6.917581152289132660e+03,2.029913714087984408e+04,1.538317765772380300e-08
2.003673682575445270e+01,6.888533118528606792e+03,2.026530724166197979e+04,1.527147876076380135e-08
2.006195256072385291e+01,6.865919980244461840e+03,2.023111800812739239e+04,1.508580101391175812e-08
2.008725702583711126e+01,6.836171687979390299e+03,2.019634206168488527e+04,1.488394553721056961e-08
2.011237437538093786e+01,6.806684211804551524e+03,2.016138912769626040e+04,1.460259947491404875e-08
2.013766171364476776e+01,6.803739345779046744e+03,2.012582156614741689e+04,1.437717467149459151e-08
2.016302558190854910e+01,6.774643054829425637e+03,2.009000268987214804e+04,1.421824819207806815e-08
2.018848519842532596e+01,6.744970606172762018e+03,2.005373349491833142e+04,1.412823610176389483e-08
2.021400147539405978e+01,6.727123709347177282e+03,2.001709510369920099e+04,1.408387581977999018e-08
2.023912685017470992e+01,6.712888811813374559e+03,1.998078987512918320e+04,1.412149257615580355e-08
2.026439236852656833e+01,6.683372337811751095e+03,1.994430890450593870e+04,1.410159776599066630e-08
2.028979409241232545e+01,6.653467760207886386e+03,1.990777154207823696e+04,1.399666782707127343e-08
2.031497094108723900e+01,6.650472732674070357e+03,1.987150258390113231e+04,1.368729049655719359e-08
2.034033876544419073e+01,6.622161222572400220e+03,1.983496581820494976e+04,1.321369330881849467e-08
2.036548316696224958e+01,6.592521900395466218e+03,1.979882333520063912e+04,1.319693917140153673e-08
2.039097825598237179e+01,6.584156236609585903e+03,1.976246054491478208e+04,1.326781315310843316e-08
2.041604701507496955e+01,6.560829224775520743e+03,1.972733738713344428e+04,1.323142508859349468e-08
2.044125281480008738e+01,6.531326153201310262e+03,1.969220165972256291e+04,1.279367576266380131e-08
2.046678677363923171e+01,6.509691708944208585e+03,1.965724199953151037e+04,1.259128338502486387e-08
2.049229647567597823e+01,6.499595544106732632e+03,1.962265730447379974e+04,1.270791759630415098e-08
2.051732772087579093e+01,6.470100981808301185e+03,1.958937534498977766e+04,1.265524331045526479e-08
2.054254519755259878e+01,6.442163320896622281e+03,1.955677061306660471e+04,1.214489992768033700e-08
2.056755168836577852e+01,6.434689647532418348e+03,1.952529111385138822e+04,1.230208435806021117e-08
2.059303529299161895e+01,6.416092139700148437e+03,1.949407886116948430e+04,1.227269524122399726e-08
2.061816182280382037e+01,6.386693419048755459e+03,1.946412861423684808e+04,1.179242097893850510e-08
2.064350022198826196e+01,6.379793015651053793e+03,1.943481743650937642e+04,1.194558650070162165e-08
2.066856377018993385e+01,6.355266658773410200e+03,1.940692844419133326e+04,1.181198502330445917e-08
2.069390895337858183e+01,6.325718551896378813e+03,1.937995469278786550e+04,1.155369254598700690e-08
2.071950813935258395e+01,6.321343632813765907e+03,1.935364296350944642e+04,1.163239297835967875e-08
2.074466422470384330e+01,6.294473067291271946e+03,1.932859841084014988e+04,1.121241126352949115e-08
2.077017404980113113e+01,6.264697614480887751e+03,1.930383828733591508e+04,1.134199123109597289e-08
2.079517733334197160e+01,6.262574932621128937e+03,1.927996003231657960e+04,1.108972123476340097e-08
2.082069146277431670e+01,6.233632299846726710e+03,1.925698595589131219e+04,1.106943275129460337e-08
2.084569202165909019e+01,6.204085184677868710e+03,1.923526065523727084e+04,1.097741463717762545e-08
2.087121167055370918e+01,6.202326866556990353e+03,1.921385378105460040e+04,1.083028151313914077e-08
2.089637653568609821e+01,6.172977654197990887e+03,1.919271888324912288e+04,1.080507798031545709e-08
2.092154748145452459e+01,6.165424187452631486e+03,1.917227363780283486e+04,1.063308477841275378e-08
2.094670582336574327e+01,6.141939977215692124e+03,1.915275131427324595e+04,1.049522828083745683e-08
2.097195339663896263e+01,6.112232258557896785e+03,1.913290002723710859e+04,1.045290518745241184e-08
2.099713980586130546e+01,6.110429313784678925e+03,1.911392871908400775e+04,1.018727858325534478e-08
2.102271831500975097e+01,6.081262414557553711e+03,1.909478138704379671e+04,1.027173217826921747e-08
2.104778804488439548e+01,6.063286255412361243e+03,1.907607316170850390e+04,1.001394234355036376e-08
2.107287348434627816e+01,6.050320990205542330e+03,1.905793631503757570e+04,1.019251063105068286e-08
2.109810451557402899e+01,6.020769399412100938e+03,1.903946574649354807e+04,9.913504759932773634e-09
2.112317691779163553e+01,6.018934966759453346e+03,1.902160895549848647e+04,9.735845479647580699e-09
2.114833678885813484e+01,5.990155416016553318e+03,1.900323197291571705e+04,9.829482398596103890e-09
2.117397517551388475e+01,5.967429705361168089e+03,1.898531586177247664e+04,9.581910584245988550e-09
2.119897843139772675e+01,5.965325538479573879e+03,1.896685576295197097e+04,9.579366000707325600e-09
2.122427596703336761e+01,5.936439359147319919e+03,1.894874468454127054e+04,9.489412364401937147e-09
2.124964862307276903e+01,5.924239413179465373e+03,1.893056935047232400e+04,9.310551824587931326e-09
2.127506647479458124e+01,5.905639629533277912e+03,1.891150421260906296e+04,9.339189951125204141e-09
2.130067870922204065e+01,5.875894114599580462e+03,1.889419840040665804e+04,9.211207274863172787e-09
2.132577973307925845e+01,5.874567245207193992e+03,1.887427518954289189e+04,9.065124625328340293e-09
2.135080906670817313e+01,5.845418664693554092e+03,1.885608770257229480e+04,8.954984045237243417e-09
2.137619866009224978e+01,5.842536340696956358e+03,1.883764751485770103e+04,9.107869260186936113e-09
2.140167487678161962e+01,5.814432704405294317e+03,1.881841960937488693e+04,8.843030116565401684e-09
2.142727646868726055e+01,5.798945699794465327e+03,1.879823234098425382e+04,8.706826957038742948e-09
2.145240271764174622e+01,5.783725764931436061e+03,1.878127916390495011e+04,8.709881285392682025e-09
2.147797207532581609e+01,5.753928918111550956e+03,1.875969595972295065e+04,8.743532568327765852e-09
2.150332025130615321e+01,5.752820397285018771e+03,1.874103485757662565e+04,8.512644087150748983e-09
2.152870735395465829e+01,5.723481210416689464e+03,1.872266665512957115e+04,8.406782994009704334e-09
2.155392112897218126e+01,5.721838349751363239e+03,1.870120069159837658e+04,8.324085670397356361e-09
2.157931001580499952e+01,5.692718499365821117e+03,1.868353841727433246e+04,8.450470964785135427e-09
2.160480037561433875e+01,5.689578456417587404e+03,1.866345516697216954e+04,8.311990903591949748e-09
2.162984919755282576e+01,5.661997268498819722e+03,1.864210797777309563e+04,8.125962448418533120e-09
2.165509553249767549e+01,5.654656953574002728e+03,1.862544509563537940e+04,8.042362785396392629e-09
2.168061791789126147e+01,5.631394642334888886e+03,1.860362996401431155e+04,7.956582484862600386e-09
2.170580837861218981e+01,5.603300420177291016e+03,1.858203871171463106e+04,8.055267363531356318e-09
2.173091359030368608e+01,5.600774924680836193e+03,1.856588056388655605e+04,8.279937895542148732e-09
2.175611651761006371e+01,5.571484650746191619e+03,1.854316468566510957e+04,8.404106661051252524e-09
2.178180085205708849e+01,5.569194367679158859e+03,1.852070477713604487e+04,8.746388497999921082e-09
2.180698425592968448e+01,5.547683715787039546e+03,1.850405922201257636e+04,9.037907117816239316e-09
2.183238809178308415e+01,5.542942226972022581e+03,1.848150008199492731e+04,9.250569452792990710e-09
2.185798349955009456e+01,5.517117441585345659e+03,1.845802702434428647e+04,9.404606319286563752e-09
2.188346905732717218e+01,5.507776157702742239e+03,1.843961590115215222e+04,9.605442248073597441e-09
2.190848493724969970e+01,5.486583561162770820e+03,1.841921808039082680e+04,9.929511644583453513e-09
2.193368900303812197e+01,5.472507160419540924e+03,1.839500254769880848e+04,1.018152741113839691e-08
2.195884353910089004e+01,5.456064484383895433e+03,1.837588190829546147e+04,1.037064964104326088e-08
2.198415946358671391e+01,5.434307926857654820e+03,1.835423453982195133e+04,1.051049693185989433e-08
2.200950881659395364e+01,5.425545432078922204e+03,1.833446729319200676e+04,1.060902168714051574e-08
2.203493280522349806e+01,5.397340144447143757e+03,1.830958313386764348e+04,1.080742533013018981e-08
2.206048859376771176e+01,5.395023602316984579e+03,1.828682997418912782e+04,1.104872518919694704e-08
2.208557842188708875e+01,5.366560778373013818e+03,1.826996698297907642e+04,1.128625201097056083e-08
2.211077175646593318e+01,5.364547155717690657e+03,1.824603038416993877e+04,1.148006436733822749e-08
2.213604462670363304e+01,5.336463543803729408e+03,1.822126007600587036e+04,1.163889026103965977e-08
2.216143124633950023e+01,5.334070816220165398e+03,1.820133198195021032e+04,1.177080238091056392e-08
2.218696574269132782e+01,5.308030130801989799e+03,1.818180984822831306e+04,1.188550376014457396e-08
2.221251152065601531e+01,5.303593003019731441e+03,1.815657798801762328e+04,1.198274593123332802e-08
2.223820724843247731e+01,5.283397262831253101e+03,1.813216651416551758e+04,1.207344136393033119e-08
2.226327518776135150e+01,5.273132944720774503e+03,1.811487951020459150e+04,1.209267885259833530e-08
2.228901270199887819e+01,5.261775279182585109e+03,1.809234086477107849e+04,1.215245536926274910e-08
2.231422487997537729e+01,5.242675183899814328e+03,1.806697436859848676e+04,1.217336671659056829e-08
2.233961060419511213e+01,5.236574179545431434e+03,1.804436035023332079e+04,1.232255709554118217e-08
2.236494032417783018e+01,5.212233087415826958e+03,1.802741255127352997e+04,1.245838340663783779e-08
2.239054645256933895e+01,5.208570604597720376e+03,1.800299718958699668e+04,1.255550797959053474e-08
2.241629358271688233e+01,5.181790721846813540e+03,1.797751175403602247e+04,1.263139304360287578e-08
2.244194050419433850e+01,5.179396337592535019e+03,1.795700855282163320e+04,1.269802013658387286e-08
2.246715961163881303e+01,5.151415066202666821e+03,1.793876381576169661e+04,1.274693818005116152e-08
2.249234618567260213e+01,5.150045104555309081e+03,1.791577464002024863e+04,1.274528073963764076e-08
2.251746849761952518e+01,5.121483759951377579e+03,1.789165526625428538e+04,1.267761140092061031e-08
2.254284939946442634e+01,5.113319276537004043e+03,1.786863893022772754e+04,1.256606631591327526e-08
2.256832265727442532e+01,5.097859324427507090e+03,1.785253975126004661e+04,1.260614842327206133e-08
2.259397166711051241e+01,5.093962074647370173e+03,1.782848083938986747e+04,1.270877920597800511e-08
2.261967784197700126e+01,5.067455731463232041e+03,1.780328636751801605e+04,1.277166261128268578e-08
2.264484141081835133e+01,5.065758926175714805e+03,1.778563309844184550e+04,1.278600768641340817e-08
2.267018232932290900e+01,5.037276351946781688e+03,1.776576470655682715e+04,1.269899005685969076e-08
2.269586872068970607e+01,5.036090982312463893e+03,1.774045470852705694e+04,1.253982146488715027e-08
2.272102505855568921e+01,5.006831688715016753e+03,1.771962291218507744e+04,1.259904992858663426e-08
2.274653396811384454e+01,5.005979392396892763e+03,1.770318644993695125e+04,1.268315092578405873e-08
2.277209266853049385e+01,4.976275184514400280e+03,1.767844686949628158e+04,1.265073415708164117e-08
2.279754994761344733e+01,4.975722863089811653e+03,1.765555651981948904e+04,1.247230232535380991e-08
2.282337302234859422e+01,4.955345755741239373e+03,1.764055720341639244e+04,1.240247183022389315e-08
2.284917082490247253e+01,4.945377471996625900e+03,1.761662959324454641e+04,1.251716032349642462e-08
2.287433648062012992e+01,4.942156555899031446e+03,1.759303032618786165e+04,1.247216340836854647e-08
2.289947798279698077e+01,4.915073337080296369e+03,1.757922897420379741e+04,1.218780911909922485e-08
2.292514457834703023e+01,4.913957337244543851e+03,1.755581480973253929e+04,1.236592894192122743e-08
2.295089053745802943e+01,4.884872139779842655e+03,1.753194610772172382e+04,1.233867654366675696e-08
2.297637414122619504e+01,4.883992171096325364e+03,1.751827302215712189e+04,1.204857420865958094e-08
2.300193474293107343e+01,4.854285605790620139e+03,1.749672621209854333e+04,1.221331595108604401e-08
2.302715483068248759e+01,4.853803625540940629e+03,1.747404940534379421e+04,1.212586257170901161e-08
2.305239592689497741e+01,4.846419173924705319e+03,1.745415016087157346e+04,1.200522830313582081e-08
2.307753945702032894e+01,4.823492440310335041e+03,1.743895225540982938e+04,1.206088576367129912e-08
2.310305050141819549e+01,4.822110457947200302e+03,1.741455733161476383e+04,1.177543149713822123e-08
2.312871211609935784e+01,4.793390844365254452e+03,1.739789612789377134e+04,1.194697222179698548e-08
2.315380856819250255e+01,4.792502321867243154e+03,1.737977592423048554e+04,1.167092008209398001e-08
2.317919173389394416e+01,4.762798487225447388e+03,1.735592834991833661e+04,1.181812995082031790e-08
2.320457618511552411e+01,4.762346418064137652e+03,1.734342063759888697e+04,1.156856070826518354e-08
2.323031152212703176e+01,4.756695679202309293e+03,1.732085738662004587e+04,1.168237146781950040e-08
2.325531892991086735e+01,4.732051716391032642e+03,1.729979395592824585e+04,1.140606900665566579e-08
2.328068903848102522e+01,4.731062175865996323e+03,1.728665972074904130e+04,1.156262167341331088e-08
2.330587452385715252e+01,4.701854918746053954e+03,1.726287765123980353e+04,1.131172812668188690e-08
2.333106522569090302e+01,4.701206891843071389e+03,1.724944204888499007e+04,1.140402757321487394e-08
2.335660000525519919e+01,4.672900381401005689e+03,1.722907728019211936e+04,1.128645132532773356e-08
2.338192473547945127e+01,4.671108447191531013e+03,1.720722809408441390e+04,1.118421128050523127e-08
2.340725131390461655e+01,4.648421846972608364e+03,1.719530025586319243e+04,1.122287253527410942e-08
2.343263303460857472e+01,4.648008417478798037e+03,1.717172148540921989e+04,1.097886840423301537e-08
2.345815201959155161e+01,4.644317988707703989e+03,1.715888509563799744e+04,1.105071227002233777e-08
2.348322697976940887e+01,4.617787850611875911e+03,1.713854187952805660e+04,1.100644238353926776e-08
2.350848149198349546e+01,4.616988202448465017e+03,1.711864073719198495e+04,1.076760603372616628e-08
2.353432135953775983e+01,4.587418233183826487e+03,1.710541669215460206e+04,1.084580395118566367e-08
2.355945859623439631e+01,4.586965668770844786e+03,1.708234369506201256e+04,1.080717620123864210e-08
2.358508690775961014e+01,4.581448457280086586e+03,1.707170537172003969e+04,1.059676173458608471e-08
2.361015900215110008e+01,4.556724802377028027e+03,1.705087627801287090e+04,1.056317547580417767e-08
2.363528646937547606e+01,4.555940990803240311e+03,1.703046199230140701e+04,1.059902445771169219e-08
2.366053920611344452e+01,4.526417004370446193e+03,1.702026614730017536e+04,1.052456692971486790e-08
2.368595047857175473e+01,4.525973038740846278e+03,1.699723269364072985e+04,1.034698036712111283e-08
2.371178275339737240e+01,4.520725371508041462e+03,1.698613116004503172e+04,1.028614415563767168e-08
2.373733103336103412e+01,4.495727614472320965e+03,1.696481897296898751e+04,1.031920462693705260e-08
2.376282033705790298e+01,4.494955162136549916e+03,1.694950951495730260e+04,1.026156011257653831e-08
2.378834145784968968e+01,4.465411676927164990e+03,1.693288712124053563e+04,1.013377714621479593e-08
2.381340335161786470e+01,4.464995102484052040e+03,1.691363693446886100e+04,9.982230669894158164e-09
2.383848019991369327e+01,4.461518093277511980e+03,1.690141792557836015e+04,9.894655279077971443e-09
2.386386432055558515e+01,4.434833403451269078e+03,1.688000941018122103e+04,9.924513445352678411e-09
2.388892127692832545e+01,4.434143346660823227e+03,1.686996736082657662e+04,9.904129285361532337e-09
2.391396431838584746e+01,4.404437309407941939e+03,1.684788634344693128e+04,9.861162806936200973e-09
2.393968609744677067e+01,4.404056254990679918e+03,1.683847064272030912e+04,9.798982821006671937e-09
2.396568289101873361e+01,4.401985662221112761e+03,1.681569602347922773e+04,9.701238295850223638e-09
2.399127785571880622e+01,4.373996997143918634e+03,1.680660825388572994e+04,9.593400208827390713e-09
2.401656726500160133e+01,4.373290416236130113e+03,1.678446490264697059e+04,9.493186766723960961e-09
2.404189493002103006e+01,4.344073454787335322e+03,1.677531936846244207e+04,9.392771537591811977e-09
2.406766266531841936e+01,4.343098196644654308e+03,1.675345770119551889e+04,9.287138845991619537e-09
2.409325865583064541e+01,4.341897069956953601e+03,1.674374082034028106e+04,9.265977208662213273e-09
2.411903598802899396e+01,4.312982056022552570e+03,1.672258957236370770e+04,9.240272364611224357e-09
2.414437743961662974e+01,4.312407579589381385e+03,1.671261973039244185e+04,9.185958408162808842e-09
2.416960492537513261e+01,4.303320789069164675e+03,1.669216428186122357e+04,9.121000992622139281e-09
2.419496941905456922e+01,4.282179286977750053e+03,1.668236583014408461e+04,9.055892113235793589e-09
2.422028977922794368e+01,4.281469297470289348e+03,1.666187747557177499e+04,8.982943262578205385e-09
2.424567733653563906e+01,4.252124060152658785e+03,1.665245746435554611e+04,8.906211388260129999e-09
2.427090372129026363e+01,4.251550202620101118e+03,1.663178687333091511e+04,8.813763885319720827e-09
2.429640679624180777e+01,4.228984783478676036e+03,1.662288659331531017e+04,8.739362931099576900e-09
2.432150033626191643e+01,4.228607143380070738e+03,1.660326750082670333e+04,8.733262970173138298e-09
2.434719527806010930e+01,4.225745405044002837e+03,1.658709748251739802e+04,8.699234785358336783e-09
2.437284431291521969e+01,4.198486188233529901e+03,1.657571691811813071e+04,8.668424742468489917e-09
2.439805105816604325e+01,4.197843701496034555e+03,1.655908841236994340e+04,8.646660740620521105e-09
2.442360033548130360e+01,4.168223427491395341e+03,1.654603593425474537e+04,8.606705895858684989e-09
2.444945174368713126e+01,4.167659593572641825e+03,1.653216912572386718e+04,8.554812700810613203e-09
2.447521021835197530e+01,4.166362235264667106e+03,1.651627395242698549e+04,8.493909580543900489e-09
2.450048747789729120e+01,4.137539952016886673e+03,1.650565233216689376e+04,8.411185353956393653e-09
2.452608876033166396e+01,4.136981273271575446e+03,1.648687533529312714e+04,8.308366185850228539e-09
2.455156058224605431e+01,4.126428580105139190e+03,1.647829582867433055e+04,8.173267459810760619e-09
2.457735953679732432e+01,4.106706714973284761e+03,1.645757843125934232e+04,8.174783006448151528e-09
2.460256390886567956e+01,4.105971786970259018e+03,1.645024277691891621e+04,8.189753141875366619e-09
2.462799387881019086e+01,4.076390434205300153e+03,1.642891428645917040e+04,8.159439804286267996e-09
2.465306679569132342e+01,4.076012471759977871e+03,1.642182892282572357e+04,8.081492285629420465e-09
2.467875964553405410e+01,4.072670085880459737e+03,1.640137163458991927e+04,7.962674267526909429e-09
2.470385057202132728e+01,4.045833946411682064e+03,1.639304042929169736e+04,7.904572355481453421e-09
2.472905658223344716e+01,4.045180165155476516e+03,1.637697376421311310e+04,7.930829381741187614e-09
2.475440210506878813e+01,4.015336352712614826e+03,1.636431203739562261e+04,7.890041186493240490e-09
2.478007917111258607e+01,4.014989554419746582e+03,1.635466396786992300e+04,7.789168412108590963e-09
2.480517546428672659e+01,4.013041254109850343e+03,1.633572879595728955e+04,7.676166223431234608e-09
2.483033762783513865e+01,3.984876386676774473e+03,1.632885658152043470e+04,7.723394020842372883e-09
2.485598721048254944e+01,3.984131631508140345e+03,1.630779097558803005e+04,7.684556542464772484e-09
2.488143372932010777e+01,3.954212343917193721e+03,1.630089922924879829e+04,7.566845905271188311e-09
2.490719451376349980e+01,3.953839919327356711e+03,1.628200715116533502e+04,7.501248438322283746e-09
2.493273530426793272e+01,3.950089126425250015e+03,1.627246130145123789e+04,7.532601111392760812e-09
2.495810756489347071e+01,3.923420262260172876e+03,1.626200674847917253e+04,7.469788809139009603e-09
2.498323376319849842e+01,3.922422470628337123e+03,1.624433755920748808e+04,7.314824012210273387e-09
2.500848359217756212e+01,3.893075621629982834e+03,1.623773290798325615e+04,7.383449385302052679e-09
2.503400951903100591e+01,3.892172494712440312e+03,1.621698218194616857e+04,7.335301711096753045e-09
2.505963799757717325e+01,3.862408633583075243e+03,1.621019737277314198e+04,7.179303880820580258e-09
2.508487426817680088e+01,3.861766167060301086e+03,1.619363550649215722e+04,7.242358889550111373e-09
2.510988894363761048e+01,3.831793565719345679e+03,1.618334773866660362e+04,7.191543510879841294e-09
2.513508685311508017e+01,3.831385358968857872e+03,1.616722437170635749e+04,7.072338612549453173e-09
2.516048928308685362e+01,3.802296363951430521e+03,1.615860819843094578e+04,7.123733308496929931e-09
2.518626296192092440e+01,3.801150468988018474e+03,1.614909633872481390e+04,7.040720649796420369e-09
2.521184193009467123e+01,3.778635848616721432e+03,1.613079442899451897e+04,6.975552774163035520e-09
2.523735864256684991e+01,3.777992340171274009e+03,1.612471395258098164e+04,6.996830222747371081e-09
2.526259447442663841e+01,3.748152880356883088e+03,1.610483689218620748e+04,6.862716695877377155e-09
2.528829409404845308e+01,3.747719394637247660e+03,1.609737677045653618e+04,6.897604138973336180e-09
2.531397330849245364e+01,3.742616225238226889e+03,1.608703401872687755e+04,6.854460289405303643e-09
2.533928644040114264e+01,3.717414464603994929e+03,1.606984834421981031e+04,6.764556166605938314e-09
2.536482311735170470e+01,3.716445527314609535e+03,1.606393562061196099e+04,6.796640959934798262e-09
2.538985554276573353e+01,3.687206837806594649e+03,1.604435329711699160e+04,6.647298493715256993e-09
2.541488197980368113e+01,3.686629017706812647e+03,1.603699644204691140e+04,6.721833921887565182e-09
2.544017372381444630e+01,3.658071637597295194e+03,1.602861109163612309e+04,6.616179015897850017e-09
2.546540465360348549e+01,3.656331994648091040e+03,1.600988560750124816e+04,6.640227096123257419e-09
2.549072630022018870e+01,3.654765390297973227e+03,1.600429917431358081e+04,6.575005670653778709e-09
2.551583179371498744e+01,3.626265278476318599e+03,1.598664795737225359e+04,6.559693909760337202e-09
2.554118429813401292e+01,3.625514815694637946e+03,1.597719708728299702e+04,6.523302936452907951e-09
2.556621661746748586e+01,3.595768332817887767e+03,1.597090670848698937e+04,6.484938104864683881e-09
2.559201833181489505e+01,3.595288625600112937e+03,1.595066584925667303e+04,6.471021814211761163e-09
2.561771188950130451e+01,3.592597542289740431e+03,1.594474459961248249e+04,6.396851683614106292e-09
2.564316745710908663e+01,3.565089490653351731e+03,1.593325536200697388e+04,6.418151056163304684e-09
2.566884661745258356e+01,3.564320882512195112e+03,1.591761768381052570e+04,6.322691454264786754e-09
2.569471425293965083e+01,3.534591290722399208e+03,1.591200810392780295e+04,6.365622452984934326e-09
2.572035671900516007e+01,3.534190915997782213e+03,1.589245057351234937e+04,6.249254374173926830e-09
2.574603422700911537e+01,3.527063837509439963e+03,1.588521209971279495e+04,6.313180151708843017e-09
2.577179779762440148e+01,3.503854960761419989e+03,1.587777726019103829e+04,6.187555728235268776e-09
2.579732358243387225e+01,3.502819087457251499e+03,1.585845805672013012e+04,6.263705252860791130e-09
2.582261894944553049e+01,3.473633657607422265e+03,1.585312847979565049e+04,6.151486320058446895e-09
2.584802659104557065e+01,3.472963493891622420e+03,1.584039713964452494e+04,6.217027792453800955e-09
2.587329807278032590e+01,3.443082938684513465e+03,1.582626780425269681e+04,6.126882297020953434e-09
2.589882061911878353e+01,3.442538886774519597e+03,1.582093103868435173e+04,6.172532907445031740e-09
2.592460664152063998e+01,3.434020339762984804e+03,1.580152243946851013e+04,6.096459807565917276e-09
2.594990832964671412e+01,3.412082344014561841e+03,1.579427973865507920e+04,6.131306804155437563e-09
2.597495256639671979e+01,3.410024506744142855e+03,1.578801165481298267e+04,6.088996838876269296e-09
2.600026433742129228e+01,3.381791459299939106e+03,1.576815389568653518e+04,6.084379278121901858e-09
2.602543046390497850e+01,3.380905939012079216e+03,1.576265180222677009e+04,6.079408310222576434e-09
2.605087714459651949e+01,3.351769188388675957e+03,1.575347074314852398e+04,6.037595269978009959e-09
2.607614151151392790e+01,3.350070224757670076e+03,1.573681421403073364e+04,6.067042198256050201e-09
2.610149773920270277e+01,3.328586240205905597e+03,1.572934331157909037e+04,5.988972364578558859e-09
2.612650319100630369e+01,3.327850025095228830e+03,1.571352050959492772e+04,6.054662303547908513e-09
2.615224991561437307e+01,3.298109176780479174e+03,1.570836040733659866e+04,5.951033562081685637e-09
2.617760303129434263e+01,3.297767428722635486e+03,1.569476414432270030e+04,6.040772058810726132e-09
2.620333270510559132e+01,3.293096563485613387e+03,1.568147781962611407e+04,5.967205350494531460e-09
2.622841662901541682e+01,3.267566478447293321e+03,1.567635350852837655e+04,6.027739233791284103e-09
2.625419748200529568e+01,3.266878022726220024e+03,1.565674088657940774e+04,5.989203617046774086e-09
2.627975274321665466e+01,3.237196985100099482e+03,1.564965544139001213e+04,6.021653549009589023e-09
2.630493102793133176e+01,3.236877487211836979e+03,1.564340337867394010e+04,6.013862501353011184e-09
2.633000983295150377e+01,3.234542315820026488e+03,1.562344482488552239e+04,6.008550292813194266e-09
2.635545744279563962e+01,3.206846841728305208e+03,1.561798241498590141e+04,6.041226049351334285e-09
2.638107183075627660e+01,3.206214027433785304e+03,1.560840661920845560e+04,6.011630909542427645e-09
2.640653975511343887e+01,3.176962364391817118e+03,1.559100630741443456e+04,6.067365561139640209e-09
2.643170508306327093e+01,3.176046574373078329e+03,1.558600642846501069e+04,6.017376543796316109e-09
2.645680578808763528e+01,3.175321802183204909e+03,1.556893635078302759e+04,6.102309525593155135e-09
2.648218518246133613e+01,3.145826026474489026e+03,1.555903219806088782e+04,6.032145730206204032e-09
2.650784024113328741e+01,3.145492114095151010e+03,1.555332129700759469e+04,6.142938313854947864e-09
2.653354941062627503e+01,3.143580575201361626e+03,1.553264976197579017e+04,6.083395648069393705e-09
2.655909300199976286e+01,3.115498788125458759e+03,1.552677435724969109e+04,6.193870176403184822e-09
2.658513974701809346e+01,3.114958362689690603e+03,1.551716454726983648e+04,6.159650839886805236e-09
2.661082382051091599e+01,3.107674576092059397e+03,1.549931402020927635e+04,6.252728882578253883e-09
2.663629405722950949e+01,3.084802641343631876e+03,1.549407003630769395e+04,6.247869148242723023e-09
2.666130795172499290e+01,3.084379948384643740e+03,1.547467786283190799e+04,6.324904832769486051e-09
2.668639842427829834e+01,3.063642621266606966e+03,1.546681727685790065e+04,6.339278875660320608e-09
2.671155501537920784e+01,3.054283448289628268e+03,1.546013290781598153e+04,6.405791694482056171e-09
2.673720074994506746e+01,3.053846944518646069e+03,1.543940839540181696e+04,6.463535307219245210e-09
2.676248642331909267e+01,3.024530185935521786e+03,1.543400982615377507e+04,6.477106803134573629e-09
2.678775267041226371e+01,3.023796482264348469e+03,1.541708530977594819e+04,6.595098019347430570e-09
2.681292341911199273e+01,3.023390270464321475e+03,1.540613794731024063e+04,6.568153655221815673e-09
2.683875530058611858e+01,2.993943074838693519e+03,1.539923572216683169e+04,6.715458007989945648e-09
2.686472033612973931e+01,2.993330230904138261e+03,1.537797262935531944e+04,6.795109738486422639e-09
2.689055621579749200e+01,2.992925396723935137e+03,1.537224960362748789e+04,6.784086485812842518e-09
2.691589583136427777e+01,2.963629626543435734e+03,1.535164909223828909e+04,6.948763996691551278e-09
2.694109375748656632e+01,2.962904460930010373e+03,1.534391141093105762e+04,7.039229056024148372e-09
2.696626118216035195e+01,2.962589926816994193e+03,1.533374633717397228e+04,7.037558203506150289e-09
2.699195578352211200e+01,2.951756692037155517e+03,1.531519715950986392e+04,7.186160163893924007e-09
2.701717174648161190e+01,2.932539373771145165e+03,1.530867654040503476e+04,7.311334795075089160e-09
2.704266979195122644e+01,2.932250708766435764e+03,1.528729763935010669e+04,7.372058007883525954e-09
2.706850510170241364e+01,2.928780553639968275e+03,1.527752562319428398e+04,7.393966405457496917e-09
2.709450379722581559e+01,2.902334100519638469e+03,1.526126628629178595e+04,7.479517582316125785e-09
2.712051802058413230e+01,2.901624386937422969e+03,1.525317285664692281e+04,7.596034918400818212e-09
2.714564174441796141e+01,2.879238689290711591e+03,1.523188669009548357e+04,7.685645134279596583e-09
2.717089121729476275e+01,2.879039423483099654e+03,1.522546470755101291e+04,7.726083403706929791e-09
2.719661743107446483e+01,2.878644810302465430e+03,1.520252052334021209e+04,7.731859755395841554e-09
2.722221868807918455e+01,2.848977173750653492e+03,1.519631203897343403e+04,7.703169211170049024e-09
2.724731471886572010e+01,2.848665562284186308e+03,1.517364076760692114e+04,7.686430044961959610e-09
2.727302562916888107e+01,2.848440487363342527e+03,1.516700015686714869e+04,7.720239249963306244e-09
2.729914074003264446e+01,2.844131573684314844e+03,1.514504584937463187e+04,7.722173805004553954e-09
2.732509799466523503e+01,2.818410209937875152e+03,1.513729528294629381e+04,7.706528105949153354e-09
2.735101317604184956e+01,2.818052639464343883e+03,1.511759124628579775e+04,7.669376239513363898e-09
2.737604306126402776e+01,2.817115243004979220e+03,1.510787582192668742e+04,7.597623365973704149e-09
2.740234403451527001e+01,2.787864738422350911e+03,1.509571595999124111e+04,7.515634261287773784e-09
2.742784982303847841e+01,2.787605437382627315e+03,1.507838652929823002e+04,7.431026410149911250e-09
2.745300017106518453e+01,2.787245422427393351e+03,1.507091535101523368e+04,7.458811385594563858e-09
2.747847721505505802e+01,2.757568605484999807e+03,1.504927769557131978e+04,7.449113970579396839e-09
2.750457001825765957e+01,2.757235385884488096e+03,1.504307086149743009e+04,7.408949510159244500e-09
2.752999412554857273e+01,2.757074258424195705e+03,1.502017062400861141e+04,7.333231815795017594e-09
2.755544205047080908e+01,2.754940034244253638e+03,1.501448756368254544e+04,7.268338270190233440e-09
2.758127695249098821e+01,2.726976177826215007e+03,1.499217598223912682e+04,7.309446296417320586e-09
2.760663198861886514e+01,2.726619817681235872e+03,1.498538698537524397e+04,7.324335164869915747e-09
2.763242763868983687e+01,2.726100305774165463e+03,1.496933028242766522e+04,7.293860540411534974e-09
2.765798917133489354e+01,2.696290595957201276e+03,1.495615957503592472e+04,7.221773254526915240e-09
2.768380661227361372e+01,2.696212818697792045e+03,1.494736897258683166e+04,7.209116235655916484e-09
2.770960245459580662e+01,2.696033226862809897e+03,1.492694951979569123e+04,7.260045232005238024e-09
2.773584733803479097e+01,2.691181286787046247e+03,1.492045368588235760e+04,7.280619575858769709e-09
2.776163530792004508e+01,2.665972052404687929e+03,1.489766077559643418e+04,7.271732834262029976e-09
2.778663767358546721e+01,2.665647709390531872e+03,1.489224620431896255e+04,7.205530656486853177e-09
2.781192242484286226e+01,2.665072257708434790e+03,1.486953376315911919e+04,7.249573445912499496e-09
2.783817284732219122e+01,2.635331977387191728e+03,1.486309839873653982e+04,7.296866955324787952e-09
2.786427867777222644e+01,2.635206465459846640e+03,1.484243644339286948e+04,7.323249046740333107e-09
2.789062643583766388e+01,2.634989267420729902e+03,1.483390447828513607e+04,7.325580765252734122e-09
2.791672476482386145e+01,2.624061022112307455e+03,1.481426202254946293e+04,7.301615241739757442e-09
2.794222821140301605e+01,2.604903096157605432e+03,1.480873004130634035e+04,7.256819602190235757e-09
2.796755634147904601e+01,2.604694938789869866e+03,1.478603337584435576e+04,7.333991375758529427e-09
2.799385241304384664e+01,2.603959306581148667e+03,1.477937253563884951e+04,7.372069574479711696e-09
2.802007807739662582e+01,2.574399146000704604e+03,1.475843800336593995e+04,7.393682430856987156e-09
2.804523283574689430e+01,2.574205741040300381e+03,1.474988614268731544e+04,7.382938244204518689e-09
2.807053767763461138e+01,2.574001586868715549e+03,1.473876892452063476e+04,7.333212997426466038e-09
2.809554275296873982e+01,2.565578242437334666e+03,1.472061919831257546e+04,7.363722335978232108e-09
2.812103357272225068e+01,2.543929943611059116e+03,1.471356038783031909e+04,7.417628111721074389e-09
2.814650203641345882e+01,2.543702879189319447e+03,1.469120961577517664e+04,7.446155712966672490e-09
2.817167285934004894e+01,2.543137923605113883e+03,1.468550443650768284e+04,7.440795998679402591e-09
2.819679465579121214e+01,2.513328396793184311e+03,1.466202465071272854e+04,7.396345705664521954e-09
2.822183004431678555e+01,2.513234881696034336e+03,1.465659951031977653e+04,7.400510889171522525e-09
2.824832956264986805e+01,2.513078449587505929e+03,1.463309602959719632e+04,7.439431447465649163e-09
2.827363973484372295e+01,2.508697775317630203e+03,1.462694251925644858e+04,7.487547726545854109e-09
2.829965348781765755e+01,2.483027460902479561e+03,1.460543619103547826e+04,7.510651065555924515e-09
2.832525247659646084e+01,2.482635811159851528e+03,1.459719801835399630e+04,7.517502398091126967e-09
2.835139887217114207e+01,2.459906976387981558e+03,1.458185611499876541e+04,7.512692990389740123e-09
2.837640556182020291e+01,2.459889283272191733e+03,1.456750318010762567e+04,7.468356862295551639e-09
2.840273298284309433e+01,2.459790947154654532e+03,1.455729884869658417e+04,7.447730589693628252e-09
2.842780374875918525e+01,2.457946555446571892e+03,1.453775922981998883e+04,7.517829569789493110e-09
2.845313363326305378e+01,2.429616407418169729e+03,1.453075340444733411e+04,7.566245063883385421e-09
2.847825381006199308e+01,2.429309996091134963e+03,1.450817367630201625e+04,7.598859429236815150e-09
2.850399842648032234e+01,2.428969632328532498e+03,1.450214320085916370e+04,7.612125071517616293e-09
2.852950467450525451e+01,2.398922752179953477e+03,1.447836715710802127e+04,7.609889582818194278e-09
2.855595745709375066e+01,2.398885670307661712e+03,1.447250855923564814e+04,7.613961458089316523e-09
2.858233459959077649e+01,2.398799016236773241e+03,1.444819930477632261e+04,7.615508889980072513e-09
2.860751508923349817e+01,2.397045442959499269e+03,1.444276454926360202e+04,7.581068803837137618e-09
2.863281322864250811e+01,2.368604684166361949e+03,1.441944677805997344e+04,7.608599323508924808e-09
2.865787934714046159e+01,2.368302957841617172e+03,1.441216898536562258e+04,7.667116289061091384e-09
2.868354314813147710e+01,2.367972924863968728e+03,1.439328775818173017e+04,7.706159091347177024e-09
2.870919452189920307e+01,2.337890009515634574e+03,1.438656426446147088e+04,7.740172639516095965e-09
2.873438301469279921e+01,2.337882210558047518e+03,1.436333960706619473e+04,7.770515741668045492e-09
2.875939879124234366e+01,2.337834482130302149e+03,1.435751784604384193e+04,7.788097639994968107e-09
2.878584667648512507e+01,2.336320819771598508e+03,1.433318882540337290e+04,7.810873611558499768e-09
2.881092438051299354e+01,2.307580066437233654e+03,1.432755627683176135e+04,7.817022831734974889e-09
2.883690028164319941e+01,2.307289724817045681e+03,1.430307767477088964e+04,7.835087180022802402e-09
2.886222757162416386e+01,2.306964276579542002e+03,1.429749520139060587e+04,7.839233712198056921e-09
2.888759695244860737e+01,2.276862619567994898e+03,1.427303724629830867e+04,7.843289823935729218e-09
2.891396712766824351e+01,2.276847153632410482e+03,1.426716968692811861e+04,7.881181694194260400e-09
2.894021217528565160e+01,2.276764969004990235e+03,1.424237935405373901e+04,7.919732077209799098e-09
2.896532137798470430e+01,2.274607250398806173e+03,1.423683387511888395e+04,7.927401893014364943e-09
2.899048490139431422e+01,2.246576029229513551e+03,1.421230959181038270e+04,7.939251632616290679e-09
2.901587797687046688e+01,2.246270227841408087e+03,1.420659022755413207e+04,7.964110917181351952e-09
2.904105432405809850e+01,2.245911786040487186e+03,1.577153977668025072e+04,8.012374645061518687e-09
2.906722971392401078e+01,2.215845234925465775e+03,1.590959106124758728e+04,8.054539856527129739e-09
2.909311092992348691e+01,2.215801375231450493e+03,1.599099012334627696e+04,8.117387382708805305e-09
2.911943572044842554e+01,2.215678385635712402e+03,1.605485061930781922e+04,8.200395697990200307e-09
2.914538495850231570e+01,2.207453425906572647e+03,1.610743717973232742e+04,8.272991021596087159e-09
2.917040197276876157e+01,2.185437193777859648e+03,1.615147020624185461e+04,8.324637835238187363e-09
2.919554194716047846e+01,2.185299804844009486e+03,1.619085736410232130e+04,8.384978442452841368e-09
2.922149622087063392e+01,2.184738095214705936e+03,1.622741739791982945e+04,8.464407090540567283e-09
2.924715188525445342e+01,2.154943708066140971e+03,1.626017358453888482e+04,8.532041845907499939e-09
2.927335788755725687e+01,2.154747285785399072e+03,1.629065123122045770e+04,8.585776046928538263e-09
2.929854350534871443e+01,2.154513607961311209e+03,1.631742552432911907e+04,8.633489437715989017e-09
2.932419303076880368e+01,2.124340882773381054e+03,1.634246157717931783e+04,8.661603648149273002e-09
2.934986142258190966e+01,2.124295371585792054e+03,1.636545518420986809e+04,8.672496704880194562e-09
2.937524942704897768e+01,2.124240424675282156e+03,1.638627321880549789e+04,8.759226480011093102e-09
2.940088962066153044e+01,2.122105051913440093e+03,1.640546342293692214e+04,8.895179184120422329e-09
2.942615138642580419e+01,2.093994492606153017e+03,1.642281254402905324e+04,8.996585240904178454e-09
2.945160816903169732e+01,2.093716433695726664e+03,1.643858111817268946e+04,9.064243880934473833e-09
2.947789468998172779e+01,2.093275114875212239e+03,1.645340503779693245e+04,9.061051212217590641e-09
2.950297902255500304e+01,2.063361114462525165e+03,1.646595458572662028e+04,9.069299240749707317e-09
2.952829990481414413e+01,2.063204998516797787e+03,1.647733785065424308e+04,9.231065571160185294e-09
2.955435979257173074e+01,2.062970413858307438e+03,1.648757912648224010e+04,9.355061303424181721e-09
2.957939699505870834e+01,2.032867066544028148e+03,1.649601695785036281e+04,9.389045053152381211e-09
2.960567272599108790e+01,2.032781101289037451e+03,1.650358121967320767e+04,9.344673696000456516e-09
2.963189655693913949e+01,2.031557383130665812e+03,1.650976217239769539e+04,9.547458243855860290e-09
2.965782342343491251e+01,2.010063593445971946e+03,1.651449912310346554e+04,9.612641271592589114e-09
2.968357574566928037e+01,2.009804092555346415e+03,1.651788344795315788e+04,9.549291780970033757e-09
2.970943629399678088e+01,2.009256223017025377e+03,1.651997483710131200e+04,9.745918773407010830e-09
2.973526209911259244e+01,1.373608943510418430e+04,1.652076841153729038e+04,9.846169138972614819e-09
2.976085378526500591e+01,1.372644397803905122e+04,1.652028829876795498e+04,9.787002110194940729e-09
2.978625434015014406e+01,1.370030794651924225e+04,1.651855728241988254e+04,9.992338720770685351e-09
2.981178080332538372e+01,1.369349861911522385e+04,1.651554347963429609e+04,1.012969901848241646e-08
2.983714325780135468e+01,1.366793142739918949e+04,1.651126229624010011e+04,1.008157383423199815e-08
2.986230521288621276e+01,1.365489228496755459e+04,1.650571298340158319e+04,1.037304663066608300e-08
2.988743507208461736e+01,1.363545886302857980e+04,1.649883168617809861e+04,1.053051708127651873e-08
2.991258324572681104e+01,1.360934177691331206e+04,1.649083474620055495e+04,1.065027306864302271e-08
2.993767373556647726e+01,1.360208091662289371e+04,1.648146496351047972e+04,1.101059151803853337e-08
2.996346961726185043e+01,1.357567133215337526e+04,1.647028661704645128e+04,1.120907455802386313e-08
2.998958158722773959e+01,1.355088116155607531e+04,1.645766419645595670e+04,1.163943229692102335e-08
3.001504358976306364e+01,1.354090783068101155e+04,1.644373233551242083e+04,1.225310902684874969e-08
3.004093338270271829e+01,1.351422267292690049e+04,1.642806503225965207e+04,1.296078713889892701e-08
3.006695459701905904e+01,1.348987511024376181e+04,1.641052671847357487e+04,1.411231598337847467e-08
3.009246053886574757e+01,1.346013649721393267e+04,1.639173689825379915e+04,1.611695181560988004e-08
3.011758145220233374e+01,1.342739662370233600e+04,1.637110150374256045e+04,2.146298164957630482e-08
3.013113140449424776e+01,1.340165970489179927e+04,1.635893306988819313e+04,3.420378333314893730e-08
3.015680739556036727e+01,1.336510860579766813e+04,1.633196087265326787e+04,2.680033126459499209e-08
3.017347122455275255e+01,1.333977465818153905e+04,1.631401339847521194e+04,1.669475875209860350e-08
3.019867521934436283e+01,1.332129247405713977e+04,1.628662333088042578e+04,1.268591571066934926e-08
3.022390842825765844e+01,1.330825672610311995e+04,1.625819891912876847e+04,1.109504265795826393e-08
3.024964688451369454e+01,1.328319374683856040e+04,1.622792977186635471e+04,1.033729102659454521e-08
3.027498794619375744e+01,1.327770289051721193e+04,1.619683491404807501e+04,9.937776716830750802e-09
3.030089454235934099e+01,1.325286694037821326e+04,1.616381254092222844e+04,9.647926662975855260e-09
3.032668979286045996e+01,1.324744232928041674e+04,1.612963791519909137e+04,9.403099079944718240e-09
3.035258514389695961e+01,1.322395114347986782e+04,1.609409764059802546e+04,9.162044930682546607e-09
3.037789538066929751e+01,1.321756512431229567e+04,1.605824695096377945e+04,8.898118844772303236e-09
3.040379234580371914e+01,1.320436104928385430e+04,1.602052203931296026e+04,8.631174945783043175e-09
3.042995156753897845e+01,1.318791008539366521e+04,1.598186450518469610e+04,8.436730415896535127e-09
3.045525476909665485e+01,1.318226363039233547e+04,1.594395716989622633e+04,8.207726077800171538e-09
3.048051590888849915e+01,1.315893037106525844e+04,1.590560640584887551e+04,7.971888678324404817e-09
3.050582157311889731e+01,1.315519938996083692e+04,1.586678265862209082e+04,7.793478145526218561e-09
3.053170143970995198e+01,1.313053987682318621e+04,1.582736760717671132e+04,7.595969325452138137e-09
3.055687694155555079e+01,1.312658579768173695e+04,1.578890410845667975e+04,7.369238820967160455e-09
3.058261965150912687e+01,1.311903790450760062e+04,1.574936071659316804e+04,7.274728649434608968e-09
3.060807306159827590e+01,1.309807917100899249e+04,1.571052236352100772e+04,7.081760393626830509e-09
3.063413733539562855e+01,1.309454525933101468e+04,1.567072428542909802e+04,6.989941815238629485e-09
3.066059847922741355e+01,1.307078700186938113e+04,1.563003620133035110e+04,6.829610357211421442e-09
3.068566331007317416e+01,1.306663582471892369e+04,1.559211646155642848e+04,6.751550502341649539e-09
3.071105373776821423e+01,1.304790565552975750e+04,1.555379128260876132e+04,6.612232236820177597e-09
3.073671599888115935e+01,1.304348693210103193e+04,1.551502669819404582e+04,6.569033792606045071e-09
3.076274341759705777e+01,1.303910587726365156e+04,1.547576913498195790e+04,6.433393018630282028e-09
3.078831107840091263e+01,1.301534812311104724e+04,1.543822237996417061e+04,6.421330316893221260e-09
3.081348549529979053e+01,1.301229729736208174e+04,1.540146030034141222e+04,6.276753869968488901e-09
3.083865151097822022e+01,1.300518724352420759e+04,1.536497507788033909e+04,6.298088024679545996e-09
3.086394614247439350e+01,1.298429126083550000e+04,1.532855859708404569e+04,6.211358195601846964e-09
3.088956380356830422e+01,1.298114103270573651e+04,1.529192794719457561e+04,6.190678398541558856e-09
3.091514967867736630e+01,1.296681946914264336e+04,1.525564599637558058e+04,6.177788517388631388e-09
3.094113013311918081e+01,1.295297958634841052e+04,1.521825403421517331e+04,6.112062215780906607e-09
3.096710915208299397e+01,1.294954280356122763e+04,1.518004428964373255e+04,6.148913501208993841e-09
3.099275136829312416e+01,1.292583417540112896e+04,1.514019386773115184e+04,6.063039536968960221e-09
3.101828220131991287e+01,1.292157780304094013e+04,1.509719040562874397e+04,6.144324745517760964e-09
3.104391091968097882e+01,1.291729741414384989e+04,1.504798890298322840e+04,8.750921027598837833e-09
3.106925154305202241e+01,1.289350097194792033e+04,1.498894841126706160e+04,1.379890566431985683e-08
3.109442976134367242e+01,1.289023677989608041e+04,1.491511029261157637e+04,1.970178272160610174e-08
3.111970044156450399e+01,1.288224460510233075e+04,1.483087728816119670e+04,2.461717656824502073e-08
3.114532990896549336e+01,1.286184125798503919e+04,1.473377789936588852e+04,2.934246363497444817e-08
3.117075757704613892e+01,1.285817032842151457e+04,1.462985745539303934e+04,3.440512183090999098e-08
3.119589712996304343e+01,1.283453012775361276e+04,1.451624360618894571e+04,4.055567762299206659e-08
3.122106309839767135e+01,1.282938866007966863e+04,1.438241614128453875e+04,4.902861628049065105e-08
3.124619354604884336e+01,1.282196217054842782e+04,1.422641238604923637e+04,6.530849307351046227e-08
3.126517708720958666e+01,1.280085828047127507e+04,1.406819409004055524e+04,1.038267962331794569e-07
3.127250416548261924e+01,1.279953940345282899e+04,1.397335882092950851e+04,1.650199666770935348e-07
3.127566007088675804e+01,1.279886350110458079e+04,1.279886350110458079e+04,2.619467448795088066e-07
3.127710155779432455e+01,1.279855139747317662e+04,1.279855139747317662e+04,4.217336882719206473e-07
3.127777551702488523e+01,1.279839622480581602e+04,1.279839622480581602e+04,6.860577413362699640e-07
3.127808019120105243e+01,1.279831762600737966e+04,1.279831762600737966e+04,1.095045341388278357e-06
3.127825023396396276e+01,1.279826586514066184e+04,1.279826586514066184e+04,1.816350385862786280e-06
3.127833641063338277e+01,1.279823289627475242e+04,1.279823289627475242e+04,2.959190715723628575e-06
3.127838910037186437e+01,1.279820592871723056e+04,1.279820592871723056e+04,4.946578849333721698e-06
3.127841862086562585e+01,1.279818441250007163e+04,1.279818441250007163e+04,7.981540028580810158e-06
3.127843808604212228e+01,1.279816327921161064e+04,1.279816327921161064e+04,1.294982429020673184e-05
3.127845160513480849e+01,1.279813993675037818e+04,1.279813993675037818e+04,2.158459970797103590e-05
3.127846032598713677e+01,1.279811497255362156e+04,1.279811497255362156e+04,3.465123030321544693e-05
3.127846638186745665e+01,1.279808575496791491e+04,1.279808575496791491e+04,5.508117875552363802e-05
3.127847045792109526e+01,1.279805184028759140e+04,1.279805184028759140e+04,8.766071780779933554e-05
3.127847301897449483e+01,1.279801459438780330e+04,1.279801459438780330e+04,1.410316023187592797e-04
3.127847449643778432e+01,1.279797753696841210e+04,1.279797753696841210e+04,2.239484816841787543e-04
3.127847543678043607e+01,1.279793725665819875e+04,1.279793725665819875e+04,3.654724831324801895e-04
3.127847597918747624e+01,1.279789758767783132e+04,1.279789758767783132e+04,5.973524315015522586e-04
3.127847630875140439e+01,1.279785683758880805e+04,1.279785683758880805e+04,9.756267546586892174e-04
3.127847633536435623e+01,1.279785240612996859e+04,1.279785240612996859e+04,1.036228195432965533e-03
3.127847636134827880e+01,1.279784782042981897e+04,1.279784782042981897e+04,1.096714271155941819e-03
3.127847638081045645e+01,1.279784419961021558e+04,1.279784419961021558e+04,1.145905401640975266e-03
3.127847639979107441e+01,1.279784048564019940e+04,1.279784048564019940e+04,1.197254047277791084e-03
3.127847641777660570e+01,1.279783679830825349e+04,1.279783679830825349e+04,1.249800919447966894e-03
3.127847644475504296e+01,1.279783090931530205e+04,1.279783090931530205e+04,1.335109081807947040e-03
3.127847647740527748e+01,1.279782314103656608e+04,1.279782314103656608e+04,1.471517610513265037e-03
3.127847650024999382e+01,1.279781723188384058e+04,1.279781723188384058e+04,1.584992129271160744e-03
3.127847652727112759e+01,1.279780963625378718e+04,1.279780963625378718e+04,1.733438086494074395e-03
3.127847655167190766e+01,1.279780210584818997e+04,1.279780210584818997e+04,1.889671915632099757e-03
3.127847657455506081e+01,1.279779433604486803e+04,1.279779433604486803e+04,2.072514222667822675e-03
3.127847659135901637e+01,1.279778810450521087e+04,1.279778810450521087e+04,2.244813983968555089e-03
3.127847660968999577e+01,1.279778069578485338e+04,1.279778069578485338e+04,2.450869244409136210e-03
3.127847662686713903e+01,1.279777305126173633e+04,1.279777305126173633e+04,2.673857200848344003e-03
3.127847664344012202e+01,1.279776488530682036e+04,1.279776488530682036e+04,2.925338383248949920e-03
3.127847666066005772e+01,1.279775543984732576e+04,1.279775543984732576e+04,3.296919073831678336e-03
3.127847667883059657e+01,1.279774416279828256e+04,1.279774416279828256e+04,3.756638415575063155e-03
3.127847669862054047e+01,1.279772982633742504e+04,1.279772982633742504e+04,4.400829500350847759e-03
3.127847671557665521e+01,1.279771515483337498e+04,1.279771515483337498e+04,5.261723096614360877e-03
3.127847673483306323e+01,1.279769443069675435e+04,1.279769443069675435e+04,6.591495287954930032e-03
3.127847675092633395e+01,1.279767203002201313e+04,1.279767203002201313e+04,8.524649964025883889e-03
3.127847676788794828e+01,1.279763967935495930e+04,1.279763967935495930e+04,1.214547939688142425e-02
3.127847678319639968e+01,1.279759416790320756e+04,1.279759416790320756e+04,1.941108187977464913e-02
3.127847679341025611e+01,1.279754356404123610e+04,1.279754356404123610e+04,3.133530562206486569e-02
3.127847680037671907e+01,1.279748498096355615e+04,1.279748498096355615e+04,5.058029256187173556e-02
3.127847680548778442e+01,1.279741262537874718e+04,1.279741262537874718e+04,8.230156714421515973e-02
3.127847680981436795e+01,1.279731182947169509e+04,1.279731182947169509e+04,1.325891547015455862e-01
3.127847681428431770e+01,1.279714883001229646e+04,1.279714883001229646e+04,2.110925775522080605e-01
3.127847682002175844e+01,1.279681318001108411e+04,1.279681318001108411e+04,3.355807287974813535e-01
3.127847682644301841e+01,1.279610014932591002e+04,1.279610014932591002e+04,5.329088736601886866e-01
3.127847683575821591e+01,1.279347660720303429e+04,1.279347660720303429e+04,8.452385509969880806e-01
3.127847685161298941e+01,1.271236414627860358e+04,1.271236414627860358e+04,7.768845210869407270e-01
3.127847686751526624e+01,1.261800403145067321e+04,1.261800403145067321e+04,6.752321006367303369e-01
3.127847688338805199e+01,1.258832226456523495e+04,1.258832226456523495e+04,5.698263755922713392e-01
3.127847689926043984e+01,1.257270156981091532e+04,1.257270156981091532e+04,4.543082592091874927e-01
3.127847691514612904e+01,1.256425322951532871e+04,1.256425322951532871e+04,3.575354467173436079e-01
3.127847693102099669e+01,1.255373799236460582e+04,1.255373799236460582e+04,2.765698230847765671e-01
3.127847694693512182e+01,1.254548968635245001e+04,1.254548968635245001e+04,2.144057381453655375e-01
3.127847696284244705e+01,1.254370008258892994e+04,1.254370008258892994e+04,1.661474758066305291e-01
3.127847697873487220e+01,1.254295636875360833e+04,1.254295636875360833e+04,1.295750941488052754e-01
3.127847699483847776e+01,1.254219925618225534e+04,1.254219925618225534e+04,1.033057458191560113e-01
3.127847701077729070e+01,1.254131150159481149e+04,1.254131150159481149e+04,8.358623681182175691e-02
3.127847702683737907e+01,1.254045728257389237e+04,1.254045728257389237e+04,6.874856248260670377e-02
3.127847704304747722e+01,1.253966597403788728e+04,1.253966597403788728e+04,5.724054684641889656e-02
3.127847705899067421e+01,1.253895690347325399e+04,1.253895690347325399e+04,4.846851826852015266e-02
3.127847707518765930e+01,1.253729052992287325e+04,1.253729052992287325e+04,4.187274918890270675e-02
3.127847709115306785e+01,1.253578951222205069e+04,1.253578951222205069e+04,3.638387413372663054e-02
3.127847710760268996e+01,1.253444380199963598e+04,1.253444380199963598e+04,3.224061429592279399e-02
3.127847712370732225e+01,1.253330060722081907e+04,1.253330060722081907e+04,2.883491666138435217e-02
3.127847714042485094e+01,1.253226569432409087e+04,1.253226569432409087e+04,2.577776007864162819e-02
3.127847715698619879e+01,1.253135554789053822e+04,1.253135554789053822e+04,2.290682199874591318e-02
3.127847717306239161e+01,1.253053085178811307e+04,1.253053085178811307e+04,2.133887726445127947e-02
3.127847718991331050e+01,1.252965201895268729e+04,1.252965201895268729e+04,1.913465318683182925e-02
3.127847720611038440e+01,1.252871951420400728e+04,1.252871951420400728e+04,1.800613375609426414e-02
3.127847722354681892e+01,1.252759644392611699e+04,1.252759644392611699e+04,1.656888065027957782e-02
3.127847724018819164e+01,1.252646719666483841e+04,1.252646719666483841e+04,1.529624741664806394e-02
3.127847725650451238e+01,1.252538363254829528e+04,1.252538363254829528e+04,1.424809163455612905e-02
3.127847727395971233e+01,1.252430638744881071e+04,1.252430638744881071e+04,1.325320841898748429e-02
3.127847729072640703e+01,1.252337212746731166e+04,1.252337212746731166e+04,1.248310808170521174e-02
3.127847730847468100e+01,1.252249106817044049e+04,1.252249106817044049e+04,1.175528253531518165e-02
3.127847732517059853e+01,1.252175535143494199e+04,1.252175535143494199e+04,1.120448832174594442e-02
3.127847734258309842e+01,1.252107304773737633e+04,1.252107304773737633e+04,1.065925873434706884e-02
3.127847736087355202e+01,1.252043760531982480e+04,1.252043760531982480e+04,1.009327511843613294e-02
3.127847737690991536e+01,1.251993993134107222e+04,1.251993993134107222e+04,9.503119083320141561e-03
3.127847739459046750e+01,1.251944722768301654e+04,1.251944722768301654e+04,9.041899989605122617e-03
3.127847741310095131e+01,1.251898643881379030e+04,1.251898643881379030e+04,8.712433515433590236e-03
3.127847743166057626e+01,1.251857399214477482e+04,1.251857399214477482e+04,8.300361333836119362e-03
3.127847744816202891e+01,1.251824428970472763e+04,1.251824428970472763e+04,7.850020633176354318e-03
3.127847746606868640e+01,1.251792196107829477e+04,1.251792196107829477e+04,7.654903692267747695e-03
3.127847748302443520e+01,1.251764778915461284e+04,1.251764778915461284e+04,7.267951025864469346e-03
3.127847749927705578e+01,1.251741114726143678e+04,1.251741114726143678e+04,7.081610532351513901e-03
3.127847751774206131e+01,1.251717123097732474e+04,1.251717123097732474e+04,6.788382018804703377e-03
3.127847753489366767e+01,1.251697423758398509e+04,1.251697423758398509e+04,6.537284517824929614e-03
3.127847755568951982e+01,1.251676658563969249e+04,1.251676658563969249e+04,6.317294998139065532e-03
3.127847757308270715e+01,1.251661730973317572e+04,1.251661730973317572e+04,6.025733441111485143e-03
3.127847759117189597e+01,1.251648361921263313e+04,1.251648361921263313e+04,5.902684660890183781e-03
3.127847760984629488e+01,1.251636631385477631e+04,1.251636631385477631e+04,5.632413560652685912e-03
3.127847762906335660e+01,1.251626473330092449e+04,1.251626473330092449e+04,5.513735131562906046e-03
3.127847764910742256e+01,1.251617619847607602e+04,1.251617619847607602e+04,5.262944308331064108e-03
3.127847766956272224e+01,1.251610077146646836e+04,1.251610077146646836e+04,5.149018177079922771e-03
3.127847768605356649e+01,1.251604878841394020e+04,1.251604878841394020e+04,4.988538292042834187e-03
3.127847770663784743e+01,1.251599264157302605e+04,1.251599264157302605e+04,4.822353328999153151e-03
3.127847772506837032e+01,1.251594888833513323e+04,1.251594888833513323e+04,4.719420277540586212e-03
3.127847774124278146e+01,1.251591449638390623e+04,1.251591449638390623e+04,4.517325563338497364e-03
3.127847775922852591e+01,1.251587977852055519e+04,1.251587977852055519e+04,4.487029337781411366e-03
3.127847777810905683e+01,1.251584654969406802e+04,1.251584654969406802e+04,4.348145928141562179e-03
3.127847779548610774e+01,1.251581832167488392e+04,1.251581832167488392e+04,4.201274824971203831e-03
3.127847781612097577e+01,1.251578717233185489e+04,1.251578717233185489e+04,4.155708531287956482e-03
3.127847783521709601e+01,1.251576022979778645e+04,1.251576022979778645e+04,3.996539332393691905e-03
3.127847785436250660e+01,1.251573471797893581e+04,1.251573471797893581e+04,3.919783336859527720e-03
3.127847787678924618e+01,1.251570643956364984e+04,1.251570643956364984e+04,3.834788411334718889e-03
3.127847789672442858e+01,1.251568253822665065e+04,1.251568253822665065e+04,3.666397198397669446e-03
3.127847791891221974e+01,1.251565710944179955e+04,1.251565710944179955e+04,3.644283300496073234e-03
3.127847794183478314e+01,1.251563197807146935e+04,1.251563197807146935e+04,3.528277231303699954e-03
3.127847796329967522e+01,1.251560936916164064e+04,1.251560936916164064e+04,3.414126822971292208e-03
3.127847797993264578e+01,1.251559241375607417e+04,1.251559241375607417e+04,3.398754149853870556e-03
3.127847799664618478e+01,1.251557583375963259e+04,1.251557583375963259e+04,3.333545722290615163e-03
3.127847801955254781e+01,1.251555380265514577e+04,1.251555380265514577e+04,3.183279557772976040e-03
3.127847803575234309e+01,1.251553868086747752e+04,1.251553868086747752e+04,3.182931648704875362e-03
3.127847805463115094e+01,1.251552150496093964e+04,1.251552150496093964e+04,3.142182183482502503e-03
3.127847807132746283e+01,1.251550669702477899e+04,1.251550669702477899e+04,3.063186947619732543e-03
3.127847808766294690e+01,1.251549254094814751e+04,1.251549254094814751e+04,2.970680771959611534e-03
3.127847810515948623e+01,1.251547772710701429e+04,1.251547772710701429e+04,2.968813617277040948e-03
3.127847812547441464e+01,1.251546095495968075e+04,1.251546095495968075e+04,2.927391140813399677e-03
3.127847814323692432e+01,1.251544664906280377e+04,1.251544664906280377e+04,2.851781327884427789e-03
3.127847816078057619e+01,1.251543283256786162e+04,1.251543283256786162e+04,2.772305540117410948e-03
3.127847817974678080e+01,1.251541821875901769e+04,1.251541821875901769e+04,2.768609027287519900e-03
3.127847820130417844e+01,1.251540199570014192e+04,1.251540199570014192e+04,2.726754650017750199e-03
3.127847822027700175e+01,1.251538802703964393e+04,1.251538802703964393e+04,2.654047878559582813e-03
3.127847823914079228e+01,1.251537439790302415e+04,1.251537439790302415e+04,2.587160546964596252e-03
3.127847825976278529e+01,1.251535976730361654e+04,1.251535976730361654e+04,2.581461085673175324e-03
3.127847828241962347e+01,1.251534396703627681e+04,1.251534396703627681e+04,2.539542140898014277e-03
3.127847830274921037e+01,1.251532999094429579e+04,1.251532999094429579e+04,2.469455562493951765e-03
3.127847832300859210e+01,1.251531621080962032e+04,1.251531621080962032e+04,2.414350587078635708e-03
3.127847834549414330e+01,1.251530103842815333e+04,1.251530103842815333e+04,2.406576841922024833e-03
3.127847836931517733e+01,1.251528503541590544e+04,1.251528503541590544e+04,2.364585644964732440e-03
3.127847839110977546e+01,1.251527038992518828e+04,1.251527038992518828e+04,2.296936764925029857e-03
3.127847841287390906e+01,1.251525570360437268e+04,1.251525570360437268e+04,2.253070355985240664e-03
3.127847843749707835e+01,1.251523893742292603e+04,1.251523893742292603e+04,2.242996799951038709e-03
3.127847846253299124e+01,1.251522164506647823e+04,1.251522164506647823e+04,2.200805814740807928e-03
3.127847848590813129e+01,1.251520519963403603e+04,1.251520519963403603e+04,2.135367306830877540e-03
3.127847850934703544e+01,1.251518835360171397e+04,1.251518835360171397e+04,2.102530948409139008e-03
3.127847853650956722e+01,1.251516830517320341e+04,1.251516830517320341e+04,2.089646951610300233e-03
3.127847856278287608e+01,1.251514831234427766e+04,1.251514831234427766e+04,2.046966076965510677e-03
3.127847858771434986e+01,1.251512874552378162e+04,1.251512874552378162e+04,1.983854302193354714e-03
3.127847861306930000e+01,1.251510821724865673e+04,1.251510821724865673e+04,1.961940269904867678e-03
3.127847864246470877e+01,1.251508360809753140e+04,1.251508360809753140e+04,1.946293326274928497e-03
3.127847867014322247e+01,1.251505964589029827e+04,1.251505964589029827e+04,1.903372127425803379e-03
3.127847869683507653e+01,1.251503583937284930e+04,1.251503583937284930e+04,1.842393976451029520e-03
3.127847872437590837e+01,1.251501059803980388e+04,1.251501059803980388e+04,1.830564810260077802e-03
3.127847875591032789e+01,1.251498092755324615e+04,1.251498092755324615e+04,1.812260520472154307e-03
3.127847878516581659e+01,1.251495276129237755e+04,1.251495276129237755e+04,1.769283038696384822e-03
3.127847881383745232e+01,1.251492465206604720e+04,1.251492465206604720e+04,1.710269061151814020e-03
3.127847884372629750e+01,1.251489491712032395e+04,1.251489491712032395e+04,1.707740309068291051e-03
3.127847886096998309e+01,1.251487760082148634e+04,1.251487760082148634e+04,1.700502467046294220e-03
3.127847887775399371e+01,1.251486065541834978e+04,1.251486065541834978e+04,1.686586189685505702e-03
3.127847890870848957e+01,1.251482922813266123e+04,1.251482922813266123e+04,1.643573926525381760e-03
3.127847893960091241e+01,1.251479771562347378e+04,1.251479771562347378e+04,1.595697500003762006e-03
3.127847897227801255e+01,1.251476431448194853e+04,1.251476431448194853e+04,1.592664616127306872e-03
3.127847899118241770e+01,1.251474499453264434e+04,1.251474499453264434e+04,1.583549895427362316e-03
3.127847900867974218e+01,1.251472712548463642e+04,1.251472712548463642e+04,1.568602282910530176e-03
3.127847902514411516e+01,1.251471033901598639e+04,1.251471033901598639e+04,1.549103278778491636e-03
3.127847904157439984e+01,1.251469361390082850e+04,1.251469361390082850e+04,1.525484075856236351e-03
3.127847905806524409e+01,1.251467686350043368e+04,1.251467686350043368e+04,1.498898263731475054e-03
3.127847907473387679e+01,1.251465997929471814e+04,1.251465997929471814e+04,1.490107513536050336e-03
3.127847909191676123e+01,1.251464262238962147e+04,1.251464262238962147e+04,1.489252057186930042e-03
3.127847911079360443e+01,1.251462362411365029e+04,1.251462362411365029e+04,1.484599562150835288e-03
3.127847913035339289e+01,1.251460401537756661e+04,1.251460401537756661e+04,1.474111566397957136e-03
3.127847914859340861e+01,1.251458580420533690e+04,1.251458580420533690e+04,1.458535698919627855e-03
3.127847916616389767e+01,1.251456833812638251e+04,1.251456833812638251e+04,1.438818889857870244e-03
3.127847918389666759e+01,1.251455078269084333e+04,1.251455078269084333e+04,1.415387529820729979e-03
3.127847920151653582e+01,1.251453342010436791e+04,1.251453342010436791e+04,1.391035491436131040e-03
3.127847921948230336e+01,1.251451579833198230e+04,1.251451579833198230e+04,1.391432181971898226e-03
3.127847923837851951e+01,1.251449735212229643e+04,1.251449735212229643e+04,1.389541807814661080e-03
3.127847925969853904e+01,1.251447665074174984e+04,1.251447665074174984e+04,1.383004530083209492e-03
3.127847928000476330e+01,1.251445704952905544e+04,1.251445704952905544e+04,1.371177313896117982e-03
3.127847929904011437e+01,1.251443877018113562e+04,1.251443877018113562e+04,1.355057373509696702e-03
3.127847931784303981e+01,1.251442081181780486e+04,1.251442081181780486e+04,1.335149563124709291e-03
3.127847933698273764e+01,1.251440263149810744e+04,1.251440263149810744e+04,1.311972318088308305e-03
3.127847935597166895e+01,1.251438468910684242e+04,1.251438468910684242e+04,1.299498693454888840e-03
3.127847937547533874e+01,1.251436635908956305e+04,1.251436635908956305e+04,1.299095959946657214e-03
3.127847939653591780e+01,1.251434668312090253e+04,1.251434668312090253e+04,1.295816500943513649e-03
3.127847941915751662e+01,1.251432567771678259e+04,1.251432567771678259e+04,1.287577557962172594e-03
3.127847944024617277e+01,1.251430621906901615e+04,1.251430621906901615e+04,1.274728468395137709e-03
3.127847946040057181e+01,1.251428773106916742e+04,1.251428773106916742e+04,1.258110624430514241e-03
3.127847948066071027e+01,1.251426925143608241e+04,1.251426925143608241e+04,1.238061552807887510e-03
3.127847950096699492e+01,1.251425084051613339e+04,1.251425084051613339e+04,1.215657295382048010e-03
3.127847952155538636e+01,1.251423227877097816e+04,1.251423227877097816e+04,1.213911034938121867e-03
3.127847954294893285e+01,1.251421310735841871e+04,1.251421310735841871e+04,1.212551414070658917e-03
3.127847956675126184e+01,1.251419191393240908e+04,1.251419191393240908e+04,1.207536266580794488e-03
3.127847959011419121e+01,1.251417125278487219e+04,1.251417125278487219e+04,1.197862199048625514e-03
3.127847961206194327e+01,1.251415196634847598e+04,1.251415196634847598e+04,1.184242206925810751e-03
3.127847963360728301e+01,1.251413314874409843e+04,1.251413314874409843e+04,1.167191729033353366e-03
3.127847965555394794e+01,1.251411410304891615e+04,1.251411410304891615e+04,1.147062887927730382e-03
3.127847967732711965e+01,1.251409532105252583e+04,1.251409532105252583e+04,1.134020940289480516e-03
3.127847969959910301e+01,1.251407622515403818e+04,1.251407622515403818e+04,1.133776941917215850e-03
3.127847972342216210e+01,1.251405593632115779e+04,1.251405593632115779e+04,1.131171863109013773e-03
3.127847974935639996e+01,1.251403400526420046e+04,1.251403400526420046e+04,1.124336386557834655e-03
3.127847977355440179e+01,1.251401368653858844e+04,1.251401368653858844e+04,1.113427839166143208e-03
3.127847979664184663e+01,1.251399442746681234e+04,1.251399442746681234e+04,1.099133564052414986e-03
3.127847981982898418e+01,1.251397521241327195e+04,1.251397521241327195e+04,1.081721283582899465e-03
3.127847984322391639e+01,1.251395595597367719e+04,1.251395595597367719e+04,1.061982295008543796e-03
3.127847986685556236e+01,1.251393662953933017e+04,1.251393662953933017e+04,1.059730856374410668e-03
3.127847989127664974e+01,1.251391679727268638e+04,1.251391679727268638e+04,1.058558290699575114e-03
3.127847991829905538e+01,1.251389500810795289e+04,1.251389500810795289e+04,1.054273747177289109e-03
3.127847994496631401e+01,1.251387367212700337e+04,1.251387367212700337e+04,1.045945448274426641e-03
3.127847997008339931e+01,1.251385372295078014e+04,1.251385372295078014e+04,1.034116315330865440e-03
3.127847999475806162e+01,1.251383426262088506e+04,1.251383426262088506e+04,1.019208707768674577e-03
3.127848001990539828e+01,1.251381457104213951e+04,1.251381457104213951e+04,1.001514417515496792e-03
3.127848004492339484e+01,1.251379511809807263e+04,1.251379511809807263e+04,9.903699567158485290e-04
3.127848174282668126e+01,1.251272765193465966e+04,1.251272765193465966e+04,6.216530883444395172e-04
3.127848457196275334e+01,1.251127394106019165e+04,1.251127394106019165e+04,3.912686281791542104e-04
3.127848892842612472e+01,1.250929402844636024e+04,1.250929402844636024e+04,2.448411387941140421e-04
3.127849603109202192e+01,1.250220187600041027e+04,1.250220187600041027e+04,1.535477194638784192e-04
3.127850714132385690e+01,1.249466164815923730e+04,1.249466164815923730e+04,9.676845181796810895e-05
3.127852514953733376e+01,1.249094643038974391e+04,1.249094643038974391e+04,6.019056321549707899e-05
3.127855465352302389e+01,1.249031714000932334e+04,1.249031714000932334e+04,3.763125801051236171e-05
3.127860086419872232e+01,1.249031934833856030e+04,1.249031934833856030e+04,2.352712882782240979e-05
3.127867767508401187e+01,1.248995219411880680e+04,1.248995219411880680e+04,1.465121653131495009e-05
3.127880356894987557e+01,1.248954707728260655e+04,1.248954707728260655e+04,9.236660131016542042e-06
3.127900011467987085e+01,1.248915699844569281e+04,1.248915699844569281e+04,5.810229252662892744e-06
3.127931687130286775e+01,1.248844442821300072e+04,1.284911973160598245e+04,3.665624943687919139e-06
3.127982759524626744e+01,1.248635773181241166e+04,1.359921860926568115e+04,2.300049599713290290e-06
3.128068834284744781e+01,1.247526844635865564e+04,1.410246010707246023e+04,1.438494990603241097e-06
3.128204653208528185e+01,1.246821860010455384e+04,1.448313344269087793e+04,9.020676356044511029e-07
3.128426955606396831e+01,1.246709352851403310e+04,1.482705743786784114e+04,5.678039423152011774e-07
3.128773827402757135e+01,1.246549051907008652e+04,1.512436466330804978e+04,3.561852827569808513e-07
3.129296859497880234e+01,1.245625393042377982e+04,1.538320274763657289e+04,2.229052038218749223e-07
3.130062313821542830e+01,1.240483335022135907e+04,1.561845416946860314e+04,1.386244420623428157e-07
3.132268159106872929e+01,1.230693797014204029e+04,1.602181965311357089e+04,2.209144091481953658e-07
3.132893770814179035e+01,1.225215734306897684e+04,1.610812655474455460e+04,1.389978350157031127e-07
3.133201298567238879e+01,1.224977476840817690e+04,1.614875680253292194e+04,8.731872508280014166e-08
3.135702392894053503e+01,1.217040378576126750e+04,1.644763744379183117e+04,9.080198626172718222e-08
3.138218259777205787e+01,1.210776192059101777e+04,1.671131261818452549e+04,6.347520358447801172e-08
3.140727527347166159e+01,1.204756079310761015e+04,1.694966624320563642e+04,6.421603781884947373e-08
3.143235933744640320e+01,1.198629843087736481e+04,1.716403766655740037e+04,5.911947581152079719e-08
3.145746849758676689e+01,1.193234340437020546e+04,1.736133408119964952e+04,4.645995540812927576e-08
3.147477455556987991e+01,1.189638310546007415e+04,1.748701487741051096e+04,7.579985481244958819e-08
3.147939566963599489e+01,1.189273305238202556e+04,1.751895326107510846e+04,1.203410065080534064e-07
3.149091770361573595e+01,1.186367204995280008e+04,1.759650856457819827e+04,7.548775001486691096e-08
3.149744854913163294e+01,1.184242020606439655e+04,1.763951809707529901e+04,4.668458387566419635e-08
3.152257863355297474e+01,1.180331660046306024e+04,1.779847368943712718e+04,5.098885829440375953e-08
3.153222470108311626e+01,1.177451465079610171e+04,1.785610107314993365e+04,8.322757744992916787e-08
3.153636280162488958e+01,1.177132810674034590e+04,1.788002746272911099e+04,1.328947561480431892e-07
3.154340625086717509e+01,1.174548509077118251e+04,1.792016428571667711e+04,8.363658261689299917e-08
3.154739133517906780e+01,1.174283848445386866e+04,1.794276499952158338e+04,5.076165085112743417e-08
3.157271315147761115e+01,1.169174248809034543e+04,1.808234351604571202e+04,3.818411311604901216e-08
3.159626543158540102e+01,1.165551691231104269e+04,1.820465787062715390e+04,6.155841623125468663e-08
3.160412622127600457e+01,1.162883730882109921e+04,1.824360967330042331e+04,9.758722521755360434e-08
3.161910797662460482e+01,1.159798777065493414e+04,1.831590529064037764e+04,6.138860859605691502e-08
3.164431906690598240e+01,1.154430305686837528e+04,1.843298073206633853e+04,4.296796529035686925e-08
3.166314843415160851e+01,1.150697638044127598e+04,1.851614165159207187e+04,6.890629867768173666e-08
3.166559277706855724e+01,1.150505983647356879e+04,1.852652667324840149e+04,1.120309036682567685e-07
3.166742647571511071e+01,1.150290877287301009e+04,1.853414373200899718e+04,1.795839587729569598e-07
3.166917969321938386e+01,1.149674649480574044e+04,1.854133244861485946e+04,2.869836321827333154e-07
3.167143710483858854e+01,1.147701033343423660e+04,1.855017018710291086e+04,4.584954019651296979e-07
3.167317555074330926e+01,1.147391770078231821e+04,1.855629687719707727e+04,7.331053933727675487e-07
3.167380077543854355e+01,1.147188890798429566e+04,1.855809035790582857e+04,1.162996846459631118e-06
3.167406983675125787e+01,1.147066745908835946e+04,1.855861448204733824e+04,1.878701712440533125e-06
3.167419042386218209e+01,1.146998308489945157e+04,1.855866371190817881e+04,3.052072088871701024e-06
3.167424655388922261e+01,1.146962416619204123e+04,1.855853552097019929e+04,4.972413159076209261e-06
3.167427239148440776e+01,1.146943825401757022e+04,1.855835915478314928e+04,7.899978608928147439e-06
3.167428571644627411e+01,1.146932840166294045e+04,1.855816382434784100e+04,1.276552964016475972e-05
3.167429261698193699e+01,1.146926030218098640e+04,1.855796355817843869e+04,2.082301429896116844e-05
3.167429574173105777e+01,1.146922143295684509e+04,1.855779413420856145e+04,3.629982370672712056e-05
3.167429725691612319e+01,1.146919697863930196e+04,1.855765343037978164e+04,6.093159475604148468e-05
3.167429815670909221e+01,1.146917747193659125e+04,1.855751860963741274e+04,1.040167692132936349e-04
3.167429862153290898e+01,1.146916351012429914e+04,1.855740541958032918e+04,1.655863037164969763e-04
3.167429892133497660e+01,1.146915084931964157e+04,1.855729437859724203e+04,2.692507819796301498e-04
3.167429912280991999e+01,1.146913814594424002e+04,1.855717313103605193e+04,4.654298627343164468e-04
3.167429922728572578e+01,1.146912805719004427e+04,1.855707224935611885e+04,7.444543617485943751e-04
3.167429928139789297e+01,1.146912050306216588e+04,1.855699429343385418e+04,1.075304692115472156e-03
3.167429931223425754e+01,1.146911471080075898e+04,1.855693366104986853e+04,1.434948455833703809e-03
3.167429932809150728e+01,1.146911099604997980e+04,1.855689468308873620e+04,1.728165341698065715e-03
3.167429934588490070e+01,1.146910587473266423e+04,1.855684054703160655e+04,2.237180587974509863e-03
3.167429936401149959e+01,1.146909892610512543e+04,1.855676625745588899e+04,3.172384142195250681e-03
3.167429938002937106e+01,1.146908991438874909e+04,1.855667097123409621e+04,4.950015517223574184e-03
3.167429939206930456e+01,1.146907899858959172e+04,1.855655483547243784e+04,8.283398706573172343e-03
3.167429939938764960e+01,1.146906790232308776e+04,1.855643571078848618e+04,1.334466049107113986e-02
3.167429940458327309e+01,1.146905460692903580e+04,1.855629422889061243e+04,2.179031552751229880e-02
3.167429940833555335e+01,1.146903789103808776e+04,1.855611519033506192e+04,3.490329180235152151e-02
3.167429941094391310e+01,1.146901833046167303e+04,1.855590649347992439e+04,5.534063580128249088e-02
3.167429941333604759e+01,1.146899032566565802e+04,1.855560893343012503e+04,9.121869290401941888e-02
3.167429941624013878e+01,1.146894148647836664e+04,1.855509446435328573e+04,1.465801489024954052e-01
3.167429942149212252e+01,1.146881857538099212e+04,1.855388466169010644e+04,2.333934577636038732e-01
3.167429942876538007e+01,1.146850852797215884e+04,1.855120262464425468e+04,3.703037163617672323e-01
3.167429943978502394e+01,1.146732004433815564e+04,1.854478431373193962e+04,5.899890673880536784e-01
3.167429945563015536e+01,1.142949964151836321e+04,1.853000771820296723e+04,7.874765265794918534e-01
3.167429945771452893e+01,1.141161176976488969e+04,1.852781742504034992e+04,4.932112992913357252e-01
3.167429947252555777e+01,1.135876086770878646e+04,1.851760351383910529e+04,3.108322902860853887e-01
3.167429948632234016e+01,1.133840210577862490e+04,1.851308142924497224e+04,1.957519624005418790e-01
3.167429949770112074e+01,1.133674553542869216e+04,1.851108267801555849e+04,1.225409556031253483e-01
3.167429950909821201e+01,1.133501953645953472e+04,1.850991049631334681e+04,7.718997164628596530e-02
3.167429952174599705e+01,1.133319593279419678e+04,1.850913211433711695e+04,4.828956536184810661e-02
3.167429953751980776e+01,1.132917932808010119e+04,1.850855048627510041e+04,2.993849883810418416e-02
3.167429955417780008e+01,1.132625877220520852e+04,1.850816820394552997e+04,1.964703099797208974e-02
3.167429957085879266e+01,1.132421352661509809e+04,1.850790782230252080e+04,1.420102047921974198e-02
3.167429958837204396e+01,1.132211179278605960e+04,1.850771222986992143e+04,1.066852828269166005e-02
3.167429960552344070e+01,1.131963263956770606e+04,1.850756447343460604e+04,8.464605179305206145e-03
3.167429962325140380e+01,1.131734208781195593e+04,1.850744280536551014e+04,6.939869547205732535e-03
3.167429964065084746e+01,1.131562445198788919e+04,1.850734707076993800e+04,5.788142865427840095e-03
3.167429965863740904e+01,1.131429312410588682e+04,1.850726236952846739e+04,4.965846498253568934e-03
3.167429967580098449e+01,1.131332274270191920e+04,1.850719288888342635e+04,4.354244472595297268e-03
3.167429969224568254e+01,1.131259055552346945e+04,1.850713631037292726e+04,3.842901620851498379e-03
3.167429970824807839e+01,1.131201858659376921e+04,1.850708626015210029e+04,3.478324864347618305e-03
3.167429972708464092e+01,1.131148699554022824e+04,1.850703417200759577e+04,3.136075299713218974e-03
3.167429974552202410e+01,1.131109144646137611e+04,1.850698847072109129e+04,2.809611999320634108e-03
3.167429976396584124e+01,1.131080075424577262e+04,1.850694712193806845e+04,2.552742326330643269e-03
3.167429978903772181e+01,1.131053616779296135e+04,1.850689719656290617e+04,2.285186476368421087e-03
3.167429980759601449e+01,1.131040596564754924e+04,1.850686455045879484e+04,2.127957504290145432e-03
3.167429982639017538e+01,1.131030832097917482e+04,1.850683190435467986e+04,1.964094948826331736e-03
3.167429984389832143e+01,1.131023657091001769e+04,1.850680578747139225e+04,1.827156157620671642e-03
3.167429986238961703e+01,1.131017357543561593e+04,1.850677979063909879e+04,1.707776610947682461e-03
3.167429988498329152e+01,1.131010826821214505e+04,1.850674931876877963e+04,1.585768671386691454e-03
3.167429991321576921e+01,1.131003856593515957e+04,1.850671667033629274e+04,1.465805951613565437e-03
3.167429994102398894e+01,1.130997873411575165e+04,1.850668619846597358e+04,1.353249719705885545e-03
3.167429996906130540e+01,1.130992478565725833e+04,1.850665790315781851e+04,1.244978194027614388e-03
3.167429999557797515e+01,1.130987824410460962e+04,1.850663189392316417e+04,1.157925051769778104e-03
3.167430002608445605e+01,1.130982886389910709e+04,1.850660577331421155e+04,1.075809693682134140e-03
3.167430004437986568e+01,1.130980094413703046e+04,1.850659053629232221e+04,1.031922565926975425e-03
3.167430006563225220e+01,1.130976975493898863e+04,1.850657312255302168e+04,9.895578666451083916e-04
3.167430035711798908e+01,1.130931524005942447e+04,1.850640778556390069e+04,6.037565388532198547e-04
3.167430078808388316e+01,1.130851373942427745e+04,1.850625992420894181e+04,3.733684756428048805e-04
3.167430149123785554e+01,1.130757445789441954e+04,1.850612276166189986e+04,2.249082160583725908e-04
3.167430252405188540e+01,1.130655009777342821e+04,1.850600308126301752e+04,1.393493931030910776e-04
3.167430418251952062e+01,1.130512694592543994e+04,1.850589203699329664e+04,8.487032024171126078e-05
3.167430658574576796e+01,1.130331384069917840e+04,1.850579633396528152e+04,5.336110170410448829e-05
3.167431043409361635e+01,1.129805791376629350e+04,1.850571140564026064e+04,3.289919327941707978e-05
3.167431673151549276e+01,1.129245560567733082e+04,1.850563522635928530e+04,1.984667230878208415e-05
3.167432714615803135e+01,1.128928111827150860e+04,1.850557860343548236e+04,1.174499447745827825e-05
3.167434206417313192e+01,1.128830138195788641e+04,1.850555032436413239e+04,7.302362564317760916e-06
3.167436616482200051e+01,1.128791700380123802e+04,1.850555900319262946e+04,4.451309172342580650e-06
3.167440645341869043e+01,1.128748990519126892e+04,1.850562433733547732e+04,2.636591845982033743e-06
3.167446259511855189e+01,1.128691203891321675e+04,1.850575931392616985e+04,1.656910219547692859e-06
3.167455234107514528e+01,1.128621554573766298e+04,1.850601403342400954e+04,1.019639074426774817e-06
3.167469867612058820e+01,1.128423513918877143e+04,1.850647318995067326e+04,6.127517807592308645e-07
3.167494193747434394e+01,1.127703588734196092e+04,1.850727806777756268e+04,3.583586776677165017e-07
3.167528537303785896e+01,1.127132740491827462e+04,1.850845141340333794e+04,2.212998519630811910e-07
3.167583828551569880e+01,1.126920785928041005e+04,1.851036757646772458e+04,1.331004275156940478e-07
3.167675630881766224e+01,1.126927720724832761e+04,1.851357477236599880e+04,7.722515009768826331e-08
3.167797130202074385e+01,1.126947207556505236e+04,1.851783119511784025e+04,4.835187228284109684e-08
3.168762227836957734e+01,1.126033451708611574e+04,1.855143245302189098e+04,7.687368584622724640e-08
3.168927700318016250e+01,1.124173438185084524e+04,1.855710234708318239e+04,1.242340498902192050e-07
3.169548014251130397e+01,1.122217927876249269e+04,1.857826812737362343e+04,7.784643151830095213e-08
3.172048392919784732e+01,1.114641846742381313e+04,1.866186715389920573e+04,8.067801281137982840e-08
3.172080606065496156e+01,1.114618086277496695e+04,1.866291687154653118e+04,1.331528905595024245e-07
3.172099302145811706e+01,1.114605093977777142e+04,1.866351949838448854e+04,2.170614324865959099e-07
3.172111060059277321e+01,1.114597099684251953e+04,1.866389158117058832e+04,3.507279520079041941e-07
3.172118737044243986e+01,1.114591915530798542e+04,1.866412809542055038e+04,5.758433197872944358e-07
3.172123544178947441e+01,1.114588669075667895e+04,1.866426845314488673e+04,9.466383662056008502e-07
3.172126533110200697e+01,1.114586642091451358e+04,1.866435067436100508e+04,1.557247910333609895e-06
3.172128295575364731e+01,1.114585437546932553e+04,1.866439090847850457e+04,2.491017493416726432e-06
3.172129422226533890e+01,1.114584657996001260e+04,1.866440928287107090e+04,4.013616203534023364e-06
3.172130110367650246e+01,1.114584172489803859e+04,1.866441549599475547e+04,6.375172557899882557e-06
3.172130562521335406e+01,1.114583844256303928e+04,1.866441102553725796e+04,1.035349099437166302e-05
3.172130841534997714e+01,1.114583631477275776e+04,1.866440208462225564e+04,1.678196600655040724e-05
3.172131010343477797e+01,1.114583493661484135e+04,1.866439090847850457e+04,2.680584906383143469e-05
3.172131116757621783e+01,1.114583397352796601e+04,1.866437526187725598e+04,4.288285671392629559e-05
3.172131189199257761e+01,1.114583320825870214e+04,1.866435786884405024e+04,7.223267948471821548e-05
3.172131230571529770e+01,1.114583266939870737e+04,1.866433998570422045e+04,1.181423087644327581e-04
3.172131254802674150e+01,1.114583225849913288e+04,1.866432385161600178e+04,1.874078039866805382e-04
3.172131270962064775e+01,1.114583188373453777e+04,1.866430421942455359e+04,3.058166918789199202e-04
3.172131280665550790e+01,1.114583156221301397e+04,1.866428633628472016e+04,4.885410915836276144e-04
3.172131287158557100e+01,1.114583123717687886e+04,1.866426621775240710e+04,8.026818617537871117e-04
3.172131289597994197e+01,1.114583106439722724e+04,1.866425504079001257e+04,1.050107630927579489e-03
3.172131291370283179e+01,1.114583090751809505e+04,1.866424386382761804e+04,1.344776850598190842e-03
3.172131292984817108e+01,1.114583072447716404e+04,1.866423220723724808e+04,1.789731830273512837e-03
3.172131294778021271e+01,1.114583043683461801e+04,1.866421256833291045e+04,2.764348075264361822e-03
3.172131296209635565e+01,1.114583007412728512e+04,1.866418750266224743e+04,4.594349789277706736e-03
3.172131297148471774e+01,1.114582968636895566e+04,1.866415891891341016e+04,7.428501985032374792e-03
3.172131297921544757e+01,1.114582915079197664e+04,1.866412091724126367e+04,1.295781227704363193e-02
3.172131298557557244e+01,1.114582835138135306e+04,1.866406279703680775e+04,2.410878976976163143e-02
3.172131298968656665e+01,1.114582744279740291e+04,1.866399797065491293e+04,3.944334138090369035e-02
3.172131299354939316e+01,1.114582605434263314e+04,1.866389783312864165e+04,6.313932909115496650e-02
3.172131300948240451e+01,1.114581625797620291e+04,1.866319444019908769e+04,9.779922063484189354e-02
3.172131302534875275e+01,1.114580335205785013e+04,1.866227392858778694e+04,1.328008625312500357e-01
3.172131304122050821e+01,1.114578598512642748e+04,1.866104276043289065e+04,1.745455097667071576e-01
3.172131305713994820e+01,1.114576332579717200e+04,1.865945075841986181e+04,2.138856241395115931e-01
3.172131307304863412e+01,1.114573495131615346e+04,1.865748087758237307e+04,2.563609336888619250e-01
3.172131308890110901e+01,1.114569952217075661e+04,1.865509334571142608e+04,3.170992150045391922e-01
3.172131310479072752e+01,1.114565308727987031e+04,1.865201856913355732e+04,4.225962921347717893e-01
3.172131312066121112e+01,1.114558752582535453e+04,1.864778499740410189e+04,5.931087364254901129e-01
3.172131313655025409e+01,1.114549535108587588e+04,1.864200305581294742e+04,6.396591003538715237e-01
3.172131315239514393e+01,1.114538698415590625e+04,1.863537897769850315e+04,5.834018768143641731e-01
3.172131316825052139e+01,1.114526695432241650e+04,1.862828030093570487e+04,6.164699983198475008e-01
3.172131318411553735e+01,1.114512661407028281e+04,1.862047850805279450e+04,6.856746750006093016e-01
3.172131319997653520e+01,1.114495410499592981e+04,1.861145754429553199e+04,7.746544398691780353e-01
3.172131321584076602e+01,1.114473341140437697e+04,1.860072488621718003e+04,8.806357958871632308e-01
3.172131323168907002e+01,1.114444246224715607e+04,1.858796086576278685e+04,9.987027809534350098e-01
3.172131324755414639e+01,1.114404625344729357e+04,1.857255197857275562e+04,1.135235283354306457e+00
3.172131326342360680e+01,1.114348589581178021e+04,1.855399067779811958e+04,1.303469103368458004e+00
3.172131327928850197e+01,1.114264650593011356e+04,1.853144637775765659e+04,1.479590920613714999e+00
3.172131329515116249e+01,1.114126343181225275e+04,1.850395416630866021e+04,1.688448031118069181e+00
3.172131331100717233e+01,1.113850943534660109e+04,1.846999263214427992e+04,1.993277953229775745e+00
3.172131332157094619e+01,1.113544979332093862e+04,1.844547600881895778e+04,1.256722406602825970e+00
3.172131333743989146e+01,1.112912293752031655e+04,1.841358797633952781e+04,1.019844722280863314e+00
3.172131335241175165e+01,1.400661446647750199e+04,1.838642462205987977e+04,1.618957811993967821e+00
3.172131335340750624e+01,1.400556810321634657e+04,1.838435861427665805e+04,2.610808918644347720e+00
3.172131335381532580e+01,1.400497688288388417e+04,1.838331430537099004e+04,4.151917434838889420e+00
3.172131335563666354e+01,1.400078053305147114e+04,1.837743911455271882e+04,2.615054947278434572e+00
3.172131336377929145e+01,1.397244320592756230e+04,1.834431025570150814e+04,1.645108663524248449e+00
3.172131337964696840e+01,1.388938995578547838e+04,1.827906416321008874e+04,1.298870582493584447e+00
3.172131339549403251e+01,1.821429696240135672e+04,1.821429696240135672e+04,1.149943308208061010e+00
3.172131341134218729e+01,1.814790519240425419e+04,1.814790519240425419e+04,1.267613673110006278e+00
3.172131342720533098e+01,1.805803612389641785e+04,1.805803612389641785e+04,1.383566396725913972e+00
3.172131344306554013e+01,1.795589918128200588e+04,1.795589918128200588e+04,9.485060314462451236e-01
3.172131345895657972e+01,1.785893774645728263e+04,1.785893774645728263e+04,7.296961056634155840e-01
3.172131347483830766e+01,1.776634874445470632e+04,1.776634874445470632e+04,5.893817811796602246e-01
3.172131349074678042e+01,1.767554910091329293e+04,1.767554910091329293e+04,5.061047150160200570e-01
3.172131350659336135e+01,1.758407008957035214e+04,1.758407008957035214e+04,4.382973692964282630e-01
3.172131352247871661e+01,1.748822423632528444e+04,1.748822423632528444e+04,3.843200018531301443e-01
3.172131353834479128e+01,1.738426614656910897e+04,1.738426614656910897e+04,3.291277905286104644e-01
3.172131355423694643e+01,1.725883426701959252e+04,1.725883426701959252e+04,2.749186435841735054e-01
3.172131357018364639e+01,nan,nan,2.243471630972382891e-01
3.172131358615419217e+01,nan,nan,1.806417629413449577e-01
3.172131360224326002e+01,nan,nan,1.454417779088897911e-01
3.172131361810718886e+01,nan,nan,1.177354168981018662e-01
3.172131363412968241e+01,nan,nan,9.692893887792061736e-02
3.172131365003066250e+01,nan,nan,8.270190498841545335e-02
3.172131366617787407e+01,nan,nan,7.068341902401502341e-02
3.172131368211834967e+01,nan,nan,5.946406845404265257e-02
3.172131369843721416e+01,nan,nan,5.206339714481759279e-02
3.172131371459893145e+01,nan,nan,4.690503371092002299e-02
3.172131373088554795e+01,nan,nan,4.130335121833097339e-02
3.172131374688413885e+01,nan,nan,3.689294867557856711e-02
3.172131376295737226e+01,nan,nan,3.389655054809496276e-02
3.172131377884728920e+01,nan,nan,3.108988450902673562e-02
3.172131379523423789e+01,nan,nan,2.769439024529614726e-02
3.172131381122119365e+01,nan,nan,2.638503403822665266e-02
3.172131382720829862e+01,nan,nan,2.400197434112778111e-02
3.172131384415595079e+01,nan,nan,2.221805647304898532e-02
3.172131386021921173e+01,nan,nan,2.108905992428345214e-02
3.172131387608229502e+01,nan,nan,1.992842568506891093e-02
3.172131389284889735e+01,nan,nan,1.876006799365156560e-02
3.172131390908806736e+01,nan,nan,1.770648559199746591e-02
3.172131392627452229e+01,nan,nan,1.670518532715476248e-02
3.172131394270510540e+01,nan,nan,1.580779352981333610e-02
3.172131395990824032e+01,nan,nan,1.490816228511279706e-02
3.172131397622761639e+01,nan,nan,1.400943519230288432e-02
3.172131399367689042e+01,nan,nan,1.321392514186443823e-02
3.172131400983821692e+01,nan,nan,1.290583399756999906e-02
3.172131402660714627e+01,nan,nan,1.247505273300371191e-02
3.172131404367915408e+01,nan,nan,1.173953821147767987e-02
3.172131406007879662e+01,nan,nan,1.120407919769611342e-02
3.172131407664355862e+01,nan,nan,1.105862456358652421e-02
3.172131409345041675e+01,nan,nan,1.041555945998641486e-02
3.172131411169372583e+01,nan,nan,1.004673579571515284e-02
3.172131413026326285e+01,nan,nan,9.830396277202169131e-03
3.172131414660336901e+01,nan,nan,9.250732422147455239e-03
3.172131416388117486e+01,nan,nan,9.197640610776939424e-03
3.172131418107252188e+01,nan,nan,8.705450969116601198e-03
3.172131419969379706e+01,nan,nan,8.543589888864017851e-03
3.172131421812667540e+01,nan,nan,8.209998450609717544e-03
3.172131423476433199e+01,nan,nan,8.006177485373640323e-03
3.172131425096814539e+01,nan,nan,7.725844160110481237e-03
3.172131426860339687e+01,nan,nan,7.602137068485209821e-03
3.172131428579453072e+01,nan,nan,7.273389483588078332e-03
3.172131430437491773e+01,nan,nan,7.205275532361753339e-03
3.172131432267836360e+01,nan,nan,6.851144736363757280e-03
3.172131434224733937e+01,nan,nan,6.816795187902994872e-03
3.172131436171380869e+01,nan,nan,6.456810657111749889e-03
3.172131437803167131e+01,nan,nan,6.461161297518671146e-03
3.172131439466615532e+01,nan,nan,6.225740651907293345e-03
3.172131441115766393e+01,nan,nan,6.077412412163064014e-03
3.172131442904915133e+01,nan,nan,6.046031451419455090e-03
3.172131444678956669e+01,nan,nan,5.741200128580601150e-03
3.172131446439160740e+01,nan,nan,5.731806032918090009e-03
3.172131448337920645e+01,nan,nan,5.604371195604937982e-03
3.172131450210229175e+01,nan,nan,5.392701966884435108e-03
3.172131452192940770e+01,nan,nan,5.388282332564200451e-03
3.172131454189937116e+01,nan,nan,5.140401800634928318e-03
3.172131456149279671e+01,nan,nan,5.081706012520578394e-03
3.172131457770440832e+01,nan,nan,5.060887370439312929e-03
3.172131459898940165e+01,nan,nan,4.803653703802224575e-03
3.172131461993595991e+01,nan,nan,4.789819297770643060e-03
3.172131463717795796e+01,nan,nan,4.744902335208397992e-03
3.172131465426114616e+01,nan,nan,4.538329997148583123e-03
3.172131467064821564e+01,nan,nan,4.508899480940863763e-03
3.172131468868838411e+01,nan,nan,4.505331661083814866e-03
3.172131470636939099e+01,nan,nan,4.380072065278388209e-03
3.172131472428659293e+01,nan,nan,4.252367737590610937e-03
3.172131474239793292e+01,nan,nan,4.252846816082443172e-03
3.172131476154104490e+01,nan,nan,4.197321552119564862e-03
3.172131478081606915e+01,nan,nan,4.019319933192847145e-03
3.172131479933673859e+01,nan,nan,4.005042924592091581e-03
3.172131481980264667e+01,nan,nan,3.992768755378677849e-03
3.172131483976291477e+01,nan,nan,3.860443473647617516e-03
3.172131485992931133e+01,nan,nan,3.775681213316335431e-03
3.172131488093277341e+01,nan,nan,3.776475486156330094e-03
3.172131490216557737e+01,nan,nan,3.704817121824863137e-03
3.172131492389302565e+01,nan,nan,3.566585370298746682e-03
3.172131494493607562e+01,nan,nan,3.560017605194959207e-03
3.172131496790578353e+01,nan,nan,3.533905738995244718e-03
3.172131499070486527e+01,nan,nan,3.390977815469191619e-03
3.172131501293015887e+01,nan,nan,3.355415682184537639e-03
3.172131503693490373e+01,nan,nan,3.351855962745540346e-03
3.172131506067625040e+01,nan,nan,3.263145036302660378e-03
3.172131507716893850e+01,nan,nan,3.174192199077441323e-03
3.172131510073207394e+01,nan,nan,3.164976015186193349e-03
3.172131511800749593e+01,nan,nan,3.161853680994023818e-03
3.172131513477518538e+01,nan,nan,3.121945868170375102e-03
3.172131515190739393e+01,nan,nan,3.031552106377280106e-03
3.172131516897647074e+01,nan,nan,2.988422456326573010e-03
3.172131518572095032e+01,nan,nan,2.985199495321244970e-03
3.172131520398583859e+01,nan,nan,2.982754186501952991e-03
3.172131522177820528e+01,nan,nan,2.946990422420633655e-03
3.172131523989310864e+01,nan,nan,2.863649368209802287e-03
3.172131525811006370e+01,nan,nan,2.819777771563107983e-03
3.172131527583615807e+01,nan,nan,2.816264335920083163e-03
3.172131529516192217e+01,nan,nan,2.814052451475604344e-03
3.172131531402465399e+01,nan,nan,2.781184010444319368e-03
3.172131533320493801e+01,nan,nan,2.703477426422407071e-03
3.172131535259186563e+01,nan,nan,2.661013114320106600e-03
3.172131537136916535e+01,nan,nan,2.657484432755189210e-03
3.172131539182440463e+01,nan,nan,2.655210090728133635e-03
3.172131541180449688e+01,nan,nan,2.624249099506908295e-03
3.172131543213658844e+01,nan,nan,2.550991933995210882e-03
3.172131545270860187e+01,nan,nan,2.511563398150846570e-03
3.172131547262516804e+01,nan,nan,2.508223404691370222e-03
3.172131549427721708e+01,nan,nan,2.505667921006623881e-03
3.172131551542437577e+01,nan,nan,2.475827264079789609e-03
3.172131553700138795e+01,nan,nan,2.406038755332216578e-03
3.172131555877023601e+01,nan,nan,2.370898021850580562e-03
3.172131557991996686e+01,nan,nan,2.367889075602105931e-03
3.172131560284083562e+01,nan,nan,2.364866102941335334e-03
3.172131562520916148e+01,nan,nan,2.335511634858632429e-03
3.172131564813389915e+01,nan,nan,2.268386679055276692e-03
3.172131567111167172e+01,nan,nan,2.238516022070491125e-03
3.172131569357476621e+01,nan,nan,2.235927417072112490e-03
3.172131571784868243e+01,nan,nan,2.232257791943581537e-03
3.172131574149830868e+01,nan,nan,2.202879155328191316e-03
3.172131576588645530e+01,nan,nan,2.137769547951524299e-03
3.172131579009038305e+01,nan,nan,2.113945253276832120e-03
3.172131581394874189e+01,nan,nan,2.111818835532829237e-03
3.172131583967382440e+01,nan,nan,2.107300491064540478e-03
3.172131586467278197e+01,nan,nan,2.077456259657368617e-03
3.172131589065912038e+01,nan,nan,2.013818819224403277e-03
3.172131591611391599e+01,nan,nan,1.996735191285849056e-03
3.172131594148608968e+01,nan,nan,1.995072159821600910e-03
3.172131596877557769e+01,nan,nan,1.989430219974976533e-03
3.172131599520237444e+01,nan,nan,1.958661685683430603e-03
3.172131602295398878e+01,nan,nan,1.895975777094002909e-03
3.172131604969229457e+01,nan,nan,1.886453641080804286e-03
3.172131607673379960e+01,nan,nan,1.885212163907969054e-03
3.172131610573238802e+01,nan,nan,1.878030269657398992e-03
3.172131613368236813e+01,nan,nan,1.845781613830272316e-03
3.172131616342304028e+01,nan,nan,1.788656364203703017e-03
3.172131619149329751e+01,nan,nan,1.782695518942312022e-03
3.172131622042939014e+01,nan,nan,1.781756521424712443e-03
3.172131625093085461e+01,nan,nan,1.772611654691724770e-03
3.172131628056234121e+01,nan,nan,1.738443063196670659e-03
3.172131631214471881e+01,nan,nan,1.690091615795104047e-03
3.172131634168044201e+01,nan,nan,1.685147064936402947e-03
3.172131637277666627e+01,nan,nan,1.684219629958585767e-03
3.172131638897498362e+01,nan,nan,1.681036200763077939e-03
3.172131642028815790e+01,nan,nan,1.658109976944625516e-03
3.172131643618962116e+01,nan,nan,1.636494701114521531e-03
3.172131645283534596e+01,nan,nan,1.608200766825047204e-03
3.172131646941086558e+01,nan,nan,1.597361922840756770e-03
3.172131650061416153e+01,nan,nan,1.593444982580125404e-03
3.172131651686741804e+01,nan,nan,1.593160552082560372e-03
3.172131653400669649e+01,nan,nan,1.592141837255950159e-03
3.172131655092917413e+01,nan,nan,1.587763693752621387e-03
3.172131656744259232e+01,nan,nan,1.578130143449655871e-03
3.172131658399049314e+01,nan,nan,1.562195925055669815e-03
3.172131660100928485e+01,nan,nan,1.539687794576896553e-03
3.172131661899535970e+01,nan,nan,1.512881581692833433e-03
3.172131663607900265e+01,nan,nan,1.510093932333123577e-03
3.172131665248834409e+01,nan,nan,1.508029241465762456e-03
3.172131666920677873e+01,nan,nan,1.507205758439638093e-03
3.172131668660867021e+01,nan,nan,1.506893639449754033e-03
3.172131670492048627e+01,nan,nan,1.505002656296559492e-03
3.172131672260535851e+01,nan,nan,1.499191943785007806e-03
3.172131674000428703e+01,nan,nan,1.488001782859424936e-03
3.172131675762723901e+01,nan,nan,1.470672755396943039e-03
3.172131677593328547e+01,nan,nan,1.447193341956829436e-03
3.172131679510704316e+01,nan,nan,1.430462844658951255e-03
3.172131681277366155e+01,nan,nan,1.428013096571231809e-03
3.172131683014995573e+01,nan,nan,1.426531214059549796e-03
3.172131684819967745e+01,nan,nan,1.426058730639025640e-03
3.172131686698235242e+01,nan,nan,1.425396888934380530e-03
3.172131688599947807e+01,nan,nan,1.422302321249365072e-03
3.172131690450721564e+01,nan,nan,1.414864431091080853e-03
3.172131692294052030e+01,nan,nan,1.401972657298690547e-03
3.172131694180191985e+01,nan,nan,1.383187401628432900e-03
3.172131696162084680e+01,nan,nan,1.358734228720910814e-03
3.172131698111817144e+01,nan,nan,1.352901033530509202e-03
3.172131699955612660e+01,nan,nan,1.350920545191038394e-03
3.172131701810544513e+01,nan,nan,1.349956391701134665e-03
3.172131703740615549e+01,nan,nan,1.349598409421781447e-03
3.172131705787469258e+01,nan,nan,1.348193954255768505e-03
3.172131707767536568e+01,nan,nan,1.343614040430508470e-03
3.172131709709668712e+01,nan,nan,1.334422007371099646e-03
3.172131711670872534e+01,nan,nan,1.319805465173826391e-03
3.172131713701419642e+01,nan,nan,1.299622588978689448e-03
3.172131715863810797e+01,nan,nan,1.282009519164786218e-03
3.172131717857120492e+01,nan,nan,1.279893236122453450e-03
3.172131719798901983e+01,nan,nan,1.278472104695977697e-03
3.172131721801008908e+01,nan,nan,1.277922986511166722e-03
3.172131723883700616e+01,nan,nan,1.277320541531457672e-03
3.172131726008464980e+01,nan,nan,1.274738434659208018e-03
3.172131728074856127e+01,nan,nan,1.268420251040823250e-03
3.172131730129999028e+01,nan,nan,1.257300912287518573e-03
3.172131732230424106e+01,nan,nan,1.240907051928174512e-03
3.172131734434449513e+01,nan,nan,1.219364059361106216e-03
3.172131736631315846e+01,nan,nan,1.213096716814338668e-03
3.172131738697169112e+01,nan,nan,1.211364021207999696e-03
3.172131740766579355e+01,nan,nan,1.210451737959731275e-03
3.172131742918490005e+01,nan,nan,1.210046752249245312e-03
3.172131745192580965e+01,nan,nan,1.208725268651033831e-03
3.172131747397909152e+01,nan,nan,1.204614938976236943e-03
3.172131749563198611e+01,nan,nan,1.196410393282472742e-03
3.172131751750920259e+01,nan,nan,1.183357711699035324e-03
3.172131754017413741e+01,nan,nan,1.165297052990623208e-03
3.172131756432916561e+01,nan,nan,1.149983141473506342e-03
3.172131758661520351e+01,nan,nan,1.148212294751892832e-03
3.172131760831357994e+01,nan,nan,1.146990945548628403e-03
3.172131763068356491e+01,nan,nan,1.146467771480178758e-03
3.172131765394317426e+01,nan,nan,1.145790102490735780e-03
3.172131767752767573e+01,nan,nan,1.143246384258351372e-03
3.172131770051083066e+01,nan,nan,1.137311580017049155e-03
3.172131772343330169e+01,nan,nan,1.127046340669733563e-03
3.172131774691816730e+01,nan,nan,1.112038509645116562e-03
3.172131777162927690e+01,nan,nan,1.092400273507163197e-03
3.172131779602195678e+01,nan,nan,1.088750024721996459e-03
3.172131781905267900e+01,nan,nan,1.087322066029082534e-03
3.172131784221204498e+01,nan,nan,1.086566821575020002e-03
3.172131786628278860e+01,nan,nan,1.086117882254780025e-03
3.172131789156046366e+01,nan,nan,1.084621991271703416e-03
3.172131791600742190e+01,nan,nan,1.080467048338177314e-03
3.172131794011403727e+01,nan,nan,1.072547145433243440e-03
3.172131796457559005e+01,nan,nan,1.060232863855563616e-03
3.172131799003020447e+01,nan,nan,1.043422515255937539e-03
3.172131801692118103e+01,nan,nan,1.032563759442219845e-03
3.172131804160454749e+01,nan,nan,1.031107498746135177e-03
3.172131806584760838e+01,nan,nan,1.030150162405218906e-03
3.172131809102171829e+01,nan,nan,1.029687607871375248e-03
3.172131811719049566e+01,nan,nan,1.028794246866772660e-03
3.172131814321611998e+01,nan,nan,1.025921828983520235e-03
3.172131816870551901e+01,nan,nan,1.019818547849496264e-03
3.172131819430842370e+01,nan,nan,1.009719472405770386e-03
3.172131822070282325e+01,nan,nan,9.953382660982418740e-04
