cycle_time_years,leading_front_depth_m,deepest_front_depth_m,maximum_velocity_m_s
0.000000000000000000e+00,1.940229785675882158e+04,1.940229785675882158e+04,9.996449107327078348e-04
2.567652112120599735e-07,1.940221187521550746e+04,1.940221187521550746e+04,6.166926199999831675e-04
6.312527311924979235e-07,1.940213994074703442e+04,1.940213994074703442e+04,3.869989596243055799e-04
1.224834940069470694e-06,1.940207378498224352e+04,1.940207378498224352e+04,2.382034346867136084e-04
2.157529999004811326e-06,1.940201591580138847e+04,1.940201591580138847e+04,1.461085214763653084e-04
3.548987867273293019e-06,1.940196463415819017e+04,1.940196463415819017e+04,9.087743092723331360e-05
5.705224203574454194e-06,1.940191998154835164e+04,1.940191998154835164e+04,5.616987619870381250e-05
9.089839483548272525e-06,1.940188029033960629e+04,1.940188029033960629e+04,3.459279940673420559e-05
1.407788301912203781e-05,1.940184804123249705e+04,1.940184804123249705e+04,2.174419206281114788e-05
2.161268266576365260e-05,1.940182075352648462e+04,1.940182075352648462e+04,1.364826444784506501e-05
3.411680264300948718e-05,1.940179842722156536e+04,1.940179842722156536e+04,8.339092752813451783e-06
5.349409647621570152e-05,2.616075866175849114e+03,1.940178770990140765e+04,5.100173223499989844e-06
8.319240083355266852e-05,3.910461430619159273e+03,1.940179019040031926e+04,3.129616606490084752e-06
1.306997990219584778e-04,4.523508754663244872e+03,1.940181340230605201e+04,1.909209207616584839e-06
2.056765845239753247e-04,4.555739064383915320e+03,1.940186556245890097e+04,1.155758974480238093e-06
3.164545364076714576e-04,8.817180402330452125e+03,1.940195903041668498e+04,7.140360211415135552e-07
4.865331292518068336e-04,1.091724373325347369e+04,1.940211769962212566e+04,4.435221167871136677e-07
7.502678418445366719e-04,1.243826348945621976e+04,1.940237437867478366e+04,2.721271870301513046e-07
1.193747528696868830e-03,1.275002249968153046e+04,1.940282078958448255e+04,1.605955931579904615e-07
1.836335373598108967e-03,1.285284574057731879e+04,1.940348330538218215e+04,9.857235198114315123e-08
2.768943599806383653e-03,1.291564892191266881e+04,1.940446320805269715e+04,6.113873042044874763e-08
4.202493739484105748e-03,1.296709351136772239e+04,1.940599062724205578e+04,3.749005178635029583e-08
6.232367256045701076e-03,1.301099860916517173e+04,1.940819524869061570e+04,2.337306869836393996e-08
9.423513017589337654e-03,1.305495124193784795e+04,1.941174088291707812e+04,1.402155798163946351e-08
1.365216448750850020e-02,1.309334421052294419e+04,1.941657836560808573e+04,8.756245675624563650e-09
2.019145326317980937e-02,4.510260026538779130e+03,1.942436891582222597e+04,5.205577749157372446e-09
4.435013024254613051e-02,4.338082246756358472e+03,1.945606634401502015e+04,8.615367478056183195e-09
4.911268921207528892e-02,4.300812546453727009e+03,1.946280243550365049e+04,1.430577228619161536e-08
5.239886505406090439e-02,4.272540193424601057e+03,1.946752118589882957e+04,2.274341128903085814e-08
5.495206552775491748e-02,4.246872408098500273e+03,1.947122054864655365e+04,3.707197319815274762e-08
5.674800517671046984e-02,4.224242560882686121e+03,1.947383842298606396e+04,5.965779602042879859e-08
5.804691833818409474e-02,4.203373118585005614e+03,1.947573584078983185e+04,9.567432015050168398e-08
5.900907274141364151e-02,4.182837459228871012e+03,1.947713768193006763e+04,1.517614011078875695e-07
5.983270767989393168e-02,4.155881958430177292e+03,1.947833182712674534e+04,2.437577389391056475e-07
6.077723384776864690e-02,4.110322695981616562e+03,1.947968588217333308e+04,3.874640056619924849e-07
6.238027715252648930e-02,4.028041390359573143e+03,1.948198307113030751e+04,2.428364822575801976e-07
6.316084941542519926e-02,4.004519046968485782e+03,1.948312827215321522e+04,1.529203354431932539e-07
6.416942483699406008e-02,3.980747080929240838e+03,1.948463491658174826e+04,9.482719412671981649e-08
6.556239308200505211e-02,3.960714839382021182e+03,1.948673810231932657e+04,5.940610739463433797e-08
6.771276670710821288e-02,3.940879734227578865e+03,1.949001345931045580e+04,3.737780452318799459e-08
7.190880068986954532e-02,3.909002875853357182e+03,1.949647386245612142e+04,2.327976483217003189e-08
9.508699970532211165e-02,3.760327146803360847e+03,1.953363259840000319e+04,3.748512486861755133e-08
9.664109067720197399e-02,3.741114073155726146e+03,1.953619144595417310e+04,6.013289730435215641e-08
9.752301642534340342e-02,3.731318423836457896e+03,1.953764077128807185e+04,9.656010517892726240e-08
9.806892728915543589e-02,3.718825474531271539e+03,1.953853181414541177e+04,1.556973103833702692e-07
9.839947250876543428e-02,3.710517896461475175e+03,1.953906370196738862e+04,2.516203804368894046e-07
9.860244104341640836e-02,3.704983844952962045e+03,1.953938502665279884e+04,4.112062735407324603e-07
9.872202401503044067e-02,3.700407167794388442e+03,1.953956616725632193e+04,6.671840983147332618e-07
9.879239712912377125e-02,3.694482802401089430e+03,1.953966680943524625e+04,1.077085371611746261e-06
9.883262061282800659e-02,3.689967231283043930e+03,1.953971904767236629e+04,1.714694589037341481e-06
9.885653242806921592e-02,3.686352413558487115e+03,1.953974445458255650e+04,2.748896723799305316e-06
9.887079869836239154e-02,3.683408856097054922e+03,1.953975314406693724e+04,4.412338948257267118e-06
9.887957309193975974e-02,3.680895884703611955e+03,1.953975490151468330e+04,7.177078404847128109e-06
9.888477254875482902e-02,3.678795676396337058e+03,1.953975072274183185e+04,1.157762748437901599e-05
9.888800935059001429e-02,3.676924011837053058e+03,1.953974269785001161e+04,1.894901313775723038e-05
9.888988376428325955e-02,3.675357084381888853e+03,1.953973434087647183e+04,3.021403443477769068e-05
9.889112197231950119e-02,3.673839371948420649e+03,1.953972565010473045e+04,5.000942875511317498e-05
9.889182171081321859e-02,3.672564978103937392e+03,1.953971553768600643e+04,7.967631867553916431e-05
9.889227956825812071e-02,3.671129568403897792e+03,1.953970509146908080e+04,1.299433577553504220e-04
9.889256041255514718e-02,3.669276275239364168e+03,1.953969464525215517e+04,2.110441737612686597e-04
9.889274187957385054e-02,3.667422266415066588e+03,1.953968419903523318e+04,3.544699845186892267e-04
9.889284811567002065e-02,3.665716172800681761e+03,1.953967375281830755e+04,5.831669197709246589e-04
9.889290944570207353e-02,3.664193331595869495e+03,1.953966505789840448e+04,9.269790306436283440e-04
9.889291864204585725e-02,3.663896910563002166e+03,1.953966296851197694e+04,1.014385980105347168e-03
9.889293554672515252e-02,3.663276522389192905e+03,1.953965878973912913e+04,1.230164694554374905e-03
9.889295197090462730e-02,3.662544212187423454e+03,1.953965286038445629e+04,1.548178719278042606e-03
9.889296783453116468e-02,3.661646901951588006e+03,1.953964834280700234e+04,2.052908763805883548e-03
9.889298432075252498e-02,3.660360720156019852e+03,1.953963823568076259e+04,3.081679784275892422e-03
9.889299759663057465e-02,3.658770803177777907e+03,1.953962744894275238e+04,5.063322823670380474e-03
9.889300566416238392e-02,3.657226539271034198e+03,1.953961700201062558e+04,8.026595126096052954e-03
9.889301143233626690e-02,3.655444046203374910e+03,1.953960446569207488e+04,1.311449257440117609e-02
9.889301533121468146e-02,3.653444586442071795e+03,1.953958983998710028e+04,2.101223723094293797e-02
9.889301841541923987e-02,3.650730226543580557e+03,1.953956894612284668e+04,3.394540427334585136e-02
9.889302075475837894e-02,3.647141303922147472e+03,1.953954387348574892e+04,5.425025259129521299e-02
9.889302281362462310e-02,3.640895847930343280e+03,1.953950626453009681e+04,8.702831191205706585e-02
9.889302525834130220e-02,3.627910534185797133e+03,1.953943940416449186e+04,1.387052104316519596e-01
9.889302923337441042e-02,3.591851544529664807e+03,1.953928024648056453e+04,2.207228989569486322e-01
9.889303519534989317e-02,3.509080342821561317e+03,1.953887827309236309e+04,3.503578266343192471e-01
9.889305107239416970e-02,3.208754846474634178e+03,1.953675442341202506e+04,4.028966139608044505e-01
9.889306693154813199e-02,2.913864636200599307e+03,1.953481038595300197e+04,3.157084785026190721e-01
9.889308283319157844e-02,2.685443138189228193e+03,1.953346180447587903e+04,2.141976966452507625e-01
9.889309817512827172e-02,2.528477304849461689e+03,1.953268190606419739e+04,1.350016851667619200e-01
9.889311059689520622e-02,2.444636195736452464e+03,1.953234419010064084e+04,8.513815840864188966e-02
9.889312158236047978e-02,2.394703480599707746e+03,1.953218097211560598e+04,5.345302493856780857e-02
9.889313228185281357e-02,2.364121976780489604e+03,1.953209013509114811e+04,3.357627922527937903e-02
9.889314364105025734e-02,2.343999401826279154e+03,1.953203154000182985e+04,2.114714466221919928e-02
9.889315691390629381e-02,2.328582674278487502e+03,1.953198968636660356e+04,1.328433479042484544e-02
9.889317283933297953e-02,2.315875175100466095e+03,1.953195829614018658e+04,8.460304433155436954e-03
9.889318928717479029e-02,2.306903947905380846e+03,1.953193736932257161e+04,5.853257046152314340e-03
9.889320532417412990e-02,2.301228479436866564e+03,1.953192272055024296e+04,4.361769035972599615e-03
9.889322124709254425e-02,2.297319032637185956e+03,1.953191138694644906e+04,3.430066173997608266e-03
9.889323723172042946e-02,2.294448543767832689e+03,1.953190179373263163e+04,2.780295044692949330e-03
9.889325415957855858e-02,2.290435552811661182e+03,1.953189464434426918e+04,2.300624165738371189e-03
9.889327213380817716e-02,2.286959306977827055e+03,1.953188836586844991e+04,1.927728554729568567e-03
9.889328899587712662e-02,2.284264640222261733e+03,1.953188295959677635e+04,1.667527662794466041e-03
9.889330485330853626e-02,2.282091530657514340e+03,1.953187877423325699e+04,1.481688803149979567e-03
9.889332258348051963e-02,2.279984061078931063e+03,1.953187458886973400e+04,1.299533413095085984e-03
9.889333920566217850e-02,2.278273594212938860e+03,1.953187040350621101e+04,1.169577599993401953e-03
9.889335555160175262e-02,2.276784791092256000e+03,1.953186743761572507e+04,1.059771301192209128e-03
9.889336621211013145e-02,2.275895387536694216e+03,1.953186534479045440e+04,9.991658966283618274e-04
9.889347015797486651e-02,2.269672033688603733e+03,1.953185156937035936e+04,6.277350416139896314e-04
9.889362215110339416e-02,2.264743043571903854e+03,1.953183901327979038e+04,3.958650418139877838e-04
9.889385163924550859e-02,2.257698166687166122e+03,1.953182767393554604e+04,2.478431373673505998e-04
9.889420438590067197e-02,2.250656962344377916e+03,1.953181720980918180e+04,1.536763238393241960e-04
9.889472817121708337e-02,2.244535194749235416e+03,1.953180883850809187e+04,9.586419551196890805e-05
9.889554901404336296e-02,2.239108624413934194e+03,1.953180046720700193e+04,5.908047739957390999e-05
9.889677375354830047e-02,2.234843290630170941e+03,1.953179297428104110e+04,3.681960023635304696e-05
9.889864524976138549e-02,2.229240674117150775e+03,1.953178669623575843e+04,2.290640039976000967e-05
9.890145028928182258e-02,2.222528099254447625e+03,1.953178372460482205e+04,1.434592746122389170e-05
9.890584618204473211e-02,2.216187704187438158e+03,1.953178163177954775e+04,8.872308982376557313e-06
9.891235523759739356e-02,2.210630471475073136e+03,1.953178460355399875e+04,5.562648051772477777e-06
9.892236132305903817e-02,2.205978273839099074e+03,1.953179088159928142e+04,3.468100797200795637e-06
9.893756931996464110e-02,2.203367103978384876e+03,1.953180762305336975e+04,2.163298284130251033e-06
9.896064473787459514e-02,2.196500398316112751e+03,1.953183482791626739e+04,1.350883036034905949e-06
9.899555707475267419e-02,2.189213578485592279e+03,1.953187964660477155e+04,8.449279050448628420e-07
9.904787134691454831e-02,2.182238827262846826e+03,1.953195166027978485e+04,5.307724064746077276e-07
9.988869183918192007e-02,2.157177979499431785e+03,1.953313911932483825e+04,8.412863071445779183e-07
9.998555520386086248e-02,2.155987938967770788e+03,1.953325690973262317e+04,1.335574609800077548e-06
1.000404609343330253e-01,2.155401529419684266e+03,1.953331069043597381e+04,2.120411360445598387e-06
1.000723993457291183e-01,2.155026274176403604e+03,1.953332949233925319e+04,3.363636157720551074e-06
1.000913821241141005e-01,2.154746529317290879e+03,1.953332817495749987e+04,5.341033205843607806e-06
1.001027987340703806e-01,2.154515994720608887e+03,1.953331773017068190e+04,8.509220942116469294e-06
1.001096003312806071e-01,2.154315850809685799e+03,1.953329892955441028e+04,1.350136096672068283e-05
1.001137402897343820e-01,2.154130810726447180e+03,1.953327672621091187e+04,2.147942890587304941e-05
1.001162558123588342e-01,2.153955061700376518e+03,1.953325166043832360e+04,3.410008589019351919e-05
1.001178029523553531e-01,2.153783147954818560e+03,1.953322581604668449e+04,5.416727841940397831e-05
1.001187636452935820e-01,2.153611323119532699e+03,1.953319657064359126e+04,8.627487811892811101e-05
1.001193602671021088e-01,2.153438793178427204e+03,1.953316863161118454e+04,1.370784352442776894e-04
1.001197373768517307e-01,2.153262691434424141e+03,1.953313807983741208e+04,2.175699100685516362e-04
1.001199809000314217e-01,2.153079724411439202e+03,1.953310674547695817e+04,3.448924786630649312e-04
1.001201441338945564e-01,2.152883325741241606e+03,1.953307332215913993e+04,5.482064513724765886e-04
1.001202589149701450e-01,2.152663467338109058e+03,1.953303492918785560e+04,8.705924473679555083e-04
1.001202881727864813e-01,2.152587785600342158e+03,1.953302239458566692e+04,1.004785530622332107e-03
1.001203048050012256e-01,2.152539769521277776e+03,1.953301403818421022e+04,1.094023342070759696e-03
1.001203222703241080e-01,2.152484865500831347e+03,1.953300438656613915e+04,1.200226704088323652e-03
1.001203385274769958e-01,2.152429213391629219e+03,1.953299523628092720e+04,1.310778693151362553e-03
1.001203551659775176e-01,2.152367363906063019e+03,1.953298479077910451e+04,1.433907660498315436e-03
1.001203710442910289e-01,2.152303448221584858e+03,1.953297434527728183e+04,1.560368660387635763e-03
1.001203874497944707e-01,2.152232322577095601e+03,1.953296181067509679e+04,1.694330151782529872e-03
1.001204033295887696e-01,2.152158803267099302e+03,1.953295007367468497e+04,1.819641686883283422e-03
1.001204205798350844e-01,2.152074500598707800e+03,1.953293674147072306e+04,1.940711258077680449e-03
1.001204384985805856e-01,2.151983651512582128e+03,1.953292211776817203e+04,2.029284302972292776e-03
1.001204550265057114e-01,2.151899022991451147e+03,1.953290749406561736e+04,2.061777498894527133e-03
1.001204716043242321e-01,2.151815825983111154e+03,1.953289495946343231e+04,2.041104826207602949e-03
1.001204877342806582e-01,2.151738766792066144e+03,1.953288242486124363e+04,1.969808651715261160e-03
1.001205040911901378e-01,2.151666470047517123e+03,1.953287069329486985e+04,1.851643231585206346e-03
1.001205206117113389e-01,2.151600601039828234e+03,1.953286153385759826e+04,1.703007851838186882e-03
1.001205372962068740e-01,2.151541879655891535e+03,1.953285108835577557e+04,1.543526268280239963e-03
1.001205542336447846e-01,2.151490004611044697e+03,1.953284482105468123e+04,1.380104545102007856e-03
1.001205708903982472e-01,2.151445988977829074e+03,1.953283855375359053e+04,1.230968920558686607e-03
1.001205890626603034e-01,2.151404831950657353e+03,1.953283228645249619e+04,1.083593818961509818e-03
1.001206039630811034e-01,2.151375664731590405e+03,1.953282810825176784e+04,9.785329215387548671e-04
1.001206775473699739e-01,2.151274040866976065e+03,1.953281348454921681e+04,6.146462607265149730e-04
1.001207754855966275e-01,2.151198412545186329e+03,1.953280303904739412e+04,3.797448948547048776e-04
1.001209129089728617e-01,2.151138865883495782e+03,1.953279677174629978e+04,2.331487854640286147e-04
1.001211077576702330e-01,2.151090459505144736e+03,1.953279050444520544e+04,1.445597685516702177e-04
1.001214150485875837e-01,2.151046122970671604e+03,1.953278632624447710e+04,8.726180714835144196e-05
1.001218381844797001e-01,2.151009198751656641e+03,1.953278423714411110e+04,5.502416506679942893e-05
1.001226153319805523e-01,2.150967488299350407e+03,1.953278214804374875e+04,3.196576069467097349e-05
1.001236681521798649e-01,2.150930847165872819e+03,1.953278005894338276e+04,2.002715645453896715e-05
1.001253738395342235e-01,2.150889158030767703e+03,1.953278005894338276e+04,1.228348007216558640e-05
1.001280145791467457e-01,2.150841076299277120e+03,1.953278214804374875e+04,7.576595549775122672e-06
1.001321450264840013e-01,2.150781231709930580e+03,1.953278632624447710e+04,4.676721450363113850e-06
1.001389410744650960e-01,2.150698626160788535e+03,1.953279549082977974e+04,2.832603610631664615e-06
1.001502972925123608e-01,2.150578069854177102e+03,1.953281139544885082e+04,1.684518860041884237e-06
1.001693248794713886e-01,2.150396673685461337e+03,1.953283935893441594e+04,9.888261754135186684e-07
1.002015661048258205e-01,2.150116178911482621e+03,1.953288820673580994e+04,5.725440108412728102e-07
1.002565336665910828e-01,2.149674150544029999e+03,1.953297255526491062e+04,3.273199028275380181e-07
1.003295944511994608e-01,2.149113351853806307e+03,1.953308483128016815e+04,2.055036014238865148e-07
1.004440255864030990e-01,2.148232685794433564e+03,1.953326389575905341e+04,1.278024917221521563e-07
1.006228196361652616e-01,2.146747086216892967e+03,1.953354255165146606e+04,7.907604720415232886e-08
1.009098687504538655e-01,2.143779994023730069e+03,1.953399227518230691e+04,4.812863276574722089e-08
1.016429273838065778e-01,2.133493190513972877e+03,1.953514395267707005e+04,3.008493029106033852e-08
1.028481458442656593e-01,2.127532204097476097e+03,1.953704308414526167e+04,1.895879213887834522e-08
1.047049180272837526e-01,2.122733042757612566e+03,1.953998273375303324e+04,1.192989463952154595e-08
1.078230595684179643e-01,2.109740365207970626e+03,1.954495324676747623e+04,7.401696060050458447e-09
1.138943493915340888e-01,2.102962166236719895e+03,1.955483623075005016e+04,4.558034498735767358e-09
1.391020166609808206e-01,2.055817861953672491e+03,1.959731477612084200e+04,3.566996063681744523e-09
1.547618304488836971e-01,2.017081640196446642e+03,1.962494239119497797e+04,5.690611907830093171e-09
1.627747271600191448e-01,1.963939966138195086e+04,1.963939966138195086e+04,9.277535721396268629e-09
1.678020997679266491e-01,1.964859142727016297e+04,1.964859142727016297e+04,1.502483343718849554e-08
1.713457189542602344e-01,1.965509212983966790e+04,1.965509212983966790e+04,2.387916922612014950e-08
1.740334789511259750e-01,1.966003096907573490e+04,1.966003096907573490e+04,3.812184509354501743e-08
1.761054089386254462e-01,1.966384781663151080e+04,1.966384781663151080e+04,6.063185622316770807e-08
1.775844473788278088e-01,1.966659363856655909e+04,1.966659363856655909e+04,9.654439848324143703e-08
1.789814302954960412e-01,1.966917268940309441e+04,1.966917268940309441e+04,1.534650653485040057e-07
1.829211233165486672e-01,1.967645110432932051e+04,1.967645110432932051e+04,9.663753547459014053e-08
1.854076450889541594e-01,1.968108610575627245e+04,1.968108610575627245e+04,1.548344910869381147e-07
1.857056911265402566e-01,1.968163791221689462e+04,1.968163791221689462e+04,2.488160496304975920e-07
1.858766657772071840e-01,1.968195000290503958e+04,1.968195000290503958e+04,3.953107044825647519e-07
1.859866249861395482e-01,1.968214836083613409e+04,1.968214836083613409e+04,6.456666164372798497e-07
1.860517633427871687e-01,1.968226201111678529e+04,1.968226201111678529e+04,1.041090523729254397e-06
1.860914217368046797e-01,1.968232854653420873e+04,1.968232854653420873e+04,1.668655699431629914e-06
1.861165530906689625e-01,1.968236685480484812e+04,1.968236685480484812e+04,2.707443468099912019e-06
1.861321726031371915e-01,1.968238701705255153e+04,1.968238701705255153e+04,4.419788601077001291e-06
1.861415041521704283e-01,1.968239580729693625e+04,1.968239580729693625e+04,7.095598485277431871e-06
1.861472959763457447e-01,1.968239782338850637e+04,1.968239782338850637e+04,1.133327076064380793e-05
1.861509426223898478e-01,1.968239379120536250e+04,1.968239379120536250e+04,1.808044928566584380e-05
1.861533323800750872e-01,1.968238975902221864e+04,1.968238975902221864e+04,2.945719343687041626e-05
1.861547585937053106e-01,1.968238169465593091e+04,1.968238169465593091e+04,4.684707062458626464e-05
1.861556772180367192e-01,1.968237363028964319e+04,1.968237363028964319e+04,7.507424054955375275e-05
1.861562554370943812e-01,1.968236354983178535e+04,1.968236354983178535e+04,1.201547498108731962e-04
1.861566184027722559e-01,1.968235145328235376e+04,1.968235145328235376e+04,1.918306118317777986e-04
1.861568451238095057e-01,1.968234137282449228e+04,1.968234137282449228e+04,3.043709994153528183e-04
1.861569900669779454e-01,1.968232927627506069e+04,1.968232927627506069e+04,4.845414576832520370e-04
1.861570843685158849e-01,1.968231516363405535e+04,1.968231516363405535e+04,7.828108651627234665e-04
1.861571194257537198e-01,1.968230838428650532e+04,1.968230838428650532e+04,1.011762040679398253e-03
1.861571360754659121e-01,1.968230306708462376e+04,1.968230306708462376e+04,1.173347589042754175e-03
1.861571523904298753e-01,1.968229903490147990e+04,1.968229903490147990e+04,1.389875299937135726e-03
1.861571693245435699e-01,1.968229298662676592e+04,1.968229298662676592e+04,1.715121078520208137e-03
1.861571855308662149e-01,1.968228492226047820e+04,1.968228492226047820e+04,2.201221709959135051e-03
1.861572017123781508e-01,1.968227410846540806e+04,1.968227410846540806e+04,3.045890743543389935e-03
1.861572177478967027e-01,1.968225871307004127e+04,1.968225871307004127e+04,4.800926574274764526e-03
1.861572290950363473e-01,1.968223983264431081e+04,1.968223983264431081e+04,7.714696063319930949e-03
1.861572371109521951e-01,1.968221765417183633e+04,1.968221765417183633e+04,1.240661534057854558e-02
1.861572431705084130e-01,1.968218942702505228e+04,1.968218942702505228e+04,1.983308089124541373e-02
1.861572476758139028e-01,1.968215515120395503e+04,1.968215515120395503e+04,3.183692979671247369e-02
1.861572521771001076e-01,1.968210272935992543e+04,1.968210272935992543e+04,5.045995173829491420e-02
1.861572578097367703e-01,1.968200595057094324e+04,1.968200595057094324e+04,8.021243396223472211e-02
1.861572648027923771e-01,1.968181969448434393e+04,1.968181969448434393e+04,1.272593275323287143e-01
1.861572728194335058e-01,1.968147814395953537e+04,1.968147814395953537e+04,2.017133099189988010e-01
1.861572815742916220e-01,1.968083002137525182e+04,1.968083002137525182e+04,3.202140696833725708e-01
1.861572974514869860e-01,1.967759097563682371e+04,1.967759097563682371e+04,4.953863289866718422e-01
1.861573133292263316e-01,1.967339391218815581e+04,1.967339391218815581e+04,5.938703800368951846e-01
1.861573291787400886e-01,5.470478293320419652e+03,1.966875236543884603e+04,5.811926401543966447e-01
1.861573450465974500e-01,5.393075643285168553e+03,1.966401309988090361e+04,5.058617997211898309e-01
1.861573608912759636e-01,1.965961470195301081e+04,1.965961470195301081e+04,4.458827814453227290e-01
1.861573754749597520e-01,1.965567290232866435e+04,1.965567290232866435e+04,7.071772855051270401e-01
1.861573913428473115e-01,1.965009570649059242e+04,1.965009570649059242e+04,4.507926005934356772e-01
1.861574072039655914e-01,1.964552046303198222e+04,1.964552046303198222e+04,2.848804193521509709e-01
1.861574230779576289e-01,1.964221438034234961e+04,1.964221438034234961e+04,1.921981500094852302e-01
1.861574389794499740e-01,1.964006285114058483e+04,1.964006285114058483e+04,1.258344826753634293e-01
1.861574530001330052e-01,1.963903667065432819e+04,1.963903667065432819e+04,7.911403422630775006e-02
1.861574649019628325e-01,1.963863421837124042e+04,1.963863421837124042e+04,4.973001415725381708e-02
1.861574768090812071e-01,1.963845181445601338e+04,1.963845181445601338e+04,3.119546565936736141e-02
1.861574900134584654e-01,1.963835560140182497e+04,1.963835560140182497e+04,1.959327707155417500e-02
1.861575060991121910e-01,1.963829385489643755e+04,1.963829385489643755e+04,1.234256823150374667e-02
1.861575220345114967e-01,1.963825977720147421e+04,1.963825977720147421e+04,8.600460390620663295e-03
1.861575384740125627e-01,1.963823572235797110e+04,1.963823572235797110e+04,6.348213650837142979e-03
1.861575543315044379e-01,1.963821968579563327e+04,1.963821968579563327e+04,4.976219548530278099e-03
1.861575704379798135e-01,1.963820765837388171e+04,1.963820765837388171e+04,4.036385136806361351e-03
1.861575874272452247e-01,1.963819763552242148e+04,1.963819763552242148e+04,3.338062243838483840e-03
1.861576034244446787e-01,1.963818961724125620e+04,1.963818961724125620e+04,2.853148658134086087e-03
1.861576205278816787e-01,1.963818159896008729e+04,1.963818159896008729e+04,2.458386760152707611e-03
1.861576375760460866e-01,1.963817558524920969e+04,1.963817558524920969e+04,2.150800911517964861e-03
1.861576545568196239e-01,1.963817157610862705e+04,1.963817157610862705e+04,1.910324725461317891e-03
1.861576738476490300e-01,1.963816556239775309e+04,1.963816556239775309e+04,1.694222015642618713e-03
1.861576910515377048e-01,1.963816155325716682e+04,1.963816155325716682e+04,1.527869778004230759e-03
1.861577106928297698e-01,1.963815954868687550e+04,1.963815954868687550e+04,1.373694381682192319e-03
1.861577285836518714e-01,1.963815553954629286e+04,1.963815553954629286e+04,1.258964025400104983e-03
1.861577468509864053e-01,1.963815353497600154e+04,1.963815353497600154e+04,1.158048887544049169e-03
1.861577630457045274e-01,1.963814952583541526e+04,1.963814952583541526e+04,1.080227590726090233e-03
1.861577799589965720e-01,1.963814752126512394e+04,1.963814752126512394e+04,1.007499250874669804e-03
1.861577864193017517e-01,1.963814752126512394e+04,1.963814752126512394e+04,9.826149411101294234e-04
1.861579407792999519e-01,1.963813348927308107e+04,1.963813348927308107e+04,6.069229295099971572e-04
1.861581690861981997e-01,1.963812146185132951e+04,1.963812146185132951e+04,3.783566644469117104e-04
1.861585053237553578e-01,1.963811143899986928e+04,1.963811143899986928e+04,2.382558686596590570e-04
1.861590387261400081e-01,1.963810141614840904e+04,1.963810141614840904e+04,1.470996504520676507e-04
1.861598534876515720e-01,1.963809540243753145e+04,1.963809540243753145e+04,9.111676373560419120e-05
1.861610750329205366e-01,1.963808938872665749e+04,1.963808938872665749e+04,5.697943429075441835e-05
1.861629061519164408e-01,1.963808537958607121e+04,1.963808537958607121e+04,3.587525933209267693e-05
1.861659503135100480e-01,1.963808137044548857e+04,1.963808137044548857e+04,2.181858003061660565e-05
1.861704422831217953e-01,1.963808137044548857e+04,1.963808137044548857e+04,1.357157482504370717e-05
1.861774984480271122e-01,1.963808537958607121e+04,1.963808537958607121e+04,8.371284593324240103e-06
1.861884441627345010e-01,1.963809540243753145e+04,1.963809540243753145e+04,5.157053425831040186e-06
1.862049020470559202e-01,2.114075267270604854e+03,1.963811306432772835e+04,3.212969188174739532e-06
1.862305186245230837e-01,3.302245462493801824e+03,1.963814313090716314e+04,1.987052300243628461e-06
1.862695547397633378e-01,4.538742378939627997e+03,1.963819123743425371e+04,1.234221712449940897e-06
1.863279703990265990e-01,5.630849025595265630e+03,1.963826662749460593e+04,7.716019264852506163e-07
1.864164005208414909e-01,6.146230622324916112e+03,1.963838207599623638e+04,4.826859889874036125e-07
1.865508250412984681e-01,6.327822391115169012e+03,1.963855960729793878e+04,3.014042808991877305e-07
1.867841436940188282e-01,6.429477112937087441e+03,1.963887046136216304e+04,1.772103674855608077e-07
1.871221809805513892e-01,6.493103420035446106e+03,1.963932396424404942e+04,1.080665323545614476e-07
1.876305014687859596e-01,6.544097627610914060e+03,1.964000619287932204e+04,6.597809130523166715e-08
1.883353230610338991e-01,6.587146442776617732e+03,1.964095733626391666e+04,4.154426177931123222e-08
1.894354281566724973e-01,6.630488754538252579e+03,1.964244558174921985e+04,2.533973989981095488e-08
1.913254179175937764e-01,6.678575426354192132e+03,1.964501509223345420e+04,1.434717361739499959e-08
1.938032251931440797e-01,6.720048369594450378e+03,1.964840257527884023e+04,8.640480226930596119e-09
1.971015631298536908e-01,6.757497247771832008e+03,1.965294656296675021e+04,5.315716069478529203e-09
2.183785584793890566e-01,1.968338827934422807e+04,1.968338827934422807e+04,3.348614450904674047e-09
2.495409536897799097e-01,1.973111038752880631e+04,1.973111038752880631e+04,3.257737232693737889e-09
2.777050821813252246e-01,1.977718749331180879e+04,1.977718749331180879e+04,3.167976040091397453e-09
3.038841236636439791e-01,1.982234196525204607e+04,1.982234196525204607e+04,3.084377485783558330e-09
3.375131204453615252e-01,1.988339133411206058e+04,1.988339133411206058e+04,2.981443595955794359e-09
3.761828362254234226e-01,1.995748465222078448e+04,1.995748465222078448e+04,2.871194038974751086e-09
4.122401779666582944e-01,2.002989025407782174e+04,2.002989025407782174e+04,2.777083902893780212e-09
4.429130673103285343e-01,2.009361743321088579e+04,2.009361743321088579e+04,2.703699463254440122e-09
4.710657217116260287e-01,2.015330004141115205e+04,2.015330004141115205e+04,2.641211797392858621e-09
5.018242777442226688e-01,2.021934976373098107e+04,2.021934976373098107e+04,2.577823573239225710e-09
5.287403867442480587e-01,2.027738002355333447e+04,2.027738002355333447e+04,2.526177832707829614e-09
5.583730273012317280e-01,2.034102651037042233e+04,2.034102651037042233e+04,2.473078352682407963e-09
5.841559737556155651e-01,2.039583773037067294e+04,2.039583773037067294e+04,2.429808931926063481e-09
6.108669972505865742e-01,2.045173134670079889e+04,2.045173134670079889e+04,2.387616602450601792e-09
6.375642950378521689e-01,2.050651259078111252e+04,2.050651259078111252e+04,2.347909231587746813e-09
6.655514023354272002e-01,2.056253495016352463e+04,2.056253495016352463e+04,2.308712828220533472e-09
6.925589697174292514e-01,2.061523329365979225e+04,2.061523329365979225e+04,2.273057016585967085e-09
7.197999020264617132e-01,2.066680826189379877e+04,2.066680826189379877e+04,2.239080362548176651e-09
7.478956481112900567e-01,2.071833024734671926e+04,2.071833024734671926e+04,2.205966619955763023e-09
7.747237608705174194e-01,2.076600002809942089e+04,2.076600002809942089e+04,2.176036580287701203e-09
8.036522077168095635e-01,2.081573683945872835e+04,2.081573683945872835e+04,2.145473364212342938e-09
8.289050502516239760e-01,2.085771712472426952e+04,2.085771712472426952e+04,2.120140114512714391e-09
8.570934277284093517e-01,2.090310347337868006e+04,2.090310347337868006e+04,2.093239517419219271e-09
8.842997516854911311e-01,2.094545982576066308e+04,2.094545982576066308e+04,2.068559789059282060e-09
9.150431881005142154e-01,2.099167458267966867e+04,2.099167458267966867e+04,2.042081363839212302e-09
9.447625387878409997e-01,2.103472772665228695e+04,2.103472772665228695e+04,2.017805906476929682e-09
9.711201061927027256e-01,2.107158545059993048e+04,2.107158545059993048e+04,1.997288388225834795e-09
9.977455591906140286e-01,2.110767690392648001e+04,2.110767690392648001e+04,1.977465861047531147e-09
1.037945629135780923e+00,2.116000490223327506e+04,2.116000490223327506e+04,1.949136789440909164e-09
1.067766991394549558e+00,2.119722032401110482e+04,2.119722032401110482e+04,1.929275936922204342e-09
1.104621614311531275e+00,2.124138754451594286e+04,2.124138754451594286e+04,1.905984536935414974e-09
1.135565573768047454e+00,2.127689470485903075e+04,2.127689470485903075e+04,1.887424818786215485e-09
1.166823828681949449e+00,2.131138217425209223e+04,2.131138217425209223e+04,1.869536439260576220e-09
1.192007290987526336e+00,2.133824027011884391e+04,2.133824027011884391e+04,1.855715644231500010e-09
1.243822042923794280e+00,2.139079791083188684e+04,2.139079791083188684e+04,1.828841263166192916e-09
1.276160715691541103e+00,2.142180462704090678e+04,2.142180462704090678e+04,1.813013690036164776e-09
1.308334268898275754e+00,2.145133410242636819e+04,2.145133410242636819e+04,1.797978129317673367e-09
1.338348953660354557e+00,2.147771096727733311e+04,2.147771096727733311e+04,1.784523883112666865e-09
1.374322672738174766e+00,2.150785051701785414e+04,2.150785051701785414e+04,1.769102541551176404e-09
1.408611268910944236e+00,2.153510381043318921e+04,2.153510381043318921e+04,1.755069927542342711e-09
1.446919827754831189e+00,2.156386438322086906e+04,2.156386438322086906e+04,1.740116937432637968e-09
1.473582110175446491e+00,2.158281368315965301e+04,2.158281368315965301e+04,1.730121082745838111e-09
1.520195943365671987e+00,2.161402402670896845e+04,2.161402402670896845e+04,1.713446096729865226e-09
1.559334853147195332e+00,2.163828959728902555e+04,2.163828959728902555e+04,1.700143777696026718e-09
1.591022940961224430e+00,2.165665428437133596e+04,2.165665428437133596e+04,1.689837294187698169e-09
1.630791805197864042e+00,2.167795765844846392e+04,2.167795765844846392e+04,1.677425273859249083e-09
1.662479893011892917e+00,2.169369602857931386e+04,2.169369602857931386e+04,1.667946558968886273e-09
1.703015516678709762e+00,2.171209783910789338e+04,2.171209783910789338e+04,1.656304993378166389e-09
1.734703604492738860e+00,2.172518066803199690e+04,2.172518066803199690e+04,1.647573179496226771e-09
1.777110993543178807e+00,2.174086926000398671e+04,2.174086926000398671e+04,1.636353187242815716e-09
1.808799081357207683e+00,2.175128684480005177e+04,2.175128684480005177e+04,1.628306144857109333e-09
1.834029176433563890e+00,2.175870333682306955e+04,2.175870333682306955e+04,1.622090484565258395e-09
1.884781798519169493e+00,2.177146296103720670e+04,2.177146296103720670e+04,1.610086313603235012e-09
1.929524885312647875e+00,2.178028007389008417e+04,2.178028007389008417e+04,1.600018469844416871e-09
1.961212973126676751e+00,2.178508839798599001e+04,2.178508839798599001e+04,1.593166219597323830e-09
2.006273102793647567e+00,2.178991230678279317e+04,2.178991230678279317e+04,1.583792505806919712e-09
2.037961190607676887e+00,2.179190648006888296e+04,2.179190648006888296e+04,1.577451413182621290e-09
2.063572605666387449e+00,2.179268086169046728e+04,2.179268086169046728e+04,1.572468523880571302e-09
2.116268224318791802e+00,2.179182011058363787e+04,2.179182011058363787e+04,1.562603360573783590e-09
2.142200688072298576e+00,2.179020649696665350e+04,2.179020649696665350e+04,1.557929130408366731e-09
2.195109628529398282e+00,2.178447548932777863e+04,2.178447548932777863e+04,1.548745568126324416e-09
2.221905503090390255e+00,2.178028759224935129e+04,2.178028759224935129e+04,1.544265590306628702e-09
2.275136812752449611e+00,2.176934931305671853e+04,2.176934931305671853e+04,1.535691766578461409e-09
2.302357243635441364e+00,2.176243833577387704e+04,2.176243833577387704e+04,1.531466254148905649e-09
2.355754941601165608e+00,2.174638488263701583e+04,2.174638488263701583e+04,1.523475374436783237e-09
2.383748607018584487e+00,2.173646203327185140e+04,2.173646203327185140e+04,1.519436118109967327e-09
2.437291082669885700e+00,2.171503873674941133e+04,2.171503873674941133e+04,1.511984751359941639e-09
2.465803687377438713e+00,2.170206903961023636e+04,2.170206903961023636e+04,1.508156652404654219e-09
2.519397585749351354e+00,2.167515748940575213e+04,2.167515748940575213e+04,1.501212565754304326e-09
2.548661506309809699e+00,2.165905752628903065e+04,2.165905752628903065e+04,1.497553023269193427e-09
2.602202114533431754e+00,2.162670887691046300e+04,2.162670887691046300e+04,1.491088212629844522e-09
2.632111660630560124e+00,2.160705527588941550e+04,2.160705527588941550e+04,1.487600815401048101e-09
2.685504524608551158e+00,2.156937054165910740e+04,2.156937054165910740e+04,1.481586533583044802e-09
2.716224862366244608e+00,2.154611684032703852e+04,2.154611684032703852e+04,1.478243421068328979e-09
2.769307919614749647e+00,2.150324822452511216e+04,2.150324822452511216e+04,1.472659919091687667e-09
2.800849188391928646e+00,2.147621103887600111e+04,2.147621103887600111e+04,1.469453247775451318e-09
2.853492313259547775e+00,2.142841021118810750e+04,2.142841021118810750e+04,1.464277555577210147e-09
2.884087199292279635e+00,2.139919327504745888e+04,2.139919327504745888e+04,1.461366723872983249e-09
2.938938532995537756e+00,2.134421183077071692e+04,2.134421183077071692e+04,1.456319381004048910e-09
2.968779232051280914e+00,2.131297420137282461e+04,2.131297420137282461e+04,1.453662034122985882e-09
3.021947648735177072e+00,2.125501296966943119e+04,2.125501296966943119e+04,1.449075849449073150e-09
3.054396005977523032e+00,2.121833161903100699e+04,2.121833161903100699e+04,1.446366707639646808e-09
3.108873875809612830e+00,2.115449211675443439e+04,2.115449211675443439e+04,1.441965111002111598e-09
3.137520669450305721e+00,2.111986537201201281e+04,2.111986537201201281e+04,1.439721487063145576e-09
3.190956184596535739e+00,2.105353446990761586e+04,2.105353446990761586e+04,1.435662185262271775e-09
3.223900673540233353e+00,2.101145590190717121e+04,2.101145590190717121e+04,1.433238118738448863e-09
3.278213329111169472e+00,2.094089861450953322e+04,2.094089861450953322e+04,1.429367504093185415e-09
3.305781489194299372e+00,2.090431143676674765e+04,2.090431143676674765e+04,1.427460537032053294e-09
3.359364950251216175e+00,2.083216328763137426e+04,2.083216328763137426e+04,1.423861295835293974e-09
3.393068201157621644e+00,2.078644946933195024e+04,2.078644946933195024e+04,1.421667447098906703e-09
3.443388655590528202e+00,2.071722740693223386e+04,2.071722740693223386e+04,1.418488953313309380e-09
3.471632836525874399e+00,2.067825608084405758e+04,2.067825608084405758e+04,1.416754107489586044e-09
3.525025747035892554e+00,2.060439005144156545e+04,2.060439005144156545e+04,1.413568068394428364e-09
3.569080090749477296e+00,2.054347077389491460e+04,2.054347077389491460e+04,1.411028117369753977e-09
3.600768178563506172e+00,2.049963142712192348e+04,2.049963142712192348e+04,1.409249229054115817e-09
3.627421690309522440e+00,2.046324284978032301e+04,2.046324284978032301e+04,1.407783233977535807e-09
3.678096411865975579e+00,2.039465035434884339e+04,2.039465035434884339e+04,1.405070332113067834e-09
3.721312056889741982e+00,2.033716923962402507e+04,2.033716923962402507e+04,1.402831373586709219e-09
3.753000144703770857e+00,2.029548388959328804e+04,2.029548388959328804e+04,1.401231976619919635e-09
3.793410022816229077e+00,2.024406233036584672e+04,2.024406233036584672e+04,1.399242849879421569e-09
3.821762123171795533e+00,2.020868989108506503e+04,2.020868989108506503e+04,1.397880284820017558e-09
3.866417305540741811e+00,2.015532790845843192e+04,2.015532790845843192e+04,1.411766269681509931e-09
3.903297441196305062e+00,2.011227774416426109e+04,2.011227774416426109e+04,1.428331451726182232e-09
3.937029296621749275e+00,2.007553961056312255e+04,2.007553961056312255e+04,1.444938066264591590e-09
3.969123464683816938e+00,2.004162302163894856e+04,2.004162302163894856e+04,1.462123979823166631e-09
4.020075861618304991e+00,1.999049658674369493e+04,1.999049658674369493e+04,1.492420122448230053e-09
4.060324458866955588e+00,1.995316822059400874e+04,1.995316822059400874e+04,1.518645180649875438e-09
4.099007219459136486e+00,1.991885255603635233e+04,1.991885255603635233e+04,1.546975887313698143e-09
4.130114376278259947e+00,1.989233742020395221e+04,1.989233742020395221e+04,1.570592718044961900e-09
4.155854150451785856e+00,1.987057797595167358e+04,1.987057797595167358e+04,1.592201613168195919e-09
4.189969436706153516e+00,1.984349251675203777e+04,1.984349251675203777e+04,1.621870923318875749e-09
4.219269539421041770e+00,1.982169812111552164e+04,1.982169812111552164e+04,1.649435549805546869e-09
4.251969663379406406e+00,1.979723692293709246e+04,1.979723692293709246e+04,1.682345057985004575e-09
4.291164863654880257e+00,1.976911943927490211e+04,1.976911943927490211e+04,1.724631116171513540e-09
4.316663876248484577e+00,1.975072495775480274e+04,1.975072495775480274e+04,1.754053871891775120e-09
4.342669663442466188e+00,1.973311322875158658e+04,1.973311322875158658e+04,1.794031596547100952e-09
4.380639895549318652e+00,1.970728963875845875e+04,1.970728963875845875e+04,1.897049690825435100e-09
4.408702393627427440e+00,1.968826149261794126e+04,1.968826149261794126e+04,1.986187122361085042e-09
4.443600968458711442e+00,1.966539036139210293e+04,1.966539036139210293e+04,2.113413653717757855e-09
4.472579159763710344e+00,1.964635402269205952e+04,1.964635402269205952e+04,2.233835138471462121e-09
4.506480859787523663e+00,1.962418315691003227e+04,1.962418315691003227e+04,2.393259174740730381e-09
4.532296822490288868e+00,1.960775460416941132e+04,1.960775460416941132e+04,2.529161288149757586e-09
4.559653010383184935e+00,1.958982174029668749e+04,1.958982174029668749e+04,2.686686600894140993e-09
4.591404489974278746e+00,1.956935930083420317e+04,1.956935930083420317e+04,2.887543484705343638e-09
4.620816474124941564e+00,1.955051443974736321e+04,1.955051443974736321e+04,3.090444986167460907e-09
4.650238555185477018e+00,1.953082679556266157e+04,1.953082679556266157e+04,3.307810681219578660e-09
4.675949654448611881e+00,1.951526075243233572e+04,1.951526075243233572e+04,3.507530644570856696e-09
4.701145169516403044e+00,1.949750484632015286e+04,1.949750484632015286e+04,3.710685597376281508e-09
4.730435982520738492e+00,1.947912813317972177e+04,1.947912813317972177e+04,3.952641974060625903e-09
4.758064636130549196e+00,1.946047889694855257e+04,1.946047889694855257e+04,4.183272905788389342e-09
4.784255826820011492e+00,1.944278886153545682e+04,1.944278886153545682e+04,4.402897264362536448e-09
4.813985414584091238e+00,1.942451901778907268e+04,1.942451901778907268e+04,4.656959031665681642e-09
4.842155160305240180e+00,1.940381364949509589e+04,1.940381364949509589e+04,4.886168737239471714e-09
4.868765195670452961e+00,1.938724526143574985e+04,1.938724526143574985e+04,5.105401920990944632e-09
4.894050647518155550e+00,1.936937971715028470e+04,1.936937971715028470e+04,5.323204972675006555e-09
4.922108680203945319e+00,1.935040432629413772e+04,1.935040432629413772e+04,5.542986913255458835e-09
4.948812945220250725e+00,1.933433426660747136e+04,1.933433426660747136e+04,5.763231356653100704e-09
4.974328727483187329e+00,1.931422269818008499e+04,1.931422269818008499e+04,5.988013332835062320e-09
5.002213409468499350e+00,1.929555114311673606e+04,1.929555114311673606e+04,6.211737004435422858e-09
5.028906420278202560e+00,1.927830313116469915e+04,1.927830313116469915e+04,6.439781293262264703e-09
5.054526570394809681e+00,1.925822320086289619e+04,1.925822320086289619e+04,6.662008842696304432e-09
5.082212743511954400e+00,1.924212495367307565e+04,1.924212495367307565e+04,6.904375082527193210e-09
5.108830960603087945e+00,1.922099009163201117e+04,1.922099009163201117e+04,7.141060949178295780e-09
5.134459475127119532e+00,1.920249906283161545e+04,1.920249906283161545e+04,7.355072074303290334e-09
5.161953761700360133e+00,1.918540890326927547e+04,1.918540890326927547e+04,7.618575652941925574e-09
5.188432002708262658e+00,1.916316708374907103e+04,1.916316708374907103e+04,7.855844592323826216e-09
5.214034630963324091e+00,1.914701312675396184e+04,1.914701312675396184e+04,8.081940247269017700e-09
5.241340116300513330e+00,1.912797678625399931e+04,1.912797678625399931e+04,8.314720688058715442e-09
5.267781161262311329e+00,1.910535070964282204e+04,1.910535070964282204e+04,8.526485151026492775e-09
5.293451259045388824e+00,1.908787873246547679e+04,1.908787873246547679e+04,8.740203401343478128e-09
5.320634075767245008e+00,1.906898088613282016e+04,1.906898088613282016e+04,9.012695438478797549e-09
5.347095363983579652e+00,1.904587429474344390e+04,1.904587429474344390e+04,9.238997066026046101e-09
5.372833048155012392e+00,1.902926949541965587e+04,1.902926949541965587e+04,9.441808952590104915e-09
5.397940359845325276e+00,1.900985842420154222e+04,1.900985842420154222e+04,9.641490554881264073e-09
5.424482794904973204e+00,1.898685747554213231e+04,1.898685747554213231e+04,9.867851887251552147e-09
5.450425117725709256e+00,1.897134116091903343e+04,1.897134116091903343e+04,1.009182951383290223e-08
5.475821104295885533e+00,1.894971650248161313e+04,1.894971650248161313e+04,1.027946418503509140e-08
5.502546960827932487e+00,1.892745482953935425e+04,1.892745482953935425e+04,1.047113569359932953e-08
5.528761798465170685e+00,1.890799411910665731e+04,1.890799411910665731e+04,1.068307934663053776e-08
5.554464638444937208e+00,1.889005141143626315e+04,1.889005141143626315e+04,1.081741509848401466e-08
5.579700241023652474e+00,1.886632644569842523e+04,1.886632644569842523e+04,1.102288952717563434e-08
5.606304980360468093e+00,1.884681933271896560e+04,1.884681933271896560e+04,1.120243197860030192e-08
5.632420615609053272e+00,1.882875650801873053e+04,1.882875650801873053e+04,1.137400414539005327e-08
5.658168485226654276e+00,1.880444453730287933e+04,1.880444453730287933e+04,1.154006197232325074e-08
5.683527599219952542e+00,1.878490240104112672e+04,1.878490240104112672e+04,1.163354644629941430e-08
5.708539514641926438e+00,1.876801660478505437e+04,1.876801660478505437e+04,1.183020380828085830e-08
5.734916508548669967e+00,1.874317649130219070e+04,1.874317649130219070e+04,1.192427259854539526e-08
5.760923015709312978e+00,1.872195413916459438e+04,1.872195413916459438e+04,1.211051999200576350e-08
5.786667075823579864e+00,1.870571115765090872e+04,1.870571115765090872e+04,1.217219962874953619e-08
5.812081645472130020e+00,1.868269007692978630e+04,1.868269007692978630e+04,1.234218773243091381e-08
5.837323223052346854e+00,1.865923339566149298e+04,1.865923339566149298e+04,1.243238109361730314e-08
5.862324270904177403e+00,1.864429679793428659e+04,1.864429679793428659e+04,1.250120523898527188e-08
5.888671587525923456e+00,1.862167992123514705e+04,1.862167992123514705e+04,1.262994871875849898e-08
5.914737655149864715e+00,1.859679352305367865e+04,1.859679352305367865e+04,1.272713289388648487e-08
5.940647078438984430e+00,1.857831115177251922e+04,1.857831115177251922e+04,1.277361593548687620e-08
5.966378571593746294e+00,1.855955564486321964e+04,1.855955564486321964e+04,1.288732913908810606e-08
5.991962527400245264e+00,1.853472956403683565e+04,1.853472956403683565e+04,1.291838944621956739e-08
6.017373707253637072e+00,1.851497738456553634e+04,1.851497738456553634e+04,1.300330570073592328e-08
6.042693115100844281e+00,1.849809914484331966e+04,1.849809914484331966e+04,1.306172972488067925e-08
6.067883213420456556e+00,1.847468161354897165e+04,1.847468161354897165e+04,1.305570818145727009e-08
6.092948685105945117e+00,1.845194616794940521e+04,1.845194616794940521e+04,1.316191015578776221e-08
6.117957345557538673e+00,1.843787469741859240e+04,1.843787469741859240e+04,1.318369670877139516e-08
6.144312266153712621e+00,1.841395247538130207e+04,1.841395247538130207e+04,1.322548274445856008e-08
6.170627284795155099e+00,1.838931821521713937e+04,1.838931821521713937e+04,1.320541228881301140e-08
6.196841770155449680e+00,1.837362924757180008e+04,1.837362924757180008e+04,1.328683786055203095e-08
6.223036201197550632e+00,1.835187033255486676e+04,1.835187033255486676e+04,1.322202838033324492e-08
6.249142713393597504e+00,1.832686464808584424e+04,1.832686464808584424e+04,1.331938148327870194e-08
6.275257937950571296e+00,1.830904612239552443e+04,1.830904612239552443e+04,1.324944742312125858e-08
6.301302915854542164e+00,1.829016810172511396e+04,1.829016810172511396e+04,1.333190388773457978e-08
6.327372974168363307e+00,1.826627681552299691e+04,1.826627681552299691e+04,1.328413306667400265e-08
6.353377459560518581e+00,1.824373103289979917e+04,1.824373103289979917e+04,1.331661279766389311e-08
6.379411285843906931e+00,1.822953186434378222e+04,1.822953186434378222e+04,1.331122574249009923e-08
6.405447526557921378e+00,1.820567746185169744e+04,1.820567746185169744e+04,1.325529693036589682e-08
6.431469019467765058e+00,1.818223290774918132e+04,1.818223290774918132e+04,1.330220046780670626e-08
6.457551240715281970e+00,1.816838335650869703e+04,1.816838335650869703e+04,1.324960217630374552e-08
6.483622155220247762e+00,1.814478769782864765e+04,1.814478769782864765e+04,1.322712589076012490e-08
6.509707670452525186e+00,1.812134220007193653e+04,1.812134220007193653e+04,1.324563873322473229e-08
6.535874513896495763e+00,1.810774249998486994e+04,1.810774249998486994e+04,1.318637317456076628e-08
6.562050750462924853e+00,1.808412848924395439e+04,1.808412848924395439e+04,1.314168053159859740e-08
6.588255997800638752e+00,1.806095036699654884e+04,1.806095036699654884e+04,1.316127893062426190e-08
6.614535329781833006e+00,1.804751715124266411e+04,1.804751715124266411e+04,1.311964890451603550e-08
6.640882581450064492e+00,1.802466378500531937e+04,1.802466378500531937e+04,1.302229141558541714e-08
6.667260370258656366e+00,1.800097540904696871e+04,1.800097540904696871e+04,1.303579989225818253e-08
6.693701927476827684e+00,1.798693773392122239e+04,1.798693773392122239e+04,1.302359838751571942e-08
6.718746348161928950e+00,1.796580853840503914e+04,1.796580853840503914e+04,1.298415999088817083e-08
6.743860140659873714e+00,1.794333757373509434e+04,1.794333757373509434e+04,1.294099055011556806e-08
6.769040831975811301e+00,1.793112799875228666e+04,1.793112799875228666e+04,1.289336449898187675e-08
6.794300872977672157e+00,1.790733181273392620e+04,1.790733181273392620e+04,1.284081375378647715e-08
6.819641033637525496e+00,1.789051922964412734e+04,1.789051922964412734e+04,1.278270821301673151e-08
6.845049966623336424e+00,1.787335218537435503e+04,1.787335218537435503e+04,1.271773083611998495e-08
6.870538428783549811e+00,1.784966017782225754e+04,1.784966017782225754e+04,1.264534679155253358e-08
6.896129933309140370e+00,1.783791082823772012e+04,1.783791082823772012e+04,1.261567089056711809e-08
6.921784788162127278e+00,1.781599418159446577e+04,1.781599418159446577e+04,1.259092309492561787e-08
6.947525276982394971e+00,1.779367224734408592e+04,1.779367224734408592e+04,1.255944749281210542e-08
6.973373182692552241e+00,1.778212037528095243e+04,1.778212037528095243e+04,1.251976047880285527e-08
6.999340223087830104e+00,1.775864532317647172e+04,1.775864532317647172e+04,1.247149944968015493e-08
7.025396908126403162e+00,1.774062764348380369e+04,1.774062764348380369e+04,1.241447091727578199e-08
7.051562815806855511e+00,1.772485357460736122e+04,1.772485357460736122e+04,1.234794736245759286e-08
7.077846129380889195e+00,1.770096816901332204e+04,1.770096816901332204e+04,1.227178388492586541e-08
7.104237274886247455e+00,1.768934531954480553e+04,1.768934531954480553e+04,1.218531222386800857e-08
7.130756564049327118e+00,1.766667182536614200e+04,1.766667182536614200e+04,1.212953585571736010e-08
7.155770620574944729e+00,1.764855811566235570e+04,1.764855811566235570e+04,1.213499848141754502e-08
7.180933614023182976e+00,1.763407941704418408e+04,1.763407941704418408e+04,1.202984992648112784e-08
7.206150006783471618e+00,1.761142152656185135e+04,1.761142152656185135e+04,1.201135438224608484e-08
7.231495497604285561e+00,1.760100951702700331e+04,1.760100951702700331e+04,1.194618845533959768e-08
7.256940476360238534e+00,1.757862212859472493e+04,1.757862212859472493e+04,1.187134217626286362e-08
7.282469741157981957e+00,1.756212720074641038e+04,1.756212720074641038e+04,1.184385198777464528e-08
7.308118135410984095e+00,1.754699431881127020e+04,1.754699431881127020e+04,1.172120182688969057e-08
7.333845853506513635e+00,1.752464657303308195e+04,1.752464657303308195e+04,1.172708405516362291e-08
7.359710095567624677e+00,1.751415081470161385e+04,1.751415081470161385e+04,1.161385177907699055e-08
7.385663571331948951e+00,1.749073984784080312e+04,1.749073984784080312e+04,1.159990880642574118e-08
7.411744906306674707e+00,1.747996098046785846e+04,1.747996098046785846e+04,1.151429109309436526e-08
7.437920314682558320e+00,1.745809155314533200e+04,1.745809155314533200e+04,1.146548076986828835e-08
7.464226776375910255e+00,1.744156600864691791e+04,1.744156600864691791e+04,1.140419264071581260e-08
7.490656159364168509e+00,1.742571299350835034e+04,1.742571299350835034e+04,1.132600112119559197e-08
7.516960739691689319e+00,1.740392907439641931e+04,1.740392907439641931e+04,1.128286539658419832e-08
7.543274500455850351e+00,1.739332077624154772e+04,1.739332077624154772e+04,1.120424454618507111e-08
7.569794881992063296e+00,1.737083354103489182e+04,1.737083354103489182e+04,1.115288345666698549e-08
7.596416774859074295e+00,1.735833039846445536e+04,1.735833039846445536e+04,1.108192150925219484e-08
7.622933269155117486e+00,1.733944044331187251e+04,1.733944044331187251e+04,1.101418900929158011e-08
7.649492429889139800e+00,1.732071946916676825e+04,1.732071946916676825e+04,1.096868357599872806e-08
7.674563926639709877e+00,1.730799118594328320e+04,1.730799118594328320e+04,1.088968699146437923e-08
7.699726043407988385e+00,1.728812401933403453e+04,1.728812401933403453e+04,1.079870751058175499e-08
7.724967038305334377e+00,1.727704097254086446e+04,1.727704097254086446e+04,1.074742844046281464e-08
7.750324266286217068e+00,1.725604280480453235e+04,1.725604280480453235e+04,1.071302359283840984e-08
7.775788827106690171e+00,1.724609125464530371e+04,1.724609125464530371e+04,1.066695622063470339e-08
7.801288222267615424e+00,1.722437657743315140e+04,1.722437657743315140e+04,1.061024371666184645e-08
7.826857043343732556e+00,1.721519760100964777e+04,1.721519760100964777e+04,1.054578111396787966e-08
7.852471541542032085e+00,1.719310135973519573e+04,1.719310135973519573e+04,1.047590169628785733e-08
7.878164801780457083e+00,1.718437088381741341e+04,1.718437088381741341e+04,1.040205389683330785e-08
7.903896137778561481e+00,1.716279208412726075e+04,1.716279208412726075e+04,1.032683241131290581e-08
7.929704742647230908e+00,1.715332283802054371e+04,1.715332283802054371e+04,1.025063840688349512e-08
7.955608246592534627e+00,1.713263060737487831e+04,1.713263060737487831e+04,1.018610265306944539e-08
7.981586079609712669e+00,1.712344738530441100e+04,1.712344738530441100e+04,1.013809220419472963e-08
8.007626236173098988e+00,1.710202303016515725e+04,1.710202303016515725e+04,1.008640763279000959e-08
8.033753965796543994e+00,1.709268182112043360e+04,1.709268182112043360e+04,1.003241139186654865e-08
8.059988635677944657e+00,1.707147748621831852e+04,1.707147748621831852e+04,9.976928405990704321e-09
8.086324384468760229e+00,1.706199168910488879e+04,1.706199168910488879e+04,9.920110492754838479e-09
8.112751578360839488e+00,1.704097529525912978e+04,1.704097529525912978e+04,9.862071161322571887e-09
8.139263659837892462e+00,1.703141985263016613e+04,1.703141985263016613e+04,9.802977831101024591e-09
8.165866881780068809e+00,1.701052977318631747e+04,1.701052977318631747e+04,9.743105216360615491e-09
8.192451771283767670e+00,1.700107157239228400e+04,1.700107157239228400e+04,9.681083349293644072e-09
8.217675234398091888e+00,1.698061499725224712e+04,1.698061499725224712e+04,9.583922461187431755e-09
8.242870733647164272e+00,1.697278203948463852e+04,1.697278203948463852e+04,9.566530998832889471e-09
8.268023432806018036e+00,1.695138231380327124e+04,1.695138231380327124e+04,9.525567505925777821e-09
8.293081038801842553e+00,1.694421378063099837e+04,1.694421378063099837e+04,9.442537703825092054e-09
8.318253373929923811e+00,1.692333616080495631e+04,1.692333616080495631e+04,9.387233649576439668e-09
8.343379819168349698e+00,1.691540807257806955e+04,1.691540807257806955e+04,9.357562193001280645e-09
8.368935938773326200e+00,1.689505027380300817e+04,1.689505027380300817e+04,9.280853115818045829e-09
8.394486410676938348e+00,1.688791312003708299e+04,1.688791312003708299e+04,9.215483996671328166e-09
8.420224344768122648e+00,1.686658504298543266e+04,1.686658504298543266e+04,9.190106375103361494e-09
8.445949871543636078e+00,1.685885211495560361e+04,1.685885211495560361e+04,9.121250030154961577e-09
8.471579548002610593e+00,1.683952288694104573e+04,1.683952288694104573e+04,9.049434088219470640e-09
8.497236201862698124e+00,1.682977497296424553e+04,1.682977497296424553e+04,9.025787109261232445e-09
8.523119873101350663e+00,1.681557058833964766e+04,1.681557058833964766e+04,8.944631700618784121e-09
8.549219182873841305e+00,1.680057879972523369e+04,1.680057879972523369e+04,8.898881493700888368e-09
8.575716430933136181e+00,1.679083554448356517e+04,1.679083554448356517e+04,8.863049922728387804e-09
8.601780745567506159e+00,1.677141787836507501e+04,1.677141787836507501e+04,8.775773555864937270e-09
8.627728629921689318e+00,1.676413289413720122e+04,1.676413289413720122e+04,8.748438966025582235e-09
8.654057092845770072e+00,1.674272451395971802e+04,1.674272451395971802e+04,8.692236356088277028e-09
8.680543255891068455e+00,1.673588420278316335e+04,1.673588420278316335e+04,8.615871138776822031e-09
8.707296988451426856e+00,1.671503998015058096e+04,1.671503998015058096e+04,8.595259166259175537e-09
8.733906304238670870e+00,1.670729333340586527e+04,1.670729333340586527e+04,8.517232569964119837e-09
8.760362335791723964e+00,1.668734716968546491e+04,1.668734716968546491e+04,8.481766257013899548e-09
8.786966208019562075e+00,1.668024060917339375e+04,1.668024060917339375e+04,8.426633825518702903e-09
8.812037206046175797e+00,1.666242883790893757e+04,1.666242883790893757e+04,8.388125342422454660e-09
8.837157210621612080e+00,1.665213427750342089e+04,1.665213427750342089e+04,8.305135678802154288e-09
8.864049847549058114e+00,1.664261494846509231e+04,1.664261494846509231e+04,8.289745325953559332e-09
8.889125154734587753e+00,1.662378312003578685e+04,1.662378312003578685e+04,8.228864385505838778e-09
8.914605614191909666e+00,1.661760345644968038e+04,1.661760345644968038e+04,8.168803191956734308e-09
8.939705522282512362e+00,1.659717240420220696e+04,1.659717240420220696e+04,8.146124527770659024e-09
8.965105117954863090e+00,1.659009176514596038e+04,1.659009176514596038e+04,8.097312176587006700e-09
8.990809036540232668e+00,1.657753114837159592e+04,1.657753114837159592e+04,8.010998200012368822e-09
9.016074627478028347e+00,1.656210059605874267e+04,1.656210059605874267e+04,7.997872321345558371e-09
9.041877200973802431e+00,1.655561134357822448e+04,1.655561134357822448e+04,7.964745714978031183e-09
9.067617244252167197e+00,1.653481628040678333e+04,1.653481628040678333e+04,7.900102355298334984e-09
9.093169873653474511e+00,1.652862687556517631e+04,1.652862687556517631e+04,7.840010825533478508e-09
9.119192703862962546e+00,1.651211875174447414e+04,1.651211875174447414e+04,7.825538880100205302e-09
9.145103024759622556e+00,1.650125656696981241e+04,1.650125656696981241e+04,7.782665527258974614e-09
9.171144726813439618e+00,1.649062012642024638e+04,1.649062012642024638e+04,7.719480131714196020e-09
9.197569339258375720e+00,1.647483239105740722e+04,1.647483239105740722e+04,7.677123480136605413e-09
9.223538537549165639e+00,1.646873504001256151e+04,1.646873504001256151e+04,7.649850356718513254e-09
9.249377456165271738e+00,1.644812023013070575e+04,1.644812023013070575e+04,7.610664149501192657e-09
9.276036154830713087e+00,1.644161560169381482e+04,1.644161560169381482e+04,7.548460574873927733e-09
9.302421831365386140e+00,1.642821822163812612e+04,1.642821822163812612e+04,7.494827430737568193e-09
9.329102853084542346e+00,1.641371330258799935e+04,1.641371330258799935e+04,7.479216824761936146e-09
9.355700976234922805e+00,1.640740049534622085e+04,1.640740049534622085e+04,7.440542173305374417e-09
9.382372737694298692e+00,1.638659119355449366e+04,1.638659119355449366e+04,7.390058901048934580e-09
9.408889959693562233e+00,1.638059998817671112e+04,1.638059998817671112e+04,7.326249988976003511e-09
9.435929678217233274e+00,1.636553578341520551e+04,1.636553578341520551e+04,7.305051896745050807e-09
9.462832926032049841e+00,1.635273475229853102e+04,1.635273475229853102e+04,7.279766784663013264e-09
9.489760146291306597e+00,1.634639084317204652e+04,1.634639084317204652e+04,7.237824329284631654e-09
9.514778201669106039e+00,1.632630724877430657e+04,1.632630724877430657e+04,7.204811640723781719e-09
9.541680763548136213e+00,1.632016527766716172e+04,1.632016527766716172e+04,7.156710682728971329e-09
9.568863687691804287e+00,1.630785023977842866e+04,1.630785023977842866e+04,7.100384386634919412e-09
9.594159343746444080e+00,1.629279718138382668e+04,1.629279718138382668e+04,7.069252251788762833e-09
9.619412421954249837e+00,1.628768817870614112e+04,1.628768817870614112e+04,7.043743254208661166e-09
9.644528987257944053e+00,1.626908712586845286e+04,1.626908712586845286e+04,7.015555679768468740e-09
9.671920004119213488e+00,1.626114543689295897e+04,1.626114543689295897e+04,6.964583394916172980e-09
9.697415924471352255e+00,1.625070723949190142e+04,1.625070723949190142e+04,6.937187990173669929e-09
9.722655382365736898e+00,1.623600376943910669e+04,1.623600376943910669e+04,6.916116021194162549e-09
9.747880625514369513e+00,1.623109633826775644e+04,1.623109633826775644e+04,6.890582984870371659e-09
9.773524572627579232e+00,1.621284777463130376e+04,1.621284777463130376e+04,6.862465366001960271e-09
9.799344978895007330e+00,1.620430924660760138e+04,1.620430924660760138e+04,6.830882362853388948e-09
9.824834895353914632e+00,1.619885077294338225e+04,1.619885077294338225e+04,6.801298824614448338e-09
9.850399099584072005e+00,1.617882728802005477e+04,1.617882728802005477e+04,6.765831047885006621e-09
9.875927291297337263e+00,1.617287034848583608e+04,1.617287034848583608e+04,6.728536692409677161e-09
9.901842096221761480e+00,1.616592911522925169e+04,1.616592911522925169e+04,6.689652550209497489e-09
9.927877350380736488e+00,1.614633611357856171e+04,1.614633611357856171e+04,6.656130086760717332e-09
9.953451231622144846e+00,1.614137688104638073e+04,1.614137688104638073e+04,6.648068981351426368e-09
9.979254751521184019e+00,1.613122573748538161e+04,1.613122573748538161e+04,6.630246614600331400e-09
1.000516758426845243e+01,1.611463190753555864e+04,1.611463190753555864e+04,6.611092348854669275e-09
1.003117243518378388e+01,1.610985543988932841e+04,1.610985543988932841e+04,6.585146711646035836e-09
1.005698393303967109e+01,1.609325256898339103e+04,1.609325256898339103e+04,6.558423101888563290e-09
1.008251359065382857e+01,1.608326098766154064e+04,1.608326098766154064e+04,6.520326730540816552e-09
1.010869297041162795e+01,1.607829975031409413e+04,1.607829975031409413e+04,6.488495845820803132e-09
1.013464669638037563e+01,1.605905518142787150e+04,1.605905518142787150e+04,6.484847171625324295e-09
1.016097574098619738e+01,1.605232644507627265e+04,1.605232644507627265e+04,6.472080557726345051e-09
1.018709754283677071e+01,1.604375455242634416e+04,1.604375455242634416e+04,6.459831211731898062e-09
1.021289320883301954e+01,1.602752506716215612e+04,1.602752506716215612e+04,6.438037868420752207e-09
1.023868135236586596e+01,1.602293566483501854e+04,1.602293566483501854e+04,6.409915590983205621e-09
1.026484801782499012e+01,1.600982570071773262e+04,1.600982570071773262e+04,6.379081773049657429e-09
1.029118852011800378e+01,1.599617653963509292e+04,1.599617653963509292e+04,6.378841249785948254e-09
1.031745260364792216e+01,1.599148233296642320e+04,1.599148233296642320e+04,6.379429140090580473e-09
1.034327368093551769e+01,1.597309614720354875e+04,1.597309614720354875e+04,6.368255683733324472e-09
1.036928602188338289e+01,1.596501465652623665e+04,1.596501465652623665e+04,6.354054745965457435e-09
1.039499028786804935e+01,1.596020769734013811e+04,1.596020769734013811e+04,6.323992913159112912e-09
1.042098628948815886e+01,1.594046092124764255e+04,1.594046092124764255e+04,6.327114487672684774e-09
1.044693754080813797e+01,1.593399666825140775e+04,1.593399666825140775e+04,6.334877330763573984e-09
1.047232702448219577e+01,1.592886937412279076e+04,1.592886937412279076e+04,6.329721321066135331e-09
1.049831354609828438e+01,1.590864378974531428e+04,1.590864378974531428e+04,6.315782728822676153e-09
1.052393741191453458e+01,1.590310221942012868e+04,1.590310221942012868e+04,6.306532285865534373e-09
1.055016529746015408e+01,1.589710878782350846e+04,1.589710878782350846e+04,6.319286205007897457e-09
1.057557222297675992e+01,1.587713671866640652e+04,1.587713671866640652e+04,6.332334710383330264e-09
1.060100503251048387e+01,1.587217622599234528e+04,1.587217622599234528e+04,6.324341396137400443e-09
1.062625171141775304e+01,1.586574414769838768e+04,1.586574414769838768e+04,6.316535240920090861e-09
1.065151204441105470e+01,1.584610186547615558e+04,1.584610186547615558e+04,6.346620795075202789e-09
1.067673405439822787e+01,1.584141560998345449e+04,1.584141560998345449e+04,6.357725329510875909e-09
1.070345268496935809e+01,1.583318537567484236e+04,1.583318537567484236e+04,6.368256585004595481e-09
1.072850214950230985e+01,1.581521460812605437e+04,1.581521460812605437e+04,6.359557960686774065e-09
1.075357865169685567e+01,1.581046386677430746e+04,1.581046386677430746e+04,6.396250639935885717e-09
1.078059841610190084e+01,1.579212056408005810e+04,1.579212056408005810e+04,6.422178650454633591e-09
1.080688048198966023e+01,1.578545146652234507e+04,1.578545146652234507e+04,6.447258092422746147e-09
1.083299207978022949e+01,1.577994761438731257e+04,1.577994761438731257e+04,6.474420629343728320e-09
1.085950842032593400e+01,1.575905573204272332e+04,1.575905573204272332e+04,6.501267854911232650e-09
1.088588500183973551e+01,1.575386031258585899e+04,1.575386031258585899e+04,6.532304638884254809e-09
1.091120357682309816e+01,1.574645731808686833e+04,1.574645731808686833e+04,6.551318044010009515e-09
1.093686543502698783e+01,1.572702599180630750e+04,1.572702599180630750e+04,6.575499648062674951e-09
1.096247906499589853e+01,1.572243677316491812e+04,1.572243677316491812e+04,6.628701606115373736e-09
1.098773892201672986e+01,1.571062787697777276e+04,1.571062787697777276e+04,6.679791959351424011e-09
1.101284642425324378e+01,1.569539084778162942e+04,1.569539084778162942e+04,6.731412137937097622e-09
1.103915806105334063e+01,1.569057118973932484e+04,1.569057118973932484e+04,6.778335613649653698e-09
1.106567625392525045e+01,1.566993075987157681e+04,1.566993075987157681e+04,6.829593755217648658e-09
1.109206728318986990e+01,1.566313592147999589e+04,1.566313592147999589e+04,6.877341236701500567e-09
1.111738327145364913e+01,1.565702956387884296e+04,1.565702956387884296e+04,6.934863384397288351e-09
1.114328162061707950e+01,1.563594589649659974e+04,1.563594589649659974e+04,6.985757501188936583e-09
1.116991555219676080e+01,1.563086855399328670e+04,1.563086855399328670e+04,7.033245300212733934e-09
1.119521223323911485e+01,1.561684888420449715e+04,1.561684888420449715e+04,7.084041377883519662e-09
1.122185003971096684e+01,1.560345326938704602e+04,1.560345326938704602e+04,7.130366582801174066e-09
1.124751771086376806e+01,1.559584461217788885e+04,1.559584461217788885e+04,7.191715941394667629e-09
1.127428407736159066e+01,1.557732662911825355e+04,1.557732662911825355e+04,7.251363482013429020e-09
1.129951461769828747e+01,1.557254193291045158e+04,1.557254193291045158e+04,7.295825902236767885e-09
1.132565193820752825e+01,1.555123625515398999e+04,1.555123625515398999e+04,7.324818753393919114e-09
1.135231685444568761e+01,1.554451978786817017e+04,1.554451978786817017e+04,7.332310236356784444e-09
1.137779731767683522e+01,1.553666992876037511e+04,1.553666992876037511e+04,7.364184099917177469e-09
1.140451919698940664e+01,1.551632448374324304e+04,1.551632448374324304e+04,7.394475376693130004e-09
1.143092083852279117e+01,1.551123427769876798e+04,1.551123427769876798e+04,7.397334277387180642e-09
1.145606352890233204e+01,1.548975331708976591e+04,1.548975331708976591e+04,7.385948182409424382e-09
1.148241144459078455e+01,1.548350462767729550e+04,1.548350462767729550e+04,7.365587249348627062e-09
1.150915728781798464e+01,1.547409622928005956e+04,1.547409622928005956e+04,7.374072263152081005e-09
1.153566865300184574e+01,1.545509432059536084e+04,1.545509432059536084e+04,7.350267296228436559e-09
1.156187585716658894e+01,1.545005273968160509e+04,1.545005273968160509e+04,7.311978678981301151e-09
1.158845670520076254e+01,1.542772365981323492e+04,1.542772365981323492e+04,7.286913136757612414e-09
1.161502779406676389e+01,1.542224235086706904e+04,1.542224235086706904e+04,7.273490199209235949e-09
1.164028347087851678e+01,1.541257438514792193e+04,1.541257438514792193e+04,7.249932846913701954e-09
1.166694466983026679e+01,1.539457947838960899e+04,1.539457947838960899e+04,7.212986931179941815e-09
1.169319325643872887e+01,1.538812110901765664e+04,1.538812110901765664e+04,7.175391113397488189e-09
1.171968950349396010e+01,1.536848120215903509e+04,1.536848120215903509e+04,7.152604092493899206e-09
1.174480682924666652e+01,1.536408894162224169e+04,1.536408894162224169e+04,7.134387929349359884e-09
1.177168289516689370e+01,1.534338947762354655e+04,1.534338947762354655e+04,7.132001066580487244e-09
1.179818769658346511e+01,1.533591006109210502e+04,1.533591006109210502e+04,7.113874459597190729e-09
1.182324130875014312e+01,1.533032443752706968e+04,1.533032443752706968e+04,7.103984468267025149e-09
1.184963882629764420e+01,1.530824012200561810e+04,1.530824012200561810e+04,7.082716081401683638e-09
1.187603184395834610e+01,1.530359946011352076e+04,1.530359946011352076e+04,7.061406693251353607e-09
1.190269384225103799e+01,1.528554307329755648e+04,1.528554307329755648e+04,7.056331459906296218e-09
1.192885288081305184e+01,1.527544705027902637e+04,1.527544705027902637e+04,7.059420500602820034e-09
1.195543435929963749e+01,1.526996022799438833e+04,1.526996022799438833e+04,7.064618705888570517e-09
1.198166047921853838e+01,1.524765083439757836e+04,1.524765083439757836e+04,7.057699320054953754e-09
1.200780574831808067e+01,1.524302433158720669e+04,1.524302433158720669e+04,7.053337870470456687e-09
1.203351809980869547e+01,1.523007576553601757e+04,1.523007576553601757e+04,7.044268344425796535e-09
1.205971868714763495e+01,1.521495269307906710e+04,1.521495269307906710e+04,7.030678841928022935e-09
1.208569923842222593e+01,1.521013683761535685e+04,1.521013683761535685e+04,7.024124281642782327e-09
1.211191446735973365e+01,1.518757998013227370e+04,1.518757998013227370e+04,7.033504252832069828e-09
1.213790903185883607e+01,1.518268351950832766e+04,1.518268351950832766e+04,7.041856443205392064e-09
1.216348861354423150e+01,1.517383123103483013e+04,1.517383123103483013e+04,7.037870687177940360e-09
1.218913539117082578e+01,1.515508297748951736e+04,1.515508297748951736e+04,7.038154034440560819e-09
1.221459644474892414e+01,1.514983858455076734e+04,1.514983858455076734e+04,7.033269731324738321e-09
1.224029319014864114e+01,1.512948943865856381e+04,1.512948943865856381e+04,7.028894128425357588e-09
1.226596302667081062e+01,1.512509432351752912e+04,1.512509432351752912e+04,7.019928760014130346e-09
1.229114331785419623e+01,1.511333356753553198e+04,1.511333356753553198e+04,7.014798275942065329e-09
1.231704819487226565e+01,1.509708809354615551e+04,1.509708809354615551e+04,7.000679901648246533e-09
1.234210574886425782e+01,1.509274213000433701e+04,1.509274213000433701e+04,6.996089979432921674e-09
1.236756865397250138e+01,1.507037234650386381e+04,1.507037234650386381e+04,6.983774936403161702e-09
1.239297010420785838e+01,1.506522565718832811e+04,1.506522565718832811e+04,6.974312898393112091e-09
1.241966185386698740e+01,1.505793568382913691e+04,1.505793568382913691e+04,6.964408785814674685e-09
1.244469912648539456e+01,1.503716920783552087e+04,1.503716920783552087e+04,6.954933142187866684e-09
1.247010272437146305e+01,1.503309050139817555e+04,1.503309050139817555e+04,6.950665824477916954e-09
1.249522641200096018e+01,1.501394811048837983e+04,1.501394811048837983e+04,6.940706819867275161e-09
1.252039305461127761e+01,1.500527318193990504e+04,1.500527318193990504e+04,6.933287841252671613e-09
1.254548322102514391e+01,1.500069872440294239e+04,1.500069872440294239e+04,6.920758148005574303e-09
1.257207400393044239e+01,1.497770358221526840e+04,1.497770358221526840e+04,6.918217467769944044e-09
1.259723036865727330e+01,1.497338955809304025e+04,1.497338955809304025e+04,6.898963141834346064e-09
1.262366008365752990e+01,1.496409285305148660e+04,1.496409285305148660e+04,6.887845475740632867e-09
1.264889849056810078e+01,1.494566139906819626e+04,1.494566139906819626e+04,6.870982816773413210e-09
1.267486098548866025e+01,1.494062249520908517e+04,1.494062249520908517e+04,6.859210226268871076e-09
1.270018661028000651e+01,1.492016480826446605e+04,1.492016480826446605e+04,6.846849149858505717e-09
1.272523875099133583e+01,1.491611519709484674e+04,1.491611519709484674e+04,6.836692300008157452e-09
1.275032613436900775e+01,1.490733097753324546e+04,1.490733097753324546e+04,6.825161473712297012e-09
1.277552193182392415e+01,1.488824670739231442e+04,1.488824670739231442e+04,6.816382872890531938e-09
1.280203815845880300e+01,1.488412240025550273e+04,1.488412240025550273e+04,6.804873266049295420e-09
1.282851254107589689e+01,1.486160650046805677e+04,1.486160650046805677e+04,6.794574862048108892e-09
1.285468238689362863e+01,1.485615982080023059e+04,1.485615982080023059e+04,6.780137341587213451e-09
1.287990208840177964e+01,1.485091718476539245e+04,1.485091718476539245e+04,6.772817551930254322e-09
1.290492761759246498e+01,1.482856997025135752e+04,1.482856997025135752e+04,6.762745737711432043e-09
1.293134918967795066e+01,1.482448950575181152e+04,1.482448950575181152e+04,6.750539001493119558e-09
1.295772426645568487e+01,1.481189869191533398e+04,1.481189869191533398e+04,6.732684046163901113e-09
1.298399502444872233e+01,1.479627648721565856e+04,1.479627648721565856e+04,6.717532363899971953e-09
1.300905972956133283e+01,1.479234965537113749e+04,1.479234965537113749e+04,6.710050600356917464e-09
1.303530386999181800e+01,1.476941250228964600e+04,1.476941250228964600e+04,6.695606635252593459e-09
1.306185494935330915e+01,1.476454603692642559e+04,1.476454603692642559e+04,6.674333119770745125e-09
1.308803851219820125e+01,1.475843445327727204e+04,1.475843445327727204e+04,6.658917993470274068e-09
1.311311510635204414e+01,1.473698525738801254e+04,1.473698525738801254e+04,6.654286389519978850e-09
1.313938956826806681e+01,1.473273197873437493e+04,1.473273197873437493e+04,6.638984252103957744e-09
1.316563637262554565e+01,1.471185818336449665e+04,1.471185818336449665e+04,6.621495547461057787e-09
1.319206599396021673e+01,1.470732905299553568e+04,1.470732905299553568e+04,6.614072008303942411e-09
1.321851505452197628e+01,1.470082415855247564e+04,1.470082415855247564e+04,6.607928683323577232e-09
1.324487849521948846e+01,1.467916473293435411e+04,1.467916473293435411e+04,6.597279003728948278e-09
1.327141876808088483e+01,1.467540122011990388e+04,1.467540122011990388e+04,6.590936303037122296e-09
1.329789166460053096e+01,1.465423183802031417e+04,1.465423183802031417e+04,6.577589306854877183e-09
1.332413317525625907e+01,1.464731484905496654e+04,1.464731484905496654e+04,6.569487854806902012e-09
1.335025237475033322e+01,1.464297726123148641e+04,1.464297726123148641e+04,6.555625708801167709e-09
1.337539307244879261e+01,1.462001364152425776e+04,1.462001364152425776e+04,6.539392024466314154e-09
1.340169922639469213e+01,1.461584062376231668e+04,1.461584062376231668e+04,6.525555834919668469e-09
1.342803302724258607e+01,1.460919132040086151e+04,1.460919132040086151e+04,6.516293679808993138e-09
1.345450729146116586e+01,1.458768502992233880e+04,1.458768502992233880e+04,6.503437616369003618e-09
1.348093377045265484e+01,1.458406165771994165e+04,1.458406165771994165e+04,6.495669603950440529e-09
1.350707362686859092e+01,1.456447809867219803e+04,1.456447809867219803e+04,6.480226449547566297e-09
1.353365177392775287e+01,1.455599381496950446e+04,1.455599381496950446e+04,6.471258541633643200e-09
1.356000565956659543e+01,1.455181685542707783e+04,1.455181685542707783e+04,6.457451121882283289e-09
1.358649888989429577e+01,1.452841288673375675e+04,1.452841288673375675e+04,6.449196371886917866e-09
1.361271692999648764e+01,1.452444829211088290e+04,1.452444829211088290e+04,6.433590765417501119e-09
1.363887075037295205e+01,1.451809316950316861e+04,1.451809316950316861e+04,6.421432372292796834e-09
1.366551380499637958e+01,1.449662346603477454e+04,1.449662346603477454e+04,6.409781700540760941e-09
1.369168972062877820e+01,1.449263581634095681e+04,1.449263581634095681e+04,6.397447027837509038e-09
1.371822665843038358e+01,1.447147893909585036e+04,1.447147893909585036e+04,6.384953768093962873e-09
1.374433395398467894e+01,1.446749314158723973e+04,1.446749314158723973e+04,6.371397529656415746e-09
1.377061870989368764e+01,1.446177558441844485e+04,1.446177558441844485e+04,6.357003396109168754e-09
1.379721847483128805e+01,1.443939073458968778e+04,1.443939073458968778e+04,6.346667991643534160e-09
1.382336211041684670e+01,1.443600252132229252e+04,1.443600252132229252e+04,6.330308841014904738e-09
1.384967519058979768e+01,1.442272720951065094e+04,1.442272720951065094e+04,6.323814909111965009e-09
1.387601526397826213e+01,1.440789436241599833e+04,1.440789436241599833e+04,6.317865389983388724e-09
1.390107060632001712e+01,1.440453089774820364e+04,1.440453089774820364e+04,6.319306784226891995e-09
1.392751485130232503e+01,1.438152661324039400e+04,1.438152661324039400e+04,6.311875396417263741e-09
1.395398655952720013e+01,1.437665448711462886e+04,1.597491445818735883e+04,6.302106751649537173e-09
1.398026945249950970e+01,1.437233963947835400e+04,1.602883685301176592e+04,6.295060996587088240e-09
1.400667795192434717e+01,1.434889379168468804e+04,1.606561419517168179e+04,6.284984918790743360e-09
1.403177117922044559e+01,1.434547793392192398e+04,1.609153288849649834e+04,6.275353167160723748e-09
1.405754108470272001e+01,1.433975386540872569e+04,1.611173617606810330e+04,6.258043866992372228e-09
1.408389795394685073e+01,1.431746724819931114e+04,1.612768174109601387e+04,6.244913999117174668e-09
1.411001456690489775e+01,1.431422881661350038e+04,1.613941847842690731e+04,6.227996001408145091e-09
1.413639869461691845e+01,1.430210802010379302e+04,1.614800404998640442e+04,6.225397625540814920e-09
1.416256198904150310e+01,1.428641894163342295e+04,1.615363681419112436e+04,6.224788742914992067e-09
1.418875933238474119e+01,1.428215868376158323e+04,1.615664341036530459e+04,6.222330462695612396e-09
1.421520112385912249e+01,1.426102728177829158e+04,1.615734249154038298e+04,6.217716282541383271e-09
1.424117109577673901e+01,1.425768992959148454e+04,1.615591289979881003e+04,6.213062367728148922e-09
1.426712660148889711e+01,1.425117976863091098e+04,1.615253374672209065e+04,6.205655386844327254e-09
1.429367307529946984e+01,1.422959070679974866e+04,1.614715695131873508e+04,6.197489623078974929e-09
1.431944855666391447e+01,1.422649844825147193e+04,1.614019168019963581e+04,6.184490059484703568e-09
1.434516350580962651e+01,1.421400600488263262e+04,1.613160124634188469e+04,6.166467104846714679e-09
1.437097319381981642e+01,1.419853422957503426e+04,1.612137884575149837e+04,6.173533065212194353e-09
1.439680235528086527e+01,1.419534108443389960e+04,1.610958327960570205e+04,6.176836577624230583e-09
1.442255108148506970e+01,1.417293962724212906e+04,1.609630276993911320e+04,6.176214666140885256e-09
1.444831407139503021e+01,1.416753541891409441e+04,1.608151102231695950e+04,6.171005993746908866e-09
1.447383728890221732e+01,1.416411026309323461e+04,1.606539039678435438e+04,6.159511795573139586e-09
1.449952371982986321e+01,1.414055489279662470e+04,1.604770348359523086e+04,6.147143779246292276e-09
1.452545604325647588e+01,1.413659360360480241e+04,1.602834030476216867e+04,6.156787998854799439e-09
1.455152872295241551e+01,1.413252020406433257e+04,1.600734682497584981e+04,6.162476641441020516e-09
1.457729241923681229e+01,1.410891900902514681e+04,1.598510890909736008e+04,6.165744090341402327e-09
1.460336702524940300e+01,1.410556681690198457e+04,1.596103458773756756e+04,6.165310541629384516e-09
1.462871199178200676e+01,1.410058265485404627e+04,1.593611109027400926e+04,6.157773691207621266e-09
1.465448540909174291e+01,1.407791642945426975e+04,1.590919998896083416e+04,6.148126578747531932e-09
1.468022236405801273e+01,1.407464623868698982e+04,1.588072433734992956e+04,6.164246735687899239e-09
1.470563955930695599e+01,1.405445309454083508e+04,1.585098315671063756e+04,6.176747985005163897e-09
1.473088125532684600e+01,1.404942618042668255e+04,1.581982362568805183e+04,6.182226995869820962e-09
1.475590015671073552e+01,1.404619608292912562e+04,1.578729127835742474e+04,6.177740058375837142e-09
1.478228434905738808e+01,1.402228398068065144e+04,1.575112946054414897e+04,6.178368025620158220e-09
1.480771032772723217e+01,1.401850269038170518e+04,1.571441045487964402e+04,6.194818061734573714e-09
1.483400337718571294e+01,1.401448771226239296e+04,1.567441706290947695e+04,6.210697241836004894e-09
1.485902184483841637e+01,1.399082007942402197e+04,1.563440219710494603e+04,6.227824990783824980e-09
1.488518380605899694e+01,1.398747429163902052e+04,1.559038325572191934e+04,6.240489667642642998e-09
1.491078104379017155e+01,1.398251093469995794e+04,1.554503997004034682e+04,6.249838230266118658e-09
1.493671182632827055e+01,1.395935145692514197e+04,1.549668532829076503e+04,6.259252205318338877e-09
1.496246010632014212e+01,1.395640014645349765e+04,1.544604816987523373e+04,6.269904708446415142e-09
1.498813010326624706e+01,1.394810156993193232e+04,1.539276598491093318e+04,6.301112480231183181e-09
1.501360844927350691e+01,1.392819740069204636e+04,1.533678086338784124e+04,6.331531970243705028e-09
1.503913051909873566e+01,1.392525535703670357e+04,1.527716995250355285e+04,6.360071662384583750e-09
1.506430864472445030e+01,1.390853298925428498e+04,1.521416312718952577e+04,6.386435797615678383e-09
1.509054093743877445e+01,1.389704087099580101e+04,1.514287771850563877e+04,6.416983444027753668e-09
1.511659709268974083e+01,1.389366665952634685e+04,1.506356166126493554e+04,6.449949725049447987e-09
1.514267450535998805e+01,1.386935351133461518e+04,1.496887488140106507e+04,6.486892511348712960e-09
1.516836439530305469e+01,1.386573210205738906e+04,1.386573210205738906e+04,6.525210992180559056e-09
1.519404481938281926e+01,1.386125649336732022e+04,1.386125649336732022e+04,6.568127677639052977e-09
1.521934216799692408e+01,1.383770089062933948e+04,1.383770089062933948e+04,6.612341022238574834e-09
1.524457921602289190e+01,1.383444296551490152e+04,1.383444296551490152e+04,6.667084881217551465e-09
1.527059233641900704e+01,1.381282968626038928e+04,1.381282968626038928e+04,6.730344358875842655e-09
1.529629762702067808e+01,1.380864758154540323e+04,1.380864758154540323e+04,6.804408256440201125e-09
1.532168799562396977e+01,1.380436873427539103e+04,1.380436873427539103e+04,6.885207193595387828e-09
1.534675180575401932e+01,1.378018697542568407e+04,1.378018697542568407e+04,6.974061391849735490e-09
1.537270361779261840e+01,1.377696094336390524e+04,1.377696094336390524e+04,7.089920501392752547e-09
1.539813487594374308e+01,1.376419703674932862e+04,1.376419703674932862e+04,7.214508971857453815e-09
1.542453133524589859e+01,1.374797168005390267e+04,1.374797168005390267e+04,7.361908629222633200e-09
1.545023062990528118e+01,1.374392635092095952e+04,1.374392635092095952e+04,7.516398003529550309e-09
1.547603669477992305e+01,1.371894317990488707e+04,1.371894317990488707e+04,7.710544745399699538e-09
1.550108830308456120e+01,1.371556290541614908e+04,1.371556290541614908e+04,7.966725453926618560e-09
1.552694259586060888e+01,1.369163822459633411e+04,1.369163822459633411e+04,8.268389134765623539e-09
1.555234981160603702e+01,1.368592565090749486e+04,1.368592565090749486e+04,8.707530623144290410e-09
1.557766157587732003e+01,1.367700861008666652e+04,1.367700861008666652e+04,9.301156364477939849e-09
1.560343321343923328e+01,1.365541662780926708e+04,1.365541662780926708e+04,1.037981128633641264e-08
1.562854704943262796e+01,1.364102171112850920e+04,1.364102171112850920e+04,1.294645976897705261e-08
1.564723348165841621e+01,1.362343616099358405e+04,1.362343616099358405e+04,2.071126435326899465e-08
1.567252282470881042e+01,1.359538951015870589e+04,1.359538951015870589e+04,2.049081522625482379e-08
1.569383794802817000e+01,1.356888374166169342e+04,1.356888374166169342e+04,1.292053728500564916e-08
1.571944787887716188e+01,1.356488413475859670e+04,1.410593621538914158e+04,1.057036311119264833e-08
1.574481925956407657e+01,1.353877145725471382e+04,1.445202835928272725e+04,9.920233211091565949e-09
1.577057060522534826e+01,1.353509122880952418e+04,1.471028312911425201e+04,9.747456758134163646e-09
1.579613179547779467e+01,1.350876344132752456e+04,1.491786465644108466e+04,9.760915672183903003e-09
1.582174571753222203e+01,1.350514471635842347e+04,1.509472715023854835e+04,9.891985095249115004e-09
1.584708476051177151e+01,1.347878987090863120e+04,1.525113020926752506e+04,1.002390928431342147e-08
1.587288930390278097e+01,1.347489526928881787e+04,1.540005651813338409e+04,1.014220119596200075e-08
1.589822698426206671e+01,1.344852183867423264e+04,1.554093483246250798e+04,1.023213078491971053e-08
1.592356584089743521e+01,1.344454620711371172e+04,1.567852544275181208e+04,1.030701812981545227e-08
1.594874191265633634e+01,1.341826894790578808e+04,1.581267474239900912e+04,1.037766012978027175e-08
1.597439052414959981e+01,1.341402293699695474e+04,1.594579914259751422e+04,1.048220670435513624e-08
1.599980679286068153e+01,1.338787482917459056e+04,1.607328072589597650e+04,1.060810671605574016e-08
1.602492519854311581e+01,1.338326951564819501e+04,1.619374101818560302e+04,1.076396956347750752e-08
1.605065021838852246e+01,1.335910898863045441e+04,1.631109326313104793e+04,1.098969325172439708e-08
1.607584972641315701e+01,1.335442798220548138e+04,1.642004902172221045e+04,1.125384266037330945e-08
1.610098478221979690e+01,1.332799380752929392e+04,1.652313422450469807e+04,1.157880835372511022e-08
1.612660708722365399e+01,1.332136245235899332e+04,1.662259074534552201e+04,1.206536410852960302e-08
1.615201986846919269e+01,1.329596624757431346e+04,1.671595106031590331e+04,1.276192711153567585e-08
1.617720114830259703e+01,1.326849200120511705e+04,1.680370330697666213e+04,1.398664265221424754e-08
1.620249164862270419e+01,1.325854256373866338e+04,1.688720157881517298e+04,1.697391898276547453e-08
1.622474565671448588e+01,1.323263912424133196e+04,1.695687020492726879e+04,2.698581130238295049e-08
1.625018700753904710e+01,1.320444870611487022e+04,1.703247147603736812e+04,1.852387034793532924e-08
1.627520458704029593e+01,1.317809864580408066e+04,1.710324083355168113e+04,1.242956434106686667e-08
1.630084818488527532e+01,1.317471659710887980e+04,1.717211364262136703e+04,1.071389485804338475e-08
1.632628744552603095e+01,1.315115450918267561e+04,1.723710241820911324e+04,1.005961628900971991e-08
1.635165295167691824e+01,1.314816561323673341e+04,1.729850527668537325e+04,9.825550690610904959e-09
1.637672103914038502e+01,1.313989934401557366e+04,1.735594599549263148e+04,9.694298276520296115e-09
1.640245190825477906e+01,1.311877619831997617e+04,1.741173045872860530e+04,9.559481870689603948e-09
1.642805685472088939e+01,1.311550644832293074e+04,1.746418044214265683e+04,9.359993680752104781e-09
1.645349693824858761e+01,1.308978762663282942e+04,1.751318112367649883e+04,9.164514731609743107e-09
1.647851801491594870e+01,1.308715706334759489e+04,1.755846529179405843e+04,8.964315727575271533e-09
1.650405587772946703e+01,1.307861111673587220e+04,1.760183321029283979e+04,8.750390130823895437e-09
1.652935326367160940e+01,1.305823818361072153e+04,1.764193035555096139e+04,8.528064032695216216e-09
1.655460089610433272e+01,1.305571959319666530e+04,1.767912016604601376e+04,8.304116540976274495e-09
1.658032894436991711e+01,1.303044628805018328e+04,1.771420073711326404e+04,8.082993237680814671e-09
1.660574044014796158e+01,1.302732702714903098e+04,1.774612445455793568e+04,7.860634856671010089e-09
1.663084533583901248e+01,1.302453135846412442e+04,1.777492400097268546e+04,7.698903676546642757e-09
1.665636767119730521e+01,1.299928002533023027e+04,1.780151376865169368e+04,7.529882184343402403e-09
1.668201369416418345e+01,1.299677438373037330e+04,1.782541128409251178e+04,7.340653414989304029e-09
1.670766050687452164e+01,1.299387930384881656e+04,1.784652574838861256e+04,7.153346220768069903e-09
1.673380964698992557e+01,1.296898528551057825e+04,1.786502036621730076e+04,7.022365273576758995e-09
1.675985265513700995e+01,1.296656498610332346e+04,1.788060759691068597e+04,6.858745182359587862e-09
1.678498511968811613e+01,1.296216831305182677e+04,1.789264966683198872e+04,6.720928290825507956e-09
1.681095887401960454e+01,1.294130014302077871e+04,1.790228796732990668e+04,6.584758535815048463e-09
1.683694170816070468e+01,1.293940860389645059e+04,1.790876137141971776e+04,6.448036917823906936e-09
1.686268433635675024e+01,1.293614882865975414e+04,1.791202135621188063e+04,6.327480174375287358e-09
1.688836905943237454e+01,1.291165549043743522e+04,1.791209295835332159e+04,6.216031278255866107e-09
1.691364596384473629e+01,1.290959347807966333e+04,1.790897232057836663e+04,6.079907297082517348e-09
1.693878358234101356e+01,1.290746217351962150e+04,1.790260097048650277e+04,6.001469497405765767e-09
1.696407574243118432e+01,1.288390031373773127e+04,1.789273722398519749e+04,5.903485614410000047e-09
1.698925712475973882e+01,1.288000245168072979e+04,1.787964145152986748e+04,5.794979446911063585e-09
1.701503437096623372e+01,1.287828743719691192e+04,1.786228946072058534e+04,5.703798382010097600e-09
1.704038837490666225e+01,1.287458333913625938e+04,1.784162974655920698e+04,5.628943113967716773e-09
1.706650769848377891e+01,1.285069182611854194e+04,1.781614926641807688e+04,5.539734877392546882e-09
1.709186642021864699e+01,1.284884715095144202e+04,1.778736754574019142e+04,5.450981309346055795e-09
1.711785030175624911e+01,1.284686442506872481e+04,1.775353751225243104e+04,5.366974426340179718e-09
1.714307277246742700e+01,1.283219143084440475e+04,1.771640311524667050e+04,5.303956067849057047e-09
1.716812330848850721e+01,1.281952380922208431e+04,1.767548867615356357e+04,5.237685827619908317e-09
1.719347141303719795e+01,1.281796860268910132e+04,1.762981939252413576e+04,5.170068369939248642e-09
1.721866315595568153e+01,1.281567725443648851e+04,1.758032719018815988e+04,5.103234258574282579e-09
1.724408835750350022e+01,1.279140220444767147e+04,1.752643508017593558e+04,5.036861532960261768e-09
1.726979414316910777e+01,1.278874904035970212e+04,1.746818908871710300e+04,4.970521204286800541e-09
1.729589194633566152e+01,1.278720039385617747e+04,1.740576060599207995e+04,4.902887281601280315e-09
1.732271497273048055e+01,1.278401174337491830e+04,1.733876087716092297e+04,4.833460574345412434e-09
1.734833258358949237e+01,1.275999017796445332e+04,1.727265087700906952e+04,4.779164256163345468e-09
1.737368078833729612e+01,1.275803695354475531e+04,1.720596334379812470e+04,4.724333464122216602e-09
1.739955153498141271e+01,1.275650677659110079e+04,1.713763862124670050e+04,4.670873123435975774e-09
1.742539007541114771e+01,1.275278124751682117e+04,1.706965964234518106e+04,4.617695315758255585e-09
1.745183349444889842e+01,1.272941124886944453e+04,1.700093584069833014e+04,4.565394858766445227e-09
1.747829413946579535e+01,1.272759469309259111e+04,1.693361847870430938e+04,4.513462822421676702e-09
1.750342350146249260e+01,1.272565170189275705e+04,1.687170114895551524e+04,4.462278898022052421e-09
1.752897656596078235e+01,1.270620656377454725e+04,1.681080954227464827e+04,4.411679923647254662e-09
1.755456770617010065e+01,1.270165536494542175e+04,1.675200113781616528e+04,4.361566236476438546e-09
1.758020163574046535e+01,1.270026692861904667e+04,1.669549826290143756e+04,4.311824686448117584e-09
1.760620317841170390e+01,1.269836134872671028e+04,1.664069192341038070e+04,4.262937423880233374e-09
1.763249198053222599e+01,1.268089319695769336e+04,1.658741911850731412e+04,4.214990708808650020e-09
1.765749364007488609e+01,1.267141046187916254e+04,1.653844880476679828e+04,4.177336882383841187e-09
1.768444883755490338e+01,1.266998373013268247e+04,1.648769468388957102e+04,4.132281919000561915e-09
1.771139386757960210e+01,1.266818077204598012e+04,1.643885457645672432e+04,4.088849465400366991e-09
1.773657663848027255e+01,1.265794660402431691e+04,1.639415560250105045e+04,4.053596980774591293e-09
1.776187737467177286e+01,1.264125230837561867e+04,1.635037224548300946e+04,4.016076669753655175e-09
1.778763205492817079e+01,1.263987511563100816e+04,1.630618459842958327e+04,3.976487254427762305e-09
1.781369547369434869e+01,1.263841991801627228e+04,1.626135523982539053e+04,3.936252822084811621e-09
1.784002552833485211e+01,1.263390887074924649e+04,1.621526260592961444e+04,4.641312021853092065e-09
1.786649657828555604e+01,1.261138164336859518e+04,1.616584970654819881e+04,6.470893226776685490e-09
1.789199786410388171e+01,1.260979912326599151e+04,1.611321464317266145e+04,1.013726702049206208e-08
1.791326567692762950e+01,1.260876618736861747e+04,1.606204537777795849e+04,1.618178769157750711e-08
1.793833662944825136e+01,1.260686047369791231e+04,1.598471109164868176e+04,2.541231665251771481e-08
1.796370535569653271e+01,1.258884977905573760e+04,1.589244113636747352e+04,3.198167569847096554e-08
1.798885664657137795e+01,1.258018688854144602e+04,1.579495383181354555e+04,3.689503899699036921e-08
1.801389524028730804e+01,1.257893155440324153e+04,1.568612952848034729e+04,4.136096731254929612e-08
1.803915675575156996e+01,1.257754125856691098e+04,1.557532790429814304e+04,4.541422196388990368e-08
1.806427479669066116e+01,1.257371525816690882e+04,1.546312358934653457e+04,4.830976244422735964e-08
1.808930829904619131e+01,1.255075833119998606e+04,1.534624377244276366e+04,4.965660739192926144e-08
1.811434214142047949e+01,1.254903179288835054e+04,1.522847637257212955e+04,4.927251644542271612e-08
1.813960654235727432e+01,1.254778536145865110e+04,1.511499061339846594e+04,4.753673599615229922e-08
1.816461740547019232e+01,1.254581041509769784e+04,1.501428863931890191e+04,4.528013367027143029e-08
1.818969756133109783e+01,1.252656324816085362e+04,1.490840133353684359e+04,4.249411678795979133e-08
1.821479141455075990e+01,1.251923660814594587e+04,1.481409274419845678e+04,3.979176890727526923e-08
1.824008254457656975e+01,1.251785939489341035e+04,1.472527454452508755e+04,3.779933526339735305e-08
1.826511899253229743e+01,1.251570763088926105e+04,1.463874359949953396e+04,3.641276260988544721e-08
1.829017943046771677e+01,1.249446326445646446e+04,1.455994811972485331e+04,3.584472961814291719e-08
1.831534381517612076e+01,1.249213724983126303e+04,1.447743020720744244e+04,3.613063482597316398e-08
1.834040149728786417e+01,1.249085794656597318e+04,1.439054538713986585e+04,3.766977236540524816e-08
1.836561767855844707e+01,1.248911611788506161e+04,1.429954049713400309e+04,4.115739537584142873e-08
1.839077492410092063e+01,1.247791637611195074e+04,1.419857858407616732e+04,4.967443208523432884e-08
1.841354118413464747e+01,1.246215535560523858e+04,1.407719357292151471e+04,7.899501242018279428e-08
1.842111270292855707e+01,1.246165049065260973e+04,1.400691943395173439e+04,1.262124083095621301e-07
1.842434711938167524e+01,1.246145050284530589e+04,1.396570641128057287e+04,2.024335977484511685e-07
1.842608058831717699e+01,1.246133453955633559e+04,1.393361637225635423e+04,3.236399257390646725e-07
1.842724979998832779e+01,1.246124958143237018e+04,1.389725893496676144e+04,5.186032704093275089e-07
1.842810079179248461e+01,1.246117858774015804e+04,1.385094556125128838e+04,8.265295878337019333e-07
1.842860352127927470e+01,1.246112658391814330e+04,1.374474767386287931e+04,1.325341193057519540e-06
1.842885192020681728e+01,1.246109248996281895e+04,1.371252169605134986e+04,2.126185538675365544e-06
1.842897299296675229e+01,1.246106954090850377e+04,1.369216680307682145e+04,3.397682953746002232e-06
1.842903740708258553e+01,1.246105219458038118e+04,1.367144790880221444e+04,5.471374923367519570e-06
1.842907157066732893e+01,1.246103882791384603e+04,1.365478414063708078e+04,8.674659979959839861e-06
1.842909197415828615e+01,1.246102694444820918e+04,1.363776920711967978e+04,1.411261308588537148e-05
1.842910345638233949e+01,1.246101673771642891e+04,1.362201654473819326e+04,2.249092513124490252e-05
1.842911056051823238e+01,1.246100699029579118e+04,1.360685906377918036e+04,3.604307382293209521e-05
1.842911496614441091e+01,1.246099744685033329e+04,1.358922769132597568e+04,5.775473077878349781e-05
1.842911773609284509e+01,1.246098784164807148e+04,1.357394054453751778e+04,9.203417284370650378e-05
1.842911957098424836e+01,1.246097744480748224e+04,1.355373270178101302e+04,1.481521099523295225e-04
1.842912071350962933e+01,1.246096669390380703e+04,1.353384744555767793e+04,2.355658640733104597e-04
1.842912146445314647e+01,1.246095484518933154e+04,1.351222272612403503e+04,3.760669024980054604e-04
1.842912194253319669e+01,1.246094196920238028e+04,1.348537778051030728e+04,6.029120776500524479e-04
1.842912223558527174e+01,1.246092844969474390e+04,1.345392159933885523e+04,9.588487418241332548e-04
1.842912225916820290e+01,1.246092697404449609e+04,1.344978974599150752e+04,1.007784400776089899e-03
1.842912228891718840e+01,1.246092498269497992e+04,1.344312521455966817e+04,1.075296295091377656e-03
1.842912230504605731e+01,1.246092383789054111e+04,1.343949370674754027e+04,1.115422545941141281e-03
1.842912232166007769e+01,1.246092259997137626e+04,1.343573532420866650e+04,1.161546062128393205e-03
1.842912233976506897e+01,1.246092119072136848e+04,1.343161528330799956e+04,1.217853497192495802e-03
1.842912236463199349e+01,1.246091911633772543e+04,1.342590179780680955e+04,1.302008790425701352e-03
1.842912238359705057e+01,1.246091742711114784e+04,1.342089406045694159e+04,1.373341744879234827e-03
1.842912240248072564e+01,1.246091562789644195e+04,1.341153472358898034e+04,1.455065554907133008e-03
1.842912241877229818e+01,1.246091397752327975e+04,1.340363327202340588e+04,1.536690575537170067e-03
1.842912243555724672e+01,1.246091216712270761e+04,1.339564709060361929e+04,1.627611272851603886e-03
1.842912245667566751e+01,1.246090970792705048e+04,1.337174238842951127e+04,1.755368427061824912e-03
1.842912247375284451e+01,1.246090754571642719e+04,1.246090754571642719e+04,1.880987441310536488e-03
1.842912249253948076e+01,1.246090495479355741e+04,1.246090495479355741e+04,2.041699855931574433e-03
1.842912251113567024e+01,1.246090214394783652e+04,1.246090214394783652e+04,2.253174011908392824e-03
1.842912252840982035e+01,1.246089926693913912e+04,1.246089926693913912e+04,2.434904991232912045e-03
1.842912254654415705e+01,1.246089590068644975e+04,1.246089590068644975e+04,2.700243402978017015e-03
1.842912256275809568e+01,1.246089252895173377e+04,1.246089252895173377e+04,3.008861172575297629e-03
1.842912258025798877e+01,1.246088840436371174e+04,1.246088840436371174e+04,3.384530900616192044e-03
1.842912259768671390e+01,1.246088366452244554e+04,1.246088366452244554e+04,3.901636234352976688e-03
1.842912261667011364e+01,1.246087752218184323e+04,1.246087752218184323e+04,4.685991792736494098e-03
1.842912263390676131e+01,1.246087068250338416e+04,1.246087068250338416e+04,5.728788572028900225e-03
1.842912265124346760e+01,1.246086199618660066e+04,1.246086199618660066e+04,7.354620614609227308e-03
1.842912266738007432e+01,1.246085125527846867e+04,1.246085125527846867e+04,9.918621779908541256e-03
1.842912268346328020e+01,1.246083593341237247e+04,1.246083593341237247e+04,1.491204011098145807e-02
1.842912269632604705e+01,1.246081685121313967e+04,1.246081685121313967e+04,2.382351179927446119e-02
1.842912270549969733e+01,1.246079491919099200e+04,1.246079491919099200e+04,3.834215800636402854e-02
1.842912271216510689e+01,1.246076924452627645e+04,1.246076924452627645e+04,6.078817991813356691e-02
1.842912271758538623e+01,1.246073570937554723e+04,1.246073570937554723e+04,9.712677560336685501e-02
1.842912272244429772e+01,1.246068763028201283e+04,1.246068763028201283e+04,1.548497372434640973e-01
1.842912272747098967e+01,1.246060852233725927e+04,1.246060852233725927e+04,2.462695337714700672e-01
1.842912273287383229e+01,1.246046823374435007e+04,1.246046823374435007e+04,3.906543699842738859e-01
1.842912273882526009e+01,1.246019015307611880e+04,1.246019015307611880e+04,6.196943504696912353e-01
1.842912274681960128e+01,1.245940478869789513e+04,1.245940478869789513e+04,9.832356352362841001e-01
1.842912276266953597e+01,1.245210772743420057e+04,1.245210772743420057e+04,1.442042298321377203e+00
1.842912277014339395e+01,1.239711174206497526e+04,1.239711174206497526e+04,9.080108555578049190e-01
1.842912278601500020e+01,1.233362747603211210e+04,1.233362747603211210e+04,7.727289753727869526e-01
1.842912280188705765e+01,1.231922463187779067e+04,1.231922463187779067e+04,6.216461465798855945e-01
1.842912281774110284e+01,1.231745820720018128e+04,1.231745820720018128e+04,4.711419016485853262e-01
1.842912283359823178e+01,1.231592849152000599e+04,1.231592849152000599e+04,3.478305376421951256e-01
1.842912284946569912e+01,1.231461063962126536e+04,1.231461063962126536e+04,2.545548270039474925e-01
1.842912286536888189e+01,1.231315016660553374e+04,1.231315016660553374e+04,1.875284671898820588e-01
1.842912288129503295e+01,1.231146454643133438e+04,1.231146454643133438e+04,1.404547620844365519e-01
1.842912289721393293e+01,1.230956085361970690e+04,1.230956085361970690e+04,1.074753087079867997e-01
1.842912291322367579e+01,1.230804731033162534e+04,1.230804731033162534e+04,8.457446764292739227e-02
1.842912292918875039e+01,1.230679682180232885e+04,1.230679682180232885e+04,6.817449577343481781e-02
1.842912294504044013e+01,1.230577476773845046e+04,1.230577476773845046e+04,5.608336617987499939e-02
1.842912296128003291e+01,1.230487253707428499e+04,1.230487253707428499e+04,4.720566440563980087e-02
1.842912297724371840e+01,1.230399287294256101e+04,1.230399287294256101e+04,4.028982107236653287e-02
1.842912299339670312e+01,1.230297302882834447e+04,1.230297302882834447e+04,3.503752357858060801e-02
1.842912300937695136e+01,1.230186663064361164e+04,1.230186663064361164e+04,3.079677975646604934e-02
1.842912302571034644e+01,1.230077790663658561e+04,1.230077790663658561e+04,2.738864956158088351e-02
1.842912304171078119e+01,1.229982879968231282e+04,1.229982879968231282e+04,2.452623123069870223e-02
1.842912305806578743e+01,1.229899066982120348e+04,1.229899066982120348e+04,2.214407589967962164e-02
1.842912307408616357e+01,1.229828671468442553e+04,1.229828671468442553e+04,2.026864831327778241e-02
1.842912309028723072e+01,1.229767553610190407e+04,1.229767553610190407e+04,1.857141853386584315e-02
1.842912310656227248e+01,1.229714807227839992e+04,1.229714807227839992e+04,1.714229449556806811e-02
1.842912312296300215e+01,1.229669197022063781e+04,1.229669197022063781e+04,1.585163345636905058e-02
1.842912313954526127e+01,1.229629896475390888e+04,1.229629896475390888e+04,1.472239668382334735e-02
1.842912315642918131e+01,1.229596332270230050e+04,1.229596332270230050e+04,1.373289465741154083e-02
1.842912317333751560e+01,1.229568853748810761e+04,1.229568853748810761e+04,1.287587993140506745e-02
1.842912319056008030e+01,1.229546780370458691e+04,1.229546780370458691e+04,1.209888943191137281e-02
1.842912320679831595e+01,1.229530903056009265e+04,1.229530903056009265e+04,1.139347820426661953e-02
1.842912322324277241e+01,1.229518953361931199e+04,1.229518953361931199e+04,1.081443324875228096e-02
1.842912323910691441e+01,1.229510543757493906e+04,1.229510543757493906e+04,1.024284359758427000e-02
1.842912325520535077e+01,1.229504346774861551e+04,1.229504346774861551e+04,9.787021025442170855e-03
1.842912327155851315e+01,1.229499781523116508e+04,1.229499781523116508e+04,9.325774896626034052e-03
1.842912328810650280e+01,1.229496403083631776e+04,1.229496403083631776e+04,8.873020757207795289e-03
1.842912330486757710e+01,1.229493865408457350e+04,1.229493865408457350e+04,8.502043192790341777e-03
1.842912332111968254e+01,1.229492000320609623e+04,1.229492000320609623e+04,8.161871436692981485e-03
1.842912333833747240e+01,1.229490479394518297e+04,1.229490479394518297e+04,7.821554663047743106e-03
1.842912335564546922e+01,1.229489291994192354e+04,1.229489291994192354e+04,7.501933843122852476e-03
1.842912337310901094e+01,1.229488349124052183e+04,1.229488349124052183e+04,7.200540338874620271e-03
1.842912338940584149e+01,1.229487643905618461e+04,1.229487643905618461e+04,6.942422487185362541e-03
1.842912340564776486e+01,1.229487070205459895e+04,1.229487070205459895e+04,6.711400350009513738e-03
1.842912342414824778e+01,1.229486539588204323e+04,1.229486539588204323e+04,6.449189682862475036e-03
1.842912344132998470e+01,1.229486138084535742e+04,1.229486138084535742e+04,6.233054002702363532e-03
1.842912345813907748e+01,1.229485811247580932e+04,1.229485811247580932e+04,6.032279564080064542e-03
1.842912347552002572e+01,1.229485526030863730e+04,1.229485526030863730e+04,5.837440333052321129e-03
1.842912349379588122e+01,1.229485268874593021e+04,1.229485268874593021e+04,5.641316599718722985e-03
1.842912351034233254e+01,1.229485061869627498e+04,1.229485061869627498e+04,5.467243016223401197e-03
1.842912352764978579e+01,1.229484860228194339e+04,1.229484860228194339e+04,5.296083622906279549e-03
1.842912354409656928e+01,1.229484673011414088e+04,1.229484673011414088e+04,5.165161555176322160e-03
1.842912356087970238e+01,1.229484476882742092e+04,1.229484476882742092e+04,5.028977717736992682e-03
1.842912357914827481e+01,1.229484246302763495e+04,1.229484246302763495e+04,4.877415235481821938e-03
1.842912359785709597e+01,1.229483979666541927e+04,1.229483979666541927e+04,4.724488967109627402e-03
1.842912361376158259e+01,1.229483719601695157e+04,1.229483719601695157e+04,4.625908310123470063e-03
1.842912362967074813e+01,1.229483421067273230e+04,1.229483421067273230e+04,4.517414153820977635e-03
1.842912364635182954e+01,1.229483060547366586e+04,1.229483060547366586e+04,4.390748971367345807e-03
1.842912366345925435e+01,1.229482634037182288e+04,1.229482634037182288e+04,4.303731407960154250e-03
1.842912368060826367e+01,1.229482144784815864e+04,1.229482144784815864e+04,4.199511608625169749e-03
1.842912369901950598e+01,1.229481548243878569e+04,1.229481548243878569e+04,4.081817328560540491e-03
1.842912371734966825e+01,1.229480882413413201e+04,1.229480882413413201e+04,3.999847773146378467e-03
1.842912373646114332e+01,1.229480116563783304e+04,1.229480116563783304e+04,3.898257560782872853e-03
1.842912375539936320e+01,1.229479294319303335e+04,1.229479294319303335e+04,3.795087396788140045e-03
1.842912377161792392e+01,1.229478549077528805e+04,1.229478549077528805e+04,3.734091741814557410e-03
1.842912379188972949e+01,1.229477578281052411e+04,1.229477578281052411e+04,3.632990256627870868e-03
1.842912381242254583e+01,1.229476567522466394e+04,1.229476567522466394e+04,3.547671051281565003e-03
1.842912383316475555e+01,1.229475538056719415e+04,1.229475538056719415e+04,3.469574452850905655e-03
1.842912384979539908e+01,1.229474718354251308e+04,1.229474718354251308e+04,3.390363721578592421e-03
1.842912387029974752e+01,1.229473727552492892e+04,1.229473727552492892e+04,3.326536484992322941e-03
1.842912388759345177e+01,1.229472917144890016e+04,1.229472917144890016e+04,3.254662638848312538e-03
1.842912390644708509e+01,1.229472067010385035e+04,1.229472067010385035e+04,3.198600979149085390e-03
1.842912392523574638e+01,1.229471259491750425e+04,1.229471259491750425e+04,3.130022405988965202e-03
1.842912394254120656e+01,1.229470553632016163e+04,1.229470553632016163e+04,3.080303375856595794e-03
1.842912396124204832e+01,1.229469833259962252e+04,1.229469833259962252e+04,3.016169598421301629e-03
1.842912398071489477e+01,1.229469130365736237e+04,1.229469130365736237e+04,2.962433228129552135e-03
1.842912399729516082e+01,1.229468569478031168e+04,1.229468569478031168e+04,2.909851338723687744e-03
1.842912401781624965e+01,1.229467921636652682e+04,1.229467921636652682e+04,2.858389032054032414e-03
1.842912403759202178e+01,1.229467344204478104e+04,1.229467344204478104e+04,2.800476972258799605e-03
1.842912405541778043e+01,1.229466860784793062e+04,1.229466860784793062e+04,2.758888497528989934e-03
1.842912407613246017e+01,1.229466340883956946e+04,1.229466340883956946e+04,2.701467402856762637e-03
1.842912409309066035e+01,1.229465946446698763e+04,1.229465946446698763e+04,2.667269720418519001e-03
1.842912410960562042e+01,1.229465587976382449e+04,1.229465587976382449e+04,2.618270798232849410e-03
1.842912412886103013e+01,1.229465199243809730e+04,1.229465199243809730e+04,2.583591866884227262e-03
1.842912414525907039e+01,1.229464891682191410e+04,1.229464891682191410e+04,2.544167311410548346e-03
1.842912416444494639e+01,1.229464557393418727e+04,1.229464557393418727e+04,2.503737475157225868e-03
1.842912418081222015e+01,1.229464292391244817e+04,1.229464292391244817e+04,2.472487712466625402e-03
1.842912420037475840e+01,1.229463998270997217e+04,1.229463998270997217e+04,2.423074385555914773e-03
1.842912421980529558e+01,1.229463728695233112e+04,1.229463728695233112e+04,2.394438608159956024e-03
1.842912423703034008e+01,1.229463507206070790e+04,1.229463507206070790e+04,2.357013199856707823e-03
1.842912425654491670e+01,1.229463274693969106e+04,1.229463274693969106e+04,2.323542179540553920e-03
1.842912427688329657e+01,1.229463051641167476e+04,1.229463051641167476e+04,2.288453033934528986e-03
1.842912429429519250e+01,1.229462875084183179e+04,1.229462875084183179e+04,2.250455019720865729e-03
1.842912431631713233e+01,1.229462669630689561e+04,1.229462669630689561e+04,2.221699395434030729e-03
1.842912433553757978e+01,1.229462504976518358e+04,1.229462504976518358e+04,2.183828387480395931e-03
1.842912435763280499e+01,1.229462331753639774e+04,1.229462331753639774e+04,2.154116219553384344e-03
1.842912437757188826e+01,1.229462188789849824e+04,1.229462188789849824e+04,2.122358369410116616e-03
1.842912440010470121e+01,1.229462041130252146e+04,1.229462041130252146e+04,2.085408404713217333e-03
1.842912442119951777e+01,1.229461915475969181e+04,1.229461915475969181e+04,2.059286863892948079e-03
1.842912444239738790e+01,1.229461800379939450e+04,1.229461800379939450e+04,2.021019521202752165e-03
1.842912446626015921e+01,1.229461682823618139e+04,1.229461682823618139e+04,1.997038092379880246e-03
1.842912448632060318e+01,1.229461593382341016e+04,1.229461593382341016e+04,1.967364847388402161e-03
1.842912450402436519e+01,1.229461520656930588e+04,1.229461520656930588e+04,1.940897209501159064e-03
1.842912452102172693e+01,1.229461456141084636e+04,1.229461456141084636e+04,1.924532940212999969e-03
1.842912454161637470e+01,1.229461384494488266e+04,1.229461384494488266e+04,1.897367313804751996e-03
1.842912456000431831e+01,1.229461325579752156e+04,1.229461325579752156e+04,1.872235128363284283e-03
1.842912458068838433e+01,1.229461264944711911e+04,1.229461264944711911e+04,1.853168186204838530e-03
1.842912460163140764e+01,1.229461209061105910e+04,1.229461209061105910e+04,1.826784271355576380e-03
1.842912462220894909e+01,1.229461158813723159e+04,1.229461158813723159e+04,1.801825028088464235e-03
1.842912464098467851e+01,1.229461116525019497e+04,1.229461116525019497e+04,1.785342467430274917e-03
1.842912465903288677e+01,1.229461078834499313e+04,1.229461078834499313e+04,1.763590682500661882e-03
1.842912468382453284e+01,1.229461030929250228e+04,1.229461030929250228e+04,1.736717447757762326e-03
1.842912470145893522e+01,1.229460999462294967e+04,1.229460999462294967e+04,1.722397134560871854e-03
1.842912471763957072e+01,1.229460971664756653e+04,1.229460971664756653e+04,1.704755231447779634e-03
1.842912473893109393e+01,1.229460937130326238e+04,1.229460937130326238e+04,1.678125112170968840e-03
1.842912476150041456e+01,1.229460901682681651e+04,1.229460901682681651e+04,1.663364885687482414e-03
1.842912478230164197e+01,1.229460870127001726e+04,1.229460870127001726e+04,1.642565936686352090e-03
1.842912480063095870e+01,1.229460842655319539e+04,1.229460842655319539e+04,1.620429322891889278e-03
1.842912481685405268e+01,1.229460818200648100e+04,1.229460818200648100e+04,1.611237810992086810e-03
1.842912483840906646e+01,1.229460785496001154e+04,1.229460785496001154e+04,1.594493135226028287e-03
1.842912485437202719e+01,1.229460760460399797e+04,1.229460760460399797e+04,1.577647182883868369e-03
1.842912487547835809e+01,1.229460726397507460e+04,1.229460726397507460e+04,1.558449624796962160e-03
1.842912489690426980e+01,1.229460689897049269e+04,1.229460689897049269e+04,1.544592200396724619e-03
1.842912491293253652e+01,1.229460661215165419e+04,1.229460661215165419e+04,1.531377053627345835e-03
1.842912493426878129e+01,1.229460620577672489e+04,1.229460620577672489e+04,1.508474075726582656e-03
1.842912495387773930e+01,1.229460580508642124e+04,1.229460580508642124e+04,1.498437603640232667e-03
1.842912497181534093e+01,1.229460541152157020e+04,1.229460541152157020e+04,1.486496139814353799e-03
1.842912499822590888e+01,1.229460478223696555e+04,1.229460478223696555e+04,1.463613709115241680e-03
1.842912502345184933e+01,1.229460411802710769e+04,1.229460411802710769e+04,1.446258316682369743e-03
1.842912504738760049e+01,1.229460342674847925e+04,1.229460342674847925e+04,1.431403966013296628e-03
1.842912506872638545e+01,1.229460275429336070e+04,1.229460275429336070e+04,1.413643846843835525e-03
1.842912508785481407e+01,1.229460210248412113e+04,1.229460210248412113e+04,1.399253345652357906e-03
1.842912511192310987e+01,1.229460121710446583e+04,1.229460121710446583e+04,1.387724412576236748e-03
1.842912513272969122e+01,1.229460038772015105e+04,1.229460038772015105e+04,1.373550446039440917e-03
1.842912515457224742e+01,1.229459944851658838e+04,1.229459944851658838e+04,1.354729534307122897e-03
1.842912517816811402e+01,1.229459835877785918e+04,1.229459835877785918e+04,1.343793348059179379e-03
1.842912519910681368e+01,1.229459732111437552e+04,1.229459732111437552e+04,1.332563518382168070e-03
1.842912522339849701e+01,1.229459603365878684e+04,1.229459603365878684e+04,1.315011283238604924e-03
1.842912524449730682e+01,1.229459484108516517e+04,1.229459484108516517e+04,1.301653317269051363e-03
1.842912526885064040e+01,1.229459337841808156e+04,1.229459337841808156e+04,1.291476516122991736e-03
1.842912529274928346e+01,1.229459185263148174e+04,1.229459185263148174e+04,1.277475222820587857e-03
1.842912531391116104e+01,1.229459042783445511e+04,1.229459042783445511e+04,1.261505641697311612e-03
1.842912534002369540e+01,1.229458857535414791e+04,1.229458857535414791e+04,1.250615429331508122e-03
1.842912536412572067e+01,1.229458677548914238e+04,1.229458677548914238e+04,1.239231096716065638e-03
1.842912538649887821e+01,1.229458502697188669e+04,1.229458502697188669e+04,1.225457369831764714e-03
1.842912541441975804e+01,1.229458274791529038e+04,1.229458274791529038e+04,1.210666906283320091e-03
1.842912543484420596e+01,1.229458101225553037e+04,1.229458101225553037e+04,1.202880953550598429e-03
1.842912546425484521e+01,1.229457842092580904e+04,1.229457842092580904e+04,1.188107102730024235e-03
1.842912548919021631e+01,1.229457614225457655e+04,1.229457614225457655e+04,1.171515496967405305e-03
1.842912551277281707e+01,1.229457391914906111e+04,1.229457391914906111e+04,1.164373552760810011e-03
1.842912554284515636e+01,1.229457100468462340e+04,1.229457100468462340e+04,1.151611545719370818e-03
1.842912556661514856e+01,1.229456863644395889e+04,1.229456863644395889e+04,1.138551846492297064e-03
1.842912559371123038e+01,1.229456588069191093e+04,1.229456588069191093e+04,1.126605127514805280e-03
1.842912562089383144e+01,1.229456305599748157e+04,1.229456305599748157e+04,1.117567012682982785e-03
1.842912564587547308e+01,1.229456041829389324e+04,1.229456041829389324e+04,1.106149064551544296e-03
1.842912566262318919e+01,1.229455862845263982e+04,1.229455862845263982e+04,1.097012574539554461e-03
1.842912569015730995e+01,1.229455565452150222e+04,1.229455565452150222e+04,1.086212190370198800e-03
1.842912571580013292e+01,1.229455285541497142e+04,1.229455285541497142e+04,1.078182826424894459e-03
1.842912573178028879e+01,1.229455109852613350e+04,1.229455109852613350e+04,1.071686342519730974e-03
1.842912574784421409e+01,1.229454932560839734e+04,1.229454932560839734e+04,1.063967385144911704e-03
1.842912577153971654e+01,1.229454669840131464e+04,1.229454669840131464e+04,1.051723047654139383e-03
1.842912580207082840e+01,1.229454329659142422e+04,1.229454329659142422e+04,1.044356954096172267e-03
1.842912581849612508e+01,1.229454146222456620e+04,1.229454146222456620e+04,1.039036253286432319e-03
1.842912584561626232e+01,1.229453843163695456e+04,1.229453843163695456e+04,1.027707343741687124e-03
1.842912587585039930e+01,1.229453505323206991e+04,1.229453505323206991e+04,1.014064929430592019e-03
1.842912589273921142e+01,1.229453316861499297e+04,1.229453316861499297e+04,1.010315215667911175e-03
1.842912592108238812e+01,1.229453001347578720e+04,1.229453001347578720e+04,1.002106065092019018e-03
1.842912593561545265e+01,1.229452840248583561e+04,1.229452840248583561e+04,9.968048140634969568e-04
1.842912764310849028e+01,1.229439849840386159e+04,1.229439849840386159e+04,6.277169714411597783e-04
1.842913037582897573e+01,1.229430167541148330e+04,1.229430167541148330e+04,3.952236038022285871e-04
1.842913473601102226e+01,1.229414453874990431e+04,1.229414453874990431e+04,2.480329376988919766e-04
1.842914169961739290e+01,1.229398363130386679e+04,1.229398363130386679e+04,1.561500643840405531e-04
1.842915273351140826e+01,1.229362487898875224e+04,1.229362487898875224e+04,9.834060898263894464e-05
1.842917069342274416e+01,1.229306841022381195e+04,1.229306841022381195e+04,6.195944191764404699e-05
1.842919958278187309e+01,1.229237693570728879e+04,1.229237693570728879e+04,3.880338343740927291e-05
1.842924666497989605e+01,1.229128621401274359e+04,1.229128621401274359e+04,2.438884266999404976e-05
1.842932175503903380e+01,1.228835898013241967e+04,1.228835898013241967e+04,1.533647622520140419e-05
1.842944471249472471e+01,1.228100127802522729e+04,1.228100127802522729e+04,9.645994361451981687e-06
1.842963953317116932e+01,1.227653859906983052e+04,1.227653859906983052e+04,6.084176466110888566e-06
1.842996075530398059e+01,1.227575299584999084e+04,1.256615715039554561e+04,3.828441109063172136e-06
1.843048631227130940e+01,1.227592296539640483e+04,1.365431602375819421e+04,2.403716015935899121e-06
1.843134875741482759e+01,1.227571382814524623e+04,1.418082407690833315e+04,1.504716620937442397e-06
1.843274394585883513e+01,1.227503180680383230e+04,1.453483314249495561e+04,9.472068159029707483e-07
1.843495203742132560e+01,1.227258056506033608e+04,1.486239070437374903e+04,5.966772736698526874e-07
1.843839500242308205e+01,1.224758664975659121e+04,1.515224029639015680e+04,3.764517404546467060e-07
1.844336290207940010e+01,1.224402136612878894e+04,1.539947274736790132e+04,2.369083351030491189e-07
1.844992963993728097e+01,1.221627494616716467e+04,1.560986761900209603e+04,1.494307271132609035e-07
1.845822905452132900e+01,1.221263054416413434e+04,1.579768496938574935e+04,9.398293695863916777e-08
1.848290398820908109e+01,1.215505230379681961e+04,1.618452096112506842e+04,5.921605300820760964e-08
1.850800224182523834e+01,1.212114786476748122e+04,1.648944847118553298e+04,5.269325189948158273e-08
1.853311982370533073e+01,1.206546370900291004e+04,1.675649624000886615e+04,4.896877902550637787e-08
1.855818525345049963e+01,1.203647971515257086e+04,1.699707728298094298e+04,4.663846045031062534e-08
1.858330632505569469e+01,1.200140664515607205e+04,1.721705083119353367e+04,4.484574861541440413e-08
1.860833663227225898e+01,1.194728226657182677e+04,1.741795427064864271e+04,4.366282604548223092e-08
1.863347121932619643e+01,1.191580147493503682e+04,1.760375725115104069e+04,4.263538558584910506e-08
1.865858615629784367e+01,1.188428311358341671e+04,1.777537683321201257e+04,4.228413423207316368e-08
1.868365179330990600e+01,1.184320457532995169e+04,1.793465007086797777e+04,4.192441004992470795e-08
1.870868243811088050e+01,1.179870203114005017e+04,1.808317735684548825e+04,4.032769616059410953e-08
1.873373804751601668e+01,1.176741583883368003e+04,1.822265446297884773e+04,4.019434017241849797e-08
1.875879479768660119e+01,1.173628963421073058e+04,1.835409863732340455e+04,3.899089883251849056e-08
1.878382830429960038e+01,1.170478660233568007e+04,1.847807989179695505e+04,3.903535476808404248e-08
1.880900778866229572e+01,1.167187342799391263e+04,1.859617382905791965e+04,3.852113298320678833e-08
1.883412509346684161e+01,1.161903707016173757e+04,1.870794831107406571e+04,3.728513490266387660e-08
1.885916311225924602e+01,1.158871131143060302e+04,1.881399007596825686e+04,3.640244461516611509e-08
1.888423831022791788e+01,1.155780581260543295e+04,1.891514232448010443e+04,3.574311288288628405e-08
1.890938629302606344e+01,1.152686525397860714e+04,1.901208602385006088e+04,3.539586908536576320e-08
1.893460522458287798e+01,1.149585287640400202e+04,1.910493634824715991e+04,3.519824563035153387e-08
1.895968619049367376e+01,1.146467003202193155e+04,1.919329158990739234e+04,3.485069850789685876e-08
1.898481080177253588e+01,1.143317462810415236e+04,1.927806317125647911e+04,3.379667564344422455e-08
1.900987914527565792e+01,1.138407785484714987e+04,1.935922085519618850e+04,3.360943723056781148e-08
1.903502230200482970e+01,1.134962134511766271e+04,1.943748440916095569e+04,3.312352089621421981e-08
1.906003944096684322e+01,1.131893469238898069e+04,1.951224833181638314e+04,3.257918472295790266e-08
1.908518175827461860e+01,1.128810227535868216e+04,1.958467144344667395e+04,3.174836323252759788e-08
1.911036431906516242e+01,1.125737127272492762e+04,1.965452247849309424e+04,3.177270154344691903e-08
1.913556068163974189e+01,1.122682176545660695e+04,1.972185036902670254e+04,3.104359008898078952e-08
1.916072351856933054e+01,1.119676089645883258e+04,1.978675669377429949e+04,3.026712358740863885e-08
1.918573640330540542e+01,1.116917606145428363e+04,1.984909532397080329e+04,2.974499143086778963e-08
1.921080341290686633e+01,1.113869706705263525e+04,1.990940414720832268e+04,2.929892619962155442e-08
1.923592068308743919e+01,1.110823985628607625e+04,1.996778601414078730e+04,2.891870514845889657e-08
1.926104428879301622e+01,1.107780036607047259e+04,2.002423868674716141e+04,2.865909054869391521e-08
1.928609387339217562e+01,1.104738152519472715e+04,2.007871829158678520e+04,2.848235813652860674e-08
1.931119852467351095e+01,1.101700590230186026e+04,2.013155337961276746e+04,2.793622347897833260e-08
1.933624270877167461e+01,1.098671964718963682e+04,2.018248782719397786e+04,2.722451268334830744e-08
1.936137018806070742e+01,1.095678584848557512e+04,2.023191215325148369e+04,2.724469071758394650e-08
1.938649454985646514e+01,1.092947548591251325e+04,2.027981791478423111e+04,2.646667945873880178e-08
1.941161672213196709e+01,1.089917599524543402e+04,2.032606056743830050e+04,2.643878261626425969e-08
1.943665195117390354e+01,1.086909263744237433e+04,2.037075113028999476e+04,2.571233629583629892e-08
1.946176571977202840e+01,1.083893719473149758e+04,2.041398519322455104e+04,2.570106565263024400e-08
1.948695290835453164e+01,1.081237315748261426e+04,2.045606502688822729e+04,2.524731493206567678e-08
1.951203825742937781e+01,1.080215208704076213e+04,2.049651235371379153e+04,2.468320205553779797e-08
1.953706757506154901e+01,1.077416715165755886e+04,2.053551434506332953e+04,2.437407193567394252e-08
1.956213885634571525e+01,1.074442319381963898e+04,2.057334052588208215e+04,2.412472626041134407e-08
1.958724661488646390e+01,1.071811602901528749e+04,2.060988935532167307e+04,2.390475037823975120e-08
1.961234950583519066e+01,1.068840173673734171e+04,2.064514201176999268e+04,2.360401694036373835e-08
1.963742279511880540e+01,1.065844901990686230e+04,2.067910278187871882e+04,2.323737014478529420e-08
1.966243172954759899e+01,1.062843063773247377e+04,2.071172850649028624e+04,2.285599769584806014e-08
1.968755929635949542e+01,1.059850230817258489e+04,2.074337438621796173e+04,2.248534811987229222e-08
1.971266935324041469e+01,1.057029228844996942e+04,2.077380748765393582e+04,2.221921832257844778e-08
1.973788489479249364e+01,1.056344877902170992e+04,2.080319190408675058e+04,2.209012926646036508e-08
1.976303054434868045e+01,1.053464373113269721e+04,2.083137763809978424e+04,2.181077409096164727e-08
1.978814416037469215e+01,1.050888068498367102e+04,2.085839676757060442e+04,2.134456870470448059e-08
1.981329664787022438e+01,1.047921508149467081e+04,2.088433644892813754e+04,2.123740250920175676e-08
1.983847810593325889e+01,1.044931764439987273e+04,2.090914806062100615e+04,2.092503866641420184e-08
1.986368159623189200e+01,1.041965277559423157e+04,2.093291539206893867e+04,2.061287698829485288e-08
1.988872359947538371e+01,1.041112551444396740e+04,2.095537833264535948e+04,2.039960659749744548e-08
1.991374600247284832e+01,1.038634199894583253e+04,2.097684067053863328e+04,2.019083402283174196e-08
1.993886772068887936e+01,1.035714801870519477e+04,2.099733421674149577e+04,1.977692238903468941e-08
1.996415114835888716e+01,1.032732554999637068e+04,2.101679941229947508e+04,1.970856744210132173e-08
1.998921245221632859e+01,1.029810354130497763e+04,2.103514389075836516e+04,1.942829838789141536e-08
2.001441519406046154e+01,1.027269935324197832e+04,2.105250868795967472e+04,1.905335808115281410e-08
2.003964155398421454e+01,1.026756084001347699e+04,2.106881793754229511e+04,1.887847231126685379e-08
2.006465560173599627e+01,1.023889375332447889e+04,2.108401807732199813e+04,1.872974343237823863e-08
2.008999472832699240e+01,1.020919023628924697e+04,2.109833004231804080e+04,1.854327745909646808e-08
2.011538216499801024e+01,1.017963319456773024e+04,2.111163535659307672e+04,1.827926431254435047e-08
2.014047890638559934e+01,1.017525117153003703e+04,2.112377873194121275e+04,1.805273560512089122e-08
2.016576223549744284e+01,1.014726620396015460e+04,2.113495901973099535e+04,1.782676259823125476e-08
2.019092552156367759e+01,1.011770540065562454e+04,2.114515057672162584e+04,1.764063857765909528e-08
2.021619808011542574e+01,1.008852911599589606e+04,2.115428000784756659e+04,1.745469715472657789e-08
2.024129303156823312e+01,1.008019264526195184e+04,2.116227917469002932e+04,1.724337527486915430e-08
2.026649985421068578e+01,1.005924268676491010e+04,2.116944634082118500e+04,1.695546334389535737e-08
2.029172868579111721e+01,1.002994798558026741e+04,2.117555375728988292e+04,1.666586367580493370e-08
2.031679595435221941e+01,1.000050198025974169e+04,2.118058465229050853e+04,1.654200926521204069e-08
2.034188018841027557e+01,9.996678277655015336e+03,2.118459201114514508e+04,1.646143029265301239e-08
2.036695317992336740e+01,9.968523163713978647e+03,2.118758481173381006e+04,1.610458585241359601e-08
2.039206182252974742e+01,9.938944613600444427e+03,2.118956712652499118e+04,1.600052188662975064e-08
2.041708203715259984e+01,9.931918982750032228e+03,2.119054278244313173e+04,1.583551868554014249e-08
2.044235408011294552e+01,9.907142236289773791e+03,2.119051380760228494e+04,1.555230969262276028e-08
2.046744578483068722e+01,9.877743100473997401e+03,2.118947473246237860e+04,1.551214724279490448e-08
2.049275907772990735e+01,9.850842503736890649e+03,2.118739199758876202e+04,1.518592880509657897e-08
2.051783403359665314e+01,9.845443742983959964e+03,2.118430947311213458e+04,1.513162417230637236e-08
2.054291979240592170e+01,9.820097572901784588e+03,2.118019184916382801e+04,1.494555217364178042e-08
2.056795690487137662e+01,9.790752700934252061e+03,2.117503289797162142e+04,1.465937710372903133e-08
2.059311013011986091e+01,9.787357735912130011e+03,2.116877390614874821e+04,1.465202845943243590e-08
2.061831552736840223e+01,9.759140708095732407e+03,2.116142244373897120e+04,1.444782619005850392e-08
2.064335107187171658e+01,9.729876560047419844e+03,2.115323019573211059e+04,1.415882437519741934e-08
2.066836756244480355e+01,9.726836870465778702e+03,2.114393635817786344e+04,1.403755068015396056e-08
2.069354848653024348e+01,9.698323127902835040e+03,2.113342635967613751e+04,1.398619061588128693e-08
2.071897532170301304e+01,9.668998427372656806e+03,2.112188488899946606e+04,1.385295638966528917e-08
2.074415959789924813e+01,9.666436111915672882e+03,2.110929508684396569e+04,1.365612639548569051e-08
2.076940121453935717e+01,9.637819068699624040e+03,2.109569156103182831e+04,1.345144438471004137e-08
2.079442129985317322e+01,9.611787159865152717e+03,2.108108394738132847e+04,1.328660321306676306e-08
2.081960535507118948e+01,9.609109924191561731e+03,2.106535717674784246e+04,1.312383306794709073e-08
2.084462459119674094e+01,9.580403880276884593e+03,2.104862047941064884e+04,1.299413984660084305e-08
2.086986235980658577e+01,9.557210632443358918e+03,2.103076820543354188e+04,1.285975402787191692e-08
2.089492048155252846e+01,9.549116988395924636e+03,2.101182694548533254e+04,1.275660828120474808e-08
2.092003312534997761e+01,9.519808043963505042e+03,2.099198291706437158e+04,1.265391354300007018e-08
2.094527543625420662e+01,9.516748113670117164e+03,2.097090607951498532e+04,1.253315964999471686e-08
2.097037434459095095e+01,9.488772989288710960e+03,2.094881682185662066e+04,1.236659949662818406e-08
2.099561207625205128e+01,9.459928026453224447e+03,2.092563555642384745e+04,1.214408569585306097e-08
2.102070844735292710e+01,9.457591141040606090e+03,2.090156729206200907e+04,1.200329442676968011e-08
2.104605026174592552e+01,9.428629166949780483e+03,2.087626601527028470e+04,1.195185871133906434e-08
2.107124493616471739e+01,9.421725681544558029e+03,2.085004783901487463e+04,1.185531504965353172e-08
2.109642450473334208e+01,9.400857023337137434e+03,2.082283317382371024e+04,1.159915605886507110e-08
2.112143698011671233e+01,9.371730431497082463e+03,2.079482323191338583e+04,1.155514754584669119e-08
2.114674082545985456e+01,9.369627479459648384e+03,2.076551940382751854e+04,1.146627594055972617e-08
2.117186480655604797e+01,9.340658475225007351e+03,2.073548469735081017e+04,1.123483979204407387e-08
2.119702475225178873e+01,9.337726462674432696e+03,2.070448501612223481e+04,1.122852679613578825e-08
2.122215626529726507e+01,9.309815768667282100e+03,2.067269861898042291e+04,1.098896548781640605e-08
2.124744528407031652e+01,9.298687076374590106e+03,2.063978687911597444e+04,1.097761596311851700e-08
2.127250491956363732e+01,9.278964213735804151e+03,2.060633761575056633e+04,1.075727638097288093e-08
2.129751781939354061e+01,9.249828993190891197e+03,2.057212884859038968e+04,1.075614832971287830e-08
2.132288492924170242e+01,9.248059752791150459e+03,2.053662401199514352e+04,1.054015222109046456e-08
2.134795617601048079e+01,9.218893015993155132e+03,2.050081600016485390e+04,1.050274460970876886e-08
2.137335811085180381e+01,9.216953366767429543e+03,2.046398195648136971e+04,1.036922119980176230e-08
2.139861296016692549e+01,9.188456196769686358e+03,2.042668882928699531e+04,1.020376923972224117e-08
2.142408424172261761e+01,9.181483694758017009e+03,2.038831182300125147e+04,1.019065225961822874e-08
2.144947728418326705e+01,9.160960349942901303e+03,2.034957713713691555e+04,1.002726330650169978e-08
2.147451496827970274e+01,9.132957791563270803e+03,2.031101472794581059e+04,9.882491914999183379e-09
2.149954667243684980e+01,9.130307889585132216e+03,2.027190402685226945e+04,9.816500039522324638e-09
2.152506461049741660e+01,9.101204530926121151e+03,2.023155356637863224e+04,9.764253679409479813e-09
2.155017487737121229e+01,9.099632338556797549e+03,2.019176597099440551e+04,9.636852453811574463e-09
2.157523550658360989e+01,9.070673859393149542e+03,2.015162185660086107e+04,9.505170044520952679e-09
2.160034309340377945e+01,9.069034668166985284e+03,2.011112311780655000e+04,9.384658768262083851e-09
2.162554820507555675e+01,9.040072495301490562e+03,2.007067823364618380e+04,9.282190231513312628e-09
2.165084533457016036e+01,9.038431944293113702e+03,2.002969423203488259e+04,9.197093676218130224e-09
2.167600603152077454e+01,9.009433037647957462e+03,1.998916245503639584e+04,9.112278503844762193e-09
2.170135036774602355e+01,9.007880374495744036e+03,1.994850565725043634e+04,9.028697086122995080e-09
2.172653269229994422e+01,8.979131599317497603e+03,1.990801851349667049e+04,8.937384364565621726e-09
2.175182586038802057e+01,8.977099849803676989e+03,1.986778961702529705e+04,8.845585828341956259e-09
2.177690316084250455e+01,8.951929275157090160e+03,1.982841083765661824e+04,8.745064954851361268e-09
2.180216144830762914e+01,8.949944990041010897e+03,1.978878699341621541e+04,8.645433625386702297e-09
2.182725913373345961e+01,8.921507663505164601e+03,1.975023236604256454e+04,8.544918946762563535e-09
2.185255009034738904e+01,8.919707161224774609e+03,1.971216891680088520e+04,8.457972156330933283e-09
2.187776175827829661e+01,8.891066842377707871e+03,1.967473905861029198e+04,8.387484157715231603e-09
2.190316878456152239e+01,8.889479163929356218e+03,1.963764153790804994e+04,8.322000316429185151e-09
2.192844640813082435e+01,8.860637106704507460e+03,1.960152046022286959e+04,8.257119895399672338e-09
2.195364133921334826e+01,8.859302175684297254e+03,1.956718799883858082e+04,8.157875319091468445e-09
2.197894851607333777e+01,8.830461754601243229e+03,1.953340091728225889e+04,8.040047516893812184e-09
2.200431054941703835e+01,8.829099147074512075e+03,1.950055530624536550e+04,7.958980280340284898e-09
2.202938299888340268e+01,8.800147338758175465e+03,1.946913941329070076e+04,7.919229933708286729e-09
2.205462996879627013e+01,8.798869428576817882e+03,1.943859549822716872e+04,7.831308898587729703e-09
2.207980236517581218e+01,8.771795816389205356e+03,1.940921810562729297e+04,7.713752659657754045e-09
2.210496933255198115e+01,8.768752214313513832e+03,1.938087137554807123e+04,7.675502603045532415e-09
2.213030248854185444e+01,8.743243158295947069e+03,1.935318987168142121e+04,7.596692801252592797e-09
2.215545303784849196e+01,8.741878989468485088e+03,1.932697685446634205e+04,7.487802656296002255e-09
2.218088012145796029e+01,8.735179411189363236e+03,1.930101137289171311e+04,7.453920439961367912e-09
2.220625662751426432e+01,8.711650066297241210e+03,1.927621477950724511e+04,7.341992536263392673e-09
2.223138081136008282e+01,8.709394397212996410e+03,1.925295767169473038e+04,7.292056742496391487e-09
2.225660876739725325e+01,8.681431463987828465e+03,1.922992727611505325e+04,7.208858570853137852e-09
2.228201475889857264e+01,8.680014989483110185e+03,1.920703462979471078e+04,7.137201996769032879e-09
2.230704904701427793e+01,8.651311402030140016e+03,1.918525839012734650e+04,7.067087697651943953e-09
2.233211187292804922e+01,8.650180720279366142e+03,1.916442604150859188e+04,7.007076426357315973e-09
2.235729175825643367e+01,8.622325442767960340e+03,1.914335842229735499e+04,6.912728424240025627e-09
2.238267803590862925e+01,8.620079843470857668e+03,1.912259682164307378e+04,6.878492424507336854e-09
2.240804179323657408e+01,8.617467782376994364e+03,1.910264747610488121e+04,6.770996496563730029e-09
2.243349826538022285e+01,8.589921312719581692e+03,1.908252945307292248e+04,6.752086193332494155e-09
2.245860369583217064e+01,8.588620430208395192e+03,1.906292163534826977e+04,6.654632937285871177e-09
2.248389763571860911e+01,8.559967089666068205e+03,1.904354323531647970e+04,6.579739661196589964e-09
2.250941833849113038e+01,8.558831885420877370e+03,1.902384078870899248e+04,6.556071227212498100e-09
2.253509096137325329e+01,8.545587904204268852e+03,1.900456211213802089e+04,6.448992847550982653e-09
2.256016229513250693e+01,8.528941441420516639e+03,1.898512738459690809e+04,6.388554771433907024e-09
2.258558746557826424e+01,8.524940583602448896e+03,1.896581408293651111e+04,6.367413832799029409e-09
2.261091890050998643e+01,8.502218218305182745e+03,1.894668239566344710e+04,6.278071452468001367e-09
2.263626658582541040e+01,8.500908261011696595e+03,1.892690800993174707e+04,6.196102154857787719e-09
2.266137055787138976e+01,8.472326506508459715e+03,1.890749106202284020e+04,6.145231305088949841e-09
2.268641070233907442e+01,8.471291351312971528e+03,1.888845243388671224e+04,6.114646655639420811e-09
2.271183969839034944e+01,8.466230862121617974e+03,1.886756691847891125e+04,6.065909003669921914e-09
2.273733604186928403e+01,8.441260357860121076e+03,1.884810279733120478e+04,5.978989649429389452e-09
2.276285351625222475e+01,8.440032893165818678e+03,1.882796068981580174e+04,5.903988981544443402e-09
2.278826558864947316e+01,8.411430332090050797e+03,1.880642912522011466e+04,5.845307068994152850e-09
2.281367961758149576e+01,8.410401628903759047e+03,1.878693236654724387e+04,5.800332598347197978e-09
2.283868900943975433e+01,8.407545965063089170e+03,1.876685575517479083e+04,5.921473611904311195e-09
2.286383876242982183e+01,8.380436364420151222e+03,1.874486941972985733e+04,6.193327120322421920e-09
2.288920393026693745e+01,8.379453724232351306e+03,1.872523557169379274e+04,6.471102528847976894e-09
2.291470841012387893e+01,8.350678932290229568e+03,1.870497112827552701e+04,6.754918452313308602e-09
2.294006159711558723e+01,8.349649689297657460e+03,1.868285089938062447e+04,7.033871065767957291e-09
2.296561935725195625e+01,8.348088296773585171e+03,1.866058239809650331e+04,7.309433210947215363e-09
2.299081919625835368e+01,8.319837936205394726e+03,1.864216334827801620e+04,7.570930075056068842e-09
2.301606246466926464e+01,8.318914409736384187e+03,1.861957884104733967e+04,7.844179857270987946e-09
2.304158713011124249e+01,8.293536315839197414e+03,1.859615540756690825e+04,8.137404847075194756e-09
2.306671940763830619e+01,8.292542442451001989e+03,1.857622687419361682e+04,8.427278787284010016e-09
2.309198510581097352e+01,8.291237208421198375e+03,1.855593658612103900e+04,8.711281609764205204e-09
2.311749396346577967e+01,8.262752752862113994e+03,1.853126564944864731e+04,8.996569167427360667e-09
2.314254392081746303e+01,8.261881018090422003e+03,1.850876247898723886e+04,9.270129558118036952e-09
2.316813103563221077e+01,8.259904301904076419e+03,1.848944690269331841e+04,9.557649138750148571e-09
2.319372331336511195e+01,8.231924610581581874e+03,1.846704580862177318e+04,9.844250753855430962e-09
2.321953496761946667e+01,8.231192040750896922e+03,1.844176608716413102e+04,1.012769270063701121e-08
2.324456764460788705e+01,8.226827418459213732e+03,1.841724786916135417e+04,1.039506908668900326e-08
2.326968630962442219e+01,8.201362907621936756e+03,1.839601529206462146e+04,1.065516272444335654e-08
2.329517106948507532e+01,8.200570116853201398e+03,1.837554885806226594e+04,1.089572253972076598e-08
2.332049248427928489e+01,8.188685409415362301e+03,1.835005713625495264e+04,1.112042715002053491e-08
2.334632573744037387e+01,8.170771257996908389e+03,1.832399224628226875e+04,1.141543258411724276e-08
2.337146476729198952e+01,8.169929783637617220e+03,1.830075801789511752e+04,1.164889712093765943e-08
2.339697572376062240e+01,8.141779868297066059e+03,1.828070003801207713e+04,1.183239872175218597e-08
2.342249564917661075e+01,8.140251490734915933e+03,1.825702002101008475e+04,1.208412032543826008e-08
2.344817199081302661e+01,8.139337409760089940e+03,1.823125078854341336e+04,1.228715897601542715e-08
2.347334587310851362e+01,8.110814006814078311e+03,1.820486143516390075e+04,1.244136490567289154e-08
2.349896721082981443e+01,8.109869618963724861e+03,1.817947050320930066e+04,1.267657551582648501e-08
2.352455601258598605e+01,8.108425379157471070e+03,1.815735656893008490e+04,1.278444691663018733e-08
2.354995233042758684e+01,8.083464509546818590e+03,1.813591338636419823e+04,1.300529702719088426e-08
2.357549158881205287e+01,8.082838614947711903e+03,1.810976771767270839e+04,1.310934716412119971e-08
2.360070149864754896e+01,8.081388363673190725e+03,1.808304306787313544e+04,1.327755489226317979e-08
2.362626173060318280e+01,8.053074168832866235e+03,1.805718594828393179e+04,1.338501083869236300e-08
2.365202876757891914e+01,8.052401653957311282e+03,1.803479148288145370e+04,1.351914968935352202e-08
2.367728298414003518e+01,8.051122885422831132e+03,1.801182857367011457e+04,1.360028898637975537e-08
2.370280121836021081e+01,8.022766295045679726e+03,1.798887040748491927e+04,1.369724474224399187e-08
2.372788583812448948e+01,8.022005865533905308e+03,1.796261039821946179e+04,1.378384696707486526e-08
2.375333545069850061e+01,8.020992996368116110e+03,1.793570861208236238e+04,1.380809794484655651e-08
2.377919201645817537e+01,7.992334007067589482e+03,1.791006087193865460e+04,1.390927360713935306e-08
2.380446862784417661e+01,7.991620912193530785e+03,1.788930842985682830e+04,1.389684388537999478e-08
2.383020555873139301e+01,7.990799646841459435e+03,1.786689910253578273e+04,1.400221402383915067e-08
2.385567266274599163e+01,7.962456086855112517e+03,1.784068146773544504e+04,1.397420465466539608e-08
2.388082492742151075e+01,7.961254455433322619e+03,1.781513625496590976e+04,1.403321999530393484e-08
2.390617823734477909e+01,7.960623886377868075e+03,1.778915791232008633e+04,1.406555158937239609e-08
2.393205951371609785e+01,7.955579713822135091e+03,1.776539103119635547e+04,1.400643459838208870e-08
2.395728388260144470e+01,7.930924565163912121e+03,1.774653915812853666e+04,1.406162957729012670e-08
2.398293805999251305e+01,7.930365196861801451e+03,1.772153726193292096e+04,1.406126053182486546e-08
2.400878477082051887e+01,7.928786122125285146e+03,1.769468410848867643e+04,1.398110208490998302e-08
2.403404349816898034e+01,7.900649764960896391e+03,1.766890922184291776e+04,1.401125771830892316e-08
2.405906499467249660e+01,7.900102182167802312e+03,1.764898787740373882e+04,1.400503523789203211e-08
2.408414978521675209e+01,7.899262596709730133e+03,1.762845600053538874e+04,1.398547654958057446e-08
2.410976348970599048e+01,7.870683970771140594e+03,1.760235234256160038e+04,1.394930376770859994e-08
2.413549162568932971e+01,7.869927163514254971e+03,1.757699313528143830e+04,1.388393916353727402e-08
2.416077353176383014e+01,7.869128289433360806e+03,1.755241931996367930e+04,1.382989952075911638e-08
2.418614402039620970e+01,7.843899931015967923e+03,1.753452539686185992e+04,1.377223389397750239e-08
2.421126354113611256e+01,7.843169064204033020e+03,1.751224753330855310e+04,1.373517074033721116e-08
2.423642931433646552e+01,7.842646793427236844e+03,1.748623674343918174e+04,1.369870244297389749e-08
2.426172359321055083e+01,7.840613412850181703e+03,1.746162652209798762e+04,1.365763571241386039e-08
2.428731924824561617e+01,7.812916234021332457e+03,1.744447211803543541e+04,1.360502022757388032e-08
2.431234327128441919e+01,7.812485330412677285e+03,1.742186111790365976e+04,1.357201307773826510e-08
2.433798067060692816e+01,7.811703869727156416e+03,1.739574662018285017e+04,1.351636593969025750e-08
2.436314063575698796e+01,7.783430073316329981e+03,1.737335134074253074e+04,1.345168984923251852e-08
2.438844676968084002e+01,7.782276373762354524e+03,1.735479098170552606e+04,1.336075923855731927e-08
2.441402777429309623e+01,7.781802037766615285e+03,1.733371496682231373e+04,1.326279506044588929e-08
2.443962487175524601e+01,7.780482486614519075e+03,1.730793542292917118e+04,1.324125440441311042e-08
2.446490173884289376e+01,7.752269564111467844e+03,1.728468005673340303e+04,1.319825707446138194e-08
2.448991985765507096e+01,7.751647172084060003e+03,1.726959933385305339e+04,1.308372101991313277e-08
2.451514668046589662e+01,7.751093386420651768e+03,1.724532664822504012e+04,1.304980044295116831e-08
2.454091602009146555e+01,7.747568376237790289e+03,1.722006039716326995e+04,1.299047464027886172e-08
2.456641211390452995e+01,7.721442651337309144e+03,1.720377147693836014e+04,1.286461131047512070e-08
2.459181789205926805e+01,7.721059164388733734e+03,1.718268801710614207e+04,1.284497474184715859e-08
2.461731638700287661e+01,7.720371614478531228e+03,1.715823839739160394e+04,1.274882579451294499e-08
2.464258901905553500e+01,7.702112434180794480e+03,1.713554099404833687e+04,1.269654248821063070e-08
2.466804590630353644e+01,7.690916647633178400e+03,1.712127758512314176e+04,1.259782039099468522e-08
2.469346625924125505e+01,7.690488326665906243e+03,1.709740010232281929e+04,1.255295524178066171e-08
2.471921110671331334e+01,7.689640803878311090e+03,1.707292540348247348e+04,1.243753108058490273e-08
2.474439582363638834e+01,7.661077986543592488e+03,1.705926513358972807e+04,1.240526245033682234e-08
2.476955578187380524e+01,7.660481171213914422e+03,1.703634270895805093e+04,1.231594052764962549e-08
2.479531928767788429e+01,7.659960666864856648e+03,1.701190426376839605e+04,1.222376046636193498e-08
2.482153339519072688e+01,7.656377788192287881e+03,1.699757085586251196e+04,1.217344604550624037e-08
2.484750296049472595e+01,7.633831133059274180e+03,1.697504790147837411e+04,1.203741231578399700e-08
2.487355288045135637e+01,7.633480666867802029e+03,1.695033739176120798e+04,1.201758547567139300e-08
2.489967021170839701e+01,7.632892860925880086e+03,1.693612772118423163e+04,1.192955397959687226e-08
2.492514012700185333e+01,7.625940746190289246e+03,1.691506674973540794e+04,1.182197681931362254e-08
2.495077037300069733e+01,7.603342032585118432e+03,1.689137659994824935e+04,1.175487865851227935e-08
2.497643875991034790e+01,7.603002307332864802e+03,1.687484804246614658e+04,1.170254174249766803e-08
2.500238873359328906e+01,7.602439954915346789e+03,1.685624391267517785e+04,1.163424557601518414e-08
2.502836785416323551e+01,7.595600912044583310e+03,1.683161269422853729e+04,1.154829205882976413e-08
2.505451081567715121e+01,7.572870206445532858e+03,1.681744409807800184e+04,1.144644969186032255e-08
2.508067917200933650e+01,7.572537553652098723e+03,1.679641509241197855e+04,1.134662072705593516e-08
2.510592651734673098e+01,7.572030873728522238e+03,1.677292842296721938e+04,1.127225033896788507e-08
2.513120259111467547e+01,7.568215272074156019e+03,1.676129516655085536e+04,1.121134925531310343e-08
2.515642765136379566e+01,7.542456645629363265e+03,1.673794104987245737e+04,1.115324670350128338e-08
2.518206156693215192e+01,7.542137708718844806e+03,1.671903088178990947e+04,1.108369331458209573e-08
2.520709027342177677e+01,7.541713189184236398e+03,1.670444357013224362e+04,1.102133389832948604e-08
2.523249059898289914e+01,7.540309782083345453e+03,1.668173560906081548e+04,1.094312727705264496e-08
2.525799444163160246e+01,7.512280288522053525e+03,1.666625047030446149e+04,1.085361683514648341e-08
2.528335924096423781e+01,7.511758042509991355e+03,1.664823166565383508e+04,1.074321702334697294e-08
2.530847162592135291e+01,7.511437187889399866e+03,1.662552469683130403e+04,1.071217157014131636e-08
2.533349441611437669e+01,7.510665106890633979e+03,1.661468849449495974e+04,1.064580603418815809e-08
2.535889949305736124e+01,7.481990946375158273e+03,1.659107297574084805e+04,1.054115691489099169e-08
2.538408333348832713e+01,7.481424979586174231e+03,1.657854477003389547e+04,1.048810798010563198e-08
2.540944689902557840e+01,7.481103169844345757e+03,1.655812960866204594e+04,1.042540572594348362e-08
2.543458192496371595e+01,7.480657986105497912e+03,1.653788663265504874e+04,1.030536719263674082e-08
2.546073489301092252e+01,7.477113064561554893e+03,1.652506573817520984e+04,1.026717274401728704e-08
2.548661806230400373e+01,7.451071282598471043e+03,1.650214484369934144e+04,1.020351069401810554e-08
2.551228002555376762e+01,7.450764397729932170e+03,1.648850379348234856e+04,1.008816930029204284e-08
2.553778349633418898e+01,7.450434868873257983e+03,1.647036970670465598e+04,1.005749032731715776e-08
2.556360756011182289e+01,7.449588492598290941e+03,1.644917344672324907e+04,9.965029272394302534e-09
2.558897480737487129e+01,7.420969119668397980e+03,1.643784307063752931e+04,9.909762636948297957e-09
2.561493623757832694e+01,7.420531372450257550e+03,1.641450186698535254e+04,9.825940017666697378e-09
2.564071300342943971e+01,7.420170971600662597e+03,1.640456589240610265e+04,9.760481950191080363e-09
2.566661010149969968e+01,7.419399022229884395e+03,1.638168352684560887e+04,9.682690224522310495e-09
2.569275908351134774e+01,7.394245765190939892e+03,1.636925566239298314e+04,9.614851730646422414e-09
2.571777238248282771e+01,7.393807884623769496e+03,1.634971610505704484e+04,9.517679742696290577e-09
2.574332277254480772e+01,7.393511898079246748e+03,1.633255926088531851e+04,9.484489197852178746e-09
2.576956415698081315e+01,7.393113241315719279e+03,1.631778510987441950e+04,9.391710843173018969e-09
2.579461151438469457e+01,7.390963638178648580e+03,1.629711805184007244e+04,9.319378445475867628e-09
2.582019656381374517e+01,7.363656926205822856e+03,1.628631441087253552e+04,9.276487558756281396e-09
2.584593954741699307e+01,7.363242802412484707e+03,1.626442726172816219e+04,9.201950337168011844e-09
2.587171057667521268e+01,7.362989134567128531e+03,1.625412014862206161e+04,9.100134133892630568e-09
2.589719613137917875e+01,7.362468347812966385e+03,1.623338315177232835e+04,9.059875786281053877e-09
2.592234712661797857e+01,7.356501708151840830e+03,1.883522595641544831e+04,9.003889140665704525e-09
2.594859477423617022e+01,7.332972188490608460e+03,1.898950852254596248e+04,8.935461793605938771e-09
2.597453333317929847e+01,7.332720625847239717e+03,1.905562990386989622e+04,8.850021075260400945e-09
2.600014589770878715e+01,7.332473306568124826e+03,1.910048604383831844e+04,8.769717926383911161e-09
2.602522767085522659e+01,7.331913252932231444e+03,1.913354268703428534e+04,8.711834887016114024e-09
2.605109456898323117e+01,7.315477811259156624e+03,1.916013083410224135e+04,8.663007032360036921e-09
2.607644603179302223e+01,7.302469942910816826e+03,1.918077224470363944e+04,8.602857551741828390e-09
2.610233362568613202e+01,7.302247727357119402e+03,1.919724390177680107e+04,8.544813931324823550e-09
2.612775077728635154e+01,7.301998523230313367e+03,1.920994901264050350e+04,8.482394750134898654e-09
2.615402748173227820e+01,7.301430005486258779e+03,1.921979286224465250e+04,8.421102164748668443e-09
2.617980284435197902e+01,7.280224959877378751e+03,1.922671379917391459e+04,8.358600134383259870e-09
2.620490045778645083e+01,7.271999441170789396e+03,1.923112156121888256e+04,8.296638102242592745e-09
2.623028254980076568e+01,7.271788489991716233e+03,1.923345862626188318e+04,8.232831404260540182e-09
2.625629979478118159e+01,7.271556067977901876e+03,1.923381939382271958e+04,8.171406459094168119e-09
2.628160883620513033e+01,7.271059059064675239e+03,1.923233647241576546e+04,8.103051215677027673e-09
2.630667981384423015e+01,7.262832240144522984e+03,1.922920469356781541e+04,8.027273348669660273e-09
2.633262550312115735e+01,7.241572962037712387e+03,1.922432347919170934e+04,7.977472734525244280e-09
2.635853535409154702e+01,7.241343835325571490e+03,1.921788107960815250e+04,7.929021795160887268e-09
2.638415424360812978e+01,7.241154380543725892e+03,1.921001921764308645e+04,7.882197408588928079e-09
2.640958530464132892e+01,7.240737854915834760e+03,1.920081959222081787e+04,7.828987303485161148e-09
2.643591820577564278e+01,7.237279410673676466e+03,1.918988835567516071e+04,7.769474209271894522e-09
2.646125411588426246e+01,7.211289948498606464e+03,1.917805836486319458e+04,7.696668046082552292e-09
2.648713503657482704e+01,7.210976192185658874e+03,1.916468578037211773e+04,7.645090331083320539e-09
2.651251741103102333e+01,7.210724727976760732e+03,1.915033991131457879e+04,7.610280332396656076e-09
2.653840845609876453e+01,7.210237631330471231e+03,1.913447841953074385e+04,7.556719389295630387e-09
2.656402866376780025e+01,7.186326064728148594e+03,1.911758599398389561e+04,7.485997655781805615e-09
2.659037838514674235e+01,7.184391335362571226e+03,1.909899305838184955e+04,7.438723875310738387e-09
2.661593916749498945e+01,7.184204805983623373e+03,1.907979693602564657e+04,7.406331985186731531e-09
2.664140775333630273e+01,7.184020135159909842e+03,1.905953519948526082e+04,7.347081080922462802e-09
2.666754421438192324e+01,7.183608556939300797e+03,1.903760088271602217e+04,7.290809558577117078e-09
2.669313322760510232e+01,7.180120436693388910e+03,1.901500130538025405e+04,7.263628475551343175e-09
2.671829571465102759e+01,7.154142294845696597e+03,1.899168826065242683e+04,7.199681248809174334e-09
2.674337511809128287e+01,7.153834489034785292e+03,1.896739800135564656e+04,7.174213902648903415e-09
2.676919595132521579e+01,7.153621794061485161e+03,1.894127690467845241e+04,7.123918125178191833e-09
2.679533404289048804e+01,7.153403773542889212e+03,1.891370176117750816e+04,7.073203574537111217e-09
2.682062152276825628e+01,7.152767452324773330e+03,1.888593061199500153e+04,7.047134408529750819e-09
2.684640615502001992e+01,7.123858196430874159e+03,1.885650871049386842e+04,6.984714331214935195e-09
2.687257031471172652e+01,7.123438183296590978e+03,1.882548125666272972e+04,6.967783371409759805e-09
2.689812905092077600e+01,7.123266234276222349e+03,1.879403934069518800e+04,6.913727632395559161e-09
2.692320417724344850e+01,7.123095714962039892e+03,1.876208616860242182e+04,6.895114703119518982e-09
2.694906587111405116e+01,7.122738957916000800e+03,1.872797532875341494e+04,6.840883469651992302e-09
2.697536145331370250e+01,7.120174443211794824e+03,1.869206198199974096e+04,6.821966835658709804e-09
2.700062376418660648e+01,7.093257814331179361e+03,1.865636182881501372e+04,6.775951746510661106e-09
2.702573321867098599e+01,7.092915917765807535e+03,1.861969118585568140e+04,6.761466416784745232e-09
2.705083393123272728e+01,7.092722794725953463e+03,1.858181393689210381e+04,6.715641799122747186e-09
2.707685422934890340e+01,7.092511249230254180e+03,1.854123598913386377e+04,6.701729924478057051e-09
2.710204864745832509e+01,7.092135860153158319e+03,1.850062138176649751e+04,6.665563744778047508e-09
2.712760300553119563e+01,7.080166319783478684e+03,1.845803905610121728e+04,6.642926848834269420e-09
2.715326182867766391e+01,7.062540915716980635e+03,1.841382304274866328e+04,6.620234688598375131e-09
2.717846462848262235e+01,7.062351493548159851e+03,1.836889552999087755e+04,6.583532132164105992e-09
2.720483059998014497e+01,7.062188300720365078e+03,1.832020861979166875e+04,6.576919443133483470e-09
2.723098837975984665e+01,7.061973225943555008e+03,1.827009806071718776e+04,6.542212342249516823e-09
2.725659184265170509e+01,7.061245477879672762e+03,1.821918217101909249e+04,6.537609082109069196e-09
2.728325229454083356e+01,7.032367814563564934e+03,1.816405308789414266e+04,6.503030616096670245e-09
2.730829535456810575e+01,7.031977934051321427e+03,1.811002709754352327e+04,6.502908954238852629e-09
2.733374063674903809e+01,7.031815538716402443e+03,1.805274839832848374e+04,6.479926826620629005e-09
2.735964834416384406e+01,7.031651364771696535e+03,1.799164296545881734e+04,6.470895397229625966e-09
2.738507454047327627e+01,7.031337415442152633e+03,1.792848897009583015e+04,6.462196311742371361e-09
2.741070773946150041e+01,7.029571773772328925e+03,1.786105521399683494e+04,6.438359316397412079e-09
2.743578194833972717e+01,7.001828520856016439e+03,1.779037742925972998e+04,6.446175687001046139e-09
2.746101042836529160e+01,7.001473867064139995e+03,1.771368404750987611e+04,6.433316090980645389e-09
2.748716347701386908e+01,7.001263693235116079e+03,1.762519720069826872e+04,6.431660842193185556e-09
2.751249340526670295e+01,7.000969834654023543e+03,1.752570026875778422e+04,6.430856326596513928e-09
2.753783496414714094e+01,6.999381154520359814e+03,1.739619488138172892e+04,6.415656530766523666e-09
2.756394949480792533e+01,6.975068973723183262e+03,1.532674195943165068e+04,6.433545671489944524e-09
2.758963956300241094e+01,6.974700831297912373e+03,1.530657334541987802e+04,6.417038091446187546e-09
2.761477067760421988e+01,6.974495267222011535e+03,1.530027468925638823e+04,6.442010797211357449e-09
2.764114082155890983e+01,6.974276053326927467e+03,1.527854766445418863e+04,6.432526398807891296e-09
2.766641667386686265e+01,6.973814594028045576e+03,1.527188617560448256e+04,6.460037156597666059e-09
2.769205896475612505e+01,6.947851213869429557e+03,1.525276162923684387e+04,6.462148557233315211e-09
2.771833408459377068e+01,6.944141219743077272e+03,1.524294418335289083e+04,6.489591944903968056e-09
2.774493458229945375e+01,6.943942598366657876e+03,1.523084919483959493e+04,6.494861881860747489e-09
2.777003666929308068e+01,6.943695180751101361e+03,1.521389895122419875e+04,6.529720918563067781e-09
2.779648820496202077e+01,6.943169546888671903e+03,1.520580985927578513e+04,6.547655503392701469e-09
2.782250404026567736e+01,6.913977521082089879e+03,1.518466659387390246e+04,6.575839176985901890e-09
2.784768530815857090e+01,6.913407999575571012e+03,1.517809402032779690e+04,6.612881981223954491e-09
2.787330068087835855e+01,6.913141950153766629e+03,1.515648401761924833e+04,6.636121593671178812e-09
2.789863614831489969e+01,6.912783407604032618e+03,1.514917598226213886e+04,6.691156662599792571e-09
2.792446956673843772e+01,6.910963828979763093e+03,1.512863619002995256e+04,6.727864246664671780e-09
2.795026663039142534e+01,6.883032741977300248e+03,1.512175692927918863e+04,6.774730895922365722e-09
2.797593963378067627e+01,6.882602530764896983e+03,1.509961735799738744e+04,6.842564314435110383e-09
2.800151167805467978e+01,6.882336452991336046e+03,1.509228044600284193e+04,6.903004786411384324e-09
2.802685018305530917e+01,6.881797736973946485e+03,1.507097247248967506e+04,6.957377351988434867e-09
2.805292852377079882e+01,6.875299522840025929e+03,1.506235468516148103e+04,7.036575496954396182e-09
2.807922908081251023e+01,6.852366891047137869e+03,1.504095857093853374e+04,7.128543628299579821e-09
2.810503942449691195e+01,6.852146075487159578e+03,1.503188459361499008e+04,7.230742822082848995e-09
2.813105208554083347e+01,6.852003005998958542e+03,1.501036227234291619e+04,7.340563347815518537e-09
2.815635586823411174e+01,6.851683287773325901e+03,1.500123616199651951e+04,7.464545811049179328e-09
2.818200842739964784e+01,6.850151208756120468e+03,1.497926325422356240e+04,7.595569342031772327e-09
2.820744263362300686e+01,6.822474011649892418e+03,1.497018472195902359e+04,7.736206227855093854e-09
2.823267756699968700e+01,6.822131437040143283e+03,1.494759104081655823e+04,7.911295530441697810e-09
2.825819470649376441e+01,6.822007719810191702e+03,1.493826042291201338e+04,8.112737221560309001e-09
2.828328047717436888e+01,6.821907450096174216e+03,1.491641340737358223e+04,8.327158161929577956e-09
2.830885804643258652e+01,6.821729869331006739e+03,1.490513823063553900e+04,8.604019307892578572e-09
2.833410344933252745e+01,6.821293867441549082e+03,1.488381326797148904e+04,8.909730875075681931e-09
2.835941595168767293e+01,6.807896029501243902e+03,1.486120230167260343e+04,9.307609408262028119e-09
2.838544558432642262e+01,6.792022635002951574e+03,1.484955529121104337e+04,9.787602347697237862e-09
2.841103195594031305e+01,6.791885999156348589e+03,1.482378114465786894e+04,1.032674977772286978e-08
2.843610985960039272e+01,6.791777600702488598e+03,1.480159309020039655e+04,1.099983613639484177e-08
2.846160435310953574e+01,6.791691003498796817e+03,1.478695899576367810e+04,1.172038955657706789e-08
2.848661179091633144e+01,6.791579685042799611e+03,1.476041227582548163e+04,1.241125129971603068e-08
2.851239194470077365e+01,6.791356312729263664e+03,1.473302894914023636e+04,1.291324045132845465e-08
2.853775514499568189e+01,6.787489607366333985e+03,1.470700303517750763e+04,1.290699953731865290e-08
2.856337089779730576e+01,6.779991338004320824e+03,1.468409423118113591e+04,1.249440960053576731e-08
2.858862002245771805e+01,6.771883826053737721e+03,1.466872758268863981e+04,1.181645193567832792e-08
2.861364041701367711e+01,6.761527553760595765e+03,1.464305077457702828e+04,1.112449784776005439e-08
2.863885032754423321e+01,6.761448099963389723e+03,1.461737791100346476e+04,1.055819807351337860e-08
2.866423620992989285e+01,6.761369124151986398e+03,1.460681841814520158e+04,1.010296565871561434e-08
2.868965709757928195e+01,6.761228820701862787e+03,1.458262351942462556e+04,9.815276223569291537e-09
2.871472695049887491e+01,6.758958857986026487e+03,1.455852245155454693e+04,9.633366406094614111e-09
2.873979642784682653e+01,6.757200486905501748e+03,1.454871311684336979e+04,9.537363527861740643e-09
2.876487418496793325e+01,6.756234047524300877e+03,1.452341928136192473e+04,9.522351141897004333e-09
2.879069507158294883e+01,6.758134199520875882e+03,1.450672242274622840e+04,9.555232050975923123e-09
2.881580415626770275e+01,1.448962002162372482e+04,1.588984465111296777e+04,9.622850629450084778e-09
2.884160806971411972e+01,1.446566306763128523e+04,1.614320393912831423e+04,9.748773541452913054e-09
2.886708258082495604e+01,1.444381636773115133e+04,1.630644350282374944e+04,9.866047393791848061e-09
2.889251846714569893e+01,1.443104789096183595e+04,1.644159588611904110e+04,1.001711774419602597e-08
2.891811642796040616e+01,1.440486719367115256e+04,1.656108097580360482e+04,1.009653455378242468e-08
2.894367790011911623e+01,1.438264295432835388e+04,1.666858536071533308e+04,1.024918585296955376e-08
2.896913601263574378e+01,1.436944166702145048e+04,1.676644383358052437e+04,1.037664725206981278e-08
2.899453558372584538e+01,1.434314888704599434e+04,1.685642876281532881e+04,1.050420938599075487e-08
2.901986794162274563e+01,1.431821336789654379e+04,1.693956370396830243e+04,1.062321739002348718e-08
2.904490894597550010e+01,1.430659241177721742e+04,1.701595063312862476e+04,1.075594692588934046e-08
2.907084647400202471e+01,1.428090192025497890e+04,1.708953325002936253e+04,1.087028358181624755e-08
2.909627371432352305e+01,1.425566128451744953e+04,1.715660990096651949e+04,1.101948253966679865e-08
2.912139018560609216e+01,1.423038355290807885e+04,1.721825047984394405e+04,1.117656037925577625e-08
2.914688468395997489e+01,1.421728846828197311e+04,1.727634292162829661e+04,1.134464732017841765e-08
2.917192020987767620e+01,1.419185199919051774e+04,1.732916282626639440e+04,1.155504393303309116e-08
2.919707802502009741e+01,1.416424813963880661e+04,1.737818823362293188e+04,1.173414399858516775e-08
2.922246177825788394e+01,1.413762913549346013e+04,1.742365032478543799e+04,1.195071743904881760e-08
2.924767157063507383e+01,1.412220118886033742e+04,1.746480409954747665e+04,1.223205380806683959e-08
2.927329461056723758e+01,1.409752660021801057e+04,1.750259029288525198e+04,1.254018240819187603e-08
2.929830718383259125e+01,1.406998760913095248e+04,1.753560064060837612e+04,1.291785287115690988e-08
2.932363024330717494e+01,1.404311550766302207e+04,1.756503734452390199e+04,1.332554441802319521e-08
2.934920873145052411e+01,1.401377339116766962e+04,1.759065531795121206e+04,1.386002486784893156e-08
2.937452505581043027e+01,1.398413950983645736e+04,1.761188004853421444e+04,1.442388314627173217e-08
2.939969948722502835e+01,1.395416162604225610e+04,1.762867730475868666e+04,1.510560891840729895e-08
2.942488975201610657e+01,1.392363494179177542e+04,1.764111657247723269e+04,1.589359986899866007e-08
2.945006232675742908e+01,1.389249066356106414e+04,1.764890193441415977e+04,1.681355527143294340e-08
2.947527951610025809e+01,1.386079626283067410e+04,1.765188675154006705e+04,1.775077309710067246e-08
2.950068695480873160e+01,1.382895907362991420e+04,1.764981720331165707e+04,1.866482640917338299e-08
2.952573291922868393e+01,1.379675737640023908e+04,1.764253741152070506e+04,1.938881574284741137e-08
2.955077959218375483e+01,1.375551227960916367e+04,1.762977564086293933e+04,1.976259879591697116e-08
2.957609021637628288e+01,1.371494379543973446e+04,1.761119626159701511e+04,2.000759242633420337e-08
2.960133066764031184e+01,1.368171533699043357e+04,1.758676358234743748e+04,2.010752088835279564e-08
2.962657158570927152e+01,1.364896417907573050e+04,1.755643929898902934e+04,2.017729954988863302e-08
2.965166014914123238e+01,1.361431305081171377e+04,1.752036511057470125e+04,2.033137149440473148e-08
2.967672389585854020e+01,1.356984184143974562e+04,1.747844694633976178e+04,2.046436011422150562e-08
2.970183180956458813e+01,1.353446053222846786e+04,1.743092901186271774e+04,2.073369182288583093e-08
2.972709887280036156e+01,1.350139265282276392e+04,1.737774776315408599e+04,2.100934485677091136e-08
2.975231586337950773e+01,1.346761737244271899e+04,1.732003981720683078e+04,2.148221703986059931e-08
2.977759346479456681e+01,1.342531240687184254e+04,1.725812139114368256e+04,2.226162957455533753e-08
2.980283964503260918e+01,1.338198878324737052e+04,1.719290863721726055e+04,2.308066038367531363e-08
2.982800567437769246e+01,1.334820339800787406e+04,1.712512895830221896e+04,2.394884395071747393e-08
2.985337047980693370e+01,1.329547161620098814e+04,1.705441812754453349e+04,2.493096976891025158e-08
2.987868850601566351e+01,1.325866582905646646e+04,1.698193192789257955e+04,2.627507356571022595e-08
2.990385471563455511e+01,1.320353058312922076e+04,1.690754337846366616e+04,2.835837861175879904e-08
2.992894673908996239e+01,1.315913927929141937e+04,1.683081450135751220e+04,3.198681704008447605e-08
2.995409840164424509e+01,1.309779106233157836e+04,1.675020643143007692e+04,4.131858568361092119e-08
2.996869486992149589e+01,1.304453809863340393e+04,1.670094223289172078e+04,6.558001121040151086e-08
2.997439181405787778e+01,1.301595526768503260e+04,1.668049202415549735e+04,1.046833100131467170e-07
2.998986564410419575e+01,1.293345987342696026e+04,1.661958071318622751e+04,6.575398672765474074e-08
3.001493838045296059e+01,1.286525178608416354e+04,1.652703224330305966e+04,4.763118599626879791e-08
3.003997924831492838e+01,1.278413874114098326e+04,1.645310280308060101e+04,4.665162165292119407e-08
3.006519586396787957e+01,1.271799735465532831e+04,1.640040798356703090e+04,4.712493184373796390e-08
3.009033669485079798e+01,1.264646777683400614e+04,1.636330228997944323e+04,4.701755774329241395e-08
3.011546041149801312e+01,1.256969319859104507e+04,1.633639189719328533e+04,4.675959830591735810e-08
3.014048969197041217e+01,1.250307945923812440e+04,1.631535809524208526e+04,4.666170969524240749e-08
3.016558999678047570e+01,1.242190706168212455e+04,1.629723785322844014e+04,4.685239416258250966e-08
3.019065361959434313e+01,1.235531803220377151e+04,1.628121101623653340e+04,4.705385395063936556e-08
3.021574145657054089e+01,1.227254609936580891e+04,1.626577960188706129e+04,4.760751155879396638e-08
3.024094386336350126e+01,1.220316582839283910e+04,1.625047281893746185e+04,4.805499536733877785e-08
3.026609053364155955e+01,1.211862789633174179e+04,1.623484181686019474e+04,4.879531855594778196e-08
3.029126973371731069e+01,1.203412141605882061e+04,1.621812558562473896e+04,4.940299286099523305e-08
3.031637323989364674e+01,1.196220315599589594e+04,1.620045369016200129e+04,5.010506135439678577e-08
3.034145510927825384e+01,1.187597964554305872e+04,1.618102031446057481e+04,5.091326285203118759e-08
3.036647967922976576e+01,1.178912136106905200e+04,1.616011720208744373e+04,5.166237004858520946e-08
3.039154823950068973e+01,1.169891528212229969e+04,1.613727477269205156e+04,5.258875388716964907e-08
3.041669042932895550e+01,1.160869828196047092e+04,1.611228669642578643e+04,5.353373374744795769e-08
3.044183095158090779e+01,1.151798779958678097e+04,1.608529645838712167e+04,5.461622365921077539e-08
3.046686477742270682e+01,1.142479455044317001e+04,1.605656564728681406e+04,5.569628958654000879e-08
3.049196155633361727e+01,1.132548340554270544e+04,1.602631284228215918e+04,5.670224390853634885e-08
3.051710760503642561e+01,1.121891598680958305e+04,1.599459297021330349e+04,5.807706019058185441e-08
3.054217559588052922e+01,1.112243274772537370e+04,1.596199852289324372e+04,5.931902366664828873e-08
3.056728498567763452e+01,1.100785773818595953e+04,1.592870270641737807e+04,6.061429156783961117e-08
3.059238927775738759e+01,1.089292155931204798e+04,1.589505453291462982e+04,6.198127356819343518e-08
3.061749299591169660e+01,1.078505754371214061e+04,1.586128958060019249e+04,6.341458082873098810e-08
3.064253928416363948e+01,1.066318720982962441e+04,1.582766638872188742e+04,6.500176330436874545e-08
3.066759476195026224e+01,1.053609089961178324e+04,1.579410065246382692e+04,6.664507698654325401e-08
3.069261642712221416e+01,1.040801067428655551e+04,1.576112354306894304e+04,6.810663452601448611e-08
3.071767929451315737e+01,1.027900713150384763e+04,1.572830108157570248e+04,6.970024309939137887e-08
3.074268354367614009e+01,1.013621481355763899e+04,1.569571746685560902e+04,7.131544838012262919e-08
3.076779946613977046e+01,9.989010507517645237e+03,1.566306750731297325e+04,7.302842561061773058e-08
3.079282421256805691e+01,9.838932669270096085e+03,1.563048248538055668e+04,7.441535133456774160e-08
3.081787645266715359e+01,9.685795953012660902e+03,1.559766181759851679e+04,7.580038855511845573e-08
3.084294167027925582e+01,9.529851756749492779e+03,1.556434040608224859e+04,7.690882177729785283e-08
3.086799739882299676e+01,9.358105862580512621e+03,1.553031660684358758e+04,7.768136104773711444e-08
3.089302801431408341e+01,9.191875377645099434e+03,1.549530117021716615e+04,7.818638219308133780e-08
3.091812297003188803e+01,9.019519572152152250e+03,1.545797165564362695e+04,7.794620284302249125e-08
3.094313562173615040e+01,8.842544136238821011e+03,1.541790057197489114e+04,7.746673419160878150e-08
3.096815568555413023e+01,8.664228313151561451e+03,1.537651008161904974e+04,7.667787783376290289e-08
3.099316239561944286e+01,8.485473856411636007e+03,1.532932053587715382e+04,7.572491043979005695e-08
3.101818468295186548e+01,8.305350532110123822e+03,1.528335938533686567e+04,7.480325698273338299e-08
3.104326362031338604e+01,8.124584675763914674e+03,1.523139808576237010e+04,7.451636297518239481e-08
3.106831764218949132e+01,7.943451498139863361e+03,1.518191397247300301e+04,7.515472385370543741e-08
3.109340610525966397e+01,7.752420234206671921e+03,1.513492324055857898e+04,7.849634667613481355e-08
3.111845757705819437e+01,7.542679093159026706e+03,1.508317834974130528e+04,8.934430718234183913e-08
3.113993760590058102e+01,7.305645508520758995e+03,1.504492265748947648e+04,1.418679625126501788e-07
3.114474180216640775e+01,6.523405488848528876e+03,1.503353272720588211e+04,2.252508067485085307e-07
3.114643233209395845e+01,6.518111138920569829e+03,1.502967040708446984e+04,3.587026584942341520e-07
3.114713746237172032e+01,6.514355814270593328e+03,1.502818819836187504e+04,5.739695542724475327e-07
3.114745903484210388e+01,6.511531624111868950e+03,1.502753650077432940e+04,9.133327901211011963e-07
3.114761872864402292e+01,6.509260439811911965e+03,1.502721733194287299e+04,1.449172458339443234e-06
3.114770315796914346e+01,6.507332397437197869e+03,1.502704890142661679e+04,2.300475376149851006e-06
3.114775066755632693e+01,6.505584881823884643e+03,1.502695347044957634e+04,3.703454507268002525e-06
3.114777730128851374e+01,6.503993737832197439e+03,1.502689909584812449e+04,5.976807606024362315e-06
3.114779212197629121e+01,6.502561997655013329e+03,1.502686802058612739e+04,9.513852304647756874e-06
3.114780099146818770e+01,6.501177878495213008e+03,1.502684861172729507e+04,1.532044800569980111e-05
3.114780616602124041e+01,6.499864422716896115e+03,1.502683650769083943e+04,2.458719706078311051e-05
3.114780929161045364e+01,6.498566302202248153e+03,1.502682843750568463e+04,3.994370951061147740e-05
3.114781109903530520e+01,6.497333726295632914e+03,1.502682303443204000e+04,6.414291881876266156e-05
3.114781217033347360e+01,6.496142518449557429e+03,1.502681914964381212e+04,1.026091396223157906e-04
3.114781281489405629e+01,6.494976564331373083e+03,1.502681611496037112e+04,1.639436305166743792e-04
3.114781322187771906e+01,6.494497193438466638e+03,1.502681348615892784e+04,2.689634960309361536e-04
3.114781345844066252e+01,6.494458327292182730e+03,1.502681124548598746e+04,4.371825203260384300e-04
3.114781359674876526e+01,6.494420596447504977e+03,1.502680926650581932e+04,7.000385704431551096e-04
3.114781366514313987e+01,6.494391487612683704e+03,1.502680783739369326e+04,1.005691411605955229e-03
3.114781368233225223e+01,6.494382015464871984e+03,1.502680737864600633e+04,1.131531020841000006e-03
3.114781369964674695e+01,6.494371116693553631e+03,1.502680686404933294e+04,1.295214741824301250e-03
3.114781371651374187e+01,6.494358771263584458e+03,1.502680627299619300e+04,1.508740676369752691e-03
3.114781373413648069e+01,6.494343335627065244e+03,1.502680554664751071e+04,1.823205422633653386e-03
3.114781375124587015e+01,6.494324687209353215e+03,1.502680468799495065e+04,2.289055003151132910e-03
3.114781376797980528e+01,6.494300816271652366e+03,1.502680357935887696e+04,3.053974436032642816e-03
3.114781378510101106e+01,6.494265635236822163e+03,1.502680199436299336e+04,4.635432939919090570e-03
3.114781379810125372e+01,6.494222929902514807e+03,1.502680004469509731e+04,7.534182322760474976e-03
3.114781380655744414e+01,6.494176679252439499e+03,1.502679798034085616e+04,1.235543355353613260e-02
3.114781381219398071e+01,6.494125212729204577e+03,1.502679570421986682e+04,2.032109410994454787e-02
3.114781381608279531e+01,6.494066407041512321e+03,1.502679308403327377e+04,3.308447008688892438e-02
3.114781381899670976e+01,6.493995036203136806e+03,1.502678991103639783e+04,5.299656519957654521e-02
3.114781382152425948e+01,6.493897174679607815e+03,1.502678560876652409e+04,8.432334355464418674e-02
3.114781382412001776e+01,6.493741147797067242e+03,1.502677882160257468e+04,1.339774938019149264e-01
3.114781382725257330e+01,6.493443854062831633e+03,1.502676631454706512e+04,2.138683355218217730e-01
3.114781383102138435e+01,6.492821495831243737e+03,1.502674183842560706e+04,3.403555331334294221e-01
3.114781383564938366e+01,6.491231022124400624e+03,1.502668827343134217e+04,5.395787432279599560e-01
3.114781385151781379e+01,6.419716886369405074e+03,1.502621760362071473e+04,7.105198493965868556e-01
3.114781386737878321e+01,6.403540467172927492e+03,1.502558707611039608e+04,8.693744974799757497e-01
3.114781388323264721e+01,6.380864215353737563e+03,1.502460530597475190e+04,1.046604156280614095e+00
3.114781389909292031e+01,6.360062462177178531e+03,1.502305747418309329e+04,1.231618006896999962e+00
3.114781391494959450e+01,6.344679114917717015e+03,1.502063623492657098e+04,1.422275654859790572e+00
3.114781393080309968e+01,6.319364511653598129e+03,1.501676685725834614e+04,1.624061976764075377e+00
3.114781394664774794e+01,6.291129477364313061e+03,1.500707229670263951e+04,1.827058978551084234e+00
3.114781396249623313e+01,6.261078155410756153e+03,1.497611430266354000e+04,2.012308723617421524e+00
3.114781397835142940e+01,6.230039769340200110e+03,6.230039769340200110e+03,1.817660254606933146e+00
3.114781399420172647e+01,6.198427701702849845e+03,6.198427701702849845e+03,1.879441153761034267e+00
3.114781401005592443e+01,6.166348440233869951e+03,6.166348440233869951e+03,1.524626574165496740e+00
3.114781402591798098e+01,6.133241529871128478e+03,6.133241529871128478e+03,1.237842818739943951e+00
3.114781404176864399e+01,6.099891937111087827e+03,6.099891937111087827e+03,9.765932017594541881e-01
3.114781405763133293e+01,6.070629885128757451e+03,6.070629885128757451e+03,7.491542969472352320e-01
3.114781407349405384e+01,6.048155931136817344e+03,6.048155931136817344e+03,5.586413883290739513e-01
3.114781408937179208e+01,6.031998128463410467e+03,6.031998128463410467e+03,4.100542591834238637e-01
3.114781410524750527e+01,6.020910333189655830e+03,6.020910333189655830e+03,2.992298043817732123e-01
3.114781412110605530e+01,6.019291119336612610e+03,6.019291119336612610e+03,2.187295859610796644e-01
3.114781413699896717e+01,6.017908308946353827e+03,6.017908308946353827e+03,2.232156273004004265e-01
3.114781415288196342e+01,6.016470717321139091e+03,6.016470717321139091e+03,2.491403408818130272e-01
3.114781416873471187e+01,6.015055028410661180e+03,6.015055028410661180e+03,2.536291073597269352e-01
3.114781418459443785e+01,6.013302471501048785e+03,6.013302471501048785e+03,2.386012993410900340e-01
3.114781420047048499e+01,6.010280109772807918e+03,6.010280109772807918e+03,2.094444835237283808e-01
3.114781421633843550e+01,6.007705626400574147e+03,6.007705626400574147e+03,1.723920906678778064e-01
3.114781423221856116e+01,6.005614578157674259e+03,6.005614578157674259e+03,1.326090732395616423e-01
3.114781424815991429e+01,6.003817259251782161e+03,6.003817259251782161e+03,9.368199738697573220e-02
3.114781426405765785e+01,6.002278404941707777e+03,6.002278404941707777e+03,5.900947375178319104e-02
3.114781427692508231e+01,6.001081512675194972e+03,6.001081512675194972e+03,3.708920242117223764e-02
3.114781429282717795e+01,5.999354826775522270e+03,5.999354826775522270e+03,3.115551534804725936e-02
3.114781430893513559e+01,5.997537607765430039e+03,5.997537607765430039e+03,2.841372328140161566e-02
3.114781432481646917e+01,5.996028145684006631e+03,5.996028145684006631e+03,2.600065239566063183e-02
3.114781434128918391e+01,5.994806197585553491e+03,5.994806197585553491e+03,2.382867025896427335e-02
3.114781435766008499e+01,5.993919666498694824e+03,5.993919666498694824e+03,2.200535277356696628e-02
3.114781437354625382e+01,5.993370911758457623e+03,5.993370911758457623e+03,2.047778698645844747e-02
3.114781438974577910e+01,5.993069988925973121e+03,5.993069988925973121e+03,1.914851153575532899e-02
3.114781440591792361e+01,5.992911722681678839e+03,5.992911722681678839e+03,1.793641087154343450e-02
3.114781442207571160e+01,5.992813256857947636e+03,5.992813256857947636e+03,1.686405485058981024e-02
3.114781443808953298e+01,5.992740417520305527e+03,5.992740417520305527e+03,1.591617262156302601e-02
3.114781445498435986e+01,5.992675270689385798e+03,5.992675270689385798e+03,1.500742110009391748e-02
3.114781447147855786e+01,5.992615165768474071e+03,5.992615165768474071e+03,1.416378755002556389e-02
3.114781448773305073e+01,5.992553056324628415e+03,5.992553056324628415e+03,1.351743043053869539e-02
3.114781450472506918e+01,5.992480299338388249e+03,5.992480299338388249e+03,1.284658158448751843e-02
3.114781452099337145e+01,5.992403544269826853e+03,5.992403544269826853e+03,1.225523889127900709e-02
3.114781453808940626e+01,5.992321538800813869e+03,5.992321538800813869e+03,1.170127624680024694e-02
3.114781455435245050e+01,5.992248223893276190e+03,5.992248223893276190e+03,1.122521105192419814e-02
3.114781457120723474e+01,5.992179645105201416e+03,5.992179645105201416e+03,1.070337758918841684e-02
3.114781458705463635e+01,5.992121768233504554e+03,5.992121768233504554e+03,1.033204828352794931e-02
3.114781460371649402e+01,5.992066586216582436e+03,5.992066586216582436e+03,9.958559252527188904e-03
3.114781462076136620e+01,5.992014844304894723e+03,5.992014844304894723e+03,9.578342270505921588e-03
3.114781463851861432e+01,5.991964821504162501e+03,5.991964821504162501e+03,9.186892956745140032e-03
3.114781465489105727e+01,5.991921384210256292e+03,5.991921384210256292e+03,8.857702524989807119e-03
3.114781467182592678e+01,5.991878477711659798e+03,5.991878477711659798e+03,8.568198981314516585e-03
3.114781468942019771e+01,5.991835423113384422e+03,5.991835423113384422e+03,8.290670993307529962e-03
3.114781470530171603e+01,5.991797348027282169e+03,5.991797348027282169e+03,8.038012107185936103e-03
3.114781472166696474e+01,5.991758400326717492e+03,5.991758400326717492e+03,7.792533764325966159e-03
3.114781473853800975e+01,5.991718133930838121e+03,5.991718133930838121e+03,7.554081905112849937e-03
3.114781475595214033e+01,5.991676183422030590e+03,5.991676183422030590e+03,7.322447286046688229e-03
3.114781477390787501e+01,5.991632507379615163e+03,5.991632507379615163e+03,7.097607862646133046e-03
3.114781478978132512e+01,5.991593759575601325e+03,5.991593759575601325e+03,6.931023714887485712e-03
3.114781480603333819e+01,5.991554280994188048e+03,5.991554280994188048e+03,6.766131274669422505e-03
3.114781482276404034e+01,5.991514195793723957e+03,5.991514195793723957e+03,6.595345412736892260e-03
3.114781483986252297e+01,5.991474113450984078e+03,5.991474113450984078e+03,6.421060900094237127e-03
3.114781485726622634e+01,5.991434441466305543e+03,5.991434441466305543e+03,6.244262173065256126e-03
3.114781487530213511e+01,5.991394638354318886e+03,5.991394638354318886e+03,6.064364220398218812e-03
3.114781489388919766e+01,5.991355021818816567e+03,5.991355021818816567e+03,5.915655949258716469e-03
3.114781490980262646e+01,5.991322199943737360e+03,5.991322199943737360e+03,5.805542993075559627e-03
3.114781492590363143e+01,5.991289952722358976e+03,5.991289952722358976e+03,5.673694767088719761e-03
3.114781494231125336e+01,5.991258014530259061e+03,5.991258014530259061e+03,5.524962703063168029e-03
3.114781495923536170e+01,5.991225955774273643e+03,5.991225955774273643e+03,5.431166048084102096e-03
3.114781497659059539e+01,5.991193914017868337e+03,5.991193914017868337e+03,5.315040963509720835e-03
3.114781499401007281e+01,5.991162494779498047e+03,5.991162494779498047e+03,5.181446960297277603e-03
3.114781501208825887e+01,5.991130556723449445e+03,5.991130556723449445e+03,5.076201611832813383e-03
3.114781503069109903e+01,5.991098265887972047e+03,5.991098265887972047e+03,4.975565013569252862e-03
3.114781504939789158e+01,5.991066237689731679e+03,5.991066237689731679e+03,4.858299485148521134e-03
3.114781506871673500e+01,5.991033463922304691e+03,5.991033463922304691e+03,4.738156714282235234e-03
3.114781508459474679e+01,5.991006644681753642e+03,5.991006644681753642e+03,4.676255793643893481e-03
3.114781510448435853e+01,5.990973051665881030e+03,5.990973051665881030e+03,4.565430345915309079e-03
3.114781512085806980e+01,5.990945299066418556e+03,5.990945299066418556e+03,4.485128248006522121e-03
3.114781513771696808e+01,5.990916550345948963e+03,5.990916550345948963e+03,4.411969530818291192e-03
3.114781515454754768e+01,5.990887616863407857e+03,5.990887616863407857e+03,4.316996964900093013e-03
3.114781517197337024e+01,5.990857386743713505e+03,5.990857386743713505e+03,4.259977333597557425e-03
3.114781518934035631e+01,5.990826970313223683e+03,5.990826970313223683e+03,4.167584632441729414e-03
3.114781520734094045e+01,5.990795160481851781e+03,5.990795160481851781e+03,4.109427174577190943e-03
3.114781522550930148e+01,5.990762806492713025e+03,5.990762806492713025e+03,4.031599631006942304e-03
3.114781524402598478e+01,5.990729634298137171e+03,5.990729634298137171e+03,3.959558310187360347e-03
3.114781526313304383e+01,5.990695280078471114e+03,5.990695280078471114e+03,3.895762617283193407e-03
3.114781528222064466e+01,5.990660916696989261e+03,5.990660916696989261e+03,3.809420843350424645e-03
3.114781530191790182e+01,5.990625499768916598e+03,5.990625499768916598e+03,3.760810113060789744e-03
3.114781532164707656e+01,5.990590152216983370e+03,5.990590152216983370e+03,3.681047699477064169e-03
3.114781534198294821e+01,5.990553920742196169e+03,5.990553920742196169e+03,3.626654851679223229e-03
3.114781536268626283e+01,5.990517317475614618e+03,5.990517317475614618e+03,3.560203619411864313e-03
3.114781538357848945e+01,5.990480722068169598e+03,5.990480722068169598e+03,3.492519351550595411e-03
3.114781539973231972e+01,5.990452686142894891e+03,5.990452686142894891e+03,3.451248851326407883e-03
3.114781541583758440e+01,5.990424977225231487e+03,5.990424977225231487e+03,3.406272755192944323e-03
3.114781543222728288e+01,5.990397035018773749e+03,5.990397035018773749e+03,3.354362722369430387e-03
3.114781544907001276e+01,5.990368599642308254e+03,5.990368599642308254e+03,3.318927770404943561e-03
3.114781546581485472e+01,5.990340615443237766e+03,5.990340615443237766e+03,3.257605759286427358e-03
3.114781548321777294e+01,5.990311830060212742e+03,5.990311830060212742e+03,3.231200206379373704e-03
3.114781550030044954e+01,5.990283875709114909e+03,5.990283875709114909e+03,3.176733721672288062e-03
3.114781551813560867e+01,5.990255002706961022e+03,5.990255002706961022e+03,3.143748774673847668e-03
3.114781553569769557e+01,5.990226880078434078e+03,5.990226880078434078e+03,3.099202223366244457e-03
3.114781555379470745e+01,5.990198212332833464e+03,5.990198212332833464e+03,3.056710454738374369e-03
3.114781557217406771e+01,5.990169421832294574e+03,5.990169421832294574e+03,3.020714245615565945e-03
3.114781559066461014e+01,5.990140769336127960e+03,5.990140769336127960e+03,2.969744957856283729e-03
3.114781560967958995e+01,5.990111624535754345e+03,5.990111624535754345e+03,2.941903314924507098e-03
3.114781562864549258e+01,5.990082865502449749e+03,5.990082865502449749e+03,2.887005647130864733e-03
3.114781564817022641e+01,5.990053569751094983e+03,5.990053569751094983e+03,2.863207972436295542e-03
3.114781566745622143e+01,5.990024929277148658e+03,5.990024929277148658e+03,2.817839975239788599e-03
3.114781568756471586e+01,5.989995365056421178e+03,5.989995365056421178e+03,2.784976835795103037e-03
3.114781570746759343e+01,5.989966385565340715e+03,5.989966385565340715e+03,2.747747332510405965e-03
3.114781572787293840e+01,5.989936948013442816e+03,5.989936948013442816e+03,2.707308708152176072e-03
3.114781574871384962e+01,5.989907144253090337e+03,5.989907144253090337e+03,2.677154136356767623e-03
3.114781576954684184e+01,5.989877600517711471e+03,5.989877600517711471e+03,2.630031401761401613e-03
3.114781579103651765e+01,5.989847362627088842e+03,5.989847362627088842e+03,2.606769547305773718e-03
3.114781581237409469e+01,5.989817553414167378e+03,5.989817553414167378e+03,2.559444326757995356e-03
3.114781583441673618e+01,5.989786960166348763e+03,5.989786960166348763e+03,2.536803226049961103e-03
3.114781585619265769e+01,5.989756917855408574e+03,5.989756917855408574e+03,2.497399417620977703e-03
3.114781587893655868e+01,5.989725702866191568e+03,5.989725702866191568e+03,2.467309378543871157e-03
3.114781590142074563e+01,5.989694992215288039e+03,5.989694992215288039e+03,2.434690608777123969e-03
3.114781592450495751e+01,5.989663592142731432e+03,5.989663592142731432e+03,2.398524498393820106e-03
3.114781594039399693e+01,5.989642049815364771e+03,5.989642049815364771e+03,2.382951527699214093e-03
3.114781596362259819e+01,5.989610644089369998e+03,5.989610644089369998e+03,2.341512474644889819e-03
3.114781597955316172e+01,5.989589160876386813e+03,5.989589160876386813e+03,2.325762981367453762e-03
3.114781599577879589e+01,5.989567324694291528e+03,5.989567324694291528e+03,2.309479492183257390e-03
3.114781601992751092e+01,5.989534905409586827e+03,5.989534905409586827e+03,2.266750272957978804e-03
3.114781603642327923e+01,5.989512812546975510e+03,5.989512812546975510e+03,2.255023617471645959e-03
3.114781605297562450e+01,5.989490686412038485e+03,5.989490686412038485e+03,2.238005344569979262e-03
3.114781606941258474e+01,5.989468757322644706e+03,5.989468757322644706e+03,2.211638002222907334e-03
3.114781608639982480e+01,5.989446137163557069e+03,5.989446137163557069e+03,2.191985645185147956e-03
3.114781610372341802e+01,5.989423117715314220e+03,5.989423117715314220e+03,2.178330983986352491e-03
3.114781612046221682e+01,5.989400927758593753e+03,5.989400927758593753e+03,2.156154162267804632e-03
3.114781613787837244e+01,5.989377888300825362e+03,5.989377888300825362e+03,2.129688370853022143e-03
3.114781615563568096e+01,5.989354461252745750e+03,5.989354461252745750e+03,2.119437865213036256e-03
3.114781617296737082e+01,5.989331652749199748e+03,5.989331652749199748e+03,2.100813912283816618e-03
3.114781619077366770e+01,5.989308286750034313e+03,5.989308286750034313e+03,2.072391465059516321e-03
3.114781620883611168e+01,5.989284653111097214e+03,5.989284653111097214e+03,2.061253429045306965e-03
3.114781622694557583e+01,5.989261032740970222e+03,5.989261032740970222e+03,2.045809031288310913e-03
3.114781624493591039e+01,5.989237644936874858e+03,5.989237644936874858e+03,2.021696281625464178e-03
3.114781626357283884e+01,5.989213501143240137e+03,5.989213501143240137e+03,2.003725938628318336e-03
3.114781628251136070e+01,5.989189054213472446e+03,5.989189054213472446e+03,1.991209538705271658e-03
3.114781630082717001e+01,5.989165502668543922e+03,5.989165502668543922e+03,1.970777107149484109e-03
3.114781631991697353e+01,5.989141050458439167e+03,5.989141050458439167e+03,1.946990314191503766e-03
3.114781633932653904e+01,5.989116288846004863e+03,5.989116288846004863e+03,1.937461494930033720e-03
3.114781635826959416e+01,5.989092225499678534e+03,5.989092225499678534e+03,1.920166231813840753e-03
3.114781637782370183e+01,5.989067488022226826e+03,5.989067488022226826e+03,1.893649391900339941e-03
3.114781639764377630e+01,5.989042528586423941e+03,5.989042528586423941e+03,1.884404574462860424e-03
3.114781641737025808e+01,5.989017795478383960e+03,5.989017795478383960e+03,1.869915069509485613e-03
3.114781643711418013e+01,5.988993152041588473e+03,5.988993152041588473e+03,1.847239238966248785e-03
3.114781645750302630e+01,5.988967820298370498e+03,5.988967820298370498e+03,1.832108008443314234e-03
3.114781647819489052e+01,5.988942233193973152e+03,5.988942233193973152e+03,1.820141190667190316e-03
3.114781649824493925e+01,5.988917552802979117e+03,5.988917552802979117e+03,1.800784458511164518e-03
3.114781651918077188e+01,5.988891898164074519e+03,5.988891898164074519e+03,1.780567430919208780e-03
3.114781654038812775e+01,5.988866032090498265e+03,5.988866032090498265e+03,1.771235655109092534e-03
3.114781656107388841e+01,5.988840915223564480e+03,5.988840915223564480e+03,1.754687298877794909e-03
3.114781658266120701e+01,5.988814822809431462e+03,5.988814822809431462e+03,1.729912000029402812e-03
3.114781660448635492e+01,5.988788557451300221e+03,5.988788557451300221e+03,1.722899832477361526e-03
3.114781662589213695e+01,5.988762907345626445e+03,5.988762907345626445e+03,1.708834503551503233e-03
3.114781664763236790e+01,5.988736962296495221e+03,5.988736962296495221e+03,1.686879159839338015e-03
3.114781666992417541e+01,5.988710464313600824e+03,5.988710464313600824e+03,1.675514971563889146e-03
3.114781669231356531e+01,5.988683946719886990e+03,5.988683946719886990e+03,1.663717489066963030e-03
3.114781671438663935e+01,5.988657898435285460e+03,5.988657898435285460e+03,1.644790086796884491e-03
3.114781673741808277e+01,5.988630807104740597e+03,5.988630807104740597e+03,1.628816273510688651e-03
3.114781676063118354e+01,5.988603586938616900e+03,5.988603586938616900e+03,1.619191504928626764e-03
3.114781678320213487e+01,5.988577188005970129e+03,5.988577188005970129e+03,1.602866191356099035e-03
3.114781680679298148e+01,5.988549656820679047e+03,5.988549656820679047e+03,1.582973028343220671e-03
3.114781683065508844e+01,5.988521865876065931e+03,5.988521865876065931e+03,1.575453994847959100e-03
3.114781685394062549e+01,5.988494788993977636e+03,5.988494788993977636e+03,1.561411348270065310e-03
3.114781687805192334e+01,5.988466778914445058e+03,5.988466778914445058e+03,1.539571365320383965e-03
3.114781690253750313e+01,5.988438348827225127e+03,5.988438348827225127e+03,1.532470272273821947e-03
3.114781692670280577e+01,5.988410296944254696e+03,5.988410296944254696e+03,1.520466061608639679e-03
3.114781695108998605e+01,5.988381972396050514e+03,5.988381972396050514e+03,1.501442901145290084e-03
3.114781697626328238e+01,5.988352704891854955e+03,5.988352704891854955e+03,1.490288058643866442e-03
3.114781700147945998e+01,5.988323342092686289e+03,5.988323342092686289e+03,1.480140204949777216e-03
3.114781702626354942e+01,5.988294421955631151e+03,5.988294421955631151e+03,1.463585771615294765e-03
3.114781705217974661e+01,5.988264099568646998e+03,5.988264099568646998e+03,1.448857251922308544e-03
3.114781707824652912e+01,5.988233497191845345e+03,5.988233497191845345e+03,1.440521416758018449e-03
3.114781710363961764e+01,5.988203572770979918e+03,5.988203572770979918e+03,1.426095065767729857e-03
3.114781713023365128e+01,5.988172096892015361e+03,5.988172096892015361e+03,1.408258175213037344e-03
3.114781715705246157e+01,5.988140200164785711e+03,5.988140200164785711e+03,1.401634493121747338e-03
3.114781718321710002e+01,5.988108912049303399e+03,5.988108912049303399e+03,1.389094771441984084e-03
3.114781721038283635e+01,5.988076245858861512e+03,5.988076245858861512e+03,1.369436871885417297e-03
3.114781723798821744e+01,5.988042840703333241e+03,5.988042840703333241e+03,1.363490779592244030e-03
3.114781726508103432e+01,5.988009849325268988e+03,5.988009849325268988e+03,1.352633581321216211e-03
3.114781729258043441e+01,5.987976139221796075e+03,5.987976139221796075e+03,1.335319077615422945e-03
3.114781732093705457e+01,5.987941145481599960e+03,5.987941145481599960e+03,1.326153045463341262e-03
3.114781734913287536e+01,5.987906105223578379e+03,5.987906105223578379e+03,1.316839169919127583e-03
3.114781737709588327e+01,5.987871118776344701e+03,5.987871118776344701e+03,1.301594537124923633e-03
3.114781740636294671e+01,5.987834245511207882e+03,5.987834245511207882e+03,1.289537546851974616e-03
3.114781743569183803e+01,5.987797044331610778e+03,5.987797044331610778e+03,1.281631997738042232e-03
3.114781746422234932e+01,5.987760616483939884e+03,5.987760616483939884e+03,1.268187587403337606e-03
3.114781749417960910e+01,5.987722127722713594e+03,5.987722127722713594e+03,1.253713982544103420e-03
3.114781752426799599e+01,5.987683226735605786e+03,5.987683226735605786e+03,1.247249637281848574e-03
3.114781755364037608e+01,5.987645038575217768e+03,5.987645038575217768e+03,1.235390757293493161e-03
3.114781758452811289e+01,5.987604659677915151e+03,5.987604659677915151e+03,1.218692493678869004e-03
3.114781761559989448e+01,5.987563826176599832e+03,5.987563826176599832e+03,1.213473173744030300e-03
3.114781764584182611e+01,5.987523900295919702e+03,5.987523900295919702e+03,1.203022847911975647e-03
3.114781767709628824e+01,5.987482459028117773e+03,5.987482459028117773e+03,1.186393382694054827e-03
3.114781769298191350e+01,5.987461333428440412e+03,5.987461333428440412e+03,1.183191340412916275e-03
3.114781770903922009e+01,5.987439935978488393e+03,5.987439935978488393e+03,1.180523831521227036e-03
3.114781774038277007e+01,5.987398064567483743e+03,5.987398064567483743e+03,1.171361245484859540e-03
3.114781777213365288e+01,5.987355513574614633e+03,5.987355513574614633e+03,1.156515281645261687e-03
3.114781778871437368e+01,5.987333248565127178e+03,5.987333248565127178e+03,1.150354672983447098e-03
3.114781780504970499e+01,5.987311281723566935e+03,5.987311281723566935e+03,1.148289804806267673e-03
3.114781782153136547e+01,5.987289092115846870e+03,5.987289092115846870e+03,1.144900252967770557e-03
3.114781783757912237e+01,5.987267464569271397e+03,5.987267464569271397e+03,1.140309211732922802e-03
3.114781785354329102e+01,5.987245924178051609e+03,5.987245924178051609e+03,1.134439685558633623e-03
3.114781786990727142e+01,5.987223826841304799e+03,5.987223826841304799e+03,1.127051811438006422e-03
3.114781788702461185e+01,5.987200693785544900e+03,5.987200693785544900e+03,1.118308409866744426e-03
3.114781790381212545e+01,5.987177988420674410e+03,5.987177988420674410e+03,1.116769897761274487e-03
3.114781792104136926e+01,5.987154669715191631e+03,5.987154669715191631e+03,1.113890777506305841e-03
3.114781793768110774e+01,5.987132133062281355e+03,5.987132133062281355e+03,1.109839816930633652e-03
3.114781795403209586e+01,5.987109977537556915e+03,5.987109977537556915e+03,1.104604625318240680e-03
3.114781797065678504e+01,5.987087442430673946e+03,5.987087442430673946e+03,1.097976291160261339e-03
3.114781798796049017e+01,5.987063979938539887e+03,5.987063979938539887e+03,1.089670085497022271e-03
3.114781800537220491e+01,5.987040361873083384e+03,5.987040361873083384e+03,1.085985241267917352e-03
3.114781802282314160e+01,5.987016688287448233e+03,5.987016688287448233e+03,1.083679429914775156e-03
3.114781804010720379e+01,5.986993236071925821e+03,5.986993236071925821e+03,1.080155716521181324e-03
3.114781805702412143e+01,5.986970277595585685e+03,5.986970277595585685e+03,1.075478894610176024e-03
3.114781807402426850e+01,5.986947207450956739e+03,5.986947207450956739e+03,1.069521267040113906e-03
3.114781809157278758e+01,5.986923393269848930e+03,5.986923393269848930e+03,1.062032861235038660e-03
3.114781810975804177e+01,5.986898719841200545e+03,5.986898719841200545e+03,1.055947567384915315e-03
3.114781812757029300e+01,5.986874557179879048e+03,5.986874557179879048e+03,1.054134351646794122e-03
3.114781814553240480e+01,5.986850195263331443e+03,5.986850195263331443e+03,1.051088065307271028e-03
3.114781816301492157e+01,5.986826488900826007e+03,5.986826488900826007e+03,1.046922601465690664e-03
3.114781818040339445e+01,5.986802921944086847e+03,5.986802921944086847e+03,1.041569035494429663e-03
3.114781819822622211e+01,5.986778771781532669e+03,5.986778771781532669e+03,1.034806440456890455e-03
3.114781821686879937e+01,5.986753522595067807e+03,5.986753522595067807e+03,1.026669248803262517e-03
3.114781823520757342e+01,5.986728696562695404e+03,5.986728696562695404e+03,1.025294984534806924e-03
3.114781825396921988e+01,5.986703310541365681e+03,5.986703310541365681e+03,1.022675298964680068e-03
3.114781827208155462e+01,5.986678820341893697e+03,5.986678820341893697e+03,1.018964074858669418e-03
3.114781828989616130e+01,5.986654745389429081e+03,5.986654745389429081e+03,1.014145751985965401e-03
3.114781830802544960e+01,5.986630261555880679e+03,5.986630261555880679e+03,1.008024806011270039e-03
3.114781832690601249e+01,5.986604778928662199e+03,5.986604778928662199e+03,1.000335603928494002e-03
3.114781834591531151e+01,5.986579143043040858e+03,5.986579143043040858e+03,9.971542176909337345e-04
3.114782083035639459e+01,5.983366568223403192e+03,5.983366568223403192e+03,6.247470965433549487e-04
3.114782481359834776e+01,5.978105450878257216e+03,5.978105450878257216e+03,3.940777277877388217e-04
3.114783116736133906e+01,5.970726652580732662e+03,5.970726652580732662e+03,2.483575771559748077e-04
3.114784137244423690e+01,5.968199754126295375e+03,5.968199754126295375e+03,1.564532942362926397e-04
3.114785773231305654e+01,5.968049642220161331e+03,5.968049642220161331e+03,9.865040130306614832e-05
3.114788450827836641e+01,2.286087833782142752e+03,5.967942664070043975e+03,6.214661939773217158e-05
3.114792706363403241e+01,2.638137874355801614e+03,6.515921394651988521e+03,3.914442882776102400e-05
3.114799721348381567e+01,2.761551099567412621e+03,6.549247269213911750e+03,2.464524612875924856e-05
3.114811003371288578e+01,2.826254876387290551e+03,6.615950192699258878e+03,1.547383100733008314e-05
3.114829641549173900e+01,2.870840567504920728e+03,9.679838804122793590e+03,9.722124483080188222e-06
3.114859065237155633e+01,2.905590983067995694e+03,1.239890209072436119e+04,6.132592508105139536e-06
3.114907420672938088e+01,2.937080904412347991e+03,1.365288905210324265e+04,3.865407582511790917e-06
3.114985214272705605e+01,2.967034408996715229e+03,1.402326351345036710e+04,2.436168898135991678e-06
3.115108070809221630e+01,2.996782267197861984e+03,1.440074510411142364e+04,1.535449523265594293e-06
3.115304324059654917e+01,3.027839588598128103e+03,1.474531228711242875e+04,9.624104378681606459e-07
3.115607674875818489e+01,3.058545167302743721e+03,1.514992738778454805e+04,6.033734747245787024e-07
3.116044366140638999e+01,3.084628495376534829e+03,1.539346135252943895e+04,3.789021428455005846e-07
3.116632458374963122e+01,3.107239812360716314e+03,1.559704512738732956e+04,2.389331351851066358e-07
3.116853326921832235e+01,3.115272793222694872e+03,1.565634173351353456e+04,3.826617955014017485e-07
3.116879282471979451e+01,3.116088856341359133e+03,1.566287527690912066e+04,6.129329692494556963e-07
3.116893270827634410e+01,3.116509017564842452e+03,1.566635667607631876e+04,9.970411994070806411e-07
3.116901385287913584e+01,3.116739205066727209e+03,1.566835993450525712e+04,1.629990615986095012e-06
3.116906196546753449e+01,3.116864254083807282e+03,1.566953970736740121e+04,2.623613206068610524e-06
3.116909214447637666e+01,3.116931712715782851e+03,1.567027399100457478e+04,4.210477577362692777e-06
3.116911184875503338e+01,3.116964125575133949e+03,1.567074796876585242e+04,6.799925847032657520e-06
3.116912498301129020e+01,3.116972519557826217e+03,1.567105887166796310e+04,1.117134159003242228e-05
3.116913311093250272e+01,3.116963938040696121e+03,1.567124485708483189e+04,1.790847002817568125e-05
3.116913844733376493e+01,3.116943413060791954e+03,1.567136159109470827e+04,2.854231650528707930e-05
3.116914218906930500e+01,3.116910395417490236e+03,1.567143557535715081e+04,4.600579485657897076e-05
3.116914484887847436e+01,3.116860995665055725e+03,1.567147764142895539e+04,7.354878538077213018e-05
3.116914656735873024e+01,3.116793216173816745e+03,1.567148920223159075e+04,1.182614182718036384e-04
3.116914710374985376e+01,3.116754286819319077e+03,1.567148578324930531e+04,1.905565823566312438e-04
3.116914747420359433e+01,3.116713833488956880e+03,1.567147764142895539e+04,3.068223571357764075e-04
3.116914774114642483e+01,3.116669736828942405e+03,1.567146475021340302e+04,4.951351939631634105e-04
3.116914793505953796e+01,3.116620592278035474e+03,1.567144778808767478e+04,8.001721839455325615e-04
3.116914800455882428e+01,3.116596125065606429e+03,1.567143896778229646e+04,1.005979073448059428e-03
3.116914802698024545e+01,3.116587020224063053e+03,1.567143554760712868e+04,1.082198606988225668e-03
3.116914804519792881e+01,3.116579035469382234e+03,1.567143283360667374e+04,1.159720189461470319e-03
3.116914806606116883e+01,3.116569228257502346e+03,1.567142876260599041e+04,1.260908242797079137e-03
3.116914808234609424e+01,3.116560939822468299e+03,1.567142537010542037e+04,1.352658225652780821e-03
3.116914809862527846e+01,3.116552017459439412e+03,1.567142197760485033e+04,1.455289325965045339e-03
3.116914811464873836e+01,3.116542609175227881e+03,1.567141858510428028e+04,1.574086433270592512e-03
3.116914813072351365e+01,3.116532316161734343e+03,1.567141383560348368e+04,1.711448682539634799e-03
3.116914814726606409e+01,3.116520721060183405e+03,1.567140973627829590e+04,1.877465294719000760e-03
3.116914816473715888e+01,3.116507147730319048e+03,1.567140365810177354e+04,2.090562067522143495e-03
3.116914818084278949e+01,3.116493096516781407e+03,1.567139820151990534e+04,2.336502204350258786e-03
3.116914819696772909e+01,3.116477188606118034e+03,1.567139144509972175e+04,2.646280257123545965e-03
3.116914821373273270e+01,3.116458095662429059e+03,1.567138330309835510e+04,3.067782606546426167e-03
3.116914822961373588e+01,3.116436633805411020e+03,1.567137445348792426e+04,3.616204605821087339e-03
3.116914824660747385e+01,3.116408342377345434e+03,1.567136224021433372e+04,4.492952636406944214e-03
3.116914826304818220e+01,3.116372553502923438e+03,1.567134663436474693e+04,5.891524104647230531e-03
3.116914827906599328e+01,3.116322403389435749e+03,1.567132489166683263e+04,8.601924701548569613e-03
3.116914829147866328e+01,3.116259541932796310e+03,1.567129707192512251e+04,1.368606881617566960e-02
3.116914829925931585e+01,3.116190912122034661e+03,1.567126653806227114e+04,2.213268123559667191e-02
3.116914830411305815e+01,3.116114874229470843e+03,1.567123322557764368e+04,3.571231210900004116e-02
3.116914830739895237e+01,3.116024367192985210e+03,1.567119319051050661e+04,5.736020759585898354e-02
3.116914831002296538e+01,3.115903576391875504e+03,1.567114022847508386e+04,9.164251303333931231e-02
3.116914831293920685e+01,3.115708714264933860e+03,1.567105329829842231e+04,1.454290432979907510e-01
3.116914832160962945e+01,3.115073176966438041e+03,1.567076128409477133e+04,9.028030036491126176e-02
3.116914832819498571e+01,3.114841908493708615e+03,1.567066011559544131e+04,5.694803970069915039e-02
3.116914833395533080e+01,3.114751719064203371e+03,1.567062269562797155e+04,3.573642782055214129e-02
3.116914834039161164e+01,3.114697457528966879e+03,1.567060029765456966e+04,2.250564072467964652e-02
3.116914834868122952e+01,3.114657428447865186e+03,1.567058400821936630e+04,1.412888441452860716e-02
3.116914836024719548e+01,3.114624769873891182e+03,1.567057043369003077e+04,8.785084315466254110e-03
3.116914837622683621e+01,3.114598168160289333e+03,1.567056025279302958e+04,5.513034731400655308e-03
3.116914839240169854e+01,3.114580955498482126e+03,1.567055346552836272e+04,3.895334448135362448e-03
3.116914841120873447e+01,3.114566846482923665e+03,1.567054803571662887e+04,2.888492654756826764e-03
3.116914842756416348e+01,3.114557633154407540e+03,1.567054527325071103e+04,2.325248393327691843e-03
3.116914844466352008e+01,3.114549937827213853e+03,1.567054192717842852e+04,1.915478440197616612e-03
3.116914846502649894e+01,3.114542507883631060e+03,1.567053984331821266e+04,1.594777735277391620e-03
3.116914848600400489e+01,3.114536170873423998e+03,1.567053780709352577e+04,1.350563579665063716e-03
3.116914850607490450e+01,3.114531108940341710e+03,1.567053581864022635e+04,1.168368527897774029e-03
3.116914852459273533e+01,3.114527018493590276e+03,1.567053446118729335e+04,1.036247981099494304e-03
3.116914853197665636e+01,3.114525500577670755e+03,1.567053441338571429e+04,9.916337499311029050e-04
3.116914863999867080e+01,3.114509199681659538e+03,1.567053034093633869e+04,6.101224596616193659e-04
3.116914881657136149e+01,3.114493969569323781e+03,1.567052830471165180e+04,3.671442542969833938e-04
3.116914906500068483e+01,3.114481532647490894e+03,1.567052898345321410e+04,2.295498089323423153e-04
3.116914947858578344e+01,3.114469498664813727e+03,1.567053373464415199e+04,1.399149742573649303e-04
3.116915009296478090e+01,3.114459622213956663e+03,1.567054396335782803e+04,8.772146850579947276e-05
3.116915111873673538e+01,3.114451053443423007e+03,1.567056495675601764e+04,5.287459536643707468e-05
3.116915274661566571e+01,3.114445000566543968e+03,1.567060029765456966e+04,3.209956006688125126e-05
3.116915516560680999e+01,3.114442732283356690e+03,1.567065595322484296e+04,2.006590220982122077e-05
3.116915931969794329e+01,3.114445747326005858e+03,1.567075377568175827e+04,1.199571579768432364e-05
3.116916541061794277e+01,3.114456095001106405e+03,1.567090041373751592e+04,7.482279292838892300e-06
3.116917458920039863e+01,3.114477105066081094e+03,1.567112312528394068e+04,4.710515061770890132e-06
3.116919024880547084e+01,3.114518562362811736e+03,1.567150462354441697e+04,2.857073480185871293e-06
3.116921326135940618e+01,3.114584427457690708e+03,1.567206725862471103e+04,1.790399287771337318e-06
3.116925268112720104e+01,3.114702332698105693e+03,1.567303176926097512e+04,1.075858185721127833e-06
3.116931545122263714e+01,3.114894719274343061e+03,1.567457046046459982e+04,6.533996285948286638e-07
3.116941556029910032e+01,3.115204570765183234e+03,1.567701596295591298e+04,3.967321369896648771e-07
3.116956627326570484e+01,3.115671139595569457e+03,1.568067775437438468e+04,2.457036135571936385e-07
3.117332898966382970e+01,3.125940263570433217e+03,1.576487225051396672e+04,1.542947067204554788e-07
3.118234635503236873e+01,5.796253058654381675e+03,1.592887813363296118e+04,9.622919804021010774e-08
3.120736211013463901e+01,5.729790535135904975e+03,1.627674271026811039e+04,9.941298706844194036e-08
3.121623466256837531e+01,5.686684194233564995e+03,1.638819637196577605e+04,6.260496083946274671e-08
3.122321775503765195e+01,5.669637185311528810e+03,1.647440414628936560e+04,1.012704514225139583e-07
3.122387006348970218e+01,5.667510989883531693e+03,1.648231859625543439e+04,1.635096642044879530e-07
3.122427397477003197e+01,5.665117017145677892e+03,1.648722372744485256e+04,2.694838861491061905e-07
3.122450962098432825e+01,5.662468808142009038e+03,1.649010532649330707e+04,4.347525821235643667e-07
3.122465353331786631e+01,5.658757754578054119e+03,1.649185143422161491e+04,6.956525263421411879e-07
3.122474276696843631e+01,5.653588257188119314e+03,1.649292304275004062e+04,1.106141295504036342e-06
3.122479967925213984e+01,5.649684004342654589e+03,1.649359666277322322e+04,1.765588630193813767e-06
3.122483673460460096e+01,5.647600236907001090e+03,1.649402595446398846e+04,2.846656932242652747e-06
3.122486008723797468e+01,5.646160112794515953e+03,1.649428618463922248e+04,4.594774871279523033e-06
3.122487483861742774e+01,5.645134949672920811e+03,1.649444078633004392e+04,7.398332451214769484e-06
3.122488398919353969e+01,5.644392172251511511e+03,1.649452591452032721e+04,1.185702668381182735e-05
3.122488965086965251e+01,5.643830696817089120e+03,1.649456816439475006e+04,1.902391679479612354e-05
3.122489299815626040e+01,5.643402618699745290e+03,1.649458160753660923e+04,3.029590833243572313e-05
3.122489490580428395e+01,5.643068882854678122e+03,1.649457714310083247e+04,4.855753981901989112e-05
3.122489576493693164e+01,5.642858976938541673e+03,1.649456720417032921e+04,7.909665215863285873e-05
3.122489626865808532e+01,5.642690009195144739e+03,1.649455472125288725e+04,1.262513150336882584e-04
3.122489659346775426e+01,5.642536676973941212e+03,1.649453969300181052e+04,2.057606511977374793e-04
3.122489678882653763e+01,5.642403039091711435e+03,1.649452432885862436e+04,3.306168481661715675e-04
3.122489691551231417e+01,5.642274041427950579e+03,1.649450800445648929e+04,5.447836299270778036e-04
3.122489698995944707e+01,5.642158601676685976e+03,1.649449264031330313e+04,8.762939399119082807e-04
3.122489700732075235e+01,5.642122719161708119e+03,1.649448783901855495e+04,1.020255815396038310e-03
3.122489702336675776e+01,5.642084442227049294e+03,1.649448207746486150e+04,1.202031005821233142e-03
3.122489704139045941e+01,5.642033135443636638e+03,1.649447472840876435e+04,1.501013702197596120e-03
3.122489705802273363e+01,5.641973925533829060e+03,1.649446608576742801e+04,1.943767307458064324e-03
3.122489707420182725e+01,5.641897773439166485e+03,1.649445456224563895e+04,2.713887628057468776e-03
3.122489708979595235e+01,5.641789952357315997e+03,1.649443823725644324e+04,4.336333571286096929e-03
3.122489709991022977e+01,5.641678601850038831e+03,1.649442191226724390e+04,6.929355156088967162e-03
3.122489710671966989e+01,5.641556936878415399e+03,1.649440366669108334e+04,1.117699187987526190e-02
3.122489711140100610e+01,5.641417224829445331e+03,1.649438254023447371e+04,1.813064441706609478e-02
3.122489711465918916e+01,5.641250681795662786e+03,1.649435853289742226e+04,2.876979710040229385e-02
3.122489711732578144e+01,5.641006320035452518e+03,1.649432332962142755e+04,4.712750501582539664e-02
3.122489711926180433e+01,5.640690066421311712e+03,1.649428203551666593e+04,7.630899989648173842e-02
3.122489712116406935e+01,5.640159993963368834e+03,1.649422089843438152e+04,1.215662227232478937e-01
3.122489712381543114e+01,5.638767256266694858e+03,1.649410117273151991e+04,1.945696698586241724e-01
3.122489712824412678e+01,5.629868369934629300e+03,1.649382550750834707e+04,3.090440215968567328e-01
3.122489713684350221e+01,5.596949612284609429e+03,1.649308406148163340e+04,4.906132203010503678e-01
3.122489714517035253e+01,5.567906953108153175e+03,1.649205781459355785e+04,3.095423448178742931e-01
3.122489715911270736e+01,5.534335609708411539e+03,1.649096248798588567e+04,1.952133594488542900e-01
3.122489717499676232e+01,5.508291121048336208e+03,1.649012853383195761e+04,1.726261904203478248e-01
3.122489719087788629e+01,5.502284272891719411e+03,1.648936012683583249e+04,1.606016910971259370e-01
3.122489720672730940e+01,5.488115650868747252e+03,1.648862128626233607e+04,1.319433231728649736e-01
3.122489722261831346e+01,5.478555622291885811e+03,1.648799261985838530e+04,9.558822828807160554e-02
3.122489723851614940e+01,5.474900508000270747e+03,1.648752618615184838e+04,6.378476467194668653e-02
3.122489725439443475e+01,5.464347640854909514e+03,1.648722121094634713e+04,4.094241782175786493e-02
3.122489727037247320e+01,5.454115122819196586e+03,1.648703647403927971e+04,2.637979459732448309e-02
3.122489728637635054e+01,5.449001298133207456e+03,1.648692387343271912e+04,1.774458024007402948e-02
3.122489730227376370e+01,5.448205896317444058e+03,1.648685171048330085e+04,1.257895740257030694e-02
3.122489731835138116e+01,5.447559994098510288e+03,1.648680072897693753e+04,9.368615165677152828e-03
3.122489733483113383e+01,5.446981364650191608e+03,1.648676317082800961e+04,7.244257085907391050e-03
3.122489735118750076e+01,5.446486244646259365e+03,1.648673427994421581e+04,5.809977020054339289e-03
3.122489736779898450e+01,5.445993076324364665e+03,1.648671116723718296e+04,4.766472977812735191e-03
3.122489738424915373e+01,5.445501873336745120e+03,1.648669286967744847e+04,4.020770122373617216e-03
3.122489740088722954e+01,5.445039580734296578e+03,1.648667655091456982e+04,3.448778225164077921e-03
3.122489741698427679e+01,5.444620551914334101e+03,1.648666403108006853e+04,3.015899900166566124e-03
3.122489743292777575e+01,5.444217855298508766e+03,1.648665343737395597e+04,2.674236270473074901e-03
3.122489744987887050e+01,5.443798781557700750e+03,1.648664284366783977e+04,2.377897043885578675e-03
3.122489746840573588e+01,5.443355814306891261e+03,1.648663321302591794e+04,2.116766205704889280e-03
3.122489748748629523e+01,5.442912849258619644e+03,1.648662454544818684e+04,1.893167276790641909e-03
3.122489750367832428e+01,5.442535113275276672e+03,1.648661689152281542e+04,1.736594436621192485e-03
3.122489752189089884e+01,5.442088894826200885e+03,1.648661014983032510e+04,1.586048157066896874e-03
3.122489753992303108e+01,5.441585753755393853e+03,1.648660432110014881e+04,1.459099783356959537e-03
3.122489755771367115e+01,5.440806888805712333e+03,1.648659859264319675e+04,1.349197755922475119e-03
3.122489757363009488e+01,5.440154152899456676e+03,1.648659469045822698e+04,1.263403617528607642e-03
3.122489759152544764e+01,5.439474026041144498e+03,1.648658987513726242e+04,1.178731881889948140e-03
3.122489760998323050e+01,5.438830134557644669e+03,1.648658510925821247e+04,1.101214048866783332e-03
3.122489762691214565e+01,5.438286572744596015e+03,1.648658125686250423e+04,1.037275160779638564e-03
3.122489764012172131e+01,5.437890299267188311e+03,1.648657836756572215e+04,9.923912319975177875e-04
3.122489781942914888e+01,5.433905791796119047e+03,1.648655043769682743e+04,6.150423782015274933e-04
3.122489807886119451e+01,5.429353098080005111e+03,1.648652732332257438e+04,3.850841126114706598e-04
3.122489846155462700e+01,5.424957762496715077e+03,1.648650902444295207e+04,2.427817781753344650e-04
3.122489905859229253e+01,5.423985192705675217e+03,1.648649366100552652e+04,1.506873848092231307e-04
3.122489992831960137e+01,5.423538857192424985e+03,1.648648499280253964e+04,9.491490444787442984e-05
3.122490130269920527e+01,5.423115119239952037e+03,1.648648402966887443e+04,5.863475957456802608e-05
3.122490334275778423e+01,5.422546063283835792e+03,1.648649173473819610e+04,3.671584471045592378e-05
3.122490653973428110e+01,5.421853900810680898e+03,1.648651484994615384e+04,2.266462999647704958e-05
3.122491165100145594e+01,5.420882480199576094e+03,1.648656204349573454e+04,1.377989753698026058e-05
3.122491904079948810e+01,5.419317482876392205e+03,1.648663909418892581e+04,8.630507896618620824e-06
3.122493017027706586e+01,5.417008246493231127e+03,1.648676231946084226e+04,5.413522979875392833e-06
3.122494706866623204e+01,5.412477759084495119e+03,1.648695680259452274e+04,3.391318598518465855e-06
3.122497310203829102e+01,5.405310647606138446e+03,1.648726202008814653e+04,2.106703357682260355e-06
3.122501291387180444e+01,5.402272433745142735e+03,1.648773661167452519e+04,1.307906880946095543e-06
3.122507605422962484e+01,5.402141072582790002e+03,1.648849398809780541e+04,7.961194305568051098e-07
3.122516925728882953e+01,5.402045923649699944e+03,1.648961776927485698e+04,4.935051054980190644e-07
3.122530428968267913e+01,5.402151121347846129e+03,1.649124771682845312e+04,3.104858256745388885e-07
3.122550953374406646e+01,5.402278066378583389e+03,1.649372502599140353e+04,1.936375446849359776e-07
3.122584231538839461e+01,5.402405606295531470e+03,1.649773357683773793e+04,1.163453282200239806e-07
3.122630275960893087e+01,5.402539240351705303e+03,1.650325759864553766e+04,7.283982694205608101e-08
3.122716300376924892e+01,5.402641402966051828e+03,1.651353965559481367e+04,4.381900694869037281e-08
3.122858135974672678e+01,5.402455812154292289e+03,1.653060377475440328e+04,2.701454287286229082e-08
3.124871767900372532e+01,5.376060969470130658e+03,1.676634847186178376e+04,4.426132901733441419e-08
3.124977213285590594e+01,5.374815892196352252e+03,1.677835293713276405e+04,7.299048165475083505e-08
3.125050762675777349e+01,5.373465961605907069e+03,1.678672862557350163e+04,1.215953988352283114e-07
3.125096809955650556e+01,5.372142423737925128e+03,1.679199334339138659e+04,1.940061958014470266e-07
3.125129441190322410e+01,5.370659370181819213e+03,1.679570471594367700e+04,3.148217569185178957e-07
3.125151442369677568e+01,5.369022685707747769e+03,1.679819475665400751e+04,5.009757042753581395e-07
3.125167889339729044e+01,5.366880088119894026e+03,1.680004673960669606e+04,8.005305406239770205e-07
3.125181572739460378e+01,5.363596345528750135e+03,1.680157537244795094e+04,1.276718083865424833e-06
3.125216787841267774e+01,5.340701653903087390e+03,1.680547259952187596e+04,7.957285519397908672e-07
3.125231368358770823e+01,5.340216406109449053e+03,1.680710255901967321e+04,4.902837571570531864e-07
3.125250269724588037e+01,5.339882053295765218e+03,1.680922018123318048e+04,3.061174803179268899e-07
3.125280713402563393e+01,5.339464261444210024e+03,1.681263086700642816e+04,1.864880804066587125e-07
3.125329885453794887e+01,5.338595466343043881e+03,1.681822529832469809e+04,1.154136545243844319e-07
3.125418511794550724e+01,5.336164218979594807e+03,1.682826969204304260e+04,7.192125023409701644e-08
3.125607226439609221e+01,5.317937286852081343e+03,1.684948831670380969e+04,4.524887394805760696e-08
3.126890238732379856e+01,5.301664545826788526e+03,1.699136180141917430e+04,7.440284475821412904e-08
3.126962881903145330e+01,5.287796348720133210e+03,1.699929015047702705e+04,1.202409549224265985e-07
3.127006113843237500e+01,5.285170870333170569e+03,1.700399190996584002e+04,1.936766315278991289e-07
3.127032162535123305e+01,5.284385349170819609e+03,1.700681134374104658e+04,3.072999032016382819e-07
3.127048960917938203e+01,5.283721147163701971e+03,1.700862099114551165e+04,4.880602034050580236e-07
3.127059935711676886e+01,5.283075441755076099e+03,1.700979705659945466e+04,7.748615729691451638e-07
3.127067174106918657e+01,5.282509872719857412e+03,1.701056656834051682e+04,1.231257020204919205e-06
3.127072114371505762e+01,5.281990052876720256e+03,1.701108662902997457e+04,1.995505783141226765e-06
3.127075310090402382e+01,5.281508506328199474e+03,1.701141557802506941e+04,3.237366875838368148e-06
3.127077372776741981e+01,5.281044523433215545e+03,1.701162164743775065e+04,5.231515612067279934e-06
3.127078699258542471e+01,5.280585914646887431e+03,1.701174747297535214e+04,8.457798217732963373e-06
3.127079523929649696e+01,5.280139566466275028e+03,1.701181767155308989e+04,1.350563455771478634e-05
3.127080052401803911e+01,5.279683367614177769e+03,1.701185527793402071e+04,2.175319565750629972e-05
3.127080372714484469e+01,5.279232860151932982e+03,1.701186985974750860e+04,3.471392874882202122e-05
3.127080566434910835e+01,5.278782402448828179e+03,1.701187032048639230e+04,5.554166758820868800e-05
3.127080680613258323e+01,5.278336641588576640e+03,1.701186154566417463e+04,8.851515035905997589e-05
3.127080747089035384e+01,5.277895457047328819e+03,1.701184854858960171e+04,1.415772570140731268e-04
3.127080784475803199e+01,5.277471585227428477e+03,1.701183225182179012e+04,2.244815180925475496e-04
3.127080804713640205e+01,5.277086579912861453e+03,1.701181595505397490e+04,3.702569788962993742e-04
3.127080816066107616e+01,5.276736273618560517e+03,1.701180091188368897e+04,6.031563712097338329e-04
3.127080823352316585e+01,5.276373463390527832e+03,1.701178336151835174e+04,1.012535024259920199e-03
3.127080825512141971e+01,5.276218904066045070e+03,1.701177662894319656e+04,1.266142904596328448e-03
3.127080827411095498e+01,5.276048745209740446e+03,1.701176831834806217e+04,1.620182584275176810e-03
3.127080829100774650e+01,5.275853363745795832e+03,1.701175907785689924e+04,2.154444809152533755e-03
3.127080830720663585e+01,5.275596292822717260e+03,1.701174654136668687e+04,3.135268138218674002e-03
3.127080832103131058e+01,5.275264688836848109e+03,1.701173024392941079e+04,5.052961218857312392e-03
3.127080832981992486e+01,5.274927051397264222e+03,1.701171394649213471e+04,8.063549676818904458e-03
3.127080833598192910e+01,5.274538317137928061e+03,1.701169435609414359e+04,1.323031698950200008e-02
3.127080834012102528e+01,5.274091684359132159e+03,1.701167257607443025e+04,2.147737669016086190e-02
3.127080834327437486e+01,5.273473708433506545e+03,1.701164499579596304e+04,3.499921569311444797e-02
3.127080834550162791e+01,5.272640222607753458e+03,1.701161114727238964e+04,5.561461384434191607e-02
3.127080834741474291e+01,5.271224331298570178e+03,1.701156554262966893e+04,9.181437420235824542e-02
3.127080834969234147e+01,5.267658875064086715e+03,1.701148906689778232e+04,1.468613837399879718e-01
3.127080836554155141e+01,5.228272754377766432e+03,1.701086421878651890e+04,1.408407818260066502e-01
3.127080837769829103e+01,5.208859946130579374e+03,1.701056023373472635e+04,8.842596191089462099e-02
3.127080839020582204e+01,5.199314139749109927e+03,1.701035926900251434e+04,5.561934771925858279e-02
3.127080840324165933e+01,5.187124985051477779e+03,1.701023008477816256e+04,3.495008906835016943e-02
3.127080841767648067e+01,5.181460483266383562e+03,1.701014426620204540e+04,2.195562246448182209e-02
3.127080843363720319e+01,5.180191626980147703e+03,1.701008603558653340e+04,1.422626914025062854e-02
3.127080844992418562e+01,5.179141207737177865e+03,1.701004715170153941e+04,9.877077083364285692e-03
3.127080846583162810e+01,5.178187753039282143e+03,1.701002081100525538e+04,7.364795533081833386e-03
3.127080848195137008e+01,5.177243940550380103e+03,1.701000145840511686e+04,5.732429365756061546e-03
3.127080849815506625e+01,5.176361214084094172e+03,1.700998569007687183e+04,4.625965311165382635e-03
3.127080851463717792e+01,5.175490692385729744e+03,1.700997314688816550e+04,3.823823947133854484e-03
3.127080853147975503e+01,5.174600344553743525e+03,1.700996257292187147e+04,3.227943406917066927e-03
3.127080854760632533e+01,5.172967494850812727e+03,1.700995379232888081e+04,2.790563908648861693e-03
3.127080856438967160e+01,5.171393231098126307e+03,1.700994626610631894e+04,2.437850385819592507e-03
3.127080858117676243e+01,5.170029625494697939e+03,1.700993999425418224e+04,2.156565232364227296e-03
3.127080859909248645e+01,5.168789657530825934e+03,1.700993372240204553e+04,1.914758338624104146e-03
3.127080861834774694e+01,5.167642334320723421e+03,1.700992745054990883e+04,1.703131208620463875e-03
3.127080863522417076e+01,5.166744729439607909e+03,1.700992368743862608e+04,1.550978373725316918e-03
3.127080865471596383e+01,5.165806834904343305e+03,1.700991866995691817e+04,1.403415567584335522e-03
3.127080867191405034e+01,5.165057478048296616e+03,1.700991490684563541e+04,1.292032812819424864e-03
3.127080868874973874e+01,5.164379800452080417e+03,1.700991114373435266e+04,1.200292628254230696e-03
3.127080870806217305e+01,5.163637387074897561e+03,1.700990809331671335e+04,1.104473982927035251e-03
3.127080872894285335e+01,5.162815620479480458e+03,1.700990487188221596e+04,1.017439071516795497e-03
3.127080873709533293e+01,5.162475379733356021e+03,1.700990361751179080e+04,9.878081640344313959e-04
3.127080889218683879e+01,5.156554526217454622e+03,1.700988551372092843e+04,6.164522785089901480e-04
3.127080912129024881e+01,5.154543064097932984e+03,1.700987046065707182e+04,3.869076988859301673e-04
3.127080946882493251e+01,5.154111597978753707e+03,1.700985791643719131e+04,2.410732418310058099e-04
3.127080997906341864e+01,5.153676306249908521e+03,1.700984842521298924e+04,1.519381393105808200e-04
3.127081076679152360e+01,5.153203651786946466e+03,1.700984286337333469e+04,9.455355250217163210e-05
3.127081195426630345e+01,5.152655889646739524e+03,1.700984286337333469e+04,5.909848211485156308e-05
3.127081377029618281e+01,5.151912475233721125e+03,1.700985038990526300e+04,3.675253597791723040e-05
3.127081644993645781e+01,5.150999656461890481e+03,1.700986920623508558e+04,2.318478311542397576e-05
3.127082073258220873e+01,5.149555261420627176e+03,1.700990433005074738e+04,1.428786982635394505e-05
3.127082689983378216e+01,5.147347712990748732e+03,1.700996131855144631e+04,9.008712378857640807e-06
3.127083650102892776e+01,5.143754040217824695e+03,1.701005539633348963e+04,5.617302405050841171e-06
3.127085125291024426e+01,5.137278360925555717e+03,1.701020645019812218e+04,3.480965893070920003e-06
3.127087372558408163e+01,5.131625448234806754e+03,1.701044027328919765e+04,2.160322271417500307e-06
3.127090733391823463e+01,5.130736603242313322e+03,1.701079573609060753e+04,1.349797315087511081e-06
3.127095749282436898e+01,5.130591194368294964e+03,1.701132897322067947e+04,8.440351247080442906e-07
3.127103440031937609e+01,5.130597950326102364e+03,1.701215047740416412e+04,5.248710671699066766e-07
3.127115186856796569e+01,5.130641055623485954e+03,1.701340927750702031e+04,3.243658504677713174e-07
3.127133000763054227e+01,5.130725820617632053e+03,1.701531761792434190e+04,2.001914127675675270e-07
3.127164165793726625e+01,5.130778825198523919e+03,1.701865368538007897e+04,1.195829620997709395e-07
3.127214357065870942e+01,5.130790598595619485e+03,1.702402770837922071e+04,7.348574004806391536e-08
3.127295695624375682e+01,5.130540391405990704e+03,1.703282484251667483e+04,4.558086866350376483e-08
3.127445277685677638e+01,5.129574182241963172e+03,1.704883868110986441e+04,2.813622949204665509e-08
3.128822848807992685e+01,5.104465010278018781e+03,1.719388630472307705e+04,4.468500518574297414e-08
3.129032273306690470e+01,5.101903504685353255e+03,1.721552083247603878e+04,7.142198081971801024e-08
3.130928961404491773e+01,5.035732443667992811e+03,1.740651747480644190e+04,1.133208964265677173e-07
3.131376946640304126e+01,5.010762407376678311e+03,1.745039971287341905e+04,7.132483481502603895e-08
3.132487333570553645e+01,4.975220632494485471e+03,1.755739158543342273e+04,1.147245537602139592e-07
3.132545131659850313e+01,4.962024182994570765e+03,1.756283716091132010e+04,1.831418481058180701e-07
3.132581287073210419e+01,4.956725464416301293e+03,1.756624399625462684e+04,2.929604586409324848e-07
3.132604261884602437e+01,4.955562101617700137e+03,1.756841194530146095e+04,4.728403944623867005e-07
3.132618247516515453e+01,4.954697785239099176e+03,1.756971789277568678e+04,7.558593767878078275e-07
3.132627078561576539e+01,4.953892851678776424e+03,1.757053026972320731e+04,1.208671968354188655e-06
3.132632774071267079e+01,4.953223747017723326e+03,1.757104347460210192e+04,1.934603501684721073e-06
3.132636461222444169e+01,4.952618931066446748e+03,1.757136387366571944e+04,3.067704314635622053e-06
3.132638953029536566e+01,4.951991532057449149e+03,1.757156590189881535e+04,4.923932427747841560e-06
3.132640510038879000e+01,4.951335356457293528e+03,1.757167645026855462e+04,7.857413366075163938e-06
3.132641324051430232e+01,4.950736896770372368e+03,1.757171848978944035e+04,1.283767990615283321e-05
3.132641691436479903e+01,4.950287909866461632e+03,1.757172783190519476e+04,2.078167242999888250e-05
3.132641921242479910e+01,4.949841886923355560e+03,1.757172471786661117e+04,3.443177397136933782e-05
3.132642049415358088e+01,4.949446004899460604e+03,1.757171537575085677e+04,5.486126088930307613e-05
3.132642128230047973e+01,4.949064214930289381e+03,1.757170291959652241e+04,8.703982926608843339e-05
3.132642179560621543e+01,4.948667564972981381e+03,1.757168619545345427e+04,1.418527582217098744e-04
3.132642210052219411e+01,4.948286094799062994e+03,1.757167022219138744e+04,2.283199996734065480e-04
3.132642229296769543e+01,4.947894190112346223e+03,1.757165193903156978e+04,3.748329018787422253e-04
3.132642240331527006e+01,4.947529325094853448e+03,1.757163596776696068e+04,5.975855299267743151e-04
3.132642247249832934e+01,4.947163153901698024e+03,1.757161884055474729e+04,9.617092470027977088e-04
3.132642247923388013e+01,4.947116168814557568e+03,1.757161612549960046e+04,1.022651785354854789e-03
3.132642249618110952e+01,4.946983502971068447e+03,1.757160989705925749e+04,1.218036808149374709e-03
3.132642251437283321e+01,4.946809984096690641e+03,1.757160211150882969e+04,1.534248847097164975e-03
3.132642253027097112e+01,4.946617805291422883e+03,1.757159276884831343e+04,1.981110765057174199e-03
3.132642254700780882e+01,4.946344804686543284e+03,1.757158031196762749e+04,2.858596283221703175e-03
3.132642256144861292e+01,4.945992438481314821e+03,1.757156318375668707e+04,4.585000858933423185e-03
3.132642257086948945e+01,4.945627133303417395e+03,1.757154605554574300e+04,7.430231422020603174e-03
3.132642257738443448e+01,4.945214061108321403e+03,1.757152581311462927e+04,1.241824188049633210e-02
3.132642258146853109e+01,4.944781426573535100e+03,1.757150440606549819e+04,1.995806654716138218e-02
3.132642258449975969e+01,4.944230830566765690e+03,1.757147909981205885e+04,3.206841769825116706e-02
3.132642258706306038e+01,4.943346160630976556e+03,1.757144017205991622e+04,5.117320891893964441e-02
3.132642258891791087e+01,4.942055923401111613e+03,1.757139345875734580e+04,8.265645590782649821e-02
3.132642259093011816e+01,4.939146566132845692e+03,1.757131909915960568e+04,1.327364785284758375e-01
3.132642260679616086e+01,4.891011245986262111e+03,1.757053561398725651e+04,1.729987026487394275e-01
3.132642262267181721e+01,4.866162015878572674e+03,1.756992127691379574e+04,1.367494188210203743e-01
3.132642263854934228e+01,4.845415012011213548e+03,1.756932724589209101e+04,1.508627658055474718e-01
3.132642265001993209e+01,4.827474478834854381e+03,1.756873426488658151e+04,2.395214028432129383e-01
3.132642265646237689e+01,4.816572025609767479e+03,1.756814107619406423e+04,3.803645262051786324e-01
3.132642267233631017e+01,4.757277088159102277e+03,1.756498794541248935e+04,4.216181580209930613e-01
3.132642268821162901e+01,4.684353153246622242e+03,1.756214234271978785e+04,2.828386666212362455e-01
3.132642270407072260e+01,4.633174138874615892e+03,1.756013836129236734e+04,2.053139689536538914e-01
3.132642271995199934e+01,4.596895949701533937e+03,1.755876736155788967e+04,1.646307559550863053e-01
3.132642273586207438e+01,4.575096157575469988e+03,1.755774860297982741e+04,1.628401328675660176e-01
3.132642275175160052e+01,4.564560811109290626e+03,1.755667211084908922e+04,2.393450780232276032e-01
3.132642276110992441e+01,4.557770869887794106e+03,1.755564726670130040e+04,3.794819488600582602e-01
3.132642277698101552e+01,4.549427273723569670e+03,1.755214892883538414e+04,3.499482332077911151e-01
3.132642279269275321e+01,4.545952137764303188e+03,1.754875140754900349e+04,2.206067281655569867e-01
3.132642280856254402e+01,4.483498590337191672e+03,1.754573336355259744e+04,2.482795352617185036e-01
3.132642282272520262e+01,4.396430570725709913e+03,1.754360686587171585e+04,1.563387819210797502e-01
3.132642283522965343e+01,4.348522156147359965e+03,1.754240927894245397e+04,9.861070738785901457e-02
3.132642284621780604e+01,4.322583253040327691e+03,1.754179308752364523e+04,6.194742209180886111e-02
3.132642285913551561e+01,4.305149611784876470e+03,1.754138537225814071e+04,3.901712840888778289e-02
3.132642287476986098e+01,4.286491111182459463e+03,1.754111968862337380e+04,2.449217514689240593e-02
3.132642289071236519e+01,4.278145511220409389e+03,1.754096669011930135e+04,1.614701207699293858e-02
3.132642290656432493e+01,4.276002508747334105e+03,1.754087065469935624e+04,1.148680912243720334e-02
3.132642292272032947e+01,4.272851267295551224e+03,1.754080283282410892e+04,8.518766221224943411e-03
3.132642293877461626e+01,4.267800581638441145e+03,1.754075326363980275e+04,6.668168591501988374e-03
3.132642295550008882e+01,4.263888117214323756e+03,1.754071453771456436e+04,5.375196875851202816e-03
3.132642297318447788e+01,4.260406573741868669e+03,1.754068078501596392e+04,4.398679958346279895e-03
3.132642298954580085e+01,4.257978409934110459e+03,1.754065599916570864e+04,3.745404863661710645e-03
3.132642300598693197e+01,4.255955185441810499e+03,1.754063586066237622e+04,3.241848647670531221e-03
3.132642302331554163e+01,4.253654766629651931e+03,1.754061604500491376e+04,2.830824710061049469e-03
3.132642304029045022e+01,4.251650252858690692e+03,1.754060023100263788e+04,2.509101388905138254e-03
3.132642305925242709e+01,4.250298120111235221e+03,1.754058473984622833e+04,2.223039708052361538e-03
3.132642307645987856e+01,4.249770267847980904e+03,1.754057234692110069e+04,2.005319551874413121e-03
3.132642309375872003e+01,4.249476486627749182e+03,1.754056150311161764e+04,1.824817492597000145e-03
3.132642311224264375e+01,4.249205609252151589e+03,1.754055065930213095e+04,1.663393641376489668e-03
3.132642313013814928e+01,4.248929110320601467e+03,1.754054136460828522e+04,1.532317822764623846e-03
3.132642314780425252e+01,4.248659683489935560e+03,1.754053238851378410e+04,1.415091838675620536e-03
3.132642316632876245e+01,4.248401880724806688e+03,1.754052432433623471e+04,1.311847514873917472e-03
3.132642318243139812e+01,4.248192335777833250e+03,1.754051689657098177e+04,1.230851982179641908e-03
3.132642319875219528e+01,4.247986873842360183e+03,1.754051069979386011e+04,1.160280330312844430e-03
3.132642321473198876e+01,4.247787596084951474e+03,1.754050605221102160e+04,1.102534054501548523e-03
3.132642323365464776e+01,4.247552726840089235e+03,1.754049985543389994e+04,1.028715981714931711e-03
3.132642324763903474e+01,4.247382010310951955e+03,1.754049520785105778e+04,9.843566354553134022e-04
3.132642342891512399e+01,4.245213628895428883e+03,1.754045214495324763e+04,6.192739166070873689e-04
3.132642369865893528e+01,4.240245017884230947e+03,1.754041619894277028e+04,3.904172357775815400e-04
3.132642410663590482e+01,4.233326878571207999e+03,1.754038397694443847e+04,2.449668987479367488e-04
3.132642472728119287e+01,4.226166683485823341e+03,1.754035609003174613e+04,1.533055610675123932e-04
3.132642571334748638e+01,4.222062980029434584e+03,1.754033440021076240e+04,9.431944462277782075e-05
3.132642721250585538e+01,4.220945271581165798e+03,1.754031890748148726e+04,5.841512056044778314e-05
3.132642945096033671e+01,4.219717198676910812e+03,1.754031271038977502e+04,3.661185120026263113e-05
3.132643290304432426e+01,4.217911205639679793e+03,1.754031890748148726e+04,2.281656039781794967e-05
3.132643811704952341e+01,4.215063708285641042e+03,1.754034214657539997e+04,1.430499265932765521e-05
3.132644613172405457e+01,4.208771822635301760e+03,1.754039172330907604e+04,8.945040247732040497e-06
3.132645816167334729e+01,4.200055629970685914e+03,1.754047848259301463e+04,5.625182413475575536e-06
3.132647631767116536e+01,4.196131185544563778e+03,1.754062224178203178e+04,3.541345597057793481e-06
3.132650431300601568e+01,4.195310793854047915e+03,1.754085583508338095e+04,2.218893777824632977e-06
3.132654658713815010e+01,4.194591272419037523e+03,1.754121762137786573e+04,1.392331326772922561e-06
3.132661022847274879e+01,4.193615961054802938e+03,1.754177448317471863e+04,8.745419651296184102e-07
3.132670601333127891e+01,4.192144752823402996e+03,1.754262265192412087e+04,5.498252032868144187e-07
3.132685008202444976e+01,4.189181369398247625e+03,1.754390644129256907e+04,3.458528937686178157e-07
3.132706524448379426e+01,4.181056143947068449e+03,1.754583202138906199e+04,2.174782051719598506e-07
3.132739061591954410e+01,4.172665139089415788e+03,1.754874850822730878e+04,1.360108450863561534e-07
3.132793773287299999e+01,4.171596841937522186e+03,1.755365034306421876e+04,8.510520678849422190e-08
3.132882027921034407e+01,4.171232405398079209e+03,1.756153097190905464e+04,5.321251117280190223e-08
3.133024402795619068e+01,4.170858185170607612e+03,1.757429711001380929e+04,3.337755026709353440e-08
3.133281803886174188e+01,4.169879635952888748e+03,1.759724607053389991e+04,2.045572802336931871e-08
3.133730952026191474e+01,4.163950622482362633e+03,1.763702200912618355e+04,1.284589295989173957e-08
3.134758037531527464e+01,4.147519826895393635e+03,1.772649736276943440e+04,8.036308981619544717e-09
3.137332141105937211e+01,4.142611969337395749e+03,1.794258649480159511e+04,8.161641205472011845e-09
3.138110251179562837e+01,4.123330586658319589e+03,1.800575151629897300e+04,1.392033957063146749e-08
3.138346204442612475e+01,4.118637342178822109e+03,1.802470836576459260e+04,2.245889012353077629e-08
3.138518251318793872e+01,4.117465058123241761e+03,1.803845655588917361e+04,3.578200475083756975e-08
3.138647554513289961e+01,4.116576233281264649e+03,1.804879455046544899e+04,5.817332195048545583e-08
3.138739466344197737e+01,4.115935119158605630e+03,1.805612211737901453e+04,9.463946151494218842e-08
3.138802317733087222e+01,4.115492458787376563e+03,1.806110448132989404e+04,1.537119846609121364e-07
3.138844823619837499e+01,4.115161151825379420e+03,1.806445748557974002e+04,2.455682888022055597e-07
3.138874239711071468e+01,4.114895374238304612e+03,1.806676764276461108e+04,3.893826007814194110e-07
3.138896125639310242e+01,4.114660162799762475e+03,1.806847469472327430e+04,6.274570387740833303e-07
3.138911842878585290e+01,4.114452766635236003e+03,1.806969100179471207e+04,1.000680632765149055e-06
3.138923748120707558e+01,4.114251149754467406e+03,1.807059843268124678e+04,1.604375893257282818e-06
3.138932442698441960e+01,4.114051120348837685e+03,1.807124518286147213e+04,2.547293550608861525e-06
3.138938884091491488e+01,4.113837343631806107e+03,1.807170751190723968e+04,4.078139900007428766e-06
3.138943399526149491e+01,4.113608312031809874e+03,1.807201034999100011e+04,6.524004034514602740e-06
3.138946363546456908e+01,4.113369513175873180e+03,1.807218830496093506e+04,1.040052833854833512e-05
3.138948207794059186e+01,4.113127928317276201e+03,1.807227633989135575e+04,1.656381024145250100e-05
3.138949278510713370e+01,4.112895991074828999e+03,1.807230688262231706e+04,2.641871651833253073e-05
3.138949872836044008e+01,4.112680080190964873e+03,1.807230508599108362e+04,4.239890911653067582e-05
3.138950185002357429e+01,4.112488744943890197e+03,1.807228711967875279e+04,6.760214153426215538e-05
3.138950351018780083e+01,4.112317789421806083e+03,1.807226376347272162e+04,1.072791846657399349e-04
3.138950443356358022e+01,4.112156891024058496e+03,1.807223682039328196e+04,1.731873341602605183e-04
3.138950491951388599e+01,4.112012550519088109e+03,1.807221166607513442e+04,2.772251201554553311e-04
3.138950518062728889e+01,4.111881547918951583e+03,1.807218830496093506e+04,4.399818597701901429e-04
3.138950532759841039e+01,4.111756931840739526e+03,1.807216494875490389e+04,7.047450286112384894e-04
3.138950539330105016e+01,4.111667395851487527e+03,1.807214877907380651e+04,1.008836167224566593e-03
3.138950541200083322e+01,4.111633365903061531e+03,1.807214159333171847e+04,1.161423853846256255e-03
3.138950543027034357e+01,4.111593834534432062e+03,1.807213440638367683e+04,1.372204388608342469e-03
3.138950544815983790e+01,4.111546112171149616e+03,1.807212546388249029e+04,1.685136778772782645e-03
3.138950546498470473e+01,4.111487931214150194e+03,1.807211483798481277e+04,2.193769693206050649e-03
3.138950548148742570e+01,4.111407167786891478e+03,1.807209890084413928e+04,3.424073434878424204e-03
3.138950549271057255e+01,4.111323136518765750e+03,1.807208296292252999e+04,5.476573014415480299e-03
3.138950550016342689e+01,4.111235808661811461e+03,1.807206702144527299e+04,8.855349646083247872e-03
3.138950550509801118e+01,4.111143930769211693e+03,1.807204931161581408e+04,1.429972061238479232e-02
3.138950550858390187e+01,4.111038676405731167e+03,1.807202983080340709e+04,2.320622611015543332e-02
3.138950551116228027e+01,4.110908687023209495e+03,1.807200503704216317e+04,3.709416509503428439e-02
3.138950551352715479e+01,4.110697082101547494e+03,1.807196430443440477e+04,5.977236655282511940e-02
3.138950551511507214e+01,4.110461504664021959e+03,1.807192002986075750e+04,9.614612812839617995e-02
3.138950551698204094e+01,4.110052488008831460e+03,1.807184740325932944e+04,1.555075929276659996e-01
3.138950551929965016e+01,4.109292171622769274e+03,1.807172163257218563e+04,2.485625018974917111e-01
3.138950552144171269e+01,4.108099153057311923e+03,1.807155514085171308e+04,3.955320061390066311e-01
3.138950552341312417e+01,4.105901514957894506e+03,1.807133015358739431e+04,6.283489068698226987e-01
3.138950553927499598e+01,3.826629138165030326e+03,1.806787548181149396e+04,6.035164308096029329e-01
3.138950555512904472e+01,3.443001818472345803e+03,1.806384733825776129e+04,7.173405029089673368e-01
3.138950556419404947e+01,3.074873407018163562e+03,1.806073665525240358e+04,1.137176316279209676e+00
3.138950557459629920e+01,2.710824766464671939e+03,1.805524675535330243e+04,7.161913859202542199e-01
3.138950558560016546e+01,2.421671772760006661e+03,1.805015257680716240e+04,4.515195287006350533e-01
3.138950560145859470e+01,2.066378003627983617e+03,1.804432557394146352e+04,3.359527222896919185e-01
3.138950561733838995e+01,1.803918741569669874e+04,1.803918741569669874e+04,3.234162650498139668e-01
3.138950563020170392e+01,9.066874802781750986e+03,1.803393562711157574e+04,5.130785577520596830e-01
3.138950563204652155e+01,9.065501437012802853e+03,1.803273872248162297e+04,8.168990800352774473e-01
3.138950563562530860e+01,9.062196448117845648e+03,1.802969242246002250e+04,5.140945552227159654e-01
3.138950564039349800e+01,9.057358145724183487e+03,1.802551220145259140e+04,3.234206663575671103e-01
3.138950565624391942e+01,9.039138354393231566e+03,1.801245795412566440e+04,3.003615896932622653e-01
3.138950567210742193e+01,9.017046982419231426e+03,1.800133736425702591e+04,3.231394793322611703e-01
3.138950568798936303e+01,8.983775299390668806e+03,1.799186048710444811e+04,3.187356690991494101e-01
3.138950570388750094e+01,8.925891626898610411e+03,1.798388453448608925e+04,3.023767114437536652e-01
3.138950571975466275e+01,8.797121395658034089e+03,1.797740450196512029e+04,2.899501440552771925e-01
3.138950573564155988e+01,1.797217589479690650e+04,1.797217589479690650e+04,3.054712767158392350e-01
3.138950575148941269e+01,1.796770351720130930e+04,1.796770351720130930e+04,4.747161303872621807e-01
3.138950575902902784e+01,1.796507442028999867e+04,1.796507442028999867e+04,7.534651953859368145e-01
3.138950577488700233e+01,1.795644650037929023e+04,1.795644650037929023e+04,6.157913217804139583e-01
3.138950579077438263e+01,1.794801795682583543e+04,1.794801795682583543e+04,4.743826854926757597e-01
3.138950580665505186e+01,1.794080162103392286e+04,1.794080162103392286e+04,3.771518386565710368e-01
3.138950582254267374e+01,1.793470643713934624e+04,1.793470643713934624e+04,2.999195380907047070e-01
3.138950583838768438e+01,1.792956057774007422e+04,1.792956057774007422e+04,2.357721463711497933e-01
3.138950585430220386e+01,1.792360590473571210e+04,1.792360590473571210e+04,1.841840974948024401e-01
3.138950587022605987e+01,1.791696968042604567e+04,1.791696968042604567e+04,1.486561811884621054e-01
3.138950588616209103e+01,1.791008171464382758e+04,1.791008171464382758e+04,1.336351710187276276e-01
3.138950590203336333e+01,1.790238190544038298e+04,1.790238190544038298e+04,2.057189253798236139e-01
3.138950591792461253e+01,1.789725450722485039e+04,1.789725450722485039e+04,2.013249166951309177e-01
3.138950593383879806e+01,1.789479951941886975e+04,1.789479951941886975e+04,1.449211357844233106e-01
3.138950594971200303e+01,1.789352072412209600e+04,1.789352072412209600e+04,9.858383234710624277e-02
3.138950596560739115e+01,1.789277469511028903e+04,1.789277469511028903e+04,6.572987142406308547e-02
3.138950598147657800e+01,1.789231796819067677e+04,1.789231796819067677e+04,4.452809118482778383e-02
3.138950599752766024e+01,1.789201564122997297e+04,1.789201564122997297e+04,3.118020992277510672e-02
3.138950601356756209e+01,1.789180607643456460e+04,1.789180607643456460e+04,2.276078945169235368e-02
3.138950602943278767e+01,1.789165488175152132e+04,1.789165488175152132e+04,1.736531272954010274e-02
3.138950604530527144e+01,1.789153973877667522e+04,1.789153973877667522e+04,1.372912774186298493e-02
3.138950606197912663e+01,1.789144519470156592e+04,1.789144519470156592e+04,1.108821912939086246e-02
3.138950607802199144e+01,1.789137133553235253e+04,1.789137133553235253e+04,9.205132129040049030e-03
3.138950609480473020e+01,1.789130778229373027e+04,1.789130778229373027e+04,7.762836548621246911e-03
3.138950611140856850e+01,1.789125444588350729e+04,1.789125444588350729e+04,6.675676775875046681e-03
3.138950612769844994e+01,1.789120978433722485e+04,1.789120978433722485e+04,5.832510836443266164e-03
3.138950614443519527e+01,1.789117027604628311e+04,1.789117027604628311e+04,5.145082119918829681e-03
3.138950616039622332e+01,1.789113754307512136e+04,1.789113754307512136e+04,4.609778279000287422e-03
3.138950617666682419e+01,1.789110662180260260e+04,1.789110662180260260e+04,4.174264303035368079e-03
3.138950619396391062e+01,1.789107741837856156e+04,1.789107741837856156e+04,3.760501490975367862e-03
3.138950621006999242e+01,1.789105336849993546e+04,1.789105336849993546e+04,3.442895050410116255e-03
3.138950622641674926e+01,1.789103103646978707e+04,1.789103103646978707e+04,3.168349916632263140e-03
3.138950624393550015e+01,1.789101031943390262e+04,1.789101031943390262e+04,2.914437640806287998e-03
3.138950626290904822e+01,1.789098798614659972e+04,1.789098798614659972e+04,2.674448511123312788e-03
3.138950627890077882e+01,1.789097091177322727e+04,1.789097091177322727e+04,2.503393717511947451e-03
3.138950629830203098e+01,1.789095352118568553e+04,1.789095352118568553e+04,2.313811695076071172e-03
3.138950631672116387e+01,1.789093644779128954e+04,1.789093644779128954e+04,2.162636292099612192e-03
3.138950633413807267e+01,1.789092259643163197e+04,1.789092259643163197e+04,2.029731166040778679e-03
3.138950635281165802e+01,1.789090724272327861e+04,1.789090724272327861e+04,1.908700011911620715e-03
3.138950637287953427e+01,1.789089338971946927e+04,1.789089338971946927e+04,1.786905583162200261e-03
3.138950638992966446e+01,1.789088147354562534e+04,1.789088147354562534e+04,1.698300584354537224e-03
3.138950640769815692e+01,1.789086944792938448e+04,1.789086944792938448e+04,1.612042236545116773e-03
3.138950642631700916e+01,1.789085902888163037e+04,1.789085902888163037e+04,1.527788272096033181e-03
3.138950644502513398e+01,1.789084872063028160e+04,1.789084872063028160e+04,1.455211451936177158e-03
3.138950646205184469e+01,1.789083852491619837e+04,1.789083852491619837e+04,1.392315481360946851e-03
3.138950648033311097e+01,1.789082982216947130e+04,1.789082982216947130e+04,1.329355193724359851e-03
3.138950650112648333e+01,1.789081951391811890e+04,1.789081951391811890e+04,1.265139690482348792e-03
3.138950652478064285e+01,1.789080920566676650e+04,1.789080920566676650e+04,1.198001117446008835e-03
3.138950654276209562e+01,1.789080061545730860e+04,1.789080061545730860e+04,1.150209136944624387e-03
3.138950655975202508e+01,1.789079374328974154e+04,1.789079374328974154e+04,1.111355545692579300e-03
3.138950657632842578e+01,1.789078687112217449e+04,1.789078687112217449e+04,1.073800154579985285e-03
3.138950659493528406e+01,1.789077999895460744e+04,1.789077999895460744e+04,1.035551019821421637e-03
3.138950662157951044e+01,1.789076969070325504e+04,1.789076969070325504e+04,9.803359286945142331e-04
