z_m,psi,kstar_m2,p_Pa,tau_Pa
0.000000000000000000e+00,8.095629761344012021e-01,9.868012747596225929e-16,7.433780038052389440e-03,6.954874576631992823e+05
1.000000000000000000e+01,8.097075957707213778e-01,9.868012716779597520e-16,1.025666826184076635e+05,6.954836235810547369e+05
2.000000000000000000e+01,8.098671871256191146e-01,9.868012544755524040e-16,2.051513524994368490e+05,6.954821822417505318e+05
3.000000000000000000e+01,8.100419745731062271e-01,9.868012231213795800e-16,3.077540737971290946e+05,6.954831279248285573e+05
4.000000000000000000e+01,8.102323353984193233e-01,9.868011772382501992e-16,4.103749152811706881e+05,6.954864648859229637e+05
5.000000000000000000e+01,8.104388323344993150e-01,9.868011161753179242e-16,5.130139456606757012e+05,6.954922147550856462e+05
6.000000000000000711e+01,8.106622768200913987e-01,9.868010390157459315e-16,6.156712335185366683e+05,6.955004183049274143e+05
7.000000000000000000e+01,8.109038546619499188e-01,9.868009443803740250e-16,7.183468479501883266e+05,6.955111487300650915e+05
8.000000000000000000e+01,8.111654629165899744e-01,9.868008300439380040e-16,8.210408580267484067e+05,6.955245301262466237e+05
9.000000000000000000e+01,8.114514873286664542e-01,9.868006910484668006e-16,9.237533333517465508e+05,7.377913577345433878e+05
9.999999999999998579e+01,8.117624139406997008e-01,9.868005242001621795e-16,1.026484343640555744e+06,8.197293833925423678e+05
1.099999999999999858e+02,8.120951380728727020e-01,9.868003358025937115e-16,1.129233958860094193e+06,9.016632577118235640e+05
1.199999999999999858e+02,8.124487879311330651e-01,9.868001280771775341e-16,1.232002249160859501e+06,9.835926412251282018e+05
1.299999999999999716e+02,8.128231353751915744e-01,9.867999021986028713e-16,1.334789284966269974e+06,1.065517078156423056e+06
1.399999999999999716e+02,8.132183106320360899e-01,9.867996588367508795e-16,1.437595136915469309e+06,1.147435841838469030e+06
1.500000000000000000e+02,8.136347034912840837e-01,9.867993983113447143e-16,1.540419875889763236e+06,1.229347836247056024e+06
1.600000000000000000e+02,8.140729223759120003e-01,9.867991207004117911e-16,1.643263573007258354e+06,1.311251478744117310e+06
1.700000000000000000e+02,8.145337737368163467e-01,9.867988258757136979e-16,1.746126299634513445e+06,1.393144546807677252e+06
1.800000000000000284e+02,8.150182456037017298e-01,9.867985135486880737e-16,1.849008127377660945e+06,1.475023943314582342e+06
1.900000000000000284e+02,8.155274835173518255e-01,9.867981833327840031e-16,1.951909128093964187e+06,1.556885352866632398e+06
2.000000000000000284e+02,8.160627464418617194e-01,9.867978348019530940e-16,2.054829373882622458e+06,1.638722690599442692e+06
2.100000000000000568e+02,8.166253280251811741e-01,9.867974676257732648e-16,2.157768937095567584e+06,1.720527270973848412e+06
2.200000000000000568e+02,8.172164276996911614e-01,9.867970817078936362e-16,2.260727890326974913e+06,1.802286524034828180e+06
2.300000000000000568e+02,8.178369578296316167e-01,9.867966774223979659e-16,2.363706306422628462e+06,1.883982073979995446e+06
2.400000000000000853e+02,8.184872769300342021e-01,9.867962558751236982e-16,2.466704258466945030e+06,1.965586898119672202e+06
2.500000000000000568e+02,8.191668449853346523e-01,9.867958192519383344e-16,2.569721819789906032e+06,2.047061180768457241e+06
2.600000000000000568e+02,8.198738040186993592e-01,9.867953712085442022e-16,2.672759063952447381e+06,2.128346263728258666e+06
2.700000000000000568e+02,8.206044928494937718e-01,9.867949173360462154e-16,2.775816064741643146e+06,2.209355684624364134e+06
2.800000000000000568e+02,8.213529067067800726e-01,9.867944656915365635e-16,2.878892896158517804e+06,2.289961507803638931e+06
2.900000000000001137e+02,8.221101079037078652e-01,9.867940274326390409e-16,2.981989632405322511e+06,2.369972322956291027e+06
3.000000000000001137e+02,8.228635827261243652e-01,9.867936175820217600e-16,3.085106347865784541e+06,2.449095381986258086e+06
3.100000000000001137e+02,8.235965280012371714e-01,9.867932559766198713e-16,3.188243117083873600e+06,2.526865808765824884e+06
3.200000000000001137e+02,8.242870722872541744e-01,9.867929684010379764e-16,3.291400014733116608e+06,2.602501977219500113e+06
3.300000000000001137e+02,8.249076609528767090e-01,9.867927875999272770e-16,3.394577115582620259e+06,2.674587749535375275e+06
3.400000000000001137e+02,8.254261064249603930e-01,9.867927522012860884e-16,3.497774494456348941e+06,2.740415076608940959e+06
3.500000000000001705e+02,8.258161796749596828e-01,9.867928933268550881e-16,3.600992226229152642e+06,2.796259299157033209e+06
3.600000000000001705e+02,8.260910224775178667e-01,9.867931918006669428e-16,3.704230385980132967e+06,2.844465617692809086e+06
3.700000000000001705e+02,8.262999142017785070e-01,9.867935826210670284e-16,3.807489049271248281e+06,2.892955941224456299e+06
3.800000000000001705e+02,8.264787320552112737e-01,9.867940187463030757e-16,3.910768292225209996e+06,2.944624543357837945e+06
3.900000000000001705e+02,8.266434078476250225e-01,9.867944791746866105e-16,4.014068191399461590e+06,2.998997649246016052e+06
4.000000000000001705e+02,8.268007227979687901e-01,9.867949548329112754e-16,4.117388823681520298e+06,3.055298665966689587e+06
4.100000000000001705e+02,8.269538505878106793e-01,9.867954413530664656e-16,4.220730266249633394e+06,3.112979029060486704e+06
4.200000000000002274e+02,8.271044281004388266e-01,9.867959363778454836e-16,4.324092596555218101e+06,3.171676241828138474e+06
4.300000000000002274e+02,8.272533680590685723e-01,9.867964385015169317e-16,4.427475892318067141e+06,3.231145907790338155e+06
4.400000000000002274e+02,8.274012115259135047e-01,9.867969468080519770e-16,4.530880231521525420e+06,3.291217765395005234e+06
4.500000000000002274e+02,8.275482953155475219e-01,9.867974606558860195e-16,4.634305692413051613e+06,3.351769334510009270e+06
4.600000000000002274e+02,8.276948376437452959e-01,9.867979795611234971e-16,4.737752353501873091e+06,3.412709971801668871e+06
4.700000000000002274e+02,8.278409846524933391e-01,9.867985031420430979e-16,4.841220293560835533e+06,3.473970949319147039e+06
4.800000000000002842e+02,8.279868370024809909e-01,9.867990310782643480e-16,4.944709591624702327e+06,3.535498999044928700e+06
4.900000000000002842e+02,8.281324657312361115e-01,9.867995630953098009e-16,5.048220326992460527e+06,3.597252127573656384e+06
5.000000000000002274e+02,8.282779220261051734e-01,9.868000989467677087e-16,5.151752579226066358e+06,3.659196663185049780e+06
5.100000000000002274e+02,8.284232434709709603e-01,9.868006384101376838e-16,5.255306428152030334e+06,3.721305245632946491e+06
5.200000000000002274e+02,8.285684581048623487e-01,9.868011812778021854e-16,5.358881953861115500e+06,3.783555364295890089e+06
5.300000000000002274e+02,8.287135871593580561e-01,9.868017273561903275e-16,5.462479236709757708e+06,3.845928285276212730e+06
5.400000000000002274e+02,8.288586469502124965e-01,9.868022764608096324e-16,5.566098357319745235e+06,3.908408304050568491e+06
5.500000000000002274e+02,8.290036501254920420e-01,9.868028284165584200e-16,5.669739396579694003e+06,3.970982078638994135e+06
5.600000000000002274e+02,8.291486066231869012e-01,9.868033830541615367e-16,5.773402435644721612e+06,4.033638223007984459e+06
5.700000000000002274e+02,8.292935243459084171e-01,9.868039402114713844e-16,5.877087555937955156e+06,4.096366958728828933e+06
5.800000000000003411e+02,8.294384095901197185e-01,9.868044997305453882e-16,5.980794839150197804e+06,4.159159780096260365e+06
5.900000000000003411e+02,8.295832674643746074e-01,9.868050614587103666e-16,6.084524367241445929e+06,4.222009295203272253e+06
6.000000000000003411e+02,8.297281021189731876e-01,9.868056252468017944e-16,6.188276222440574318e+06,4.284909010955729522e+06
6.100000000000003411e+02,8.298729169532530481e-01,9.868061909494706693e-16,6.292050487246858887e+06,4.347853203578895889e+06
6.200000000000003411e+02,8.300177147888774254e-01,9.868067584245277714e-16,6.395847244429631159e+06,4.410836798157450743e+06
6.300000000000003411e+02,8.301624979496086132e-01,9.868073275327778051e-16,6.499666577029832639e+06,4.473855263919402845e+06
6.400000000000003411e+02,8.303072683909501484e-01,9.868078981379679259e-16,6.603508568359656259e+06,4.536904550908068195e+06
6.500000000000003411e+02,8.304520277537110751e-01,9.868084701063355261e-16,6.707373302004118450e+06,4.599981008287672885e+06
6.600000000000003411e+02,8.305967774310942797e-01,9.868090433069644054e-16,6.811260861820713617e+06,4.663081343784609810e+06
6.700000000000003411e+02,8.307415185972546467e-01,9.868096176114629154e-16,6.915171331940905191e+06,4.726202561227463186e+06
6.800000000000003411e+02,8.308862522653643889e-01,9.868101928941597947e-16,7.019104796769843437e+06,4.789341931416374631e+06
6.900000000000003411e+02,8.310309792926148242e-01,9.868107690318247148e-16,7.123061340987860225e+06,4.852496947408312000e+06
7.000000000000004547e+02,8.311757004238287116e-01,9.868113459039633138e-16,7.227041049550156109e+06,4.915665313419322483e+06
7.100000000000004547e+02,8.313204163028529159e-01,9.868119233924564902e-16,7.331044007688307203e+06,4.978844889114867896e+06
7.200000000000004547e+02,8.314651274867528308e-01,9.868125013818027802e-16,7.435070300909955055e+06,5.042033710259618238e+06
7.300000000000004547e+02,8.316098344618834126e-01,9.868130797588004466e-16,7.539120015000283718e+06,5.105229928273371421e+06
7.400000000000004547e+02,8.317545376630707255e-01,9.868136584128052394e-16,7.643193236021744087e+06,5.168431822131501511e+06
7.500000000000004547e+02,8.318992374464461159e-01,9.868142372353422759e-16,7.747290050315509550e+06,5.231637763342872262e+06
7.600000000000004547e+02,8.320439341552774426e-01,9.868148161202740685e-16,7.851410544501193799e+06,5.294846220664872788e+06
7.700000000000004547e+02,8.321886280751842335e-01,9.868153949634120104e-16,7.955554805478316732e+06,5.358055739025680348e+06
7.800000000000004547e+02,8.323333194595464724e-01,9.868159736623574201e-16,8.059722920426002704e+06,5.421264927905240096e+06
7.900000000000004547e+02,8.324780085390790507e-01,9.868165521153596653e-16,8.163914976804477163e+06,5.484472445879051462e+06
8.000000000000004547e+02,8.326226955217466141e-01,9.868171302211491218e-16,8.268131062354749069e+06,5.547677021552255377e+06
8.100000000000004547e+02,8.327673805847344290e-01,9.868177078784654345e-16,8.372371265100126155e+06,5.610877410641688854e+06
8.200000000000004547e+02,8.329120638867988369e-01,9.868182849867574341e-16,8.476635673345893621e+06,5.674072396244975738e+06
8.300000000000005684e+02,8.330567455851912717e-01,9.868188614466377185e-16,8.580924375680807978e+06,5.737260802307414822e+06
8.400000000000005684e+02,8.332014257969521109e-01,9.868194371603230342e-16,8.685237460976781324e+06,5.800441458362932317e+06
8.500000000000005684e+02,8.333461046557363305e-01,9.868200120319186606e-16,8.789575018390363082e+06,5.863613223906807601e+06
8.600000000000005684e+02,8.334907822610946315e-01,9.868205859675677022e-16,8.893937137362401932e+06,5.926774947152789682e+06
8.700000000000005684e+02,8.336354587044507714e-01,9.868211588754013902e-16,8.998323907619543374e+06,5.989925477892462164e+06
8.800000000000005684e+02,8.337801340886830115e-01,9.868217306655556484e-16,9.102735419173872098e+06,6.053063674055302516e+06
8.900000000000005684e+02,8.339248084796163640e-01,9.868223012499105722e-16,9.207171762324422598e+06,6.116188346324178390e+06
9.000000000000005684e+02,8.340694819633767132e-01,9.868228705420062175e-16,9.311633027656817809e+06,6.179298320214402862e+06
9.100000000000005684e+02,8.342141545996268892e-01,9.868234384565511406e-16,9.416119306044775993e+06,6.242392345581640489e+06
9.200000000000005684e+02,8.343588264530805709e-01,9.868240049091242082e-16,9.520630688649745658e+06,6.305469155111166649e+06
9.300000000000005684e+02,8.345034975827042567e-01,9.868245698151230466e-16,9.625167266922412440e+06,6.368527404902865179e+06
9.400000000000005684e+02,8.346481680417892068e-01,9.868251330885097522e-16,9.729729132602354512e+06,6.431565667592571117e+06
9.500000000000005684e+02,8.347928378749626122e-01,9.868256946390891247e-16,9.834316377719560638e+06,6.494582400850927457e+06
9.600000000000006821e+02,8.349375071337616916e-01,9.868262543693301487e-16,9.938929094594100490e+06,6.557575935395220295e+06
9.700000000000006821e+02,8.350821758546148610e-01,9.868268121715842735e-16,1.004356737583773024e+07,6.620544353964734823e+06
9.800000000000006821e+02,8.352268440935475269e-01,9.868273679249439715e-16,1.014823131435357034e+07,6.683485432927670889e+06
9.900000000000006821e+02,8.353715118869463607e-01,9.868279214868048846e-16,1.025292100333770365e+07,6.746396368174687959e+06
1.000000000000000682e+03,8.355161792748615479e-01,9.868284726647723184e-16,1.035763653627908602e+07,6.809273129154628143e+06
1.010000000000000682e+03,8.356608462842964880e-01,9.868290210352804260e-16,1.046237800696215965e+07,6.872118024790175259e+06
1.020000000000000682e+03,8.358055129475941980e-01,9.868295668859482878e-16,1.056714550946475379e+07,6.934925584646251984e+06
1.030000000000000682e+03,8.359501792808392562e-01,9.868301102834612744e-16,1.067193913815763965e+07,6.997697012250572443e+06
1.040000000000000682e+03,8.360948452964150901e-01,9.868306512504277449e-16,1.077675898770532757e+07,7.060432549728588201e+06
1.050000000000000682e+03,8.362395110124507536e-01,9.868311897933686208e-16,1.088160515306767076e+07,7.123132048071295023e+06
1.060000000000000682e+03,8.363841764425323788e-01,9.868317259123793542e-16,1.098647772949958406e+07,7.185795111119440757e+06
1.070000000000000682e+03,8.365288416024225793e-01,9.868322596053530949e-16,1.109137681255250983e+07,7.248421234901444986e+06
1.080000000000000682e+03,8.366735065058961140e-01,9.868327908703675861e-16,1.119630249807408266e+07,7.311009797421082854e+06
1.090000000000000682e+03,8.368181711765285691e-01,9.868333197069856016e-16,1.130125488220955618e+07,7.373560121769000776e+06
1.100000000000000682e+03,8.369628356145784043e-01,9.868338461171664747e-16,1.140623406140140817e+07,7.436071473851365037e+06
1.110000000000000682e+03,8.371074998450618310e-01,9.868343701062121395e-16,1.151124013239076734e+07,7.498543064969276078e+06
1.120000000000000682e+03,8.372521638707517422e-01,9.868348916832698326e-16,1.161627319221702404e+07,7.560974074188015424e+06
1.130000000000000682e+03,8.373968277156148554e-01,9.868354108623885752e-16,1.172133333821920864e+07,7.623363640611794777e+06
1.140000000000000682e+03,8.375414913831926711e-01,9.868359276630761086e-16,1.182642066803561524e+07,7.685710875536604784e+06
1.150000000000000909e+03,8.376861548850242922e-01,9.868364421108587883e-16,1.193153527960515395e+07,7.748014850153748877e+06
1.160000000000000909e+03,8.378308182336626775e-01,9.868369542367913071e-16,1.203667727116694301e+07,7.810274617127227597e+06
1.170000000000000909e+03,8.379754814362088133e-01,9.868374640741184331e-16,1.214184674126169086e+07,7.872489189063175581e+06
1.180000000000000909e+03,8.381201445077273160e-01,9.868379716476827766e-16,1.224704378873131610e+07,7.934657556867946871e+06
1.190000000000000909e+03,8.382648074481758860e-01,9.868384769574661938e-16,1.235226851272050291e+07,7.996778676538421772e+06
1.200000000000000909e+03,8.384094702794200327e-01,9.868389799705988229e-16,1.245752101267651655e+07,8.058851478651392274e+06
1.210000000000000909e+03,8.385541329964809609e-01,9.868394806270280359e-16,1.256280138835084997e+07,8.120874856680237688e+06
1.220000000000000909e+03,8.386987956168514557e-01,9.868399788499489546e-16,1.266810973979899473e+07,8.182847681848560460e+06
1.230000000000000909e+03,8.388434581423594993e-01,9.868404745523902557e-16,1.277344616738195904e+07,8.244768781925508752e+06
1.240000000000000909e+03,8.389881205810105769e-01,9.868409676415951103e-16,1.287881077176591754e+07,8.306636958840318955e+06
1.250000000000000909e+03,8.391327829492225554e-01,9.868414580213522675e-16,1.298420365392368473e+07,8.368450978459879756e+06
1.260000000000000909e+03,8.392774452378970462e-01,9.868419455936861888e-16,1.308962491513430886e+07,8.430209569625241682e+06
1.270000000000000909e+03,8.394221074673753336e-01,9.868424302596804220e-16,1.319507465698451363e+07,8.491911424596514553e+06
1.280000000000000909e+03,8.395667696398740887e-01,9.868429119205930505e-16,1.330055298136827536e+07,8.553555186240170151e+06
1.290000000000000909e+03,8.397114317555156582e-01,9.868433904782528984e-16,1.340605999048827402e+07,8.615139469332247972e+06
1.300000000000000909e+03,8.398560938261979691e-01,9.868438658359651430e-16,1.351159578685553186e+07,8.676662838118389249e+06
1.310000000000000909e+03,8.400007558648220352e-01,9.868443378986886113e-16,1.361716047329049744e+07,8.738123818674642593e+06
1.320000000000000909e+03,8.401454178646301507e-01,9.868448065736538526e-16,1.372275415292303078e+07,8.799520878418607637e+06
1.330000000000000909e+03,8.402900798358101664e-01,9.868452717707595407e-16,1.382837692919339053e+07,8.860852440464910120e+06
1.340000000000000909e+03,8.404347417863030634e-01,9.868457334025823353e-16,1.393402890585216507e+07,8.922116877962432802e+06
1.350000000000000909e+03,8.405794037145317699e-01,9.868461913850837008e-16,1.403971018696124107e+07,8.983312507213827223e+06
1.360000000000000909e+03,8.407240656333360151e-01,9.868466456370827503e-16,1.414542087689374760e+07,9.044437580696914345e+06
1.370000000000000909e+03,8.408687275459820754e-01,9.868470960808224505e-16,1.425116108033504337e+07,9.105490296319073066e+06
1.380000000000000909e+03,8.410133894550023692e-01,9.868475426417617567e-16,1.435693090228261799e+07,9.166468789614675567e+06
1.390000000000000909e+03,8.411580513677225923e-01,9.868479852484724694e-16,1.446273044804706797e+07,9.227371114998964593e+06
1.400000000000000909e+03,8.413027132866124358e-01,9.868484238326924823e-16,1.456855982325198315e+07,9.288195277127716690e+06
1.410000000000001137e+03,8.414473752157688446e-01,9.868488583292108060e-16,1.467441913383496739e+07,9.348939174824882299e+06
1.420000000000001137e+03,8.415920371668326183e-01,9.868492886758263495e-16,1.478030848604746722e+07,9.409600649296242744e+06
1.430000000000001137e+03,8.417366991361985296e-01,9.868497148132327474e-16,1.488622798645579629e+07,9.470177456981772557e+06
1.440000000000001137e+03,8.418813611276976250e-01,9.868501366850524773e-16,1.499217774194098264e+07,9.530667243651766330e+06
1.450000000000001137e+03,8.420260231598386547e-01,9.868505542377382527e-16,1.509815785969977267e+07,9.591067584414297715e+06
1.460000000000001137e+03,8.421706852245913755e-01,9.868509674207651101e-16,1.520416844724442810e+07,9.651375931248204783e+06
1.470000000000001137e+03,8.423153473251875356e-01,9.868513761862809445e-16,1.531020961240378767e+07,9.711589640002395958e+06
1.480000000000001137e+03,8.424600094703871278e-01,9.868517804895821915e-16,1.541628146332303248e+07,9.771705946036227047e+06
1.490000000000001137e+03,8.426046716649309154e-01,9.868521802886864626e-16,1.552238410846470669e+07,9.831721969264475629e+06
1.500000000000001137e+03,8.427493339174434439e-01,9.868525755446735302e-16,1.562851765660852194e+07,9.891634684789488092e+06
1.510000000000001137e+03,8.428939962212893544e-01,9.868529662215616733e-16,1.573468221685236320e+07,9.951440948270637542e+06
1.520000000000001137e+03,8.430386585854648951e-01,9.868533522861948711e-16,1.584087789861205965e+07,1.001113744127201475e+07
1.530000000000001137e+03,8.431833210225857522e-01,9.868537337084768965e-16,1.594710481162237562e+07,1.007072071388306469e+07
1.540000000000001137e+03,8.433279835291331850e-01,9.868541104611468862e-16,1.605336306593682431e+07,1.013018712080565840e+07
1.550000000000001137e+03,8.434726461080728210e-01,9.868544825198343629e-16,1.615965277192859538e+07,1.018953283961787447e+07
1.560000000000001137e+03,8.436173087715670427e-01,9.868548498629328210e-16,1.626597404029037431e+07,1.024875386514119618e+07
1.570000000000001137e+03,8.437619715164901280e-01,9.868552124717716976e-16,1.637232698203531839e+07,1.030784595435980894e+07
1.580000000000001137e+03,8.439066343521685054e-01,9.868555703303690653e-16,1.647871170849677734e+07,1.036680467042563856e+07
1.590000000000001137e+03,8.440512972772893363e-01,9.868559234256438353e-16,1.658512833132930100e+07,1.042562528993241489e+07
1.600000000000001137e+03,8.441959603103023069e-01,9.868562717472362919e-16,1.669157696250835434e+07,1.048430285393250920e+07
1.610000000000001137e+03,8.443406234389131404e-01,9.868566152877179290e-16,1.679805771433132514e+07,1.054283210475172475e+07
1.620000000000001137e+03,8.444852866772811772e-01,9.868569540423048970e-16,1.690457069941721857e+07,1.060120746995420195e+07
1.630000000000001137e+03,8.446299500282392625e-01,9.868572880089788951e-16,1.701111603070763871e+07,1.065942304243953526e+07
1.640000000000001137e+03,8.447746134966056530e-01,9.868576171885013715e-16,1.711769382146653906e+07,1.071747254001460038e+07
1.650000000000001137e+03,8.449192770848191758e-01,9.868579415842309013e-16,1.722430418528110161e+07,1.077534928697536886e+07
1.660000000000001364e+03,8.450639408072975201e-01,9.868582612021070157e-16,1.733094723606151715e+07,1.083304616586757824e+07
1.670000000000001364e+03,8.452086046574147638e-01,9.868585760507955487e-16,1.743762308804188296e+07,1.089055557470049523e+07
1.680000000000001364e+03,8.453532686497254867e-01,9.868588861411888947e-16,1.754433185577995330e+07,1.094786937543181702e+07
1.690000000000001364e+03,8.454979327879548201e-01,9.868591914867935355e-16,1.765107365415805951e+07,1.100497887854205444e+07
1.700000000000001364e+03,8.456425970677665660e-01,9.868594921033999027e-16,1.775784859838277847e+07,1.106187471919126809e+07
1.710000000000001364e+03,8.457872615099610858e-01,9.868597880089512293e-16,1.786465680398589373e+07,1.111854685671589151e+07
1.720000000000001364e+03,8.459319261149003122e-01,9.868600792234092460e-16,1.797149838682405278e+07,1.117498444513307326e+07
1.730000000000001364e+03,8.460765908781948674e-01,9.868603657685307366e-16,1.807837346307971701e+07,1.123117577965170518e+07
1.740000000000001364e+03,8.462212558259278872e-01,9.868606476679787672e-16,1.818528214926083013e+07,1.128710819189835340e+07
1.750000000000001364e+03,8.463659209488350044e-01,9.868609249472189511e-16,1.829222456220170483e+07,1.134276791163240187e+07
1.760000000000001364e+03,8.465105862595336816e-01,9.868611976337152836e-16,1.839920081906274706e+07,1.139813997039567865e+07
1.770000000000001364e+03,8.466552517657592869e-01,9.868614657570330881e-16,1.850621103733130544e+07,1.145320802169796824e+07
1.780000000000001364e+03,8.467999174778582105e-01,9.868617293487810349e-16,1.861325533482132480e+07,1.150795419160406478e+07
1.790000000000001364e+03,8.469445833913472610e-01,9.868619884426346101e-16,1.872033382967428491e+07,1.156235881916525215e+07
1.800000000000001364e+03,8.470892495276475254e-01,9.868622430744177622e-16,1.882744664035879076e+07,1.161640028795827180e+07
1.810000000000001364e+03,8.472339158844379714e-01,9.868624932820889004e-16,1.893459388567147031e+07,1.167005467610546201e+07
1.820000000000001364e+03,8.473785824816102430e-01,9.868627391060690601e-16,1.904177568473662436e+07,1.172329545651273057e+07
1.830000000000001364e+03,8.475232493188374905e-01,9.868629805892495949e-16,1.914899215700706095e+07,1.177609306456952542e+07
1.840000000000001364e+03,8.476679164113749554e-01,9.868632177774536599e-16,1.925624342226373032e+07,1.182841444187905639e+07
1.850000000000001364e+03,8.478125837686063537e-01,9.868634507195371858e-16,1.936352960061654821e+07,1.188022243586122058e+07
1.860000000000001364e+03,8.479572514040671916e-01,9.868636794677839012e-16,1.947085081250401586e+07,1.193147508934562467e+07
1.870000000000001364e+03,8.481019193241403631e-01,9.868639040782498678e-16,1.957820717869402468e+07,1.198212481735053845e+07
1.880000000000001364e+03,8.482465875456572935e-01,9.868641246111117618e-16,1.968559882028349116e+07,1.203211729832527786e+07
1.890000000000001364e+03,8.483912560863338115e-01,9.868643411316608394e-16,1.979302585869909450e+07,1.208139025774004310e+07
1.900000000000001364e+03,8.485359249480745047e-01,9.868645537111679224e-16,1.990048841569688916e+07,1.212987183712664619e+07
1.910000000000001364e+03,8.486805941540033205e-01,9.868647624287549707e-16,2.000798661336299777e+07,1.217747867220496945e+07
1.920000000000001592e+03,8.488252637197186701e-01,9.868649673744661180e-16,2.011552057411323860e+07,1.222411361167671345e+07
1.930000000000001592e+03,8.489699336644848104e-01,9.868651686533592957e-16,2.022309042069365457e+07,1.226966297739445791e+07
1.940000000000001592e+03,8.491146039952819358e-01,9.868653663923588709e-16,2.033069627617976442e+07,1.231399370059044473e+07
1.950000000000001592e+03,8.492592747343358228e-01,9.868655607510727039e-16,2.043833826397792250e+07,1.235695104486499913e+07
1.960000000000001592e+03,8.494039458818467558e-01,9.868657519396811472e-16,2.054601650782340020e+07,1.239835930506812595e+07
1.970000000000001592e+03,8.495486174193945805e-01,9.868659402511288813e-16,2.065373113178152964e+07,1.243803278781640902e+07
1.980000000000001592e+03,8.496932892786219771e-01,9.868661261250753044e-16,2.076148226024517044e+07,1.247582236577649973e+07
1.990000000000001592e+03,8.498379612484987522e-01,9.868663102979887302e-16,2.086927001793445647e+07,1.251180067511293106e+07
2.000000000000001364e+03,8.499826325250755543e-01,9.868664942526706891e-16,2.097709452989071235e+07,1.254710253751587123e+07
2.010000000000001137e+03,8.501272980941317892e-01,9.868666830428512853e-16,2.108495592145220935e+07,1.259099107392969169e+07
2.020000000000000909e+03,8.502719617777549921e-01,9.868668728052246528e-16,2.119285431828208268e+07,1.263773574598369747e+07
2.030000000000000682e+03,8.504166244094113480e-01,9.868670624517981698e-16,2.130078984640457109e+07,1.268606896195795015e+07
2.040000000000000455e+03,8.505612863373418486e-01,9.868672514855389788e-16,2.140876263218287379e+07,1.273546138834834844e+07
2.050000000000000455e+03,8.507059477490402921e-01,9.868674396754175282e-16,2.151677280231721699e+07,1.278562882672039978e+07
2.060000000000000000e+03,8.508506087692816466e-01,9.868676269460011632e-16,2.162482048384130746e+07,1.283639440329733677e+07
2.070000000000000000e+03,8.509952694665907647e-01,9.868678133251621146e-16,2.173290580412292108e+07,1.288763803531358577e+07
2.079999999999999545e+03,8.511399299065351975e-01,9.868679989101919782e-16,2.184102889086148515e+07,1.293927336594637856e+07
2.089999999999999545e+03,8.512845901258647707e-01,9.868681838411064650e-16,2.194918987208922952e+07,1.299123559160537831e+07
2.099999999999999091e+03,8.514292501599398655e-01,9.868683682769221842e-16,2.205738887616933882e+07,1.304347456195453741e+07
2.109999999999999091e+03,8.515739100337209599e-01,9.868685523755633697e-16,2.216562603179759532e+07,1.309595044174087048e+07
2.119999999999998636e+03,8.517185697662483790e-01,9.868687362783441975e-16,2.227390146800085902e+07,1.314863098281001858e+07
2.129999999999998636e+03,8.518632293772432362e-01,9.868689201016094238e-16,2.238221531413904577e+07,1.320148961525596492e+07
2.139999999999998181e+03,8.520078888752146140e-01,9.868691039351767790e-16,2.249056769990379363e+07,1.325450415094629675e+07
2.149999999999998181e+03,8.521525482768894655e-01,9.868692878456379566e-16,2.259895875532045588e+07,1.330765585133592412e+07
2.159999999999997726e+03,8.522972075870642872e-01,9.868694718816412197e-16,2.270738861074667796e+07,1.336092871547452733e+07
2.169999999999997726e+03,8.524418668223339157e-01,9.868696560788949487e-16,2.281585739687433839e+07,1.341430896420080215e+07
2.179999999999997272e+03,8.525865259828296905e-01,9.868698404641594750e-16,2.292436524472795054e+07,1.346778465549035184e+07
2.189999999999997272e+03,8.527311850761482015e-01,9.868700250578810871e-16,2.303291228566655889e+07,1.352134533393891342e+07
2.199999999999997272e+03,8.528758441109887123e-01,9.868702098762059929e-16,2.314149865138208866e+07,1.357498184195807576e+07
2.209999999999996817e+03,8.530205030857341830e-01,9.868703949320939937e-16,2.325012447390113771e+07,1.362868606527081691e+07
2.219999999999996817e+03,8.531651620110834999e-01,9.868705802361227282e-16,2.335878988558326289e+07,1.368245081565678306e+07
2.229999999999996362e+03,8.533098208891733982e-01,9.868707657966931706e-16,2.346749501912277937e+07,1.373626968863319978e+07
2.239999999999996362e+03,8.534544797181417009e-01,9.868709516202014051e-16,2.357624000754707679e+07,1.379013693810984492e+07
2.249999999999995907e+03,8.535991385039021218e-01,9.868711377107974318e-16,2.368502498421832174e+07,1.384404741652999446e+07
2.259999999999995907e+03,8.537437972563317601e-01,9.868713240699603648e-16,2.379385008283174410e+07,1.389799649174891971e+07
2.269999999999995453e+03,8.538884559664394747e-01,9.868715106957965434e-16,2.390271543741752952e+07,1.395197995964377932e+07
2.279999999999995453e+03,8.540331146446880073e-01,9.868716975822565880e-16,2.401162118233887851e+07,1.400599403173893131e+07
2.289999999999994998e+03,8.541777732884722196e-01,9.868718847183110396e-16,2.412056745229403675e+07,1.406003524983759969e+07
2.299999999999994998e+03,8.543224318987976407e-01,9.868720720866353297e-16,2.422955438231425732e+07,1.411410047029873915e+07
2.309999999999994543e+03,8.544670904816920043e-01,9.868722596625927403e-16,2.433858210776588321e+07,1.416818683215906285e+07
2.319999999999994543e+03,8.546117490350928492e-01,9.868724474131645123e-16,2.444765076434838772e+07,1.422229170521665923e+07
2.329999999999994088e+03,8.547564075649742854e-01,9.868726352962065407e-16,2.455676048809636384e+07,1.427641268876937218e+07
2.339999999999994088e+03,8.549010660646632065e-01,9.868728232597220450e-16,2.466591141537764668e+07,1.433054756760087982e+07
2.349999999999994088e+03,8.550457245394336159e-01,9.868730112418696550e-16,2.477510368289531767e+07,1.438469430811204202e+07
2.359999999999993634e+03,8.551903829925922018e-01,9.868731991717499052e-16,2.488433742768573761e+07,1.443885103279043362e+07
2.369999999999993634e+03,8.553350414235625365e-01,9.868733869704279930e-16,2.499361278712055832e+07,1.449301600467127562e+07
2.379999999999993179e+03,8.554796998310794098e-01,9.868735745534044907e-16,2.510292989890470356e+07,1.454718761212387308e+07
2.389999999999993179e+03,8.556243582173962414e-01,9.868737618333166032e-16,2.521228890107833594e+07,1.460136437005183659e+07
2.399999999999992724e+03,8.557690165850141417e-01,9.868739487233239580e-16,2.532168993201476336e+07,1.465554488339501433e+07
2.409999999999992724e+03,8.559136749347555639e-01,9.868741351411369243e-16,2.543113313042232394e+07,1.470972784639434889e+07
2.419999999999992269e+03,8.560583332611817475e-01,9.868743210120466273e-16,2.554061863534219936e+07,1.476391205849663541e+07
2.429999999999992269e+03,8.562029915673983194e-01,9.868745062720320742e-16,2.565014658615002409e+07,1.481809636787977442e+07
2.439999999999991815e+03,8.563476498615045784e-01,9.868746908686249428e-16,2.575971712255387753e+07,1.487227971780457720e+07
2.449999999999991815e+03,8.564923081367312729e-01,9.868748747602861845e-16,2.586933038459569961e+07,1.492646108594381623e+07
2.459999999999991360e+03,8.566369663906145959e-01,9.868750579123838195e-16,2.597898651264927536e+07,1.498063951251214743e+07
2.469999999999991360e+03,8.567816246337038866e-01,9.868752402899632237e-16,2.608868564742182195e+07,1.503481408468968794e+07
2.479999999999990905e+03,8.569262828571264645e-01,9.868754218463977875e-16,2.619842792995208502e+07,1.508898392355651595e+07
2.489999999999990905e+03,8.570709410642143311e-01,9.868756025067650517e-16,2.630821350161216035e+07,1.514314817389396951e+07
2.499999999999990450e+03,8.572155992592604967e-01,9.868757821449531763e-16,2.641804250410603359e+07,1.519730600532242097e+07
2.509999999999990450e+03,8.573602574385412733e-01,9.868759605525614788e-16,2.652791507947176322e+07,1.525145658104067668e+07
2.519999999999990450e+03,8.575049156003289319e-01,9.868761373957055673e-16,2.663783137008101866e+07,1.530559903836988844e+07
2.529999999999989996e+03,8.576495737497847882e-01,9.868763121569518524e-16,2.674779151864232495e+07,1.535973249124235101e+07
2.539999999999989996e+03,8.577942318867392002e-01,9.868764840605538472e-16,2.685779566820190474e+07,1.541385593391350657e+07
2.549999999999989541e+03,8.579388900092260739e-01,9.868766519975024919e-16,2.696784396214888245e+07,1.546796825744794309e+07
2.559999999999989541e+03,8.580835481187509828e-01,9.868768145229069392e-16,2.707793654421780258e+07,1.552206821598127671e+07
2.569999999999989086e+03,8.582282062168034020e-01,9.868769700737868225e-16,2.718807355849309638e+07,1.557615460702596791e+07
2.579999999999989086e+03,8.583728643041643736e-01,9.868771174298376273e-16,2.729825514940557256e+07,1.563022654221556149e+07
2.589999999999988631e+03,8.585175223764216490e-01,9.868772561373740086e-16,2.740848146172918752e+07,1.568428371294433624e+07
2.599999999999988631e+03,8.586621804384577672e-01,9.868773867007731189e-16,2.751875264056548476e+07,1.573832650262766145e+07
2.609999999999988177e+03,8.588068384893836615e-01,9.868775106254077712e-16,2.762906883133536577e+07,1.579235595924846269e+07
2.619999999999988177e+03,8.589514965247870837e-01,9.868776304123778343e-16,2.773943017976131663e+07,1.584637379477055185e+07
2.629999999999987722e+03,8.590961545468521754e-01,9.868777490358190829e-16,2.784983683186108246e+07,1.590038175647210330e+07
2.639999999999987722e+03,8.592408125581337819e-01,9.868778678233069151e-16,2.796028893395010009e+07,1.595438057470476814e+07
2.649999999999987267e+03,8.593854705533561233e-01,9.868779869890354075e-16,2.807078663266473264e+07,1.600837003679919057e+07
2.659999999999987267e+03,8.595301285353431631e-01,9.868781065757334082e-16,2.818133007496786490e+07,1.606234981926175393e+07
2.669999999999987267e+03,8.596747865053743221e-01,9.868782265972643590e-16,2.829191940814442933e+07,1.611631958005778491e+07
2.679999999999986812e+03,8.598194444620270716e-01,9.868783470588108786e-16,2.840255477980907634e+07,1.617027897231570072e+07
2.689999999999986812e+03,8.599641024079514029e-01,9.868784679623528107e-16,2.851323633789857477e+07,1.622422766800465249e+07
2.699999999999986358e+03,8.601087603389130365e-01,9.868785893084808150e-16,2.862396423067973182e+07,1.627816533036161587e+07
2.709999999999986358e+03,8.602534182599592683e-01,9.868787110968452288e-16,2.873473860673831403e+07,1.633209164004215226e+07
2.719999999999985903e+03,8.603980761647604947e-01,9.868788333268463207e-16,2.884555961499053985e+07,1.638600628736263141e+07
2.729999999999985903e+03,8.605427340560209970e-01,9.868789559976307403e-16,2.895642740466995910e+07,1.643990895166490600e+07
2.739999999999985448e+03,8.606873919396558215e-01,9.868790791082715761e-16,2.906734212533264235e+07,1.649379933930735104e+07
2.749999999999985448e+03,8.608320498061330373e-01,9.868792026576301074e-16,2.917830392686650530e+07,1.654767714956893399e+07
2.759999999999984993e+03,8.609767076645233885e-01,9.868793266446689821e-16,2.928931295947249234e+07,1.660154209046243504e+07
2.769999999999984993e+03,8.611213655085891983e-01,9.868794510683072635e-16,2.940036937368999422e+07,1.665539387903400138e+07
2.779999999999984539e+03,8.612660233417552824e-01,9.868795759274419269e-16,2.951147332042918727e+07,1.670923223270068318e+07
2.789999999999984539e+03,8.614106811620679816e-01,9.868797012209326738e-16,2.962262495080908015e+07,1.676305686586050875e+07
2.799999999999984084e+03,8.615553389700778553e-01,9.868798269477259804e-16,2.973382441639485955e+07,1.681686751549620926e+07
2.809999999999984084e+03,8.616999967666272298e-01,9.868799531066951563e-16,2.984507186893851310e+07,1.687066391268246621e+07
2.819999999999983629e+03,8.618446545502951306e-01,9.868800796968306567e-16,2.995636746077659354e+07,1.692444578757923096e+07
2.829999999999983629e+03,8.619893123244455335e-01,9.868802067169702922e-16,3.006771134415761009e+07,1.697821288071280718e+07
2.839999999999983629e+03,8.621339700844787846e-01,9.868803341662244249e-16,3.017910367190906778e+07,1.703196494221164659e+07
2.849999999999983174e+03,8.622786278350909051e-01,9.868804620433855061e-16,3.029054459734451026e+07,1.708570170512267575e+07
2.859999999999983174e+03,8.624232855745765924e-01,9.868805903475035499e-16,3.040203427775976062e+07,1.713942293107141554e+07
2.869999999999982720e+03,8.625679432972371830e-01,9.868807190775270048e-16,3.051357285534625500e+07,1.719312836120888591e+07
2.879999999999982720e+03,8.627126010133882028e-01,9.868808482325340868e-16,3.062516049192439392e+07,1.724681776557036489e+07
2.889999999999982265e+03,8.628572587162309793e-01,9.868809778114649613e-16,3.073679734944928437e+07,1.730049088995529339e+07
2.899999999999982265e+03,8.630019164076304650e-01,9.868811078133994221e-16,3.084848357110229880e+07,1.735414749717284366e+07
2.909999999999981810e+03,8.631465740874186832e-01,9.868812382374008939e-16,3.096021931367386132e+07,1.740778735415223613e+07
2.919999999999981810e+03,8.632912317552714487e-01,9.868813690824831036e-16,3.107200473392692581e+07,1.746141022874006256e+07
2.929999999999981355e+03,8.634358894125331307e-01,9.868815003477315641e-16,3.118383998688140139e+07,1.751501588561048359e+07
2.939999999999981355e+03,8.635805470593764799e-01,9.868816320321807096e-16,3.129572522916861251e+07,1.756860409942761809e+07
2.949999999999980901e+03,8.637252046929471128e-01,9.868817641349174336e-16,3.140766061708454043e+07,1.762217464360823482e+07
2.959999999999980901e+03,8.638698623148002298e-01,9.868818966549903699e-16,3.151964630716588348e+07,1.767572728350979090e+07
2.969999999999980446e+03,8.640145199267695864e-01,9.868820295915207274e-16,3.163168245622053742e+07,1.772926181566751748e+07
2.979999999999980446e+03,8.641591775281671772e-01,9.868821629435642397e-16,3.174376922145963088e+07,1.778277800644568726e+07
2.989999999999980446e+03,8.643038351146421494e-01,9.868822967102894473e-16,3.185590676031437889e+07,1.783627563878526911e+07
2.999999999999979991e+03,8.644484926930570134e-01,9.868824308907751580e-16,3.196809523061634973e+07,1.788975450528237969e+07
3.009999999999979991e+03,8.645931502561976512e-01,9.868825654841593439e-16,3.208033479045554623e+07,1.794321437659471110e+07
3.019999999999979536e+03,8.647378078120884215e-01,9.868827004895342233e-16,3.219262559823453426e+07,1.799665506014953181e+07
3.029999999999979536e+03,8.648824653561895115e-01,9.868828359060428962e-16,3.230496781265169755e+07,1.805007632761082798e+07
3.039999999999979082e+03,8.650271228874961693e-01,9.868829717328521282e-16,3.241736159272154793e+07,1.810347798286416009e+07
3.049999999999979082e+03,8.651717804067192708e-01,9.868831079690864809e-16,3.252980709774819016e+07,1.815685981369576603e+07
3.059999999999978627e+03,8.653164379146589535e-01,9.868832446138801794e-16,3.264230448735796288e+07,1.821022161130047962e+07
3.069999999999978627e+03,8.654610954143555634e-01,9.868833816664563930e-16,3.275485392146165296e+07,1.826356318231078982e+07
3.079999999999978172e+03,8.656057528992388006e-01,9.868835191258570501e-16,3.286745556029020250e+07,1.831688431588298082e+07
3.089999999999978172e+03,8.657504103731765710e-01,9.868836569913394382e-16,3.298010956435710192e+07,1.837018481485618651e+07
3.099999999999977717e+03,8.658950678395044287e-01,9.868837952620164831e-16,3.309281609449477121e+07,1.842346448093389347e+07
3.109999999999977717e+03,8.660397252894173059e-01,9.868839339370957742e-16,3.320557531181607023e+07,1.847672311848348379e+07
3.119999999999977263e+03,8.661843827298011389e-01,9.868840730157340190e-16,3.331838737775191292e+07,1.852996052611532062e+07
3.129999999999977263e+03,8.663290401585574951e-01,9.868842124970814173e-16,3.343125245401765406e+07,1.858317651786595955e+07
3.139999999999976808e+03,8.664736975766764715e-01,9.868843523803700128e-16,3.354417070263184607e+07,1.863637089810716361e+07
3.149999999999976808e+03,8.666183549787593865e-01,9.868844926647774181e-16,3.365714228590153903e+07,1.868954346703848615e+07
3.159999999999976808e+03,8.667630123741059123e-01,9.868846333494516634e-16,3.377016736643595248e+07,1.874269404836560786e+07
3.169999999999976353e+03,8.669076697592286163e-01,9.868847744335975770e-16,3.388324610713054240e+07,1.879582244646087661e+07
3.179999999999976353e+03,8.670523271297754242e-01,9.868849159164357642e-16,3.399637867118132859e+07,1.884892847595923021e+07
3.189999999999975898e+03,8.671969844885502043e-01,9.868850577971183968e-16,3.410956522206851840e+07,1.890201194857392460e+07
3.199999999999975898e+03,8.673416418375776704e-01,9.868852000748601637e-16,3.422280592357096076e+07,1.895507268115743995e+07
3.209999999999975444e+03,8.674862991747209762e-01,9.868853427488637239e-16,3.433610093974993378e+07,1.900811049048346281e+07
3.219999999999975444e+03,8.676309565000464019e-01,9.868854858183273973e-16,3.444945043496266007e+07,1.906112519916272163e+07
3.229999999999974989e+03,8.677756138122032503e-01,9.868856292824587733e-16,3.456285457384701818e+07,1.911411661240026727e+07
3.239999999999974989e+03,8.679202711131439596e-01,9.868857731404283646e-16,3.467631352133485675e+07,1.916708456970051304e+07
3.249999999999974534e+03,8.680649284040711233e-01,9.868859173915133774e-16,3.478982744263654947e+07,1.922002887451562285e+07
3.259999999999974534e+03,8.682095856800677858e-01,9.868860620348314707e-16,3.490339650325433910e+07,1.927294936540436372e+07
3.269999999999974079e+03,8.683542429451140965e-01,9.868862070696543287e-16,3.501702086896681041e+07,1.932584585949125141e+07
3.279999999999974079e+03,8.684989001979099843e-01,9.868863524951439840e-16,3.513070070584218949e+07,1.937871817428587750e+07
3.289999999999973625e+03,8.686435574422841643e-01,9.868864983105494409e-16,3.524443618022281677e+07,1.943156614613049477e+07
3.299999999999973625e+03,8.687882146700738328e-01,9.868866445150759222e-16,3.535822745873857290e+07,1.948438960389000177e+07
3.309999999999973625e+03,8.689328718916307093e-01,9.868867911079118870e-16,3.547207470829106122e+07,1.953718836669287831e+07
3.319999999999973170e+03,8.690775290945652598e-01,9.868869380882931265e-16,3.558597809606715292e+07,1.958996227049785852e+07
3.329999999999973170e+03,8.692221862929323528e-01,9.868870854554065222e-16,3.569993778952307999e+07,1.964271114668497816e+07
3.339999999999972715e+03,8.693668434729979744e-01,9.868872332084931900e-16,3.581395395639806986e+07,1.969543481604557112e+07
3.349999999999972715e+03,8.695115006416541670e-01,9.868873813467526333e-16,3.592802676469826698e+07,1.974813313262302801e+07
3.359999999999972260e+03,8.696561578019613714e-01,9.868875298693991465e-16,3.604215638271046430e+07,1.980080590165755898e+07
3.369999999999972260e+03,8.698008149454348192e-01,9.868876787756438688e-16,3.615634297898662090e+07,1.985345298492218181e+07
3.379999999999971806e+03,8.699454720800032792e-01,9.868878280647034614e-16,3.627058672235537320e+07,1.990607420104241744e+07
3.389999999999971806e+03,8.700901292026680389e-01,9.868879777358014878e-16,3.638488778190868348e+07,1.995866939272734895e+07
3.399999999999971351e+03,8.702347863075207135e-01,9.868881277881425791e-16,3.649924632701286674e+07,2.001123839351696521e+07
3.409999999999971351e+03,8.703794434061089547e-01,9.868882782209684427e-16,3.661366252729491889e+07,2.006378104490938783e+07
3.419999999999970896e+03,8.705241004941546290e-01,9.868884290334211923e-16,3.672813655265355855e+07,2.011629719213752449e+07
3.429999999999970896e+03,8.706687575645490895e-01,9.868885802247969669e-16,3.684266857324559987e+07,2.016878665829421952e+07
3.439999999999970441e+03,8.708134146235420037e-01,9.868887317942516853e-16,3.695725875949694216e+07,2.022124930383538827e+07
3.449999999999970441e+03,8.709580716707490122e-01,9.868888837410461847e-16,3.707190728208884597e+07,2.027368496111311018e+07
3.459999999999969987e+03,8.711027287024956101e-01,9.868890360643365814e-16,3.718661431196908653e+07,2.032609346893316507e+07
3.469999999999969987e+03,8.712473857263598465e-01,9.868891887633724712e-16,3.730138002033796161e+07,2.037847468318374828e+07
3.479999999999969987e+03,8.713920427340504649e-01,9.868893418373738680e-16,3.741620457865956426e+07,2.043082843333363160e+07
3.489999999999969532e+03,8.715366997282740780e-01,9.868894952855209481e-16,3.753108815864765644e+07,2.048315458202124387e+07
3.499999999999969532e+03,8.716813567147032593e-01,9.868896491070550245e-16,3.764603093227708340e+07,2.053545296146592498e+07
3.509999999999969077e+03,8.718260136825711770e-01,9.868898033011126890e-16,3.776103307176942378e+07,2.058772342661446705e+07
3.519999999999969077e+03,8.719706706410617070e-01,9.868899578670275513e-16,3.787609474960466474e+07,2.063996581984152645e+07
3.529999999999968622e+03,8.721153275854494069e-01,9.868901128038559365e-16,3.799121613850840926e+07,2.069217999573944137e+07
3.539999999999968622e+03,8.722599845177444466e-01,9.868902681109728696e-16,3.810639741145779938e+07,2.074436579577386752e+07
3.549999999999968168e+03,8.724046414379403869e-01,9.868904237874350702e-16,3.822163874167437851e+07,2.079652307999730855e+07
3.559999999999968168e+03,8.725492983421132553e-01,9.868905798325369022e-16,3.833694030262844265e+07,2.084865169392466918e+07
3.569999999999967713e+03,8.726939552338104367e-01,9.868907362454999571e-16,3.845230226803158224e+07,2.090075148908863962e+07
3.579999999999967713e+03,8.728386121123929975e-01,9.868908930253914069e-16,3.856772481184118986e+07,2.095282231347041205e+07
3.589999999999967258e+03,8.729832689797205614e-01,9.868910501715478195e-16,3.868320810825274885e+07,2.100486403539178148e+07
3.599999999999967258e+03,8.731279258324902148e-01,9.868912076831146613e-16,3.879875233170447499e+07,2.105687649321794882e+07
3.609999999999966803e+03,8.732725826699783145e-01,9.868913655593239764e-16,3.891435765686952323e+07,2.110885954909797758e+07
3.619999999999966803e+03,8.734172394933604755e-01,9.868915237993427275e-16,3.903002425866056979e+07,2.116081305697727576e+07
3.629999999999966803e+03,8.735618963070754805e-01,9.868916824023437941e-16,3.914575231222201884e+07,2.121273686713509634e+07
3.639999999999966349e+03,8.737065531081342762e-01,9.868918413675777582e-16,3.926154199293451011e+07,2.126463085144746676e+07
3.649999999999966349e+03,8.738512098927716520e-01,9.868920006942533923e-16,3.937739347640711069e+07,2.131649485591672733e+07
3.659999999999965894e+03,8.739958666642104745e-01,9.868921603814755366e-16,3.949330693848185241e+07,2.136832873354785517e+07
3.669999999999965894e+03,8.741405234161407911e-01,9.868923204285219889e-16,3.960928255522585660e+07,2.142013235160439089e+07
3.679999999999965439e+03,8.742851801629913933e-01,9.868924808344920673e-16,3.972532050293587148e+07,2.147190557618339732e+07
3.689999999999965439e+03,8.744298368980236713e-01,9.868926415986497644e-16,3.984142095813028514e+07,2.152364825438632444e+07
3.699999999999964984e+03,8.745744936114860923e-01,9.868928027201612544e-16,3.995758409755361825e+07,2.157536025165802985e+07
3.709999999999964984e+03,8.747191503139319924e-01,9.868929641982084886e-16,4.007381009816861898e+07,2.162704142613872886e+07
3.719999999999964530e+03,8.748638069987502153e-01,9.868931260319688820e-16,4.019009913716065884e+07,2.167869164801888168e+07
3.729999999999964530e+03,8.750084636769022151e-01,9.868932882206732955e-16,4.030645139192973077e+07,2.173031077863205224e+07
3.739999999999964075e+03,8.751531203350246813e-01,9.868934507634113835e-16,4.042286704009500146e+07,2.178189866386875883e+07
3.749999999999964075e+03,8.752977769796432828e-01,9.868936136594416168e-16,4.053934625948658586e+07,2.183345519494343922e+07
3.759999999999963620e+03,8.754424336112727190e-01,9.868937769079094618e-16,4.065588922815009207e+07,2.188498021827398986e+07
3.769999999999963620e+03,8.755870902213345186e-01,9.868939405080077165e-16,4.077249612433847785e+07,2.193647359851021320e+07
3.779999999999963165e+03,8.757317468276193395e-01,9.868941044588682396e-16,4.088916712651654333e+07,2.198793521175326407e+07
3.789999999999963165e+03,8.758764034159340905e-01,9.868942687596885622e-16,4.100590241335263848e+07,2.203936491598674282e+07
3.799999999999963165e+03,8.760210599881657068e-01,9.868944334096423527e-16,4.112270216372317076e+07,2.209076257685018703e+07
3.809999999999962711e+03,8.761657165467022779e-01,9.868945984079018986e-16,4.123956655670435727e+07,2.214212807399677858e+07
3.819999999999962711e+03,8.763103730886629972e-01,9.868947637536215411e-16,4.135649577157662809e+07,2.219346125458690524e+07
3.829999999999962256e+03,8.764550296198629908e-01,9.868949294459763289e-16,4.147348998781631887e+07,2.224476200689181313e+07
3.839999999999962256e+03,8.765996861317848499e-01,9.868950954841292806e-16,4.159054938510014862e+07,2.229603019075578451e+07
3.849999999999961801e+03,8.767443426328603850e-01,9.868952618672329623e-16,4.170767414329683036e+07,2.234726567153296992e+07
3.859999999999961801e+03,8.768889991165125242e-01,9.868954285944537454e-16,4.182486444247137010e+07,2.239846832718177512e+07
3.869999999999961346e+03,8.770336555853015525e-01,9.868955956649163885e-16,4.194212046287690848e+07,2.244963802454820648e+07
3.879999999999961346e+03,8.771783120345695295e-01,9.868957630778334114e-16,4.205944238495880365e+07,2.250077463550008088e+07
3.889999999999960892e+03,8.773229684731698175e-01,9.868959308323175427e-16,4.217683038934642822e+07,2.255187803381571546e+07
3.899999999999960892e+03,8.774676249016717389e-01,9.868960989275607916e-16,4.229428465685740113e+07,2.260294808284757659e+07
3.909999999999960437e+03,8.776122813058906402e-01,9.868962673626741119e-16,4.241180536848917603e+07,2.265398466354204342e+07
3.919999999999960437e+03,8.777569377007377049e-01,9.868964361368374827e-16,4.252939270542325824e+07,2.270498765134639293e+07
3.929999999999959982e+03,8.779015940728132072e-01,9.868966052491368114e-16,4.264704684901676327e+07,2.275595690856131539e+07
3.939999999999959982e+03,8.780462504356713049e-01,9.868967746988090723e-16,4.276476798080676049e+07,2.280689232266240939e+07
3.949999999999959982e+03,8.781909067847839534e-01,9.868969444849005325e-16,4.288255628250161558e+07,2.285779375586174428e+07
3.959999999999959527e+03,8.783355631132490071e-01,9.868971146065882130e-16,4.300041193598531932e+07,2.290866108541186526e+07
3.969999999999959527e+03,8.784802194251848384e-01,9.868972850630258632e-16,4.311833512330886722e+07,2.295949419880068302e+07
3.979999999999959073e+03,8.786248757241273966e-01,9.868974558533153649e-16,4.323632602669449896e+07,2.301029295880201831e+07
3.989999999999959073e+03,8.787695320073598548e-01,9.868976269766335418e-16,4.335438482852710783e+07,2.306105724710278213e+07
3.999999999999958618e+03,8.789141882714699427e-01,9.868977984320268583e-16,4.347251171135834605e+07,2.311178693420958892e+07
4.009999999999959073e+03,8.790588445208218360e-01,9.868979702187462909e-16,4.359070685789807141e+07,2.316248190665306523e+07
4.019999999999958618e+03,8.792035007531424640e-01,9.868981423358390929e-16,4.370897045101841539e+07,2.321314204264389724e+07
4.029999999999958618e+03,8.793481569725030145e-01,9.868983147824422505e-16,4.382730267374513298e+07,2.326376720813484862e+07
4.039999999999958163e+03,8.794928131700243679e-01,9.868984875577104991e-16,4.394570370926179737e+07,2.331435729235948250e+07
4.049999999999958163e+03,8.796374693554835922e-01,9.868986606607246187e-16,4.406417374090097100e+07,2.336491217596278340e+07
4.059999999999957708e+03,8.797821255238578164e-01,9.868988340906022683e-16,4.418271295214837790e+07,2.341543172810492665e+07
4.069999999999957708e+03,8.799267816745544035e-01,9.868990078465082414e-16,4.430132152663406730e+07,2.346591584039602429e+07
4.079999999999957254e+03,8.800714378053553499e-01,9.868991819275047796e-16,4.441999964813654125e+07,2.351636438320631534e+07
4.089999999999957254e+03,8.802160939232799297e-01,9.868993563327227554e-16,4.453874750057390332e+07,2.356677723758135736e+07
4.099999999999957254e+03,8.803607500269089448e-01,9.868995310613070437e-16,4.465756526800803095e+07,2.361715429940573871e+07
4.109999999999956344e+03,8.805054061049872871e-01,9.868997061122991783e-16,4.477645313463554531e+07,2.366749543264414370e+07
4.119999999999956344e+03,8.806500621732573642e-01,9.868998814848369343e-16,4.489541128479195386e+07,2.371780052634600177e+07
4.129999999999956344e+03,8.807947182209763248e-01,9.869000571780432957e-16,4.501443990294262022e+07,2.376806946316371486e+07
4.139999999999956344e+03,8.809393742537920957e-01,9.869002331910146222e-16,4.513353917368696630e+07,2.381830213005124032e+07
4.149999999999956344e+03,8.810840302708791150e-01,9.869004095228042808e-16,4.525270928174930066e+07,2.386849840144677088e+07
4.159999999999955435e+03,8.812286862671245835e-01,9.869005861725887006e-16,4.537195041198322177e+07,2.391865816456744447e+07
4.169999999999955435e+03,8.813733422484431035e-01,9.869007631393906803e-16,4.549126274936405569e+07,2.396878130607468635e+07
4.179999999999955435e+03,8.815179982090235455e-01,9.869009404223209763e-16,4.561064647898735106e+07,2.401886770648651943e+07
4.189999999999955435e+03,8.816626541533034711e-01,9.869011180204848233e-16,4.573010178606701642e+07,2.406891725460129976e+07
4.199999999999954525e+03,8.818073100770504880e-01,9.869012959329600427e-16,4.584962885593246669e+07,2.411892983086415380e+07
4.209999999999954525e+03,8.819519659869419215e-01,9.869014741588585744e-16,4.596922787402618676e+07,2.416890532421104237e+07
4.219999999999954525e+03,8.820966218735574182e-01,9.869016526972517320e-16,4.608889902590107918e+07,2.421884361987067759e+07
4.229999999999954525e+03,8.822412777490288294e-01,9.869018315471930796e-16,4.620864249721792340e+07,2.426874460328769684e+07
4.239999999999953616e+03,8.823859336010289045e-01,9.869020107077734549e-16,4.632845847374255210e+07,2.431860816067338735e+07
4.249999999999953616e+03,8.825305894345574220e-01,9.869021901780665381e-16,4.644834714134341478e+07,2.436843418062651530e+07
4.259999999999953616e+03,8.826752452554564865e-01,9.869023699572008350e-16,4.656830868598882109e+07,2.441822254829873890e+07
4.269999999999953616e+03,8.828199010566557536e-01,9.869025500441606872e-16,4.668834329374423623e+07,2.446797315911387652e+07
4.279999999999953616e+03,8.829645568382193943e-01,9.869027304380945195e-16,4.680845115076965094e+07,2.451768588556207344e+07
4.289999999999952706e+03,8.831092125970272377e-01,9.869029111380572764e-16,4.692863244331680238e+07,2.456736063235819340e+07
4.299999999999952706e+03,8.832538683406139235e-01,9.869030921430699815e-16,4.704888735772645473e+07,2.461699727108074352e+07
4.309999999999952706e+03,8.833985240629307345e-01,9.869032734522053289e-16,4.716921608042566478e+07,2.466659571167614684e+07
4.319999999999952706e+03,8.835431797708577228e-01,9.869034550645843303e-16,4.728961879792501777e+07,2.471615582860028371e+07
4.329999999999951797e+03,8.836878354560404603e-01,9.869036369791633228e-16,4.741009569681584090e+07,2.476567751464252919e+07
4.339999999999951797e+03,8.838324911232187109e-01,9.869038191950921114e-16,4.753064696376739442e+07,2.481516065559716895e+07
4.349999999999951797e+03,8.839771467726201815e-01,9.869040017113964529e-16,4.765127278552401066e+07,2.486460515506415069e+07
4.359999999999951797e+03,8.841218024019188437e-01,9.869041845271105844e-16,4.777197334890237451e+07,2.491401089507361874e+07
4.369999999999950887e+03,8.842664580127810314e-01,9.869043676413229772e-16,4.789274884078853577e+07,2.496337776529867575e+07
4.379999999999950887e+03,8.844111136024128683e-01,9.869045510530378915e-16,4.801359944813518226e+07,2.501270565879409015e+07
4.389999999999950887e+03,8.845557691729510896e-01,9.869047347612897616e-16,4.813452535795861483e+07,2.506199447078848630e+07
4.399999999999950887e+03,8.847004247233358765e-01,9.869049187651611422e-16,4.825552675733586401e+07,2.511124408227035403e+07
4.409999999999949978e+03,8.848450802450915642e-01,9.869051030637083586e-16,4.837660383340188116e+07,2.516045439908567816e+07
4.419999999999949978e+03,8.849897357603174752e-01,9.869052876559867497e-16,4.849775677334650606e+07,2.520962531064946204e+07
4.429999999999949978e+03,8.851343912547535719e-01,9.869054725409287896e-16,4.861898576441155374e+07,2.525875670308259130e+07
4.439999999999949978e+03,8.852790467251391293e-01,9.869056577176176246e-16,4.874029099388777465e+07,2.530784847762583196e+07
4.449999999999949978e+03,8.854237021717520362e-01,9.869058431851182574e-16,4.886167264911194146e+07,2.535690052027601004e+07
4.459999999999949068e+03,8.855683576056350148e-01,9.869060289424323845e-16,4.898313091746386886e+07,2.540591273311959207e+07
4.469999999999949068e+03,8.857130130182133687e-01,9.869062149885889181e-16,4.910466598636325449e+07,2.545488500229499117e+07
4.479999999999949068e+03,8.858576684020036396e-01,9.869064013226307728e-16,4.922627804326683283e+07,2.550381722945856303e+07
4.489999999999949068e+03,8.860023237713914313e-01,9.869065879435450511e-16,4.934796727566514164e+07,2.555270930269785598e+07
4.499999999999948159e+03,8.861469791164922061e-01,9.869067748503336467e-16,4.946973387107957900e+07,2.560156112065315619e+07
4.509999999999948159e+03,8.862916344498845689e-01,9.869069620421270378e-16,4.959157801705925167e+07,2.565037258475887030e+07
4.519999999999948159e+03,8.864362897539103114e-01,9.869071495178285104e-16,4.971349990117788315e+07,2.569914357725167274e+07
4.529999999999948159e+03,8.865809450375642387e-01,9.869073372764756543e-16,4.983549971103068441e+07,2.574787400433096290e+07
4.539999999999947249e+03,8.867256003020862476e-01,9.869075253171100035e-16,4.995757763423123211e+07,2.579656375841303170e+07
4.549999999999947249e+03,8.868702555378746855e-01,9.869077136386851339e-16,5.007973385840832442e+07,2.584521273946603760e+07
4.559999999999947249e+03,8.870149107668596766e-01,9.869079022402607234e-16,5.020196857120271772e+07,2.589382083968495205e+07
4.569999999999947249e+03,8.871595659589173177e-01,9.869080911208124360e-16,5.032428196026410162e+07,2.594238795098071545e+07
4.579999999999946340e+03,8.873042211436701354e-01,9.869082802793585345e-16,5.044667421324776113e+07,2.599091399143773690e+07
4.589999999999946340e+03,8.874488762979302336e-01,9.869084697149009125e-16,5.056914551781138778e+07,2.603939883422012627e+07
4.599999999999946340e+03,8.875935314323344372e-01,9.869086594263525196e-16,5.069169606161190569e+07,2.608784239295519888e+07
4.609999999999946340e+03,8.877381865433310315e-01,9.869088494128266763e-16,5.081432603230218589e+07,2.613624455770950392e+07
4.619999999999946340e+03,8.878828416351880470e-01,9.869090396732337685e-16,5.093703561752770841e+07,2.618460523303982988e+07
4.629999999999945430e+03,8.880274966999455177e-01,9.869092302066088219e-16,5.105982500492337346e+07,2.623292431111880392e+07
4.639999999999945430e+03,8.881721517485430262e-01,9.869094210119450529e-16,5.118269438211017102e+07,2.628120169873487577e+07
4.649999999999945430e+03,8.883168067719713346e-01,9.869096120881382535e-16,5.130564393669179082e+07,2.632943729121833667e+07
4.659999999999945430e+03,8.884614617713966211e-01,9.869098034342962219e-16,5.142867385625139624e+07,2.637763098220606521e+07
4.669999999999944521e+03,8.886061167458361165e-01,9.869099950493005506e-16,5.155178432834824175e+07,2.642578267645619065e+07
4.679999999999944521e+03,8.887507717080187497e-01,9.869101869321854766e-16,5.167497554051424563e+07,2.647389228597785905e+07
4.689999999999944521e+03,8.888954266373066959e-01,9.869103790818897848e-16,5.179824768025070429e+07,2.652195968650408089e+07
4.699999999999944521e+03,8.890400815473240570e-01,9.869105714974114247e-16,5.192160093502485752e+07,2.656998479920821264e+07
4.709999999999943611e+03,8.891847364365350614e-01,9.869107641776913504e-16,5.204503549226645380e+07,2.661796751341120526e+07
4.719999999999943611e+03,8.893293912994508776e-01,9.869109571217131147e-16,5.216855153936430067e+07,2.666590774102108553e+07
4.729999999999943611e+03,8.894740461357986128e-01,9.869111503284255605e-16,5.229214926366291940e+07,2.671380536684219539e+07
4.739999999999943611e+03,8.896187009536264956e-01,9.869113437968455698e-16,5.241582885245896131e+07,2.676166030602523312e+07
4.749999999999943611e+03,8.897633557521897885e-01,9.869115375258279138e-16,5.253959049299778044e+07,2.680947246362495050e+07
4.759999999999942702e+03,8.899080105168633015e-01,9.869117315144328620e-16,5.266343437246999890e+07,2.685724172306172922e+07
4.769999999999942702e+03,8.900526652636788771e-01,9.869119257615887468e-16,5.278736067800790071e+07,2.690496800314632058e+07
4.779999999999942702e+03,8.901973199833435046e-01,9.869121202662014182e-16,5.291136959668209404e+07,2.695265120376421884e+07
4.789999999999942702e+03,8.903419746799859924e-01,9.869123150272733615e-16,5.303546131549775600e+07,2.700029121976729110e+07
4.799999999999941792e+03,8.904866293529329901e-01,9.869125100437577583e-16,5.315963602139117569e+07,2.704788796480484307e+07
4.809999999999941792e+03,8.906312840000050191e-01,9.869127053144924192e-16,5.328389390122617036e+07,2.709544133435957879e+07
4.819999999999941792e+03,8.907759386227493970e-01,9.869129008385591103e-16,5.340823514179053903e+07,2.714295123458175361e+07
4.829999999999941792e+03,8.909205932240731318e-01,9.869130966148307464e-16,5.353265992979243398e+07,2.719041756958657131e+07
4.839999999999940883e+03,8.910652478006055865e-01,9.869132926422220523e-16,5.365716845185676217e+07,2.723784024233643338e+07
4.849999999999940883e+03,8.912099023547408461e-01,9.869134889197319633e-16,5.378176089452154189e+07,2.728521916086617485e+07
4.859999999999940883e+03,8.913545568777644368e-01,9.869136854462448330e-16,5.390643744423428178e+07,2.733255422646936402e+07
4.869999999999940883e+03,8.914992113803086315e-01,9.869138822206801191e-16,5.403119828734828532e+07,2.737984534254500642e+07
4.879999999999939973e+03,8.916438658530116967e-01,9.869140792422099121e-16,5.415604361011908203e+07,2.742709241532050073e+07
4.889999999999939973e+03,8.917885203009106032e-01,9.869142765091119314e-16,5.428097359870057553e+07,2.747429534961762279e+07
4.899999999999939973e+03,8.919331747248901987e-01,9.869144740209446122e-16,5.440598843914153427e+07,2.752145404890505597e+07
4.909999999999939973e+03,8.920778291260236248e-01,9.869146717763943039e-16,5.453108831738173217e+07,2.756856842693450674e+07
4.919999999999939973e+03,8.922224834987850794e-01,9.869148697744130046e-16,5.465627341924832761e+07,2.761563838372324035e+07
4.929999999999939064e+03,8.923671378449407054e-01,9.869150680138980841e-16,5.478154393045197427e+07,2.766266381926864386e+07
4.939999999999939064e+03,8.925117921686179789e-01,9.869152664937595339e-16,5.490690003658324480e+07,2.770964465667854249e+07
4.949999999999939064e+03,8.926564464573242264e-01,9.869154652128895960e-16,5.503234192310867459e+07,2.775658077814244851e+07
4.959999999999939064e+03,8.928011007309388791e-01,9.869156641701915564e-16,5.515786977536714077e+07,2.780347211369710416e+07
4.969999999999938154e+03,8.929457549647726866e-01,9.869158633646162304e-16,5.528348377856590599e+07,2.785031856215238944e+07
4.979999999999938154e+03,8.930904091840627945e-01,9.869160627950385048e-16,5.540918411777701974e+07,2.789712002236872911e+07
4.989999999999938154e+03,8.932350633702537124e-01,9.869162624603188703e-16,5.553497097793327272e+07,2.794387641474068537e+07
4.999999999999938154e+03,8.933797175367361731e-01,9.869164623594639536e-16,5.566084454382447153e+07,2.799058764272243530e+07
5.009999999999937245e+03,8.935243716710452588e-01,9.869166624913971569e-16,5.578680500009362400e+07,2.803725360611247271e+07
5.019999999999937245e+03,8.936690257809697391e-01,9.869168628548020685e-16,5.591285253123294562e+07,2.808387422772763297e+07
5.029999999999937245e+03,8.938136798578768527e-01,9.869170634482682052e-16,5.603898732158011198e+07,2.813044939647658914e+07
5.039999999999937245e+03,8.939583339127792350e-01,9.869172642714060668e-16,5.616520955531422049e+07,2.817697904792134836e+07
5.049999999999936335e+03,8.941029879406757752e-01,9.869174653227343698e-16,5.629151941645200551e+07,2.822346306342300028e+07
5.059999999999936335e+03,8.942476419373492913e-01,9.869176666011763191e-16,5.641791708884391189e+07,2.826990136494202167e+07
5.069999999999936335e+03,8.943922959080257140e-01,9.869178681055989132e-16,5.654440275617005676e+07,2.831629386653519422e+07
5.079999999999936335e+03,8.945369498510188366e-01,9.869180698348667840e-16,5.667097660193652660e+07,2.836264046605499834e+07
5.089999999999936335e+03,8.946816037659928167e-01,9.869182717878307583e-16,5.679763880947110802e+07,2.840894108327616006e+07
5.099999999999935426e+03,8.948262576516916589e-01,9.869184739634097025e-16,5.692438956191955507e+07,2.845519561698739976e+07
5.109999999999935426e+03,8.949709115051726060e-01,9.869186763604510905e-16,5.705122904224147648e+07,2.850140399258201197e+07
5.119999999999935426e+03,8.951155653392073308e-01,9.869188789777550651e-16,5.717815743320640922e+07,2.854756610441509634e+07
5.129999999999935426e+03,8.952602191424350320e-01,9.869190818142744133e-16,5.730517491738983989e+07,2.859368187675162777e+07
5.139999999999934516e+03,8.954048729095263059e-01,9.869192848688078973e-16,5.743228167716906965e+07,2.863975121102704853e+07
5.149999999999934516e+03,8.955495266563617829e-01,9.869194881402353345e-16,5.755947789471928030e+07,2.868577402002665401e+07
5.159999999999934516e+03,8.956941803680928960e-01,9.869196916274286538e-16,5.768676375200944394e+07,2.873175021976412460e+07
5.169999999999934516e+03,8.958388340514678028e-01,9.869198953291071396e-16,5.781413943079833686e+07,2.877767971176144853e+07
5.179999999999933607e+03,8.959834877110606222e-01,9.869200992443117342e-16,5.794160511263047159e+07,2.882356242251985520e+07
5.189999999999933607e+03,8.961281413375831173e-01,9.869203033717577776e-16,5.806916097883190960e+07,2.886939824997358769e+07
5.199999999999933607e+03,8.962727949350894896e-01,9.869205077102858415e-16,5.819680721050633490e+07,2.891518711217958480e+07
5.209999999999933607e+03,8.964174484982525559e-01,9.869207122587974372e-16,5.832454398853081465e+07,2.896092891797387227e+07
5.219999999999932697e+03,8.965621020409284547e-01,9.869209170161575909e-16,5.845237149355176836e+07,2.900662359087235481e+07
5.229999999999932697e+03,8.967067555431386117e-01,9.869211219809646941e-16,5.858028990598084033e+07,2.905227103091617301e+07
5.239999999999932697e+03,8.968514090162438279e-01,9.869213271523044569e-16,5.870829940599065274e+07,2.909787115306654945e+07
5.249999999999932697e+03,8.969960624674480076e-01,9.869215325289111521e-16,5.883640017351087183e+07,2.914342387619705871e+07
5.259999999999932697e+03,8.971407158789971303e-01,9.869217381095979384e-16,5.896459238822390139e+07,2.918892910433916748e+07
5.269999999999931788e+03,8.972853692638034229e-01,9.869219438931925685e-16,5.909287622956086695e+07,2.923438677029380202e+07
5.279999999999931788e+03,8.974300226162221783e-01,9.869221498785977370e-16,5.922125187669713050e+07,2.927979675991285592e+07
5.289999999999931788e+03,8.975746759440026423e-01,9.869223560643390626e-16,5.934971950854723155e+07,2.932515901274152473e+07
5.299999999999931788e+03,8.977193292310892136e-01,9.869225624495276966e-16,5.947827930376416445e+07,2.937047342696013674e+07
5.309999999999930878e+03,8.978639824925376267e-01,9.869227690328493964e-16,5.960693144073059410e+07,2.941573992356443405e+07
5.319999999999930878e+03,8.980086357211769510e-01,9.869229758131616945e-16,5.973567609755904973e+07,2.946095841721995175e+07
5.329999999999930878e+03,8.981532889141621290e-01,9.869231827891860444e-16,5.986451345208338648e+07,2.950612882178203389e+07
5.339999999999930878e+03,8.982979420833615558e-01,9.869233899598083773e-16,5.999344368185877800e+07,2.955125104979278892e+07
5.349999999999929969e+03,8.984425952155865591e-01,9.869235973237442305e-16,6.012246696415320784e+07,2.959632502130740881e+07
5.359999999999929969e+03,8.985872483160388668e-01,9.869238048798349645e-16,6.025158347594757378e+07,2.964135064983145520e+07
5.369999999999929969e+03,8.987319013869530249e-01,9.869240126268371374e-16,6.038079339392707497e+07,2.968632784726035595e+07
5.379999999999929969e+03,8.988765544222332426e-01,9.869242205635852070e-16,6.051009689448131621e+07,2.973125653850876540e+07
5.389999999999929059e+03,8.990212074230163886e-01,9.869244286888061492e-16,6.063949415369562060e+07,2.977613662580914423e+07
5.399999999999929059e+03,8.991658603993458732e-01,9.869246370012997121e-16,6.076898534735120088e+07,2.982096804684269801e+07
5.409999999999929059e+03,8.993105133345459246e-01,9.869248454998189037e-16,6.089857065091641992e+07,2.986575069855996966e+07
5.419999999999929059e+03,8.994551662368019951e-01,9.869250541832253979e-16,6.102825023954691738e+07,2.991048449817504734e+07
5.429999999999929059e+03,8.995998191138120381e-01,9.869252630501704396e-16,6.115802428807681054e+07,2.995516938088053837e+07
5.439999999999928150e+03,8.997444719490808041e-01,9.869254720994871064e-16,6.128789297101908922e+07,2.999980524681795761e+07
5.449999999999928150e+03,8.998891247566217499e-01,9.869256813299274204e-16,6.141785646255768836e+07,3.004439202145500109e+07
5.459999999999928150e+03,9.000337775236029181e-01,9.869258907402361066e-16,6.154791493654437363e+07,3.008892961457822844e+07
5.469999999999928150e+03,9.001784302621055334e-01,9.869261003291811614e-16,6.167806856649418175e+07,3.013341795571292564e+07
5.479999999999927240e+03,9.003230829621329256e-01,9.869263100955483308e-16,6.180831752558141202e+07,3.017785695675487444e+07
5.489999999999927240e+03,9.004677356323309567e-01,9.869265200380468411e-16,6.193866198663508147e+07,3.022224653434475884e+07
5.499999999999927240e+03,9.006123882646377421e-01,9.869267301554233896e-16,6.206910212213459611e+07,3.026658660808326304e+07
5.509999999999927240e+03,9.007570408651376370e-01,9.869269404464081073e-16,6.219963810420565307e+07,3.031087709830958024e+07
5.519999999999926331e+03,9.009016934274172161e-01,9.869271509098013341e-16,6.233027010461478680e+07,3.035511792965643480e+07
5.529999999999926331e+03,9.010463459559029387e-01,9.869273615442975051e-16,6.246099829476000369e+07,3.039930900787938759e+07
5.539999999999926331e+03,9.011909984518768901e-01,9.869275723486287238e-16,6.259182284568454325e+07,3.044345026364853978e+07
5.549999999999926331e+03,9.013356509144749840e-01,9.869277833215050052e-16,6.272274392804861814e+07,3.048754161452821642e+07
5.559999999999926331e+03,9.014803033398474108e-01,9.869279944617120952e-16,6.285376171214800328e+07,3.053158297501705587e+07
5.569999999999925421e+03,9.016249557197469899e-01,9.869282057679320045e-16,6.298487636788669974e+07,3.057557427094691992e+07
5.579999999999925421e+03,9.017696080707040540e-01,9.869284172389206995e-16,6.311608806479555368e+07,3.061951542385522276e+07
5.589999999999925421e+03,9.019142603912835288e-01,9.869286288733361304e-16,6.324739697200460732e+07,3.066340634986975417e+07
5.599999999999925421e+03,9.020589126720273132e-01,9.869288406703482185e-16,6.337880325826326758e+07,3.070724697217198834e+07
5.609999999999924512e+03,9.022035649175996763e-01,9.869290526274337921e-16,6.351030709192090482e+07,3.075103721367168427e+07
5.619999999999924512e+03,9.023482171254786355e-01,9.869292647444733388e-16,6.364190864091595262e+07,3.079477698714387417e+07
5.629999999999924512e+03,9.024928692962663757e-01,9.869294770198264223e-16,6.377360807278690487e+07,3.083846622501418367e+07
5.639999999999924512e+03,9.026375214252668755e-01,9.869296894522064105e-16,6.390540555465719849e+07,3.088210484521355107e+07
5.649999999999923602e+03,9.027821735231174038e-01,9.869299020402077506e-16,6.403730125326575339e+07,3.092569277235471085e+07
5.659999999999923602e+03,9.029268255819227207e-01,9.869301147826013971e-16,6.416929533487390727e+07,3.096922991619937494e+07
5.669999999999923602e+03,9.030714776061424809e-01,9.869303276780715301e-16,6.430138796538091451e+07,3.101271621883835271e+07
5.679999999999923602e+03,9.032161295865093198e-01,9.869305407253001603e-16,6.443357931018815190e+07,3.105615158708834276e+07
5.689999999999922693e+03,9.033607815351052395e-01,9.869307539229401104e-16,6.456586953434026241e+07,3.109953594923884422e+07
5.699999999999922693e+03,9.035054334472959470e-01,9.869309672697163840e-16,6.469825880255993456e+07,3.114286923293682188e+07
5.709999999999922693e+03,9.036500853159553648e-01,9.869311807642204700e-16,6.483074728162230551e+07,3.118615135860932991e+07
5.719999999999922693e+03,9.037947371449686074e-01,9.869313944053526962e-16,6.496333513283589482e+07,3.122938224172425270e+07
5.729999999999922693e+03,9.039393889428548601e-01,9.869316081910803653e-16,6.509602252284527570e+07,3.127256182190553471e+07
5.739999999999921783e+03,9.040840406953093433e-01,9.869318221208339198e-16,6.522880961454348266e+07,3.131569000802999362e+07
5.749999999999921783e+03,9.042286924121738512e-01,9.869320361929879117e-16,6.536169656433495134e+07,3.135876674051765725e+07
5.759999999999921783e+03,9.043733440825367786e-01,9.869322504062071940e-16,6.549468353602031618e+07,3.140179192838963121e+07
5.769999999999921783e+03,9.045179957210242039e-01,9.869324647594161548e-16,6.562777068799887598e+07,3.144476550705157220e+07
5.779999999999920874e+03,9.046626473169313565e-01,9.869326792515157136e-16,6.576095818002945930e+07,3.148768739563905075e+07
5.789999999999920874e+03,9.048072988746284073e-01,9.869328938795833381e-16,6.589424617598611116e+07,3.153055752305320650e+07
5.799999999999920874e+03,9.049519503923697528e-01,9.869331086438921713e-16,6.602763483622058481e+07,3.157337581337219104e+07
5.809999999999920874e+03,9.050966018754468267e-01,9.869333235425041792e-16,6.616112431869440526e+07,3.161614219347936288e+07
5.819999999999919964e+03,9.052412533112693671e-01,9.869335385740875673e-16,6.629471478390571475e+07,3.165885659125313163e+07
5.829999999999919964e+03,9.053859047081385114e-01,9.869337537372103560e-16,6.642840639048365504e+07,3.170151892505419254e+07
5.839999999999919964e+03,9.055305560657869179e-01,9.869339690305592889e-16,6.656219929633197188e+07,3.174412913598256186e+07
5.849999999999919964e+03,9.056752073810692139e-01,9.869341844527457738e-16,6.669609365869591385e+07,3.178668714079802856e+07
5.859999999999919055e+03,9.058198586551828857e-01,9.869344000023942343e-16,6.683008963472075015e+07,3.182919286370051652e+07
5.869999999999919055e+03,9.059645098882374015e-01,9.869346156780760435e-16,6.696418738064450026e+07,3.187164624069267511e+07
5.879999999999919055e+03,9.061091610808886809e-01,9.869348314784676898e-16,6.709838705260191113e+07,3.191404719627282768e+07
5.889999999999919055e+03,9.062538122314016675e-01,9.869350474021052448e-16,6.723268880600637197e+07,3.195639565965225175e+07
5.899999999999919055e+03,9.063984633359364329e-01,9.869352634476456726e-16,6.736709279572613537e+07,3.199869155259905756e+07
5.909999999999918145e+03,9.065431144035612787e-01,9.869354796136625157e-16,6.750159917609378695e+07,3.204093480974113196e+07
5.919999999999918145e+03,9.066877654339617898e-01,9.869356958987346409e-16,6.763620810091339052e+07,3.208312536434207484e+07
5.929999999999918145e+03,9.068324164098708895e-01,9.869359123014791753e-16,6.777091972341914475e+07,3.212526313449297845e+07
5.939999999999918145e+03,9.069770673475325840e-01,9.869361288204678860e-16,6.790573419635139406e+07,3.216734805474096909e+07
5.949999999999917236e+03,9.071217182457901318e-01,9.869363454542689907e-16,6.804065167185196280e+07,3.220938005901846290e+07
5.959999999999917236e+03,9.072663691011413345e-01,9.869365622014897552e-16,6.817567230155719817e+07,3.225135906674533710e+07
5.969999999999917236e+03,9.074110199095961615e-01,9.869367790607139772e-16,6.831079623649495840e+07,3.229328501961725950e+07
5.979999999999917236e+03,9.075556706754296377e-01,9.869369960304672755e-16,6.844602362718155980e+07,3.233515784116682038e+07
5.989999999999916326e+03,9.077003214020732402e-01,9.869372131093395613e-16,6.858135462351395190e+07,3.237697746178155765e+07
5.999999999999916326e+03,9.078449720787340471e-01,9.869374302958929385e-16,6.871678937487260997e+07,3.241874381746362522e+07
6.009999999999916326e+03,9.079896227133446018e-01,9.869376475886670281e-16,6.885232803003612161e+07,3.246045683088281751e+07
6.019999999999916326e+03,9.081342733023864966e-01,9.869378649862878318e-16,6.898797073719838262e+07,3.250211644582654908e+07
6.029999999999916326e+03,9.082789238522386288e-01,9.869380824871995186e-16,6.912371764396913350e+07,3.254372258055681735e+07
6.039999999999915417e+03,9.084235743544767372e-01,9.869383000899961413e-16,6.925956889736850560e+07,3.258527517849846184e+07
6.049999999999915417e+03,9.085682248092687985e-01,9.869385177931889219e-16,6.939552464382247627e+07,3.262677416560705379e+07
6.059999999999915417e+03,9.087128752171049761e-01,9.869387355954214143e-16,6.953158502915935218e+07,3.266821947496685386e+07
6.069999999999915417e+03,9.088575255797356478e-01,9.869389534950817783e-16,6.966775019860404730e+07,3.270961103954375163e+07
6.079999999999914507e+03,9.090021759093962483e-01,9.869391714908007487e-16,6.980402029677473009e+07,3.275094879810549691e+07
6.089999999999914507e+03,9.091468261814950047e-01,9.869393895810700234e-16,6.994039546767529845e+07,3.279223267808581889e+07
6.099999999999914507e+03,9.092914764100717973e-01,9.869396077644246877e-16,7.007687585469870269e+07,3.283346260933708027e+07
6.109999999999914507e+03,9.094361265943579076e-01,9.869398260393315904e-16,7.021346160061281919e+07,3.287463853735577315e+07
6.119999999999913598e+03,9.095807767278146772e-01,9.869400444043433690e-16,7.035015284756539762e+07,3.291576039162318408e+07
6.129999999999913598e+03,9.097254268144849831e-01,9.869402628580592038e-16,7.048694973707039654e+07,3.295682810057048500e+07
6.139999999999913598e+03,9.098700768524539129e-01,9.869404813986702366e-16,7.062385241001303494e+07,3.299784160475349426e+07
6.149999999999913598e+03,9.100147268486844521e-01,9.869407000249775961e-16,7.076086100663600862e+07,3.303880084520511329e+07
6.159999999999912689e+03,9.101593767970572735e-01,9.869409187354084910e-16,7.089797566654446721e+07,3.307970574294351786e+07
6.169999999999912689e+03,9.103040266965337635e-01,9.869411375284487026e-16,7.103519652869223058e+07,3.312055625089341402e+07
6.179999999999912689e+03,9.104486765516399682e-01,9.869413564025104512e-16,7.117252373138712347e+07,3.316135228784713149e+07
6.189999999999912689e+03,9.105933263529638610e-01,9.869415753561171863e-16,7.130995741227701306e+07,3.320209380561925471e+07
6.199999999999912689e+03,9.107379761121108253e-01,9.869417943877732279e-16,7.144749770835493505e+07,3.324278073047727346e+07
6.209999999999911779e+03,9.108826258187415759e-01,9.869420134958965151e-16,7.158514475594531000e+07,3.328341300463778898e+07
6.219999999999911779e+03,9.110272754789459082e-01,9.869422326798017253e-16,7.172289869070929289e+07,3.332399056154296547e+07
6.229999999999911779e+03,9.111719250893226540e-01,9.869424519355433705e-16,7.186075964763057232e+07,3.336451334348366410e+07
6.239999999999911779e+03,9.113165746519413801e-01,9.869426712640116802e-16,7.199872776102137566e+07,3.340498128857690841e+07
6.249999999999910870e+03,9.114612241643038626e-01,9.869428906628016149e-16,7.213680316450960934e+07,3.344539433458332717e+07
6.259999999999910870e+03,9.116058736146107622e-01,9.869431101303066592e-16,7.227498599103918672e+07,3.348575240844295919e+07
6.269999999999910870e+03,9.117505230345704925e-01,9.869433296651033136e-16,7.241327637286308408e+07,3.352605546874173358e+07
6.279999999999910870e+03,9.118951723972976708e-01,9.869435492655610027e-16,7.255167444154183567e+07,3.356630344043906778e+07
6.289999999999909960e+03,9.120398217079103143e-01,9.869437689309123621e-16,7.269018032793650031e+07,3.360649627004228532e+07
6.299999999999909960e+03,9.121844709690785091e-01,9.869439886572136787e-16,7.282879416220755875e+07,3.364663389325220883e+07
6.309999999999909960e+03,9.123291201840857401e-01,9.869442084452922706e-16,7.296751607380735874e+07,3.368671625773985684e+07
6.319999999999909960e+03,9.124737693395590377e-01,9.869444282930201854e-16,7.310634619147920609e+07,3.372674329229799658e+07
6.329999999999909051e+03,9.126184184502106334e-01,9.869446481980347847e-16,7.324528464324994385e+07,3.376671494521591067e+07
6.339999999999909051e+03,9.127630675082661904e-01,9.869448681595312332e-16,7.338433155642895401e+07,3.380663115886947513e+07
6.349999999999909051e+03,9.129077165145567108e-01,9.869450881756040373e-16,7.352348705760093033e+07,3.384649187195256352e+07
6.359999999999909051e+03,9.130523654658007082e-01,9.869453082447813798e-16,7.366275127262468636e+07,3.388629702630893886e+07
6.369999999999909051e+03,9.131970143667693662e-01,9.869455283653110035e-16,7.380212432662595809e+07,3.392604656531626731e+07
6.379999999999908141e+03,9.133416632154697234e-01,9.869457485356775065e-16,7.394160634399649501e+07,3.396574043068174273e+07
6.389999999999908141e+03,9.134863120107364898e-01,9.869459687543199303e-16,7.408119744838668406e+07,3.400537856461129338e+07
6.399999999999908141e+03,9.136309607618740003e-01,9.869461890194118647e-16,7.422089776270458102e+07,3.404496091390269250e+07
6.409999999999908141e+03,9.137756094502581528e-01,9.869464093295641257e-16,7.436070740910834074e+07,3.408448741800510883e+07
6.419999999999907232e+03,9.139202580829102196e-01,9.869466296830074954e-16,7.450062650900650024e+07,3.412395802071947604e+07
6.429999999999907232e+03,9.140649066723252059e-01,9.869468500782204585e-16,7.464065518304911256e+07,3.416337266828896105e+07
6.439999999999907232e+03,9.142095551981237467e-01,9.869470705134489825e-16,7.478079355112856627e+07,3.420273130852009356e+07
6.449999999999907232e+03,9.143542036771374892e-01,9.869472909871143598e-16,7.492104173237058520e+07,3.424203388098420203e+07
6.459999999999906322e+03,9.144988520984411728e-01,9.869475114976361074e-16,7.506139984513507783e+07,3.428128032987300307e+07
6.469999999999906322e+03,9.146435004571746852e-01,9.869477320432168058e-16,7.520186800700747967e+07,3.432047060207834095e+07
6.479999999999906322e+03,9.147881487765683328e-01,9.869479526223288258e-16,7.534244633479942381e+07,3.435960465338338912e+07
6.489999999999906322e+03,9.149327970279041988e-01,9.869481732332388429e-16,7.548313494453988969e+07,3.439868241624113917e+07
6.499999999999905413e+03,9.150774452316959851e-01,9.869483938743464554e-16,7.562393395147632062e+07,3.443770384027878195e+07
6.509999999999905413e+03,9.152220933838890460e-01,9.869486145439145916e-16,7.576484347006562352e+07,3.447666888608141989e+07
6.519999999999905413e+03,9.153667414648914979e-01,9.869488352403491609e-16,7.590586361397518218e+07,3.451557747452561557e+07
6.529999999999905413e+03,9.155113895053259565e-01,9.869490559617947624e-16,7.604699449607403576e+07,3.455442958141245693e+07
6.539999999999905413e+03,9.156560374776827604e-01,9.869492767067890452e-16,7.618823622843393683e+07,3.459322513630082458e+07
6.549999999999904503e+03,9.158006854018552190e-01,9.869494974734984994e-16,7.632958892232045531e+07,3.463196409567236155e+07
6.559999999999904503e+03,9.159453332674976078e-01,9.869497182603049740e-16,7.647105268819414079e+07,3.467064640780889988e+07
6.569999999999904503e+03,9.160899810695524170e-01,9.869499390654451677e-16,7.661262763570176065e+07,3.470927202052097023e+07
6.579999999999904503e+03,9.162346288224634261e-01,9.869501598872066607e-16,7.675431387367737293e+07,3.474784087701757252e+07
6.589999999999903594e+03,9.163792765135947427e-01,9.869503807239695270e-16,7.689611151013365388e+07,3.478635294463728368e+07
6.599999999999903594e+03,9.165239241516576207e-01,9.869506015739333890e-16,7.703802065226292610e+07,3.482480815466178954e+07
6.609999999999903594e+03,9.166685717264411171e-01,9.869508224354613602e-16,7.718004140642851591e+07,3.486320647045239061e+07
6.619999999999903594e+03,9.168132192428826155e-01,9.869510433067031673e-16,7.732217387816599011e+07,3.490154783939136565e+07
6.629999999999902684e+03,9.169578667003477346e-01,9.869512641860414484e-16,7.746441817217445374e+07,3.493983220880547911e+07
6.639999999999902684e+03,9.171025141043288587e-01,9.869514850716756283e-16,7.760677439231775701e+07,3.497805953304246813e+07
6.649999999999902684e+03,9.172471614461967793e-01,9.869517059618877653e-16,7.774924264161595702e+07,3.501622976687690616e+07
6.659999999999902684e+03,9.173918087259527177e-01,9.869519268549658340e-16,7.789182302224637568e+07,3.505434286722899228e+07
6.669999999999901775e+03,9.175364559471269610e-01,9.869521477490593638e-16,7.803451563553521037e+07,3.509239877062913030e+07
6.679999999999901775e+03,9.176811031091783866e-01,9.869523686424728956e-16,7.817732058195888996e+07,3.513039744666166604e+07
6.689999999999901775e+03,9.178257502136679680e-01,9.869525895335070257e-16,7.832023796113519371e+07,3.516833884370242059e+07
6.699999999999901775e+03,9.179703972531390033e-01,9.869528104202834762e-16,7.846326787182500958e+07,3.520622291425248981e+07
6.709999999999901775e+03,9.181150442314075510e-01,9.869530313012474024e-16,7.860641041192358732e+07,3.524404961530627310e+07
6.719999999999900865e+03,9.182596911544975704e-01,9.869532521742008405e-16,7.874966567846198380e+07,3.528181889689476788e+07
6.729999999999900865e+03,9.184043380091482245e-01,9.869534730376989918e-16,7.889303376759935915e+07,3.531953072171248496e+07
6.739999999999900865e+03,9.185489848112917688e-01,9.869536938898714671e-16,7.903651477462235093e+07,3.535718504410903156e+07
6.749999999999900865e+03,9.186936315369576000e-01,9.869539147289748837e-16,7.918010879393909872e+07,3.539478181113418937e+07
6.759999999999899956e+03,9.188382782107040736e-01,9.869541355531410219e-16,7.932381591907843947e+07,3.543232099006967247e+07
6.769999999999899956e+03,9.189829248243372994e-01,9.869543563605464297e-16,7.946763624268381298e+07,3.546980253585897386e+07
6.779999999999899956e+03,9.191275713732819375e-01,9.869545771494260308e-16,7.961156985651259124e+07,3.550722640337587893e+07
6.789999999999899956e+03,9.192722178546500755e-01,9.869547979180332871e-16,7.975561685142984986e+07,3.554459254595904797e+07
6.799999999999899046e+03,9.194168642788442813e-01,9.869550186643396428e-16,7.989977731740790606e+07,3.558190093262728304e+07
6.809999999999899046e+03,9.195615106345140788e-01,9.869552393867048589e-16,8.004405134352006018e+07,3.561915151390055567e+07
6.819999999999899046e+03,9.197061569254292301e-01,9.869554600832611100e-16,8.018843901794004440e+07,3.565634424558916688e+07
6.829999999999899046e+03,9.198508031619403447e-01,9.869556807521664059e-16,8.033294042793613672e+07,3.569347910053493083e+07
6.839999999999899046e+03,9.199954493291994106e-01,9.869559013914951370e-16,8.047755565987043083e+07,3.573055602898024023e+07
6.849999999999898137e+03,9.201400954250417152e-01,9.869561219995066819e-16,8.062228479919299483e+07,3.576757498483955115e+07
6.859999999999898137e+03,9.202847414667330028e-01,9.869563425742953497e-16,8.076712793044139445e+07,3.580453594323261082e+07
6.869999999999898137e+03,9.204293874387621255e-01,9.869565631140487326e-16,8.091208513723449409e+07,3.584143885941391438e+07
6.879999999999898137e+03,9.205740333408565235e-01,9.869567836168542373e-16,8.105715650227245688e+07,3.587828368467309326e+07
6.889999999999897227e+03,9.207186791808767978e-01,9.869570040808544907e-16,8.120234210733039677e+07,3.591507040244549513e+07
6.899999999999897227e+03,9.208633249492872430e-01,9.869572245041268417e-16,8.134764203325839341e+07,3.595179894796614349e+07
6.909999999999897227e+03,9.210079706618490292e-01,9.869574448848981281e-16,8.149305635997535288e+07,3.598846931276181340e+07
6.919999999999897227e+03,9.211526163000699485e-01,9.869576652212251884e-16,8.163858516646896303e+07,3.602508143616268784e+07
6.929999999999896318e+03,9.212972618796650970e-01,9.869578855111910904e-16,8.178422853078953922e+07,3.606163529052950442e+07
6.939999999999896318e+03,9.214419073817337047e-01,9.869581057529282061e-16,8.192998653005003929e+07,3.609813084622254223e+07
6.949999999999896318e+03,9.215865528251883099e-01,9.869583259445227588e-16,8.207585924042026699e+07,3.613456806133134663e+07
6.959999999999896318e+03,9.217311981964548817e-01,9.869585460840530835e-16,8.222184673712678254e+07,3.617094689437397569e+07
6.969999999999895408e+03,9.218758434958878034e-01,9.869587661698797299e-16,8.236794909444685280e+07,3.620726732095870376e+07
6.979999999999895408e+03,9.220204887323754095e-01,9.869589861993748051e-16,8.251416638570857048e+07,3.624352930987624079e+07
6.989999999999895408e+03,9.221651339043908102e-01,9.869592061712976281e-16,8.266049868328496814e+07,3.627973281468275189e+07
6.999999999999895408e+03,9.223097789954340930e-01,9.869594260834500381e-16,8.280694605859448016e+07,3.631587780717444420e+07
7.009999999999895408e+03,9.224544240272791740e-01,9.869596459339360078e-16,8.295350858209465444e+07,3.635196425834145397e+07
7.019999999999894499e+03,9.225990689831136127e-01,9.869598657207930486e-16,8.310018632328264415e+07,3.638799212828100473e+07
7.029999999999894499e+03,9.227437138738621147e-01,9.869600854420732656e-16,8.324697935068929195e+07,3.642396139469628781e+07
7.039999999999894499e+03,9.228883586990459520e-01,9.869603050958467107e-16,8.339388773187944293e+07,3.645987201894745231e+07
7.049999999999894499e+03,9.230330034446216914e-01,9.869605246801495145e-16,8.354091153344662488e+07,3.649572396841096878e+07
7.059999999999893589e+03,9.231776481237732312e-01,9.869607441929836897e-16,8.368805082101222873e+07,3.653151721951957792e+07
7.069999999999893589e+03,9.233222927283941672e-01,9.869609636324125827e-16,8.383530565922124684e+07,3.656725173131866008e+07
7.079999999999893589e+03,9.234669372583840241e-01,9.869611829964338674e-16,8.398267611174134910e+07,3.660292748417841643e+07
7.089999999999893589e+03,9.236115817244063830e-01,9.869614022830844634e-16,8.413016224125845730e+07,3.663854444328214973e+07
7.099999999999892680e+03,9.237562261195777502e-01,9.869616214903971487e-16,8.427776410947613418e+07,3.667410258635995537e+07
7.109999999999892680e+03,9.239008704406863615e-01,9.869618406163153631e-16,8.442548177711120248e+07,3.670960187740994990e+07
7.119999999999892680e+03,9.240455146867457836e-01,9.869620596588992975e-16,8.457331530389295518e+07,3.674504228726319969e+07
7.129999999999892680e+03,9.241901588568643966e-01,9.869622786160959415e-16,8.472126474855892360e+07,3.678042379043852538e+07
7.139999999999891770e+03,9.243348029622595607e-01,9.869624974859183516e-16,8.486933016885404289e+07,3.681574637337004393e+07
7.149999999999891770e+03,9.244794469897485989e-01,9.869627162663269279e-16,8.501751162152667344e+07,3.685100998245520145e+07
7.159999999999891770e+03,9.246240909446457046e-01,9.869629349553148084e-16,8.516580916232807934e+07,3.688621461481934786e+07
7.169999999999891770e+03,9.247687348209818747e-01,9.869631535508550149e-16,8.531422284600801766e+07,3.692136023323754221e+07
7.179999999999891770e+03,9.249133786323107120e-01,9.869633720509134696e-16,8.546275272631448507e+07,3.695644681819449365e+07
7.189999999999890861e+03,9.250580223610861408e-01,9.869635904534152711e-16,8.561139885598926246e+07,3.699147433664713800e+07
7.199999999999890861e+03,9.252026660202479214e-01,9.869638087563758425e-16,8.576016128676785529e+07,3.702644277629383653e+07
7.209999999999890861e+03,9.253473095974122931e-01,9.869640269576721621e-16,8.590904006937521696e+07,3.706135209976354241e+07
7.219999999999890861e+03,9.254919531097071106e-01,9.869642450553151168e-16,8.605803525352549553e+07,3.709620229821843654e+07
7.229999999999889951e+03,9.256365965347326252e-01,9.869644630471735992e-16,8.620714688791783154e+07,3.713099333214005828e+07
7.239999999999889951e+03,9.257812398835649770e-01,9.869646809312137284e-16,8.635637502023626864e+07,3.716572519595262408e+07
7.249999999999889951e+03,9.259258831609461504e-01,9.869648987053945242e-16,8.650571969714578986e+07,3.720039785542363673e+07
7.259999999999889951e+03,9.260705263616735294e-01,9.869651163675710738e-16,8.665518096429203451e+07,3.723501129335337877e+07
7.269999999999889042e+03,9.262151694830325077e-01,9.869653339156856334e-16,8.680475886629743874e+07,3.726956548934026062e+07
7.279999999999889042e+03,9.263598125303339481e-01,9.869655513476199143e-16,8.695445344676105678e+07,3.730406041805943847e+07
7.289999999999889042e+03,9.265044554935331078e-01,9.869657686613001984e-16,8.710426474825470150e+07,3.733849606931459904e+07
7.299999999999889042e+03,9.266490983840709461e-01,9.869659858545880811e-16,8.725419281232310832e+07,3.737287241494751722e+07
7.309999999999889042e+03,9.267937411972888562e-01,9.869662029253492991e-16,8.740423767947979271e+07,3.740718943735837191e+07
7.319999999999888132e+03,9.269383839274665249e-01,9.869664198715718627e-16,8.755439938920737803e+07,3.744144712188734859e+07
7.329999999999888132e+03,9.270830265784218982e-01,9.869666366910045601e-16,8.770467797995360196e+07,3.747564544709857553e+07
7.339999999999888132e+03,9.272276691507574942e-01,9.869668533815991139e-16,8.785507348913177848e+07,3.750978439069576561e+07
7.349999999999888132e+03,9.273723116451748627e-01,9.869670699411845790e-16,8.800558595311675966e+07,3.754386394412668049e+07
7.359999999999887223e+03,9.275169540570938898e-01,9.869672863676801375e-16,8.815621540724530816e+07,3.757788408388677239e+07
7.369999999999887223e+03,9.276615963905898710e-01,9.869675026588789510e-16,8.830696188581264019e+07,3.761184480371198803e+07
7.379999999999887223e+03,9.278062386423909791e-01,9.869677188125962692e-16,8.845782542207211256e+07,3.764574607314420491e+07
7.389999999999887223e+03,9.279508808090878302e-01,9.869679348266800796e-16,8.860880604823239148e+07,3.767958788843729347e+07
7.399999999999886313e+03,9.280955229015630525e-01,9.869681506989541122e-16,8.875990379545699060e+07,3.771337022959610075e+07
7.409999999999886313e+03,9.282401649097644647e-01,9.869683664273791614e-16,8.891111869386158884e+07,3.774709308617014438e+07
7.419999999999886313e+03,9.283848068382172247e-01,9.869685820096714751e-16,8.906245077251388133e+07,3.778075644051853567e+07
7.429999999999886313e+03,9.285294486774746670e-01,9.869687974436394004e-16,8.921390005943053961e+07,3.781436028013360500e+07
7.439999999999885404e+03,9.286740904398074203e-01,9.869690127270374446e-16,8.936546658157737553e+07,3.784790459150840342e+07
7.449999999999885404e+03,9.288187321188365875e-01,9.869692278577485025e-16,8.951715036486616731e+07,3.788138936759820580e+07
7.459999999999885404e+03,9.289633737126981039e-01,9.869694428335803294e-16,8.966895143415504694e+07,3.791481458772852272e+07
7.469999999999885404e+03,9.291080152225272837e-01,9.869696576522777694e-16,8.982086981324556470e+07,3.794818025000572205e+07
7.479999999999885404e+03,9.292526566419551104e-01,9.869698723117026149e-16,8.997290552488268912e+07,3.798148633551646769e+07
7.489999999999884494e+03,9.293972979875585461e-01,9.869700868094987355e-16,9.012505859075240791e+07,3.801473284067140520e+07
7.499999999999884494e+03,9.295419392434118855e-01,9.869703011434350355e-16,9.027732903148169816e+07,3.804791975081483275e+07
7.509999999999884494e+03,9.296865804129981203e-01,9.869705153115216133e-16,9.042971686663596332e+07,3.808104705813672394e+07
7.519999999999884494e+03,9.298312214998174507e-01,9.869707293113096473e-16,9.058222211471933126e+07,3.811411475594291836e+07
7.529999999999883585e+03,9.299758624974391319e-01,9.869709431404739700e-16,9.073484479317191243e+07,3.814712283340892196e+07
7.539999999999883585e+03,9.301205034122091986e-01,9.869711567968809099e-16,9.088758491837042570e+07,3.818007128015802801e+07
7.549999999999883585e+03,9.302651442425432515e-01,9.869713702784165170e-16,9.104044250562544167e+07,3.821296009390279651e+07
7.559999999999883585e+03,9.304097849870334169e-01,9.869715835825781301e-16,9.119341756918196380e+07,3.824578926933214813e+07
7.569999999999882675e+03,9.305544256410389625e-01,9.869717967070758832e-16,9.134651012221693993e+07,3.827855879568172246e+07
7.579999999999882675e+03,9.306990661987271096e-01,9.869720096498240280e-16,9.149972017683976889e+07,3.831126866349010915e+07
7.589999999999882675e+03,9.308437066834709395e-01,9.869722224085076522e-16,9.165304774408991635e+07,3.834391887653258443e+07
7.599999999999882675e+03,9.309883470672295491e-01,9.869724349806761594e-16,9.180649283393754065e+07,3.837650942206364125e+07
7.609999999999881766e+03,9.311329873774438770e-01,9.869726473641029897e-16,9.196005545528122783e+07,3.840904030709925294e+07
7.619999999999881766e+03,9.312776275864327324e-01,9.869728595566353418e-16,9.211373561594857275e+07,3.844151151202711463e+07
7.629999999999881766e+03,9.314222677112435900e-01,9.869730715557977700e-16,9.226753332269400358e+07,3.847392304496718943e+07
7.639999999999881766e+03,9.315669077394774789e-01,9.869732833592254666e-16,9.242144858119954169e+07,3.850627489892032743e+07
7.649999999999881766e+03,9.317115476878385927e-01,9.869734949647831823e-16,9.257548139607264102e+07,3.853856708117210120e+07
7.659999999999880856e+03,9.318561875386094373e-01,9.869737063700394507e-16,9.272963177084687352e+07,3.857079956962554902e+07
7.669999999999880856e+03,9.320008273040578661e-01,9.869739175725517611e-16,9.288389970798003674e+07,3.860297238315258920e+07
7.679999999999880856e+03,9.321454669718474140e-01,9.869741285702550729e-16,9.303828520885506272e+07,3.863508550668577105e+07
7.689999999999880856e+03,9.322901065487332328e-01,9.869743393605212960e-16,9.319278827377790213e+07,3.866713895179147273e+07
7.699999999999879947e+03,9.324347460378887842e-01,9.869745499410554369e-16,9.334740890197843313e+07,3.869913270745627582e+07
7.709999999999879947e+03,9.325793854399331284e-01,9.869747603097703667e-16,9.350214709160879254e+07,3.873106679482318461e+07
7.719999999999879947e+03,9.327240247426727970e-01,9.869749704638395968e-16,9.365700283974400163e+07,3.876294118713847548e+07
7.729999999999879947e+03,9.328686639482874909e-01,9.869751804012578429e-16,9.381197614238056540e+07,3.879475590101150423e+07
7.739999999999879037e+03,9.330133030698980479e-01,9.869753901195405875e-16,9.396706699443727732e+07,3.882651094512229413e+07
7.749999999999879037e+03,9.331579420928748370e-01,9.869755996161017473e-16,9.412227538975371420e+07,3.885820630941976607e+07
7.759999999999879037e+03,9.333025810239221620e-01,9.869758088889794253e-16,9.427760132109107077e+07,3.888984200632054359e+07
7.769999999999879037e+03,9.334472198580356928e-01,9.869760179353177478e-16,9.443304478013089299e+07,3.892141803383222967e+07
7.779999999999878128e+03,9.335918586016433984e-01,9.869762267530587738e-16,9.458860575747595727e+07,3.895293440547996759e+07
7.789999999999878128e+03,9.337364972502963933e-01,9.869764353395677081e-16,9.474428424264900386e+07,3.898439111892474443e+07
7.799999999999878128e+03,9.338811358009132535e-01,9.869766436924598240e-16,9.490008022409379482e+07,3.901578817478901893e+07
7.809999999999878128e+03,9.340257742513990991e-01,9.869768518095485963e-16,9.505599368917395175e+07,3.904712558611633629e+07
7.819999999999878128e+03,9.341704126190053525e-01,9.869770596879491607e-16,9.521202462417383492e+07,3.907840336708900332e+07
7.829999999999877218e+03,9.343150508760307282e-01,9.869772673257505017e-16,9.536817301429748535e+07,3.910962150703336298e+07
7.839999999999877218e+03,9.344596890379961440e-01,9.869774747200058294e-16,9.552443884366993606e+07,3.914078002792206407e+07
7.849999999999877218e+03,9.346043271108230854e-01,9.869776818687025623e-16,9.568082209533610940e+07,3.917187893113575876e+07
7.859999999999877218e+03,9.347489650825435703e-01,9.869778887689990264e-16,9.583732275126191974e+07,3.920291823203299195e+07
7.869999999999876309e+03,9.348936029503607248e-01,9.869780954187428145e-16,9.599394079233343899e+07,3.923389792566037923e+07
7.879999999999876309e+03,9.350382407318087452e-01,9.869783018152658019e-16,9.615067619835814834e+07,3.926481804057520628e+07
7.889999999999876309e+03,9.351828784083249246e-01,9.869785079562061390e-16,9.630752894806405902e+07,3.929567857239896804e+07
7.899999999999876309e+03,9.353275159865844790e-01,9.869787138390516984e-16,9.646449901910123229e+07,3.932647954103767127e+07
7.909999999999875399e+03,9.354721534668180016e-01,9.869789194612455845e-16,9.662158638804066181e+07,3.935722094576342404e+07
7.919999999999875399e+03,9.356167908420230939e-01,9.869791248203977461e-16,9.677879103037609160e+07,3.938790281449420750e+07
7.929999999999875399e+03,9.357614281158349590e-01,9.869793299139002090e-16,9.693611292052313685e+07,3.941852514887053519e+07
7.939999999999875399e+03,9.359060652944215519e-01,9.869795347393495112e-16,9.709355203182083368e+07,3.944908796505135298e+07
7.949999999999874490e+03,9.360507023692161699e-01,9.869797392941854047e-16,9.725110833653084934e+07,3.947959127515866607e+07
7.959999999999874490e+03,9.361953393458082306e-01,9.869799435758066207e-16,9.740878180583937466e+07,3.951003509216640890e+07
7.969999999999874490e+03,9.363399762135475868e-01,9.869801475818449986e-16,9.756657240985618532e+07,3.954041943289463967e+07
7.979999999999874490e+03,9.364846129881281289e-01,9.869803513095539221e-16,9.772448011761674285e+07,3.957074431434979290e+07
7.989999999999874490e+03,9.366292496633054077e-01,9.869805547567044647e-16,9.788250489708131552e+07,3.960100975012985617e+07
7.999999999999873580e+03,9.367738862282710688e-01,9.869807579203027020e-16,9.804064671513710916e+07,3.963121575264272839e+07
8.009999999999873580e+03,9.369185226914884534e-01,9.869809607983912728e-16,9.819890553759767115e+07,3.966136234292815626e+07
8.019999999999873580e+03,9.370631590431837132e-01,9.869811633876969962e-16,9.835728132920458913e+07,3.969144953347298503e+07
8.029999999999873580e+03,9.372077953054340771e-01,9.869813656863960255e-16,9.851577405362747610e+07,3.972147735088900477e+07
8.039999999999872671e+03,9.373524314495693677e-01,9.869815676912358875e-16,9.867438367346560955e+07,3.975144579982754588e+07
8.049999999999872671e+03,9.374970674939595572e-01,9.869817694001186064e-16,9.883311015024781227e+07,3.978135491142852604e+07
8.059999999999872671e+03,9.376417034342111601e-01,9.869819708102790276e-16,9.899195344443427026e+07,3.981120470108526200e+07
8.069999999999872671e+03,9.377863392743972515e-01,9.869821719189833536e-16,9.915091351541674137e+07,3.984099518734247983e+07
8.079999999999871761e+03,9.379309750040428773e-01,9.869823727240133076e-16,9.930999032152017951e+07,3.987072638773841411e+07
8.089999999999871761e+03,9.380756106215739631e-01,9.869825732222309981e-16,9.946918382000295818e+07,3.990039832723856717e+07
8.099999999999871761e+03,9.382202461396658144e-01,9.869827734115457464e-16,9.962849396705885231e+07,3.993001102874703705e+07
8.109999999999871761e+03,9.383648815472278581e-01,9.869829732890677579e-16,9.978792071781705320e+07,3.995956451005733758e+07
8.119999999999871761e+03,9.385095168462818105e-01,9.869831728520003234e-16,9.994746402634429932e+07,3.998905879080257565e+07
8.129999999999870852e+03,9.386541520419606766e-01,9.869833720982673583e-16,1.001071238456452191e+08,4.001849390424277633e+07
8.139999999999870852e+03,9.387987871297045483e-01,9.869835710245915399e-16,1.002669001276641935e+08,4.004786986859665066e+07
8.149999999999870852e+03,9.389434221093387878e-01,9.869837696286549977e-16,1.004267928232860565e+08,4.007718670321457088e+07
8.159999999999870852e+03,9.390880569741331119e-01,9.869839679079921468e-16,1.005868018823373616e+08,4.010644443408750743e+07
8.169999999999869942e+03,9.392326917291415889e-01,9.869841658593692493e-16,1.007469272535853088e+08,4.013564309434464574e+07
8.179999999999869942e+03,9.393773263819593655e-01,9.869843634806632833e-16,1.009071688847471923e+08,4.016478270355612785e+07
8.189999999999869942e+03,9.395219609183191878e-01,9.869845607690945000e-16,1.010675267224809378e+08,4.019386328499936312e+07
8.199999999999869033e+03,9.396665953396892146e-01,9.869847577216080357e-16,1.012280007123972774e+08,4.022288486950560659e+07
8.209999999999869033e+03,9.398112296613523320e-01,9.869849543359765416e-16,1.013885907990504205e+08,4.025184748531345278e+07
8.219999999999869033e+03,9.399558638657212750e-01,9.869851506094334825e-16,1.015492969259500951e+08,4.028075115477133542e+07
8.229999999999869033e+03,9.401004979588203359e-01,9.869853465388376143e-16,1.017101190355527550e+08,4.030959591342030466e+07
8.239999999999869033e+03,9.402451319366409432e-01,9.869855421220700566e-16,1.018710570692735463e+08,4.033838178150884062e+07
8.249999999999869033e+03,9.403897658124898973e-01,9.869857373562536364e-16,1.020321109674776047e+08,4.036710880294436216e+07
8.259999999999869033e+03,9.405343995611278318e-01,9.869859322382774807e-16,1.021932806694916338e+08,4.039577698645121604e+07
8.269999999999869033e+03,9.406790332026633283e-01,9.869861267658471877e-16,1.023545661135958284e+08,4.042438637628595531e+07
8.279999999999867214e+03,9.408236667371300266e-01,9.869863209362891105e-16,1.025159672370353788e+08,4.045293700401619822e+07
8.289999999999867214e+03,9.409683001409803182e-01,9.869865147464487915e-16,1.026774839760129750e+08,4.048142889452884346e+07
8.299999999999867214e+03,9.411129334421655113e-01,9.869867081936760526e-16,1.028391162656988949e+08,4.050986208808331192e+07
8.309999999999867214e+03,9.412575666253079065e-01,9.869869012756439513e-16,1.030008640402257890e+08,4.053823660592068732e+07
8.319999999999867214e+03,9.414021996906076772e-01,9.869870939892820437e-16,1.031627272326933742e+08,4.056655249172795564e+07
8.329999999999867214e+03,9.415468326464833115e-01,9.869872863315518348e-16,1.033247057751386315e+08,4.059480977143421024e+07
8.339999999999867214e+03,9.416914654826233910e-01,9.869874783000242248e-16,1.034867995986339599e+08,4.062300848792956769e+07
8.349999999999867214e+03,9.418360982037974338e-01,9.869876698920955781e-16,1.036490086331639886e+08,4.065114866473111510e+07
8.359999999999865395e+03,9.419807308026630910e-01,9.869878611046439777e-16,1.038113328077487350e+08,4.067923034241060168e+07
8.369999999999865395e+03,9.421253632850090654e-01,9.869880519347666128e-16,1.039737720503266752e+08,4.070725356259810925e+07
8.379999999999865395e+03,9.422699956541038535e-01,9.869882423798967272e-16,1.041363262878730893e+08,4.073521834922677279e+07
8.389999999999865395e+03,9.424146279025817918e-01,9.869884324373924256e-16,1.042989954462885708e+08,4.076312474776212871e+07
8.399999999999865395e+03,9.425592600342584948e-01,9.869886221042357235e-16,1.044617794505073577e+08,4.079097279645775259e+07
8.409999999999865395e+03,9.427038920438083336e-01,9.869888113773733348e-16,1.046246782243403792e+08,4.081876252204622328e+07
8.419999999999865395e+03,9.428485239323260991e-01,9.869890002543298139e-16,1.047876916907544434e+08,4.084649397947015613e+07
8.429999999999865395e+03,9.429931557019233246e-01,9.869891887320197286e-16,1.049508197715447992e+08,4.087416719618711621e+07
8.439999999999865395e+03,9.431377873536725964e-01,9.869893768080021461e-16,1.051140623876598924e+08,4.090178221097512543e+07
8.449999999999863576e+03,9.432824188828321521e-01,9.869895644790023074e-16,1.052774194588825256e+08,4.092933906760137528e+07
8.459999999999863576e+03,9.434270502898032262e-01,9.869897517421375178e-16,1.054408909041526318e+08,4.095683780923897773e+07
8.469999999999863576e+03,9.435716815771748589e-01,9.869899385947929004e-16,1.056044766412482560e+08,4.098427847269691527e+07
8.479999999999863576e+03,9.437163127373620064e-01,9.869901250341798320e-16,1.057681765871181488e+08,4.101166109564536810e+07
8.489999999999863576e+03,9.438609437806138036e-01,9.869903110573568474e-16,1.059319906576122195e+08,4.103898572716680169e+07
8.499999999999863576e+03,9.440055747052806812e-01,9.869904966612361479e-16,1.060959187676260471e+08,4.106625241512821615e+07
8.509999999999863576e+03,9.441502054914573394e-01,9.869906818429044702e-16,1.062599608310268521e+08,4.109346117933997512e+07
8.519999999999863576e+03,9.442948361704551763e-01,9.869908665995367061e-16,1.064241167607059181e+08,4.112061209154522419e+07
8.529999999999861757e+03,9.444394667144112576e-01,9.869910509284609838e-16,1.065883864682904929e+08,4.114770517779211700e+07
8.539999999999861757e+03,9.445840971389445340e-01,9.869912348266364416e-16,1.067527698649725914e+08,4.117474048970939219e+07
8.549999999999861757e+03,9.447287274351219288e-01,9.869914182912184472e-16,1.069172668604730964e+08,4.120171807328770310e+07
8.559999999999861757e+03,9.448733576081425056e-01,9.869916013190777865e-16,1.070818773640250862e+08,4.122863796466848254e+07
8.569999999999861757e+03,9.450179876555073744e-01,9.869917839072544563e-16,1.072466012838135511e+08,4.125550022711702436e+07
8.579999999999861757e+03,9.451626175782940065e-01,9.869919660528576757e-16,1.074114385272701383e+08,4.128230488420303166e+07
8.589999999999861757e+03,9.453072473676048526e-01,9.869921477531019769e-16,1.075763890079360157e+08,4.130905200557746738e+07
8.599999999999861757e+03,9.454518770369986225e-01,9.869923290049770666e-16,1.077414526243738532e+08,4.133574163137961924e+07
8.609999999999861757e+03,9.455965065755116417e-01,9.869925098055941363e-16,1.079066292925855070e+08,4.136237380443754047e+07
8.619999999999859938e+03,9.457411359866355616e-01,9.869926901519081828e-16,1.080719189013199955e+08,4.138894857600264996e+07
8.629999999999859938e+03,9.458857652705432439e-01,9.869928700412899327e-16,1.082373213618785739e+08,4.141546600093769282e+07
8.639999999999859938e+03,9.460303944292962619e-01,9.869930494703744999e-16,1.084028365674599558e+08,4.144192612071910501e+07
8.649999999999859938e+03,9.461750234522805503e-01,9.869932284359212438e-16,1.085684643829154819e+08,4.146832899260829389e+07
8.659999999999859938e+03,9.463196523381024461e-01,9.869934069351728982e-16,1.087342047440929413e+08,4.149467466189699620e+07
8.669999999999859938e+03,9.464642811072925266e-01,9.869935849649347737e-16,1.089000575537552536e+08,4.152096318651823699e+07
8.679999999999859938e+03,9.466089097458181278e-01,9.869937625224237691e-16,1.090660227042355686e+08,4.154719461370175332e+07
8.689999999999859938e+03,9.467535382414952183e-01,9.869939396045751597e-16,1.092321000906381160e+08,4.157336899300501496e+07
8.699999999999858119e+03,9.468981666200388947e-01,9.869941162083841743e-16,1.093982896096084267e+08,4.159948638655174524e+07
8.709999999999858119e+03,9.470427948536273011e-01,9.869942923309014593e-16,1.095645911560649127e+08,4.162554684295000136e+07
8.719999999999858119e+03,9.471874229640542264e-01,9.869944679690609094e-16,1.097310046235009581e+08,4.165155041564666480e+07
8.729999999999858119e+03,9.473320509347468166e-01,9.869946431197699929e-16,1.098975299039492905e+08,4.167749715689200163e+07
8.739999999999858119e+03,9.474766787865170903e-01,9.869948177799868619e-16,1.100641668899869770e+08,4.170338712783457339e+07
8.749999999999858119e+03,9.476213064958947108e-01,9.869949919466408754e-16,1.102309154718478620e+08,4.172922038026507944e+07
8.759999999999858119e+03,9.477659340627804241e-01,9.869951656166517289e-16,1.103977755403624475e+08,4.175499696846978366e+07
8.769999999999858119e+03,9.479105615064713497e-01,9.869953387869347788e-16,1.105647469846754223e+08,4.178071695498412102e+07
8.779999999999858119e+03,9.480551888113470937e-01,9.869955114544256952e-16,1.107318296930531263e+08,4.180638039217143506e+07
8.789999999999856300e+03,9.481998159833804340e-01,9.869956836160972241e-16,1.108990235527497679e+08,4.183198733553601056e+07
8.799999999999856300e+03,9.483444430191563246e-01,9.869958552687536902e-16,1.110663284502355456e+08,4.185753784690450132e+07
8.809999999999856300e+03,9.484890699136503400e-01,9.869960264093625149e-16,1.112337442708872110e+08,4.188303198972433060e+07
8.819999999999856300e+03,9.486336966716570895e-01,9.869961970348213054e-16,1.114012708994570673e+08,4.190846980998211354e+07
8.829999999999856300e+03,9.487783233033399988e-01,9.869963671419566715e-16,1.115689082195421904e+08,4.193385137829676270e+07
8.839999999999856300e+03,9.489229497812146086e-01,9.869965367276758841e-16,1.117366561141123623e+08,4.195917676052413881e+07
8.849999999999856300e+03,9.490675761298541513e-01,9.869967057888877918e-16,1.119045144649836570e+08,4.198444599556065351e+07
8.859999999999856300e+03,9.492122023449287571e-01,9.869968743224040158e-16,1.120724831533663422e+08,4.200965916368419677e+07
8.869999999999854481e+03,9.493568284193193429e-01,9.869970423250839038e-16,1.122405620593159795e+08,4.203481632281597704e+07
8.879999999999854481e+03,9.495014543457946932e-01,9.869972097937702373e-16,1.124087510623010993e+08,4.205991752626421303e+07
8.889999999999854481e+03,9.496460801427185627e-01,9.869973767253515515e-16,1.125770500407241285e+08,4.208496284845871478e+07
8.899999999999854481e+03,9.497907057968554279e-01,9.869975431165629484e-16,1.127454588722251505e+08,4.210995234647621959e+07
8.909999999999854481e+03,9.499353313064856641e-01,9.869977089643249122e-16,1.129139774334679246e+08,4.213488608598094434e+07
8.919999999999854481e+03,9.500799566760220749e-01,9.869978742654058744e-16,1.130826056003734469e+08,4.215976412874897569e+07
8.929999999999854481e+03,9.502245819105382685e-01,9.869980390165870850e-16,1.132513432478892207e+08,4.218458654099377990e+07
8.939999999999854481e+03,9.503692069975939738e-01,9.869982032147200031e-16,1.134201902502318770e+08,4.220935339232285321e+07
8.949999999999854481e+03,9.505138319439461192e-01,9.869983668565566911e-16,1.135891464806495011e+08,4.223406473709913343e+07
8.959999999999852662e+03,9.506584567504621219e-01,9.869985299388939793e-16,1.137582118116714507e+08,4.225872065556871146e+07
8.969999999999852662e+03,9.508030814105861150e-01,9.869986924585056238e-16,1.139273861148969382e+08,4.228332120530100167e+07
8.979999999999852662e+03,9.509477059242821273e-01,9.869988544121375734e-16,1.140966692611454576e+08,4.230786645321711898e+07
8.989999999999852662e+03,9.510923303002114526e-01,9.869990157966343844e-16,1.142660611203451604e+08,4.233235647413206100e+07
8.999999999999852662e+03,9.512369545265034754e-01,9.869991766086011939e-16,1.144355615616572201e+08,4.235679132994849235e+07
9.009999999999852662e+03,9.513815786059238722e-01,9.869993368449480338e-16,1.146051704533577561e+08,4.238117108991799504e+07
9.019999999999852662e+03,9.515262025435664572e-01,9.869994965023137650e-16,1.147748876629650444e+08,4.240549582856292278e+07
9.029999999999852662e+03,9.516708263394415557e-01,9.869996555775303221e-16,1.149447130571200550e+08,4.242976561010429263e+07
9.039999999999850843e+03,9.518154499819178049e-01,9.869998140672556958e-16,1.151146465017138571e+08,4.245398050805320591e+07
9.049999999999850843e+03,9.519600734807979192e-01,9.869999719683020993e-16,1.152846878617674410e+08,4.247814058961740136e+07
9.059999999999850843e+03,9.521046968362771867e-01,9.870001292773326508e-16,1.154548370015620291e+08,4.250224593162984401e+07
9.069999999999850843e+03,9.522493200327842855e-01,9.870002859910700279e-16,1.156250937845162004e+08,4.252629659841665626e+07
9.079999999999850843e+03,9.523939430853209931e-01,9.870004421061712351e-16,1.157954580733171105e+08,4.255029266634208709e+07
9.089999999999850843e+03,9.525385660021162826e-01,9.870005976192534397e-16,1.159659297297974229e+08,4.257423421431069076e+07
9.099999999999850843e+03,9.526831887618554262e-01,9.870007525270053980e-16,1.161365086150672436e+08,4.259812130585118383e+07
9.109999999999850843e+03,9.528278113645378689e-01,9.870009068260507854e-16,1.163071945893903524e+08,4.262195401545900851e+07
9.119999999999850843e+03,9.529724338223886093e-01,9.870010605130300405e-16,1.164779875123166740e+08,4.264573242398785055e+07
9.129999999999849024e+03,9.531170561315194245e-01,9.870012135846934508e-16,1.166488872425609827e+08,4.266945660273955762e+07
9.139999999999849024e+03,9.532616782887447515e-01,9.870013660377169537e-16,1.168198936381272227e+08,4.269312662297866493e+07
9.149999999999849024e+03,9.534063002982062773e-01,9.870015178688658249e-16,1.169910065561952293e+08,4.271674256768906116e+07
9.159999999999849024e+03,9.535509221525664270e-01,9.870016690747517098e-16,1.171622258532431275e+08,4.274030450493495166e+07
9.169999999999849024e+03,9.536955438557090936e-01,9.870018196519420773e-16,1.173335513849333674e+08,4.276381252209306508e+07
9.179999999999849024e+03,9.538401654086898773e-01,9.870019695969529231e-16,1.175049830062358230e+08,4.278726669073440880e+07
9.189999999999849024e+03,9.539847868068772607e-01,9.870021189062241182e-16,1.176765205713132918e+08,4.281066708083573729e+07
9.199999999999849024e+03,9.541294080467179750e-01,9.870022675763702657e-16,1.178481639336450249e+08,4.283401377790627629e+07
9.209999999999847205e+03,9.542740291452154189e-01,9.870024156041274539e-16,1.180199129459114671e+08,4.285730687462662905e+07
9.219999999999847205e+03,9.544186500710485355e-01,9.870025629862116547e-16,1.181917674601189345e+08,4.288054641720252484e+07
9.229999999999847205e+03,9.545632708505356057e-01,9.870027097193181325e-16,1.183637273274838924e+08,4.290373251327394694e+07
9.239999999999847205e+03,9.547078914831265140e-01,9.870028557999475005e-16,1.185357923985576332e+08,4.292686523554673791e+07
9.249999999999847205e+03,9.548525119563556762e-01,9.870030012243978315e-16,1.187079625231098384e+08,4.294994465952218324e+07
9.259999999999847205e+03,9.549971322694323916e-01,9.870031459891186599e-16,1.188802375502552986e+08,4.297297087458536029e+07
9.269999999999847205e+03,9.551417524250165325e-01,9.870032900905303321e-16,1.190526173283349276e+08,4.299594394743163139e+07
9.279999999999847205e+03,9.552863724307192328e-01,9.870034335255801536e-16,1.192251017050485313e+08,4.301886398004444689e+07
9.289999999999847205e+03,9.554309922692034718e-01,9.870035762909833076e-16,1.193976905273629278e+08,4.304173103831501305e+07
9.299999999999845386e+03,9.555756119511751301e-01,9.870037183831916950e-16,1.195703836415417343e+08,4.306454521467518806e+07
9.309999999999845386e+03,9.557202314761024109e-01,9.870038597984118808e-16,1.197431808931568712e+08,4.308730658954843879e+07
9.319999999999845386e+03,9.558648508506646380e-01,9.870040005328194675e-16,1.199160821270910352e+08,4.311001524556001276e+07
9.329999999999845386e+03,9.560094700587706829e-01,9.870041405830483855e-16,1.200890871875429004e+08,4.313267127216670662e+07
9.339999999999845386e+03,9.561540891111353080e-01,9.870042799461033300e-16,1.202621959180323631e+08,4.315527475125009567e+07
9.349999999999845386e+03,9.562987079934230916e-01,9.870044186185748441e-16,1.204354081614042819e+08,4.317782576672672480e+07
9.359999999999845386e+03,9.564433267191116972e-01,9.870045565965791684e-16,1.206087237598338127e+08,4.320032439922500402e+07
9.369999999999845386e+03,9.565879452899386237e-01,9.870046938760416391e-16,1.207821425548304617e+08,4.322277075523800403e+07
9.379999999999843567e+03,9.567325637006818262e-01,9.870048304535668017e-16,1.209556643872440457e+08,4.324516489664584398e+07
9.389999999999843567e+03,9.568771819450170302e-01,9.870049663261960332e-16,1.211292890972676277e+08,4.326750692993861437e+07
9.399999999999843567e+03,9.570218000241426104e-01,9.870051014905273712e-16,1.213030165244442970e+08,4.328979692934563756e+07
9.409999999999843567e+03,9.571664179426512264e-01,9.870052359424729383e-16,1.214768465076700598e+08,4.331203498741293699e+07
9.419999999999843567e+03,9.573110356984455560e-01,9.870053696779162612e-16,1.216507788852002919e+08,4.333422120348349214e+07
9.429999999999843567e+03,9.574556532912400497e-01,9.870055026936273488e-16,1.218248134946529120e+08,4.335635565481033176e+07
9.439999999999843567e+03,9.576002707118715929e-01,9.870056349867382973e-16,1.219989501730148643e+08,4.337843842928005755e+07
9.449999999999843567e+03,9.577448879706044194e-01,9.870057665534400920e-16,1.221731887566451281e+08,4.340046962544729561e+07
9.459999999999843567e+03,9.578895050745388495e-01,9.870058973893005176e-16,1.223475290812815726e+08,4.342244933136831969e+07
9.469999999999841748e+03,9.580341220044630290e-01,9.870060274905569051e-16,1.225219709820438176e+08,4.344437763458871096e+07
9.479999999999841748e+03,9.581787387708311510e-01,9.870061568545786004e-16,1.226965142934400737e+08,4.346625463354918361e+07
9.489999999999841748e+03,9.583233553653363046e-01,9.870062854778516227e-16,1.228711588493698984e+08,4.348808041038979590e+07
9.499999999999841748e+03,9.584679717966120283e-01,9.870064133557449640e-16,1.230459044831312597e+08,4.350985506654442847e+07
9.509999999999841748e+03,9.586125880616629402e-01,9.870065404842630438e-16,1.232207510274233371e+08,4.353157869472552091e+07
9.519999999999841748e+03,9.587572041639542686e-01,9.870066668607617976e-16,1.233956983143533766e+08,4.355325138211199641e+07
9.529999999999841748e+03,9.589018200888574928e-01,9.870067924819485199e-16,1.235707461754396409e+08,4.357487322613690048e+07
9.539999999999841748e+03,9.590464358480961238e-01,9.870069173429446978e-16,1.237458944416185617e+08,4.359644432657817006e+07
9.549999999999839929e+03,9.591910514406838395e-01,9.870070414396926280e-16,1.239211429432473183e+08,4.361796476741375774e+07
9.559999999999839929e+03,9.593356668581480839e-01,9.870071647698194167e-16,1.240964915101112127e+08,4.363943465083939582e+07
9.569999999999839929e+03,9.594802821080788968e-01,9.870072873295902022e-16,1.242719399714259356e+08,4.366085407100339979e+07
9.579999999999839929e+03,9.596248971964471686e-01,9.870074091140032117e-16,1.244474881558454037e+08,4.368222313030135632e+07
9.589999999999839929e+03,9.597695120929410351e-01,9.870075301194115414e-16,1.246231358914640695e+08,4.370354191096104681e+07
9.599999999999839929e+03,9.599141268344136835e-01,9.870076503435213810e-16,1.247988830058243126e+08,4.372481052301947027e+07
9.609999999999839929e+03,9.600587414024206456e-01,9.870077697819121511e-16,1.249747293259190321e+08,4.374602906372132152e+07
9.619999999999839929e+03,9.602033557918188134e-01,9.870078884293909776e-16,1.251506746781991124e+08,4.376719762517111003e+07
9.629999999999839929e+03,9.603479700164165855e-01,9.870080062835123917e-16,1.253267188885761499e+08,4.378831630867282301e+07
9.639999999999838110e+03,9.604925840655095248e-01,9.870081233413071210e-16,1.255028617824295163e+08,4.380938521704658121e+07
9.649999999999838110e+03,9.606371979345701417e-01,9.870082395971075943e-16,1.256791031846091598e+08,4.383040443845753372e+07
9.659999999999838110e+03,9.607818116329835956e-01,9.870083550472191816e-16,1.258554429194433689e+08,4.385137408276509494e+07
9.669999999999838110e+03,9.609264251589930694e-01,9.870084696896101715e-16,1.260318808107408732e+08,4.387229425489383191e+07
9.679999999999838110e+03,9.610710385050407201e-01,9.870085835192902301e-16,1.262084166817986220e+08,4.389316503911386430e+07
9.689999999999838110e+03,9.612156516825749453e-01,9.870086965311591742e-16,1.263850503554043025e+08,4.391398655577055365e+07
9.699999999999838110e+03,9.613602646679723085e-01,9.870088087233698862e-16,1.265617816538439244e+08,4.393475888993742317e+07
9.709999999999838110e+03,9.615048775013081972e-01,9.870089200919287577e-16,1.267386103989043534e+08,4.395548215802858025e+07
9.719999999999838110e+03,9.616494901449265109e-01,9.870090306309059213e-16,1.269155364118809253e+08,4.397615645701720566e+07
9.729999999999836291e+03,9.617941026055298881e-01,9.870091403380489818e-16,1.270925595135799497e+08,4.399678188257627934e+07
9.739999999999836291e+03,9.619387148993725489e-01,9.870092492102358251e-16,1.272696795243262649e+08,4.401735855371163040e+07
9.749999999999836291e+03,9.620833270024100603e-01,9.870093572411719326e-16,1.274468962639659494e+08,4.403788655593378842e+07
9.759999999999836291e+03,9.622279389380725689e-01,9.870094644281012218e-16,1.276242095518738925e+08,4.405836601504982263e+07
9.769999999999836291e+03,9.623725506849178934e-01,9.870095707684940128e-16,1.278016192069561779e+08,4.407879701917395741e+07
9.779999999999836291e+03,9.625171622669290716e-01,9.870096762558151847e-16,1.279791250476579517e+08,4.409917968479895592e+07
9.789999999999836291e+03,9.626617736593429120e-01,9.870097808870420197e-16,1.281567268919659704e+08,4.411951410985101014e+07
9.799999999999836291e+03,9.628063848761989618e-01,9.870098846599536771e-16,1.283344245574161261e+08,4.413980040575055778e+07
9.809999999999834472e+03,9.629509959008482056e-01,9.870099875677525426e-16,1.285122178610959649e+08,4.416003867323219776e+07
9.819999999999834472e+03,9.630956067513400942e-01,9.870100896075247611e-16,1.286901066196525991e+08,4.418022902763666213e+07
9.829999999999834472e+03,9.632402174157584929e-01,9.870101907769069055e-16,1.288680906492950767e+08,4.420037156954455376e+07
9.839999999999834472e+03,9.633848279050314378e-01,9.870102910688899465e-16,1.290461697658021450e+08,4.422046641638513654e+07
9.849999999999834472e+03,9.635294382073131825e-01,9.870103904810534617e-16,1.292243437845244557e+08,4.424051366714593023e+07
9.859999999999834472e+03,9.636740483352048692e-01,9.870104890105825981e-16,1.294026125203927457e+08,4.426051344227751344e+07
9.869999999999834472e+03,9.638186582620671405e-01,9.870105866502046499e-16,1.295809757879202962e+08,4.428046583255829662e+07
9.879999999999834472e+03,9.639632680152423472e-01,9.870106833986720335e-16,1.297594334012106061e+08,4.430037097116523236e+07
9.889999999999834472e+03,9.641078775780129728e-01,9.870107792511243797e-16,1.299379851739595085e+08,4.432022894959604740e+07
9.899999999999832653e+03,9.642524869704859336e-01,9.870108742016470066e-16,1.301166309194635451e+08,4.434003989215263724e+07
9.909999999999832653e+03,9.643970961604975134e-01,9.870109682487381203e-16,1.302953704506220520e+08,4.435980390072416514e+07
9.919999999999832653e+03,9.645417051705014178e-01,9.870110613876434533e-16,1.304742035799450576e+08,4.437952109071923047e+07
9.929999999999832653e+03,9.646863139979873214e-01,9.870111536118529310e-16,1.306531301195557266e+08,4.439919157991799712e+07
9.939999999999832653e+03,9.648309226316114096e-01,9.870112449209843503e-16,1.308321498811982572e+08,4.441881547150970995e+07
9.949999999999832653e+03,9.649755310845173906e-01,9.870113353080884383e-16,1.310112626762401313e+08,4.443839288494931906e+07
9.959999999999832653e+03,9.651201393425208330e-01,9.870114247688562395e-16,1.311904683156803697e+08,4.445792393189169466e+07
9.969999999999832653e+03,9.652647474242388448e-01,9.870115133020681748e-16,1.313697666101511121e+08,4.447740872950450331e+07
9.979999999999830834e+03,9.654093553031026786e-01,9.870116008993623188e-16,1.315491573699264079e+08,4.449684738772845268e+07
9.989999999999830834e+03,9.655539630016037878e-01,9.870116875593329213e-16,1.317286404049240202e+08,4.451624002272610366e+07
9.999999999999830834e+03,9.656985705087218763e-01,9.870117732778548314e-16,1.319082155247134864e+08,4.453558675529699028e+07
1.000999999999983083e+04,9.658431778282875468e-01,9.870118580475738933e-16,1.320878825385184139e+08,4.455488769429170340e+07
1.001999999999983083e+04,9.659877849570939201e-01,9.870119418685603156e-16,1.322676412552245259e+08,4.457414295916814357e+07
1.002999999999983083e+04,9.661323918932562815e-01,9.870120247330978555e-16,1.324474914833816141e+08,4.459335267095401883e+07
1.003999999999983083e+04,9.662769986329878824e-01,9.870121066375956179e-16,1.326274330312121511e+08,4.461251693390579522e+07
1.004999999999983083e+04,9.664216051839231714e-01,9.870121875801169495e-16,1.328074657066126764e+08,4.463163588245105743e+07
1.005999999999983083e+04,9.665662115472257732e-01,9.870122675517828264e-16,1.329875893171624243e+08,4.465070962359683961e+07
1.006999999999982901e+04,9.667108177151726434e-01,9.870123465528464727e-16,1.331678036701253206e+08,4.466973828576515615e+07
1.007999999999982901e+04,9.668554236836339744e-01,9.870124245762669107e-16,1.333481085724581033e+08,4.468872197024518251e+07
1.008999999999982901e+04,9.670000294723015699e-01,9.870125016171496527e-16,1.335285038308123052e+08,4.470766081719865650e+07
1.009999999999982901e+04,9.671446350564221195e-01,9.870125776745052699e-16,1.337089892515425384e+08,4.472655493536555022e+07
1.010999999999982901e+04,9.672892404492285934e-01,9.870126527388806450e-16,1.338895646407083571e+08,4.474540444952683896e+07
1.011999999999982901e+04,9.674338456504243400e-01,9.870127268104958701e-16,1.340702298040824085e+08,4.476420947698028386e+07
1.012999999999982901e+04,9.675784506518667616e-01,9.870127998822939929e-16,1.342509845471523404e+08,4.478297014178131521e+07
1.013999999999982901e+04,9.677230554626834458e-01,9.870128719492600271e-16,1.344318286751295924e+08,4.480168656775685400e+07
1.014999999999982720e+04,9.678676600646821671e-01,9.870129430104090802e-16,1.346127619929507077e+08,4.482035887017636001e+07
1.015999999999982720e+04,9.680122644809008303e-01,9.870130130558592886e-16,1.347937843052856326e+08,4.483898717520047724e+07
1.016999999999982720e+04,9.681568686964432402e-01,9.870130820864748496e-16,1.349748954165399075e+08,4.485757160957746953e+07
1.017999999999982720e+04,9.683014727176935121e-01,9.870131500939849510e-16,1.351560951308625937e+08,4.487611229718780518e+07
1.018999999999982720e+04,9.684460765373782420e-01,9.870132170746032576e-16,1.353373832521482110e+08,4.489460935592237860e+07
1.019999999999982720e+04,9.685906801549151179e-01,9.870132830260892072e-16,1.355187595840451121e+08,4.491306291260690987e+07
1.020999999999982720e+04,9.687352835827625075e-01,9.870133479389624667e-16,1.357002239299570918e+08,4.493147310031187534e+07
1.021999999999982720e+04,9.688798868086295757e-01,9.870134118145577888e-16,1.358817760930519104e+08,4.494984003462724388e+07
1.022999999999982720e+04,9.690244898356832337e-01,9.870134746427349582e-16,1.360634158762628138e+08,4.496816383955223113e+07
1.023999999999982538e+04,9.691690926638871773e-01,9.870135364223189665e-16,1.362451430822969675e+08,4.498644465625946224e+07
1.024999999999982538e+04,9.693136952886021174e-01,9.870135971480425895e-16,1.364269575136371851e+08,4.500468259559736401e+07
1.025999999999982538e+04,9.694582977091820153e-01,9.870136568125682375e-16,1.366088589725501835e+08,4.502287779640709609e+07
1.026999999999982538e+04,9.696028999304440177e-01,9.870137154162800857e-16,1.367908472610883415e+08,4.504103037696915120e+07
1.027999999999982538e+04,9.697475019547119324e-01,9.870137729480366572e-16,1.369729221810978353e+08,4.505914047172266990e+07
1.028999999999982538e+04,9.698921037697932901e-01,9.870138294091155121e-16,1.371550835342204571e+08,4.507720820880354941e+07
1.029999999999982538e+04,9.700367053844165532e-01,9.870138847902901334e-16,1.373373311219017804e+08,4.509523371612694860e+07
1.030999999999982538e+04,9.701813067933160450e-01,9.870139390886510048e-16,1.375196647453929782e+08,4.511321712819322199e+07
1.031999999999982356e+04,9.703259080064404740e-01,9.870139923003041116e-16,1.377020842057588100e+08,4.513115856260676682e+07
1.032999999999982356e+04,9.704705090071973350e-01,9.870140444162517064e-16,1.378845893038796484e+08,4.514905816379218549e+07
1.033999999999982356e+04,9.706151098125582743e-01,9.870140954380519867e-16,1.380671798404593468e+08,4.516691605960727483e+07
1.034999999999982356e+04,9.707597104089303874e-01,9.870141453538199740e-16,1.382498556160270870e+08,4.518473237566006929e+07
1.035999999999982356e+04,9.709043107958195140e-01,9.870141941642711653e-16,1.384326164309455454e+08,4.520250724782007188e+07
1.036999999999982356e+04,9.710489109758151383e-01,9.870142418612331587e-16,1.386154620854123831e+08,4.522024080705531687e+07
1.037999999999982356e+04,9.711935109566204316e-01,9.870142884397278475e-16,1.387983923794688582e+08,4.523793318726065755e+07
1.038999999999982356e+04,9.713381107236161993e-01,9.870143338979108749e-16,1.389814071130006909e+08,4.525558452527713031e+07
1.039999999999982356e+04,9.714827102926046898e-01,9.870143782248764361e-16,1.391645060857470334e+08,4.527319495332534611e+07
1.040999999999982174e+04,9.716273096445308122e-01,9.870144214229173554e-16,1.393476890973013341e+08,4.529076459808573872e+07
1.041999999999982174e+04,9.717719087954270751e-01,9.870144634793773456e-16,1.395309559471201301e+08,4.530829360527622700e+07
1.042999999999982174e+04,9.719165077358608018e-01,9.870145043953081554e-16,1.397143064345241785e+08,4.532578210522881895e+07
1.043999999999982174e+04,9.720611064684576696e-01,9.870145441620135795e-16,1.398977403587066233e+08,4.534323023205634207e+07
1.044999999999982174e+04,9.722057049900667547e-01,9.870145827744263699e-16,1.400812575187346041e+08,4.536063812425947189e+07
1.045999999999982174e+04,9.723503033008673579e-01,9.870146202306280169e-16,1.402648577135575414e+08,4.537800591775001585e+07
1.046999999999982174e+04,9.724949014032412409e-01,9.870146565190826129e-16,1.404485407420081794e+08,4.539533375116122514e+07
1.047999999999982174e+04,9.726394992965337050e-01,9.870146916425795702e-16,1.406323064028113186e+08,4.541262176187206060e+07
1.048999999999981992e+04,9.727840969805117144e-01,9.870147255875398315e-16,1.408161544945844412e+08,4.542987008708684146e+07
1.049999999999981992e+04,9.729286944481521093e-01,9.870147583554247617e-16,1.410000848158468306e+08,4.544707886456520110e+07
1.050999999999981992e+04,9.730732917086295508e-01,9.870147899368011621e-16,1.411840971650198996e+08,4.546424823621369898e+07
1.051999999999981992e+04,9.732178887580874571e-01,9.870148203266467497e-16,1.413681913404363990e+08,4.548137834013294429e+07
1.052999999999981992e+04,9.733624855872107240e-01,9.870148495229781311e-16,1.415523671403408349e+08,4.549846931461565197e+07
1.053999999999981992e+04,9.735070822076492547e-01,9.870148775135937972e-16,1.417366243628982008e+08,4.551552130335287750e+07
1.054999999999981992e+04,9.736516786191018458e-01,9.870149043015582757e-16,1.419209628061948121e+08,4.553253444584859908e+07
1.055999999999981992e+04,9.737962748101174348e-01,9.870149298726537291e-16,1.421053822682468593e+08,4.554950888297969103e+07
1.056999999999981992e+04,9.739408707898619122e-01,9.870149542281178802e-16,1.422898825470012426e+08,4.556644475677558035e+07
1.057999999999981810e+04,9.740854665577769467e-01,9.870149773589488400e-16,1.424744634403438270e+08,4.558334221552189440e+07
1.058999999999981810e+04,9.742300621038462172e-01,9.870149992585107106e-16,1.426591247461008728e+08,4.560020139200893044e+07
1.059999999999981810e+04,9.743746574388211235e-01,9.870150199263011848e-16,1.428438662620467544e+08,4.561702243625448644e+07
1.060999999999981810e+04,9.745192525558302732e-01,9.870150393482852438e-16,1.430286877859054506e+08,4.563380549465625733e+07
1.061999999999981810e+04,9.746638474601052593e-01,9.870150575280871118e-16,1.432135891153586507e+08,4.565055070614122599e+07
1.062999999999981810e+04,9.748084421451292947e-01,9.870150744517088465e-16,1.433985700480463803e+08,4.566725821601820737e+07
1.063999999999981810e+04,9.749530366185144015e-01,9.870150901180773998e-16,1.435836303815758824e+08,4.568392817604267597e+07
1.064999999999981810e+04,9.750976308677016258e-01,9.870151045212865702e-16,1.437687699135215580e+08,4.570056072517105192e+07
1.065999999999981628e+04,9.752422249011787336e-01,9.870151176503733603e-16,1.439539884414343238e+08,4.571715601267836243e+07
1.066999999999981628e+04,9.753868187173229121e-01,9.870151295080672290e-16,1.441392857628414035e+08,4.573371418954972178e+07
1.067999999999981628e+04,9.755314123128554504e-01,9.870151400784221420e-16,1.443246616752554178e+08,4.575023539339096099e+07
1.068999999999981628e+04,9.756760056897655353e-01,9.870151493633532562e-16,1.445101159761747718e+08,4.576671978262183070e+07
1.069999999999981628e+04,9.758205988481905013e-01,9.870151573533622919e-16,1.446956484630917907e+08,4.578316750155218691e+07
1.070999999999981628e+04,9.759651917852312231e-01,9.870151640396656775e-16,1.448812589334939122e+08,4.579957870002062619e+07
1.071999999999981628e+04,9.761097845082166158e-01,9.870151694238012972e-16,1.450669471848713160e+08,4.581595352622875571e+07
1.072999999999981628e+04,9.762543770041747226e-01,9.870151734892951715e-16,1.452527130147178173e+08,4.583229213310339302e+07
1.073999999999981628e+04,9.763989692792662822e-01,9.870151762385251244e-16,1.454385562205393910e+08,4.584859466737610847e+07
1.074999999999981446e+04,9.765435613374457979e-01,9.870151776615377035e-16,1.456244765998541713e+08,4.586486128506522626e+07
1.075999999999981446e+04,9.766881531709348252e-01,9.870151777485985623e-16,1.458104739502016902e+08,4.588109213181950152e+07
1.076999999999981446e+04,9.768327447807556574e-01,9.870151765020042723e-16,1.459965480691421330e+08,4.589728736628752947e+07
1.077999999999981446e+04,9.769773361699882752e-01,9.870151739049177806e-16,1.461826987542655468e+08,4.591344714039991796e+07
1.078999999999981446e+04,9.771219273339917244e-01,9.870151699574814768e-16,1.463689258031921983e+08,4.592957160111595690e+07
1.079999999999981446e+04,9.772665182822126706e-01,9.870151646534391020e-16,1.465552290135802031e+08,4.594566091287562996e+07
1.080999999999981446e+04,9.774111089987451706e-01,9.870151579784708588e-16,1.467416081831265390e+08,4.596171521948692203e+07
1.081999999999981446e+04,9.775556994953472634e-01,9.870151499362246372e-16,1.469280631095751226e+08,4.597773468434982747e+07
1.082999999999981446e+04,9.777002897644342383e-01,9.870151405128916242e-16,1.471145935907168686e+08,4.599371945697030425e+07
1.083999999999981264e+04,9.778448798097780781e-01,9.870151297004802646e-16,1.473011994243986607e+08,4.600966969770696759e+07
1.084999999999981264e+04,9.779894696303343959e-01,9.870151175004775610e-16,1.474878804085225463e+08,4.602558556146041304e+07
1.085999999999981264e+04,9.781340592295668657e-01,9.870151038958188744e-16,1.476746363410546780e+08,4.604146720724405348e+07
1.086999999999981264e+04,9.782786485989205527e-01,9.870150888833728213e-16,1.478614670200258493e+08,4.605731479039595276e+07
1.087999999999981264e+04,9.784232377399555425e-01,9.870150724611224818e-16,1.480483722435387969e+08,4.607312846829298139e+07
1.088999999999981264e+04,9.785678266600107422e-01,9.870150546116671619e-16,1.482353518097690642e+08,4.608890840656163543e+07
1.089999999999981264e+04,9.787124153504990209e-01,9.870150353337176657e-16,1.484224055169731379e+08,4.610465475727449358e+07
1.090999999999981264e+04,9.788570038118766803e-01,9.870150146234290852e-16,1.486095331634876430e+08,4.612036768253527582e+07
1.091999999999981083e+04,9.790015920498612578e-01,9.870149924635876865e-16,1.487967345477391779e+08,4.613604734628520161e+07
1.092999999999981083e+04,9.791461800528720172e-01,9.870149688522049486e-16,1.489840094682433307e+08,4.615169390579288453e+07
1.093999999999981083e+04,9.792907678330168286e-01,9.870149437860364836e-16,1.491713577236124873e+08,4.616730752814173698e+07
1.094999999999981083e+04,9.794353553839000304e-01,9.870149172481480119e-16,1.493587791125565469e+08,4.618288836879629642e+07
1.095999999999981083e+04,9.795799427037678031e-01,9.870148892331165090e-16,1.495462734338913858e+08,4.619843659507688880e+07
1.096999999999981083e+04,9.797245297970544886e-01,9.870148597400136830e-16,1.497338404865377247e+08,4.621395237095605582e+07
1.097999999999981083e+04,9.798691166601654068e-01,9.870148287541897952e-16,1.499214800695298314e+08,4.622943586282204092e+07
1.098999999999981083e+04,9.800137032931428571e-01,9.870147962640276854e-16,1.501091919820158184e+08,4.624488722824092209e+07
1.099999999999981083e+04,9.801582896989393667e-01,9.870147622690445708e-16,1.502969760232650936e+08,4.626030664201102406e+07
1.100999999999980901e+04,9.803028758667089448e-01,9.870147267609684559e-16,1.504848319926682711e+08,4.627569426094323397e+07
1.101999999999980901e+04,9.804474618073684145e-01,9.870146897241051502e-16,1.506727596897456348e+08,4.629105025878410786e+07
1.102999999999980901e+04,9.805920475205790465e-01,9.870146511509084103e-16,1.508607589141472578e+08,4.630637480289384723e+07
1.103999999999980901e+04,9.807366329958464579e-01,9.870146110388241019e-16,1.510488294656596482e+08,4.632166805663281679e+07
1.104999999999980901e+04,9.808812182433250815e-01,9.870145693779997466e-16,1.512369711442036331e+08,4.633693019196067750e+07
1.105999999999980901e+04,9.810258032564457276e-01,9.870145261537313716e-16,1.514251837498510778e+08,4.635216137810105085e+07
1.106999999999980901e+04,9.811703880392937949e-01,9.870144813564638992e-16,1.516134670828139186e+08,4.636736178588840365e+07
1.107999999999980901e+04,9.813149725872944984e-01,9.870144349815355558e-16,1.518018209434616864e+08,4.638253158380111307e+07
1.108999999999980719e+04,9.814595569031685507e-01,9.870143870211841474e-16,1.519902451323110163e+08,4.639767094461752474e+07
1.109999999999980719e+04,9.816041409886997471e-01,9.870143374632196036e-16,1.521787394500440061e+08,4.641278004356855899e+07
1.110999999999980719e+04,9.817487248374208164e-01,9.870142862945925874e-16,1.523673036974981725e+08,4.642785904590598494e+07
1.111999999999980719e+04,9.818933084514964715e-01,9.870142335050753198e-16,1.525559376756842732e+08,4.644290813172831386e+07
1.112999999999980719e+04,9.820378918343835029e-01,9.870141790863889029e-16,1.527446411857755184e+08,4.645792747526228428e+07
1.113999999999980719e+04,9.821824749828526047e-01,9.870141230298899850e-16,1.529334140291255116e+08,4.647291724894700199e+07
1.114999999999980719e+04,9.823270578913314566e-01,9.870140653249677952e-16,1.531222560072577596e+08,4.648787762756418437e+07
1.115999999999980719e+04,9.824716405729345681e-01,9.870140059600197674e-16,1.533111669218838215e+08,4.650280879147371650e+07
1.116999999999980719e+04,9.826162230160229161e-01,9.870139449218025046e-16,1.535001465748926103e+08,4.651771091673222929e+07
1.117999999999980537e+04,9.827608052253595794e-01,9.870138821995579164e-16,1.536891947683687508e+08,4.653258417920967937e+07
1.118999999999980537e+04,9.829053871965159894e-01,9.870138177806413511e-16,1.538783113045811355e+08,4.654742876252459735e+07
1.119999999999980537e+04,9.830499689320082446e-01,9.870137516528751631e-16,1.540674959860019684e+08,4.656224484149153531e+07
1.120999999999980537e+04,9.831945504341977893e-01,9.870136838037442712e-16,1.542567486152991056e+08,4.657703259958707541e+07
1.121999999999980537e+04,9.833391316983104424e-01,9.870136142203005099e-16,1.544460689953419864e+08,4.659179222325275838e+07
1.122999999999980537e+04,9.834837127268828416e-01,9.870135428888928383e-16,1.546354569292067885e+08,4.660652388762307912e+07
1.123999999999980537e+04,9.836282935184414988e-01,9.870134697950206126e-16,1.548249122201795578e+08,4.662122778154504299e+07
1.124999999999980537e+04,9.837728740720423914e-01,9.870133949234339680e-16,1.550144346717618704e+08,4.663590408975169808e+07
1.125999999999980355e+04,9.839174543943051132e-01,9.870133182576912685e-16,1.552040240876680315e+08,4.665055299913743883e+07
1.126999999999980355e+04,9.840620344732833313e-01,9.870132397800940251e-16,1.553936802718407214e+08,4.666517469768594205e+07
1.127999999999980355e+04,9.842066143182481852e-01,9.870131594722955027e-16,1.555834030284242630e+08,4.667976937729232758e+07
1.128999999999980355e+04,9.843511939301832214e-01,9.870130773155251503e-16,1.557731921616711617e+08,4.669433722855812311e+07
1.129999999999980355e+04,9.844957732965523567e-01,9.870129932904663282e-16,1.559630474763253927e+08,4.670887844866505265e+07
1.130999999999980355e+04,9.846403524289137899e-01,9.870129073739507833e-16,1.561529687771197557e+08,4.672339323467754573e+07
1.131999999999980355e+04,9.847849313257236448e-01,9.870128195313834151e-16,1.563429558692682385e+08,4.673788178993027657e+07
1.132999999999980355e+04,9.849295099826689270e-01,9.870127297200572661e-16,1.565330085579854548e+08,4.675234432338646799e+07
1.133999999999980355e+04,9.850740884049897783e-01,9.870126379083895013e-16,1.567231266489723623e+08,4.676678104904578626e+07
1.134999999999980173e+04,9.852186665842850299e-01,9.870125440549379047e-16,1.569133099479344487e+08,4.678119219790545851e+07
1.135999999999980173e+04,9.853632445248856619e-01,9.870124480591033836e-16,1.571035582610944808e+08,4.679557800862140208e+07
1.136999999999980173e+04,9.855078222302746660e-01,9.870123498304073395e-16,1.572938713948392570e+08,4.680993875855943561e+07
1.137999999999980173e+04,9.856523996928885367e-01,9.870122492198096897e-16,1.574842491557559967e+08,4.682427475459891558e+07
1.138999999999980173e+04,9.857969769135648264e-01,9.870121459232848221e-16,1.576746913507895768e+08,4.683858639848929644e+07
1.139999999999980173e+04,9.859415538915896615e-01,9.870120394699186692e-16,1.578651977869927585e+08,4.685287424611963332e+07
1.140999999999980173e+04,9.860861306151826877e-01,9.870119286898236062e-16,1.580557682708489597e+08,4.686713920021222532e+07
1.141999999999980173e+04,9.862307070783125074e-01,9.870118102050560188e-16,1.582464026112343073e+08,4.688138327303838730e+07
1.142999999999979991e+04,9.863752831736533055e-01,9.870116652407086135e-16,1.584371006161320210e+08,4.689561825530721247e+07
1.143999999999979991e+04,9.865198583806240595e-01,9.870113644589715707e-16,1.586278621023178399e+08,4.690990411524619907e+07
1.144999999999979991e+04,9.866644322599704697e-01,9.870106703979638754e-16,1.588186869047247171e+08,4.692429020813159645e+07
1.145999999999979991e+04,9.868090050661342261e-01,9.870095596297711285e-16,1.590095748715912104e+08,4.693874709220190346e+07
1.146999999999979991e+04,9.869535771534436730e-01,9.870081828350510883e-16,1.592005258555829227e+08,4.695323359030625224e+07
1.147999999999979991e+04,9.870981486551155815e-01,9.870066587435384884e-16,1.593915396751638055e+08,4.696773447034217417e+07
1.148999999999979991e+04,9.872427195882311768e-01,9.870050161999329199e-16,1.595826161760370433e+08,4.698224711251845211e+07
1.149999999999979991e+04,9.873872899140682113e-01,9.870032503528758941e-16,1.597737551484379768e+08,4.699677598595272750e+07
1.150999999999979991e+04,9.875318595611213279e-01,9.870013387490143382e-16,1.599649564009158313e+08,4.701132933341898024e+07
1.151999999999979809e+04,9.876764284149257556e-01,9.869992565665548933e-16,1.601562197749447227e+08,4.702591882776854932e+07
1.152999999999979809e+04,9.878209963659292381e-01,9.869969846728489451e-16,1.603475450432099104e+08,4.704055684790531546e+07
1.153999999999979809e+04,9.879655633088018085e-01,9.869945160836584878e-16,1.605389320926636159e+08,4.705525458497263491e+07
1.154999999999979809e+04,9.881101291245431018e-01,9.869918614203994288e-16,1.607303807713345587e+08,4.707002398229247332e+07
1.155999999999979809e+04,9.882546937193070757e-01,9.869890447602184948e-16,1.609218908867192566e+08,4.708487515230298042e+07
1.156999999999979809e+04,9.883992570142552392e-01,9.869860941247327966e-16,1.611134622685204446e+08,4.709981541967802495e+07
1.157999999999979809e+04,9.885438189639392803e-01,9.869830360667882005e-16,1.613050947339334488e+08,4.711484931918171793e+07
1.158999999999979809e+04,9.886883795259627794e-01,9.869798949366747188e-16,1.614967881040711999e+08,4.712997916083576530e+07
1.159999999999979627e+04,9.888329386941596688e-01,9.869766929152848980e-16,1.616885421973130107e+08,4.714520563101180643e+07
1.160999999999979627e+04,9.889774964581342642e-01,9.869734505697176257e-16,1.618803568297080696e+08,4.716052814547488838e+07
1.161999999999979627e+04,9.891220528215336483e-01,9.869701868365824818e-16,1.620722318182435930e+08,4.717594516338183731e+07
1.162999999999979627e+04,9.892666077914482603e-01,9.869669184178707295e-16,1.622641669761092961e+08,4.719145439636381716e+07
1.163999999999979627e+04,9.894111613842719866e-01,9.869636597507084165e-16,1.624561621179715693e+08,4.720705299282819778e+07
1.164999999999979627e+04,9.895557136261929898e-01,9.869604223705079803e-16,1.626482170563869476e+08,4.722273773047747463e+07
1.165999999999979627e+04,9.897002645269763477e-01,9.869572151839206288e-16,1.628403316030664742e+08,4.723850512724969536e+07
1.166999999999979627e+04,9.898448141168918468e-01,9.869540443201208749e-16,1.630325055694190264e+08,4.725435160105591267e+07
1.167999999999979627e+04,9.899893624169948669e-01,9.869509137596369486e-16,1.632247387666739821e+08,4.727027355347702652e+07
1.168999999999979445e+04,9.901339094487151549e-01,9.869478255599009210e-16,1.634170310060144663e+08,4.728626744514743239e+07
1.169999999999979445e+04,9.902784552383308014e-01,9.869447803708817189e-16,1.636093820991201401e+08,4.730232986146291345e+07
1.170999999999979445e+04,9.904229998026891080e-01,9.869417778630863416e-16,1.638017918577580154e+08,4.731845753205668926e+07
1.171999999999979445e+04,9.905675431614582305e-01,9.869388169703418627e-16,1.639942600943692923e+08,4.733464734911226481e+07
1.172999999999979445e+04,9.907120853329782761e-01,9.869358961794931593e-16,1.641867866216138005e+08,4.735089639179343730e+07
1.173999999999979445e+04,9.908566263414431141e-01,9.869330137146571531e-16,1.643793712529513240e+08,4.736720190757380426e+07
1.174999999999979445e+04,9.910011661901523272e-01,9.869301676505180280e-16,1.645720138021005094e+08,4.738356131169461459e+07
1.175999999999979445e+04,9.911457049038405742e-01,9.869273560086140142e-16,1.647647140836319029e+08,4.739997219775360823e+07
1.176999999999979264e+04,9.912902424881375740e-01,9.869245768180840166e-16,1.649574719125323296e+08,4.741643230281569809e+07
1.177999999999979264e+04,9.914347789586515081e-01,9.869218281525661896e-16,1.651502871043285131e+08,4.743293950593608618e+07
1.178999999999979264e+04,9.915793143264669540e-01,9.869191081545449453e-16,1.653431594751019776e+08,4.744949183980052173e+07
1.179999999999979264e+04,9.917238485985762075e-01,9.869164150491504972e-16,1.655360888414861262e+08,4.746608744541310519e+07
1.180999999999979264e+04,9.918683817882252285e-01,9.869137471515674478e-16,1.657290750206518471e+08,4.748272459171514213e+07
1.181999999999979264e+04,9.920129138998469154e-01,9.869111028680687878e-16,1.659221178303141296e+08,4.749940165600387007e+07
1.182999999999979264e+04,9.921574449395211825e-01,9.869084806965675069e-16,1.661152170887102485e+08,4.751611711148017645e+07
1.183999999999979264e+04,9.923019749168551229e-01,9.869058792227918023e-16,1.663083726146078110e+08,4.753286952819515765e+07
1.184999999999979264e+04,9.924465038298194708e-01,9.869032971172968728e-16,1.665015842272818089e+08,4.754965756092309952e+07
1.185999999999979082e+04,9.925910316939816624e-01,9.869007331306619398e-16,1.666948517465306818e+08,4.756647995093709975e+07
1.186999999999979082e+04,9.927355585065775756e-01,9.868981860884855162e-16,1.668881749926467240e+08,4.758333551294253021e+07
1.187999999999979082e+04,9.928800842714140540e-01,9.868956548868973796e-16,1.670815537864353955e+08,4.760022311925603449e+07
1.188999999999979082e+04,9.930246089960790279e-01,9.868931384876506741e-16,1.672749879491866827e+08,4.761714173212437332e+07
1.189999999999979082e+04,9.931691326757303706e-01,9.868906359137023174e-16,1.674684773026950657e+08,4.763409034707104415e+07
1.190999999999979082e+04,9.933136553195291985e-01,9.868881462448375830e-16,1.676620216692322791e+08,4.765106803648958355e+07
1.191999999999979082e+04,9.934581769230641513e-01,9.868856686134013777e-16,1.678556208715671003e+08,4.766807391591115296e+07
1.192999999999979082e+04,9.936026974933045430e-01,9.868832022006258960e-16,1.680492747329385579e+08,4.768510716044095904e+07
1.193999999999978900e+04,9.937472170269658900e-01,9.868807462332870335e-16,1.682429830770797431e+08,4.770216697416314483e+07
1.194999999999978900e+04,9.938917355283461985e-01,9.868782999800083763e-16,1.684367457281879783e+08,4.771925263013616949e+07
1.195999999999978900e+04,9.940362529916121348e-01,9.868758627485506752e-16,1.686305625109505057e+08,4.773636341752566397e+07
1.196999999999978900e+04,9.941807694189350730e-01,9.868734338828060878e-16,1.688244332505148053e+08,4.775349868542463332e+07
1.197999999999978900e+04,9.943252848114086939e-01,9.868710127604487541e-16,1.690183577725152671e+08,4.777065780383775383e+07
1.198999999999978900e+04,9.944697991648231428e-01,9.868685987904212883e-16,1.692123359030438364e+08,4.778784019221761823e+07
1.199999999999978900e+04,9.946143124821176240e-01,9.868661914108411417e-16,1.694063674686774015e+08,4.780504529174887389e+07
1.200999999999978900e+04,9.947588247589570498e-01,9.868637900867505745e-16,1.696004522964508235e+08,4.782227258022847027e+07
1.201999999999978900e+04,9.949033359964662981e-01,9.868613943087836779e-16,1.697945902138768137e+08,4.783952156466630846e+07
1.202999999999978718e+04,9.950478461869101121e-01,9.868590035907134113e-16,1.699887810489275455e+08,4.785679178116087615e+07
1.203999999999978718e+04,9.951923553323254179e-01,9.868566174684854445e-16,1.701830246300525367e+08,4.787408278919801116e+07
1.204999999999978718e+04,9.953368634242694135e-01,9.868542354984688592e-16,1.703773207861597538e+08,4.789139417853331566e+07
1.205999999999978718e+04,9.954813704685806508e-01,9.868518572563773813e-16,1.705716693466338813e+08,4.790872555851635337e+07
1.206999999999978718e+04,9.956258764583807430e-01,9.868494823355325066e-16,1.707660701413180828e+08,4.792607657270784676e+07
1.207999999999978718e+04,9.957703813860385722e-01,9.868471103464820863e-16,1.709605230005322099e+08,4.794344687217491120e+07
1.208999999999978718e+04,9.959148852615291592e-01,9.868447409151183026e-16,1.711550277550545335e+08,4.796083614046682417e+07
1.209999999999978718e+04,9.960593880588741733e-01,9.868423736821948853e-16,1.713495842361405790e+08,4.797824407194793969e+07
1.210999999999978536e+04,9.962038897914273772e-01,9.868400083023826483e-16,1.715441922755046785e+08,4.799567039813835919e+07
1.211999999999978536e+04,9.963483904507645095e-01,9.868376444431098641e-16,1.717388517053391635e+08,4.801311484903915226e+07
1.212999999999978536e+04,9.964928900302989501e-01,9.868352817840211051e-16,1.719335623582955599e+08,4.803057718662239611e+07
1.213999999999978536e+04,9.966373885257020504e-01,9.868329200162169791e-16,1.721283240675045252e+08,4.804805718505806476e+07
1.214999999999978536e+04,9.967818859394147468e-01,9.868305588414928784e-16,1.723231366665568650e+08,4.806555463775587827e+07
1.215999999999978536e+04,9.969263822554577104e-01,9.868281979717834244e-16,1.725179999895236194e+08,4.808306935246113688e+07
1.216999999999978536e+04,9.970708774752888859e-01,9.868258371283933284e-16,1.727129138709406555e+08,4.810060115467704087e+07
1.217999999999978536e+04,9.972153715922258410e-01,9.868234760416915108e-16,1.729078781458180249e+08,4.811814988426303118e+07
1.218999999999978536e+04,9.973598646030608084e-01,9.868211144501599318e-16,1.731028926496350169e+08,4.813571540027830005e+07
1.219999999999978354e+04,9.975043564934659157e-01,9.868187521004204130e-16,1.732979572183470428e+08,4.815329756283198297e+07
1.220999999999978354e+04,9.976488472626915405e-01,9.868163887462905679e-16,1.734930716883800924e+08,4.817089626398970932e+07
1.221999999999978354e+04,9.977933369118144880e-01,9.868140241485826425e-16,1.736882358966376483e+08,4.818851140168953687e+07
1.222999999999978354e+04,9.979378254207640353e-01,9.868116580746363122e-16,1.738834496804950237e+08,4.820614287879411131e+07
1.223999999999978354e+04,9.980823127931721661e-01,9.868092902979268154e-16,1.740787128778067231e+08,4.822379062527328730e+07
1.224999999999978354e+04,9.982267990200365260e-01,9.868069205976419268e-16,1.742740253269009888e+08,4.824145457509140670e+07
1.225999999999978354e+04,9.983712840976393110e-01,9.868045487583311115e-16,1.744693868665867150e+08,4.825913467766144872e+07
1.226999999999978354e+04,9.985157680087394239e-01,9.868021745697917315e-16,1.746647973361482024e+08,4.827683089148929715e+07
1.227999999999978354e+04,9.986602507591175737e-01,9.867997978262813687e-16,1.748602565753520429e+08,4.829454318810157478e+07
1.228999999999978172e+04,9.988047323304574121e-01,9.867974183265077663e-16,1.750557644244417250e+08,4.831227155637857318e+07
1.229999999999978172e+04,9.989492127209228522e-01,9.867950358733328092e-16,1.752513207241449654e+08,4.833001598486877978e+07
1.230999999999978172e+04,9.990936919223919466e-01,9.867926502735960161e-16,1.754469253156680465e+08,4.834777648160649091e+07
1.231999999999978172e+04,9.992381699251960958e-01,9.867902613375862002e-16,1.756425780407032073e+08,4.836555306726064533e+07
1.232999999999978172e+04,9.993826467222255427e-01,9.867878688786235697e-16,1.758382787414234281e+08,4.838334576307094842e+07
1.233999999999978172e+04,9.995271223078746603e-01,9.867854727136641928e-16,1.760340272604891062e+08,4.840115461078299582e+07
1.234999999999978172e+04,9.996715966678235699e-01,9.867830726619928551e-16,1.762298234410427213e+08,4.841897965668788552e+07
1.235999999999978172e+04,9.998160697968521138e-01,9.867806685457508075e-16,1.764256671267166436e+08,4.843682095940662920e+07
1.236999999999977990e+04,9.999605416908501354e-01,9.867782601894823686e-16,1.766215581616269946e+08,4.845467859425228834e+07
1.237999999999977990e+04,1.000105012327520582e+00,9.867758474197495658e-16,1.768174963903812766e+08,4.847255262682694197e+07
1.238999999999977990e+04,1.000249481712445432e+00,9.867734300654106034e-16,1.770134816580728889e+08,4.849044315443392843e+07
1.239999999999977990e+04,1.000393949829897711e+00,9.867710079567463964e-16,1.772095138102883399e+08,4.850835027274394780e+07
1.240999999999977990e+04,1.000538416667319019e+00,9.867685809260214505e-16,1.774055926931016743e+08,4.852627409168031812e+07
1.241999999999977990e+04,1.000682882213792757e+00,9.867661488069298847e-16,1.776017181530819833e+08,4.854421472181714326e+07
1.242999999999977990e+04,1.000827346468852408e+00,9.867637114341834483e-16,1.777978900372876823e+08,4.856217229641519487e+07
1.243999999999977990e+04,1.000971809415739600e+00,9.867612686441483294e-16,1.779941081932741106e+08,4.858014694994447380e+07
1.244999999999977990e+04,1.001116271042460149e+00,9.867588202739448670e-16,1.781903724690876901e+08,4.859813882400839031e+07
1.245999999999977808e+04,1.001260731344102206e+00,9.867563661617096502e-16,1.783866827132733166e+08,4.861614807773878425e+07
1.246999999999977808e+04,1.001405190299971437e+00,9.867539061465316204e-16,1.785830387748688459e+08,4.863417486875855923e+07
1.247999999999977808e+04,1.001549647916075036e+00,9.867514400681353438e-16,1.787794405034123957e+08,4.865221937955990434e+07
1.248999999999977808e+04,1.001694104161259702e+00,9.867489677669766603e-16,1.789758877489368320e+08,4.867028178350819647e+07
1.249999999999977808e+04,1.001838559034713416e+00,9.867464890840626269e-16,1.791723803619767725e+08,4.868836227483636141e+07
1.250999999999977808e+04,1.001983012529696682e+00,9.867440038610400662e-16,1.793689181935631931e+08,4.870646105660892278e+07
1.251999999999977808e+04,1.002127464623731035e+00,9.867415119400539670e-16,1.795655010952307284e+08,4.872457833493348956e+07
1.252999999999977808e+04,1.002271915308045713e+00,9.867390131638048730e-16,1.797621289190118611e+08,4.874271432752467692e+07
1.253999999999977626e+04,1.002416364569677976e+00,9.867365073756041038e-16,1.799588015174442530e+08,4.876086926564688981e+07
1.254999999999977626e+04,1.002560812400386858e+00,9.867339944190731981e-16,1.801555187435650229e+08,4.877904338685199618e+07
1.255999999999977626e+04,1.002705258781062536e+00,9.867314741386448413e-16,1.803522804509179294e+08,4.879723693218903244e+07
1.256999999999977626e+04,1.002849703701051531e+00,9.867289463793137818e-16,1.805490864935475588e+08,4.881545016144254059e+07
1.257999999999977626e+04,1.002994147147569626e+00,9.867264109867413558e-16,1.807459367260065973e+08,4.883368333657065779e+07
1.258999999999977626e+04,1.003138589106604250e+00,9.867238678074061592e-16,1.809428310033500195e+08,4.885193673355581611e+07
1.259999999999977626e+04,1.003283029569197904e+00,9.867213166887823304e-16,1.811397691811420918e+08,4.887021063601026684e+07
1.260999999999977626e+04,1.003427468511042697e+00,9.867187574791695508e-16,1.813367511154504716e+08,4.888850533082941920e+07
1.261999999999977626e+04,1.003571905920000118e+00,9.867161900283251193e-16,1.815337766628534794e+08,4.890682112606932968e+07
1.262999999999977445e+04,1.003716341785442889e+00,9.867136141869490240e-16,1.817308456804337800e+08,4.892515832938326895e+07
1.263999999999977445e+04,1.003860776093409513e+00,9.867110298074416422e-16,1.819279580257858932e+08,4.894351726233985275e+07
1.264999999999977445e+04,1.004005208825637263e+00,9.867084367438439851e-16,1.821251135570098758e+08,4.896189825717247277e+07
1.265999999999977445e+04,1.004149639960876694e+00,9.867058348518371055e-16,1.823223121327181458e+08,4.898030165025243163e+07
1.266999999999977445e+04,1.004294069493356867e+00,9.867032239891243011e-16,1.825195536120297611e+08,4.899872779443934560e+07
1.267999999999977445e+04,1.004438497399110730e+00,9.867006040157614501e-16,1.827168378545767665e+08,4.901717704578867555e+07
1.268999999999977445e+04,1.004582923666025973e+00,9.866979747938308172e-16,1.829141647204983830e+08,4.903564977687239647e+07
1.269999999999977445e+04,1.004727348271066356e+00,9.866953361882687658e-16,1.831115340704480112e+08,4.905414636391589046e+07
1.270999999999977263e+04,1.004871771208976527e+00,9.866926880664263625e-16,1.833089457655864954e+08,4.907266720226448029e+07
1.271999999999977263e+04,1.005016192448792367e+00,9.866900302987178209e-16,1.835063996675891876e+08,4.909121268340430409e+07
1.272999999999977263e+04,1.005160611980002727e+00,9.866873627584932975e-16,1.837038956386394799e+08,4.910978322313329577e+07
1.273999999999977263e+04,1.005305029776728754e+00,9.866846853222088916e-16,1.839014335414356291e+08,4.912837923956420273e+07
1.274999999999977263e+04,1.005449445832808930e+00,9.866819978697790686e-16,1.840990132391842306e+08,4.914700116552697867e+07
1.275999999999977263e+04,1.005593860116822391e+00,9.866793002844334818e-16,1.842966345956070125e+08,4.916564943873640895e+07
1.276999999999977263e+04,1.005738272618463824e+00,9.866765924528167634e-16,1.844942974749340713e+08,4.918432452026504278e+07
1.277999999999977263e+04,1.005882683307194103e+00,9.866738742653247766e-16,1.846920017419108748e+08,4.920302686448773742e+07
1.278999999999977263e+04,1.006027092172163240e+00,9.866711456159734669e-16,1.848897472617914677e+08,4.922175695190779865e+07
1.279999999999977081e+04,1.006171499190905649e+00,9.866684064023154410e-16,1.850875339003451169e+08,4.924051526936692744e+07
1.280999999999977081e+04,1.006315904335935763e+00,9.866656565284017439e-16,1.852853615238493979e+08,4.925930231416320801e+07
1.281999999999977081e+04,1.006460307595280934e+00,9.866628958915017812e-16,1.854832299990977347e+08,4.927811859861315787e+07
1.282999999999977081e+04,1.006604708937965498e+00,9.866601244081712266e-16,1.856811391933918297e+08,4.929696464025659859e+07
1.283999999999977081e+04,1.006749108348684807e+00,9.866573419880930008e-16,1.858790889745481312e+08,4.931584098118406534e+07
1.284999999999977081e+04,1.006893505795648736e+00,9.866545485471997748e-16,1.860770792108916044e+08,4.933474816601426899e+07
1.285999999999977081e+04,1.007037901262929802e+00,9.866517440050506133e-16,1.862751097712627053e+08,4.935368675283146650e+07
1.286999999999977081e+04,1.007182294725403882e+00,9.866489282843452333e-16,1.864731805250095725e+08,4.937265732354165614e+07
1.287999999999976899e+04,1.007326686152860029e+00,9.866461013132864457e-16,1.866712913419954479e+08,4.939166045859036595e+07
1.288999999999976899e+04,1.007471075526457760e+00,9.866432630155207978e-16,1.868694420925915837e+08,4.941069676582895964e+07
1.289999999999976899e+04,1.007615462820092844e+00,9.866404133290463863e-16,1.870676326476839483e+08,4.942976685843355209e+07
1.290999999999976899e+04,1.007759847999336600e+00,9.866375521874588723e-16,1.872658628786658943e+08,4.944887136919555068e+07
1.291999999999976899e+04,1.007904231045898769e+00,9.866346795281903449e-16,1.874641326574456692e+08,4.946801094731854647e+07
1.292999999999976899e+04,1.008048611934631911e+00,9.866317952924911769e-16,1.876624418564389646e+08,4.948718625485130399e+07
1.293999999999976899e+04,1.008192990627459595e+00,9.866288994233316553e-16,1.878607903485760093e+08,4.950639797002361715e+07
1.294999999999976899e+04,1.008337367100030857e+00,9.866259918659760745e-16,1.880591780072943568e+08,4.952564678918637335e+07
1.295999999999976899e+04,1.008481741322355241e+00,9.866230725680332235e-16,1.882576047065457106e+08,4.954493342851686478e+07
1.296999999999976717e+04,1.008626113264904811e+00,9.866201414788647405e-16,1.884560703207888901e+08,4.956425861772456020e+07
1.297999999999976717e+04,1.008770482899887577e+00,9.866171985516568582e-16,1.886545747249967754e+08,4.958362311123804003e+07
1.298999999999976717e+04,1.008914850192184076e+00,9.866142437336122995e-16,1.888531177946490943e+08,4.960302767434808612e+07
1.299999999999976717e+04,1.009059215104713747e+00,9.866112769847914313e-16,1.890516994057396650e+08,4.962247310149560124e+07
1.300999999999976717e+04,1.009203577613054126e+00,9.866082982589346612e-16,1.892503194347687960e+08,4.964196020389366150e+07
1.301999999999976717e+04,1.009347937680070029e+00,9.866053075128940586e-16,1.894489777587504685e+08,4.966148981534093618e+07
1.302999999999976717e+04,1.009492295267610196e+00,9.866023047046351704e-16,1.896476742552053630e+08,4.968106279401534051e+07
1.303999999999976717e+04,1.009636650340155928e+00,9.865992897928339123e-16,1.898464088021677434e+08,4.970068001732118428e+07
1.304999999999976535e+04,1.009781002860854482e+00,9.865962627371487265e-16,1.900451812781781256e+08,4.972034239197728038e+07
1.305999999999976535e+04,1.009925352794277753e+00,9.865932234977036804e-16,1.902439915622904897e+08,4.974005085209408402e+07
1.306999999999976535e+04,1.010069700100792778e+00,9.865901720352529439e-16,1.904428395340650082e+08,4.975980635428413749e+07
1.307999999999976535e+04,1.010214044738312777e+00,9.865871083108827975e-16,1.906417250735747516e+08,4.977960988718809932e+07
1.308999999999976535e+04,1.010358386667123298e+00,9.865840322860847987e-16,1.908406480613990128e+08,4.979946247028020769e+07
1.309999999999976535e+04,1.010502725841129212e+00,9.865809439223092875e-16,1.910396083786299527e+08,4.981936514905139804e+07
1.310999999999976535e+04,1.010647062219743875e+00,9.865778431815749776e-16,1.912386059068655968e+08,4.983931901288075745e+07
1.311999999999976535e+04,1.010791395758523947e+00,9.865747300254215474e-16,1.914376405282166004e+08,4.985932517376881838e+07
1.312999999999976535e+04,1.010935726411620994e+00,9.865716044157955301e-16,1.916367121252991855e+08,4.987938478968361020e+07
1.313999999999976353e+04,1.011080054126677785e+00,9.865684663140847481e-16,1.918358205812421143e+08,4.989949905883329362e+07
1.314999999999976353e+04,1.011224378855394512e+00,9.865653156818945524e-16,1.920349657796793878e+08,4.991966920923695713e+07
1.315999999999976353e+04,1.011368700551258826e+00,9.865621524803380446e-16,1.922341476047572792e+08,4.993989652743637562e+07
1.316999999999976353e+04,1.011513019158258198e+00,9.865589766702900904e-16,1.924333659411269724e+08,4.996018234198132157e+07
1.317999999999976353e+04,1.011657334615386095e+00,9.865557882121764964e-16,1.926326206739512682e+08,4.998052802684132755e+07
1.318999999999976353e+04,1.011801646875711835e+00,9.865525870662459699e-16,1.928319116888981760e+08,5.000093501185137033e+07
1.319999999999976353e+04,1.011945955878056802e+00,9.865493731921011413e-16,1.930312388721469939e+08,5.002140479053390771e+07
1.320999999999976353e+04,1.012090261558558302e+00,9.865461465490405348e-16,1.932306021103811562e+08,5.004193890574097633e+07
1.321999999999976171e+04,1.012234563852830060e+00,9.865429070956655192e-16,1.934300012907952964e+08,5.006253897695755959e+07
1.322999999999976171e+04,1.012378862700155313e+00,9.865396547901341229e-16,1.936294363010880947e+08,5.008320668676473945e+07
1.323999999999976171e+04,1.012523158029577486e+00,9.865363895900939819e-16,1.938289070294689238e+08,5.010394379993649572e+07
1.324999999999976171e+04,1.012667449767978622e+00,9.865331114526048332e-16,1.940284133646505773e+08,5.012475215974982083e+07
1.325999999999976171e+04,1.012811737845632942e+00,9.865298203339286784e-16,1.942279551958561242e+08,5.014563370105373859e+07
1.326999999999976171e+04,1.012956022178534310e+00,9.865265161899603042e-16,1.944275324128114879e+08,5.016659045423654467e+07
1.327999999999976171e+04,1.013100302688524357e+00,9.865231989760036407e-16,1.946271449057520926e+08,5.018762456102634966e+07
1.328999999999976171e+04,1.013244579291367353e+00,9.865198686464514834e-16,1.948267925654163063e+08,5.020873827367930114e+07
1.329999999999976171e+04,1.013388851891363629e+00,9.865165251553349353e-16,1.950264752830513120e+08,5.022993397569542378e+07
1.330999999999975989e+04,1.013533120409132016e+00,9.865131684558704031e-16,1.952261929504059553e+08,5.025121419588579983e+07
1.331999999999975989e+04,1.013677384727774688e+00,9.865097985006789009e-16,1.954259454597378969e+08,5.027258161109587550e+07
1.332999999999975989e+04,1.013821644753164053e+00,9.865064152417533122e-16,1.956257327038058341e+08,5.029403907841616124e+07
1.333999999999975989e+04,1.013965900368941409e+00,9.865030186304013949e-16,1.958255545758762658e+08,5.031558964853997529e+07
1.334999999999975989e+04,1.014110151460411613e+00,9.864996086174063143e-16,1.960254109697161913e+08,5.033723658873949945e+07
1.335999999999975989e+04,1.014254397895291815e+00,9.864961851527700662e-16,1.962253017795999050e+08,5.035898341264787316e+07
1.336999999999975989e+04,1.014398639550324388e+00,9.864927481859905644e-16,1.964252269003013074e+08,5.038083391117027402e+07
1.337999999999975989e+04,1.014542876262177984e+00,9.864892976658591003e-16,1.966251862271003723e+08,5.040279219449228793e+07
1.338999999999975989e+04,1.014687107895477558e+00,9.864858335406185100e-16,1.968251796557761133e+08,5.042486273985706270e+07
1.339999999999975807e+04,1.014831334269625351e+00,9.864823557579292530e-16,1.970252070826132298e+08,5.044705043642615527e+07
1.340999999999975807e+04,1.014975555200595458e+00,9.864788642649131939e-16,1.972252684043944478e+08,5.046936067377731204e+07
1.341999999999975807e+04,1.015119770498275287e+00,9.864753590079674314e-16,1.974253635184069276e+08,5.049179940499390662e+07
1.342999999999975807e+04,1.015263979934795557e+00,9.864718399332338677e-16,1.976254923224350512e+08,5.051437326878945529e+07
1.343999999999975807e+04,1.015408183267783482e+00,9.864683069861182006e-16,1.978256547147668600e+08,5.053708970927745104e+07
1.344999999999975807e+04,1.015552380217176420e+00,9.864647601116768597e-16,1.980258505941864848e+08,5.055995715254663676e+07
1.345999999999975807e+04,1.015696570480882022e+00,9.864611992544612063e-16,1.982260798599807620e+08,5.058298521339341253e+07
1.346999999999975807e+04,1.015840753711435562e+00,9.864576243585883340e-16,1.984263424119313657e+08,5.060618498667221516e+07
1.347999999999975626e+04,1.015984929504442746e+00,9.864540353680544433e-16,1.986266381503219306e+08,5.062956942496140301e+07
1.348999999999975626e+04,1.016129097388581259e+00,9.864504322262662584e-16,1.988269669759296775e+08,5.065315384893925488e+07
1.349999999999975626e+04,1.016273256812377124e+00,9.864468148765098079e-16,1.990273287900327146e+08,5.067695666692713648e+07
1.350999999999975626e+04,1.016417407094893477e+00,9.864431832619784290e-16,1.992277234944017529e+08,5.070100041072916240e+07
1.351999999999975626e+04,1.016561547416400924e+00,9.864395373246030845e-16,1.994281509913066924e+08,5.072531325863545388e+07
1.352999999999975626e+04,1.016705676722678975e+00,9.864358770077835960e-16,1.996286111835090518e+08,5.074993139241097867e+07
1.353999999999975626e+04,1.016849793653874290e+00,9.864322022557804326e-16,1.998291039742685258e+08,5.077490280728270859e+07
1.354999999999975626e+04,1.016993896319917212e+00,9.864285130132628903e-16,2.000296292673343718e+08,5.080029384186227620e+07
1.355999999999975626e+04,1.017137982046524058e+00,9.864248092258015388e-16,2.002301869669524133e+08,5.082620140189310908e+07
1.356999999999975444e+04,1.017282046613104285e+00,9.864210908417991557e-16,2.004307769778569341e+08,5.085277822317796201e+07
1.357999999999975444e+04,1.017426082682060251e+00,9.864173578150434803e-16,2.006313992052765489e+08,5.088029495855832845e+07
1.358999999999975444e+04,1.017570074260064628e+00,9.864136101125364609e-16,2.008320535549258888e+08,5.090934855181882530e+07
1.359999999999975444e+04,1.017713967871963776e+00,9.864098477482906337e-16,2.010327399330106676e+08,5.094196979533545673e+07
1.360999999999975444e+04,1.017525171831485054e+00,9.864060714129278862e-16,2.012334582461745739e+08,5.098505743127875030e+07
1.361999999999975444e+04,1.017336241593610691e+00,9.864022803493312731e-16,2.014342084015513361e+08,5.103158550857239217e+07
1.362999999999975444e+04,1.017147224708898179e+00,9.863984744366508536e-16,2.016349903068042099e+08,5.107956120639405400e+07
1.363999999999975444e+04,1.016958133626140404e+00,9.863946535939339188e-16,2.018358038700898886e+08,5.112840690495462716e+07
1.364999999999975262e+04,1.016768972860708553e+00,9.863908177519624603e-16,2.020366490000492930e+08,5.117786479747191817e+07
1.365999999999975262e+04,1.016579744112888761e+00,9.863869668453036214e-16,2.022375256058139801e+08,5.122779192457724363e+07
1.366999999999975262e+04,1.016390447741881253e+00,9.863831008096039045e-16,2.024384335969974995e+08,5.127809937161321193e+07
1.367999999999975262e+04,1.016201083365713131e+00,9.863792195745677169e-16,2.026393728837021887e+08,5.132872757634394616e+07
1.368999999999975262e+04,1.016011650151884993e+00,9.863753230771283904e-16,2.028403433765108287e+08,5.137963453208958358e+07
1.369999999999975262e+04,1.015822146949925120e+00,9.863714112489634708e-16,2.030413449864935279e+08,5.143078942562654614e+07
1.370999999999975262e+04,1.015632572378910581e+00,9.863674840215485556e-16,2.032423776251992881e+08,5.148216899999121577e+07
1.371999999999975262e+04,1.015442924901639454e+00,9.863635413281675087e-16,2.034434412046625912e+08,5.153375528937954456e+07
1.372999999999975262e+04,1.015253202822708367e+00,9.863595831002892222e-16,2.036445356373951733e+08,5.158553416983582824e+07
1.373999999999975080e+04,1.015063404332877672e+00,9.863556092692743171e-16,2.038456608363929689e+08,5.163749437846871465e+07
1.374999999999975080e+04,1.014873527505479878e+00,9.863516197665120106e-16,2.040468167151272893e+08,5.168962683261213452e+07
1.375999999999975080e+04,1.014683570329730111e+00,9.863476145227050137e-16,2.042480031875516176e+08,5.174192415535701066e+07
1.376999999999975080e+04,1.014493530684243083e+00,9.863435934682434513e-16,2.044492201680932045e+08,5.179438030534347147e+07
1.377999999999975080e+04,1.014303406374593042e+00,9.863395565329090392e-16,2.046504675716601610e+08,5.184699034050000459e+07
1.378999999999975080e+04,1.014113195098909737e+00,9.863355036463150716e-16,2.048517453136325181e+08,5.189975018593178689e+07
1.379999999999975080e+04,1.013922894485739690e+00,9.863314347372895315e-16,2.050530533098692298e+08,5.195265651133368909e+07
1.380999999999975080e+04,1.013732502064765839e+00,9.863273497326219853e-16,2.052543914766992927e+08,5.200570657920047641e+07
1.381999999999974898e+04,1.013542015282893782e+00,9.863232485546695874e-16,2.054557597309292853e+08,5.205889817859814316e+07
1.382999999999974898e+04,1.013351431502755640e+00,9.863191311121449594e-16,2.056571579898345768e+08,5.211222953835125268e+07
1.383999999999974898e+04,1.013160747988568700e+00,9.863149972021092945e-16,2.058585861711703837e+08,5.216569925106983632e+07
1.384999999999974898e+04,1.012969961921088569e+00,9.863108457323318160e-16,2.060600441932174563e+08,5.221930623826760799e+07
1.385999999999974898e+04,1.012779070390504188e+00,9.863066750709182545e-16,2.062615319748747945e+08,5.227304967677161098e+07
1.386999999999974898e+04,1.012588070379670357e+00,9.863024854408933929e-16,2.064630494355757236e+08,5.232692899165484309e+07
1.387999999999974898e+04,1.012396958785875212e+00,9.862982777564430880e-16,2.066645964951496124e+08,5.238094384097871929e+07
1.388999999999974898e+04,1.012205732397146729e+00,9.862940526834118949e-16,2.068661730737923682e+08,5.243509410022417456e+07
1.389999999999974898e+04,1.012014387902027801e+00,9.862898103357858758e-16,2.070677790921201706e+08,5.248937983446662873e+07
1.390999999999974716e+04,1.011822921882251647e+00,9.862855505909403499e-16,2.072694144712041914e+08,5.254380127652315795e+07
1.391999999999974716e+04,1.011631330801139761e+00,9.862812732789434370e-16,2.074710791325912178e+08,5.259835880701238662e+07
1.392999999999974716e+04,1.011439611009458783e+00,9.862769782662547910e-16,2.076727729982934892e+08,5.265305294414900988e+07
1.393999999999974716e+04,1.011247758756641746e+00,9.862726654586366936e-16,2.078744959907960892e+08,5.270788433628863841e+07
1.394999999999974716e+04,1.011055770149030586e+00,9.862683347951835610e-16,2.080762480330366492e+08,5.276285374596277624e+07
1.395999999999974716e+04,1.010863641170322014e+00,9.862639862408869295e-16,2.082780290484164059e+08,5.281796205290178955e+07
1.396999999999974716e+04,1.010671367693354306e+00,9.862596197776556547e-16,2.084798389607820213e+08,5.287321024342431128e+07
1.397999999999974716e+04,1.010478945430259845e+00,9.862552353970508971e-16,2.086816776944379210e+08,5.292859940414890647e+07
1.398999999999974534e+04,1.010286369969713549e+00,9.862508330936673817e-16,2.088835451741295755e+08,5.298413071910526603e+07
1.399999999999974534e+04,1.010093636753855773e+00,9.862464128574668536e-16,2.090854413250580430e+08,5.303980546267160028e+07
1.400999999999974534e+04,1.009900741067203844e+00,9.862419746765039865e-16,2.092873660728665590e+08,5.309562500461922586e+07
1.401999999999974534e+04,1.009707678052653268e+00,9.862375185326592370e-16,2.094893193436457217e+08,5.315159079562375695e+07
1.402999999999974534e+04,1.009514442672107215e+00,9.862330444022977408e-16,2.096913010639301538e+08,5.320770437305362523e+07
1.403999999999974534e+04,1.009321029749506549e+00,9.862285522585942828e-16,2.098933111607013047e+08,5.326396736073783785e+07
1.404999999999974534e+04,1.009127433906084059e+00,9.862240420654643931e-16,2.100953495613844693e+08,5.332038145716384053e+07
1.405999999999974534e+04,1.008933649596812865e+00,9.862195137864240435e-16,2.102974161938485801e+08,5.337694844111700356e+07
1.406999999999974534e+04,1.008739671104628588e+00,9.862149673755660655e-16,2.104995109864078164e+08,5.343367017715041339e+07
1.407999999999974352e+04,1.008545492480191319e+00,9.862104027818754158e-16,2.107016338678092659e+08,5.349054859760510176e+07
1.408999999999974352e+04,1.008351107619922526e+00,9.862058199481164889e-16,2.109037847671770751e+08,5.354758572045329958e+07
1.409999999999974352e+04,1.008156510180733711e+00,9.862012188111529992e-16,2.111059636142172515e+08,5.360478363826776296e+07
1.410999999999974352e+04,1.007961693614924492e+00,9.861965993026147665e-16,2.113081703389445841e+08,5.366214452057673037e+07
1.411999999999974352e+04,1.007766651145856507e+00,9.861919613478850157e-16,2.115104048719451129e+08,5.371967061527559161e+07
1.412999999999974352e+04,1.007571375760945021e+00,9.861873048693615273e-16,2.117126671441152692e+08,5.377736425044409186e+07
1.413999999999974352e+04,1.007375860210632856e+00,9.861826297843777920e-16,2.119149570869173706e+08,5.383522782925326377e+07
1.414999999999974352e+04,1.007180096991610929e+00,9.861779360070706391e-16,2.121172746321263015e+08,5.389326384198277444e+07
1.415999999999974170e+04,1.006984078337267441e+00,9.861732234489750373e-16,2.123196197120753229e+08,5.395147485300724208e+07
1.416999999999974170e+04,1.006787796191925155e+00,9.861684920189935265e-16,2.125219922593696415e+08,5.400986350843915343e+07
1.417999999999974170e+04,1.006591242245383100e+00,9.861637416245801008e-16,2.127243922072564065e+08,5.406843254877260327e+07
1.418999999999974170e+04,1.006394407857567952e+00,9.861589721716179348e-16,2.129268194892097414e+08,5.412718478489496559e+07
1.419999999999974170e+04,1.006197284099973777e+00,9.861541835649491042e-16,2.131292740393625200e+08,5.418612313019189239e+07
1.420999999999974170e+04,1.005999861723863242e+00,9.861493757086299791e-16,2.133317557922444940e+08,5.424525057640088350e+07
1.421999999999974170e+04,1.005802131132036203e+00,9.861445485055296940e-16,2.135342646826615930e+08,5.430457021096142381e+07
1.422999999999974170e+04,1.005604082385226805e+00,9.861397018595034594e-16,2.137368006460223198e+08,5.436408521445085108e+07
1.423999999999974170e+04,1.005405705172246922e+00,9.861348356729829865e-16,2.139393636178459525e+08,5.442379886593979597e+07
1.424999999999973988e+04,1.005206988805794399e+00,9.861299498489099849e-16,2.141419535329628587e+08,5.448371454158109426e+07
1.425999999999973988e+04,1.005007922198933201e+00,9.861250442903206304e-16,2.143445703291763067e+08,5.454383571546905488e+07
1.426999999999973988e+04,1.004808493852697548e+00,9.861201188988110332e-16,2.145472139422760010e+08,5.460416597210313380e+07
1.427999999999973988e+04,1.004608691841105239e+00,9.861151735780626571e-16,2.147498843110873699e+08,5.466470900801649690e+07
1.428999999999973988e+04,1.004408503762721283e+00,9.861102082315309576e-16,2.149525813744325638e+08,5.472546861962446570e+07
1.429999999999973988e+04,1.004207916765138098e+00,9.861052227620190021e-16,2.151553050701455176e+08,5.478644872868407518e+07
1.430999999999973988e+04,1.004006917485013695e+00,9.861002170733096230e-16,2.153580553424462378e+08,5.484765337190625072e+07
1.431999999999973988e+04,1.003805492052565640e+00,9.860951910691643539e-16,2.155608321246118248e+08,5.490908671168513596e+07
1.432999999999973807e+04,1.003603626055479925e+00,9.860901446539491927e-16,2.157636353528225720e+08,5.497075303652901202e+07
1.433999999999973807e+04,1.003401304496601920e+00,9.860850777306516030e-16,2.159664649691581726e+08,5.503265676568965614e+07
1.434999999999973807e+04,1.003198511804134885e+00,9.860799902050356415e-16,2.161693209044306874e+08,5.509480246363507956e+07
1.435999999999973807e+04,1.002995231778113672e+00,9.860748819816631411e-16,2.163722031111724675e+08,5.515719482921447605e+07
1.436999999999973807e+04,1.002791447556603988e+00,9.860697529659031364e-16,2.165751115567188263e+08,5.521983871513109654e+07
1.437999999999973807e+04,1.002587141601670728e+00,9.860646030625562878e-16,2.167780461601478159e+08,5.528273911837022752e+07
1.438999999999973807e+04,1.002382295660150469e+00,9.860594321770768270e-16,2.169810068669377565e+08,5.534590120868772268e+07
1.439999999999973807e+04,1.002176890705941625e+00,9.860542402147998675e-16,2.171839935981902182e+08,5.540933032262975723e+07
1.440999999999973807e+04,1.001970906942399653e+00,9.860490270808347116e-16,2.173870063079036474e+08,5.547303196050329506e+07
1.441999999999973625e+04,1.001764323719551708e+00,9.860437926802429355e-16,2.175900449153074026e+08,5.553701181796763837e+07
1.442999999999973625e+04,1.001557119526154560e+00,9.860385369177455246e-16,2.177931093876554370e+08,5.560127577631677687e+07
1.443999999999973625e+04,1.001349271915881189e+00,9.860332596965005336e-16,2.179961996679976881e+08,5.566582991384264827e+07
1.444999999999973625e+04,1.001140757479069165e+00,9.860279609181995249e-16,2.181993157040990889e+08,5.573068051820415258e+07
1.445999999999973625e+04,1.000931551786388596e+00,9.860226404851576554e-16,2.184024574477482140e+08,5.579583410394254327e+07
1.446999999999973625e+04,1.000721629310168392e+00,9.860172982969272938e-16,2.186056248374210000e+08,5.586129741009483486e+07
1.447999999999973625e+04,1.000510963410352616e+00,9.860119342497280689e-16,2.188088178193054199e+08,5.592707742644850165e+07
1.448999999999973625e+04,1.000299526222469204e+00,9.860065482362735170e-16,2.190120363383730054e+08,5.599318139894310385e+07
1.449999999999973443e+04,1.000087288624636361e+00,9.860011401414538438e-16,2.192152803422003686e+08,5.605961685832076520e+07
1.450999999999973443e+04,9.998742201355035331e-01,9.859957098421531053e-16,2.194185497762483358e+08,5.612639163398430496e+07
1.451999999999973443e+04,9.996602888527823527e-01,9.859902572002606899e-16,2.196218445872421563e+08,5.619351388490348309e+07
1.452999999999973443e+04,9.994454613445270530e-01,9.859847820563059989e-16,2.198251647230633199e+08,5.626099213883473724e+07
1.453999999999973443e+04,9.992297025596297289e-01,9.859792842174894550e-16,2.200285101313920319e+08,5.632883535231365263e+07
1.454999999999973443e+04,9.990129756825590901e-01,9.859737634350974141e-16,2.202318807608725131e+08,5.639705299257002771e+07
1.455999999999973443e+04,9.987952420154084798e-01,9.859682193594889739e-16,2.204352765601403713e+08,5.646565521668521315e+07
1.456999999999973443e+04,9.985764606760589857e-01,9.859626514459229414e-16,2.206386974785008430e+08,5.653465316252948344e+07
1.457999999999973443e+04,9.983565882461700181e-01,9.859570587063472858e-16,2.208421434654344320e+08,5.660405972203523666e+07
1.458999999999973261e+04,9.981355777374927296e-01,9.859514388415446600e-16,2.210456144711817205e+08,5.667389151819554716e+07
1.459999999999973261e+04,9.979133760122329555e-01,9.859457821371724466e-16,2.212491104463486373e+08,5.674417433067888767e+07
1.460999999999973261e+04,9.976899191392285537e-01,9.859399982953114244e-16,2.214526313470110297e+08,5.681495141373341531e+07
1.461999999999973261e+04,9.974651387358290933e-01,9.859338264584777248e-16,2.216561771493266821e+08,5.688626607224241644e+07
1.462999999999973261e+04,9.972389761906076400e-01,9.859272711294976778e-16,2.218597478447592258e+08,5.695813135254744440e+07
1.463999999999973261e+04,9.970113786656181754e-01,9.859204255224633439e-16,2.220633434186027944e+08,5.703054204046234488e+07
1.464999999999973261e+04,9.967822887731894177e-01,9.859133678340493288e-16,2.222669638468096554e+08,5.710349752635396272e+07
1.465999999999973261e+04,9.965516435909756998e-01,9.859061602314827344e-16,2.224706090980681479e+08,5.717700325186190754e+07
1.466999999999973079e+04,9.963193751609195070e-01,9.858988473604153196e-16,2.226742791357143819e+08,5.725106867079093307e+07
1.467999999999973079e+04,9.960854107569669935e-01,9.858914593118410012e-16,2.228779739194137156e+08,5.732570590055893362e+07
1.468999999999973079e+04,9.958496729028890604e-01,9.858840145500830682e-16,2.230816934066360593e+08,5.740092890975133330e+07
1.469999999999973079e+04,9.956120792890652549e-01,9.858765226634776107e-16,2.232854375536801517e+08,5.747675300121980160e+07
1.470999999999973079e+04,9.953725426788327946e-01,9.858689867517628369e-16,2.234892063165536523e+08,5.755319435064022243e+07
1.471999999999973079e+04,9.951309708678085508e-01,9.858614037232197041e-16,2.236929996515036225e+08,5.763026952980911732e+07
1.472999999999973079e+04,9.948872667865384933e-01,9.858537440541851122e-16,2.238968175167561769e+08,5.770799477371701598e+07
1.473999999999973079e+04,9.946413290524508399e-01,9.858459372563070390e-16,2.241006598766253591e+08,5.778638489569967985e+07
1.474999999999973079e+04,9.943930527240644190e-01,9.858379922436876810e-16,2.243045266992726922e+08,5.786545219195668399e+07
1.475999999999972897e+04,9.941423273323635179e-01,9.858299364517863784e-16,2.245084179508936405e+08,5.794520999375282228e+07
1.476999999999972897e+04,9.938890203410867263e-01,9.858217901127926992e-16,2.247123335953299403e+08,5.802569393276099861e+07
1.477999999999972897e+04,9.936329607304437150e-01,9.858135659287917032e-16,2.249162735949740112e+08,5.810697739000752568e+07
1.478999999999972897e+04,9.933739561830605691e-01,9.858052713809844392e-16,2.251202379114818871e+08,5.818914351952610165e+07
1.479999999999972897e+04,9.931118138969994291e-01,9.857969105050468253e-16,2.253242265062226951e+08,5.827225795209991932e+07
1.480999999999972897e+04,9.928463400875828793e-01,9.857884851898425986e-16,2.255282393405897915e+08,5.835637019238317013e+07
1.481999999999972897e+04,9.925773350266544615e-01,9.857799961337246805e-16,2.257322763761590421e+08,5.844152040456169844e+07
1.482999999999972897e+04,9.923045880688572407e-01,9.857714434864796131e-16,2.259363375747947097e+08,5.852774533902203292e+07
1.483999999999972897e+04,9.920278732539322686e-01,9.857628272401832886e-16,2.261404228986673951e+08,5.861508245040309429e+07
1.484999999999972715e+04,9.917469452653628892e-01,9.857541474487943846e-16,2.263445323102726042e+08,5.870357295583056659e+07
1.485999999999972715e+04,9.914615348406378148e-01,9.857454043246298833e-16,2.265486657724004984e+08,5.879326459647951275e+07
1.486999999999972715e+04,9.911713425629786745e-01,9.857365982660582310e-16,2.267528232481319010e+08,5.888421527605170012e+07
1.487999999999972715e+04,9.908760284837658805e-01,9.857277298567229015e-16,2.269570047008016706e+08,5.897649962677743286e+07
1.488999999999972715e+04,9.905751902161300526e-01,9.857187998635053604e-16,2.271612100939888656e+08,5.907022423270560056e+07
1.489999999999972715e+04,9.902683045962364927e-01,9.857098092749315467e-16,2.273654393914846778e+08,5.916557051940018684e+07
1.490999999999972715e+04,9.901562500312429682e-01,9.857007595288728263e-16,2.275696925572569072e+08,5.925850360952752829e+07
1.491999999999972715e+04,9.900372202236147334e-01,9.856916504357676986e-16,2.277739695555095077e+08,5.935318074770489335e+07
1.492999999999972533e+04,9.899109100215099932e-01,9.856824822032768943e-16,2.279782703507646322e+08,5.944950207318062335e+07
1.493999999999972533e+04,9.897768857317246205e-01,9.856732554123487441e-16,2.281825949078022540e+08,5.954746023334737122e+07
1.494999999999972533e+04,9.896346333095999981e-01,9.856639709565630717e-16,2.283869431916299760e+08,5.964708646984446049e+07
1.495999999999972533e+04,9.894835691027652480e-01,9.856546297396162505e-16,2.285913151674551964e+08,5.974843365612859279e+07
1.496999999999972533e+04,9.893230390139697850e-01,9.856452326771560937e-16,2.287957108006921113e+08,5.985157004047947377e+07
1.497999999999972533e+04,9.891523127638587320e-01,9.856357806586258356e-16,2.290001300569503009e+08,5.995657681267288327e+07
1.498999999999972533e+04,9.889705751546765677e-01,9.856262743363988510e-16,2.292045729020352960e+08,6.006354737162625045e+07
1.499999999999972533e+04,9.887769147026237437e-01,9.856167115799943516e-16,2.294090393019358516e+08,6.017258749335901439e+07
1.500999999999972533e+04,9.885703095791036343e-01,9.856070435771572185e-16,2.296135292255641222e+08,6.028381613583929092e+07
1.501999999999972351e+04,9.883496103234337138e-01,9.855971793343905218e-16,2.298180426502989233e+08,6.039736674863038957e+07
1.502999999999972351e+04,9.881135187134668652e-01,9.855871542039245938e-16,2.300225795569151938e+08,6.051338908510871977e+07
1.503999999999972351e+04,9.878605619171152430e-01,9.855769943399290013e-16,2.302271399226022661e+08,6.063205149300500751e+07
1.504999999999972351e+04,9.875890608065616139e-01,9.855667151666639833e-16,2.304317237225171626e+08,6.075354373001436144e+07
1.505999999999972351e+04,9.872970908220755071e-01,9.855563185415690028e-16,2.306363309310803413e+08,6.087808041191303730e+07
1.506999999999972351e+04,9.869824331876255741e-01,9.855457748307617080e-16,2.308409615247023702e+08,6.100590526432701945e+07
1.507999999999972351e+04,9.866425135020315818e-01,9.855350968638638791e-16,2.310456154811401963e+08,6.113729638132448494e+07
1.508999999999972351e+04,9.862743237326840884e-01,9.855243136663352865e-16,2.312502927759600878e+08,6.127257280268103629e+07
1.509999999999972169e+04,9.858743218840966271e-01,9.855134444359002444e-16,2.314549933822956085e+08,6.141210274397794902e+07
1.510999999999972169e+04,9.854383015151604308e-01,9.855025041217637994e-16,2.316597172717362642e+08,6.155631405896249413e+07
1.511999999999972169e+04,9.849612195096877354e-01,9.854915058848764111e-16,2.318644644146390855e+08,6.170570762130945176e+07
1.512999999999972169e+04,9.844369653915538976e-01,9.854804623302559742e-16,2.320692347802585363e+08,6.186087464354556054e+07
1.513999999999972169e+04,9.838580471232272195e-01,9.854693864467686614e-16,2.322740283367479742e+08,6.202251936352086067e+07
1.514999999999972169e+04,9.832151550349259583e-01,9.854582925370523579e-16,2.324788450510784686e+08,6.219148903596437722e+07
1.515999999999972169e+04,9.824965439430043412e-01,9.854471972813813806e-16,2.326836848888352811e+08,6.236881403647131473e+07
1.516999999999972169e+04,9.816871369247126555e-01,9.854361210914308753e-16,2.328885478139027357e+08,6.255576193530032039e+07
1.517999999999972169e+04,9.807671907381083631e-01,9.854250899754828117e-16,2.330934337879612744e+08,6.275391064782700688e+07
1.518999999999971988e+04,9.797102489011850768e-01,9.854141382820688295e-16,2.332983427697600424e+08,6.296524679519247264e+07
1.519999999999971988e+04,9.784798963926358839e-01,9.854033129972624094e-16,2.335032747140006721e+08,6.319229367732733488e+07
1.520999999999971988e+04,9.770244228897961847e-01,9.853926808672221417e-16,2.337082295696440935e+08,6.343826098650918156e+07
1.521999999999971988e+04,9.752677005022600820e-01,9.853823408329876372e-16,2.339132072771782875e+08,6.370715634208317101e+07
1.522999999999971988e+04,9.730930197404148441e-01,9.853724467322861175e-16,2.341182077640838921e+08,6.400360074789091945e+07
1.523999999999971988e+04,9.703139544608142542e-01,9.853632500823039370e-16,2.343232309368613362e+08,6.433134149329046905e+07
1.524999999999971988e+04,9.666250358589039138e-01,9.853551804795676560e-16,2.345282766665082574e+08,6.468668778996724635e+07
1.525999999999971988e+04,9.615509686997221195e-01,9.853489751530292678e-16,2.347333447619820535e+08,6.503514935543084890e+07
1.526999999999971806e+04,9.545973044227900051e-01,9.853457289588297312e-16,2.349384349307530522e+08,6.525956011376141757e+07
1.527999999999971806e+04,9.462369479905008429e-01,9.853462154580690633e-16,2.351435467704409957e+08,6.517506207054060698e+07
1.528999999999971806e+04,9.391266050608577665e-01,9.853491859353895269e-16,2.353486799005675316e+08,6.480455103662488610e+07
1.529999999999971806e+04,9.356288067473610415e-01,9.853516720901633128e-16,2.355538341834985912e+08,6.445194817192661762e+07
1.530999999999971806e+04,9.349127600016327033e-01,9.853519597015009199e-16,2.357590097501940131e+08,6.427734470221076906e+07
1.531999999999971806e+04,9.351330813542790832e-01,9.853501762836546750e-16,2.359642068152794242e+08,6.423529620744936913e+07
1.532999999999971806e+04,9.352586559532656274e-01,9.853470677537385526e-16,2.361694255377621949e+08,6.425261694269177318e+07
1.533999999999971806e+04,9.349772789709851484e-01,9.853433026530778179e-16,2.363746659957908988e+08,6.428404683661726117e+07
1.534999999999971806e+04,9.343121488828916021e-01,9.853393099940396423e-16,2.365799282072092593e+08,6.430824818886154145e+07
1.535999999999971624e+04,9.333985427695652426e-01,9.853353025666084674e-16,2.367852121555459201e+08,6.431890419613567740e+07
1.536999999999971624e+04,9.323740765105165140e-01,9.853313482200745348e-16,2.369905178099523485e+08,6.431779076414444298e+07
1.537999999999971624e+04,9.313326659618987868e-01,9.853274422984245876e-16,2.371958451369490325e+08,6.430943864607764035e+07
1.538999999999971624e+04,9.303191428512989081e-01,9.853235596016632609e-16,2.374011941052802205e+08,6.429782589295253158e+07
1.539999999999971624e+04,9.293446653902607268e-01,9.853196800073676289e-16,2.376065646865364015e+08,6.428524390393413603e+07
1.540999999999971624e+04,9.284051020829917622e-01,9.853157944017260876e-16,2.378119568541500568e+08,6.427256078494029492e+07
1.541999999999971624e+04,9.274931089276572393e-01,9.853119014949899084e-16,2.380173705823099911e+08,6.425989417672363669e+07
1.542999999999971624e+04,9.266030691341216041e-01,9.853080030983133240e-16,2.382228058453711867e+08,6.424712747019329667e+07
1.543999999999971442e+04,9.257317593063090211e-01,9.853041009919824396e-16,2.384282626176936626e+08,6.423415205902706087e+07
1.544999999999971442e+04,9.248775165967099143e-01,9.853001957751913469e-16,2.386337408737295568e+08,6.422092531652351469e+07
1.545999999999971442e+04,9.240393674485588571e-01,9.852962871833900194e-16,2.388392405881357193e+08,6.420745383417144418e+07
1.546999999999971442e+04,9.232165297962561246e-01,9.852923751211755912e-16,2.390447617358184755e+08,6.419376539470825344e+07
1.547999999999971442e+04,9.224082278033642890e-01,9.852884604190606263e-16,2.392503042918607891e+08,6.417989097702878714e+07
1.548999999999971442e+04,9.216136643304605469e-01,9.852845446895190189e-16,2.394558682314285338e+08,6.416585740806004405e+07
1.549999999999971442e+04,9.208320437161130467e-01,9.852806296377503325e-16,2.396614535297127664e+08,6.415168596506063640e+07
1.550999999999971442e+04,9.200625973520423218e-01,9.852767165173434893e-16,2.398670601619577408e+08,6.413739317259330302e+07
1.551999999999971442e+04,9.193045995974800100e-01,9.852728059872438645e-16,2.400726881035117209e+08,6.412299194593784213e+07
1.552999999999971260e+04,9.185573749371221952e-01,9.852688982418973880e-16,2.402783373298922777e+08,6.410849252005834132e+07
1.553999999999971260e+04,9.178202998740504492e-01,9.852649932256023941e-16,2.404840078168163896e+08,6.409390309649658948e+07
1.554999999999971260e+04,9.170928022185480533e-01,9.852610908142724430e-16,2.406896995402230322e+08,6.407923030387122929e+07
1.555999999999971260e+04,9.163743591811124301e-01,9.852571909245789739e-16,2.408954124762651920e+08,6.406447953180082142e+07
1.556999999999971260e+04,9.156644949137604517e-01,9.852532935537617625e-16,2.411011466013078988e+08,6.404965520770099759e+07
1.557999999999971260e+04,9.149627777387856487e-01,9.852493987754085151e-16,2.413069018919105828e+08,6.403476101122866571e+07
1.558999999999971260e+04,9.142688172155775117e-01,9.852455067092196049e-16,2.415126783248256445e+08,6.401980006980972737e+07
1.559999999999971260e+04,9.135822610711343827e-01,9.852416174910921001e-16,2.417184758769862354e+08,6.400477510652623326e+07
1.560999999999971078e+04,9.129027920809892338e-01,9.852377312384838395e-16,2.419242945255117118e+08,6.398968856944774836e+07
1.561999999999971078e+04,9.122301249322256611e-01,9.852338480275926730e-16,2.421301342477021813e+08,6.397454273069586605e+07
1.562999999999971078e+04,9.115640031552914024e-01,9.852299678714892369e-16,2.423359950210495889e+08,6.395933976336075366e+07
1.563999999999971078e+04,9.109041961355959227e-01,9.852260907026592651e-16,2.425418768232370615e+08,6.394408179667311907e+07
1.564999999999971078e+04,9.102504962884558903e-01,9.852222163590450896e-16,2.427477796321532726e+08,6.392877095305386186e+07
1.565999999999971078e+04,9.096027163987648878e-01,9.852183445698526525e-16,2.429537034258952737e+08,6.391340937214638293e+07
1.566999999999971078e+04,9.089606871846519498e-01,9.852144749426569830e-16,2.431596481827853918e+08,6.389799921981305629e+07
1.567999999999971078e+04,9.083242550738346299e-01,9.852106069520126231e-16,2.433656138813772202e+08,6.388254269022196531e+07
1.568999999999971078e+04,9.076932802238522058e-01,9.852067399265892789e-16,2.435716005004751682e+08,6.386704199907152355e+07
1.569999999999970896e+04,9.070676347753550139e-01,9.852028730397185060e-16,2.437776080191429257e+08,6.385149937461447716e+07
1.570999999999970896e+04,9.064472013347779633e-01,9.851990053008738139e-16,2.439836364167250991e+08,6.383591704292447865e+07
1.571999999999970896e+04,9.058318716725717312e-01,9.851951355518663848e-16,2.441896856728566885e+08,6.382029721756717563e+07
1.572999999999970896e+04,9.052215456242846958e-01,9.851912624728518551e-16,2.443957557674858272e+08,6.380464208601432294e+07
1.573999999999970896e+04,9.046161301573018010e-01,9.851873845962564707e-16,2.446018466808823943e+08,6.378895379456256330e+07
1.574999999999970896e+04,9.040155385981950564e-01,9.851835003394623561e-16,2.448079583936561644e+08,6.377323444288159907e+07
1.575999999999970896e+04,9.034196899895365895e-01,9.851796080495712286e-16,2.450140908867589533e+08,6.375748607468602061e+07
1.576999999999970896e+04,9.028285085506677632e-01,9.851757060591885006e-16,2.452202441414933801e+08,6.374171067480034381e+07
1.577999999999970714e+04,9.022419232194393013e-01,9.851717927481317260e-16,2.454264181395024359e+08,6.372591016353193671e+07
1.578999999999970714e+04,9.016598672679236870e-01,9.851678665967893499e-16,2.456326128627657592e+08,6.371008639938051999e+07
1.579999999999970714e+04,9.010822779633983481e-01,9.851639262237298485e-16,2.458388282935769260e+08,6.369424117716100067e+07
1.580999999999970714e+04,9.005090962595823090e-01,9.851599704082921426e-16,2.460450644145321846e+08,6.367837623212809861e+07
1.581999999999970714e+04,8.999402665279883085e-01,9.851559980925717514e-16,2.462513212085040808e+08,6.366249324120929092e+07
1.582999999999970714e+04,8.993757362953833656e-01,9.851520083700872281e-16,2.464575986586276889e+08,6.364659382859295607e+07
1.583999999999970714e+04,8.988154559970022994e-01,9.851480004663578130e-16,2.466638967482772171e+08,6.363067956818147749e+07
1.584999999999970714e+04,8.982593787453132528e-01,9.851439737125251079e-16,2.468702154610574543e+08,6.361475198742553592e+07
1.585999999999970714e+04,8.977074600972124729e-01,9.851399275208981907e-16,2.470765547807849944e+08,6.359881257010971755e+07
1.586999999999970532e+04,8.971596578412085465e-01,9.851358613588582942e-16,2.472829146914857328e+08,6.358286275957231224e+07
1.587999999999970532e+04,8.966159317835312725e-01,9.851317747287227369e-16,2.474892951773813367e+08,6.356690396152406186e+07
1.588999999999970532e+04,8.960762435493063727e-01,9.851276671500150768e-16,2.476956962228912711e+08,6.355093754622350633e+07
1.589999999999970532e+04,8.955405563935088242e-01,9.851235381471567122e-16,2.479021178126232624e+08,6.353496484753962606e+07
1.590999999999970532e+04,8.950088350183555974e-01,9.851193872387218070e-16,2.481085599313778281e+08,6.351898716777309775e+07
1.591999999999970532e+04,8.944810454090921237e-01,9.851152139310311487e-16,2.483150225641417503e+08,6.350300577424903214e+07
1.592999999999970532e+04,8.939571546838676053e-01,9.851110177164046244e-16,2.485215056960930526e+08,6.348702190308780968e+07
1.593999999999970532e+04,8.934371309498518876e-01,9.851067980695220079e-16,2.487280093125954568e+08,6.347103675705859810e+07
1.594999999999970532e+04,8.929209431793112550e-01,9.851025544457152733e-16,2.489345333992045224e+08,6.345505150733669102e+07
1.595999999999970350e+04,8.924085610954300973e-01,9.850982862851424578e-16,2.491410779416615963e+08,6.343906729128076136e+07
1.596999999999970350e+04,8.918999550704864721e-01,9.850939930098880066e-16,2.493476429258999825e+08,6.342308521395763755e+07
1.597999999999970350e+04,8.913950960364755982e-01,9.850896740260029643e-16,2.495542283380388021e+08,6.340710634672510624e+07
1.598999999999970350e+04,8.908939554078516565e-01,9.850853287235826773e-16,2.497608341643897295e+08,6.339113173007954657e+07
1.599999999999970350e+04,8.903965050092219613e-01,9.850809564790004540e-16,2.499674603914499581e+08,6.337516237011201680e+07
1.600999999999970350e+04,8.899027170124296227e-01,9.850765566532681143e-16,2.501741070059080720e+08,6.335919923934648186e+07
1.601999999999970532e+04,8.894125638970493686e-01,9.850721285975138399e-16,2.503807739946379066e+08,6.334324327951731533e+07
1.602999999999970714e+04,8.889260183880440813e-01,9.850676716508118206e-16,2.505874613447037041e+08,6.332729539781058580e+07
1.603999999999970714e+04,8.884430534251694933e-01,9.850631851503445577e-16,2.507941690433535874e+08,6.331135647020880878e+07
1.604999999999970896e+04,8.879636421269739843e-01,9.850586684322222935e-16,2.510008970780232847e+08,6.329542734026578069e+07
1.605999999999971078e+04,8.874877577624715741e-01,9.850541208407458156e-16,2.512076454363283515e+08,6.327950882044676691e+07
1.606999999999971260e+04,8.870153737242130187e-01,9.850495417351299188e-16,2.514144141060673892e+08,6.326360169272662699e+07
1.607999999999971442e+04,8.865464635085243961e-01,9.850449304934768974e-16,2.516212030752114952e+08,6.324770670668989420e+07
1.608999999999971624e+04,8.860810006933004246e-01,9.850402865191444275e-16,2.518280123319072127e+08,6.323182458300215006e+07
1.609999999999971806e+04,8.856189589282636998e-01,9.850356092415973396e-16,2.520348418644651175e+08,6.321595601276344061e+07
1.610999999999971806e+04,8.851603119194535463e-01,9.850308981194741182e-16,2.522416916613611579e+08,6.320010165771570057e+07
1.611999999999971988e+04,8.847050334164723306e-01,9.850261526442606273e-16,2.524485617112258673e+08,6.318426215142719448e+07
1.612999999999972169e+04,8.842530972087008223e-01,9.850213723485108292e-16,2.526554520028443336e+08,6.316843809917560965e+07
1.613999999999972351e+04,8.838044771158940494e-01,9.850165568174836669e-16,2.528623625251433849e+08,6.315263007917451859e+07
1.614999999999972533e+04,8.833591469846977517e-01,9.850117057064863677e-16,2.530692932671894431e+08,6.313683864322555065e+07
1.615999999999972715e+04,8.829170806856749820e-01,9.850068187566680308e-16,2.532762442181722522e+08,6.312106431646446139e+07
1.616999999999972897e+04,8.824782521104282962e-01,9.850018958054600036e-16,2.534832153673987985e+08,6.310530759904444218e+07
1.617999999999972897e+04,8.820426351718491098e-01,9.849969367882585222e-16,2.536902067042753100e+08,6.308956896558158845e+07
1.618999999999973079e+04,8.816102038055508849e-01,9.849919417221509055e-16,2.538972182183015943e+08,6.307384886711934954e+07
1.619999999999973261e+04,8.811809319700115717e-01,9.849869106856690455e-16,2.541042498990556002e+08,6.305814773031640053e+07
1.620999999999973443e+04,8.807547936480033535e-01,9.849818437926704198e-16,2.543113017361924946e+08,6.304246595977024734e+07
1.621999999999973625e+04,8.803317628533651185e-01,9.849767411688337842e-16,2.545183737194346488e+08,6.302680393625687808e+07
1.622999999999973807e+04,8.799118136322525707e-01,9.849716029340811818e-16,2.547254658385762274e+08,6.301116201950117946e+07
1.623999999999973988e+04,8.794949200660822086e-01,9.849664291882938417e-16,2.549325780834768414e+08,6.299554054825257510e+07
1.624999999999973988e+04,8.790810562798803129e-01,9.849612200042335327e-16,2.551397104440690279e+08,6.297993983991666138e+07
1.625999999999974170e+04,8.786701964429711742e-01,9.849559754227813936e-16,2.553468629103541076e+08,6.296436019153762609e+07
1.626999999999974352e+04,8.782623147825819876e-01,9.849506954521177147e-16,2.555540354724098444e+08,6.294880188293418288e+07
1.627999999999974534e+04,8.778573855776955481e-01,9.849453800671080070e-16,2.557612281203870177e+08,6.293326517145984620e+07
1.628999999999974716e+04,8.774553831751291666e-01,9.849400292108801326e-16,2.559684408445178568e+08,6.291775029906859249e+07
1.629999999999974898e+04,8.770562819882992134e-01,9.849346427963282674e-16,2.561756736351116002e+08,6.290225748934447020e+07
1.630999999999975080e+04,8.766600565090691966e-01,9.849292207092553291e-16,2.563829264825621843e+08,6.288678694697289914e+07
1.631999999999975080e+04,8.762666813094008855e-01,9.849237628092507818e-16,2.565901993773441017e+08,6.287133886209859699e+07
1.632999999999975262e+04,8.758761310495104535e-01,9.849182689325297467e-16,2.567974923100191653e+08,6.285591340756732970e+07
1.633999999999975444e+04,8.754883804837758632e-01,9.849127388946936207e-16,2.570048052712318599e+08,6.284051074137634039e+07
1.634999999999975626e+04,8.751034044694377956e-01,9.849071724913416406e-16,2.572121382517158985e+08,6.282513100624448061e+07
1.635999999999975807e+04,8.747211779623009775e-01,9.849015695012592620e-16,2.574194912422892153e+08,6.280977433058367670e+07
1.636999999999975989e+04,8.743416760374704833e-01,9.848959296873602564e-16,2.576268642338594198e+08,6.279444082746022940e+07
1.637999999999976171e+04,8.739648738809605577e-01,9.848902527979735402e-16,2.578342572174189091e+08,6.277913059844389558e+07
1.638999999999976353e+04,8.735907468046137936e-01,9.848845385695428545e-16,2.580416701840505302e+08,6.276384373128510267e+07
1.639999999999976353e+04,8.732192702467154177e-01,9.848787867261214991e-16,2.582491031249215901e+08,6.274858030070778728e+07
1.640999999999976717e+04,8.728504197798656605e-01,9.848729969819047736e-16,2.584565560312893689e+08,6.273334036904204637e+07
1.641999999999976717e+04,8.724841711131707811e-01,9.848671690415220530e-16,2.586640288944950700e+08,6.271812398941449821e+07
1.642999999999976717e+04,8.721205000981473443e-01,9.848613026016381757e-16,2.588715217059690356e+08,6.270293120116274804e+07
1.643999999999977081e+04,8.717593827345158086e-01,9.848553973504986643e-16,2.590790344572242200e+08,6.268776203296682984e+07
1.644999999999977081e+04,8.714007951716060685e-01,9.848494529704420514e-16,2.592865671398615241e+08,6.267261650496131927e+07
1.645999999999977445e+04,8.710447137155865605e-01,9.848434691372173172e-16,2.594941197455635667e+08,6.265749462693753839e+07
1.646999999999977445e+04,8.706911148319724791e-01,9.848374455210385963e-16,2.597016922660993040e+08,6.264239639765901119e+07
1.647999999999977808e+04,8.703399751483420488e-01,9.848313817874840853e-16,2.599092846933175325e+08,6.262732180816008896e+07
1.648999999999977808e+04,8.699912714583313278e-01,9.848252775969682942e-16,2.601168970191513300e+08,6.261227084028478712e+07
1.649999999999977808e+04,8.696449807281041444e-01,9.848191326068406143e-16,2.603245292356122136e+08,6.259724346810688078e+07
1.650999999999978172e+04,8.693010800934277693e-01,9.848129464704256683e-16,2.605321813347944021e+08,6.258223965665087849e+07
1.651999999999978172e+04,8.689595468672964840e-01,9.848067188377591207e-16,2.607398533088681400e+08,6.256725936385855824e+07
1.652999999999978536e+04,8.686203585412577421e-01,9.848004493560609941e-16,2.609475451500838995e+08,6.255230254055732489e+07
1.653999999999978536e+04,8.682834927849130136e-01,9.847941376702908304e-16,2.611552568507662416e+08,6.253736912926732004e+07
1.654999999999978900e+04,8.679489274546061672e-01,9.847877834227954640e-16,2.613629884033177197e+08,6.252245906836973131e+07
1.655999999999978900e+04,8.676166405891964084e-01,9.847813862542962813e-16,2.615707398002130091e+08,6.250757228696375340e+07
1.656999999999978900e+04,8.672866104151430999e-01,9.847749458034028884e-16,2.617785110340021253e+08,6.249270870991680026e+07
1.657999999999979264e+04,8.669588153478120507e-01,9.847684617073433984e-16,2.619863020973050892e+08,6.247786825592998415e+07
1.658999999999979264e+04,8.666332339901324788e-01,9.847619336020186661e-16,2.621941129828150570e+08,6.246305083799963444e+07
1.659999999999979627e+04,8.663098451382453824e-01,9.847553611222152802e-16,2.624019436832920313e+08,6.244825636310132593e+07
1.660999999999979627e+04,8.659886277820536549e-01,9.847487439016166076e-16,2.626097941915673018e+08,6.243348473496948183e+07
1.661999999999979991e+04,8.656695611029601167e-01,9.847420815731313535e-16,2.628176645005363524e+08,6.241873585076434910e+07
1.662999999999979991e+04,8.653526244766043263e-01,9.847353737689531208e-16,2.630255546031635702e+08,6.240400960492123663e+07
1.663999999999979991e+04,8.650377974736349618e-01,9.847286201206258857e-16,2.632334644924752712e+08,6.238930588545332849e+07
1.664999999999980355e+04,8.647250598611547767e-01,9.847218202593380450e-16,2.634413941615634859e+08,6.237462457795641571e+07
1.665999999999980355e+04,8.644143916022004603e-01,9.847149738158291337e-16,2.636493436035796106e+08,6.235996556364598125e+07
1.666999999999980719e+04,8.641057728537913096e-01,9.847080804206014371e-16,2.638573128117390573e+08,6.234532872011032701e+07
1.667999999999980719e+04,8.637991839728829113e-01,9.847011397040146537e-16,2.640653017793135345e+08,6.233071392134483159e+07
1.668999999999981083e+04,8.634946055092140860e-01,9.846941512964444565e-16,2.642733104996359646e+08,6.231612103882174194e+07
1.669999999999981083e+04,8.631920182108760997e-01,9.846871148279949531e-16,2.644813389660935700e+08,6.230154993927650154e+07
1.670999999999981083e+04,8.628914030225117715e-01,9.846800299289144155e-16,2.646893871721319556e+08,6.228700048908760399e+07
1.671999999999981446e+04,8.625927410817064711e-01,9.846728962295761499e-16,2.648974551112481356e+08,6.227247254988471419e+07
1.672999999999981446e+04,8.622960137238298017e-01,9.846657133607151557e-16,2.651055427769951522e+08,6.225796598079467565e+07
1.673999999999981810e+04,8.620012024791857685e-01,9.846584809528920936e-16,2.653136501629750729e+08,6.224348064013578743e+07
1.674999999999981810e+04,8.617082890700717979e-01,9.846511986372547343e-16,2.655217772628434002e+08,6.222901638273709267e+07
1.675999999999982174e+04,8.614172554141752425e-01,9.846438660451086204e-16,2.657299240703017116e+08,6.221457306082481891e+07
1.676999999999982174e+04,8.611280836212141798e-01,9.846364828081221709e-16,2.659380905791031718e+08,6.220015052613562346e+07
1.677999999999982174e+04,8.608407559949401433e-01,9.846290485583140587e-16,2.661462767830444276e+08,6.218574862798718363e+07
1.678999999999982538e+04,8.605552550267138168e-01,9.846215629282689646e-16,2.663544826759701967e+08,6.217136721428510547e+07
1.679999999999982538e+04,8.602715633993547328e-01,9.846140255506932512e-16,2.665627082517659068e+08,6.215700613062482327e+07
1.680999999999982901e+04,8.599896639862909531e-01,9.846064360591154711e-16,2.667709535043646395e+08,6.214266522145526111e+07
1.681999999999982901e+04,8.597095398455376625e-01,9.845987940873381092e-16,2.669792184277365506e+08,6.212834433078800142e+07
1.682999999999983265e+04,8.594311742251236064e-01,9.845910992696322336e-16,2.671875030158960819e+08,6.211404329942630976e+07
1.683999999999983265e+04,8.591545505567159680e-01,9.845833512409053260e-16,2.673958072628934085e+08,6.209976197015674412e+07
1.684999999999983265e+04,8.588796524561167489e-01,9.845755496365350291e-16,2.676041311628206372e+08,6.208550018093138933e+07
1.685999999999983629e+04,8.586064637241992425e-01,9.845676940925290884e-16,2.678124747098019123e+08,6.207125777295894921e+07
1.686999999999983629e+04,8.583349683407133224e-01,9.845597842453374058e-16,2.680208378980017304e+08,6.205703458324491233e+07
1.687999999999983993e+04,8.580651504670380181e-01,9.845518197320942202e-16,2.682292207216158807e+08,6.204283044961073995e+07
1.688999999999983993e+04,8.577969944434256089e-01,9.845438001904191169e-16,2.684376231748747230e+08,6.202864520964006335e+07
1.689999999999984357e+04,8.575304847865238278e-01,9.845357252586258790e-16,2.686460452520383596e+08,6.201447869889300317e+07
1.690999999999984357e+04,8.572656061909498248e-01,9.845275945754753765e-16,2.688544869473993182e+08,6.200033075400020182e+07
1.691999999999984720e+04,8.570023435223419472e-01,9.845194077805013659e-16,2.690629482552795410e+08,6.198620120972405374e+07
1.692999999999984720e+04,8.567406818216999342e-01,9.845111645138040057e-16,2.692714291700285077e+08,6.197208990178497881e+07
1.693999999999984720e+04,8.564806063003689296e-01,9.845028644159102283e-16,2.694799296860240698e+08,6.195799666554992646e+07
1.694999999999985084e+04,8.562221023394875896e-01,9.844945071282626363e-16,2.696884497976649404e+08,6.194392133534690738e+07
1.695999999999985084e+04,8.559651554882998781e-01,9.844860922926578336e-16,2.698969894993380308e+08,6.192986374599238485e+07
1.696999999999985448e+04,8.557097514622502565e-01,9.844776195516457864e-16,2.701055487855314016e+08,6.191582373174351454e+07
1.697999999999985448e+04,8.554558761421573454e-01,9.844690885483418768e-16,2.703141276506831050e+08,6.190180112810125202e+07
1.698999999999985812e+04,8.552035155695691948e-01,9.844604989264635851e-16,2.705227260893240571e+08,6.188779576885505021e+07
1.699999999999985812e+04,8.549526559517739432e-01,9.844518503303642134e-16,2.707313440959343910e+08,6.187380748885635287e+07
1.700999999999985812e+04,8.547032836520052079e-01,9.844431424049950206e-16,2.709399816650831103e+08,6.185983612291098386e+07
1.701999999999986176e+04,8.544553851939061806e-01,9.844343747959837134e-16,2.711486387912883162e+08,6.184588150633362681e+07
1.702999999999986176e+04,8.542089472561981145e-01,9.844255471494579394e-16,2.713573154691504240e+08,6.183194347472021729e+07
1.703999999999986539e+04,8.539639566735879317e-01,9.844166591122036506e-16,2.715660116931895018e+08,6.181802186302268505e+07
1.704999999999986539e+04,8.537204004332639151e-01,9.844077103315724123e-16,2.717747274580667615e+08,6.180411650737669319e+07
1.705999999999986903e+04,8.534782656745854013e-01,9.843987004555675860e-16,2.719834627583305240e+08,6.179022724439600110e+07
1.706999999999986903e+04,8.532375396851705762e-01,9.843896291326869518e-16,2.721922175886796117e+08,6.177635391060421616e+07
1.707999999999986903e+04,8.529982099021966579e-01,9.843804960120820584e-16,2.724009919438080788e+08,6.176249634243199229e+07
1.708999999999987267e+04,8.527602639095235304e-01,9.843713007434339771e-16,2.726097858183161616e+08,6.174865437807700783e+07
1.709999999999987267e+04,8.525236894341166050e-01,9.843620429770978613e-16,2.728185992069293857e+08,6.173482785493830591e+07
1.710999999999987631e+04,8.522884743465990454e-01,9.843527223639080968e-16,2.730274321041721106e+08,6.172101661216451973e+07
1.711999999999987631e+04,8.520546066594352208e-01,9.843433385549789185e-16,2.732362845038575530e+08,6.170722048950431496e+07
1.712999999999987995e+04,8.518220745257831794e-01,9.843338912026914712e-16,2.734451564014520049e+08,6.169343932572923601e+07
1.713999999999987995e+04,8.515908662351940883e-01,9.843243799589275514e-16,2.736540477908551693e+08,6.167967296162582934e+07
1.714999999999987995e+04,8.513609702140183533e-01,9.843148044772492288e-16,2.738629586676415801e+08,6.166592123721980304e+07
1.715999999999988358e+04,8.511323750248553921e-01,9.843051644109067762e-16,2.740718890270014405e+08,6.165218399440583587e+07
1.716999999999988358e+04,8.509050693613651184e-01,9.842954594139872504e-16,2.742808388634669781e+08,6.163846107569535077e+07
1.717999999999988722e+04,8.506790420513892226e-01,9.842856891408078585e-16,2.744898081752707958e+08,6.162475232112629712e+07
1.718999999999988722e+04,8.504542820495327726e-01,9.842758532466115356e-16,2.746987969533205032e+08,6.161105757647077739e+07
1.719999999999989086e+04,8.502307784413297709e-01,9.842659513868705785e-16,2.749078051893609762e+08,6.159737668831653148e+07
1.720999999999989086e+04,8.500085204387131110e-01,9.842559832173746031e-16,2.751168328802170753e+08,6.158370950095617771e+07
1.721999999999989086e+04,8.497874973782537644e-01,9.842459483946916337e-16,2.753258800139225721e+08,6.157005586284507811e+07
1.722999999999989450e+04,8.495676987211265851e-01,9.842358465756837427e-16,2.755349465932738781e+08,6.155641561655803770e+07
1.723999999999989450e+04,8.493491140508271364e-01,9.842256774178302860e-16,2.757440326292102933e+08,6.154278859919349104e+07
1.724999999999989814e+04,8.491317330691380283e-01,9.842154405786924639e-16,2.759531381008663177e+08,6.152917466927187145e+07
1.725999999999989814e+04,8.489155455990149424e-01,9.842051357164562545e-16,2.761622630060171485e+08,6.151557367285889387e+07
1.726999999999990177e+04,8.487005415809724118e-01,9.841947624896290969e-16,2.763714073261438608e+08,6.150198546782182157e+07
1.727999999999990177e+04,8.484867110719279681e-01,9.841843205571830689e-16,2.765805710629634857e+08,6.148840990039504319e+07
1.728999999999990177e+04,8.482740442426945915e-01,9.841738095785122892e-16,2.767897541991452575e+08,6.147484682917140424e+07
1.729999999999990541e+04,8.480625313766209095e-01,9.841632292133899240e-16,2.769989567419243455e+08,6.146129609936327487e+07
1.730999999999990541e+04,8.478521628710291580e-01,9.841525791219788370e-16,2.772081786868132353e+08,6.144775756258035451e+07
1.731999999999990905e+04,8.476429292315168507e-01,9.841418589647108932e-16,2.774174200288686752e+08,6.143423107375758141e+07
1.732999999999990905e+04,8.474348210737714382e-01,9.841310684024912742e-16,2.776266807671552300e+08,6.142071648476320505e+07
1.733999999999991269e+04,8.472278291202451905e-01,9.841202070963975279e-16,2.778359608918339014e+08,6.140721365325823426e+07
1.734999999999991269e+04,8.470219441996814647e-01,9.841092747080252865e-16,2.780452603979514837e+08,6.139372243566139042e+07
1.735999999999991269e+04,8.468171572458418339e-01,9.840982708990971886e-16,2.782545792793156505e+08,6.138024269067566842e+07
1.736999999999991633e+04,8.466134592959239091e-01,9.840871953317650135e-16,2.784639175313303471e+08,6.136677427507489175e+07
1.737999999999991633e+04,8.464108414879740749e-01,9.840760476684523027e-16,2.786732751475709677e+08,6.135331704920878261e+07
1.738999999999991996e+04,8.462092950616153519e-01,9.840648275718882817e-16,2.788826521222548485e+08,6.133987087319757789e+07
1.739999999999991996e+04,8.460088113578460023e-01,9.840535347050496807e-16,2.790920484500743151e+08,6.132643560857895017e+07
1.740999999999992360e+04,8.458093818118685991e-01,9.840421687313021386e-16,2.793014641253279448e+08,6.131301111676291376e+07
1.741999999999992360e+04,8.456109979586117209e-01,9.840307293141045771e-16,2.795108991426485181e+08,6.129959726010928303e+07
1.742999999999992360e+04,8.454136514283573378e-01,9.840192161173103482e-16,2.797203534964018464e+08,6.128619390231750160e+07
1.743999999999992724e+04,8.452173339435508082e-01,9.840076288049996015e-16,2.799298271810680628e+08,6.127280090839771926e+07
1.744999999999992724e+04,8.450220373232870674e-01,9.839959670414303747e-16,2.801393201909590960e+08,6.125941814470186085e+07
1.745999999999993088e+04,8.448277534766692742e-01,9.839842304911904495e-16,2.803488325205114484e+08,6.124604547565564513e+07
1.746999999999993088e+04,8.446344744014608885e-01,9.839724188190238018e-16,2.805583641639728546e+08,6.123268276965645701e+07
1.747999999999993452e+04,8.444421921884284199e-01,9.839605316899964602e-16,2.807679151157494783e+08,6.121932989546977729e+07
1.748999999999993452e+04,8.442508990144265146e-01,9.839485687692557058e-16,2.809774853700398803e+08,6.120598672107844055e+07
1.749999999999993452e+04,8.440605871442733443e-01,9.839365297222696891e-16,2.811870749212090969e+08,6.119265311649759114e+07
1.750999999999993815e+04,8.438712489289351693e-01,9.839244142146313975e-16,2.813966837634979486e+08,6.117932895330646634e+07
1.751999999999993815e+04,8.436828768038958648e-01,9.839122219121379365e-16,2.816063118911236525e+08,6.116601410309413821e+07
1.752999999999994179e+04,8.434954632886546566e-01,9.838999524808199142e-16,2.818159592982623577e+08,6.115270843840686977e+07
1.753999999999994179e+04,8.433090009853463354e-01,9.838876055868661054e-16,2.820256259790778160e+08,6.113941183213600516e+07
1.754999999999994543e+04,8.431234825762449203e-01,9.838751808966447508e-16,2.822353119276874661e+08,6.112612415993196517e+07
1.755999999999994543e+04,8.429389008270069539e-01,9.838626780766960626e-16,2.824450171381975412e+08,6.111284529579332471e+07
1.756999999999994543e+04,8.427552485818587957e-01,9.838500967936174457e-16,2.826547416046658158e+08,6.109957511758458614e+07
1.757999999999994907e+04,8.425725187617573164e-01,9.838374367144340646e-16,2.828644853211385608e+08,6.108631350094307959e+07
1.758999999999994907e+04,8.423907043669383032e-01,9.838246975059892514e-16,2.830742482816202641e+08,6.107306032398434728e+07
1.759999999999995271e+04,8.422097984725400721e-01,9.838118788354973001e-16,2.832840304800841808e+08,6.105981546678390354e+07
1.760999999999995271e+04,8.420297942310850381e-01,9.837989803702227944e-16,2.834938319104687572e+08,6.104657880767179281e+07
1.761999999999995634e+04,8.418506848668281251e-01,9.837860017776117564e-16,2.837036525666813254e+08,6.103335022772343457e+07
1.762999999999995634e+04,8.416724636790723357e-01,9.837729427251967854e-16,2.839134924425927997e+08,6.102012960881871730e+07
1.763999999999995634e+04,8.414951240403030219e-01,9.837598028806848188e-16,2.841233515320421457e+08,6.100691683246030658e+07
1.764999999999995998e+04,8.413186593930732649e-01,9.837465819118608916e-16,2.843332298288305402e+08,6.099371178252314776e+07
1.765999999999995998e+04,8.411430632512995054e-01,9.837332794866281706e-16,2.845431273267264366e+08,6.098051434294525534e+07
1.766999999999996362e+04,8.409683291986347342e-01,9.837198952730038128e-16,2.847530440194582939e+08,6.096732439804103225e+07
1.767999999999996362e+04,8.407944508864308997e-01,9.837064289391171909e-16,2.849629799007219672e+08,6.095414183443954587e+07
1.768999999999996726e+04,8.406214220349446098e-01,9.836928801531917491e-16,2.851729349641720653e+08,6.094096653750541806e+07
1.769999999999996726e+04,8.404492364324576137e-01,9.836792485835175906e-16,2.853829092034288645e+08,6.092779839505056292e+07
1.770999999999996726e+04,8.402778879311594284e-01,9.836655338985398294e-16,2.855929026120706797e+08,6.091463729649742693e+07
1.771999999999997090e+04,8.401073704494543826e-01,9.836517357668280227e-16,2.858029151836403608e+08,6.090148312911725044e+07
1.772999999999997090e+04,8.399376779696452466e-01,9.836378538567310435e-16,2.860129469116377831e+08,6.088833578402179480e+07
1.773999999999997453e+04,8.397688045394100520e-01,9.836238878371426707e-16,2.862229977895267606e+08,6.087519515113393217e+07
1.774999999999997453e+04,8.396007442666739706e-01,9.836098373766091899e-16,2.864330678107273579e+08,6.086206112252780050e+07
1.775999999999997817e+04,8.394334913237887497e-01,9.835957021439845424e-16,2.866431569686209559e+08,6.084893359082195163e+07
1.776999999999997817e+04,8.392670399422967886e-01,9.835814818080946651e-16,2.868532652565453053e+08,6.083581244799257815e+07
1.777999999999997817e+04,8.391013844143567768e-01,9.835671760378587776e-16,2.870633926677985787e+08,6.082269758897174895e+07
1.778999999999998181e+04,8.389365190932922545e-01,9.835527845022570389e-16,2.872735391956338286e+08,6.080958890786154568e+07
1.779999999999998181e+04,8.387724383895706071e-01,9.835383068702881463e-16,2.874837048332641125e+08,6.079648630069874227e+07
1.780999999999998545e+04,8.386091367729571200e-01,9.835237428109965513e-16,2.876938895738564730e+08,6.078338966360292584e+07
1.781999999999998545e+04,8.384466087694311121e-01,9.835090919934458348e-16,2.879040934105373025e+08,6.077029889419403672e+07
1.782999999999998909e+04,8.382848489622145571e-01,9.834943540867786614e-16,2.881143163363856673e+08,6.075721388886459172e+07
1.783999999999998909e+04,8.381238519902032280e-01,9.834795287601846327e-16,2.883245583444386721e+08,6.074413454778569937e+07
1.784999999999998909e+04,8.379636125477889497e-01,9.834646156828038494e-16,2.885348194276857376e+08,6.073106076880528033e+07
1.785999999999999272e+04,8.378041253833454771e-01,9.834496145238712726e-16,2.887450995790737867e+08,6.071799245336285233e+07
1.786999999999999272e+04,8.376453852992143956e-01,9.834345249526364575e-16,2.889553987915009260e+08,6.070492950228057057e+07
1.787999999999999636e+04,8.374873871505876810e-01,9.834193466383026136e-16,2.891657170578219891e+08,6.069187181609734893e+07
1.788999999999999636e+04,8.373301258459563412e-01,9.834040792501370453e-16,2.893760543708426952e+08,6.067881929852893203e+07
1.790000000000000000e+04,8.371735963442823447e-01,9.833887224574033101e-16,2.895864107233236432e+08,6.066577185197414458e+07
1.791000000000000000e+04,8.370177936567382293e-01,9.833732759293982946e-16,2.897967861079758406e+08,6.065272938058941811e+07
1.792000000000000000e+04,8.368627128450449870e-01,9.833577393353685958e-16,2.900071805174652934e+08,6.063969178908055276e+07
1.793000000000000364e+04,8.367083490193969464e-01,9.833421123446047895e-16,2.902175939444074035e+08,6.062665898276653141e+07
1.794000000000000364e+04,8.365546973403159559e-01,9.833263946263666861e-16,2.904280263813709617e+08,6.061363086787384748e+07
1.795000000000000728e+04,8.364017530159174596e-01,9.833105858498602561e-16,2.906384778208746314e+08,6.060060735001029074e+07
1.796000000000000728e+04,8.362495113038144190e-01,9.832946856843630590e-16,2.908489482553895116e+08,6.058758833743771911e+07
1.797000000000001091e+04,8.360979675082290674e-01,9.832786937990751491e-16,2.910594376773346663e+08,6.057457373920518905e+07
1.798000000000001091e+04,8.359471169790695377e-01,9.832626098631997358e-16,2.912699460790818334e+08,6.056156346236290783e+07
1.799000000000001091e+04,8.357969551150431498e-01,9.832464335459110381e-16,2.914804734529508948e+08,6.054855741805227846e+07
1.800000000000001455e+04,8.356474773575656156e-01,9.832301645163503398e-16,2.916910197912130952e+08,6.053555551599822193e+07
1.801000000000001455e+04,8.354986791951157787e-01,9.832138024436046907e-16,2.919015850860868692e+08,6.052255766684287041e+07
1.802000000000001819e+04,8.353505561600970131e-01,9.831973469967840176e-16,2.921121693297417760e+08,6.050956378255961835e+07
1.803000000000001819e+04,8.352031038277958341e-01,9.831807978449386881e-16,2.923227725142942071e+08,6.049657377477078885e+07
1.804000000000002183e+04,8.350563178195036240e-01,9.831641546590736701e-16,2.925333946318103671e+08,6.048358755793110281e+07
1.805000000000002183e+04,8.349101937972186471e-01,9.831474171056599535e-16,2.927440356743029356e+08,6.047060504391842335e+07
1.806000000000002183e+04,8.347647274661653682e-01,9.831305848521934554e-16,2.929546956337345839e+08,6.045762614827003330e+07
1.807000000000002547e+04,8.346199145724787494e-01,9.831136575695996660e-16,2.931653745020138025e+08,6.044465078528632969e+07
1.808000000000002547e+04,8.344757509051756728e-01,9.830966349260217629e-16,2.933760722709979415e+08,6.043167887124956399e+07
1.809000000000002910e+04,8.343322322927665402e-01,9.830795165920270935e-16,2.935867889324897528e+08,6.041871032146221399e+07
1.810000000000002910e+04,8.341893546041260210e-01,9.830623022336504074e-16,2.937975244782407880e+08,6.040574505302859843e+07
1.811000000000003274e+04,8.340471137493390419e-01,9.830449915222869614e-16,2.940082788999472857e+08,6.039278298344348371e+07
1.812000000000003274e+04,8.339055056769731911e-01,9.830275841239604610e-16,2.942190521892539263e+08,6.037982403165157884e+07
1.813000000000003274e+04,8.337645263742268220e-01,9.830100797084697060e-16,2.944298443377493620e+08,6.036686811525737494e+07
1.814000000000003638e+04,8.336241718665678979e-01,9.829924779443586151e-16,2.946406553369705677e+08,6.035391515369351208e+07
1.815000000000003638e+04,8.334844382186488154e-01,9.829747785002158754e-16,2.948514851783981323e+08,6.034096506765585393e+07
1.816000000000004002e+04,8.333453215306138029e-01,9.829569810428453759e-16,2.950623338534601331e+08,6.032801777753134072e+07
1.817000000000004002e+04,8.332068179422660315e-01,9.829390852419553944e-16,2.952732013535286784e+08,6.031507320469998568e+07
1.818000000000004366e+04,8.330689236276216381e-01,9.829210907660293047e-16,2.954840876699224710e+08,6.030213127025221288e+07
1.819000000000004366e+04,8.329316347979492940e-01,9.829029972809833303e-16,2.956949927939033508e+08,6.028919189665976912e+07
1.820000000000004366e+04,8.327949477012569490e-01,9.828848044567610265e-16,2.959059167166799903e+08,6.027625500769940764e+07
1.821000000000004729e+04,8.326588586184798801e-01,9.828665119613933557e-16,2.961168594294037223e+08,6.026332052590158582e+07
1.822000000000004729e+04,8.325233638673514847e-01,9.828481194613684654e-16,2.963278209231728911e+08,6.025038837685140222e+07
1.823000000000005093e+04,8.323884597991348944e-01,9.828296266249662033e-16,2.965388011890282035e+08,6.023745848340241611e+07
1.824000000000005093e+04,8.322541427999267105e-01,9.828110331197674865e-16,2.967498002179564238e+08,6.022453077218511701e+07
1.825000000000005457e+04,8.321204092901925975e-01,9.827923386131163767e-16,2.969608180008859634e+08,6.021160516847401857e+07
1.826000000000005457e+04,8.319872557212104613e-01,9.827735427733331507e-16,2.971718545286918283e+08,6.019868159860524535e+07
1.827000000000005821e+04,8.318546785786358200e-01,9.827546452681458483e-16,2.973829097921905518e+08,6.018575998997450620e+07
1.828000000000005821e+04,8.317226743814782886e-01,9.827356457628561701e-16,2.975939837821444273e+08,6.017284027015320212e+07
1.829000000000005821e+04,8.315912396795762662e-01,9.827165439258374440e-16,2.978050764892579913e+08,6.015992236685331911e+07
1.830000000000006185e+04,8.314603710551440319e-01,9.826973394253164668e-16,2.980161879041804075e+08,6.014700620865092427e+07
1.831000000000006185e+04,8.313300651225419280e-01,9.826780319256991879e-16,2.982273180175027847e+08,6.013409172522582859e+07
1.832000000000006548e+04,8.312003185235072866e-01,9.826586210966907293e-16,2.984384668197613955e+08,6.012117884468637407e+07
1.833000000000006548e+04,8.310711279364566550e-01,9.826391066017711149e-16,2.986496343014338613e+08,6.010826749957255274e+07
1.834000000000006912e+04,8.309424900647087719e-01,9.826194881113481446e-16,2.988608204529425502e+08,6.009535761870458722e+07
1.835000000000006912e+04,8.308144016459917403e-01,9.825997652905373481e-16,2.990720252646512985e+08,6.008244913495399803e+07
1.836000000000006912e+04,8.306868594432877950e-01,9.825799378044157979e-16,2.992832487268690467e+08,6.006954197867715359e+07
1.837000000000007276e+04,8.305598602524485452e-01,9.825600053206862901e-16,2.994944908298456073e+08,6.005663608300472796e+07
1.838000000000007276e+04,8.304334008967195757e-01,9.825399675067309488e-16,2.997057515637754798e+08,6.004373138018249720e+07
1.839000000000007640e+04,8.303074782269991294e-01,9.825198240267732990e-16,2.999170309187943935e+08,6.003082780451755226e+07
1.840000000000007640e+04,8.301820891252228440e-01,9.824995745475060006e-16,3.001283288849824071e+08,6.001792528834591806e+07
1.841000000000008004e+04,8.300572304980090577e-01,9.824792187345492567e-16,3.003396454523604512e+08,6.000502376730296761e+07
1.842000000000008004e+04,8.299328992834882346e-01,9.824587562559117442e-16,3.005509806108939052e+08,5.999212317497102171e+07
1.843000000000008004e+04,8.298090924446192007e-01,9.824381867750993220e-16,3.007623343504891396e+08,5.997922344760952145e+07
1.844000000000008367e+04,8.296858069712853556e-01,9.824175099583804399e-16,3.009737066609972715e+08,5.996632452119642496e+07
1.845000000000008367e+04,8.295630398798399252e-01,9.823967254709027735e-16,3.011850975322102308e+08,5.995342633092407137e+07
1.846000000000008731e+04,8.294407882154291034e-01,9.823758329803330284e-16,3.013965069538637996e+08,5.994052881422917545e+07
1.847000000000008731e+04,8.293190490474253718e-01,9.823548321492160337e-16,3.016079349156352878e+08,5.992763190758426487e+07
1.848000000000009095e+04,8.291978194724372031e-01,9.823337226442596346e-16,3.018193814071459174e+08,5.991473554998365790e+07
1.849000000000009095e+04,8.290770966112332996e-01,9.823125041316307152e-16,3.020308464179576039e+08,5.990183967873251438e+07
1.850000000000009095e+04,8.289568776098721337e-01,9.822911762741616442e-16,3.022423299375767112e+08,5.988894423204689473e+07
1.851000000000009459e+04,8.288371596409889186e-01,9.822697387378794799e-16,3.024538319554505348e+08,5.987604914926560223e+07
1.852000000000009459e+04,8.287179399014407144e-01,9.822481911890810711e-16,3.026653524609707594e+08,5.986315437058892846e+07
1.853000000000009823e+04,8.285992156097481409e-01,9.822265332905717681e-16,3.028768914434703588e+08,5.985025983476211876e+07
1.854000000000009823e+04,8.284809840143763093e-01,9.822047647075489448e-16,3.030884488922266364e+08,5.983736548353162408e+07
1.855000000000010186e+04,8.283632423820247448e-01,9.821828851040418692e-16,3.033000247964575291e+08,5.982447125623906404e+07
1.856000000000010186e+04,8.282459880060966118e-01,9.821608941469922840e-16,3.035116191453256011e+08,5.981157709541665018e+07
1.857000000000010186e+04,8.281292182032541360e-01,9.821387914985369797e-16,3.037232319279341698e+08,5.979868294187401980e+07
1.858000000000010550e+04,8.280129303142205188e-01,9.821165768227576838e-16,3.039348631333317757e+08,5.978578873850829899e+07
1.859000000000010550e+04,8.278971216991388715e-01,9.820942497853339612e-16,3.041465127505077720e+08,5.977289442712380737e+07
1.860000000000010914e+04,8.277817897440502559e-01,9.820718100507409838e-16,3.043581807683961987e+08,5.975999995129615068e+07
1.861000000000010914e+04,8.276669318557052790e-01,9.820492572800346056e-16,3.045698671758723855e+08,5.974710525448174775e+07
1.862000000000011278e+04,8.275525454648097190e-01,9.820265911406858947e-16,3.047815719617567062e+08,5.973421027944742143e+07
1.863000000000011278e+04,8.274386280227339352e-01,9.820038112951722327e-16,3.049932951148104072e+08,5.972131497157190740e+07
1.864000000000011278e+04,8.273251770033918095e-01,9.819809174089751805e-16,3.052050366237402558e+08,5.970841927551781386e+07
1.865000000000011642e+04,8.272121899005238088e-01,9.819579091426701759e-16,3.054167964771945477e+08,5.969552313563334942e+07
1.866000000000011642e+04,8.270996642319241587e-01,9.819347861614912748e-16,3.056285746637666821e+08,5.968262649770600349e+07
1.867000000000012005e+04,8.269875975334218809e-01,9.819115481274001409e-16,3.058403711719916463e+08,5.966972930732772499e+07
1.868000000000012005e+04,8.268759873637624436e-01,9.818881947070998862e-16,3.060521859903497696e+08,5.965683151116257161e+07
1.869000000000012369e+04,8.267648313009785532e-01,9.818647255623957827e-16,3.062640191072632074e+08,5.964393305555456877e+07
1.870000000000012369e+04,8.266541269452336582e-01,9.818411403577079790e-16,3.064758705110999346e+08,5.963103388774726540e+07
1.871000000000012369e+04,8.265438719156154024e-01,9.818174387532322736e-16,3.066877401901698709e+08,5.961813395491778105e+07
1.872000000000012733e+04,8.264340638514542370e-01,9.817936204163762314e-16,3.068996281327290535e+08,5.960523320478099585e+07
1.873000000000012733e+04,8.263247004115871208e-01,9.817696850061620232e-16,3.071115343269755244e+08,5.959233158600099385e+07
1.874000000000013097e+04,8.262157792746143148e-01,9.817456321896889663e-16,3.073234587610532045e+08,5.957942904599791020e+07
1.875000000000013097e+04,8.261072981379502522e-01,9.817214616271447735e-16,3.075354014230489731e+08,5.956652553517994285e+07
1.876000000000013461e+04,8.259992547192869239e-01,9.816971729829466351e-16,3.077473623009959459e+08,5.955362100137530267e+07
1.877000000000013461e+04,8.258916467558562458e-01,9.816727659186791393e-16,3.079593413828698993e+08,5.954071539621938020e+07
1.878000000000013461e+04,8.257844720006040085e-01,9.816482400987742677e-16,3.081713386565932631e+08,5.952780866708085686e+07
1.879000000000013824e+04,8.256777282275722385e-01,9.816235951851861896e-16,3.083833541100311279e+08,5.951490076638090611e+07
1.880000000000013824e+04,8.255714132290826734e-01,9.815988308415958911e-16,3.085953877309961915e+08,5.950199164408504963e+07
1.881000000000014188e+04,8.254655248157296565e-01,9.815739467291822886e-16,3.088074395072442889e+08,5.948908125103119761e+07
1.882000000000014188e+04,8.253600608137030559e-01,9.815489425119247546e-16,3.090195094264783263e+08,5.947616953845416754e+07
1.883000000000014552e+04,8.252550190710734590e-01,9.815238178536158990e-16,3.092315974763447642e+08,5.946325645893932134e+07
1.884000000000014552e+04,8.251503974499068139e-01,9.814985724138048515e-16,3.094437036444376707e+08,5.945034196459877491e+07
1.885000000000014552e+04,8.250461938317916744e-01,9.814732058572805532e-16,3.096558279182953835e+08,5.943742600726931542e+07
1.886000000000014916e+04,8.249424061155399279e-01,9.814477178462478342e-16,3.098679702854037881e+08,5.942450854034116119e+07
1.887000000000014916e+04,8.248390322161633925e-01,9.814221080432404794e-16,3.100801307331931591e+08,5.941158951650386304e+07
1.888000000000015280e+04,8.247360700660162358e-01,9.813963761107952321e-16,3.102923092490417957e+08,5.939866888863597810e+07
1.889000000000015280e+04,8.246335176145985768e-01,9.813705217114602740e-16,3.105045058202727437e+08,5.938574661167068779e+07
1.890000000000015643e+04,8.245313728279293208e-01,9.813445445069807263e-16,3.107167204341576099e+08,5.937282263942550868e+07
1.891000000000015643e+04,8.244296336883459864e-01,9.813184441616213323e-16,3.109289530779129863e+08,5.935989692535963655e+07
1.892000000000015643e+04,8.243282981939812348e-01,9.812922203369800905e-16,3.111412037387042642e+08,5.934696942546233535e+07
1.893000000000016007e+04,8.242273643609157041e-01,9.812658726958513073e-16,3.113534724036426544e+08,5.933404009404838085e+07
1.894000000000016007e+04,8.241268302189588280e-01,9.812394008979760029e-16,3.115657590597886443e+08,5.932110888738221675e+07
1.895000000000016371e+04,8.240266938146856290e-01,9.812128046097650164e-16,3.117780636941480041e+08,5.930817575973819941e+07
1.896000000000016371e+04,8.239269532116422212e-01,9.811860834931056613e-16,3.119903862936763763e+08,5.929524066855488718e+07
1.897000000000016735e+04,8.238276064866738579e-01,9.811592372076582968e-16,3.122027268452758193e+08,5.928230356880752742e+07
1.898000000000016735e+04,8.237286517318488377e-01,9.811322654187743218e-16,3.124150853357984424e+08,5.926936441838429868e+07
1.899000000000016735e+04,8.236300870578815436e-01,9.811051677880399021e-16,3.126274617520428896e+08,5.925642317329428345e+07
1.900000000000017099e+04,8.235319105873766254e-01,9.810779439779691013e-16,3.128398560807586312e+08,5.924347979114682972e+07
1.901000000000017099e+04,8.234341204585314822e-01,9.810505936511615742e-16,3.130522683086421490e+08,5.923053422939100862e+07
1.902000000000017462e+04,8.233367148253757373e-01,9.810231164703465460e-16,3.132646984223403335e+08,5.921758644583377242e+07
1.903000000000017462e+04,8.232396918549917952e-01,9.809955120983908984e-16,3.134771464084483981e+08,5.920463639846564829e+07
1.904000000000017826e+04,8.231430497300724625e-01,9.809677801964406128e-16,3.136896122535120249e+08,5.919168404565723985e+07
1.905000000000017826e+04,8.230467866473739624e-01,9.809399204298338746e-16,3.139020959440253973e+08,5.917872934626743197e+07
1.906000000000017826e+04,8.229509008178775842e-01,9.809119324580501967e-16,3.141145974664345980e+08,5.916577225888681412e+07
1.907000000000018190e+04,8.228553904674708042e-01,9.808838159471884238e-16,3.143271168071338534e+08,5.915281274258561432e+07
1.908000000000018190e+04,8.227602538348406380e-01,9.808555705579750605e-16,3.145396539524701834e+08,5.913985075790777802e+07
1.909000000000018554e+04,8.226654891730624808e-01,9.808271959538161747e-16,3.147522088887390494e+08,5.912688626328432560e+07
1.910000000000018554e+04,8.225710947485260771e-01,9.807986917975583348e-16,3.149647816021890640e+08,5.911391921951965988e+07
1.911000000000018917e+04,8.224770688423966858e-01,9.807700577530621898e-16,3.151773720790179372e+08,5.910094958635140210e+07
1.912000000000018917e+04,8.223834097476048210e-01,9.807412934814327004e-16,3.153899803053769469e+08,5.908797732565733790e+07
1.913000000000018917e+04,8.222901157709594511e-01,9.807123986480409872e-16,3.156026062673672438e+08,5.907500239671836048e+07
1.914000000000019281e+04,8.221971852332818909e-01,9.806833729146349323e-16,3.158152499510431886e+08,5.906202476112774014e+07
1.915000000000019281e+04,8.221046164682497270e-01,9.806542159449572502e-16,3.160279113424104452e+08,5.904904438037224114e+07
1.916000000000019645e+04,8.220124078206633156e-01,9.806249274026232542e-16,3.162405904274283648e+08,5.903606121707432717e+07
1.917000000000019645e+04,8.219205576524097889e-01,9.805955069491672424e-16,3.164532871920072436e+08,5.902307523197423667e+07
1.918000000000020009e+04,8.218290643327892386e-01,9.805659542527814992e-16,3.166660016220120788e+08,5.901008638609583676e+07
1.919000000000020009e+04,8.217379262481085966e-01,9.805362689711680365e-16,3.168787337032591105e+08,5.899709464416668564e+07
1.920000000000020009e+04,8.216471417950965694e-01,9.805064507725966442e-16,3.170914834215205312e+08,5.898409996725114435e+07
1.921000000000020373e+04,8.215567093823306077e-01,9.804764993194829753e-16,3.173042507625198364e+08,5.897110231862180680e+07
1.922000000000020373e+04,8.214666274323192408e-01,9.804464142756350225e-16,3.175170357119370699e+08,5.895810166203413904e+07
1.923000000000020736e+04,8.213768943791298627e-01,9.804161953051554178e-16,3.177298382554044724e+08,5.894509795965189487e+07
1.924000000000020736e+04,8.212875086682392967e-01,9.803858420726402260e-16,3.179426583785104752e+08,5.893209117516213655e+07
1.925000000000021100e+04,8.211984687575039077e-01,9.803553542410715021e-16,3.181554960667968392e+08,5.891908127357458323e+07
1.926000000000021100e+04,8.211097731174705761e-01,9.803247314777083080e-16,3.183683513057622313e+08,5.890606821805718541e+07
1.927000000000021100e+04,8.210214202296489683e-01,9.802939734428067901e-16,3.185812240808588862e+08,5.889305197317183018e+07
1.928000000000021464e+04,8.209334085868977837e-01,9.802630798047059608e-16,3.187941143774966002e+08,5.888003250306220353e+07
1.929000000000021464e+04,8.208457366930076438e-01,9.802320502275958185e-16,3.190070221810393333e+08,5.886700977272531390e+07
1.930000000000021828e+04,8.207584030648966689e-01,9.802008843756340184e-16,3.192199474768088460e+08,5.885398374688822031e+07
1.931000000000021828e+04,8.206714062299804713e-01,9.801695819148012733e-16,3.194328902500814795e+08,5.884095439160912484e+07
1.932000000000022192e+04,8.205847447281812146e-01,9.801381425113981789e-16,3.196458504860931039e+08,5.882792167114378512e+07
1.933000000000022192e+04,8.204984171062640330e-01,9.801065658273507030e-16,3.198588281700339913e+08,5.881488555197200924e+07
1.934000000000022192e+04,8.204124219278101648e-01,9.800748515310440063e-16,3.200718232870541811e+08,5.880184599885858595e+07
1.935000000000022555e+04,8.203267577638889696e-01,9.800429992904279956e-16,3.202848358222589493e+08,5.878880297922725230e+07
1.936000000000022555e+04,8.202414231980925674e-01,9.800110087682705503e-16,3.204978657607139349e+08,5.877575645849566907e+07
1.937000000000022919e+04,8.201564168210319083e-01,9.799788796315524616e-16,3.207109130874410272e+08,5.876270640278748423e+07
1.938000000000022919e+04,8.200717372396507665e-01,9.799466115462581892e-16,3.209239777874228954e+08,5.874965277988728881e+07
1.939000000000023283e+04,8.199873830669643926e-01,9.799142041801587659e-16,3.211370598455983996e+08,5.873659555588774383e+07
1.940000000000023283e+04,8.199033529289623257e-01,9.798816571991761341e-16,3.213501592468681931e+08,5.872353469825004786e+07
1.941000000000023283e+04,8.198196454610304773e-01,9.798489702695422587e-16,3.215632759760902524e+08,5.871047017388025671e+07
1.942000000000023647e+04,8.197362593090447014e-01,9.798161430620550316e-16,3.217764100180840492e+08,5.869740195105995983e+07
1.943000000000023647e+04,8.196531931285897521e-01,9.797831752414264801e-16,3.219895613576272130e+08,5.868432999605481327e+07
1.944000000000024011e+04,8.195704455862858895e-01,9.797500664756333320e-16,3.222027299794596434e+08,5.867125427774878591e+07
1.945000000000024011e+04,8.194880153573785853e-01,9.797168164338939826e-16,3.224159158682799935e+08,5.865817476405248791e+07
1.946000000000024374e+04,8.194059011301675355e-01,9.796834247827409527e-16,3.226291190087498426e+08,5.864509142359276116e+07
1.947000000000024374e+04,8.193241015983774300e-01,9.796498911915941914e-16,3.228423393854901791e+08,5.863200422441906482e+07
1.948000000000024738e+04,8.192426154698344565e-01,9.796162153291256104e-16,3.230555769830850959e+08,5.861891313486737013e+07
1.949000000000024738e+04,8.191614414593108018e-01,9.795823968637566581e-16,3.232688317860789895e+08,5.860581812429711968e+07
1.950000000000024738e+04,8.190805782907798482e-01,9.795484354679737830e-16,3.234821037789800763e+08,5.859271916196836531e+07
1.951000000000025102e+04,8.190000247012936274e-01,9.795143308088410012e-16,3.236953929462571740e+08,5.857961621611034870e+07
1.952000000000025102e+04,8.189197794343158199e-01,9.794800825568682703e-16,3.239086992723438144e+08,5.856650925648224354e+07
1.953000000000025466e+04,8.188398412418216310e-01,9.794456903816778821e-16,3.241220227416346669e+08,5.855339825293716043e+07
1.954000000000025466e+04,8.187602088886803964e-01,9.794111539550607072e-16,3.243353633384897709e+08,5.854028317479305714e+07
1.955000000000025830e+04,8.186808811463591740e-01,9.793764729458357798e-16,3.245487210472309589e+08,5.852716399260353297e+07
1.956000000000025830e+04,8.186018567961468317e-01,9.793416470271602775e-16,3.247620958521462083e+08,5.851404067577008158e+07
1.957000000000025830e+04,8.185231346291371723e-01,9.793066758696250161e-16,3.249754877374854684e+08,5.850091319467526674e+07
1.958000000000026193e+04,8.184447134442720539e-01,9.792715591450413767e-16,3.251888966874653697e+08,5.848778151992450655e+07
1.959000000000026193e+04,8.183665920500454716e-01,9.792362965256613188e-16,3.254023226862658262e+08,5.847464562229565531e+07
1.960000000000026557e+04,8.182887692636108268e-01,9.792008876840414997e-16,3.256157657180339098e+08,5.846150547188800573e+07
1.961000000000026557e+04,8.182112439115012403e-01,9.791653322931505592e-16,3.258292257668794990e+08,5.844836103961452097e+07
1.962000000000026921e+04,8.181340148291290637e-01,9.791296300264073796e-16,3.260427028168810010e+08,5.843521229667627066e+07
1.963000000000026921e+04,8.180570808579791242e-01,9.790937805580741353e-16,3.262561968520811796e+08,5.842205921515478939e+07
1.964000000000026921e+04,8.179804408524461445e-01,9.790577835604980410e-16,3.264697078564904332e+08,5.840890176522316039e+07
1.965000000000027285e+04,8.179040936717720811e-01,9.790216387093744344e-16,3.266832358140847683e+08,5.839573991943803430e+07
1.966000000000027285e+04,8.178280381860281167e-01,9.789853456806025734e-16,3.268967807088080049e+08,5.838257364816889912e+07
1.967000000000027649e+04,8.177522732707735997e-01,9.789489041458151619e-16,3.271103425245644450e+08,5.836940292442236841e+07
1.968000000000027649e+04,8.176767978150963900e-01,9.789123137844487105e-16,3.273239212452395558e+08,5.835622771980380267e+07
1.969000000000028012e+04,8.176016107105802400e-01,9.788755742706510087e-16,3.275375168546737432e+08,5.834304800618732721e+07
1.970000000000028012e+04,8.175267108601383947e-01,9.788386852817116820e-16,3.277511293366886377e+08,5.832986375632539392e+07
1.971000000000028012e+04,8.174520971738030717e-01,9.788016464941727129e-16,3.279647586750615835e+08,5.831667494225689769e+07
1.972000000000028376e+04,8.173777685716374641e-01,9.787644575856181693e-16,3.281784048535520434e+08,5.830348153701154888e+07
1.973000000000028376e+04,8.173037239773585094e-01,9.787271182341405397e-16,3.283920678558754325e+08,5.829028351283038408e+07
1.974000000000028740e+04,8.172299623279341008e-01,9.786896281195516351e-16,3.286057476657298207e+08,5.827708084242033958e+07
1.975000000000028740e+04,8.171564825643895524e-01,9.786519869183129742e-16,3.288194442667725682e+08,5.826387349927528203e+07
1.976000000000029104e+04,8.170832836389377851e-01,9.786141943093792707e-16,3.290331576426397562e+08,5.825066145633203536e+07
1.977000000000029104e+04,8.170103645070929677e-01,9.785762499761124068e-16,3.292468877769289017e+08,5.823744468704183400e+07
1.978000000000029104e+04,8.169377241346982288e-01,9.785381535946591457e-16,3.294606346532177329e+08,5.822422316444207728e+07
1.979000000000029468e+04,8.168653614972660737e-01,9.784999048499263538e-16,3.296743982550457120e+08,5.821099686233482510e+07
1.980000000000029468e+04,8.167932755738321893e-01,9.784615034200157888e-16,3.298881785659327507e+08,5.819776575389948487e+07
1.981000000000029831e+04,8.167214653525640689e-01,9.784229489905058349e-16,3.301019755693619847e+08,5.818452981312097609e+07
1.982000000000029831e+04,8.166499298302377641e-01,9.783842412392992597e-16,3.303157892487950921e+08,5.817128901510570198e+07
1.983000000000030195e+04,8.165786680105632245e-01,9.783453798542976428e-16,3.305296195876418352e+08,5.815804333184726536e+07
1.984000000000030195e+04,8.165076789029441784e-01,9.783063645157746732e-16,3.307434665693264604e+08,5.814479273900125176e+07
1.985000000000030195e+04,8.164369615261692914e-01,9.782671949090515664e-16,3.309573301772059202e+08,5.813153720994135737e+07
1.986000000000030559e+04,8.163665149059878834e-01,9.782278707191917777e-16,3.311712103946508169e+08,5.811827671982448548e+07
1.987000000000030559e+04,8.162963380732806140e-01,9.781883916300701462e-16,3.313851072049668431e+08,5.810501124278053641e+07
1.988000000000030923e+04,8.162264300699235697e-01,9.781487573317158092e-16,3.315990205914698243e+08,5.809174075333376974e+07
1.989000000000030923e+04,8.161567899406906301e-01,9.781089675065126587e-16,3.318129505374132991e+08,5.807846522678630799e+07
1.990000000000031287e+04,8.160874167405848256e-01,9.780690218430519360e-16,3.320268970260609984e+08,5.806518463732066005e+07
1.991000000000031287e+04,8.160183095293451760e-01,9.780289200308247753e-16,3.322408600406072736e+08,5.805189896008645743e+07
1.992000000000031287e+04,8.159494673758015404e-01,9.779886617567046732e-16,3.324548395642734766e+08,5.803860817050693929e+07
1.993000000000031650e+04,8.158808893544242657e-01,9.779482467104010813e-16,3.326688355802045465e+08,5.802531224431099743e+07
1.994000000000031650e+04,8.158125745459684497e-01,9.779076745816962235e-16,3.328828480716043711e+08,5.801201115518492460e+07
1.995000000000032014e+04,8.157445220380697970e-01,9.778669450611911613e-16,3.330968770219733715e+08,5.799870487954341620e+07
1.996000000000032014e+04,8.156767309247556774e-01,9.778260578396285570e-16,3.333109224186647534e+08,5.798539339008145779e+07
1.997000000000032378e+04,8.156092002861644596e-01,9.777850125968557202e-16,3.335249843048068881e+08,5.797207663113301992e+07
1.998000000000032378e+04,8.155419300557753548e-01,9.777438094757923560e-16,3.337390603377683163e+08,5.795875581580883265e+07
1.999000000000032378e+04,8.154749185646518184e-01,9.777024477480591304e-16,3.339531527048437595e+08,5.794542974560914189e+07
2.000000177788345536e+04,8.154081514766228223e-01,9.776609188211087374e-16,3.341673040367909670e+08,5.793209359014465660e+07
2.001001066856345278e+04,8.153415942740056543e-01,9.776192009111215700e-16,3.343816239646005034e+08,5.791874265409761667e+07
2.002003378989547491e+04,8.152752003467411690e-01,9.775772639648838380e-16,3.345962627413000464e+08,5.790536856878297031e+07
2.003007826985485008e+04,8.152089221593116219e-01,9.775350765448294700e-16,3.348113754158738256e+08,5.789196052782746404e+07
2.004015125160617026e+04,8.151427136490411174e-01,9.774926071522020321e-16,3.350271150108830333e+08,5.787850896216861159e+07
2.005025989858316098e+04,8.150765293313346760e-01,9.774498237223748498e-16,3.352436350880553126e+08,5.786500423202213645e+07
2.006041139958299755e+04,8.150103242847919205e-01,9.774066936051912138e-16,3.354610898003486991e+08,5.785143664636100829e+07
2.007061297387862578e+04,8.149440541242350955e-01,9.773631835377962079e-16,3.356796340005264282e+08,5.783779645456279069e+07
2.008087187635278315e+04,8.148776749761819094e-01,9.773192596087559619e-16,3.358994233596629500e+08,5.782407383963666111e+07
2.009119540265732576e+04,8.148111434505505013e-01,9.772748872252268388e-16,3.361206144801483154e+08,5.781025890825151652e+07
2.010159089440156094e+04,8.147444166202786331e-01,9.772300310833518517e-16,3.363433652197370529e+08,5.779634156670518965e+07
2.011206574437324161e+04,8.146774519978439155e-01,9.771846551214786480e-16,3.365678375468128920e+08,5.778231003382125497e+07
2.012262740179599859e+04,8.146102075130621234e-01,9.771387224897319610e-16,3.367941803153629899e+08,5.776816020261830091e+07
2.013328337762684896e+04,8.145426415036643997e-01,9.770921954999440169e-16,3.370225626592817307e+08,5.775387764543277770e+07
2.014404124989766206e+04,8.144747126950931948e-01,9.770450355960641649e-16,3.372531553715914488e+08,5.773944773830574006e+07
2.015490866910428304e+04,8.144063801796277424e-01,9.769972032983643230e-16,3.374861115388079882e+08,5.772486617244478315e+07
2.016589336364722840e+04,8.143376034147897791e-01,9.769486581602502239e-16,3.377216006874808669e+08,5.771012056358627230e+07
2.017700314532773700e+04,8.142683422065788434e-01,9.768993587213052587e-16,3.379597911514954567e+08,5.769520003490334004e+07
2.018824591490318926e+04,8.141985567037377525e-01,9.768492624566243076e-16,3.382008530056468844e+08,5.768009368877173960e+07
2.019962966770572166e+04,8.141282073901157101e-01,9.767983257182522556e-16,3.384449583999210596e+08,5.766479048345105350e+07
2.021116249932816572e+04,8.140572550815393660e-01,9.767465036846116982e-16,3.386922817014330029e+08,5.764927921583991498e+07
2.022285261138123315e+04,8.139856609196476356e-01,9.766937502992893073e-16,3.389429996139128804e+08,5.763354851435541362e+07
2.023470831732612714e+04,8.139133863791827572e-01,9.766400182048786023e-16,3.391972913126543760e+08,5.761758682744979858e+07
2.024673804838668366e+04,8.138403932577384925e-01,9.765852586958250017e-16,3.394553385736959577e+08,5.760138241184981167e+07
2.025895035954527339e+04,8.137666436905675038e-01,9.765294216228675509e-16,3.397173259033042192e+08,5.758492332792321593e+07
2.027135393562668469e+04,8.136921001530788011e-01,9.764724553513042363e-16,3.399834406736087203e+08,5.756819742652765661e+07
2.028395759747438569e+04,8.136167254639568025e-01,9.764143066729196098e-16,3.402538732562969923e+08,5.755119233773714304e+07
2.029677030822349479e+04,8.135404828049208614e-01,9.763549207247400039e-16,3.405288171645830870e+08,5.753389546365079284e+07
2.030980117967491606e+04,8.134633357260412367e-01,9.762942409205477832e-16,3.408084691897038817e+08,5.751629396696373820e+07
2.032305947877527069e+04,8.133852481639161081e-01,9.762322088437532450e-16,3.410930295484920144e+08,5.749837475755084306e+07
2.033655463420707383e+04,8.133061844620373959e-01,9.761687641939240491e-16,3.413827020257331729e+08,5.748012448194286227e+07
2.035029624309399514e+04,8.132261093882005021e-01,9.761038446493828061e-16,3.416776941245445013e+08,5.746152951624566317e+07
2.036429407782588896e+04,8.131449881595906870e-01,9.760373858247521609e-16,3.419782172168615460e+08,5.744257594616977870e+07
2.037855809300844339e+04,8.130627864701647223e-01,9.759693210896483274e-16,3.422844866989812255e+08,5.742324956275371462e+07
2.039309843254243970e+04,8.129794705192369131e-01,9.758995815490522567e-16,3.425967221479267478e+08,5.740353584346140176e+07
2.040792543683763142e+04,8.128950070464412425e-01,9.758280958632558827e-16,3.429151474833659530e+08,5.738341994391156733e+07
2.042304965016632923e+04,8.128093633627371251e-01,9.757547901510282630e-16,3.432399911304535866e+08,5.736288667933461815e+07
2.043848182816203189e+04,8.127225073953050494e-01,9.756795878875752369e-16,3.435714861885830164e+08,5.734192051834128797e+07
2.045423294546830948e+04,8.126344077276990152e-01,9.756024097334431869e-16,3.439098706012777090e+08,5.732050555725543946e+07
2.047031420354345391e+04,8.125450336467181511e-01,9.755231734157771313e-16,3.442553873321602941e+08,5.729862551656078547e+07
2.048673703862644106e+04,8.124543551964797938e-01,9.754417935954321745e-16,3.446082845425189137e+08,5.727626372005584091e+07
2.050351312986985067e+04,8.123623432289234225e-01,9.753581816945640115e-16,3.449688157751243114e+08,5.725340307702719420e+07
2.052065440764552841e+04,8.122689694667979410e-01,9.752722457544519358e-16,3.453372401399006844e+08,5.723002607279231399e+07
2.053817306202890177e+04,8.121742065630254137e-01,9.751838902430033673e-16,3.457138225061785579e+08,5.720611474345985055e+07
2.055608155146801437e+04,8.120780281730236583e-01,9.750930159066899858e-16,3.460988336970731616e+08,5.718165066545628011e+07
2.057439261164336494e+04,8.119804090297831900e-01,9.749995195741418757e-16,3.464925506908245087e+08,5.715661493097601831e+07
2.059311926452494663e+04,8.118813250190151098e-01,9.749032939456821972e-16,3.468952568246999979e+08,5.713098813354706019e+07
2.061227482763285661e+04,8.117807532625728184e-01,9.748042274289433655e-16,3.473072420051839948e+08,5.710475034733357280e+07
2.063187292350809003e+04,8.116786722084131656e-01,9.747022038594564617e-16,3.477288029226596951e+08,5.707788110546960682e+07
2.065192748940027013e+04,8.115750617332422312e-01,9.745971023389674857e-16,3.481602432717067003e+08,5.705035937887865305e+07
2.067245278717913607e+04,8.114699032394908640e-01,9.744887969746022722e-16,3.486018739763770103e+08,5.702216355631777644e+07
2.069346341347696216e+04,8.113631797605963536e-01,9.743771565989058694e-16,3.490540134215107560e+08,5.699327141825531423e+07
2.071497431006896295e+04,8.112548760883048216e-01,9.742620445587908898e-16,3.495169876893686056e+08,5.696366011506771296e+07
2.073700077449920718e+04,8.111449788878065670e-01,9.741433183963990973e-16,3.499911308026816249e+08,5.693330614162754267e+07
2.075955847095950594e+04,8.110334768307909670e-01,9.740208295656202971e-16,3.504767849733899832e+08,5.690218531095375866e+07
2.078266344142904927e+04,8.109203607413162374e-01,9.738944231664071383e-16,3.509743008581728339e+08,5.687027272679773718e+07
2.080633211708273302e+04,8.108056237357086360e-01,9.737639375738959058e-16,3.514840378200798631e+08,5.683754275599858910e+07
2.083058132997621215e+04,8.106892613885949839e-01,9.736292041027815074e-16,3.520063641973636150e+08,5.680396899739920348e+07
2.085542832501609519e+04,8.105712718989357413e-01,9.734900466781325227e-16,3.525416575788092613e+08,5.676952425484792143e+07
2.088089077222371270e+04,8.104516562724051187e-01,9.733462814951493816e-16,3.530903050867243409e+08,5.673418049697017670e+07
2.090698677930119447e+04,8.103304184987412118e-01,9.731977165198479515e-16,3.536527036668039560e+08,5.669790883276646584e+07
2.093373490450884492e+04,8.102075657728476932e-01,9.730441511897735983e-16,3.542292603861743212e+08,5.666067946997465938e+07
2.096115416986288983e+04,8.100831086976753026e-01,9.728853759291558359e-16,3.548203927387704253e+08,5.662246167804564536e+07
2.098926407466304954e+04,8.099570615139338736e-01,9.727211717058799003e-16,3.554265289591226578e+08,5.658322375231606513e+07
2.101808460935954281e+04,8.098294423457714775e-01,9.725513095558832984e-16,3.560481083443589807e+08,5.654293297025896609e+07
2.104763626976934029e+04,8.097002734595777351e-01,9.723755501097864113e-16,3.566855815848350525e+08,5.650155554981228709e+07
2.107794007165185030e+04,8.095695815345578250e-01,9.721936430582601599e-16,3.573394111035163403e+08,5.645905660228375345e+07
2.110901756565432152e+04,8.094373979605354874e-01,9.720053265684501755e-16,3.580100714045942426e+08,5.641540008653988689e+07
2.114089085263769084e+04,8.093037591444192103e-01,9.718103268026917754e-16,3.586980494312569499e+08,5.637054876015323400e+07
2.117358259939363779e+04,8.091687068493691459e-01,9.716083572630596366e-16,3.594038449332329631e+08,5.632446412337517738e+07
2.120711605476418481e+04,8.090322885414666931e-01,9.713991181979637454e-16,3.601279708438829184e+08,5.627710636606402695e+07
2.124151506617517589e+04,8.088945577662262076e-01,9.711822959578087967e-16,3.608709536685529351e+08,5.622843430397056043e+07
2.127680409659543511e+04,8.087555745633890902e-01,9.709575623352376725e-16,3.616333338815359473e+08,5.617840532462540269e+07
2.131300824193371227e+04,8.086154058821176660e-01,9.707245738606066699e-16,3.624156663358203769e+08,5.612697531711958349e+07
2.135015324888570103e+04,8.084741260478501834e-01,9.704829710641836184e-16,3.632185206818525195e+08,5.607409859837774187e+07
2.138826553324388806e+04,8.083318172602446117e-01,9.702323778423943830e-16,3.640424817996318340e+08,5.601972784772279114e+07
2.142737219868323882e+04,8.081885701072293315e-01,9.699724005176328000e-16,3.648881502403999567e+08,5.596381402372684330e+07
2.146750105603606062e+04,8.080444841368581432e-01,9.697026272652573586e-16,3.657561426823049188e+08,5.590630628154239058e+07
2.150868064306975066e+04,8.078996684697600239e-01,9.694226271213309914e-16,3.666470923962785006e+08,5.584715188509885967e+07
2.155094024478155916e+04,8.077542424373898022e-01,9.691319492646980921e-16,3.675616497261894345e+08,5.578629611356715113e+07
2.159430991422466104e+04,8.076083362832557899e-01,9.688301222150724979e-16,3.685004825803232193e+08,5.572368216059068590e+07
2.163882049388052474e+04,8.074620919311518152e-01,9.685166529404374312e-16,3.694642769373654723e+08,5.565925102804311365e+07
2.168450363759262109e+04,8.073156637790379619e-01,9.681910260205786134e-16,3.704537373644271493e+08,5.559294141100692004e+07
2.173139183307716303e+04,8.071692195820538984e-01,9.678527029067424469e-16,3.714695875501139164e+08,5.552468957789151371e+07
2.177951842502685031e+04,8.070229414018879055e-01,9.675011209551705716e-16,3.725125708502275348e+08,5.545442923663511127e+07
2.182891763882405940e+04,8.068770266261535706e-01,9.671356928368212816e-16,3.735834508490772843e+08,5.538209139673300833e+07
2.187962460488032957e+04,8.067316890742534108e-01,9.667558056209786049e-16,3.746830119340439439e+08,5.530760421888983995e+07
2.193167538361947300e+04,8.065871602156767795e-01,9.663608200873145158e-16,3.758120598856355548e+08,5.523089285259760171e+07
2.198510699112205839e+04,8.064436904555530861e-01,9.659500702740047562e-16,3.769714224822633266e+08,5.515187926237572730e+07
2.203995742544952373e+04,8.063015505723609699e-01,9.655228627396031248e-16,3.781619501201670766e+08,5.507048203873033822e+07
2.209626569366661352e+04,8.061610332656582445e-01,9.650784762083003921e-16,3.793845164486927390e+08,5.498661619756777585e+07
2.215407183958138921e+04,8.060224548374887998e-01,9.646161612497254613e-16,3.806400190208874941e+08,5.490019295721585304e+07
2.221341697222250514e+04,8.058861570532251939e-01,9.641351402596555502e-16,3.819293799597197771e+08,5.481111950132483244e+07
2.227434329507402799e+04,8.057525091583048749e-01,9.636346074544103480e-16,3.832535466396133304e+08,5.471929872590538859e+07
2.233689413608859468e+04,8.056219100984443049e-01,9.631137292231744536e-16,3.846134923836976290e+08,5.462462894743543118e+07
2.240111397850020512e+04,8.054947909503046288e-01,9.625716448277503277e-16,3.860102171761269569e+08,5.452700360562088341e+07
2.246704849245863443e+04,8.053716176211909161e-01,9.620074673296816658e-16,3.874447483898358941e+08,5.442631092474646866e+07
2.253474456750790341e+04,8.052528937847612811e-01,9.614202850478230151e-16,3.889181415288546681e+08,5.432243354723217338e+07
2.260425034593193777e+04,8.051391641518594877e-01,9.608091634820883212e-16,3.904314809853464365e+08,5.421524813291402906e+07
2.267561525699109552e+04,8.050310180802755511e-01,9.601731478071213055e-16,3.919858808101593256e+08,5.410462492041876912e+07
2.274889005207395167e+04,8.049290935715021078e-01,9.595112660711197297e-16,3.935824854969698191e+08,5.399042723733479530e+07
2.282412684078933307e+04,8.048340817021896187e-01,9.588225331940530436e-16,3.952224707779833078e+08,5.387251096875193715e+07
2.290137912802420033e+04,8.047467315623381134e-01,9.581059559116362988e-16,3.969070444295356274e+08,5.375072396262127906e+07
2.298070185199384650e+04,8.046678557359026041e-01,9.573605388206142349e-16,3.986374470960220098e+08,5.362490537638159096e+07
2.306215142331138122e+04,8.045983364362463419e-01,9.565852916884539095e-16,4.004149531063439846e+08,5.349488494454941154e+07
2.314578576510432322e+04,8.045391323353237034e-01,9.557792382344378463e-16,4.022408713147350550e+08,5.336048216809232533e+07
2.323166435420682683e+04,8.044912862121887942e-01,9.549414265822075024e-16,4.041165459280614853e+08,5.322150541715183854e+07
2.331984826345680631e+04,8.044559335319707571e-01,9.540709416342257165e-16,4.060433573513487577e+08,5.307775090603263676e+07
2.341040020512809861e+04,8.044343120300162520e-01,9.531669196219524405e-16,4.080227230157985091e+08,5.292900157427652925e+07
2.350338457552850377e+04,8.044277725114132860e-01,9.522285651207295958e-16,4.100560982197241187e+08,5.277502580356913805e+07
2.359886750079542253e+04,8.044377909322975029e-01,9.512551708374707918e-16,4.121449769430153966e+08,5.261557599066748470e+07
2.369691688392166543e+04,8.044659819843525961e-01,9.502461404980604609e-16,4.142908926612715721e+08,5.245038693819396198e+07
2.379760245304491036e+04,8.045141143241304471e-01,9.492010151777825612e-16,4.164954191357706189e+08,5.227917403234784305e+07
2.390099581103506353e+04,8.045841276453165047e-01,9.481195034149792563e-16,4.187601711842607856e+08,5.210163119824163616e+07
2.400717048641489964e+04,8.046781517523503569e-01,9.470015154444798598e-16,4.210868054206117392e+08,5.191742857436554879e+07
2.411620198565009923e+04,8.047985277880251864e-01,9.458472018472531857e-16,4.234770209619051218e+08,5.172620991046786308e+07
2.422816784684592130e+04,8.049478317474634270e-01,9.446569968546796325e-16,4.259325600940206647e+08,5.152758961963196099e+07
2.434314769488866295e+04,8.051289002731905065e-01,9.434316664398337802e-16,4.284552088918257952e+08,5.132114948308262229e+07
2.446122329807118149e+04,8.053448586304241541e-01,9.421723611646875061e-16,4.310467977874575257e+08,5.110643496404948086e+07
2.458247862624266418e+04,8.055991504833469596e-01,9.408806735224350203e-16,4.337092020831611753e+08,5.088295113567131013e+07
2.470699991052406767e+04,8.058955687417080904e-01,9.395586991682107281e-16,4.364443424058485031e+08,5.065015822051797807e+07
2.483487570463165684e+04,8.062382861226098374e-01,9.382091009750299873e-16,4.392541851038699150e+08,5.040746682511775941e+07
2.496619694785226238e+04,8.066318832721086629e-01,9.368351742141130363e-16,4.421407425904650092e+08,5.015423296759770066e+07
2.510105702971506253e+04,8.070813708684536625e-01,9.354409103385368026e-16,4.451060736441654563e+08,4.988975314133413136e+07
2.523955185640584386e+04,8.075922004058148085e-01,9.340310557729907209e-16,4.481522836847636700e+08,4.961325981859463453e+07
2.538177991897099491e+04,8.081702556748833199e-01,9.326111607845424543e-16,4.512815250540679097e+08,4.932391800458522886e+07
2.552784236335974128e+04,8.088218134762801270e-01,9.311876119028676819e-16,4.544959973452548385e+08,4.902082381332619488e+07
2.567784306235440818e+04,8.095534577511966923e-01,9.297676395598656586e-16,4.577979478422940373e+08,4.870300647717698663e+07
2.583188868943988928e+04,8.103719261533925966e-01,9.283592907363370590e-16,4.611896721532405019e+08,4.836943575097264349e+07
2.599008879466485087e+04,8.112838632861278931e-01,9.269713548229526989e-16,4.646735151461847425e+08,4.801903730167740583e+07
2.615255588254858958e+04,8.122954522170436897e-01,9.256132301608373762e-16,4.682518723239554167e+08,4.765071919975497574e+07
2.631940549208900848e+04,8.134118992936174575e-01,9.242947197665859341e-16,4.719271917981482148e+08,4.726341276714219898e+07
2.649075627892852572e+04,8.146367625626347309e-01,9.230257487779405743e-16,4.757019770392866135e+08,4.685613022191096097e+07
2.666673009973644366e+04,8.159711479752016494e-01,9.218160045192578972e-16,4.795787905764431953e+08,4.642803914048895985e+07
2.684745209886769953e+04,8.174128540244970376e-01,9.206745135697389776e-16,4.835602587843272090e+08,4.597854905131389946e+07
2.703305079735969048e+04,8.189556180533009710e-01,9.196091878980279704e-16,4.876490778142773509e+08,4.550739866449958831e+07
2.722365818433041932e+04,8.205886802159686466e-01,9.186263898286497075e-16,4.918480205925148129e+08,4.501472502607897669e+07
2.741940981084298983e+04,8.222968880675065595e-01,9.177305742609792480e-16,4.961599446362737417e+08,4.450109229546407610e+07
2.762044488630318665e+04,8.240616706688979054e-01,9.169240442063891455e-16,5.005878002949869037e+08,4.396709443817035109e+07
2.782690637745869753e+04,8.258636575726371332e-01,9.162068842348344261e-16,5.051346389293929338e+08,4.341099064030869305e+07
2.803894111007037645e+04,8.276796118545965975e-01,9.155778407778452259e-16,5.098036191777299643e+08,4.283744085343299061e+07
2.825669987332785604e+04,8.294891942406790175e-01,9.150338488076549819e-16,5.145980118728644848e+08,4.224790252891594917e+07
2.848033752708379325e+04,8.312745779741707031e-01,9.145705597867776882e-16,5.195212042316188812e+08,4.164371934281435609e+07
2.871001311198292751e+04,8.330212380103637626e-01,9.141827772587818062e-16,5.245767019129347205e+08,4.102602368771596998e+07
2.894588996256437167e+04,8.347181872090652099e-01,9.138648351583917726e-16,5.297681294045003057e+08,4.039568578496289253e+07
2.918813582341749861e+04,8.363577895291013364e-01,9.136109019295235064e-16,5.350992291340715885e+08,3.975330356886614859e+07
2.943692296847403486e+04,8.379353205244471914e-01,9.134152041750455880e-16,5.405738598395909071e+08,3.909922114042416215e+07
2.969242832352126425e+04,8.394484250286168292e-01,9.132721762753206111e-16,5.461959944036594629e+08,3.843356316600989550e+07
2.995483359202332576e+04,8.408965714099490008e-01,9.131765497557215392e-16,5.519697153387371302e+08,3.775627644083239138e+07
3.022432538434027083e+04,8.422805239052543191e-01,9.130925787245215103e-16,5.578992754630727768e+08,3.706715335319197178e+07
3.050109535043660071e+04,8.436020178734190411e-01,9.130395618279453560e-16,5.639890516804267168e+08,3.636587597895354033e+07
3.078534031617376240e+04,8.448635459611144594e-01,9.130186190015048761e-16,5.702434739032911062e+08,3.565205731827867776e+07
3.107726242328351873e+04,8.460680686359213221e-01,9.130250243074437035e-16,5.766670817517079115e+08,3.492525074974741787e+07
3.137706927312167682e+04,8.472188052909049860e-01,9.130544578259907561e-16,5.832645360440591574e+08,3.418497008754114807e+07
3.168497407430448220e+04,8.483190950381278572e-01,9.131029673192313846e-16,5.900406193832581043e+08,3.343070803720215708e+07
3.200119579433260151e+04,8.493723013905398744e-01,9.131669297932842915e-16,5.970002383638213873e+08,3.266195134885231778e+07
3.232595931531060705e+04,8.503817475995075759e-01,9.132430150067623865e-16,6.041484263902971745e+08,3.187819441684624180e+07
3.265949559387257614e+04,8.513506734997154934e-01,9.133281519108511939e-16,6.114903469337562323e+08,3.107895259875692800e+07
3.300204182542768103e+04,8.522822073321609793e-01,9.134194983479470325e-16,6.190312971219612360e+08,3.026377632177053019e+07
3.335384161284245783e+04,8.531793478935500996e-01,9.135144141199218476e-16,6.267767115806837082e+08,2.943226705139211565e+07
3.371514513967979292e+04,8.540449536071927916e-01,9.136104373585625540e-16,6.347321664639897346e+08,2.858409614914347231e+07
3.408620934811775805e+04,8.548817361163258965e-01,9.137052640980498447e-16,6.429033836303743124e+08,2.771902770572744310e+07
3.446729812167490309e+04,8.556922566423190712e-01,9.137967309627380518e-16,6.512962349373327494e+08,2.683694649318827316e+07
3.485868247287184931e+04,8.564789238661059123e-01,9.138828009864378838e-16,6.599167466380660534e+08,2.593789213563593850e+07
3.526064073596274829e+04,8.572439925461334820e-01,9.139615526559910135e-16,6.687711038703691959e+08,2.502210063022422418e+07
3.567345876487356873e+04,8.579895623683355677e-01,9.140311724521399766e-16,6.778656552297507524e+08,2.409005405015376955e+07
3.609743013648807391e+04,8.587175768477832705e-01,9.140899513370425553e-16,6.872069174171350002e+08,2.314253887266093493e+07
3.653285635942594672e+04,8.594298223491856348e-01,9.141362858138303036e-16,6.968015799471983910e+08,2.218071249986434355e+07
3.698004708846165886e+04,8.601279276465556567e-01,9.141686843775613945e-16,7.066565098972958326e+08,2.120617620498046279e+07
3.743932034473642852e+04,8.608133646725923960e-01,9.141857802527823333e-16,7.167787566700521708e+08,2.022105067524159327e+07
3.791100274192002689e+04,8.614874514207746525e-01,9.141863512498270787e-16,7.271755567363934517e+08,1.922804764066239074e+07
3.839542971848314482e+04,8.621513582038378143e-01,9.141693472467509399e-16,7.378543383215771914e+08,1.823052775475443900e+07
3.889294577624552767e+04,8.628061185234208175e-01,9.141339250049619441e-16,7.488227259973673820e+08,1.723253159310379624e+07
3.940390472536958259e+04,8.634526457579403402e-01,9.140794887955174205e-16,7.600885451521624327e+08,1.623876831307990104e+07
3.992866993597365217e+04,8.640917562791067263e-01,9.140057335591812669e-16,7.716598263309737444e+08,1.525454647051223554e+07
4.046761459654378996e+04,8.647241987646866468e-01,9.139126853620197117e-16,7.835448094713859558e+08,1.428563570207114331e+07
4.102112197932803247e+04,8.653506883404311623e-01,9.138007322174247429e-16,7.957519481093684435e+08,1.333805689376552589e+07
4.158958571290165855e+04,8.659719428395145080e-01,9.136706377600075661e-16,8.082899136843651533e+08,1.241781200918110460e+07
4.217341006209746411e+04,8.665887175841546775e-01,9.135235313817388413e-16,8.211676001245837212e+08,1.153057962159828283e+07
4.277301021549999859e+04,8.672018349869792253e-01,9.133608715789667870e-16,8.343941289247575998e+08,1.068141387726777419e+07
4.338881258070826880e+04,8.678122059838242475e-01,9.131843838437420963e-16,8.479788549248845577e+08,9.874488152728402987e+06
4.402125508757688658e+04,8.684208419322330119e-01,9.129959791966814232e-16,8.619313729523710012e+08,9.112917814467983320e+06
4.467078749965135648e+04,8.690288574149653833e-01,9.127976628739766586e-16,8.762615254072871208e+08,8.398680945734748617e+06
4.533787173401879409e+04,8.696374658876673269e-01,9.125914437479845006e-16,8.909794107691472769e+08,7.732636876640058123e+06
4.602298218980186357e+04,8.702479708994855789e-01,9.123792536762361640e-16,9.060953929077205658e+08,7.114625980750724673e+06
4.672660608552919439e+04,8.708617555244462238e-01,9.121628829462506160e-16,9.216201110107418299e+08,6.543624482739568688e+06
4.744924380562242004e+04,8.714802720821478443e-01,9.119439344566462806e-16,9.375644899095593691e+08,6.017926096545145847e+06
4.819140925624624651e+04,8.721050333184405812e-01,9.117237962393165149e-16,9.539397505896139145e+08,5.535326202222455293e+06
4.895363023077441176e+04,8.727376054576565512e-01,9.115036299205349424e-16,9.707574207073711157e+08,5.093291289431487210e+06
4.973644878513171716e+04,8.733796029450215936e-01,9.112843717470309747e-16,9.880293449869353771e+08,4.689103723382973112e+06
5.054042162327885308e+04,8.740326843782384447e-01,9.110667426855834980e-16,1.005767695426814079e+09,4.319978115934906527e+06
5.136612049311419833e+04,8.746985491141812119e-01,9.108512645367256254e-16,1.023984981304734111e+09,3.983149789348303806e+06
5.221413259307422413e+04,8.753789340413482556e-01,9.106382794576364895e-16,1.042694059032236934e+09,3.675938373828483280e+06
5.308506098972159089e+04,8.760756099609612324e-01,9.104279711736016368e-16,1.061908142003663898e+09,3.395790676098502241e+06
5.397952504661785497e+04,8.767903772406009377e-01,9.102203864569881843e-16,1.081640810759229183e+09,3.140307107051455416e+06
5.489816086478589568e+04,8.775250604048798753e-01,9.100154560364371832e-16,1.101906024119445086e+09,2.907255621660340112e+06
5.584162173507523403e+04,8.782815011637645775e-01,9.098130143847621894e-16,1.122718132510073423e+09,2.694576526567101479e+06
5.681057860275193525e+04,8.790615496305613785e-01,9.096128180721634660e-16,1.144091895405736685e+09,2.500380843799224589e+06
5.780572054464353278e+04,8.798670548820581860e-01,9.094145625722869604e-16,1.166042505393954754e+09,2.322944257839546539e+06
5.882775525917821506e+04,8.806998597858128885e-01,9.092178974373533949e-16,1.188585623117648125e+09,2.160698017149110325e+06
5.987740956966692465e+04,8.815618161571607825e-01,9.090224393455640322e-16,1.211737456318007469e+09,2.012216950008660788e+06
6.095542994118606293e+04,8.814955803165878123e-01,9.089999965835496980e-16,1.235513576673757792e+09,2.001779240746685537e+06
6.206258301142858545e+04,8.813114107710322553e-01,9.089999931427431388e-16,1.259930174809961081e+09,2.008236331825706875e+06
6.319965613590088469e+04,8.811334789550274715e-01,9.089999939454016157e-16,1.285005231517344713e+09,2.014514326113151154e+06
6.436745794785323960e+04,8.809627266461856898e-01,9.089999957025356396e-16,1.310757014801634789e+09,2.020569691729802871e+06
6.556681893334191409e+04,8.808000488733638278e-01,9.089999972437041995e-16,1.337204102333177328e+09,2.026363359224671731e+06
6.679859202183214074e+04,8.806462817611889760e-01,9.089999983217960252e-16,1.364365480777993202e+09,2.031859668521102518e+06
6.806365319276149967e+04,8.805021941253878826e-01,9.089999990074973926e-16,1.392260591087007284e+09,2.037026147890418302e+06
6.936290209849576058e+04,8.803684833360305717e-01,9.089999994247397305e-16,1.420909358858258486e+09,2.041833482925180579e+06
7.069726270411940641e+04,8.802457739209177401e-01,9.089999996724434352e-16,1.450332218925024748e+09,2.046255424182957271e+06
7.206768394451652421e+04,8.801346174352095986e-01,9.089999998168152361e-16,1.480550137341235161e+09,2.050268740791058401e+06
7.347514039920884534e+04,8.800354931367067035e-01,9.089999998994174531e-16,1.511584631859867096e+09,2.053853180908178212e+06
7.492063298543120618e+04,8.799488094564046348e-01,9.089999999458411285e-16,1.543457791377664089e+09,2.056991374760828912e+06
7.640518966993711365e+04,8.798749056615171593e-01,9.089999999714303958e-16,1.576192294665841341e+09,2.059668785171452444e+06
7.792986620004054566e+04,8.798140541897387923e-01,9.089999999852506472e-16,1.609811428653980494e+09,2.061873647501228377e+06
7.949574685441418842e+04,8.797664632259609707e-01,9.089999999925586546e-16,1.644339106494559526e+09,2.063596852703974117e+06
8.110394521417768556e+04,8.797322794783085653e-01,9.089999999963333540e-16,1.679799885595268250e+09,2.064831882535493234e+06
8.275560495482449187e+04,8.797115911774411323e-01,9.089999999982378615e-16,1.716218985768423319e+09,2.065574706107974285e+06
8.445190065955040336e+04,8.797044312293101909e-01,9.089999999991744366e-16,1.753622307613794804e+09,2.065823644053001888e+06
8.619403865456223139e+04,8.797107804250183793e-01,9.089999999996339481e-16,1.792036451224136829e+09,2.065579300601039780e+06
8.798325786696063005e+04,8.797305704048479225e-01,9.089999999998692258e-16,1.831488735280760765e+09,2.064844401069526793e+06
8.982083070580706408e+04,8.797636870227115713e-01,9.089999999999520562e-16,1.872007216590736151e+09,2.063623687172980048e+06
9.170806396700174082e+04,8.798099732855511057e-01,9.089999999999877522e-16,1.913620710104901075e+09,2.061923800597179448e+06
9.364629976261567208e+04,8.798692322156435042e-01,9.090000000000289702e-16,1.956358809447932720e+09,2.059753139289279468e+06
9.563691647533810465e+04,8.799412297711703967e-01,9.090000000000319284e-16,2.000251907985811949e+09,2.057121727316408884e+06
9.768132973871784634e+04,8.800256974625502160e-01,9.090000000000378448e-16,2.045331220452298164e+09,2.054041100632899208e+06
9.978099344389564067e+04,8.801223348306368433e-01,9.090000000000463251e-16,2.091628805153789043e+09,2.050524200903918594e+06
1.019374007735435735e+05,8.802308118754251787e-01,9.090000000000410003e-16,2.139177586771562815e+09,2.046585222589294193e+06
1.041520852637468197e+05,8.803507711859381857e-01,9.090000000000524388e-16,2.188011379777743816e+09,2.042239521722309757e+06
1.064266218945828296e+05,8.804818300514722917e-01,9.090000000000626940e-16,2.238164912483645439e+09,2.037503479060230311e+06
1.087626282101734396e+05,8.806235822804866498e-01,9.090000000000755130e-16,2.289673851737285137e+09,2.032394441281223204e+06
1.111617654690067866e+05,8.807756002591381472e-01,9.090000000001100256e-16,2.342574828288351536e+09,2.026930557853639824e+06
1.136257398253465071e+05,8.809374363067743463e-01,9.090000000001200836e-16,2.396905462838273048e+09,2.021130727572195465e+06
1.161563035425690323e+05,8.811086244924875022e-01,9.090000000001135755e-16,2.452704392794238567e+09,2.015014439506418305e+06
1.187552562392913533e+05,8.812886821344243504e-01,9.090000000001532158e-16,2.510011299746493340e+09,2.008601815842957469e+06
1.214244461691756005e+05,8.814771111256413105e-01,9.090000000001644570e-16,2.568866937687966347e+09,2.001913329296955606e+06
1.241657715353206731e+05,8.816733995072202346e-01,9.090000000002048861e-16,2.629313161996731281e+09,1.994969917107425863e+06
1.269811818401755736e+05,8.818770226994310235e-01,9.090000000002608953e-16,2.691392959201376915e+09,1.987792734960772563e+06
1.298726792719344085e+05,8.820874451049582898e-01,9.090000000002579370e-16,2.755150477551204205e+09,1.980403178290090291e+06
1.328423201283990056e+05,8.823041212711217884e-01,9.090000000003107907e-16,2.820631058411964893e+09,1.972822782500525005e+06
1.358922162793217576e+05,8.825264973181830008e-01,9.090000000003303150e-16,2.887881268511232376e+09,1.965073121334246127e+06
1.390245366682687891e+05,8.827540125405278770e-01,9.090000000003983543e-16,2.956948933053982258e+09,1.957175773889234988e+06
1.422415088550710643e+05,8.829861006300010473e-01,9.090000000004111733e-16,3.027883169733491421e+09,1.949152192612049635e+06
1.455454205999609258e+05,8.832221914291926712e-01,9.090000000004766487e-16,3.100734423662061214e+09,1.941023724612445338e+06
1.489386214905201341e+05,8.834617122529125899e-01,9.090000000005511961e-16,3.175554503244711876e+09,1.932811470661371714e+06
1.524235246125968115e+05,8.837040896154204628e-01,9.090000000006216019e-16,3.252396617023421764e+09,1.924536216668875422e+06
1.560026082663792477e+05,8.839487510446126795e-01,9.090000000007038407e-16,3.331315411515830040e+09,1.916218446132628713e+06
1.596784177288470673e+05,8.841951265153213946e-01,9.090000000008061954e-16,3.412367010077927113e+09,1.907878191836434649e+06
1.634535670638533775e+05,8.844426504126015054e-01,9.090000000008817288e-16,3.495609052816266060e+09,1.899535012739466736e+06
1.673307409811246325e+05,8.846907633657846715e-01,9.090000000010073549e-16,3.581100737578550816e+09,1.891207928369818022e+06
1.713126967455007834e+05,8.849389138725359816e-01,9.090000000010917630e-16,3.668902862052977562e+09,1.882915394566641189e+06
1.754022661377730838e+05,8.851865605463391518e-01,9.090000000012189668e-16,3.759077867004323483e+09,1.874675192626758944e+06
1.796023574685142667e+05,8.854331736753522364e-01,9.090000000013120524e-16,3.851689880679388523e+09,1.866504419927712064e+06
1.839159576463330013e+05,8.856782371210081273e-01,9.090000000014416228e-16,3.946804764411539555e+09,1.858419443274687976e+06
1.883461343020236818e+05,8.859212501976260201e-01,9.090000000015522606e-16,4.044490159458919525e+09,1.850435840572561370e+06
1.928960379701220372e+05,8.861617296829766843e-01,9.090000000016585596e-16,4.144815535107422829e+09,1.842568350747045595e+06
1.975689043294180592e+05,8.863992112278475943e-01,9.090000000017224573e-16,4.247852238074531555e+09,1.834830861246746033e+06
2.023680565040194488e+05,8.866332511412318151e-01,9.090000000017883272e-16,4.353673543247448921e+09,1.827236360912363045e+06
2.072969074266021780e+05,8.868634282154453929e-01,9.090000000018599163e-16,4.462354705793247223e+09,1.819796939964001300e+06
2.123589622655285930e+05,8.870893447493406470e-01,9.090000000019013315e-16,4.573973014677481651e+09,1.812523759507906623e+06
2.175578209175593220e+05,8.873106282274070278e-01,9.090000000019441272e-16,4.688607847626727104e+09,1.805426981048054993e+06
2.228971805679315876e+05,8.875269324240133706e-01,9.090000000018315173e-16,4.806340727577929497e+09,1.798515788774927147e+06
2.283808383196245413e+05,8.877379383066335006e-01,9.090000000018788490e-16,4.927255380660411835e+09,1.791798481475126930e+06
2.340126938936812512e+05,8.879433550010753518e-01,9.090000000017508563e-16,5.051437795727827072e+09,1.785282291141056223e+06
2.397967524025081657e+05,8.881429205599652432e-01,9.090000000016455434e-16,5.178976285515900612e+09,1.778973513296192279e+06
2.457371271981237805e+05,8.883364020418362816e-01,9.090000000014921099e-16,5.309961549443407059e+09,1.772877483002328081e+06
2.518380427973822516e+05,8.885235965737958708e-01,9.090000000012668901e-16,5.444486738113276482e+09,1.766998574411730049e+06
2.581038378862523241e+05,8.887043306586022151e-01,9.090000000011116818e-16,5.582647519556342125e+09,1.761340200049760751e+06
2.645389684052880039e+05,8.888784603803949746e-01,9.090000000008992810e-16,5.724542147266953468e+09,1.755904969820300117e+06
2.711480107184851076e+05,8.890458711318156571e-01,9.090000000007415088e-16,5.870271530074027061e+09,1.750694484163021902e+06
2.779356648677774938e+05,8.892064772213541524e-01,9.090000000005630290e-16,6.019939303903394699e+09,1.745709621076503303e+06
2.849067579154870473e+05,8.893602209416044957e-01,9.090000000003946072e-16,6.173651905478546143e+09,1.740950351941664470e+06
2.920662473771048244e+05,8.895070717702433516e-01,9.090000000003056631e-16,6.331518648014399529e+09,1.736415892913661432e+06
2.994192247468443238e+05,8.896470255449836495e-01,9.090000000001494687e-16,6.493651798953696251e+09,1.732104772728987969e+06
3.069709191184741794e+05,8.897801029580150178e-01,9.090000000000524388e-16,6.660166659810843468e+09,1.728014815441272920e+06
3.147267009040049743e+05,8.899063485247117322e-01,9.089999999999607337e-16,6.831181648162897110e+09,1.724143187713050749e+06
3.226920856528755394e+05,8.900258286983894207e-01,9.089999999999826246e-16,7.006818381867310524e+09,1.720486521214719396e+06
3.308727379743537749e+05,8.901386309237224737e-01,9.090000000000055015e-16,7.187201765549036980e+09,1.717040857862524921e+06
3.392744755659417133e+05,8.902448613379470022e-01,9.089999999999670446e-16,7.372460079437060356e+09,1.713801801227806136e+06
3.479032733506503282e+05,8.903446433698227747e-01,9.089999999999909076e-16,7.562725070583566666e+09,1.710764510833832435e+06
3.567652677260853234e+05,8.904381157002565494e-01,9.090000000000135874e-16,7.758132046554687500e+09,1.707923778185137082e+06
3.658667609283661586e+05,8.905254304969346668e-01,9.090000000000189122e-16,7.958819971657711983e+09,1.705274084258437390e+06
3.752142255139820045e+05,8.906067514969593368e-01,9.090000000000358727e-16,8.164931565763245583e+09,1.702809644119087607e+06
3.848143089627712034e+05,8.906822519985199138e-01,9.090000000000009656e-16,8.376613405802749634e+09,1.700524522827635985e+06
3.946738384052979527e+05,8.907521126760886698e-01,9.090000000000216732e-16,8.594016030000988007e+09,1.698412532741273521e+06
4.047998254779888666e+05,8.908165204548547100e-01,9.089999999999418010e-16,8.817294044943904877e+09,1.696467469685311429e+06
4.151994713094806648e+05,8.908756655284644221e-01,9.089999999999743415e-16,9.046606235517438889e+09,1.694683085181286791e+06
4.258801716417263378e+05,8.909297402617577522e-01,9.090000000000035294e-16,9.282115677828161240e+09,1.693053136562591651e+06
4.368495220895011444e+05,8.909789373956193970e-01,9.089999999999688195e-16,9.523989855190233231e+09,1.691571381130319089e+06
4.481153235420485726e+05,8.910234479149881093e-01,9.089999999999688195e-16,9.772400777208930969e+09,1.690231758527978091e+06
4.596855877107083797e+05,8.910634601019893353e-01,9.090000000000285757e-16,1.002752510211480141e+10,1.689028280852201395e+06
4.715685428264708607e+05,8.910991578929536860e-01,9.089999999999674390e-16,1.028954426240990829e+10,1.687955205155539326e+06
4.837726394915103447e+05,8.911307195771380751e-01,9.090000000000386337e-16,1.055864459389459229e+10,1.687006919527597260e+06
4.963065566888581379e+05,8.911583169783713343e-01,9.089999999999425899e-16,1.083501746831571198e+10,1.686178126399118220e+06
5.091792079544899170e+05,8.911821137750022270e-01,9.090000000000459307e-16,1.111885943070622444e+10,1.685463768684050301e+06
5.223997477162153227e+05,8.912022622780069181e-01,9.089999999999914993e-16,1.141037234974519348e+10,1.684858922003251966e+06
5.359775778038795106e+05,8.912188940997323172e-01,9.089999999999745388e-16,1.170976245501147842e+10,1.684376424547017785e+06
5.499223541355048073e+05,8.912320669780272597e-01,9.090000000000041210e-16,1.201724472788689423e+10,1.683982436059980420e+06
5.642439935841283295e+05,8.912415966998369354e-01,9.089999999999414066e-16,1.233304352798088074e+10,1.683594347747490974e+06
5.789526810302182566e+05,8.912463371822236802e-01,9.089999999999631003e-16,1.265735512394347000e+10,1.683685662709916709e+06
