z_m,psi,kstar_m2,p_Pa,tau_Pa
0.000000000000000000e+00,8.070648671610338720e-01,3.162014781588671857e-19,1.903905763240267168e+00,6.943159057162455283e+05
1.000000000000000000e+01,8.072055318024895509e-01,3.160704138029732448e-19,1.430203441844441404e+05,6.943097671748343855e+05
2.000000000000000000e+01,8.073565176984561775e-01,3.156771503133459975e-19,2.861381902189353714e+05,6.943013530160334194e+05
3.000000000000000000e+01,8.075180162582296095e-01,3.150180125604483809e-19,4.293701963949126657e+05,6.942905689037197735e+05
4.000000000000000000e+01,8.076903098620789034e-01,3.140866094992994146e-19,5.727351764195630094e+05,6.942772376150859054e+05
5.000000000000000000e+01,8.078738485736932651e-01,3.128733252626878603e-19,7.162536346294275718e+05,6.942611422057866585e+05
6.000000000000000711e+01,8.080692259132999933e-01,3.113644734204110248e-19,8.599484120541370939e+05,6.942419506914619124e+05
7.000000000000000000e+01,8.082772988929319835e-01,3.095410997269436877e-19,1.003845724745416432e+06,6.942192628704987001e+05
8.000000000000000000e+01,8.084992038828451300e-01,3.073769362058315450e-19,1.147976411613778910e+06,6.941925023597662803e+05
9.000000000000000000e+01,8.087365865354270156e-01,3.048348164259371335e-19,1.292377687493906124e+06,6.941609337314112345e+05
9.999999999999998579e+01,8.089918224596185370e-01,3.018598831505046614e-19,1.437095810697747860e+06,6.941234920121065807e+05
1.099999999999999858e+02,8.092687199430323997e-01,2.983649378116883254e-19,1.582190553707508137e+06,6.940786542930051219e+05
1.199999999999999858e+02,8.095741350013244686e-01,2.941916629551585859e-19,1.727743875326621812e+06,6.940239341956444550e+05
1.299999999999999716e+02,8.099236233308548805e-01,2.889811851270197787e-19,1.873881605449234834e+06,6.939547306440559914e+05
1.399999999999999716e+02,8.103857837239525352e-01,2.811463511795818462e-19,2.020943153661641059e+06,7.396190708536721068e+05
1.500000000000000000e+02,8.107623846555673808e-01,2.753592213546231491e-19,2.168997954888783395e+06,7.897625811871655751e+05
1.600000000000000000e+02,8.111062924849264943e-01,2.702776398206022605e-19,2.317787304762764368e+06,8.393684468361067120e+05
1.700000000000000000e+02,8.114307627988691651e-01,2.656459261679751245e-19,2.467214006434683688e+06,8.885064136127745733e+05
1.800000000000000284e+02,8.117409095515362161e-01,2.613680537545842479e-19,2.617203396039940882e+06,9.372303016581580741e+05
1.900000000000000284e+02,8.120394585474284277e-01,2.573961125156970845e-19,2.767690131216269452e+06,9.855879178127136547e+05
2.000000000000000284e+02,8.123282055681257940e-01,2.536986975359692882e-19,2.918614619529693853e+06,1.033623318747833488e+06
2.100000000000000568e+02,8.126085095018984461e-01,2.502502401985693164e-19,3.069922201760224998e+06,1.081377136027098401e+06
2.200000000000000568e+02,8.128814897330728373e-01,2.470270306517633182e-19,3.221563245746665169e+06,1.128886286026995862e+06
2.300000000000000568e+02,8.131481115772561941e-01,2.440058846362100492e-19,3.373493477838220540e+06,1.176183564165974269e+06
2.400000000000000853e+02,8.134092239835537530e-01,2.411639614330230674e-19,3.525674258030840196e+06,1.223297334556434304e+06
2.500000000000000568e+02,8.136655760692017569e-01,2.384790688313751273e-19,3.678072675458746031e+06,1.270251404942992376e+06
2.600000000000000568e+02,8.139178247090121943e-01,2.359301246480708829e-19,3.830661430680474266e+06,1.317065106281270739e+06
2.700000000000000568e+02,8.141665390556294124e-01,2.334976041413668783e-19,3.983418520721247885e+06,1.363753556055437773e+06
2.800000000000000568e+02,8.144122047511876961e-01,2.311638893310448055e-19,4.136326768421954010e+06,1.410328059791374020e+06
2.900000000000001137e+02,8.146552289764091848e-01,2.289134881715598246e-19,4.289373247607597150e+06,1.456796608042763313e+06
3.000000000000001137e+02,8.148959466147289721e-01,2.267331227684257651e-19,4.442548655208415352e+06,1.503164413927444024e+06
3.100000000000001137e+02,8.151346273857655866e-01,2.246117018864821531e-19,4.595846675052285194e+06,1.549434455124344444e+06
3.200000000000001137e+02,8.153714835969566588e-01,2.225402020506726681e-19,4.749263368681335822e+06,1.595607984309961321e+06
3.300000000000001137e+02,8.156066781299211588e-01,2.205114840619575696e-19,4.902796618273546919e+06,1.641684992160040885e+06
3.400000000000001137e+02,8.158403322951524039e-01,2.185200703210755595e-19,5.056445637074112892e+06,1.687664604795056395e+06
3.500000000000001705e+02,8.160725332673371968e-01,2.165619042395312686e-19,5.210210554591295309e+06,1.733545412206923589e+06
3.600000000000001705e+02,8.163033408864761586e-01,2.146341093885830118e-19,5.364092077417139895e+06,1.779325732096091378e+06
3.700000000000001705e+02,8.165327937015840476e-01,2.127347610493058306e-19,5.518091221844341606e+06,1.825003808819882339e+06
3.800000000000001705e+02,8.167609141904638159e-01,2.108626786067219481e-19,5.672209111410601065e+06,1.870577957182274200e+06
3.900000000000001705e+02,8.169877131587783836e-01,2.090172435836092903e-19,5.826446830830482766e+06,1.916046660788273206e+06
4.000000000000001705e+02,8.172131933539481530e-01,2.071982455627216670e-19,5.980805327076547779e+06,1.961408630196571117e+06
4.100000000000001705e+02,8.174373523623409410e-01,2.054057548328589714e-19,6.135285348575651646e+06,2.006662832316550892e+06
4.200000000000002274e+02,8.176601848707052422e-01,2.036400211183469116e-19,6.289887414091982879e+06,2.051808499681778718e+06
4.300000000000002274e+02,8.178816843858531804e-01,2.019013949151509214e-19,6.444611803774341941e+06,2.096845117957400391e+06
4.400000000000002274e+02,8.181018445012240292e-01,2.001902686157449163e-19,6.599458566016137600e+06,2.141772411972934846e+06
4.500000000000002274e+02,8.183206597921071079e-01,1.985070335906102778e-19,6.754427534934006631e+06,2.186590317188476678e+06
4.600000000000002274e+02,8.185381264190128014e-01,1.968520511308056136e-19,6.909518354289910756e+06,2.231298955232416745e+06
4.700000000000002274e+02,8.187542425043015104e-01,1.952256330899076722e-19,7.064730504691432230e+06,2.275898602165713441e+06
4.800000000000002842e+02,8.189690083365820383e-01,1.936280311982966179e-19,7.220063331722026691e+06,2.320389665686118416e+06
4.900000000000002842e+02,8.191824264519971255e-01,1.920594310780829319e-19,7.375516073426987976e+06,2.364772656422576401e+06
5.000000000000002274e+02,8.193945016229355893e-01,1.905199512991289309e-19,7.531087886115522124e+06,2.409048167216346134e+06
5.100000000000002274e+02,8.196052407885038305e-01,1.890096450512029198e-19,7.686777867715689354e+06,2.453216853535566013e+06
5.200000000000002274e+02,8.198146529444979569e-01,1.875285027976829374e-19,7.842585078533115797e+06,2.497279415988124441e+06
5.300000000000002274e+02,8.200227490091420712e-01,1.860764571818495436e-19,7.998508559257403016e+06,2.541236586874822620e+06
5.400000000000002274e+02,8.202295416780044368e-01,1.846533874343292636e-19,8.154547346242990345e+06,2.585089117472961079e+06
5.500000000000002274e+02,8.204350452732906973e-01,1.832591243107400461e-19,8.310700484334523790e+06,2.628837768371344078e+06
5.600000000000002274e+02,8.206392755939617700e-01,1.818934548901466344e-19,8.466967037397116423e+06,2.672483301720838994e+06
5.700000000000002274e+02,8.208422497728311562e-01,1.805561272325008877e-19,8.623346096784664318e+06,2.716026474537224043e+06
5.800000000000003411e+02,8.210439861368232783e-01,1.792468544229870052e-19,8.779836788020059466e+06,2.759468033296754584e+06
5.900000000000003411e+02,8.212445040780318450e-01,1.779653186131659984e-19,8.936438275916162878e+06,2.802808711193967145e+06
6.000000000000003411e+02,8.214438239324781676e-01,1.767111744345725266e-19,9.093149768340105191e+06,2.846049222451274749e+06
6.100000000000003411e+02,8.216419668657265474e-01,1.754840522341166054e-19,9.249970518832609057e+06,2.889190262519924436e+06
6.200000000000003411e+02,8.218389547691524744e-01,1.742835609627311367e-19,9.406899828235054389e+06,2.932232503728596028e+06
6.300000000000003411e+02,8.220348101637452443e-01,1.731092907610564326e-19,9.563937045481421053e+06,2.975176596440370660e+06
6.400000000000003411e+02,8.222295561107135775e-01,1.719608153765060316e-19,9.721081567667212337e+06,3.018023165568879806e+06
6.500000000000003411e+02,8.224232161312382550e-01,1.708376942397924971e-19,9.878332839511668310e+06,3.060772811604626942e+06
6.600000000000003411e+02,8.226158141342850838e-01,1.697394743940803566e-19,1.003569035231962800e+07,3.103426110069144052e+06
6.700000000000003411e+02,8.228073743487805958e-01,1.686656922122879521e-19,1.019315364251613431e+07,3.145983611302470788e+06
6.800000000000003411e+02,8.229979212640603503e-01,1.676158752288998600e-19,1.035072228977330960e+07,3.188445840231998358e+06
6.900000000000003411e+02,8.231874795777432974e-01,1.665895432934462257e-19,1.050839591483981162e+07,3.230813297372536268e+06
7.000000000000004547e+02,8.233760741501796598e-01,1.655862101980534854e-19,1.066617417710295878e+07,3.273086459176016971e+06
7.100000000000004547e+02,8.235637299621317853e-01,1.646053845900297314e-19,1.082405677192527615e+07,3.315265777952160686e+06
7.200000000000004547e+02,8.237504720840204131e-01,1.636465715232871306e-19,1.098204342775896937e+07,3.357351683703252580e+06
7.300000000000004547e+02,8.239363256457892248e-01,1.627092730281618338e-19,1.114013390309057385e+07,3.399344584725729190e+06
7.400000000000004547e+02,8.241213158180940024e-01,1.617929893620735444e-19,1.129832798326349817e+07,3.441244867521802895e+06
7.500000000000004547e+02,8.243054677958034926e-01,1.608972197199467879e-19,1.145662547712683678e+07,3.483052899205216207e+06
7.600000000000004547e+02,8.244888067920830288e-01,1.600214631004752541e-19,1.161502621356924251e+07,3.524769028350078966e+06
7.700000000000004547e+02,8.246713580346113348e-01,1.591652187532868606e-19,1.177353003796685115e+07,3.566393585315341596e+06
7.800000000000004547e+02,8.248531467727789890e-01,1.583279871504950012e-19,1.193213680849981308e+07,3.607926884685648140e+06
7.900000000000004547e+02,8.250341982906136407e-01,1.575092702834956659e-19,1.209084639234008454e+07,3.649369225794380531e+06
8.000000000000004547e+02,8.252145379272406434e-01,1.567085722010531280e-19,1.224965866176594049e+07,3.690720895134103484e+06
8.100000000000004547e+02,8.253941911067106396e-01,1.559253993251459070e-19,1.240857349017055705e+07,3.731982166665845085e+06
8.200000000000004547e+02,8.255731833767894212e-01,1.551592610467424358e-19,1.256759074791790731e+07,3.773153304107750300e+06
8.300000000000005684e+02,8.257515404580180185e-01,1.544096697098749198e-19,1.272671029807648808e+07,3.814234563045077957e+06
8.400000000000005684e+02,8.259292883037766542e-01,1.536761409112018031e-19,1.288593199205801263e+07,3.855226192269167863e+06
8.500000000000005684e+02,8.261064531719337634e-01,1.529581938459332417e-19,1.304525566504060104e+07,3.896128435445906129e+06
8.600000000000005684e+02,8.262830617131603494e-01,1.522553509651283129e-19,1.320468113127311133e+07,3.936941534139403608e+06
8.700000000000005684e+02,8.264591410710878661e-01,1.515671384424961853e-19,1.336420817919164710e+07,3.977665729022937827e+06
8.800000000000005684e+02,8.266347190048923821e-01,1.508930858028342067e-19,1.352383656631119177e+07,4.018301263025834225e+06
8.900000000000005684e+02,8.268098240269201593e-01,1.502327260087120364e-19,1.368356601392777637e+07,4.058848383352587000e+06
9.000000000000005684e+02,8.269844855695713814e-01,1.495855950360873013e-19,1.384339620159972645e+07,4.099307344619878102e+06
9.100000000000005684e+02,8.271587341729085274e-01,1.489512319647975077e-19,1.400332676136395894e+07,4.139678411711190827e+06
9.200000000000005684e+02,8.273326017083809658e-01,1.483291782711448126e-19,1.416335727170527168e+07,4.179961862908743788e+06
9.300000000000005684e+02,8.275061216340786618e-01,1.477189776578970997e-19,1.432348725129884295e+07,4.220157993866138160e+06
9.400000000000005684e+02,8.276793292923724232e-01,1.471201755576864622e-19,1.448371615244134888e+07,4.260267120685858652e+06
9.500000000000005684e+02,8.278522622566857336e-01,1.465323183961404134e-19,1.464404335426907800e+07,4.300289583521768451e+06
9.600000000000006821e+02,8.280249607315726124e-01,1.459549531130687633e-19,1.480446815573464520e+07,4.340225753214581870e+06
9.700000000000006821e+02,8.281974680181067860e-01,1.453876262267077278e-19,1.496498976837388799e+07,4.380076033803921193e+06
9.800000000000006821e+02,8.283698310562905842e-01,1.448298830553622262e-19,1.512560730893420987e+07,4.419840868906502612e+06
9.900000000000006821e+02,8.285421010531821562e-01,1.442812668195537602e-19,1.528631979186709970e+07,4.459520747099844739e+06
1.000000000000000682e+03,8.287143342165056437e-01,1.437413170652842943e-19,1.544712612189969048e+07,4.499116207192226313e+06
1.010000000000000682e+03,8.288865926100917880e-01,1.432095688853986921e-19,1.560802508672194183e+07,4.538627845893715508e+06
1.020000000000000682e+03,8.290589451538725729e-01,1.426855511898594868e-19,1.576901534991392680e+07,4.578056325216554105e+06
1.030000000000000682e+03,8.292314687910603554e-01,1.421687849250015774e-19,1.593009544446042366e+07,4.617402377495873719e+06
1.040000000000000682e+03,8.294042498580930234e-01,1.416587811658411288e-19,1.609126376705897599e+07,4.656666814840342849e+06
1.050000000000000682e+03,8.295773856984954842e-01,1.411550391546508597e-19,1.625251857348407432e+07,4.695850538479774259e+06
1.060000000000000682e+03,8.297509865535543927e-01,1.406570432635389492e-19,1.641385797553116828e+07,4.734954544404019602e+06
1.070000000000000682e+03,8.299251778054616002e-01,1.401642602436270952e-19,1.657527994005406275e+07,4.773979934751453809e+06
1.080000000000000682e+03,8.301001026252646797e-01,1.396761355245049711e-19,1.673678229066122137e+07,4.812927925144902430e+06
1.090000000000000682e+03,8.302759251255438233e-01,1.391920890810616668e-19,1.689836271287414804e+07,4.851799852866883390e+06
1.100000000000000682e+03,8.304528341141237391e-01,1.387115102330261453e-19,1.706001876366561279e+07,4.890597186283864081e+06
1.110000000000000682e+03,8.306310475929103987e-01,1.382337515028816695e-19,1.722174788650549948e+07,4.929321530648454092e+06
1.120000000000000682e+03,8.308108181630321498e-01,1.377581210496006565e-19,1.738354743321611732e+07,4.967974632739392109e+06
1.130000000000000682e+03,8.309924395670066355e-01,1.372838735088648058e-19,1.754541469418590143e+07,5.006558385230640881e+06
1.140000000000000682e+03,8.311762546225094361e-01,1.368101981964991641e-19,1.770734693883950263e+07,5.045074824552340433e+06
1.150000000000000909e+03,8.313626649170055005e-01,1.363362042654523878e-19,1.786934146866443008e+07,5.083526124331586063e+06
1.160000000000000909e+03,8.315521427138563570e-01,1.358609023331845650e-19,1.803139568533565477e+07,5.121914580440649763e+06
1.170000000000000909e+03,8.317452456456243537e-01,1.353831798955604822e-19,1.819350717719365656e+07,5.160242585608739406e+06
1.180000000000000909e+03,8.319426349610239413e-01,1.349017701365553946e-19,1.835567382796138152e+07,5.198512584848659113e+06
1.190000000000000909e+03,8.321450983036116078e-01,1.344152105993382239e-19,1.851789395231904089e+07,5.236727009411719628e+06
1.200000000000000909e+03,8.323535783006922317e-01,1.339217884828228031e-19,1.868016646423055977e+07,5.274888171768421307e+06
1.210000000000000909e+03,8.325692086339769871e-01,1.334194673959076692e-19,1.884249108539851010e+07,5.312998106826725416e+06
1.220000000000000909e+03,8.327933597459391546e-01,1.329057884414776391e-19,1.900486860340411589e+07,5.351058332568112761e+06
1.230000000000000909e+03,8.330276969182124347e-01,1.323777351751765403e-19,1.916730119222438335e+07,5.389069482079970650e+06
1.240000000000000909e+03,8.332742539926837333e-01,1.318315468428077926e-19,1.932979281259103119e+07,5.427030735160030425e+06
1.250000000000000909e+03,8.335355262000819776e-01,1.312624583470231086e-19,1.949234971659607068e+07,5.464938919755948707e+06
1.260000000000000909e+03,8.338145843578017580e-01,1.306643322871043230e-19,1.965498109189081937e+07,5.502787063810236752e+06
1.270000000000000909e+03,8.341152076163366180e-01,1.300291350078665805e-19,1.981769989753233269e+07,5.540561985043324530e+06
1.280000000000000909e+03,8.344420170620058252e-01,1.293461822698586907e-19,1.998052396945464611e+07,5.578240139991493896e+06
1.290000000000000909e+03,8.348005578313452135e-01,1.286010549488632209e-19,2.014347751271104440e+07,5.615780278301694430e+06
1.300000000000000909e+03,8.351972182804410227e-01,1.277740668218738523e-19,2.030659315146275237e+07,5.653110332849349827e+06
1.310000000000000909e+03,8.356388311751574705e-01,1.268381969510598864e-19,2.046991476990132406e+07,5.690104707803771831e+06
1.320000000000000909e+03,8.361318715304465465e-01,1.257565135632490048e-19,2.063350142685667425e+07,5.726547301645071246e+06
1.330000000000000909e+03,8.366813029562104598e-01,1.244792422563681522e-19,2.079743265358871222e+07,5.762073675364429131e+06
1.340000000000000909e+03,8.372890674790552934e-01,1.229406176327383458e-19,2.096181549835778028e+07,5.796077243191716261e+06
1.350000000000000909e+03,8.379519536330914953e-01,1.210556644228941804e-19,2.112679384572756663e+07,5.827541750358902849e+06
1.360000000000000909e+03,8.386582197343612766e-01,1.187180744318026758e-19,2.129256075669986010e+07,5.854706258226842619e+06
1.370000000000000909e+03,8.393816017635804538e-01,1.158070599198249721e-19,2.145937392940916121e+07,5.874317422296634875e+06
1.380000000000000909e+03,8.400702085462607993e-01,1.122493711422714046e-19,2.162756530826908350e+07,5.879860524391409010e+06
1.390000000000000909e+03,8.406346906400454788e-01,1.084130848687839507e-19,2.179744105464113131e+07,5.859520598021576181e+06
1.400000000000000909e+03,8.410106547764191198e-01,1.057163099394582028e-19,2.196884150726135448e+07,5.814166556182813831e+06
1.410000000000001137e+03,8.412577811929294880e-01,1.044780858996711847e-19,2.214108068755258247e+07,5.769375605062443763e+06
1.420000000000001137e+03,8.414500590338200858e-01,1.039367075895189677e-19,2.231357289224796742e+07,5.736427254476815462e+06
1.430000000000001137e+03,8.416196908104054408e-01,1.036695620992801278e-19,2.248606664038091898e+07,5.713406156974826008e+06
1.440000000000001137e+03,8.417787623423225174e-01,1.035220731581001118e-19,2.265846611055843532e+07,5.697478736403997056e+06
1.450000000000001137e+03,8.419323331925795406e-01,1.034336740663978353e-19,2.283073302503978834e+07,5.686780773936604150e+06
1.460000000000001137e+03,8.420827929352381336e-01,1.033773787162378494e-19,2.300285447047115117e+07,5.680122890124081634e+06
1.470000000000001137e+03,8.422313807307413303e-01,1.033398228381599657e-19,2.317483057859239727e+07,5.676711507282160223e+06
1.480000000000001137e+03,8.423787865868940239e-01,1.033138275641868834e-19,2.334666880853891745e+07,5.675990468722689897e+06
1.490000000000001137e+03,8.425254166871142258e-01,1.032952844448888241e-19,2.351838088671921939e+07,5.677552595185573213e+06
1.500000000000001137e+03,8.426715210504921449e-01,1.032817203763470076e-19,2.368998098202132434e+07,5.681088473081314936e+06
1.510000000000001137e+03,8.428172593258131950e-01,1.032715839874833681e-19,2.386148452996160835e+07,5.686355499859591015e+06
1.520000000000001137e+03,8.429627366618939188e-01,1.032638680955239367e-19,2.403290743784252927e+07,5.693158398234126158e+06
1.530000000000001137e+03,8.431080241734814074e-01,1.032578994794290198e-19,2.420426553592334315e+07,5.701336479935660958e+06
1.540000000000001137e+03,8.432531710705908345e-01,1.032532167031339234e-19,2.437557419932836667e+07,5.710755031170485541e+06
1.550000000000001137e+03,8.433982121106202712e-01,1.032494964854920433e-19,2.454684809418852255e+07,5.721299331046819687e+06
1.560000000000001137e+03,8.435431722931922005e-01,1.032465079115208502e-19,2.471810101649148762e+07,5.732870373012825847e+06
1.570000000000001137e+03,8.436880698857897043e-01,1.032440831723884602e-19,2.488934580066063628e+07,5.745381732358351350e+06
1.580000000000001137e+03,8.438329184414974371e-01,1.032420984138774223e-19,2.506059428028392047e+07,5.758757227609912865e+06
1.590000000000001137e+03,8.439777281452887081e-01,1.032404609311832704e-19,2.523185728719243407e+07,5.772929144124167040e+06
1.600000000000001137e+03,8.441225067547810657e-01,1.032391004410768157e-19,2.540314467795409635e+07,5.787836850866437890e+06
1.610000000000001137e+03,8.442672602369559742e-01,1.032379630308812238e-19,2.557446537913960963e+07,5.803425714871416800e+06
1.620000000000001137e+03,8.444119932337073031e-01,1.032370068968134143e-19,2.574582744460095838e+07,5.819646236987140030e+06
1.630000000000001137e+03,8.445567093894573718e-01,1.032361992989111281e-19,2.591723811956255510e+07,5.836453345578257926e+06
1.640000000000001137e+03,8.447014115995340466e-01,1.032355143578125844e-19,2.608870390761294961e+07,5.853805831208893098e+06
1.650000000000001137e+03,8.448461021682343031e-01,1.032349314395429654e-19,2.626023063773639500e+07,5.871665864570002072e+06
1.660000000000001364e+03,8.449907829584852870e-01,1.032344339594736433e-19,2.643182352936909348e+07,5.889998605257166550e+06
1.670000000000001364e+03,8.451354554815639908e-01,1.032340084869546764e-19,2.660348725413259864e+07,5.908771869589448906e+06
1.680000000000001364e+03,8.452801209703518781e-01,1.032336440680522999e-19,2.677522599341300502e+07,5.927955844994237646e+06
1.690000000000001364e+03,8.454247804399802613e-01,1.032333317091901358e-19,2.694704349134504423e+07,5.947522848670251667e+06
1.700000000000001364e+03,8.455694347337532335e-01,1.032330639800200909e-19,2.711894310304579511e+07,5.967447123170311563e+06
1.710000000000001364e+03,8.457140845500044080e-01,1.032328347049543306e-19,2.729092783814700320e+07,5.987704650222038850e+06
1.720000000000001364e+03,8.458587304747300362e-01,1.032326387227189684e-19,2.746300039981203899e+07,6.008272997561012395e+06
1.730000000000001364e+03,8.460033730022891163e-01,1.032324716967395096e-19,2.763516321951218322e+07,6.029131183163207956e+06
1.740000000000001364e+03,8.461480125510206785e-01,1.032323299649011512e-19,2.780741848788618296e+07,6.050259547881140374e+06
1.750000000000001364e+03,8.462926494749353212e-01,1.032322104198620940e-19,2.797976818203021958e+07,6.071639651211439632e+06
1.760000000000001364e+03,8.464372840742906412e-01,1.032321104131835908e-19,2.815221408956778422e+07,6.093254179061548784e+06
1.770000000000001364e+03,8.465819166142825036e-01,1.032320276775683940e-19,2.832475782983904332e+07,6.115086853746341541e+06
1.780000000000001364e+03,8.467265473161014189e-01,1.032319602641461940e-19,2.849740087253034115e+07,6.137122360501480289e+06
1.790000000000001364e+03,8.468711763745430110e-01,1.032319064911412899e-19,2.867014455404084548e+07,6.159346278385397047e+06
1.800000000000001364e+03,8.470158039564886776e-01,1.032318649016685920e-19,2.884299009185693413e+07,6.181745013844776899e+06
1.810000000000001364e+03,8.471604302079331905e-01,1.032318342293916663e-19,2.901593859717868268e+07,6.204305751829599962e+06
1.820000000000001364e+03,8.473050552571510519e-01,1.032318133696903842e-19,2.918899108601569012e+07,6.227016400702386163e+06
1.830000000000001364e+03,8.474496792186620997e-01,1.032318013558093264e-19,2.936214848894582689e+07,6.249865543150243349e+06
1.840000000000001364e+03,8.475943021860076199e-01,1.032317973390807464e-19,2.953541165970664471e+07,6.272842395769680850e+06
1.850000000000001364e+03,8.477389242516746304e-01,1.032318005722948508e-19,2.970878138276851550e+07,6.295936772489073686e+06
1.860000000000001364e+03,8.478835454895841117e-01,1.032318103955518582e-19,2.988225838001987338e+07,6.319139041828705929e+06
1.870000000000001364e+03,8.480281659690789287e-01,1.032318262245995421e-19,3.005584331667791307e+07,6.342440099470840767e+06
1.880000000000001364e+03,8.481727857525270808e-01,1.032318475406661145e-19,3.022953680652349815e+07,6.365831333108410239e+06
1.890000000000001364e+03,8.483174048907740072e-01,1.032318738820688648e-19,3.040333941654571891e+07,6.389304596246139146e+06
1.900000000000001364e+03,8.484620234348795309e-01,1.032319048368627169e-19,3.057725167107072473e+07,6.412852180070281029e+06
1.910000000000001364e+03,8.486066414270146963e-01,1.032319400366746411e-19,3.075127405543892086e+07,6.436466790795349516e+06
1.920000000000001592e+03,8.487512589067026658e-01,1.032319791512827391e-19,3.092540701928647980e+07,6.460141521223439835e+06
1.930000000000001592e+03,8.488958759116717046e-01,1.032320218841483394e-19,3.109965097947978228e+07,6.483869837078873999e+06
1.940000000000001592e+03,8.490404924699529454e-01,1.032320679683536091e-19,3.127400632274437323e+07,6.507645549447507598e+06
1.950000000000001592e+03,8.491851086132071735e-01,1.032321171631749154e-19,3.144847340802535787e+07,6.531462798850501888e+06
1.960000000000001592e+03,8.493297243655439921e-01,1.032321692511537629e-19,3.162305256861052290e+07,6.555316038075263612e+06
1.970000000000001592e+03,8.494743397522651618e-01,1.032322240354565243e-19,3.179774411404425278e+07,6.579200014273976907e+06
1.980000000000001592e+03,8.496189547936763287e-01,1.032322813376308402e-19,3.197254833185573667e+07,6.603109753578218631e+06
1.990000000000001592e+03,8.497635695073195716e-01,1.032323409955396861e-19,3.214746548912294209e+07,6.627040542052830569e+06
2.000000000000001364e+03,8.499081839172479835e-01,1.032324028618651177e-19,3.232249583389019594e+07,6.650987924102292396e+06
2.010000000000001137e+03,8.500527980336785028e-01,1.032324668022799010e-19,3.249763959645588323e+07,6.674947672640335746e+06
2.020000000000000909e+03,8.501974118736923547e-01,1.032325326943314119e-19,3.267289699054396152e+07,6.698915789227095433e+06
2.030000000000000682e+03,8.503420254529721056e-01,1.032326004261134670e-19,3.284826821437187120e+07,6.722888486555153504e+06
2.040000000000000455e+03,8.504866387809235651e-01,1.032326698953312000e-19,3.302375345162545145e+07,6.746862178515123203e+06
2.050000000000000455e+03,8.506312518704659542e-01,1.032327410083031053e-19,3.319935287235091999e+07,6.770833470778253861e+06
2.060000000000000000e+03,8.507758647341830960e-01,1.032328136791508111e-19,3.337506663377165794e+07,6.794799148752244189e+06
2.070000000000000000e+03,8.509204773784292408e-01,1.032328878290484965e-19,3.355089488103793934e+07,6.818756169332722202e+06
2.079999999999999545e+03,8.510650898136910003e-01,1.032329633856390216e-19,3.372683774791588634e+07,6.842701653281944804e+06
2.089999999999999545e+03,8.512097020489548527e-01,1.032330402823575289e-19,3.390289535742155463e+07,6.866632873156186193e+06
2.099999999999999091e+03,8.513543140907895435e-01,1.032331184579608306e-19,3.407906782240545005e+07,6.890547248789734207e+06
2.109999999999999091e+03,8.514989259466916316e-01,1.032331978560983711e-19,3.425535524609205127e+07,6.914442339851098135e+06
2.119999999999998636e+03,8.516435376240127919e-01,1.032332784247448845e-19,3.443175772257867455e+07,6.938315833441779017e+06
2.129999999999998636e+03,8.517881491281757977e-01,1.032333601160562023e-19,3.460827533729705215e+07,6.962165546055975370e+06
2.139999999999998181e+03,8.519327604638137208e-01,1.032334428857602025e-19,3.478490816744130105e+07,6.985989406563725322e+06
2.149999999999998181e+03,8.520773716382574747e-01,1.032335266930832030e-19,3.496165628236516565e+07,7.009785460120920092e+06
2.159999999999997726e+03,8.522219826542190013e-01,1.032336115003254018e-19,3.513851974395093322e+07,7.033551855925906450e+06
2.169999999999997726e+03,8.523665935170634533e-01,1.032336972726552004e-19,3.531549860695289820e+07,7.057286842233808711e+06
2.179999999999997272e+03,8.525112042325764250e-01,1.032337839779574883e-19,3.549259291931708157e+07,7.080988767199520953e+06
2.189999999999997272e+03,8.526558148007074012e-01,1.032338715864350837e-19,3.566980272247955203e+07,7.104656062429405749e+06
2.199999999999997272e+03,8.528004252280072528e-01,1.032339600706300999e-19,3.584712805164490640e+07,7.128287250351042487e+06
2.209999999999996817e+03,8.529450355177758958e-01,1.032340494051179745e-19,3.602456893604643643e+07,7.151880932184542529e+06
2.219999999999996817e+03,8.530896456711571929e-01,1.032341395664334900e-19,3.620212539918969572e+07,7.175435786484875716e+06
2.229999999999996362e+03,8.532342556936376443e-01,1.032342305328477511e-19,3.637979745908050239e+07,7.198950564290523529e+06
2.239999999999996362e+03,8.533788655846614724e-01,1.032343222842769677e-19,3.655758512843885273e+07,7.222424084016524255e+06
2.249999999999995907e+03,8.535234753484606252e-01,1.032344148022013132e-19,3.673548841489947587e+07,7.245855231524446979e+06
2.259999999999995907e+03,8.536680849880778910e-01,1.032345080695491641e-19,3.691350732120041549e+07,7.269242955872260034e+06
2.269999999999995453e+03,8.538126945043184035e-01,1.032346020704260131e-19,3.709164184536021203e+07,7.292586258710010909e+06
2.279999999999995453e+03,8.539573038991967735e-01,1.032346967903350003e-19,3.726989198084478825e+07,7.315884203778672963e+06
2.289999999999994998e+03,8.541019131739691073e-01,1.032347922157827717e-19,3.744825771672463417e+07,7.339135901998446323e+06
2.299999999999994998e+03,8.542465223312672995e-01,1.032348883344111764e-19,3.762673903782284260e+07,7.362340517433032393e+06
2.309999999999994543e+03,8.543911313722631906e-01,1.032349851348619463e-19,3.780533592485502362e+07,7.385497260653717443e+06
2.319999999999994543e+03,8.545357402973781102e-01,1.032350826066244031e-19,3.798404835456136614e+07,7.408605385114651173e+06
2.329999999999994088e+03,8.546803491114220996e-01,1.032351807401218118e-19,3.816287629983127862e+07,7.431664188787142746e+06
2.339999999999994088e+03,8.548249578098687795e-01,1.032352795264948226e-19,3.834181972982177883e+07,7.454673005394208245e+06
2.349999999999994088e+03,8.549695663982925797e-01,1.032353789577680633e-19,3.852087861006901413e+07,7.477631212591757067e+06
2.359999999999993634e+03,8.551141748752488780e-01,1.032354790265076729e-19,3.870005290259433538e+07,7.500538217887692153e+06
2.369999999999993634e+03,8.552587832423218517e-01,1.032355797260433255e-19,3.887934256600470841e+07,7.523393466254089028e+06
2.379999999999993179e+03,8.554033914989832565e-01,1.032356810502789473e-19,3.905874755558798462e+07,7.546196433248956688e+06
2.389999999999993179e+03,8.555479996484125493e-01,1.032357829936751424e-19,3.923826782340350747e+07,7.568946624293262139e+06
2.399999999999992724e+03,8.556926076897632960e-01,1.032358855512822469e-19,3.941790331836800277e+07,7.591643575611847453e+06
2.409999999999992724e+03,8.558372156244016260e-01,1.032359887185722189e-19,3.959765398633754998e+07,7.614286847766768187e+06
2.419999999999992269e+03,8.559818234512901469e-01,1.032360924915413991e-19,3.977751977018538117e+07,7.636876028747850098e+06
2.429999999999992269e+03,8.561264311726266563e-01,1.032361968665904771e-19,3.995750060987593234e+07,7.659410729225023650e+06
2.439999999999991815e+03,8.562710387859624461e-01,1.032363018405775151e-19,4.013759644253577292e+07,7.681890585292147473e+06
2.449999999999991815e+03,8.564156462959360283e-01,1.032364074107006219e-19,4.031780720252068341e+07,7.704315252705297433e+06
2.459999999999991360e+03,8.565602536980516657e-01,1.032365135744951850e-19,4.049813282148022205e+07,7.726684406806055456e+06
2.469999999999991360e+03,8.567048609949898808e-01,1.032366203299463446e-19,4.067857322841901332e+07,7.748997746718198061e+06
2.479999999999990905e+03,8.568494681868880081e-01,1.032367276752016329e-19,4.085912834975550324e+07,7.771254984722130932e+06
2.489999999999990905e+03,8.569940752742165602e-01,1.032368356088270027e-19,4.103979810937808454e+07,7.793455853690255433e+06
2.499999999999990450e+03,8.571386822545923323e-01,1.032369441296068910e-19,4.122058242869878560e+07,7.815600101864889264e+06
2.509999999999990450e+03,8.572832891304917879e-01,1.032370532365773580e-19,4.140148122670460492e+07,7.837687493174994364e+06
2.519999999999990450e+03,8.574278959000071199e-01,1.032371629290668078e-19,4.158249442000685632e+07,7.859717806659108959e+06
2.529999999999989996e+03,8.575725025645684063e-01,1.032372732065372078e-19,4.176362192288842052e+07,7.881690833110254258e+06
2.539999999999989996e+03,8.577171091247350887e-01,1.032373840688198345e-19,4.194486364734893292e+07,7.903606381464795209e+06
2.549999999999989541e+03,8.578617155795954519e-01,1.032374955157849042e-19,4.212621950314821303e+07,7.925464267903024331e+06
2.559999999999989541e+03,8.580063219257036966e-01,1.032376075475362247e-19,4.230768939784815162e+07,7.947264321528065018e+06
2.569999999999989086e+03,8.581509281683882273e-01,1.032377201644446337e-19,4.248927323685263842e+07,7.969006386482991278e+06
2.579999999999989086e+03,8.582955343038030094e-01,1.032378333669031413e-19,4.267097092344627529e+07,7.990690311950681731e+06
2.589999999999988631e+03,8.584401403322561297e-01,1.032379471555092071e-19,4.285278235883142054e+07,8.012315959371411242e+06
2.599999999999988631e+03,8.585847462542590680e-01,1.032380615310595763e-19,4.303470744216381013e+07,8.033883201707963832e+06
2.609999999999988177e+03,8.587293520698449090e-01,1.032381764944073636e-19,4.321674607058700174e+07,8.055391918211326934e+06
2.619999999999988177e+03,8.588739577766301148e-01,1.032382920465771396e-19,4.339889813926556706e+07,8.076841997867304832e+06
2.629999999999987722e+03,8.590185633753223415e-01,1.032384081886667928e-19,4.358116354141693562e+07,8.098233336839878000e+06
2.639999999999987722e+03,8.591631688671250711e-01,1.032385249219100137e-19,4.376354216834223270e+07,8.119565839774279855e+06
2.649999999999987267e+03,8.593077742510406569e-01,1.032386422476688802e-19,4.394603390945601463e+07,8.140839419445010833e+06
2.659999999999987267e+03,8.594523795240748276e-01,1.032387601672565634e-19,4.412863865231500566e+07,8.162053991073838435e+06
2.669999999999987267e+03,8.595969846871147624e-01,1.032388786822932520e-19,4.431135628264581412e+07,8.183209482689553872e+06
2.679999999999986812e+03,8.597415897415315866e-01,1.032389977943293437e-19,4.449418668437172472e+07,8.204305824940508232e+06
2.689999999999986812e+03,8.598861946859047700e-01,1.032391175049812353e-19,4.467712973963865638e+07,8.225342953529560007e+06
2.699999999999986358e+03,8.600307995188261057e-01,1.032392378160091667e-19,4.486018532884030044e+07,8.246320811659123749e+06
2.709999999999986358e+03,8.601754042393815469e-01,1.032393587291565136e-19,4.504335333064227551e+07,8.267239346349939704e+06
2.719999999999985903e+03,8.603200088508153875e-01,1.032394802463630487e-19,4.522663362200575322e+07,8.288098513168047182e+06
2.729999999999985903e+03,8.604646133497226845e-01,1.032396023694272414e-19,4.541002607821025699e+07,8.308898266538393684e+06
2.739999999999985448e+03,8.606092177332839155e-01,1.032397251003229894e-19,4.559353057287567109e+07,8.329638569566825405e+06
2.749999999999985448e+03,8.607538220058013057e-01,1.032398484410779599e-19,4.577714697798379511e+07,8.350319389673315920e+06
2.759999999999984993e+03,8.608984261631142942e-01,1.032399723936733810e-19,4.596087516389903426e+07,8.370940696537479758e+06
2.769999999999984993e+03,8.610430302073185382e-01,1.032400969602166054e-19,4.614471499938866496e+07,8.391502465214164928e+06
2.779999999999984539e+03,8.611876341347795005e-01,1.032402221427356854e-19,4.632866635164251179e+07,8.412004671925831586e+06
2.789999999999984539e+03,8.613322379489352087e-01,1.032403479434923489e-19,4.651272908629186451e+07,8.432447302733680233e+06
2.799999999999984084e+03,8.614768416458026268e-01,1.032404743644702675e-19,4.669690306742826849e+07,8.452830337348874658e+06
2.809999999999984084e+03,8.616214452254176148e-01,1.032406014080338093e-19,4.688118815762143582e+07,8.473153769733535126e+06
2.819999999999983629e+03,8.617660486892053662e-01,1.032407290762009395e-19,4.706558421793685108e+07,8.493417586025992408e+06
2.829999999999983629e+03,8.619106520332662225e-01,1.032408573712897555e-19,4.725009110795205086e+07,8.513621783649459481e+06
2.839999999999983629e+03,8.620552552606196572e-01,1.032409862955046768e-19,4.743470868576003611e+07,8.533766359175404534e+06
2.849999999999983174e+03,8.621998583685072104e-01,1.032411158510951294e-19,4.761943680780264735e+07,8.553851312493633479e+06
2.859999999999983174e+03,8.623444613574759998e-01,1.032412460402263279e-19,4.780427532633551210e+07,8.573876645647784695e+06
2.869999999999982720e+03,8.624890642255785833e-01,1.032413768654385379e-19,4.798922410544283688e+07,8.593842365926889703e+06
2.879999999999982720e+03,8.626336669715195526e-01,1.032415083283827026e-19,4.817428299052678794e+07,8.613748466683875769e+06
2.889999999999982265e+03,8.627782695980628080e-01,1.032416404314128139e-19,4.835945182521662116e+07,8.633594964479532093e+06
2.899999999999982265e+03,8.629228721006392266e-01,1.032417731772015210e-19,4.854473046960166097e+07,8.653381876158401370e+06
2.909999999999981810e+03,8.630674744827466771e-01,1.032419065679736340e-19,4.873011876894527674e+07,8.673109216537451372e+06
2.919999999999981810e+03,8.632120767401326722e-01,1.032420406059733308e-19,4.891561656993743032e+07,8.692777000450706109e+06
2.929999999999981355e+03,8.633566788738900044e-01,1.032421752934986190e-19,4.910122371813193709e+07,8.712385247259013355e+06
2.939999999999981355e+03,8.635012808819091390e-01,1.032423106327984791e-19,4.928694005777489394e+07,8.731933975351521745e+06
2.949999999999980901e+03,8.636458827652899739e-01,1.032424466261743734e-19,4.947276543180475384e+07,8.751423208458343521e+06
2.959999999999980901e+03,8.637904845237871498e-01,1.032425832758283620e-19,4.965869968186433613e+07,8.770852967983877286e+06
2.969999999999980446e+03,8.639350861558467987e-01,1.032427205840970073e-19,4.984474264831343293e+07,8.790223281671233475e+06
2.979999999999980446e+03,8.640796876593870302e-01,1.032428585530537292e-19,5.003089417024158686e+07,8.809534171636102721e+06
2.989999999999980446e+03,8.642242890377430653e-01,1.032429971850984050e-19,5.021715408548029512e+07,8.828785671710422263e+06
2.999999999999979991e+03,8.643688902838915222e-01,1.032431364822894085e-19,5.040352223061504960e+07,8.847977806396035478e+06
3.009999999999979991e+03,8.645134914036901597e-01,1.032432764469656972e-19,5.058999844099747390e+07,8.867110612049113959e+06
3.019999999999979536e+03,8.646580923913298466e-01,1.032434170811695394e-19,5.077658255075677484e+07,8.886184116514807567e+06
3.029999999999979536e+03,8.648026932520423982e-01,1.032435583871577037e-19,5.096327439281160384e+07,8.905198357646239921e+06
3.039999999999979082e+03,8.649472939790712189e-01,1.032437003669880221e-19,5.115007379888111353e+07,8.924153367196824402e+06
3.049999999999979082e+03,8.650918945759759060e-01,1.032438430228858585e-19,5.133698059949629754e+07,8.943049184944627807e+06
3.059999999999978627e+03,8.652364950390967202e-01,1.032439863568739931e-19,5.152399462401092052e+07,8.961885846798229963e+06
3.069999999999978627e+03,8.653810953697369523e-01,1.032441303710917248e-19,5.171111570061233640e+07,8.980663392760688439e+06
3.079999999999978172e+03,8.655256955667509633e-01,1.032442750675552614e-19,5.189834365633213520e+07,8.999381862418724224e+06
3.089999999999978172e+03,8.656702956296264961e-01,1.032444204483612426e-19,5.208567831705673039e+07,9.018041297919040546e+06
3.099999999999977717e+03,8.658148955594091589e-01,1.032445665155190272e-19,5.227311950753756613e+07,9.036641742400070652e+06
3.109999999999977717e+03,8.659594953511360327e-01,1.032447132709390534e-19,5.246066705140142143e+07,9.055183236953523010e+06
3.119999999999977263e+03,8.661040950079996747e-01,1.032448607167024571e-19,5.264832077116047591e+07,9.073665829085718840e+06
3.129999999999977263e+03,8.662486945263607740e-01,1.032450088547008264e-19,5.283608048822206259e+07,9.092089563051106408e+06
3.139999999999976808e+03,8.663932939098617503e-01,1.032451576868564440e-19,5.302394602289873362e+07,9.110454486387023702e+06
3.149999999999976808e+03,8.665378931536307228e-01,1.032453072150871872e-19,5.321191719441765547e+07,9.128760646854167804e+06
3.159999999999976808e+03,8.666824922585407709e-01,1.032454574411962559e-19,5.339999382093035430e+07,9.147008091941319406e+06
3.169999999999976353e+03,8.668270912253730476e-01,1.032456083670624310e-19,5.358817571952197701e+07,9.165196872647212818e+06
3.179999999999976353e+03,8.669716900520331171e-01,1.032457599945416950e-19,5.377646270622073859e+07,9.183327040891095996e+06
3.189999999999975898e+03,8.671162887363383920e-01,1.032459123252489642e-19,5.396485459600708634e+07,9.201398643927628174e+06
3.199999999999975898e+03,8.672608872812201941e-01,1.032460653611232409e-19,5.415335120282278955e+07,9.219411739195572212e+06
3.209999999999975444e+03,8.674054856831351357e-01,1.032462191036883088e-19,5.434195233958003670e+07,9.237366375101221725e+06
3.219999999999975444e+03,8.675500839442855661e-01,1.032463735548742626e-19,5.453065781817028672e+07,9.255262612455748022e+06
3.229999999999974989e+03,8.676946820597293275e-01,1.032465287160030727e-19,5.471946744947309047e+07,9.273100497761376202e+06
3.239999999999974989e+03,8.678392800331176105e-01,1.032466845890008256e-19,5.490838104336495697e+07,9.290880094509553164e+06
3.249999999999974534e+03,8.679838778616808526e-01,1.032468411752693815e-19,5.509739840872788429e+07,9.308601455263080075e+06
3.259999999999974534e+03,8.681284755453322344e-01,1.032469984763827909e-19,5.528651935345804691e+07,9.326264637615071610e+06
3.269999999999974079e+03,8.682730730831278443e-01,1.032471564939155860e-19,5.547574368447434902e+07,9.343869701775383204e+06
3.279999999999974079e+03,8.684176704760564469e-01,1.032473152292993343e-19,5.566507120772673190e+07,9.361416705143351108e+06
3.289999999999973625e+03,8.685622677202019526e-01,1.032474746839588631e-19,5.585450172820467502e+07,9.378905707330763340e+06
3.299999999999973625e+03,8.687068648187832309e-01,1.032476348593427244e-19,5.604403504994551837e+07,9.396336770093657076e+06
3.309999999999973625e+03,8.688514617676124097e-01,1.032477957568102877e-19,5.623367097604260594e+07,9.413709953878641129e+06
3.319999999999973170e+03,8.689960585696091533e-01,1.032479573776377223e-19,5.642340930865355581e+07,9.431025319809183478e+06
3.329999999999973170e+03,8.691406552216069947e-01,1.032481197232143700e-19,5.661324984900843352e+07,9.448282932476347312e+06
3.339999999999972715e+03,8.692852517241378418e-01,1.032482827947185388e-19,5.680319239741771668e+07,9.465482854003997520e+06
3.349999999999972715e+03,8.694298480767153059e-01,1.032484465933710036e-19,5.699323675328046829e+07,9.482625148122135550e+06
3.359999999999972260e+03,8.695744442788292394e-01,1.032486111204057918e-19,5.718338271509204805e+07,9.499709881016286090e+06
3.369999999999972260e+03,8.697190403291852334e-01,1.032487763769097179e-19,5.737363008045235276e+07,9.516737117260104045e+06
3.379999999999971806e+03,8.698636362259154486e-01,1.032489423639457144e-19,5.756397864607336372e+07,9.533706921498576179e+06
3.389999999999971806e+03,8.700082319710071843e-01,1.032491090826370441e-19,5.775442820778726786e+07,9.550619362403435633e+06
3.399999999999971351e+03,8.701528275648402477e-01,1.032492765340228062e-19,5.794497856055391580e+07,9.567474508137295023e+06
3.409999999999971351e+03,8.702974230036339964e-01,1.032494447189147803e-19,5.813562949846877903e+07,9.584272423092359677e+06
3.419999999999970896e+03,8.704420182885831414e-01,1.032496136384301742e-19,5.832638081477056444e+07,9.601013179596984759e+06
3.429999999999970896e+03,8.705866134172041138e-01,1.032497832933210997e-19,5.851723230184877664e+07,9.617696844499047846e+06
3.439999999999970441e+03,8.707312083915867973e-01,1.032499536845319726e-19,5.870818375125141442e+07,9.634323489346565679e+06
3.449999999999970441e+03,8.708758032103147695e-01,1.032501248127846556e-19,5.889923495369242132e+07,9.650893183453617617e+06
3.459999999999969987e+03,8.710203978723494167e-01,1.032502966788674920e-19,5.909038569905935973e+07,9.667405998108910397e+06
3.469999999999969987e+03,8.711649923785471650e-01,1.032504692834937379e-19,5.928163577642066777e+07,9.683862005597341806e+06
3.479999999999969987e+03,8.713095867256983595e-01,1.032506426272962658e-19,5.947298497403322160e+07,9.700261276576939970e+06
3.489999999999969532e+03,8.714541809162310582e-01,1.032508167109890783e-19,5.966443307934976369e+07,9.716603886405523866e+06
3.499999999999969532e+03,8.715987749489275682e-01,1.032509915350646116e-19,5.985597987902611494e+07,9.732889906501602381e+06
3.509999999999969077e+03,8.717433688223473753e-01,1.032511671000840454e-19,6.004762515892871469e+07,9.749119411403473467e+06
3.519999999999969077e+03,8.718879625350546281e-01,1.032513434065032836e-19,6.023936870414162427e+07,9.765292474800284952e+06
3.529999999999968622e+03,8.720325560887123295e-01,1.032515204548049401e-19,6.043121029897408932e+07,9.781409173289095983e+06
3.539999999999968622e+03,8.721771494817542880e-01,1.032516982453779926e-19,6.062314972696760297e+07,9.797469581664372236e+06
3.549999999999968168e+03,8.723217427144502878e-01,1.032518767785386667e-19,6.081518677090305835e+07,9.813473775925345719e+06
3.559999999999968168e+03,8.724663357854025580e-01,1.032520560546076057e-19,6.100732121280799806e+07,9.829421833269169554e+06
3.569999999999967713e+03,8.726109286958205757e-01,1.032522360738220601e-19,6.119955283396358788e+07,9.845313830292923376e+06
3.579999999999967713e+03,8.727555214426280239e-01,1.032524168364390934e-19,6.139188141491198540e+07,9.861149845625236630e+06
3.589999999999967258e+03,8.729001140293073391e-01,1.032525983425709272e-19,6.158430673546310514e+07,9.876929957462979481e+06
3.599999999999967258e+03,8.730447064500853616e-01,1.032527805923021578e-19,6.177682857470177114e+07,9.892654243343470618e+06
3.609999999999966803e+03,8.731892987083794688e-01,1.032529635857288651e-19,6.196944671099478751e+07,9.908322784001428634e+06
3.619999999999966803e+03,8.733338908029455450e-01,1.032531473228865464e-19,6.216216092199786007e+07,9.923935659043783322e+06
3.629999999999966803e+03,8.734784827326909085e-01,1.032533318036774970e-19,6.235497098466246575e+07,9.939492948051499203e+06
3.639999999999966349e+03,8.736230744965366446e-01,1.032535170279828266e-19,6.254787667524276674e+07,9.954994731085676700e+06
3.649999999999966349e+03,8.737676660971470666e-01,1.032537029958239734e-19,6.274087776930277795e+07,9.970441092450637370e+06
3.659999999999965894e+03,8.739122575320812381e-01,1.032538897069393118e-19,6.293397404172278196e+07,9.985832112154163420e+06
3.669999999999965894e+03,8.740568488010487247e-01,1.032540771610427328e-19,6.312716526670645922e+07,1.000116787246542238e+07
3.679999999999965439e+03,8.742014399019092386e-01,1.032542653578695415e-19,6.332045121778759360e+07,1.001644845553841442e+07
3.689999999999965439e+03,8.743460308362760447e-01,1.032544542971040780e-19,6.351383166783696413e+07,1.003167394550229236e+07
3.699999999999964984e+03,8.744906216043651925e-01,1.032546439783815349e-19,6.370730638906879723e+07,1.004684442625182495e+07
3.709999999999964984e+03,8.746352122051095357e-01,1.032548344012742114e-19,6.390087515304786712e+07,1.006195998224021122e+07
3.719999999999964530e+03,8.747798026382948011e-01,1.032550255652433768e-19,6.409453773069591820e+07,1.007702069688338228e+07
3.729999999999964530e+03,8.749243929034131728e-01,1.032552174698017708e-19,6.428829389229843765e+07,1.009202665638462268e+07
3.739999999999964075e+03,8.750689829985880408e-01,1.032554101143375976e-19,6.448214340751131624e+07,1.010697794562902488e+07
3.749999999999964075e+03,8.752135729247501050e-01,1.032556034982638700e-19,6.467608604536738247e+07,1.012187465142104402e+07
3.759999999999963620e+03,8.753581626842548147e-01,1.032557976208695465e-19,6.487012157428301871e+07,1.013671686011523008e+07
3.769999999999963620e+03,8.755027522728098255e-01,1.032559924814200656e-19,6.506424976206482202e+07,1.015150465880598314e+07
3.779999999999963165e+03,8.756473416919730024e-01,1.032561880791114718e-19,6.525847037591598928e+07,1.016623813394686952e+07
3.789999999999963165e+03,8.757919309390702622e-01,1.032563844131457199e-19,6.545278318244291097e+07,1.018091737441834062e+07
3.799999999999963165e+03,8.759365200181024047e-01,1.032565814826504359e-19,6.564718794766170532e+07,1.019554246879954077e+07
3.809999999999962711e+03,8.760811089260183149e-01,1.032567792866534224e-19,6.584168443700441718e+07,1.021011350471615046e+07
3.819999999999962711e+03,8.762256976622648796e-01,1.032569778241437107e-19,6.603627241532584280e+07,1.022463057130457833e+07
3.829999999999962256e+03,8.763702862270836835e-01,1.032571770941593708e-19,6.623095164690964669e+07,1.023909375944369473e+07
3.839999999999962256e+03,8.765148746217998887e-01,1.032573770956220387e-19,6.642572189547477663e+07,1.025350315913843922e+07
3.849999999999961801e+03,8.766594628423183266e-01,1.032575778272789328e-19,6.662058292418194562e+07,1.026785885808091052e+07
3.859999999999961801e+03,8.768040508925299958e-01,1.032577792881353586e-19,6.681553449563972652e+07,1.028216095159707963e+07
3.869999999999961346e+03,8.769486387697162932e-01,1.032579814767894919e-19,6.701057637191107124e+07,1.029640952749089338e+07
3.879999999999961346e+03,8.770932264746968965e-01,1.032581843920533829e-19,6.720570831451940536e+07,1.031060467889650352e+07
3.889999999999960892e+03,8.772378140071147579e-01,1.032583880325788446e-19,6.740093008445510268e+07,1.032474649793115631e+07
3.899999999999960892e+03,8.773824013668363175e-01,1.032585923969722138e-19,6.759624144218130410e+07,1.033883507686091028e+07
3.909999999999960437e+03,8.775269885518994784e-01,1.032587974838142488e-19,6.779164214764051139e+07,1.035287050819853321e+07
3.919999999999960437e+03,8.776715755666557595e-01,1.032590032916640529e-19,6.798713196026040614e+07,1.036685288693551719e+07
3.929999999999959982e+03,8.778161624051412648e-01,1.032592098189297489e-19,6.818271063896027207e+07,1.038078230496197008e+07
3.939999999999959982e+03,8.779607490701519801e-01,1.032594170640856872e-19,6.837837794215676188e+07,1.039465885746384598e+07
3.949999999999959982e+03,8.781053355620366263e-01,1.032596250255438664e-19,6.857413362777036428e+07,1.040848263895275258e+07
3.959999999999959527e+03,8.782499218789819873e-01,1.032598337015889328e-19,6.876997745323102176e+07,1.042225374424853362e+07
3.969999999999959527e+03,8.783945080229450530e-01,1.032600430905504794e-19,6.896590917548434436e+07,1.043597226914740354e+07
3.979999999999959073e+03,8.785390939920943998e-01,1.032602531906098263e-19,6.916192855099761486e+07,1.044963830816120654e+07
3.989999999999959073e+03,8.786836797860095860e-01,1.032604640000069023e-19,6.935803533576560020e+07,1.046325195836120471e+07
3.999999999999958618e+03,8.788282654054726528e-01,1.032606755169618713e-19,6.955422928531660140e+07,1.047681331771385856e+07
4.009999999999959073e+03,8.789728508498273474e-01,1.032608877394938422e-19,6.975051015471813083e+07,1.049032248044833355e+07
4.019999999999958618e+03,8.791174361206914867e-01,1.032611006656814951e-19,6.994687769858296216e+07,1.050377954565653577e+07
4.029999999999958618e+03,8.792620212147217451e-01,1.032613142935158805e-19,7.014333167107480764e+07,1.051718460942857154e+07
4.039999999999958163e+03,8.794066061354222086e-01,1.032615286211003667e-19,7.033987182591423392e+07,1.053053777244539373e+07
4.049999999999958163e+03,8.795511908801991741e-01,1.032617436462453639e-19,7.053649791638407111e+07,1.054383913083364628e+07
4.059999999999957708e+03,8.796957754482507275e-01,1.032619593668952428e-19,7.073320969533555210e+07,1.055708878435140662e+07
4.069999999999957708e+03,8.798403598431168149e-01,1.032621757809207315e-19,7.093000691519370675e+07,1.057028683229966834e+07
4.079999999999957254e+03,8.799849440617850682e-01,1.032623928860739566e-19,7.112688932796296477e+07,1.058343337375789322e+07
4.089999999999957254e+03,8.801295281046395136e-01,1.032626106802003443e-19,7.132385668523295224e+07,1.059652850887720846e+07
4.099999999999957254e+03,8.802741119716399609e-01,1.032628291610309444e-19,7.152090873818375170e+07,1.060957233906611614e+07
4.109999999999956344e+03,8.804186956621149474e-01,1.032630483261785667e-19,7.171804523759172857e+07,1.062256496276415326e+07
4.119999999999956344e+03,8.805632791791102587e-01,1.032632681733965539e-19,7.191526593383482099e+07,1.063550648284198903e+07
4.129999999999956344e+03,8.807078625197459765e-01,1.032634887002973426e-19,7.211257057689796388e+07,1.064839700061117299e+07
4.139999999999956344e+03,8.808524456845432393e-01,1.032637099043654757e-19,7.230995891637854278e+07,1.066123661631426960e+07
4.149999999999956344e+03,8.809970286723554089e-01,1.032639317833508892e-19,7.250743070149166882e+07,1.067402543458014168e+07
4.159999999999955435e+03,8.811416114853252157e-01,1.032641543345698840e-19,7.270498568107564747e+07,1.068676355515347607e+07
4.169999999999955435e+03,8.812861941226468598e-01,1.032643775556610655e-19,7.290262360359707475e+07,1.069945108323858120e+07
4.179999999999955435e+03,8.814307765826931984e-01,1.032646014439291667e-19,7.310034421715596318e+07,1.071208811957787164e+07
4.189999999999955435e+03,8.815753588701600307e-01,1.032648259970418987e-19,7.329814726949122548e+07,1.072467477160098031e+07
4.199999999999954525e+03,8.817199409791209863e-01,1.032650512121284582e-19,7.349603250798539817e+07,1.073721113876729272e+07
4.209999999999954525e+03,8.818645229143402542e-01,1.032652770867278919e-19,7.369399967967022955e+07,1.074969732833560556e+07
4.219999999999954525e+03,8.820091046707065896e-01,1.032655036180975914e-19,7.389204853123107553e+07,1.076213344311413355e+07
4.229999999999954525e+03,8.821536862541421442e-01,1.032657308036536085e-19,7.409017880901215971e+07,1.077451958995328844e+07
4.239999999999953616e+03,8.822982676606387908e-01,1.032659586405202773e-19,7.428839025902171433e+07,1.078685587179307826e+07
4.249999999999953616e+03,8.824428488913327318e-01,1.032661871261789988e-19,7.448668262693648040e+07,1.079914239689587243e+07
4.259999999999953616e+03,8.825874299475429119e-01,1.032664162576700882e-19,7.468505565810663998e+07,1.081137926872585341e+07
4.269999999999953616e+03,8.827320108282712408e-01,1.032666460323849697e-19,7.488350909756055474e+07,1.082356659558921866e+07
4.279999999999953616e+03,8.828765915332533742e-01,1.032668764474907328e-19,7.508204269000951946e+07,1.083570448348538019e+07
4.289999999999952706e+03,8.830211720623402094e-01,1.032671075001175733e-19,7.528065617985227704e+07,1.084779303892179951e+07
4.299999999999952706e+03,8.831657524160703154e-01,1.032673391874806205e-19,7.547934931117968261e+07,1.085983236949190125e+07
4.309999999999952706e+03,8.833103325945723672e-01,1.032675715067494918e-19,7.567812182777909935e+07,1.087182258304853924e+07
4.319999999999952706e+03,8.834549125988131468e-01,1.032678044550814784e-19,7.587697347313886881e+07,1.088376378793743066e+07
4.329999999999951797e+03,8.835994924282251084e-01,1.032680380296081003e-19,7.607590399045278132e+07,1.089565609194277599e+07
4.339999999999951797e+03,8.837440720804119465e-01,1.032682722274726978e-19,7.627491312262414396e+07,1.090749960398512892e+07
4.349999999999951797e+03,8.838886515601596106e-01,1.032685070458100047e-19,7.647400061227020621e+07,1.091929443314887770e+07
4.359999999999951797e+03,8.840332308642468995e-01,1.032687424817183066e-19,7.667316620172616839e+07,1.093104068871007673e+07
4.369999999999950887e+03,8.841778099922211753e-01,1.032689785323149920e-19,7.687240963304947317e+07,1.094273848039584234e+07
4.379999999999950887e+03,8.843223889478772914e-01,1.032692151947019577e-19,7.707173064802345634e+07,1.095438791759458557e+07
4.389999999999950887e+03,8.844669677271566055e-01,1.032694524660733041e-19,7.727112898816156387e+07,1.096598911169059016e+07
4.399999999999950887e+03,8.846115463318924288e-01,1.032696903435306513e-19,7.747060439471094310e+07,1.097754217291244492e+07
4.409999999999949978e+03,8.847561247626716252e-01,1.032699288241652672e-19,7.767015660865642130e+07,1.098904721199222468e+07
4.419999999999949978e+03,8.849007030218161152e-01,1.032701679051643071e-19,7.786978537072396278e+07,1.100050434071745165e+07
4.429999999999949978e+03,8.850452811040703249e-01,1.032704075836882399e-19,7.806949042138420045e+07,1.101191367080703937e+07
4.439999999999949978e+03,8.851898590138311818e-01,1.032706478568579571e-19,7.826927150085614622e+07,1.102327531318588369e+07
4.449999999999949978e+03,8.853344367469763165e-01,1.032708887218203858e-19,7.846912834911023080e+07,1.103458938028712012e+07
4.459999999999949068e+03,8.854790143094373178e-01,1.032711301760314450e-19,7.866906070587189496e+07,1.104585598735012859e+07
4.469999999999949068e+03,8.856235916965835564e-01,1.032713722163989337e-19,7.886906831062425673e+07,1.105707524373527057e+07
4.479999999999949068e+03,8.857681689103897860e-01,1.032716148403791919e-19,7.906915090261168778e+07,1.106824726494622789e+07
4.489999999999949068e+03,8.859127459516291658e-01,1.032718580451950528e-19,7.926930822084239125e+07,1.107937216357518546e+07
4.499999999999948159e+03,8.860573228172626825e-01,1.032721018281577978e-19,7.946954000409123302e+07,1.109045005365804955e+07
4.509999999999948159e+03,8.862018995120902742e-01,1.032723461866809390e-19,7.966984599090260267e+07,1.110148105008620024e+07
4.519999999999948159e+03,8.863464760343534588e-01,1.032725911181508451e-19,7.987022591959273815e+07,1.111246526752114296e+07
4.529999999999948159e+03,8.864910523813843701e-01,1.032728366199005847e-19,8.007067952825215459e+07,1.112340281921149604e+07
4.539999999999947249e+03,8.866356285569136908e-01,1.032730826895174730e-19,8.027120655474802852e+07,1.113429382194704562e+07
4.549999999999947249e+03,8.867802045573143221e-01,1.032733293245439753e-19,8.047180673672632873e+07,1.114513839065733366e+07
4.559999999999947249e+03,8.869247803868415270e-01,1.032735765225379763e-19,8.067247981161354482e+07,1.115593664155654050e+07
4.569999999999947249e+03,8.870693560432321156e-01,1.032738242811539220e-19,8.087322551661868393e+07,1.116668869050133228e+07
4.579999999999946340e+03,8.872139315272881133e-01,1.032740725981753079e-19,8.107404358873502910e+07,1.117739465461399034e+07
4.589999999999946340e+03,8.873585068382018326e-01,1.032743214712769346e-19,8.127493376474124193e+07,1.118805464940412343e+07
4.599999999999946340e+03,8.875030819765634682e-01,1.032745708984792590e-19,8.147589578120285273e+07,1.119866879376984760e+07
4.609999999999946340e+03,8.876476569432105723e-01,1.032748208775507785e-19,8.167692937447336316e+07,1.120923720358234830e+07
4.619999999999946340e+03,8.877922317370745553e-01,1.032750714066754373e-19,8.187803428069505095e+07,1.121975999817469157e+07
4.629999999999945430e+03,8.879368063585645343e-01,1.032753224838896777e-19,8.207921023579964042e+07,1.123023729467048682e+07
4.639999999999945430e+03,8.880813808060301628e-01,1.032755741073708236e-19,8.228045697550870478e+07,1.124066921093560196e+07
4.649999999999945430e+03,8.882259550835852613e-01,1.032758262755890126e-19,8.248177423533391953e+07,1.125105586810762808e+07
4.659999999999945430e+03,8.883705291863607245e-01,1.032760789868927959e-19,8.268316175057697296e+07,1.126139738389656320e+07
4.669999999999944521e+03,8.885151031190143822e-01,1.032763322397685850e-19,8.288461925632941723e+07,1.127169387724049576e+07
4.679999999999944521e+03,8.886596768775285593e-01,1.032765860329741794e-19,8.308614648747181892e+07,1.128194546866050921e+07
4.689999999999944521e+03,8.888042504652854392e-01,1.032768403653416107e-19,8.328774317867308855e+07,1.129215227950987034e+07
4.699999999999944521e+03,8.889488238789926555e-01,1.032770952356806905e-19,8.348940906438915431e+07,1.130231442818900757e+07
4.709999999999943611e+03,8.890933971201340213e-01,1.032773506432495384e-19,8.369114387886159122e+07,1.131243203775678948e+07
4.719999999999943611e+03,8.892379701858436070e-01,1.032776065871133080e-19,8.389294735611563921e+07,1.132250522669132985e+07
4.729999999999943611e+03,8.893825430832376089e-01,1.032778630668958774e-19,8.409481922995798290e+07,1.133253412039504759e+07
4.739999999999943611e+03,8.895271158041051507e-01,1.032781200819770247e-19,8.429675923397417367e+07,1.134251883750469051e+07
4.749999999999943611e+03,8.896716883522024499e-01,1.032783776322789907e-19,8.449876710152566433e+07,1.135245950207738951e+07
4.759999999999942702e+03,8.898162607266169033e-01,1.032786357177629918e-19,8.470084256574614346e+07,1.136235623691383563e+07
4.769999999999942702e+03,8.899608329281978314e-01,1.032788943385228931e-19,8.490298535953764617e+07,1.137220916465153918e+07
4.779999999999942702e+03,8.901054049556877956e-01,1.032791534950124317e-19,8.510519521556621790e+07,1.138201840915470384e+07
4.789999999999942702e+03,8.902499768073541819e-01,1.032794131878812237e-19,8.530747186625669897e+07,1.139178409432002716e+07
4.799999999999941792e+03,8.903945484840172231e-01,1.032796734180086848e-19,8.550981504378718138e+07,1.140150634470807947e+07
4.809999999999941792e+03,8.905391199853757156e-01,1.032799341864303274e-19,8.571222448008282483e+07,1.141118528406339139e+07
4.819999999999941792e+03,8.906836913110375287e-01,1.032801954947003288e-19,8.591469990680901706e+07,1.142082103917827457e+07
4.829999999999941792e+03,8.908282624633863112e-01,1.032804573445026740e-19,8.611724105536368489e+07,1.143041373544454761e+07
4.839999999999940883e+03,8.909728334352647883e-01,1.032807197378156783e-19,8.631984765686865151e+07,1.143996349802421778e+07
4.849999999999940883e+03,8.911174042315095356e-01,1.032809826770048771e-19,8.652251944216066599e+07,1.144947045424723439e+07
4.859999999999940883e+03,8.912619748503758377e-01,1.032812461647556065e-19,8.672525614178116620e+07,1.145893473125852831e+07
4.869999999999940883e+03,8.914065452895307828e-01,1.032815102041592731e-19,8.692805748596484959e+07,1.146835645664032362e+07
4.879999999999939973e+03,8.915511155518796027e-01,1.032817747986758702e-19,8.713092320462767780e+07,1.147773575861950219e+07
4.889999999999939973e+03,8.916956856310487289e-01,1.032820399520921612e-19,8.733385302735309303e+07,1.148707276513712853e+07
4.899999999999939973e+03,8.918402555306065294e-01,1.032823056688612452e-19,8.753684668337750435e+07,1.149636760647236183e+07
4.909999999999939973e+03,8.919848252495667928e-01,1.032825719536643117e-19,8.773990390157386661e+07,1.150562041245202906e+07
4.919999999999939973e+03,8.921293947849593398e-01,1.032828388118665439e-19,8.794302441043388844e+07,1.151483131323727220e+07
4.929999999999939064e+03,8.922739641343264694e-01,1.032831062491536364e-19,8.814620793804870546e+07,1.152400043928778730e+07
4.939999999999939064e+03,8.924185333013109345e-01,1.032833742720238089e-19,8.834945421208731830e+07,1.153312792353153601e+07
4.949999999999939064e+03,8.925631022804771941e-01,1.032836428874546095e-19,8.855276295977316797e+07,1.154221389848194085e+07
4.959999999999939064e+03,8.927076710721084662e-01,1.032839121030393300e-19,8.875613390785826743e+07,1.155125849695631675e+07
4.969999999999938154e+03,8.928522396744573708e-01,1.032841819270095874e-19,8.895956678259502351e+07,1.156026185291335173e+07
4.979999999999938154e+03,8.929968080874093328e-01,1.032844523687369088e-19,8.916306130970473588e+07,1.156922410362273455e+07
4.989999999999938154e+03,8.931413763072073575e-01,1.032847234376365156e-19,8.936661721434347332e+07,1.157814538157862984e+07
4.999999999999938154e+03,8.932859443312159975e-01,1.032849951446277566e-19,8.957023422106443346e+07,1.158702582563230209e+07
5.009999999999937245e+03,8.934305121593859589e-01,1.032852675013412745e-19,8.977391205377596617e+07,1.159586557444480248e+07
5.019999999999937245e+03,8.935750797887913599e-01,1.032855405201141071e-19,8.997765043569578230e+07,1.160466476474853046e+07
5.029999999999937245e+03,8.937196472175620299e-01,1.032858142147370203e-19,9.018144908930028975e+07,1.161342353864885867e+07
5.039999999999937245e+03,8.938642144434082448e-01,1.032860885999482652e-19,9.038530773626838624e+07,1.162214203797605820e+07
5.049999999999936335e+03,8.940087814628562279e-01,1.032863636915392996e-19,9.058922609742009640e+07,1.163082040425851755e+07
5.059999999999936335e+03,8.941533482727533899e-01,1.032866395068298311e-19,9.079320389264799654e+07,1.163945878245277703e+07
5.069999999999936335e+03,8.942979148706815540e-01,1.032869160644650763e-19,9.099724084084239602e+07,1.164805731825266033e+07
5.079999999999936335e+03,8.944424812542048908e-01,1.032871933847118608e-19,9.120133665980818868e+07,1.165661616035596840e+07
5.089999999999936335e+03,8.945870474164471231e-01,1.032874714891482918e-19,9.140549106617411971e+07,1.166513545549440011e+07
5.099999999999935426e+03,8.947316133568585794e-01,1.032877504016934079e-19,9.160970377529266477e+07,1.167361535753040388e+07
5.109999999999935426e+03,8.948761790709686137e-01,1.032880301476996214e-19,9.181397450113065541e+07,1.168205601764557138e+07
5.119999999999935426e+03,8.950207445521459748e-01,1.032883107550049617e-19,9.201830295615074039e+07,1.169045759217197075e+07
5.129999999999935426e+03,8.951653097947870341e-01,1.032885922532526683e-19,9.222268885118192434e+07,1.169882023485595174e+07
5.139999999999934516e+03,8.953098747962120463e-01,1.032888746751920966e-19,9.242713189528135955e+07,1.170714410723267123e+07
5.149999999999934516e+03,8.954544395487312736e-01,1.032891580553732021e-19,9.263163179558639228e+07,1.171542936417046934e+07
5.159999999999934516e+03,8.955990040494026250e-01,1.032894424317897195e-19,9.283618825715883076e+07,1.172367616709762439e+07
5.169999999999934516e+03,8.957435682863104098e-01,1.032897278449779002e-19,9.304080098282320797e+07,1.173188467107462138e+07
5.179999999999933607e+03,8.958881322562701754e-01,1.032900143375615229e-19,9.324546967300230265e+07,1.174005502099919878e+07
5.189999999999933607e+03,8.960326959516233813e-01,1.032903019551266150e-19,9.345019402555359900e+07,1.174818735249736533e+07
5.199999999999933607e+03,8.961772593619095062e-01,1.032905907433096275e-19,9.365497373561404645e+07,1.175628176301317476e+07
5.209999999999933607e+03,8.963218224864639705e-01,1.032908807467505950e-19,9.385980849545992911e+07,1.176433829902332276e+07
5.219999999999932697e+03,8.964663853116128234e-01,1.032911720026912490e-19,9.406469799439434707e+07,1.177235689009367302e+07
5.229999999999932697e+03,8.966109478434898250e-01,1.032914645335689021e-19,9.426964191867503524e+07,1.178033728030924499e+07
5.239999999999932697e+03,8.967555100842945492e-01,1.032917583287650839e-19,9.447463995150314271e+07,1.178827885530961491e+07
5.249999999999932697e+03,8.969000720544073602e-01,1.032920533168886409e-19,9.467969177309530973e+07,1.179618039124181867e+07
5.259999999999932697e+03,8.970446337976307749e-01,1.032923493132927369e-19,9.488479706087240577e+07,1.180403958168201149e+07
5.269999999999931788e+03,8.971891953987800594e-01,1.032926459332517885e-19,9.508995548980452120e+07,1.181185226355743594e+07
5.279999999999931788e+03,8.973337570252277740e-01,1.032929424438243267e-19,9.529516673296739161e+07,1.181961110782547295e+07
5.289999999999931788e+03,8.974783189689741203e-01,1.032932375182607453e-19,9.550043046238319576e+07,1.182730345991495810e+07
5.299999999999931788e+03,8.976228817334606092e-01,1.032935288360364977e-19,9.570574635024379194e+07,1.183490783874170296e+07
5.309999999999930878e+03,8.977674461865416955e-01,1.032938124419003973e-19,9.591111407065297663e+07,1.184238833406451717e+07
5.319999999999930878e+03,8.979120137698566317e-01,1.032940817408603342e-19,9.611653330207447708e+07,1.184968581331484020e+07
5.329999999999930878e+03,8.980565868374711380e-01,1.032943259566239184e-19,9.632200373074413836e+07,1.185670435213572159e+07
5.339999999999930878e+03,8.982011691740738879e-01,1.032945278335277234e-19,9.652752505539603531e+07,1.186329072655224241e+07
5.349999999999929969e+03,8.983457667187103590e-01,1.032946603272558351e-19,9.673309699376071990e+07,1.186920404172763415e+07
5.359999999999929969e+03,8.984903885851927008e-01,1.032946820665600415e-19,9.693871929139722884e+07,1.187407183973631263e+07
5.369999999999929969e+03,8.986350483709897308e-01,1.032945315615148315e-19,9.714439173345966637e+07,1.187732826755956188e+07
5.379999999999929969e+03,8.987797656425025039e-01,1.032941206748652184e-19,9.735011415984928608e+07,1.187812951048259251e+07
5.389999999999929059e+03,8.989245672700684198e-01,1.032933290158573545e-19,9.755588648361214995e+07,1.187524187621309981e+07
5.399999999999929059e+03,8.990694877690399434e-01,1.032920029300549206e-19,9.776170871103423834e+07,1.186689875728413463e+07
5.409999999999929059e+03,8.992145672502263043e-01,1.032899655832702218e-19,9.796758095919124782e+07,1.185062366835446283e+07
5.419999999999929059e+03,8.993598448798706402e-01,1.032870471192379162e-19,9.817350346258024871e+07,1.182301496541793644e+07
5.429999999999929059e+03,8.995053460457195227e-01,1.032831428573349825e-19,9.837947655584287643e+07,1.177947845071206428e+07
5.439999999999928150e+03,8.996510633677958779e-01,1.032782979496927076e-19,9.858550061769364774e+07,1.171387044860442355e+07
5.449999999999928150e+03,8.997969363962867728e-01,1.032727961207212515e-19,9.879157596741521358e+07,1.161799810394765437e+07
5.459999999999928150e+03,8.999428402789317882e-01,1.032672058478917689e-19,9.899770272374281287e+07,1.148114879821165651e+07
5.469999999999928150e+03,9.000885973901646686e-01,1.032623216453890144e-19,9.920388066479463875e+07,1.129152830418260209e+07
5.479999999999927240e+03,9.002340320559161224e-01,1.032589123697140494e-19,9.941010916871801019e+07,1.104848912846634537e+07
5.489999999999927240e+03,9.003790799502072728e-01,1.032572318079722537e-19,9.961638735817480087e+07,1.080113312471506372e+07
5.499999999999927240e+03,9.005238603017894361e-01,1.032567093157880548e-19,9.982271447669623792e+07,1.063656653262664750e+07
5.509999999999927240e+03,9.006685300438596053e-01,1.032566258342220331e-19,1.000290901601689309e+08,1.056243688064512052e+07
5.519999999999926331e+03,9.008131604246498725e-01,1.032566631849128923e-19,1.002355143514001071e+08,1.054041593298469856e+07
5.529999999999926331e+03,9.009577747673954695e-01,1.032567219380240874e-19,1.004419871170988083e+08,1.054418066196767986e+07
5.539999999999926331e+03,9.011023807579299216e-01,1.032567734380519600e-19,1.006485085652852803e+08,1.056151054860256426e+07
5.549999999999926331e+03,9.012469812095911248e-01,1.032568111366144090e-19,1.008550788148472458e+08,1.058677016285440512e+07
5.559999999999926331e+03,9.013915772791465386e-01,1.032568362342136845e-19,1.010616979803407937e+08,1.061702044189045019e+07
5.569999999999925421e+03,9.015361695093326855e-01,1.032568531561860710e-19,1.012683661618273258e+08,1.065049574657823145e+07
5.579999999999925421e+03,9.016807581998690369e-01,1.032568677825861390e-19,1.014750834372319728e+08,1.068599934004541300e+07
5.589999999999925421e+03,9.018253435687675346e-01,1.032568863878324914e-19,1.016818498566682339e+08,1.072264257546936534e+07
5.599999999999925421e+03,9.019699258414770604e-01,1.032569146745789090e-19,1.018886654386739582e+08,1.075972747457513027e+07
5.609999999999924512e+03,9.021145052734620418e-01,1.032569569437253204e-19,1.020955301683266014e+08,1.079669415108027309e+07
5.619999999999924512e+03,9.022590821628190261e-01,1.032570156298274183e-19,1.023024439970215112e+08,1.083309497144914977e+07
5.629999999999924512e+03,9.024036568638267308e-01,1.032570913412837276e-19,1.025094068435137272e+08,1.086857678200570494e+07
5.639999999999924512e+03,9.025482297726087344e-01,1.032571832121196138e-19,1.027164185957925618e+08,1.090286458699601144e+07
5.649999999999923602e+03,9.026928013348328728e-01,1.032572893524461186e-19,1.029234791134627312e+08,1.093574614220798202e+07
5.659999999999923602e+03,9.028373720362483645e-01,1.032574072258830797e-19,1.031305882304224670e+08,1.096705835146656260e+07
5.669999999999923602e+03,9.029819423976415127e-01,1.032575339327254439e-19,1.033377457577067167e+08,1.099667609664613754e+07
5.679999999999923602e+03,9.031265129752936716e-01,1.032576663943279367e-19,1.035449514863950461e+08,1.102450370099973865e+07
5.689999999999922693e+03,9.032710843375100218e-01,1.032578014883800703e-19,1.037522051905003637e+08,1.105046928533429280e+07
5.699999999999922693e+03,9.034156570631948213e-01,1.032579361509345573e-19,1.039595066297619045e+08,1.107452214665485732e+07
5.709999999999922693e+03,9.035602317076609769e-01,1.032580674833755663e-19,1.041668555522746444e+08,1.109663272869694233e+07
5.719999999999922693e+03,9.037048087843100319e-01,1.032581928554896178e-19,1.043742516968772709e+08,1.111679441017939150e+07
5.729999999999922693e+03,9.038493887325493858e-01,1.032583100135156584e-19,1.045816947949652970e+08,1.113502575238559581e+07
5.739999999999921783e+03,9.039939718938165836e-01,1.032584171629105640e-19,1.047891845675574392e+08,1.115137178157064877e+07
5.749999999999921783e+03,9.041385585270365066e-01,1.032585129407692457e-19,1.049967207572603375e+08,1.116589467699664459e+07
5.759999999999921783e+03,9.042831487794056322e-01,1.032585964433635214e-19,1.052043030716017485e+08,1.117867476394202933e+07
5.769999999999921783e+03,9.044277426625271232e-01,1.032586673684350208e-19,1.054119312168903798e+08,1.118982228688969277e+07
5.779999999999920874e+03,9.045723401063138214e-01,1.032587257836485118e-19,1.056196049327561557e+08,1.119945466062864289e+07
5.789999999999920874e+03,9.047169409657476180e-01,1.032587720787632725e-19,1.058273239343989938e+08,1.120769481872300990e+07
5.799999999999920874e+03,9.048615450421169104e-01,1.032588068617090806e-19,1.060350879437823147e+08,1.121466480388774537e+07
5.809999999999920874e+03,9.050061521021994793e-01,1.032588309196716675e-19,1.062428966853860915e+08,1.122048556286552548e+07
5.819999999999919964e+03,9.051507618783739550e-01,1.032588451560929857e-19,1.064507498863381743e+08,1.122527467117416672e+07
5.829999999999919964e+03,9.052953741002992549e-01,1.032588505335165539e-19,1.066586472767787576e+08,1.122914433287827671e+07
5.839999999999919964e+03,9.054399884856498826e-01,1.032588480283975445e-19,1.068665885901702344e+08,1.123220014635679312e+07
5.849999999999919964e+03,9.055846047682458710e-01,1.032588385981685757e-19,1.070745735635394305e+08,1.123454052099305019e+07
5.859999999999919055e+03,9.057292226856867856e-01,1.032588231574112391e-19,1.072826019376587570e+08,1.123625645814423449e+07
5.869999999999919055e+03,9.058738419963050514e-01,1.032588025621098891e-19,1.074906734571741372e+08,1.123743163650378585e+07
5.879999999999919055e+03,9.060184624718654600e-01,1.032587775997328152e-19,1.076987878706865162e+08,1.123814264805652387e+07
5.889999999999919055e+03,9.061630839074308330e-01,1.032587489843016201e-19,1.079069449307925254e+08,1.123845936587467790e+07
5.899999999999919055e+03,9.063077061116288080e-01,1.032587173548700603e-19,1.081151443940919936e+08,1.123844535916015692e+07
5.909999999999918145e+03,9.064523289169775788e-01,1.032586832767458080e-19,1.083233860211657137e+08,1.123815833936917782e+07
5.919999999999918145e+03,9.065969521741055193e-01,1.032586472445715415e-19,1.085316695765288025e+08,1.123765061345892772e+07
5.929999999999918145e+03,9.067415757451340319e-01,1.032586096866383906e-19,1.087399948285630345e+08,1.123696950956530496e+07
5.939999999999918145e+03,9.068861995130572673e-01,1.032585709698826413e-19,1.089483615494323969e+08,1.123615779122887924e+07
5.949999999999917236e+03,9.070308233731370073e-01,1.032585314053667999e-19,1.091567695149839967e+08,1.123525403284808062e+07
5.959999999999917236e+03,9.071754472377405731e-01,1.032584912534018088e-19,1.093652185046374053e+08,1.123429296273915097e+07
5.969999999999917236e+03,9.073200710250302059e-01,1.032584507288152105e-19,1.095737083012649715e+08,1.123330577842903882e+07
5.979999999999917236e+03,9.074646946700321015e-01,1.032584100055441542e-19,1.097822386910642087e+08,1.123232043037821166e+07
5.989999999999916326e+03,9.076093181157988132e-01,1.032583692212089612e-19,1.099908094634249061e+08,1.123136186817549355e+07
5.999999999999916326e+03,9.077539413093855813e-01,1.032583284815510216e-19,1.101994204107915759e+08,1.123045228715853579e+07
6.009999999999916326e+03,9.078985642121256694e-01,1.032582878647640662e-19,1.104080713285225183e+08,1.122961134323075786e+07
6.019999999999916326e+03,9.080431867918082878e-01,1.032582474258962523e-19,1.106167620147465765e+08,1.122885637674298882e+07
6.029999999999916326e+03,9.081878090201898068e-01,1.032582072010272295e-19,1.108254922702177018e+08,1.122820261727244034e+07
6.039999999999915417e+03,9.083324308725654328e-01,1.032581672111473108e-19,1.110342618981693685e+08,1.122766338312660158e+07
6.049999999999915417e+03,9.084770523349554594e-01,1.032581274655686324e-19,1.112430707041685581e+08,1.122725027096512727e+07
6.059999999999915417e+03,9.086216733868452966e-01,1.032580879647078451e-19,1.114519184959710985e+08,1.122697332508658990e+07
6.069999999999915417e+03,9.087662940221244989e-01,1.032580487023687991e-19,1.116608050833786279e+08,1.122684120181125589e+07
6.079999999999914507e+03,9.089109142340623393e-01,1.032580096674447646e-19,1.118697302780991197e+08,1.122686131242223643e+07
6.089999999999914507e+03,9.090555340103221305e-01,1.032579708451670247e-19,1.120786938936104625e+08,1.122703994837919064e+07
6.099999999999914507e+03,9.092001533523621504e-01,1.032579322181723821e-19,1.122876957450284958e+08,1.122738240997871198e+07
6.109999999999914507e+03,9.093447722561416313e-01,1.032578937671298205e-19,1.124967356489804983e+08,1.122789309359856136e+07
6.119999999999913598e+03,9.094893907191901050e-01,1.032578554713981255e-19,1.127058134234835356e+08,1.122857559149267524e+07
6.129999999999913598e+03,9.096340087440832889e-01,1.032578173094992904e-19,1.129149288878283650e+08,1.122943276909814030e+07
6.139999999999913598e+03,9.097786263314189270e-01,1.032577792595326147e-19,1.131240818624694049e+08,1.123046683624916896e+07
6.149999999999913598e+03,9.099232434820443416e-01,1.032577412994828535e-19,1.133332721689201742e+08,1.123167940224432200e+07
6.159999999999912689e+03,9.100678601972742587e-01,1.032577034076070521e-19,1.135424996296548843e+08,1.123307154080798291e+07
6.169999999999912689e+03,9.102124764821371006e-01,1.032576655626442199e-19,1.137517640680155307e+08,1.123464383200959116e+07
6.179999999999912689e+03,9.103570923354646904e-01,1.032576277440882585e-19,1.139610653081247956e+08,1.123639641120616533e+07
6.189999999999912689e+03,9.105017077662227454e-01,1.032575899323499688e-19,1.141704031748043448e+08,1.123832900546936505e+07
6.199999999999912689e+03,9.106463227726033782e-01,1.032575521089335380e-19,1.143797774934982657e+08,1.124044097106288001e+07
6.209999999999911779e+03,9.107909373632337990e-01,1.032575142565805395e-19,1.145891880902017206e+08,1.124273132936669514e+07
6.219999999999911779e+03,9.109355515363062317e-01,1.032574763593391093e-19,1.147986347913946807e+08,1.124519879170750827e+07
6.229999999999911779e+03,9.110801652991518118e-01,1.032574384026690542e-19,1.150081174239796102e+08,1.124784179347364418e+07
6.239999999999911779e+03,9.112247786540366157e-01,1.032574003734524080e-19,1.152176358152241409e+08,1.125065851228303835e+07
6.249999999999910870e+03,9.113693916029168562e-01,1.032573622600661111e-19,1.154271897927076221e+08,1.125364689879696257e+07
6.259999999999910870e+03,9.115140041512659330e-01,1.032573240523504377e-19,1.156367791842713803e+08,1.125680469221118279e+07
6.269999999999910870e+03,9.116586163030254708e-01,1.032572857416284596e-19,1.158464038179728389e+08,1.126012944418214075e+07
6.279999999999910870e+03,9.118032280598187267e-01,1.032572473206745932e-19,1.160560635220431983e+08,1.126361853306431323e+07
6.289999999999909960e+03,9.119478394247428898e-01,1.032572087836855301e-19,1.162657581248480082e+08,1.126726918515829556e+07
6.299999999999909960e+03,9.120924504025704760e-01,1.032571701262535989e-19,1.164754874548510611e+08,1.127107848840459064e+07
6.309999999999909960e+03,9.122370609953156517e-01,1.032571313453042934e-19,1.166852513405809551e+08,1.127504340626166761e+07
6.319999999999909960e+03,9.123816712041621368e-01,1.032570924390612200e-19,1.168950496106002480e+08,1.127916079348401539e+07
6.329999999999909051e+03,9.125262810341576714e-01,1.032570534069807007e-19,1.171048820934775919e+08,1.128342740670055524e+07
6.339999999999909051e+03,9.126708904866562833e-01,1.032570142497048165e-19,1.173147486177615970e+08,1.128783991940557212e+07
6.349999999999909051e+03,9.128154995640713754e-01,1.032569749689849358e-19,1.175246490119573176e+08,1.129239492887316458e+07
6.359999999999909051e+03,9.129601082692655467e-01,1.032569355676702553e-19,1.177345831045047939e+08,1.129708897426673770e+07
6.369999999999909051e+03,9.131047166031593942e-01,1.032568960495914738e-19,1.179445507237593383e+08,1.130191853891866654e+07
6.379999999999908141e+03,9.132493245696930995e-01,1.032568564195450476e-19,1.181545516979737580e+08,1.130688006656230614e+07
6.389999999999908141e+03,9.133939321680053514e-01,1.032568166832173209e-19,1.183645858552824557e+08,1.131196996625495702e+07
6.399999999999908141e+03,9.135385394014099436e-01,1.032567768471512796e-19,1.185746530236870944e+08,1.131718462655176781e+07
6.409999999999908141e+03,9.136831462733703280e-01,1.032567369186711511e-19,1.187847530310436040e+08,1.132252041969278269e+07
6.419999999999907232e+03,9.138277527839375747e-01,1.032566969058338706e-19,1.189948857050507218e+08,1.132797371089698188e+07
6.429999999999907232e+03,9.139723589328703213e-01,1.032566568174186333e-19,1.192050508732403815e+08,1.133354086885969900e+07
6.439999999999907232e+03,9.141169647246656371e-01,1.032566166628412506e-19,1.194152483629684299e+08,1.133921827231890522e+07
6.449999999999907232e+03,9.142615701571237263e-01,1.032565764521249962e-19,1.196254780014074892e+08,1.134500231325711682e+07
6.459999999999906322e+03,9.144061752341183791e-01,1.032565361958809495e-19,1.198357396155403256e+08,1.135088941186686978e+07
6.469999999999906322e+03,9.145507799558529882e-01,1.032564959052379162e-19,1.200460330321546048e+08,1.135687601407516189e+07
6.479999999999906322e+03,9.146953843213101454e-01,1.032564555918402012e-19,1.202563580778385550e+08,1.136295860453135706e+07
6.489999999999906322e+03,9.148399883346257644e-01,1.032564152677911066e-19,1.204667145789776742e+08,1.136913370745132677e+07
6.499999999999905413e+03,9.149845919946476558e-01,1.032563749456418094e-19,1.206771023617519885e+08,1.137539789351178892e+07
6.509999999999905413e+03,9.151291953019912162e-01,1.032563346383486303e-19,1.208875212521346956e+08,1.138174778430881351e+07
6.519999999999905413e+03,9.152737982577937581e-01,1.032562943592577221e-19,1.210979710758909434e+08,1.138818005564899370e+07
6.529999999999905413e+03,9.154184008623598157e-01,1.032562541220562114e-19,1.213084516585779637e+08,1.139469143947594427e+07
6.539999999999905413e+03,9.155630031144338377e-01,1.032562139407928665e-19,1.215189628255453557e+08,1.140127873096662946e+07
6.549999999999904503e+03,9.157076050151073954e-01,1.032561738297948007e-19,1.217295044019361883e+08,1.140793878503187001e+07
6.559999999999904503e+03,9.158522065673286860e-01,1.032561338037294871e-19,1.219400762126889825e+08,1.141466852593834698e+07
6.569999999999904503e+03,9.159968077675695319e-01,1.032560938774493844e-19,1.221506780825399756e+08,1.142146493797354400e+07
6.579999999999904503e+03,9.161414086179613392e-01,1.032560540661124281e-19,1.223613098360257298e+08,1.142832507838633843e+07
6.589999999999903594e+03,9.162860091150122344e-01,1.032560143850027379e-19,1.225719712974864095e+08,1.143524606600727513e+07
6.599999999999903594e+03,9.164306092627441114e-01,1.032559748496634954e-19,1.227826622910699397e+08,1.144222509470761195e+07
6.609999999999903594e+03,9.165752090574984523e-01,1.032559354756926747e-19,1.229933826407359093e+08,1.144925941890925169e+07
6.619999999999903594e+03,9.167198085013036346e-01,1.032558962788462848e-19,1.232041321702602357e+08,1.145634636441018619e+07
6.629999999999902684e+03,9.168644075930374449e-01,1.032558572749315520e-19,1.234149107032399774e+08,1.146348332216734439e+07
6.639999999999902684e+03,9.170090063307637651e-01,1.032558184798146003e-19,1.236257180630990565e+08,1.147066774897281639e+07
6.649999999999902684e+03,9.171536047161771288e-01,1.032557799093558599e-19,1.238365540730935186e+08,1.147789716471378691e+07
6.659999999999902684e+03,9.172982027476894729e-01,1.032557415794153639e-19,1.240474185563177168e+08,1.148516915328655951e+07
6.669999999999901775e+03,9.174428004228266653e-01,1.032557035058241602e-19,1.242583113357104659e+08,1.149248136142867431e+07
6.679999999999901775e+03,9.175873977451471930e-01,1.032556657043330817e-19,1.244692322340616584e+08,1.149983149564159848e+07
6.689999999999901775e+03,9.177319947105149200e-01,1.032556281906135166e-19,1.246801810740188807e+08,1.150721732155021280e+07
6.699999999999901775e+03,9.178765913183095648e-01,1.032555909802259436e-19,1.248911576780941933e+08,1.151463666382704861e+07
6.709999999999901775e+03,9.180211875712538383e-01,1.032555540885999506e-19,1.251021618686717600e+08,1.152208740490752831e+07
6.719999999999900865e+03,9.181657834617820146e-01,1.032555175309892276e-19,1.253131934680148065e+08,1.152956748102632165e+07
6.729999999999900865e+03,9.183103789973152686e-01,1.032554813224748533e-19,1.255242522982734740e+08,1.153707488486221991e+07
6.739999999999900865e+03,9.184549741732874750e-01,1.032554454779375617e-19,1.257353381814923882e+08,1.154460766281330772e+07
6.749999999999900865e+03,9.185995689852944901e-01,1.032554100120095332e-19,1.259464509396185279e+08,1.155216391239946708e+07
6.759999999999899956e+03,9.187441634380928424e-01,1.032553749391204970e-19,1.261575903945091516e+08,1.155974178593775630e+07
6.769999999999899956e+03,9.188887575285114018e-01,1.032553402733789732e-19,1.263687563679399788e+08,1.156733948114239238e+07
6.779999999999899956e+03,9.190333512576934760e-01,1.032553060286827974e-19,1.265799486816136688e+08,1.157495525171314180e+07
6.789999999999899956e+03,9.191779446210573967e-01,1.032552722185919248e-19,1.267911671571677327e+08,1.158258739503010921e+07
6.799999999999899046e+03,9.193225376230576007e-01,1.032552388563730875e-19,1.270024116161831766e+08,1.159023425892410986e+07
6.809999999999899046e+03,9.194671302541983504e-01,1.032552059549889618e-19,1.272136818801932037e+08,1.159789423677135259e+07
6.819999999999899046e+03,9.196117225237206982e-01,1.032551735270722276e-19,1.274249777706911713e+08,1.160556576987081580e+07
6.829999999999899046e+03,9.197563144261324819e-01,1.032551415849341154e-19,1.276362991091396362e+08,1.161324734457144700e+07
6.839999999999899046e+03,9.199009059591503057e-01,1.032551101405101426e-19,1.278476457169790417e+08,1.162093748908117600e+07
6.849999999999898137e+03,9.200454971251995628e-01,1.032550792054277381e-19,1.280590174156358838e+08,1.162863477871647477e+07
6.859999999999898137e+03,9.201900879229190089e-01,1.032550487909577809e-19,1.282704140265317410e+08,1.163633783052791283e+07
6.869999999999898137e+03,9.203346783481114457e-01,1.032550189079633947e-19,1.284818353710918427e+08,1.164404530066026188e+07
6.879999999999898137e+03,9.204792684064515562e-01,1.032549895670163821e-19,1.286932812707536519e+08,1.165175589212173782e+07
6.889999999999897227e+03,9.206238580937085025e-01,1.032549607782744587e-19,1.289047515469755232e+08,1.165946834290587902e+07
6.899999999999897227e+03,9.207684474052861834e-01,1.032549325514997421e-19,1.291162460212451369e+08,1.166718143079997040e+07
6.909999999999897227e+03,9.209130363485400483e-01,1.032549048962023420e-19,1.293277645150883198e+08,1.167489397867571376e+07
6.919999999999897227e+03,9.210576249177300223e-01,1.032548778213824420e-19,1.295393068500772864e+08,1.168260483775471151e+07
6.929999999999896318e+03,9.212022131132202585e-01,1.032548513357350258e-19,1.297508728478390127e+08,1.169031290146514587e+07
6.939999999999896318e+03,9.213468009355614274e-01,1.032548254476186657e-19,1.299624623300639689e+08,1.169801710057397932e+07
6.949999999999896318e+03,9.214913883806805650e-01,1.032548001649452383e-19,1.301740751185141951e+08,1.170571639670646191e+07
6.959999999999896318e+03,9.216359754536316284e-01,1.032547754952959742e-19,1.303857110350313336e+08,1.171340978943493403e+07
6.969999999999895408e+03,9.217805621510293257e-01,1.032547514458743330e-19,1.305973699015452266e+08,1.172109631111680157e+07
6.979999999999895408e+03,9.219251484737503999e-01,1.032547280234705176e-19,1.308090515400815010e+08,1.172877502634464949e+07
6.989999999999895408e+03,9.220697344157781083e-01,1.032547052344805775e-19,1.310207557727700621e+08,1.173644502958681062e+07
6.999999999999895408e+03,9.222143199845871386e-01,1.032546830849640541e-19,1.312324824218526632e+08,1.174410545100206137e+07
7.009999999999895408e+03,9.223589051760743285e-01,1.032546615805345156e-19,1.314442313096909672e+08,1.175175544602333382e+07
7.019999999999894499e+03,9.225034899899889895e-01,1.032546407264298414e-19,1.316560022587738335e+08,1.175939420211889409e+07
7.029999999999894499e+03,9.226480744259054623e-01,1.032546205275195166e-19,1.318677950917254686e+08,1.176702093407551572e+07
7.039999999999894499e+03,9.227926584837924384e-01,1.032546009882101533e-19,1.320796096313123703e+08,1.177463488194905967e+07
7.049999999999894499e+03,9.229372421646400149e-01,1.032545821126130100e-19,1.322914457004511058e+08,1.178223531712222099e+07
7.059999999999893589e+03,9.230818254665384970e-01,1.032545639043879555e-19,1.325033031222156733e+08,1.178982153331995755e+07
7.069999999999893589e+03,9.232264083894687889e-01,1.032545463667881984e-19,1.327151817198442519e+08,1.179739284942595474e+07
7.079999999999893589e+03,9.233709909349723244e-01,1.032545295027112402e-19,1.329270813167464882e+08,1.180494860998587869e+07
7.089999999999893589e+03,9.235155731012512081e-01,1.032545133146603804e-19,1.331390017365105450e+08,1.181248818326601572e+07
7.099999999999892680e+03,9.236601548889153968e-01,1.032544978047145762e-19,1.333509428029095978e+08,1.182001095917510986e+07
7.109999999999892680e+03,9.238047363008481394e-01,1.032544829746007730e-19,1.335629043399089873e+08,1.182751635127575137e+07
7.119999999999892680e+03,9.239493173307640195e-01,1.032544688256141103e-19,1.337748861716723144e+08,1.183500379331333935e+07
7.129999999999892680e+03,9.240938979833188682e-01,1.032544553586920106e-19,1.339868881225683242e+08,1.184247274156252481e+07
7.139999999999891770e+03,9.242384782585251202e-01,1.032544425743725546e-19,1.341989100171770751e+08,1.184992267171018757e+07
7.149999999999891770e+03,9.243830581548593273e-01,1.032544304728050379e-19,1.344109516802958250e+08,1.185735307961164229e+07
7.159999999999891770e+03,9.245276376737241453e-01,1.032544190537381148e-19,1.346230129369456768e+08,1.186476347971238010e+07
7.169999999999891770e+03,9.246722168151177979e-01,1.032544083165871931e-19,1.348350936123771369e+08,1.187215340666393563e+07
7.179999999999891770e+03,9.248167955805053353e-01,1.032543982603127162e-19,1.350471935320761800e+08,1.187952241035061888e+07
7.189999999999890861e+03,9.249613739662979617e-01,1.032543888835262811e-19,1.352593125217701495e+08,1.188687005945217609e+07
7.199999999999890861e+03,9.251059519772020234e-01,1.032543801845130399e-19,1.354714504074327350e+08,1.189419594191369601e+07
7.209999999999890861e+03,9.252505296131845469e-01,1.032543721610956805e-19,1.356836070152903497e+08,1.190149965826675668e+07
7.219999999999890861e+03,9.253951068726589124e-01,1.032543648107911014e-19,1.358957821718270183e+08,1.190878082741909474e+07
7.229999999999889951e+03,9.255396837557253731e-01,1.032543581307140671e-19,1.361079757037893236e+08,1.191603908280680515e+07
7.239999999999889951e+03,9.256842602647701312e-01,1.032543521175960939e-19,1.363201874381923378e+08,1.192327407211308368e+07
7.249999999999889951e+03,9.258288364022773109e-01,1.032543467678774974e-19,1.365324172023241818e+08,1.193048546054779179e+07
7.259999999999889951e+03,9.259734121658930173e-01,1.032543420775465175e-19,1.367446648237508237e+08,1.193767292344629019e+07
7.269999999999889042e+03,9.261179875573281040e-01,1.032543380422690414e-19,1.369569301303217411e+08,1.194483615137639269e+07
7.279999999999889042e+03,9.262625625774634219e-01,1.032543346573302842e-19,1.371692129501736164e+08,1.195197484763589688e+07
7.289999999999889042e+03,9.264071372275343164e-01,1.032543319177093949e-19,1.373815131117357314e+08,1.195908873030457832e+07
7.299999999999889042e+03,9.265517115063321985e-01,1.032543298179032331e-19,1.375938304437340200e+08,1.196617752388716303e+07
7.309999999999889042e+03,9.266962854181657328e-01,1.032543283521778600e-19,1.378061647751961052e+08,1.197324097160103172e+07
7.319999999999888132e+03,9.268408589599539393e-01,1.032543275143249803e-19,1.380185159354550242e+08,1.198027882244726643e+07
7.329999999999888132e+03,9.269854321361772342e-01,1.032543272978442194e-19,1.382308837541539967e+08,1.198729083908974007e+07
7.339999999999888132e+03,9.271300049469243243e-01,1.032543276958088257e-19,1.384432680612505674e+08,1.199427679252927750e+07
7.349999999999888132e+03,9.272745773923992685e-01,1.032543287009493405e-19,1.386556686870204508e+08,1.200123646444991231e+07
7.359999999999887223e+03,9.274191494762230592e-01,1.032543303056510341e-19,1.388680854620617628e+08,1.200816964719308913e+07
7.369999999999887223e+03,9.275637211965488405e-01,1.032543325018168275e-19,1.390805182172991335e+08,1.201507613736201823e+07
7.379999999999887223e+03,9.277082925574089423e-01,1.032543352810962135e-19,1.392929667839871645e+08,1.202195574582282640e+07
7.389999999999887223e+03,9.278528635575193917e-01,1.032543386346739580e-19,1.395054309937146306e+08,1.202880828687694855e+07
7.399999999999886313e+03,9.279974341998138421e-01,1.032543425533908918e-19,1.397179106784081161e+08,1.203563358588488027e+07
7.409999999999886313e+03,9.281420044860033691e-01,1.032543470276466033e-19,1.399304056703354120e+08,1.204243147071061097e+07
7.419999999999886313e+03,9.282865744190984536e-01,1.032543520474824457e-19,1.401429158021094799e+08,1.204920178048005328e+07
7.429999999999886313e+03,9.284311439986464576e-01,1.032543576025520346e-19,1.403554409066919386e+08,1.205594435895368271e+07
7.439999999999885404e+03,9.285757132259699898e-01,1.032543636820320287e-19,1.405679808173961043e+08,1.206265905340379290e+07
7.449999999999885404e+03,9.287202821026621091e-01,1.032543702747240844e-19,1.407805353678909242e+08,1.206934571906889416e+07
7.459999999999885404e+03,9.288648506333976318e-01,1.032543773690415422e-19,1.409931043922037780e+08,1.207600421619353443e+07
7.469999999999885404e+03,9.290094188169257805e-01,1.032543849528719882e-19,1.412056877247239053e+08,1.208263440648635663e+07
7.479999999999885404e+03,9.291539866572654516e-01,1.032543930137379359e-19,1.414182852002061009e+08,1.208923615890784748e+07
7.489999999999884494e+03,9.292985541558105300e-01,1.032544015386803204e-19,1.416308966537728012e+08,1.209580934385784715e+07
7.499999999999884494e+03,9.294431213160971872e-01,1.032544105142804777e-19,1.418435219209180176e+08,1.210235383530842885e+07
7.509999999999884494e+03,9.295876881365212618e-01,1.032544199266484324e-19,1.420561608375099301e+08,1.210886950935474597e+07
7.519999999999884494e+03,9.297322546248162345e-01,1.032544297614820963e-19,1.422688132397937477e+08,1.211535624689731933e+07
7.529999999999883585e+03,9.298768207806309416e-01,1.032544400038389374e-19,1.424814789643945694e+08,1.212181392562577687e+07
7.539999999999883585e+03,9.300213866055733192e-01,1.032544506384930711e-19,1.426941578483203351e+08,1.212824243066443503e+07
7.549999999999883585e+03,9.301659521046461432e-01,1.032544616495490393e-19,1.429068497289643884e+08,1.213464164400935918e+07
7.559999999999883585e+03,9.303105172806238610e-01,1.032544730207079856e-19,1.431195544441080093e+08,1.214101145021301508e+07
7.569999999999882675e+03,9.304550821331021293e-01,1.032544847350598480e-19,1.433322718319232166e+08,1.214735173327946849e+07
7.579999999999882675e+03,9.305996466689403501e-01,1.032544967753326821e-19,1.435450017309750617e+08,1.215366238101621717e+07
7.589999999999882675e+03,9.307442108905429334e-01,1.032545091235690931e-19,1.437577439802241027e+08,1.215994327691849321e+07
7.599999999999882675e+03,9.308887747987906192e-01,1.032545217613595498e-19,1.439704984190289080e+08,1.216619430627343059e+07
7.609999999999881766e+03,9.310333383989004563e-01,1.032545346697589203e-19,1.441832648871483803e+08,1.217241535548825003e+07
7.619999999999881766e+03,9.311779016941790221e-01,1.032545478292335924e-19,1.443960432247434855e+08,1.217860630796576105e+07
7.629999999999881766e+03,9.313224646893212277e-01,1.032545612198269838e-19,1.446088332723802626e+08,1.218476705004491284e+07
7.639999999999881766e+03,9.314670273866511030e-01,1.032545748208876606e-19,1.448216348710313737e+08,1.219089746386869065e+07
7.649999999999881766e+03,9.316115897901031673e-01,1.032545886112669501e-19,1.450344478620782495e+08,1.219699743201004900e+07
7.659999999999880856e+03,9.317561519039315732e-01,1.032546025693567968e-19,1.452472720873131752e+08,1.220306683907492459e+07
7.669999999999880856e+03,9.319007137334978097e-01,1.032546166728227330e-19,1.454601073889415264e+08,1.220910556370346248e+07
7.679999999999880856e+03,9.320452752798937812e-01,1.032546308989113047e-19,1.456729536095831096e+08,1.221511348731887713e+07
7.689999999999880856e+03,9.321898365513613394e-01,1.032546452242725252e-19,1.458858105922743976e+08,1.222109049011005089e+07
7.699999999999879947e+03,9.323343975516904525e-01,1.032546596249558667e-19,1.460986781804700494e+08,1.222703644871548936e+07
7.709999999999879947e+03,9.324789582830868007e-01,1.032546740764678578e-19,1.463115562180449069e+08,1.223295124100699089e+07
7.719999999999879947e+03,9.326235187517063485e-01,1.032546885537409314e-19,1.465244445492956042e+08,1.223883474197865278e+07
7.729999999999879947e+03,9.327680789631209723e-01,1.032547030311975100e-19,1.467373430189422369e+08,1.224468682790259644e+07
7.739999999999879037e+03,9.329126389242380357e-01,1.032547174826179231e-19,1.469502514721295834e+08,1.225050737058137730e+07
7.749999999999879037e+03,9.330571986343407787e-01,1.032547318811849325e-19,1.471631697544291914e+08,1.225629624033096433e+07
7.759999999999879037e+03,9.332017581051803568e-01,1.032547461996112283e-19,1.473760977118403018e+08,1.226205330982773192e+07
7.769999999999879037e+03,9.333463173411413738e-01,1.032547604099226902e-19,1.475890351907917559e+08,1.226777844494210742e+07
7.779999999999878128e+03,9.334908763438263257e-01,1.032547744835937078e-19,1.478019820381428897e+08,1.227347151215422899e+07
7.789999999999878128e+03,9.336354351249842587e-01,1.032547883915379601e-19,1.480149381011854112e+08,1.227913237637228891e+07
7.799999999999878128e+03,9.337799936856852057e-01,1.032548021040406472e-19,1.482279032276441157e+08,1.228476089898378775e+07
7.809999999999878128e+03,9.339245520356620478e-01,1.032548155906838242e-19,1.484408772656785250e+08,1.229035693735555187e+07
7.819999999999878128e+03,9.340691101770575155e-01,1.032548288206213637e-19,1.486538600638836920e+08,1.229592034947118722e+07
7.829999999999877218e+03,9.342136681228484507e-01,1.032548417622607322e-19,1.488668514712916017e+08,1.230145098876088299e+07
7.839999999999877218e+03,9.343582258718114986e-01,1.032548543832943225e-19,1.490798513373720348e+08,1.230694870178363100e+07
7.849999999999877218e+03,9.345027834382066967e-01,1.032548666509629691e-19,1.492928595120338500e+08,1.231241333749391697e+07
7.859999999999877218e+03,9.346473408250992598e-01,1.032548785316351202e-19,1.495058758456256986e+08,1.231784473582292907e+07
7.869999999999876309e+03,9.347918980400933275e-01,1.032548899911009878e-19,1.497189001889371276e+08,1.232324273438478447e+07
7.879999999999876309e+03,9.349364550900384208e-01,1.032549009943701443e-19,1.499319323931993544e+08,1.232860716273433156e+07
7.889999999999876309e+03,9.350810119866452830e-01,1.032549115058018719e-19,1.501449723100861907e+08,1.233393784979700111e+07
7.899999999999876309e+03,9.352255687338393297e-01,1.032549214889268934e-19,1.503580197917148471e+08,1.233923461413509399e+07
7.909999999999875399e+03,9.353701253415649397e-01,1.032549309065060774e-19,1.505710746906466782e+08,1.234449726929321140e+07
7.919999999999875399e+03,9.355146818172243028e-01,1.032549397204827354e-19,1.507841368598881662e+08,1.234972562127741240e+07
7.929999999999875399e+03,9.356592381679930126e-01,1.032549478919620140e-19,1.509972061528916061e+08,1.235491946781072393e+07
7.939999999999875399e+03,9.358037944036189382e-01,1.032549553811682958e-19,1.512102824235550761e+08,1.236007859878951684e+07
7.949999999999874490e+03,9.359483505390910896e-01,1.032549621473842682e-19,1.514233655262241960e+08,1.236520279481888749e+07
7.959999999999874490e+03,9.360929065749871159e-01,1.032549681490072443e-19,1.516364553156919181e+08,1.237029182672228850e+07
7.969999999999874490e+03,9.362374625263858441e-01,1.032549733433221082e-19,1.518495516471997499e+08,1.237534545359067619e+07
7.979999999999874490e+03,9.363820184007569658e-01,1.032549776866752141e-19,1.520626543764380217e+08,1.238036342435220443e+07
7.989999999999874490e+03,9.365265742097585999e-01,1.032549811343162558e-19,1.522757633595465124e+08,1.238534547571783885e+07
7.999999999999873580e+03,9.366711299661854007e-01,1.032549836404164783e-19,1.524888784531149268e+08,1.239029133320959657e+07
8.009999999999873580e+03,9.368156856768911078e-01,1.032549851577792350e-19,1.527019995141836405e+08,1.239520070303528570e+07
8.019999999999873580e+03,9.369602413555455644e-01,1.032549856382941459e-19,1.529151264002443850e+08,1.240007328511802293e+07
8.029999999999873580e+03,9.371047970141410666e-01,1.032549850323878345e-19,1.531282589692401290e+08,1.240490875909258053e+07
8.039999999999872671e+03,9.372493526654290807e-01,1.032549832892465289e-19,1.533413970795660019e+08,1.240970679088302515e+07
8.049999999999872671e+03,9.373939083215172552e-01,1.032549803567172018e-19,1.535545405900698006e+08,1.241446702871334367e+07
8.059999999999872671e+03,9.375384639936121811e-01,1.032549761811314561e-19,1.537676893600522578e+08,1.241918910299629718e+07
8.069999999999872671e+03,9.376830196973934273e-01,1.032549707075709299e-19,1.539808432492674887e+08,1.242387262889555842e+07
8.079999999999871761e+03,9.378275754473162085e-01,1.032549638794505617e-19,1.541940021179234982e+08,1.242851719985072501e+07
8.089999999999871761e+03,9.379721312572207870e-01,1.032549556387081739e-19,1.544071658266822696e+08,1.243312239114418253e+07
8.099999999999871761e+03,9.381166871420618669e-01,1.032549459257206345e-19,1.546203342366605997e+08,1.243768775787378103e+07
8.109999999999871761e+03,9.382612431153487531e-01,1.032549346790568091e-19,1.548335072094298601e+08,1.244221283161399700e+07
8.119999999999871761e+03,9.384057991986529679e-01,1.032549218357918597e-19,1.550466846070167720e+08,1.244669712557034940e+07
8.129999999999870852e+03,9.385503554021372707e-01,1.032549073310480918e-19,1.552598662919031680e+08,1.245114012546702102e+07
8.139999999999870852e+03,9.386949117479179705e-01,1.032548910983259610e-19,1.554730521270264387e+08,1.245554129817932472e+07
8.149999999999870852e+03,9.388394682516251200e-01,1.032548730691414690e-19,1.556862419757798612e+08,1.245990008250908926e+07
8.159999999999870852e+03,9.389840249346859125e-01,1.032548531732013143e-19,1.558994357020122707e+08,1.246421589460454322e+07
8.169999999999869942e+03,9.391285818071855029e-01,1.032548313380467163e-19,1.561126331700287461e+08,1.246848811895746924e+07
8.179999999999869942e+03,9.392731389033701639e-01,1.032548074894799719e-19,1.563258342445901334e+08,1.247271611995904706e+07
8.189999999999869942e+03,9.394176962329348068e-01,1.032547815510201160e-19,1.565390387909130752e+08,1.247689922820319049e+07
8.199999999999869033e+03,9.395622538206480634e-01,1.032547534440780967e-19,1.567522466746701896e+08,1.248103674610269442e+07
8.209999999999869033e+03,9.397068116892073331e-01,1.032547230879649604e-19,1.569654577619899809e+08,1.248512794715471193e+07
8.219999999999869033e+03,9.398513698573867092e-01,1.032546903995809105e-19,1.571786719194563031e+08,1.248917207053772919e+07
8.229999999999869033e+03,9.399959283541834409e-01,1.032546552936668221e-19,1.573918890141082406e+08,1.249316832525399886e+07
8.239999999999869033e+03,9.401404872019445413e-01,1.032546176824584526e-19,1.576051089134401679e+08,1.249711588435508311e+07
8.249999999999869033e+03,9.402850464258956098e-01,1.032545774757931270e-19,1.578183314854009748e+08,1.250101388647242263e+07
8.259999999999869033e+03,9.404296060505910049e-01,1.032545345809437822e-19,1.580315565983937681e+08,1.250486143175505102e+07
8.269999999999869033e+03,9.405741661042941182e-01,1.032544889026763364e-19,1.582447841212756336e+08,1.250865758434401266e+07
8.279999999999867214e+03,9.407187266158247851e-01,1.032544403429991006e-19,1.584580139233566225e+08,1.251240136717318930e+07
8.289999999999867214e+03,9.408632876132385636e-01,1.032543888012709086e-19,1.586712458743993640e+08,1.251609176322880387e+07
8.299999999999867214e+03,9.410078491256038680e-01,1.032543341740390610e-19,1.588844798446184397e+08,1.251972771101945639e+07
8.309999999999867214e+03,9.411524111842459739e-01,1.032542763547986571e-19,1.590977157046793997e+08,1.252330810374452919e+07
8.319999999999867214e+03,9.412969738227316974e-01,1.032542152343619753e-19,1.593109533256982267e+08,1.252683179064647481e+07
8.329999999999867214e+03,9.414415370729256605e-01,1.032541507002993645e-19,1.595241925792399645e+08,1.253029757030728087e+07
8.339999999999867214e+03,9.415861009688122341e-01,1.032540826370580493e-19,1.597374333373176157e+08,1.253370418986060657e+07
8.349999999999867214e+03,9.417306655495475409e-01,1.032540109260277804e-19,1.599506754723917246e+08,1.253705034758728370e+07
8.359999999999865395e+03,9.418752308453294253e-01,1.032539354451343911e-19,1.601639188573680222e+08,1.254033468250423670e+07
8.369999999999865395e+03,9.420197968967360946e-01,1.032538560689672455e-19,1.603771633655976951e+08,1.254355577766124532e+07
8.379999999999865395e+03,9.421643637452106201e-01,1.032537726687952001e-19,1.605904088708737493e+08,1.254671215891806036e+07
8.389999999999865395e+03,9.423089314268944250e-01,1.032536851121610267e-19,1.608036552474313080e+08,1.254980228599720635e+07
8.399999999999865395e+03,9.424534999889164766e-01,1.032535932630100525e-19,1.610169023699451387e+08,1.255282455501013808e+07
8.409999999999865395e+03,9.425980694705193841e-01,1.032534969816950833e-19,1.612301501135282516e+08,1.255577729590944014e+07
8.419999999999865395e+03,9.427426399169316351e-01,1.032533961246576141e-19,1.614433983537297249e+08,1.255865876627114974e+07
8.429999999999865395e+03,9.428872113749371398e-01,1.032532905444504826e-19,1.616566469665324390e+08,1.256146714932808653e+07
8.439999999999865395e+03,9.430317838945820874e-01,1.032531800898718297e-19,1.618698958283515573e+08,1.256420055518833175e+07
8.449999999999863576e+03,9.431763575192793070e-01,1.032530646054454719e-19,1.620831448160319030e+08,1.256685700923437998e+07
8.459999999999863576e+03,9.433209323056324092e-01,1.032529439319029008e-19,1.622963938068454564e+08,1.256943445820358768e+07
8.469999999999863576e+03,9.434655083027505551e-01,1.032528179056949160e-19,1.625096426784891784e+08,1.257193075950127281e+07
8.479999999999863576e+03,9.436100855668050347e-01,1.032526863592416706e-19,1.627228913090814352e+08,1.257434368379244953e+07
8.489999999999863576e+03,9.437546641507773559e-01,1.032525491209278445e-19,1.629361395771600604e+08,1.257667090827550739e+07
8.499999999999863576e+03,9.438992441140815481e-01,1.032524060147754408e-19,1.631493873616783023e+08,1.257891001310236380e+07
8.509999999999863576e+03,9.440438255160665815e-01,1.032522568610712421e-19,1.633626345420020521e+08,1.258105848398698494e+07
8.519999999999863576e+03,9.441884084159972712e-01,1.032521014758858330e-19,1.635758809979054332e+08,1.258311370158516802e+07
8.529999999999861757e+03,9.443329928785199057e-01,1.032519396715646646e-19,1.637891266095675230e+08,1.258507294617646933e+07
8.539999999999861757e+03,9.444775789655538434e-01,1.032517712567238894e-19,1.640023712575669587e+08,1.258693339087415673e+07
8.549999999999861757e+03,9.446221667447209924e-01,1.032515960365639150e-19,1.642156148228776753e+08,1.258869210419412144e+07
8.559999999999861757e+03,9.447667562821034926e-01,1.032514138130168094e-19,1.644288571868632734e+08,1.259034604409939423e+07
8.569999999999861757e+03,9.449113476440440529e-01,1.032512243853134278e-19,1.646420982312708497e+08,1.259189206398184225e+07
8.579999999999861757e+03,9.450559409053732596e-01,1.032510275502920547e-19,1.648553378382242024e+08,1.259332690981280431e+07
8.589999999999861757e+03,9.452005361352041612e-01,1.032508231028306909e-19,1.650685758902159333e+08,1.259464722030932456e+07
8.599999999999861757e+03,9.453451334065205991e-01,1.032506108364459572e-19,1.652818122700881958e+08,1.259584953034991957e+07
8.609999999999861757e+03,9.454897327911930827e-01,1.032503905452017519e-19,1.654950468608803153e+08,1.259693028913354501e+07
8.619999999999859938e+03,9.456343343645150501e-01,1.032501620234550033e-19,1.657082795438156724e+08,1.259788584091650695e+07
8.629999999999859938e+03,9.457789381934617046e-01,1.032499250844031094e-19,1.659215102108820081e+08,1.259871277395712957e+07
8.639999999999859938e+03,9.459235443542468591e-01,1.032496795087210841e-19,1.661347387406308949e+08,1.259940700458261743e+07
8.649999999999859938e+03,9.460681529290835279e-01,1.032494250905535580e-19,1.663479650120110214e+08,1.259996452156864852e+07
8.659999999999859938e+03,9.462127639803761259e-01,1.032491616605373814e-19,1.665611889178823531e+08,1.260038181679009646e+07
8.669999999999859938e+03,9.463573775816295219e-01,1.032488890255129273e-19,1.667744103409802914e+08,1.260065483090544119e+07
8.679999999999859938e+03,9.465019938012031453e-01,1.032486070089218317e-19,1.669876291664482057e+08,1.260077962579978816e+07
8.689999999999859938e+03,9.466466127052672874e-01,1.032483154480337757e-19,1.672008452798184156e+08,1.260075233068739623e+07
8.699999999999858119e+03,9.467912343562374655e-01,1.032480141941866480e-19,1.674140585668469071e+08,1.260056913788140565e+07
8.709999999999858119e+03,9.469358588099958673e-01,1.032477031150306152e-19,1.676272689134805202e+08,1.260022633181323856e+07
8.719999999999858119e+03,9.470804861200412539e-01,1.032473820974475541e-19,1.678404762058325410e+08,1.259972033279918134e+07
8.729999999999858119e+03,9.472251163337912505e-01,1.032470510503346951e-19,1.680536803301565945e+08,1.259904773938553594e+07
8.739999999999858119e+03,9.473697494895559901e-01,1.032467099073049681e-19,1.682668811728201807e+08,1.259820536937011778e+07
8.749999999999858119e+03,9.475143856176175827e-01,1.032463586298449863e-19,1.684800786202763617e+08,1.259719031502052210e+07
8.759999999999858119e+03,9.476590247416384338e-01,1.032459972092440695e-19,1.686932725590341091e+08,1.259599997822474688e+07
8.769999999999858119e+03,9.478036668709362011e-01,1.032456256693738546e-19,1.689064628756293356e+08,1.259463212321101315e+07
8.779999999999858119e+03,9.479483120079565950e-01,1.032452440684799037e-19,1.691196494565933347e+08,1.259308491690718755e+07
8.789999999999856300e+03,9.480929601432315224e-01,1.032448525005223084e-19,1.693328321884230077e+08,1.259135696349063888e+07
8.799999999999856300e+03,9.482376112557139303e-01,1.032444510965191578e-19,1.695460109575500786e+08,1.258944734436671063e+07
8.809999999999856300e+03,9.483822653139517556e-01,1.032440400252773327e-19,1.697591856503105462e+08,1.258735564549109340e+07
8.819999999999856300e+03,9.485269222698784475e-01,1.032436194936911213e-19,1.699723561529161036e+08,1.258508198904181831e+07
8.829999999999856300e+03,9.486715820642747099e-01,1.032431897464073961e-19,1.701855223514249325e+08,1.258262704642873816e+07
8.839999999999856300e+03,9.488162446276002804e-01,1.032427510657335425e-19,1.703986841317147613e+08,1.257999207103728130e+07
8.849999999999856300e+03,9.489609098840188217e-01,1.032423037701509176e-19,1.706118413794575036e+08,1.257717889819173515e+07
8.859999999999856300e+03,9.491055777315855480e-01,1.032418482129723927e-19,1.708249939800953567e+08,1.257418995504255779e+07
8.869999999999854481e+03,9.492502480656745956e-01,1.032413847803357394e-19,1.710381418188193142e+08,1.257102826231632382e+07
8.879999999999854481e+03,9.493949207723838546e-01,1.032409138888390685e-19,1.712512847805504501e+08,1.256769742624056526e+07
8.889999999999854481e+03,9.495395957303938150e-01,1.032404359822731653e-19,1.714644227499236465e+08,1.256420161947377585e+07
8.899999999999854481e+03,9.496842727993977107e-01,1.032399515286297858e-19,1.716775556112738550e+08,1.256054556075394899e+07
8.909999999999854481e+03,9.498289518385178987e-01,1.032394610160019180e-19,1.718906832486268580e+08,1.255673448131836578e+07
8.919999999999854481e+03,9.499736327046126583e-01,1.032389649484614005e-19,1.721038055456926227e+08,1.255277408176744916e+07
8.929999999999854481e+03,9.501183152388859021e-01,1.032384638414425533e-19,1.723169223858629167e+08,1.254867047956939973e+07
8.939999999999854481e+03,9.502629992897092537e-01,1.032379582168010116e-19,1.725300336522121429e+08,1.254443014937650226e+07
8.949999999999854481e+03,9.504076846991945660e-01,1.032374485977364808e-19,1.727431392275036871e+08,1.254005985082439706e+07
8.959999999999852662e+03,9.505523713093544380e-01,1.032369355033843285e-19,1.729562389941988885e+08,1.253556655067603104e+07
8.969999999999852662e+03,9.506970589646899228e-01,1.032364194433965828e-19,1.731693328344709873e+08,1.253095733095142990e+07
8.979999999999852662e+03,9.508417475126977880e-01,1.032359009127809099e-19,1.733824206302234232e+08,1.252623930167392641e+07
8.989999999999852662e+03,9.509864368084508524e-01,1.032353803865140406e-19,1.735955022631114125e+08,1.252141949795889482e+07
8.999999999999852662e+03,9.511311267084400223e-01,1.032348583150925715e-19,1.738085776145679653e+08,1.251650478723885119e+07
9.009999999999852662e+03,9.512758170828486959e-01,1.032343351203751105e-19,1.740216465658326149e+08,1.251150177558961324e+07
9.019999999999852662e+03,9.514205078133335380e-01,1.032338111922089385e-19,1.742347089979832470e+08,1.250641672339397855e+07
9.029999999999852662e+03,9.515651987854478744e-01,1.032332868862865701e-19,1.744477647919700146e+08,1.250125547419314831e+07
9.039999999999850843e+03,9.517098898954248209e-01,1.032327625230191560e-19,1.746608138286503553e+08,1.249602340548926406e+07
9.049999999999850843e+03,9.518545810552149211e-01,1.032322383884036820e-19,1.748738559888252318e+08,1.249072541342278011e+07
9.059999999999850843e+03,9.519992721857346574e-01,1.032317147352515672e-19,1.750868911532734931e+08,1.248536590739293210e+07
9.069999999999850843e+03,9.521439632149095722e-01,1.032311917858657671e-19,1.752999192027864456e+08,1.247994883962931857e+07
9.079999999999850843e+03,9.522886540828949808e-01,1.032306697349572214e-19,1.755129400181998909e+08,1.247447774728967994e+07
9.089999999999850843e+03,9.524333447324566659e-01,1.032301487523209934e-19,1.757259534804243743e+08,1.246895578895149939e+07
9.099999999999850843e+03,9.525780351175008320e-01,1.032296289856185775e-19,1.759389594704732001e+08,1.246338579372197576e+07
9.109999999999850843e+03,9.527227251977774536e-01,1.032291105621332032e-19,1.761519578694877028e+08,1.245777028446671739e+07
9.119999999999850843e+03,9.528674149349156686e-01,1.032285935895802423e-19,1.763649485587610900e+08,1.245211148285870440e+07
9.129999999999849024e+03,9.530121043007138137e-01,1.032280781559098979e-19,1.765779314197598100e+08,1.244641129522673413e+07
9.139999999999849024e+03,9.531567932714136715e-01,1.032275643272367087e-19,1.767909063341428638e+08,1.244067125016479939e+07
9.149999999999849024e+03,9.533014818319629491e-01,1.032270521465484304e-19,1.770038731837803125e+08,1.243489243804861605e+07
9.159999999999849024e+03,9.534461699716001437e-01,1.032265416341662477e-19,1.772168318507679105e+08,1.242907546745664626e+07
9.169999999999849024e+03,9.535908576856459984e-01,1.032260327898664159e-19,1.774297822174381018e+08,1.242322046572333388e+07
9.179999999999849024e+03,9.537355449827251697e-01,1.032255255966948413e-19,1.776427241663655937e+08,1.241732713252839632e+07
9.189999999999849024e+03,9.538802318614711950e-01,1.032250200256489326e-19,1.778556575803660154e+08,1.241139482324316539e+07
9.199999999999849024e+03,9.540249183396019017e-01,1.032245160411933567e-19,1.780685823424894214e+08,1.240542266890438832e+07
9.209999999999847205e+03,9.541696044285602474e-01,1.032240136059977771e-19,1.782814983360040486e+08,1.239940968735797703e+07
9.219999999999847205e+03,9.543142901315526672e-01,1.032235126849504207e-19,1.784944054443773627e+08,1.239335488552728668e+07
9.229999999999847205e+03,9.544589754645800284e-01,1.032230132484020173e-19,1.787073035512474477e+08,1.238725735633688048e+07
9.239999999999847205e+03,9.546036604324278363e-01,1.032225152734914053e-19,1.789201925403917432e+08,1.238111631616657786e+07
9.249999999999847205e+03,9.547483450410889638e-01,1.032220187449270981e-19,1.791330722956897914e+08,1.237493113563136198e+07
9.259999999999847205e+03,9.548930292919051155e-01,1.032215236544727601e-19,1.793459427010833025e+08,1.236870132624207251e+07
9.269999999999847205e+03,9.550377131890007698e-01,1.032210299995209468e-19,1.795588036405332088e+08,1.236242650402139500e+07
9.279999999999847205e+03,9.551823967323942455e-01,1.032205377809002296e-19,1.797716549979740977e+08,1.235610632290288992e+07
9.289999999999847205e+03,9.553270799234271360e-01,1.032200469993272469e-19,1.799844966572680473e+08,1.234974036571438983e+07
9.299999999999845386e+03,9.554717627703616101e-01,1.032195576516095290e-19,1.801973285021581054e+08,1.234332802257509716e+07
9.309999999999845386e+03,9.556164452749926763e-01,1.032190697255620784e-19,1.804101504162221551e+08,1.233686831473647989e+07
9.319999999999845386e+03,9.557611274564250525e-01,1.032185831955183156e-19,1.806229622828272581e+08,1.233035972847287171e+07
9.329999999999845386e+03,9.559058093340266904e-01,1.032180980181865012e-19,1.808357639850861728e+08,1.232380003889143839e+07
9.339999999999845386e+03,9.560504909369320625e-01,1.032176141303278828e-19,1.810485554058150351e+08,1.231718617488945834e+07
9.349999999999845386e+03,9.561951723028028205e-01,1.032171314495351320e-19,1.812613364274906814e+08,1.231051416957574151e+07
9.359999999999845386e+03,9.563398534771230253e-01,1.032166498787476509e-19,1.814741069322089255e+08,1.230377922514251620e+07
9.369999999999845386e+03,9.564845345079633354e-01,1.032161693148611893e-19,1.816868668016396463e+08,1.229697592100199126e+07
9.379999999999843567e+03,9.566292154457256558e-01,1.032156896615309572e-19,1.818996159169793427e+08,1.229009859244498610e+07
9.389999999999843567e+03,9.567738963330343349e-01,1.032152108436770914e-19,1.821123541588996649e+08,1.228314181814573333e+07
9.399999999999843567e+03,9.569185772056828521e-01,1.032147328222630264e-19,1.823250814074923992e+08,1.227610099281690829e+07
9.409999999999843567e+03,9.570632580813566159e-01,1.032142556060375876e-19,1.825377975422124863e+08,1.226897286494873092e+07
9.419999999999843567e+03,9.572079389577250463e-01,1.032137792588634084e-19,1.827505024418222606e+08,1.226175598624116369e+07
9.429999999999843567e+03,9.573526198128912146e-01,1.032133039013579423e-19,1.829631959843392372e+08,1.225445099245635234e+07
9.439999999999843567e+03,9.574973006032760914e-01,1.032128297077834233e-19,1.831758780469915569e+08,1.224706070751095004e+07
9.449999999999843567e+03,9.576419812694642042e-01,1.032123568992787026e-19,1.833885485061829388e+08,1.223959009712583572e+07
9.459999999999843567e+03,9.577866617315109465e-01,1.032118857347672824e-19,1.836012072374677658e+08,1.223204609363108501e+07
9.469999999999841748e+03,9.579313419019821474e-01,1.032114165013957962e-19,1.838138541155394316e+08,1.222443736801613681e+07
9.479999999999841748e+03,9.580760216799771856e-01,1.032109495050571211e-19,1.840264890142290592e+08,1.221677406503156200e+07
9.489999999999841748e+03,9.582207009628171956e-01,1.032104850618774186e-19,1.842391118065150976e+08,1.220906754641331732e+07
9.499999999999841748e+03,9.583653796403419634e-01,1.032100234907293585e-19,1.844517223645433486e+08,1.220133014055268094e+07
9.509999999999841748e+03,9.585100576062751676e-01,1.032095651072653598e-19,1.846643205596554279e+08,1.219357493126336671e+07
9.519999999999841748e+03,9.586547347538858510e-01,1.032091102189978260e-19,1.848769062624251544e+08,1.218581556013095938e+07
9.529999999999841748e+03,9.587994109745318072e-01,1.032086591215359508e-19,1.850894793427022099e+08,1.217806606146173552e+07
9.539999999999841748e+03,9.589440861706528541e-01,1.032082120958689891e-19,1.853020396696615815e+08,1.217034071761549823e+07
9.549999999999839929e+03,9.590887602444782001e-01,1.032077694064032405e-19,1.855145871118584573e+08,1.216265393409753591e+07
9.559999999999839929e+03,9.592334331070101472e-01,1.032073312997533004e-19,1.857271215372882485e+08,1.215502013359869644e+07
9.569999999999839929e+03,9.593781046769165322e-01,1.032068980040248788e-19,1.859396428134509921e+08,1.214745366298431717e+07
9.579999999999839929e+03,9.595227748760620790e-01,1.032064697284225252e-19,1.861521508074203730e+08,1.213996870919562690e+07
9.589999999999839929e+03,9.596674436250991480e-01,1.032060466631341569e-19,1.863646453859171569e+08,1.213257922610594891e+07
9.599999999999839929e+03,9.598121108676733737e-01,1.032056289794125617e-19,1.865771264153870940e+08,1.212529887176163308e+07
9.609999999999839929e+03,9.599567765431962219e-01,1.032052168294029431e-19,1.867895937620828450e+08,1.211814093749661371e+07
9.619999999999839929e+03,9.601014405978250954e-01,1.032048103463082495e-19,1.870020472921516597e+08,1.211111829720872827e+07
9.629999999999839929e+03,9.602461029892817024e-01,1.032044096441690763e-19,1.872144868717269301e+08,1.210424334630339406e+07
9.639999999999838110e+03,9.603907636774524637e-01,1.032040148176771515e-19,1.874269123670255840e+08,1.209752794611009583e+07
9.649999999999838110e+03,9.605354226311063615e-01,1.032036259420629821e-19,1.876393236444494426e+08,1.209098338177414797e+07
9.659999999999838110e+03,9.606800798203641856e-01,1.032032430727973348e-19,1.878517205706920624e+08,1.208462030713595822e+07
9.669999999999838110e+03,9.608247352257133223e-01,1.032028662455693646e-19,1.880641030128491223e+08,1.207844871402855031e+07
9.679999999999838110e+03,9.609693888316215293e-01,1.032024954761690128e-19,1.882764708385327458e+08,1.207247789223913476e+07
9.689999999999838110e+03,9.611140406314873097e-01,1.032021307607955168e-19,1.884888239159885049e+08,1.206671640947153419e+07
9.699999999999838110e+03,9.612586906148320454e-01,1.032017720763628748e-19,1.887011621142151058e+08,1.206117209204521589e+07
9.709999999999838110e+03,9.614033387807450204e-01,1.032014193812082026e-19,1.889134853030832708e+08,1.205585201867649704e+07
9.719999999999838110e+03,9.615479851392134680e-01,1.032010726160515330e-19,1.891257933534559906e+08,1.205076252936318889e+07
9.729999999999836291e+03,9.616926296916566974e-01,1.032007317049724668e-19,1.893380861373054981e+08,1.204590922470641136e+07
9.739999999999836291e+03,9.618372724495519721e-01,1.032003965569072345e-19,1.895503635278292894e+08,1.204129699647993408e+07
9.749999999999836291e+03,9.619819134296843099e-01,1.032000670671349841e-19,1.897626253995589614e+08,1.203693005066768266e+07
9.759999999999836291e+03,9.621265526455726746e-01,1.031997431189537259e-19,1.899748716284665167e+08,1.203281194121219963e+07
9.769999999999836291e+03,9.622711901149392233e-01,1.031994245854767673e-19,1.901871020920617282e+08,1.202894560940761305e+07
9.779999999999836291e+03,9.624158258592927506e-01,1.031991113314773689e-19,1.903993166694832146e+08,1.202533342749552056e+07
9.789999999999836291e+03,9.625604598976600368e-01,1.031988032151747431e-19,1.906115152415807545e+08,1.202197723933076672e+07
9.799999999999836291e+03,9.627050922534634569e-01,1.031985000902367206e-19,1.908236976909876466e+08,1.201887841758838668e+07
9.809999999999834472e+03,9.628497229477070984e-01,1.031982018073990003e-19,1.910358639021840990e+08,1.201603790181161091e+07
9.819999999999834472e+03,9.629943520043766636e-01,1.031979082162287831e-19,1.912480137615507841e+08,1.201345625005862303e+07
9.829999999999834472e+03,9.631389794441079788e-01,1.031976191667222948e-19,1.914601471574111879e+08,1.201113368612525426e+07
9.839999999999834472e+03,9.632836052890230150e-01,1.031973345106754226e-19,1.916722639800650179e+08,1.200907014076401480e+07
9.849999999999834472e+03,9.634282295614347014e-01,1.031970541029835609e-19,1.918843641218110323e+08,1.200726529443427362e+07
9.859999999999834472e+03,9.635728522802144980e-01,1.031967778026592128e-19,1.920964474769618511e+08,1.200571860959127359e+07
9.869999999999834472e+03,9.637174734625970629e-01,1.031965054737156787e-19,1.923085139418479204e+08,1.200442936399567500e+07
9.879999999999834472e+03,9.638620931285712956e-01,1.031962369857801284e-19,1.925205634148154557e+08,1.200339667462334782e+07
9.889999999999834472e+03,9.640067112988119913e-01,1.031959722145176181e-19,1.927325957962161005e+08,1.200261951554199867e+07
9.899999999999832653e+03,9.641513279796470881e-01,1.031957110417455151e-19,1.929446109883901477e+08,1.200209672346607782e+07
9.909999999999832653e+03,9.642959431926234615e-01,1.031954533554855100e-19,1.931566088956448734e+08,1.200182700804938190e+07
9.919999999999832653e+03,9.644405569472143114e-01,1.031951990495578227e-19,1.933685894242283106e+08,1.200180893443471193e+07
9.929999999999832653e+03,9.645851692583116144e-01,1.031949480232557089e-19,1.935805524822990000e+08,1.200204091959971748e+07
9.939999999999832653e+03,9.647297801360346092e-01,1.031947001805850785e-19,1.937924979798929691e+08,1.200252120194164477e+07
9.949999999999832653e+03,9.648743895929428049e-01,1.031944554294564718e-19,1.940044258288892806e+08,1.200324781225730851e+07
9.959999999999832653e+03,9.650189976364624833e-01,1.031942136807460843e-19,1.942163359429745674e+08,1.200421853801093437e+07
9.969999999999832653e+03,9.651636042777540503e-01,1.031939748471865996e-19,1.944282282376063764e+08,1.200543087785913050e+07
9.979999999999830834e+03,9.653082095333034296e-01,1.031937388422685789e-19,1.946401026299776137e+08,1.200688199933899939e+07
9.989999999999830834e+03,9.654528134083596447e-01,1.031935055789254721e-19,1.948519590389809012e+08,1.200856868142256700e+07
9.999999999999830834e+03,9.655974159193896345e-01,1.031932749684031207e-19,1.950637973851747811e+08,1.201048727071587369e+07
1.000999999999983083e+04,9.657420170865786968e-01,1.031930469190649716e-19,1.952756175907498598e+08,1.201263363332059234e+07
1.001999999999983083e+04,9.658866169187264594e-01,1.031928213351694361e-19,1.954874195794984400e+08,1.201500310358729213e+07
1.002999999999983083e+04,9.660312154412498131e-01,1.031925981160124902e-19,1.956992032767836154e+08,1.201759045914606750e+07
1.003999999999983083e+04,9.661758126778779987e-01,1.031923771549642401e-19,1.959109686095127165e+08,1.202038988708958402e+07
1.004999999999983083e+04,9.663204086500833956e-01,1.031921583388622544e-19,1.961227155061098635e+08,1.202339497268217243e+07
1.005999999999983083e+04,9.664650033899488957e-01,1.031919415475960203e-19,1.963344438964915276e+08,1.202659870236007124e+07
1.006999999999982901e+04,9.666095969321384374e-01,1.031917266539371372e-19,1.965461537120431066e+08,1.202999348045642488e+07
1.007999999999982901e+04,9.667541893078845927e-01,1.031915135235916658e-19,1.967578448855968714e+08,1.203357116183638200e+07
1.008999999999982901e+04,9.668987805613666886e-01,1.031913020156066553e-19,1.969695173514111638e+08,1.203732310585623235e+07
1.009999999999982901e+04,9.670433707359129549e-01,1.031910919829163980e-19,1.971811710451499522e+08,1.204124024043798633e+07
1.010999999999982901e+04,9.671879598733199579e-01,1.031908832729508663e-19,1.973928059038636386e+08,1.204531312815507315e+07
1.011999999999982901e+04,9.673325480214255423e-01,1.031906757286364381e-19,1.976044218659706712e+08,1.204953205909608305e+07
1.012999999999982901e+04,9.674771352357758314e-01,1.031904691891392333e-19,1.978160188712389171e+08,1.205388712652111612e+07
1.013999999999982901e+04,9.676217215653968307e-01,1.031902634907540871e-19,1.980275968607684374e+08,1.205836830762027204e+07
1.014999999999982720e+04,9.677663070601316697e-01,1.031900584676276527e-19,1.982391557769738436e+08,1.206296553603929840e+07
1.015999999999982720e+04,9.679108917792402789e-01,1.031898539524995347e-19,1.984506955635679066e+08,1.206766877052826621e+07
1.016999999999982720e+04,9.680554757785688746e-01,1.031896497771651506e-19,1.986622161655446589e+08,1.207246804578679614e+07
1.017999999999982720e+04,9.682000591105222043e-01,1.031894457728698966e-19,1.988737175291630328e+08,1.207735351268277504e+07
1.018999999999982720e+04,9.683446418344432427e-01,1.031892417706409488e-19,1.990851996019317806e+08,1.208231547510445677e+07
1.019999999999982720e+04,9.684892240053172285e-01,1.031890376014415183e-19,1.992966623325932324e+08,1.208734441188104451e+07
1.020999999999982720e+04,9.686338056839477462e-01,1.031888330963000693e-19,1.995081056711075306e+08,1.209243099336710200e+07
1.021999999999982720e+04,9.687783869248172142e-01,1.031886280863075502e-19,1.997195295686372519e+08,1.209756609078362770e+07
1.022999999999982720e+04,9.689229677864805712e-01,1.031884224027909805e-19,1.999309339775311649e+08,1.210274078959269822e+07
1.023999999999982538e+04,9.690675483279130864e-01,1.031882158770984081e-19,2.001423188513074219e+08,1.210794638427457772e+07
1.024999999999982538e+04,9.692121286059633967e-01,1.031880083408140967e-19,2.003536841446364522e+08,1.211317439098682441e+07
1.025999999999982538e+04,9.693567086790498832e-01,1.031877996256553671e-19,2.005650298133220971e+08,1.211841654521147907e+07
1.026999999999982538e+04,9.695012886072558178e-01,1.031875895635883467e-19,2.007763558142814636e+08,1.212366480813330784e+07
1.027999999999982538e+04,9.696458684458473254e-01,1.031873779868371168e-19,2.009876621055231988e+08,1.212891136521506868e+07
1.028999999999982538e+04,9.697904482579584595e-01,1.031871647280650996e-19,2.011989486461219490e+08,1.213414863602179848e+07
1.029999999999982538e+04,9.699350280984559980e-01,1.031869496205227647e-19,2.014102153961919248e+08,1.213936927613644674e+07
1.030999999999982538e+04,9.700796080253518694e-01,1.031867324983200762e-19,2.016214623168557286e+08,1.214456618748899177e+07
1.031999999999982356e+04,9.702241880967734655e-01,1.031865131968042397e-19,2.018326893702096343e+08,1.214973252989641018e+07
1.032999999999982356e+04,9.703687683686730292e-01,1.031862915530075771e-19,2.020438965192845166e+08,1.215486173359476961e+07
1.033999999999982356e+04,9.705133488963018085e-01,1.031860674063851942e-19,2.022550837280020416e+08,1.215994752301786467e+07
1.034999999999982356e+04,9.706579297391770833e-01,1.031858405994691948e-19,2.024662509611241817e+08,1.216498393248238228e+07
1.035999999999982356e+04,9.708025109437570244e-01,1.031856109790610723e-19,2.026773981841985285e+08,1.216996534489347972e+07
1.036999999999982356e+04,9.709470925653560514e-01,1.031853783973624951e-19,2.028885253634960651e+08,1.217488652071688324e+07
1.037999999999982356e+04,9.710916746523785559e-01,1.031851427134395914e-19,2.030996324659421444e+08,1.217974264182271250e+07
1.038999999999982356e+04,9.712362572476745948e-01,1.031849037950068537e-19,2.033107194590412080e+08,1.218452936004511639e+07
1.039999999999982356e+04,9.713808403969239613e-01,1.031846615202174231e-19,2.035217863107937574e+08,1.218924284620941058e+07
1.040999999999982174e+04,9.715254241380102407e-01,1.031844157798715052e-19,2.037328329896066785e+08,1.219387984964631498e+07
1.041999999999982174e+04,9.716700084990437247e-01,1.031841664795222417e-19,2.039438594641970396e+08,1.219843775387958623e+07
1.042999999999982174e+04,9.718145935145308112e-01,1.031839135419178020e-19,2.041548657034887969e+08,1.220291464065015316e+07
1.043999999999982174e+04,9.719591792008391851e-01,1.031836569090360919e-19,2.043658516765048206e+08,1.220730933704168163e+07
1.044999999999982174e+04,9.721037655750092155e-01,1.031833965444344845e-19,2.045768173522540927e+08,1.221162147786095738e+07
1.045999999999982174e+04,9.722483526420201416e-01,1.031831324349353096e-19,2.047877626996144056e+08,1.221585153927158564e+07
1.046999999999982174e+04,9.723929404016516953e-01,1.031828645921421628e-19,2.049986876872142255e+08,1.222000087197221816e+07
1.047999999999982174e+04,9.725375288482014380e-01,1.031825930534522702e-19,2.052095922833130956e+08,1.222407171790049039e+07
1.048999999999981992e+04,9.726821179583680088e-01,1.031823178822714826e-19,2.054204764556832612e+08,1.222806719871511869e+07
1.049999999999981992e+04,9.728267077159868936e-01,1.031820391678722623e-19,2.056313401714937985e+08,1.223199130121760629e+07
1.050999999999981992e+04,9.729712980769680275e-01,1.031817570242189258e-19,2.058421833971999288e+08,1.223584882232150808e+07
1.051999999999981992e+04,9.731158890095494840e-01,1.031814715884517202e-19,2.060530060984376073e+08,1.223964531401080824e+07
1.052999999999981992e+04,9.732604804615998528e-01,1.031811830184522315e-19,2.062638082399277687e+08,1.224338699096790887e+07
1.053999999999981992e+04,9.734050723838301167e-01,1.031808914901481777e-19,2.064745897853879333e+08,1.224708063900885545e+07
1.054999999999981992e+04,9.735496647135435389e-01,1.031805971943245383e-19,2.066853506974563301e+08,1.225073350229667686e+07
1.055999999999981992e+04,9.736942573924316502e-01,1.031803003332941754e-19,2.068960909376267791e+08,1.225435317311850376e+07
1.056999999999981992e+04,9.738388503485058134e-01,1.031800011173626563e-19,2.071068104661959112e+08,1.225794746802031621e+07
1.057999999999981810e+04,9.739834435252459066e-01,1.031796997616715347e-19,2.073175092422237098e+08,1.226152432734335959e+07
1.058999999999981810e+04,9.741280368444436011e-01,1.031793964828540088e-19,2.075281872235062420e+08,1.226509169746220298e+07
1.059999999999981810e+04,9.742726302457564991e-01,1.031790914962757863e-19,2.077388443665621579e+08,1.226865744116235897e+07
1.060999999999981810e+04,9.744172236511488006e-01,1.031787850135213364e-19,2.079494806266303360e+08,1.227222925055521168e+07
1.061999999999981810e+04,9.745618170054541896e-01,1.031784772403477339e-19,2.081600959576810896e+08,1.227581458322631940e+07
1.062999999999981810e+04,9.747064102368818705e-01,1.031781683748399671e-19,2.083706903124363124e+08,1.227942059228560701e+07
1.063999999999981810e+04,9.748510032845791873e-01,1.031778586062727855e-19,2.085812636424014568e+08,1.228305409428403340e+07
1.064999999999981810e+04,9.749955960912268793e-01,1.031775481140249448e-19,2.087918158979057670e+08,1.228672152675158530e+07
1.065999999999981628e+04,9.751401885955428561e-01,1.031772370670127309e-19,2.090023470281508267e+08,1.229042893138140813e+07
1.066999999999981628e+04,9.752847807482007969e-01,1.031769256233299430e-19,2.092128569812668860e+08,1.229418193945111334e+07
1.067999999999981628e+04,9.754293724936797805e-01,1.031766139301020289e-19,2.094233457043740153e+08,1.229798576622976363e+07
1.068999999999981628e+04,9.755739637902469674e-01,1.031763021235787821e-19,2.096338131436492205e+08,1.230184521375139058e+07
1.069999999999981628e+04,9.757185545894775380e-01,1.031759903292748386e-19,2.098442592443972528e+08,1.230576467577387951e+07
1.070999999999981628e+04,9.758631448481024373e-01,1.031756786622333967e-19,2.100546839511244893e+08,1.230974814393014461e+07
1.071999999999981628e+04,9.760077345335613774e-01,1.031753672274570719e-19,2.102650872076146901e+08,1.231379922829462960e+07
1.072999999999981628e+04,9.761523236051555807e-01,1.031750561201511173e-19,2.104754689570061266e+08,1.231792116001098603e+07
1.073999999999981628e+04,9.762969120317785965e-01,1.031747454261232473e-19,2.106858291418702006e+08,1.232211681120911054e+07
1.074999999999981446e+04,9.764414997820077824e-01,1.031744352221356609e-19,2.108961677042881846e+08,1.232638870727168210e+07
1.075999999999981446e+04,9.765860868291056374e-01,1.031741255761225516e-19,2.111064845859288275e+08,1.233073903652192093e+07
1.076999999999981446e+04,9.767306731470054570e-01,1.031738165475520862e-19,2.113167797281232178e+08,1.233516966665817983e+07
1.077999999999981446e+04,9.768752587121711795e-01,1.031735081875467630e-19,2.115270530719381869e+08,1.233968215087262727e+07
1.078999999999981446e+04,9.770198435083938815e-01,1.031732005390906180e-19,2.117373045582474470e+08,1.234427774094331451e+07
1.079999999999981446e+04,9.771644275104152122e-01,1.031728936371007851e-19,2.119475341277986467e+08,1.234895738936950825e+07
1.080999999999981446e+04,9.773090107088096001e-01,1.031725875086450421e-19,2.121577417212772667e+08,1.235372176495681703e+07
1.081999999999981446e+04,9.774535930861631972e-01,1.031722821729890199e-19,2.123679272793667018e+08,1.235857125476961769e+07
1.082999999999981446e+04,9.775981746339970080e-01,1.031719776416853251e-19,2.125780907428031862e+08,1.236350597048401088e+07
1.083999999999981264e+04,9.777427553367867841e-01,1.031716739187896652e-19,2.127882320524253249e+08,1.236852575742408819e+07
1.084999999999981264e+04,9.778873351952750426e-01,1.031713710010625057e-19,2.129983511492188871e+08,1.237363020306052640e+07
1.085999999999981264e+04,9.780319142033835345e-01,1.031710688782245926e-19,2.132084479743552506e+08,1.237881864435267262e+07
1.086999999999981264e+04,9.781764923528777356e-01,1.031707675332855888e-19,2.134185224692227542e+08,1.238409017527656630e+07
1.087999999999981264e+04,9.783210696491912994e-01,1.031704669431276904e-19,2.136285745754525959e+08,1.238944366689945571e+07
1.088999999999981264e+04,9.784656460892986463e-01,1.031701670789277428e-19,2.138386042349363267e+08,1.239487777226616442e+07
1.089999999999981264e+04,9.786102216841275903e-01,1.031698679069979331e-19,2.140486113898370862e+08,1.240039095185539685e+07
1.090999999999981264e+04,9.787547964322014238e-01,1.031695693894152082e-19,2.142585959825933576e+08,1.240598148370337486e+07
1.091999999999981083e+04,9.788993703425193926e-01,1.031692714850202905e-19,2.144685579559151828e+08,1.241164749079320580e+07
1.092999999999981083e+04,9.790439434211843928e-01,1.031689741502841660e-19,2.146784972527724504e+08,1.241738695933221094e+07
1.093999999999981083e+04,9.791885156829035486e-01,1.031686773403658411e-19,2.148884138163777590e+08,1.242319776590170898e+07
1.094999999999981083e+04,9.793330871343683963e-01,1.031683810100094891e-19,2.150983075901609957e+08,1.242907769765361957e+07
1.095999999999981083e+04,9.794776577896926462e-01,1.031680851145492918e-19,2.153081785177380741e+08,1.243502447717421688e+07
1.096999999999981083e+04,9.796222276583527178e-01,1.031677896107860626e-19,2.155180265428736210e+08,1.244103578671052866e+07
1.097999999999981083e+04,9.797667967575447445e-01,1.031674944577273457e-19,2.157278516094399095e+08,1.244710928579431586e+07
1.098999999999981083e+04,9.799113650981460255e-01,1.031671996171640152e-19,2.159376536613691747e+08,1.245324262893172540e+07
1.099999999999981083e+04,9.800559326950277761e-01,1.031669050541981480e-19,2.161474326426039040e+08,1.245943348279276118e+07
1.100999999999980901e+04,9.802004995613521343e-01,1.031666107373018860e-19,2.163571884970437288e+08,1.246567952843636274e+07
1.101999999999980901e+04,9.803450657129704204e-01,1.031663166385993432e-19,2.165669211684904099e+08,1.247197847847748920e+07
1.102999999999980901e+04,9.804896311608863879e-01,1.031660227335653303e-19,2.167766306005919576e+08,1.247832807065841556e+07
1.103999999999980901e+04,9.806341959195703506e-01,1.031657290007596611e-19,2.169863167367851734e+08,1.248472607104283944e+07
1.104999999999980901e+04,9.807787600059956201e-01,1.031654354215136104e-19,2.171959795202399790e+08,1.249117027278127521e+07
1.105999999999980901e+04,9.809233234329245432e-01,1.031651419793754634e-19,2.174056188938036859e+08,1.249765849059313163e+07
1.106999999999980901e+04,9.810678862149246893e-01,1.031648486595782485e-19,2.176152347999464273e+08,1.250418855648011155e+07
1.107999999999980901e+04,9.812124483668600572e-01,1.031645554486297431e-19,2.178248271807088256e+08,1.251075831862582639e+07
1.108999999999980719e+04,9.813570099058838148e-01,1.031642623336881353e-19,2.180343959776517451e+08,1.251736563462588936e+07
1.109999999999980719e+04,9.815015708469613243e-01,1.031639693023863908e-19,2.182439411318070889e+08,1.252400837800263800e+07
1.110999999999980719e+04,9.816461312054374222e-01,1.031636763424241249e-19,2.184534625836319029e+08,1.253068443498228863e+07
1.111999999999980719e+04,9.817906910009341903e-01,1.031633834414809469e-19,2.186629602729646862e+08,1.253739171299043670e+07
1.112999999999980719e+04,9.819352502452989295e-01,1.031630905871884144e-19,2.188724341389828324e+08,1.254412814588534087e+07
1.113999999999980719e+04,9.820798089594890978e-01,1.031627977672074312e-19,2.190818841201625168e+08,1.255089170365780592e+07
1.114999999999980719e+04,9.822243671600794368e-01,1.031625049694949890e-19,2.192913101542402804e+08,1.255768040378868207e+07
1.115999999999980719e+04,9.823689248621221282e-01,1.031622121825204367e-19,2.195007121781757176e+08,1.256449232025300711e+07
1.116999999999980719e+04,9.825134820825124349e-01,1.031619193955329928e-19,2.197100901281163394e+08,1.257132559094167128e+07
1.117999999999980537e+04,9.826580388384429376e-01,1.031616265991871784e-19,2.199194439393623471e+08,1.257817843647359498e+07
1.118999999999980537e+04,9.828025951448917663e-01,1.031613337856181577e-19,2.201287735463328958e+08,1.258504915830193087e+07
1.119999999999980537e+04,9.829471510167372417e-01,1.031610409490181084e-19,2.203380788825326264e+08,1.259193615011773817e+07
1.120999999999980537e+04,9.830917064688877716e-01,1.031607480858867371e-19,2.205473598805193901e+08,1.259883790114512667e+07
1.121999999999980537e+04,9.832362615145383566e-01,1.031604551953482993e-19,2.207566164718726873e+08,1.260575299843267165e+07
1.122999999999980537e+04,9.833808161645383183e-01,1.031601622793960002e-19,2.209658485871613622e+08,1.261268012606726214e+07
1.123999999999980537e+04,9.835253704355846338e-01,1.031598693430309381e-19,2.211750561559131742e+08,1.261961806451013871e+07
1.124999999999980537e+04,9.836699243354329880e-01,1.031595763942931604e-19,2.213842391065850556e+08,1.262656568273487873e+07
1.125999999999980355e+04,9.838144778755713027e-01,1.031592834443917719e-19,2.215933973665341139e+08,1.263352193672027811e+07
1.126999999999980355e+04,9.839590310654975358e-01,1.031589905074886170e-19,2.218025308619886637e+08,1.264048585652657226e+07
1.127999999999980355e+04,9.841035839164660182e-01,1.031586976007095102e-19,2.220116395180233121e+08,1.264745654431004450e+07
1.128999999999980355e+04,9.842481364372830388e-01,1.031584047436857322e-19,2.222207232585327625e+08,1.265443315531216934e+07
1.129999999999980355e+04,9.843926886305938151e-01,1.031581119583825019e-19,2.224297820062094629e+08,1.266141489011145569e+07
1.130999999999980355e+04,9.845372405131671556e-01,1.031578192688547086e-19,2.226388156825235188e+08,1.266840099006414600e+07
1.131999999999980355e+04,9.846817920895459819e-01,1.031575267005930581e-19,2.228478242077052295e+08,1.267539071249714307e+07
1.132999999999980355e+04,9.848263433678403622e-01,1.031572342802267217e-19,2.230568075007296801e+08,1.268238332869271375e+07
1.133999999999980355e+04,9.849708943571855446e-01,1.031569420350131332e-19,2.232657654793064296e+08,1.268937810752370209e+07
1.134999999999980173e+04,9.851154450665131623e-01,1.031566499922543958e-19,2.234746980598720014e+08,1.269637430247170292e+07
1.135999999999980173e+04,9.852599955066305704e-01,1.031563581789034778e-19,2.236836051575868726e+08,1.270337114476169087e+07
1.136999999999980173e+04,9.854045456895088595e-01,1.031560666209578575e-19,2.238924866863367558e+08,1.271036783009295724e+07
1.137999999999980173e+04,9.855490956241195200e-01,1.031557753429656186e-19,2.241013425587387681e+08,1.271736350727107748e+07
1.138999999999980173e+04,9.856936453236544438e-01,1.031554843675506240e-19,2.243101726861525178e+08,1.272435727343349531e+07
1.139999999999980173e+04,9.858381948024642627e-01,1.031551937148808268e-19,2.245189769786965251e+08,1.273134816177760065e+07
1.140999999999980173e+04,9.859827440761560480e-01,1.031549034023309319e-19,2.247277553452697098e+08,1.273833513972364739e+07
1.141999999999980173e+04,9.861272931609614822e-01,1.031546134438715749e-19,2.249365076935787797e+08,1.274531709664898179e+07
1.142999999999979991e+04,9.862718420747453862e-01,1.031543238498506329e-19,2.251452339301714003e+08,1.275229284501609020e+07
1.143999999999979991e+04,9.864163908403622560e-01,1.031540346265742145e-19,2.253539339604744613e+08,1.275926111537355557e+07
1.144999999999979991e+04,9.865609394758052542e-01,1.031537457757624519e-19,2.255626076888390481e+08,1.276622054624567181e+07
1.145999999999979991e+04,9.867054880044843213e-01,1.031534572946216274e-19,2.257712550185908079e+08,1.277316969577390701e+07
1.146999999999979991e+04,9.868500364555530258e-01,1.031531691751216842e-19,2.259798758520857990e+08,1.278010702684426866e+07
1.147999999999979991e+04,9.869945848511130215e-01,1.031528814039745003e-19,2.261884700907632709e+08,1.278703091500697285e+07
1.148999999999979991e+04,9.871391332248329320e-01,1.031525939622604260e-19,2.263970376350882351e+08,1.279393964507724531e+07
1.149999999999979991e+04,9.872836816045920116e-01,1.031523068242177649e-19,2.266055783828723133e+08,1.280083138079286739e+07
1.150999999999979991e+04,9.874282300241772337e-01,1.031520199627358392e-19,2.268140922403626442e+08,1.280770435277410969e+07
1.151999999999979809e+04,9.875727785189081231e-01,1.031517333373723348e-19,2.270225791012667716e+08,1.281455648369932547e+07
1.152999999999979809e+04,9.877173271293970824e-01,1.031514469002716844e-19,2.272310388586452603e+08,1.282138558863246627e+07
1.153999999999979809e+04,9.878618758925407084e-01,1.031511606028653171e-19,2.274394714172898829e+08,1.282818959534369968e+07
1.154999999999979809e+04,9.880064248526150283e-01,1.031508743841581168e-19,2.276478766724806726e+08,1.283496618761346117e+07
1.155999999999979809e+04,9.881509740480840520e-01,1.031505881766489834e-19,2.278562545211905539e+08,1.284171300015784614e+07
1.156999999999979809e+04,9.882955235330546095e-01,1.031503019055077145e-19,2.280646048604329526e+08,1.284842760545792617e+07
1.157999999999979809e+04,9.884400733522704652e-01,1.031500154882439980e-19,2.282729275872492790e+08,1.285510751078164950e+07
1.158999999999979809e+04,9.885846235537107951e-01,1.031497288346062893e-19,2.284812225988182425e+08,1.286175016633318923e+07
1.159999999999979627e+04,9.887291741880831486e-01,1.031494418465675107e-19,2.286894897925764918e+08,1.286835297363102995e+07
1.160999999999979627e+04,9.888737253116907100e-01,1.031491544182242772e-19,2.288977290663427413e+08,1.287491329206068628e+07
1.161999999999979627e+04,9.890182769734428003e-01,1.031488664357782755e-19,2.291059403184442222e+08,1.288142844320106879e+07
1.162999999999979627e+04,9.891628292352625529e-01,1.031485777777159892e-19,2.293141234478440583e+08,1.288789572627347708e+07
1.163999999999979627e+04,9.893073821479094754e-01,1.031482883147876819e-19,2.295222783542696238e+08,1.289431241962730698e+07
1.164999999999979627e+04,9.894519357710784835e-01,1.031479979103222628e-19,2.297304049383412898e+08,1.290067579581599124e+07
1.165999999999979627e+04,9.895964901627378740e-01,1.031477064203739826e-19,2.299385031016984582e+08,1.290698312685917504e+07
1.166999999999979627e+04,9.897410453829724730e-01,1.031474136941470765e-19,2.301465727471259832e+08,1.291323169665099680e+07
1.167999999999979627e+04,9.898856014910442092e-01,1.031471195743740295e-19,2.303546137786749601e+08,1.291941880950041860e+07
1.168999999999979445e+04,9.900301585412276673e-01,1.031468238976903979e-19,2.305626261017813981e+08,1.292554179680626281e+07
1.169999999999979445e+04,9.901747165956368280e-01,1.031465264954339742e-19,2.307706096233798862e+08,1.293159803189828806e+07
1.170999999999979445e+04,9.903192757119159140e-01,1.031462271940713444e-19,2.309785642520094216e+08,1.293758493276742846e+07
1.171999999999979445e+04,9.904638359504388534e-01,1.031459258161784033e-19,2.311864898979133666e+08,1.294349997751080059e+07
1.172999999999979445e+04,9.906083973649129071e-01,1.031456221809581041e-19,2.313943864731319845e+08,1.294934070157816447e+07
1.173999999999979445e+04,9.907529600168050177e-01,1.031453161056340979e-19,2.316022538915845454e+08,1.295510472136310488e+07
1.174999999999979445e+04,9.908975239559225656e-01,1.031450074059103687e-19,2.318100920691426694e+08,1.296078972284981422e+07
1.175999999999979445e+04,9.910420892394286030e-01,1.031446958976811702e-19,2.320179009236931503e+08,1.296639349060255289e+07
1.176999999999979264e+04,9.911866559181987668e-01,1.031443813977925629e-19,2.322256803751895428e+08,1.297191389985903725e+07
1.177999999999979264e+04,9.913312240456906288e-01,1.031440637255568088e-19,2.324334303456924856e+08,1.297734893502632342e+07
1.178999999999979264e+04,9.914757936672455862e-01,1.031437427040568034e-19,2.326411507593985498e+08,1.298269669767921418e+07
1.179999999999979264e+04,9.916203648296656459e-01,1.031434181615084069e-19,2.328488415426576138e+08,1.298795541584961303e+07
1.180999999999979264e+04,9.917649375777064513e-01,1.031430899328557638e-19,2.330565026239779294e+08,1.299312346214065887e+07
1.181999999999979264e+04,9.919095119515634051e-01,1.031427578610453056e-19,2.332641339340203106e+08,1.299819936124588363e+07
1.182999999999979264e+04,9.920540879835083592e-01,1.031424217985016754e-19,2.334717354055819809e+08,1.300318180670221895e+07
1.183999999999979264e+04,9.921986657147352506e-01,1.031420816086983354e-19,2.336793069735693038e+08,1.300806968396057002e+07
1.184999999999979264e+04,9.923432451682512312e-01,1.031417371671716659e-19,2.338868485749614239e+08,1.301286207456387021e+07
1.185999999999979082e+04,9.924878263743202034e-01,1.031413883629373538e-19,2.340943601487654448e+08,1.301755828322064504e+07
1.186999999999979082e+04,9.926324093506522228e-01,1.031410350994067985e-19,2.343018416359641254e+08,1.302215784797010757e+07
1.187999999999979082e+04,9.927769941074240378e-01,1.031406772952854738e-19,2.345092929794568121e+08,1.302666055716509745e+07
1.188999999999979082e+04,9.929215806636173536e-01,1.031403148853082241e-19,2.347167141239949763e+08,1.303106646537057124e+07
1.189999999999979082e+04,9.930661690173043787e-01,1.031399478206369208e-19,2.349241050161139369e+08,1.303537590071920678e+07
1.190999999999979082e+04,9.932107591694823157e-01,1.031395760691648912e-19,2.351314656040616035e+08,1.303958947926262021e+07
1.191999999999979082e+04,9.933553511095938315e-01,1.031391996154350068e-19,2.353387958377254605e+08,1.304370810475880094e+07
1.192999999999979082e+04,9.934999448253445387e-01,1.031388184606772266e-19,2.355460956685583889e+08,1.304773297831364349e+07
1.193999999999978900e+04,9.936445402994767973e-01,1.031384326222130757e-19,2.357533650495060086e+08,1.305166559571097605e+07
1.194999999999978900e+04,9.937891375041448816e-01,1.031380421330187479e-19,2.359606039349338412e+08,1.305550774315622821e+07
1.195999999999978900e+04,9.939337364088243199e-01,1.031376470409635329e-19,2.361678122805580497e+08,1.305926149229351804e+07
1.196999999999978900e+04,9.940783369744587983e-01,1.031372474080022618e-19,2.363749900433785021e+08,1.306292919178596511e+07
1.197999999999978900e+04,9.942229391611669964e-01,1.031368433091767847e-19,2.365821371816154718e+08,1.306651345467836224e+07
1.198999999999978900e+04,9.943675429213263417e-01,1.031364348317053067e-19,2.367892536546503305e+08,1.307001714896842092e+07
1.199999999999978900e+04,9.945121482001210156e-01,1.031360220736242222e-19,2.369963394229711294e+08,1.307344337247199006e+07
1.200999999999978900e+04,9.946567549423830368e-01,1.031356051430487743e-19,2.372033944481223822e+08,1.307679545060391538e+07
1.201999999999978900e+04,9.948013630914848138e-01,1.031351841568659505e-19,2.374104186926602423e+08,1.308007691044190899e+07
1.202999999999978718e+04,9.949459725775093855e-01,1.031347592394281723e-19,2.376174121201125681e+08,1.308329145916321129e+07
1.203999999999978718e+04,9.950905833393762778e-01,1.031343305218810374e-19,2.378243746949441433e+08,1.308644297790460847e+07
1.204999999999978718e+04,9.952351952987423811e-01,1.031338981407362898e-19,2.380313063825260401e+08,1.308953549064805731e+07
1.205999999999978718e+04,9.953798083899428883e-01,1.031334622370923842e-19,2.382382071491106749e+08,1.309257315725996532e+07
1.206999999999978718e+04,9.955244225332110508e-01,1.031330229555709630e-19,2.384450769618106484e+08,1.309556024839892797e+07
1.207999999999978718e+04,9.956690376550307864e-01,1.031325804434251150e-19,2.386519157885822654e+08,1.309850113172471710e+07
1.208999999999978718e+04,9.958136536778745551e-01,1.031321348497026068e-19,2.388587235982130170e+08,1.310140025488289446e+07
1.209999999999978718e+04,9.959582705258815949e-01,1.031316863244936144e-19,2.390655003603120446e+08,1.310426212946961634e+07
1.210999999999978536e+04,9.961028881137770075e-01,1.031312350181674775e-19,2.392722460453045666e+08,1.310709131538442336e+07
1.211999999999978536e+04,9.962475063637127315e-01,1.031307810807956185e-19,2.394789606244295239e+08,1.310989240952304378e+07
1.212999999999978536e+04,9.963921251999059425e-01,1.031303246614591225e-19,2.396856440697383881e+08,1.311267002767944708e+07
1.213999999999978536e+04,9.965367445381663192e-01,1.031298659078358422e-19,2.398922963540976346e+08,1.311542879676351137e+07
1.214999999999978536e+04,9.966813642991587674e-01,1.031294049656231120e-19,2.400989174511922896e+08,1.311817333960359916e+07
1.215999999999978536e+04,9.968259844097042688e-01,1.031289419782924573e-19,2.403055073355318904e+08,1.312090826727659628e+07
1.216999999999978536e+04,9.969706047856192743e-01,1.031284770864809881e-19,2.405120659824571908e+08,1.312363816468636692e+07
1.217999999999978536e+04,9.971152253562988177e-01,1.031280104279842734e-19,2.407185933681471348e+08,1.312636758698564954e+07
1.218999999999978536e+04,9.972598460426153055e-01,1.031275421371942706e-19,2.409250894696288705e+08,1.312910104440964572e+07
1.219999999999978354e+04,9.974044667686529086e-01,1.031270723450729278e-19,2.411315542647854090e+08,1.313184299833847210e+07
1.220999999999978354e+04,9.975490874676190556e-01,1.031266011789970989e-19,2.413379877323663831e+08,1.313459785737549327e+07
1.221999999999978354e+04,9.976937080616971043e-01,1.031261287622631937e-19,2.415443898519969881e+08,1.313736995831832848e+07
1.222999999999978354e+04,9.978383284848517665e-01,1.031256552144461239e-19,2.417507606041883826e+08,1.314016357621599175e+07
1.223999999999978354e+04,9.979829486703593044e-01,1.031251806508514958e-19,2.419570999703465402e+08,1.314298290466631949e+07
1.224999999999978354e+04,9.981275685471469039e-01,1.031247051826633293e-19,2.421634079327828586e+08,1.314583205652800016e+07
1.225999999999978354e+04,9.982721880542100301e-01,1.031242289167487808e-19,2.423696844747222960e+08,1.314871505775696784e+07
1.226999999999978354e+04,9.984168071299730496e-01,1.031237519556849133e-19,2.425759295803132355e+08,1.315163584284195304e+07
1.227999999999978354e+04,9.985614257118390347e-01,1.031232743975386112e-19,2.427821432346355319e+08,1.315459824686639011e+07
1.228999999999978172e+04,9.987060437392459855e-01,1.031227963359530780e-19,2.429883254237084985e+08,1.315760600333414227e+07
1.229999999999978172e+04,9.988506611594254458e-01,1.031223178600734841e-19,2.431944761344990134e+08,1.316066274182172865e+07
1.230999999999978172e+04,9.989952779153035145e-01,1.031218390544387531e-19,2.434005953549284637e+08,1.316377197722673975e+07
1.231999999999978172e+04,9.991398939575875104e-01,1.031213599989923111e-19,2.436066830738793015e+08,1.316693711115080118e+07
1.232999999999978172e+04,9.992845092317674816e-01,1.031208807690417624e-19,2.438127392812013924e+08,1.317016142473791540e+07
1.233999999999978172e+04,9.994291236917272059e-01,1.031204014351716449e-19,2.440187639677178860e+08,1.317344807508604974e+07
1.234999999999978172e+04,9.995737372919140107e-01,1.031199220633891753e-19,2.442247571252293885e+08,1.317680009407844953e+07
1.235999999999978172e+04,9.997183499860492484e-01,1.031194427148913912e-19,2.444307187465197742e+08,1.318022038015056960e+07
1.236999999999977990e+04,9.998629617334164887e-01,1.031189634462451543e-19,2.446366488253593147e+08,1.318371169962081872e+07
1.237999999999977990e+04,1.000007572494210795e+00,1.031184843092853404e-19,2.448425473565079868e+08,1.318727668142053112e+07
1.238999999999977990e+04,1.000152182232905362e+00,1.031180053511951024e-19,2.450484143357192278e+08,1.319091781500617042e+07
1.239999999999977990e+04,1.000296790909869671e+00,1.031175266144495013e-19,2.452542497597418427e+08,1.319463744649810158e+07
1.240999999999977990e+04,1.000441398495748757e+00,1.031170481369852522e-19,2.454600536263212264e+08,1.319843778115800954e+07
1.241999999999977990e+04,1.000586004959235886e+00,1.031165699522219343e-19,2.456658259342005551e+08,1.320232087932898663e+07
1.242999999999977990e+04,1.000730610269090715e+00,1.031160920889881428e-19,2.458715666831214428e+08,1.320628865412122756e+07
1.243999999999977990e+04,1.000875214398682989e+00,1.031156145718315641e-19,2.460772758738237023e+08,1.321034287465888448e+07
1.244999999999977990e+04,1.001019817325838890e+00,1.031151374209692385e-19,2.462829535080441833e+08,1.321448516473725997e+07
1.245999999999977808e+04,1.001164419024520580e+00,1.031146606524002273e-19,2.464885995885151029e+08,1.321871700224744156e+07
1.246999999999977808e+04,1.001309019478267004e+00,1.031141842782078510e-19,2.466942141189618409e+08,1.322303972462797537e+07
1.247999999999977808e+04,1.001453618662301315e+00,1.031137083063688420e-19,2.468997971040996313e+08,1.322745452398524620e+07
1.248999999999977808e+04,1.001598216565079191e+00,1.031132327413158124e-19,2.471053485496296883e+08,1.323196245878541283e+07
1.249999999999977808e+04,1.001742813170987789e+00,1.031127575837425662e-19,2.473108684622348845e+08,1.323656444806276262e+07
1.250999999999977808e+04,1.001887408463092655e+00,1.031122828310067398e-19,2.475163568495742083e+08,1.324126127997077070e+07
1.251999999999977808e+04,1.002032002432268865e+00,1.031118084772468615e-19,2.477218137202764452e+08,1.324605361514040641e+07
1.252999999999977808e+04,1.002176595067268305e+00,1.031113345134958137e-19,2.479272390839341879e+08,1.325094198776894063e+07
1.253999999999977626e+04,1.002321186357308047e+00,1.031108609280181468e-19,2.481326329510945380e+08,1.325592681460031681e+07
1.254999999999977626e+04,1.002465776301564304e+00,1.031103877064871689e-19,2.483379953332521617e+08,1.326100839964287728e+07
1.255999999999977626e+04,1.002610364890166750e+00,1.031099148320720458e-19,2.485433262428396642e+08,1.326618693585644104e+07
1.256999999999977626e+04,1.002754952116906351e+00,1.031094422857907759e-19,2.487486256932176054e+08,1.327146251319322735e+07
1.257999999999977626e+04,1.002899537982187450e+00,1.031089700467394360e-19,2.489538936986638010e+08,1.327683512791288830e+07
1.258999999999977626e+04,1.003044122479548106e+00,1.031084980921289062e-19,2.491591302743627131e+08,1.328230468066072837e+07
1.259999999999977626e+04,1.003188705609215914e+00,1.031080263976854997e-19,2.493643354363933504e+08,1.328787098957038671e+07
1.260999999999977626e+04,1.003333287371745541e+00,1.031075549377977429e-19,2.495695092017163932e+08,1.329353379377257638e+07
1.261999999999977626e+04,1.003477867765658615e+00,1.031070836857703207e-19,2.497746515881613493e+08,1.329929276223771274e+07
1.262999999999977445e+04,1.003622446792840961e+00,1.031066126138925197e-19,2.499797626144132614e+08,1.330514749505287595e+07
1.263999999999977445e+04,1.003767024453600332e+00,1.031061416937541169e-19,2.501848422999982834e+08,1.331109753143927641e+07
1.264999999999977445e+04,1.003911600754628264e+00,1.031056708965469918e-19,2.503898906652694046e+08,1.331714236302191578e+07
1.265999999999977445e+04,1.004056175692982222e+00,1.031052001928840415e-19,2.505949077313912511e+08,1.332328142495580576e+07
1.266999999999977445e+04,1.004200749273938431e+00,1.031047295534785281e-19,2.507998935203252733e+08,1.332951411841152608e+07
1.267999999999977445e+04,1.004345321500231591e+00,1.031042589488170798e-19,2.510048480548136234e+08,1.333583980234105140e+07
1.268999999999977445e+04,1.004489892374118121e+00,1.031037883497556820e-19,2.512097713583641648e+08,1.334225780911429785e+07
1.269999999999977445e+04,1.004634461897720321e+00,1.031033177273422633e-19,2.514146634552335441e+08,1.334876744169040769e+07
1.270999999999977263e+04,1.004779030079668178e+00,1.031028470531402634e-19,2.516195243704113662e+08,1.335536798426944762e+07
1.271999999999977263e+04,1.004923596918922746e+00,1.031023762993197780e-19,2.518243541296046078e+08,1.336205870378069207e+07
1.272999999999977263e+04,1.005068162421895561e+00,1.031019054388201912e-19,2.520291527592202127e+08,1.336883885754977912e+07
1.273999999999977263e+04,1.005212726588239569e+00,1.031014344452970083e-19,2.522339202863500416e+08,1.337570769046406448e+07
1.274999999999977263e+04,1.005357289423546963e+00,1.031009632935258796e-19,2.524386567387536168e+08,1.338266444883176312e+07
1.275999999999977263e+04,1.005501850929066077e+00,1.031004919591741004e-19,2.526433621448428929e+08,1.338970837343196571e+07
1.276999999999977263e+04,1.005646411111651206e+00,1.031000204192093784e-19,2.528480365336660743e+08,1.339683871401583776e+07
1.277999999999977263e+04,1.005790969965600468e+00,1.030995486516504129e-19,2.530526799348914921e+08,1.340405471936697513e+07
1.278999999999977263e+04,1.005935527500622095e+00,1.030990766359241435e-19,2.532572923787936270e+08,1.341135565241455100e+07
1.279999999999977081e+04,1.006080083713254414e+00,1.030986043527710060e-19,2.534618738962364197e+08,1.341874078416946344e+07
1.280999999999977081e+04,1.006224638604198418e+00,1.030981317843416982e-19,2.536664245186591446e+08,1.342620940093812905e+07
1.281999999999977081e+04,1.006369192175082583e+00,1.030976589142274536e-19,2.538709442780627906e+08,1.343376080253705941e+07
1.282999999999977081e+04,1.006513744427567580e+00,1.030971857275785457e-19,2.540754332069953680e+08,1.344139430830471776e+07
1.283999999999977081e+04,1.006658295358306088e+00,1.030967122110239291e-19,2.542798913385390043e+08,1.344910925506288372e+07
1.284999999999977081e+04,1.006802844968246902e+00,1.030962383527829070e-19,2.544843187062972188e+08,1.345690500019702874e+07
1.285999999999977081e+04,1.006947393251985456e+00,1.030957641425950875e-19,2.546887153443826735e+08,1.346478092094151862e+07
1.286999999999977081e+04,1.007091940209920100e+00,1.030952895719095104e-19,2.548930812874051332e+08,1.347273641958215274e+07
1.287999999999976899e+04,1.007236485839615447e+00,1.030948146336677626e-19,2.550974165704608262e+08,1.348077091932826117e+07
1.288999999999976899e+04,1.007381030132787902e+00,1.030943393224337986e-19,2.553017212291224301e+08,1.348888386658212543e+07
1.289999999999976899e+04,1.007525573093665638e+00,1.030938636344727829e-19,2.555059952994288504e+08,1.349707473468255438e+07
1.290999999999976899e+04,1.007670114709008802e+00,1.030933875675160782e-19,2.557102388178769350e+08,1.350534301804537885e+07
1.291999999999976899e+04,1.007814654974449109e+00,1.030929111208485025e-19,2.559144518214127719e+08,1.351368823416290246e+07
1.292999999999976899e+04,1.007959193887376426e+00,1.030924342954433246e-19,2.561186343474248052e+08,1.352210992922224663e+07
1.293999999999976899e+04,1.008103731437099082e+00,1.030919570937010475e-19,2.563227864337370098e+08,1.353060766960239038e+07
1.294999999999976899e+04,1.008248267618420346e+00,1.030914795195357869e-19,2.565269081186034977e+08,1.353918104648359865e+07
1.295999999999976899e+04,1.008392802421442802e+00,1.030910015783020613e-19,2.567309994407028854e+08,1.354782967269182764e+07
1.296999999999976717e+04,1.008537335838765259e+00,1.030905232768467323e-19,2.569350604391352832e+08,1.355655318522902019e+07
1.297999999999976717e+04,1.008681867858889580e+00,1.030900446233740086e-19,2.571390911534179449e+08,1.356535124228772148e+07
1.298999999999976717e+04,1.008826398472180141e+00,1.030895656274522834e-19,2.573430916234833598e+08,1.357422352298320644e+07
1.299999999999976717e+04,1.008970927666710704e+00,1.030890862999329440e-19,2.575470618896773756e+08,1.358316972628548741e+07
1.300999999999976717e+04,1.009115455434073549e+00,1.030886066530280716e-19,2.577510019927592576e+08,1.359218957267451100e+07
1.301999999999976717e+04,1.009259981757655744e+00,1.030881267001155487e-19,2.579549119739013910e+08,1.360128279944640212e+07
1.302999999999976717e+04,1.009404506627894271e+00,1.030876464558742596e-19,2.581587918746903241e+08,1.361044916521866620e+07
1.303999999999976717e+04,1.009549030033043859e+00,1.030871659361402836e-19,2.583626417371289730e+08,1.361968844413710758e+07
1.304999999999976535e+04,1.009693551951090118e+00,1.030866851578909099e-19,2.585664616036394835e+08,1.362900042806431465e+07
1.305999999999976535e+04,1.009838072372708728e+00,1.030862041393000680e-19,2.587702515170664191e+08,1.363838492681332305e+07
1.306999999999976535e+04,1.009982591284037001e+00,1.030857228996971854e-19,2.589740115206819773e+08,1.364784176731130667e+07
1.307999999999976535e+04,1.010127108664215845e+00,1.030852414594835055e-19,2.591777416581921279e+08,1.365737079111870565e+07
1.308999999999976535e+04,1.010271624502451004e+00,1.030847598403399319e-19,2.593814419737416804e+08,1.366697186014350317e+07
1.309999999999976535e+04,1.010416138774847594e+00,1.030842780649669434e-19,2.595851125119233429e+08,1.367664484913479909e+07
1.310999999999976535e+04,1.010560651467591109e+00,1.030837961573316789e-19,2.597887533177849352e+08,1.368638965291512199e+07
1.311999999999976535e+04,1.010705162560494141e+00,1.030833141425894077e-19,2.599923644368400276e+08,1.369620618348236755e+07
1.312999999999976535e+04,1.010849672033728330e+00,1.030828320471726394e-19,2.601959459150778055e+08,1.370609437168319337e+07
1.313999999999976353e+04,1.010994179864546982e+00,1.030823498987536531e-19,2.603994977989746034e+08,1.371605416619785875e+07
1.314999999999976353e+04,1.011138686035879752e+00,1.030818677264474781e-19,2.606030201355076134e+08,1.372608553893729858e+07
1.315999999999976353e+04,1.011283190521462316e+00,1.030813855606972048e-19,2.608065129721681476e+08,1.373618848160853237e+07
1.316999999999976353e+04,1.011427693305513298e+00,1.030809034335267387e-19,2.610099763569774032e+08,1.374636300999001786e+07
1.317999999999976353e+04,1.011572194355848442e+00,1.030804213784786417e-19,2.612134103385028541e+08,1.375660916381878406e+07
1.318999999999976353e+04,1.011716693648181176e+00,1.030799394307319501e-19,2.614168149658769369e+08,1.376692700819287077e+07
1.319999999999976353e+04,1.011861191161847584e+00,1.030794576273430244e-19,2.616201902888162136e+08,1.377731664058654942e+07
1.320999999999976353e+04,1.012005686864858145e+00,1.030789760071341467e-19,2.618235363576432765e+08,1.378777818432223424e+07
1.321999999999976171e+04,1.012150180729888937e+00,1.030784946109509569e-19,2.620268532233097255e+08,1.379831179704132490e+07
1.322999999999976171e+04,1.012294672723898614e+00,1.030780134817887574e-19,2.622301409374217093e+08,1.380891767203732952e+07
1.323999999999976171e+04,1.012439162820142569e+00,1.030775326648730419e-19,2.624333995522671342e+08,1.381959603932631388e+07
1.324999999999976171e+04,1.012583650984352435e+00,1.030770522078913645e-19,2.626366291208449304e+08,1.383034717020581476e+07
1.325999999999976171e+04,1.012728137180249899e+00,1.030765721610020788e-19,2.628398296968969703e+08,1.384117137744058110e+07
1.326999999999976171e+04,1.012872621372259641e+00,1.030760925773361994e-19,2.630430013349432647e+08,1.385206902489482611e+07
1.327999999999976171e+04,1.013017103520392315e+00,1.030756135128299903e-19,2.632461440903193057e+08,1.386304052383723855e+07
1.328999999999976171e+04,1.013161583586531966e+00,1.030751350267555706e-19,2.634492580192164779e+08,1.387408634225861914e+07
1.329999999999976171e+04,1.013306061526029422e+00,1.030746571818193774e-19,2.636523431787252426e+08,1.388520700833846442e+07
1.330999999999975989e+04,1.013450537293129283e+00,1.030741800445511923e-19,2.638553996268832386e+08,1.389640311504165456e+07
1.331999999999975989e+04,1.013595010843070021e+00,1.030737036856706692e-19,2.640584274227253497e+08,1.390767532967196591e+07
1.332999999999975989e+04,1.013739482125271651e+00,1.030732281804028504e-19,2.642614266263394654e+08,1.391902439634170197e+07
1.333999999999975989e+04,1.013883951078528023e+00,1.030727536089138114e-19,2.644643972989244461e+08,1.393045114550134167e+07
1.334999999999975989e+04,1.014028417652189873e+00,1.030722800571514861e-19,2.646673395028521419e+08,1.394195650988993980e+07
1.335999999999975989e+04,1.014172881781683966e+00,1.030718076170482267e-19,2.648702533017349243e+08,1.395354152534906007e+07
1.336999999999975989e+04,1.014317343399697924e+00,1.030713363876470748e-19,2.650731387604975700e+08,1.396520735362217948e+07
1.337999999999975989e+04,1.014461802438225924e+00,1.030708664758400314e-19,2.652759959454497695e+08,1.397695529378389753e+07
1.338999999999975989e+04,1.014606258820401674e+00,1.030703979974894770e-19,2.654788249243656397e+08,1.398878680345784500e+07
1.339999999999975807e+04,1.014750712460375182e+00,1.030699310787280064e-19,2.656816257665646970e+08,1.400070351940072142e+07
1.340999999999975807e+04,1.014895163270459921e+00,1.030694658576351909e-19,2.658843985429945290e+08,1.401270729051306657e+07
1.341999999999975807e+04,1.015039611148082610e+00,1.030690024860279594e-19,2.660871433263149559e+08,1.402480020633910596e+07
1.342999999999975807e+04,1.015184055987201850e+00,1.030685411322344306e-19,2.662898601909818053e+08,1.403698464861737564e+07
1.343999999999975807e+04,1.015328497664102159e+00,1.030680819836693753e-19,2.664925492133278251e+08,1.404926333409718610e+07
1.344999999999975807e+04,1.015472936051684760e+00,1.030676252512588354e-19,2.666952104716384709e+08,1.406163939495555498e+07
1.345999999999975807e+04,1.015617370991282797e+00,1.030671711738746259e-19,2.668978440462204814e+08,1.407411645397048257e+07
1.346999999999975807e+04,1.015761802315257922e+00,1.030667200251333011e-19,2.671004500194588304e+08,1.408669874529701099e+07
1.347999999999975626e+04,1.015906229823817508e+00,1.030662721216614995e-19,2.673030284758571684e+08,1.409939125958720036e+07
1.348999999999975626e+04,1.016050653294252815e+00,1.030658278348799867e-19,2.675055795020587742e+08,1.411219994917276129e+07
1.349999999999975626e+04,1.016195072457058979e+00,1.030653876062760756e-19,2.677081031868395805e+08,1.412513199413482472e+07
1.350999999999975626e+04,1.016339486991717722e+00,1.030649519700392371e-19,2.679105996210683286e+08,1.413819619761825167e+07
1.351999999999975626e+04,1.016483896509128515e+00,1.030645215848413282e-19,2.681130688976259530e+08,1.415140353982440941e+07
1.352999999999975626e+04,1.016628300524413220e+00,1.030640972827426811e-19,2.683155111112733483e+08,1.416476802998918109e+07
1.353999999999975626e+04,1.016772698416966492e+00,1.030636801449760991e-19,2.685179263584553003e+08,1.417830802364305034e+07
1.354999999999975626e+04,1.016917089361117021e+00,1.030632716293408507e-19,2.687203147370247245e+08,1.419204844060415216e+07
1.355999999999975626e+04,1.017061472202678951e+00,1.030628737967480759e-19,2.689226763458544016e+08,1.420602470778897777e+07
1.356999999999975444e+04,1.017205845235698902e+00,1.030624897606753579e-19,2.691250112842862010e+08,1.422029058716871589e+07
1.357999999999975444e+04,1.017350205649984130e+00,1.030621247205605224e-19,2.693273196513107419e+08,1.423493619765407033e+07
1.358999999999975444e+04,1.017494547934896465e+00,1.030617890817557976e-19,2.695296015443410873e+08,1.425014257222592086e+07
1.359999999999975444e+04,1.017638856940383363e+00,1.030615123959147784e-19,2.697318570586036444e+08,1.426642539160562865e+07
1.360999999999975444e+04,1.017451385168145928e+00,1.030617575550218400e-19,2.699340861844370365e+08,1.428193540528364852e+07
1.361999999999975444e+04,1.017263873725652079e+00,1.030620817853848407e-19,2.701362889085642099e+08,1.429847683425272442e+07
1.362999999999975444e+04,1.017076335709806489e+00,1.030624600713894889e-19,2.703384653185045123e+08,1.431554841391388513e+07
1.363999999999975444e+04,1.016888775286358682e+00,1.030628850067259211e-19,2.705406155031531453e+08,1.433297875462447666e+07
1.364999999999975262e+04,1.016701194237638051e+00,1.030633537738029251e-19,2.707427395524100065e+08,1.435068408037909307e+07
1.365999999999975262e+04,1.016513593409198002e+00,1.030638653161886921e-19,2.709448375561015606e+08,1.436861485471102782e+07
1.366999999999975262e+04,1.016325973192034660e+00,1.030644194426504877e-19,2.711469096032352448e+08,1.438673849158586748e+07
1.367999999999975262e+04,1.016138333706073649e+00,1.030650164533266068e-19,2.713489557814784050e+08,1.440503199072033726e+07
1.368999999999975262e+04,1.015950674912810436e+00,1.030656569581707628e-19,2.715509761767700315e+08,1.442347828222106770e+07
1.369999999999975262e+04,1.015762996657843864e+00,1.030663417788748396e-19,2.717529708730223179e+08,1.444206420571617596e+07
1.370999999999975262e+04,1.015575298715372776e+00,1.030670718920934157e-19,2.719549399518868923e+08,1.446077931000131927e+07
1.371999999999975262e+04,1.015387580790403144e+00,1.030678483942982632e-19,2.721568834925726652e+08,1.447961508704728261e+07
1.372999999999975262e+04,1.015199842542440001e+00,1.030686724799403243e-19,2.723588015717039704e+08,1.449856447778790072e+07
1.373999999999975080e+04,1.015012083592908620e+00,1.030695454264475958e-19,2.725606942632127404e+08,1.451762152099019848e+07
1.374999999999975080e+04,1.014824303532443350e+00,1.030704685846773195e-19,2.727625616382563114e+08,1.453678111349184439e+07
1.375999999999975080e+04,1.014636501914944144e+00,1.030714433717254624e-19,2.729644037651564479e+08,1.455603882484424114e+07
1.376999999999975080e+04,1.014448678280237326e+00,1.030724712665705880e-19,2.731662207093526721e+08,1.457539076978545636e+07
1.377999999999975080e+04,1.014260832133571544e+00,1.030735538066003339e-19,2.733680125333654881e+08,1.459483350216471590e+07
1.378999999999975080e+04,1.014072962958829649e+00,1.030746925852296255e-19,2.735697792967672348e+08,1.461436393387705088e+07
1.379999999999975080e+04,1.013885070225678975e+00,1.030758892506471491e-19,2.737715210561530590e+08,1.463397927779596858e+07
1.380999999999975080e+04,1.013697153375891169e+00,1.030771455041371803e-19,2.739732378651114106e+08,1.465367698648429476e+07
1.381999999999974898e+04,1.013509211839140889e+00,1.030784631000749500e-19,2.741749297741902471e+08,1.467345472189721838e+07
1.382999999999974898e+04,1.013321245018739880e+00,1.030798438446134611e-19,2.743765968308558464e+08,1.469331030758113042e+07
1.383999999999974898e+04,1.013133252311151811e+00,1.030812895964019322e-19,2.745782390794433951e+08,1.471324171327536553e+07
1.384999999999974898e+04,1.012945233076436358e+00,1.030828022649115032e-19,2.747798565610939860e+08,1.473324701168368384e+07
1.385999999999974898e+04,1.012757186678028720e+00,1.030843838121014528e-19,2.749814493136810660e+08,1.475332437610007636e+07
1.386999999999974898e+04,1.012569112445748765e+00,1.030860362501519341e-19,2.751830173717210293e+08,1.477347203955990262e+07
1.387999999999974898e+04,1.012381009703193557e+00,1.030877616428806524e-19,2.753845607662672400e+08,1.479368829261421226e+07
1.388999999999974898e+04,1.012192877750906161e+00,1.030895621038527814e-19,2.755860795247883201e+08,1.481397145295474865e+07
1.389999999999974898e+04,1.012004715874326832e+00,1.030914397956369528e-19,2.757875736710280776e+08,1.483431984786028229e+07
1.390999999999974716e+04,1.011816523346406260e+00,1.030933969284073440e-19,2.759890432248460054e+08,1.485473179564347304e+07
1.391999999999974716e+04,1.011628299423806165e+00,1.030954357563760129e-19,2.761904882020410895e+08,1.487520557274000905e+07
1.392999999999974716e+04,1.011440043357343832e+00,1.030975585748270024e-19,2.763919086141560674e+08,1.489573938842291944e+07
1.393999999999974716e+04,1.011251754377844314e+00,1.030997677133435787e-19,2.765933044682654142e+08,1.491633133922773227e+07
1.394999999999974716e+04,1.011063431717725170e+00,1.031020655283089732e-19,2.767946757667482495e+08,1.493697936456247792e+07
1.395999999999974716e+04,1.010875074606523594e+00,1.031044543917962465e-19,2.769960225070503354e+08,1.495768118400503695e+07
1.396999999999974716e+04,1.010686682271475956e+00,1.031069366760689695e-19,2.771973446814367175e+08,1.497843421701022983e+07
1.397999999999974716e+04,1.010498253964535742e+00,1.031095147335257329e-19,2.773986422767457366e+08,1.499923548819688521e+07
1.398999999999974534e+04,1.010309788952730381e+00,1.031121908692723167e-19,2.775999152741501927e+08,1.502008149921980500e+07
1.399999999999974534e+04,1.010121286551744824e+00,1.031149673048474738e-19,2.778011636489367485e+08,1.504096807262915187e+07
1.400999999999974534e+04,1.009932746128645142e+00,1.031178461294711911e-19,2.780023873703202009e+08,1.506189014327546209e+07
1.401999999999974534e+04,1.009744167142478499e+00,1.031208292350535096e-19,2.782035864013108015e+08,1.508284149638979137e+07
1.402999999999974534e+04,1.009555549179668610e+00,1.031239182293251533e-19,2.784047606986578703e+08,1.510381442420154437e+07
1.403999999999974534e+04,1.009366891992337534e+00,1.031271143171973917e-19,2.786059102129005194e+08,1.512479926492152736e+07
1.404999999999974534e+04,1.009178195585771931e+00,1.031304181401738968e-19,2.788070348885630965e+08,1.514578379884792119e+07
1.405999999999974534e+04,1.008989460292895490e+00,1.031338295554528493e-19,2.790081346645402312e+08,1.516675242480562255e+07
1.406999999999974534e+04,1.008800686920823697e+00,1.031373473283835035e-19,2.792092094747312069e+08,1.518768503438613005e+07
1.407999999999974352e+04,1.008611876920923578e+00,1.031409687023117569e-19,2.794102592489945889e+08,1.520855545411382057e+07
1.408999999999974352e+04,1.008423032663195329e+00,1.031446887888303681e-19,2.796112839145131111e+08,1.522932926562890410e+07
1.409999999999974352e+04,1.008234157803345798e+00,1.031484996953774701e-19,2.798122833976874948e+08,1.524996071323912591e+07
1.410999999999974352e+04,1.008045257832743236e+00,1.031523892673432810e-19,2.800132576267101765e+08,1.527038829044260830e+07
1.411999999999974352e+04,1.007856340880975754e+00,1.031563392636441425e-19,2.802142065350219607e+08,1.529052839699872769e+07
1.412999999999974352e+04,1.007667418874014231e+00,1.031603227036338798e-19,2.804151300659236908e+08,1.531026618859903887e+07
1.413999999999974352e+04,1.007478509240681275e+00,1.031643000333937801e-19,2.806160281787189841e+08,1.532944247464234754e+07
1.414999999999974352e+04,1.007289637379241931e+00,1.031682136825340874e-19,2.808169008568816185e+08,1.534783527081570588e+07
1.415999999999974170e+04,1.007100840052869151e+00,1.031719806210810740e-19,2.810177481188738346e+08,1.536513476060674712e+07
1.416999999999974170e+04,1.006912169833122928e+00,1.031754829277557653e-19,2.812185700322923064e+08,1.538091175416107662e+07
1.417999999999974170e+04,1.006723700089542595e+00,1.031785575257996462e-19,2.814193667317920923e+08,1.539458331416213140e+07
1.418999999999974170e+04,1.006535529036269416e+00,1.031809885674576966e-19,2.816201384403911233e+08,1.540538630384422652e+07
1.419999999999974170e+04,1.006347779623579131e+00,1.031825090955682037e-19,2.818208854918894172e+08,1.541237872266304307e+07
1.420999999999974170e+04,1.006160590921039599e+00,1.031828202394441734e-19,2.820216083493524194e+08,1.541449256431426108e+07
1.421999999999974170e+04,1.005974098101526160e+00,1.031816321413807201e-19,2.822223076122345924e+08,1.541064897011822276e+07
1.422999999999974170e+04,1.005788403685225596e+00,1.031787197891482334e-19,2.824229840052016377e+08,1.539991551095966250e+07
1.423999999999974170e+04,1.005603548910494194e+00,1.031739770361796659e-19,2.826236383462333083e+08,1.538166332365224883e+07
1.424999999999973988e+04,1.005419494066761121e+00,1.031674555542891004e-19,2.828242714973801970e+08,1.535570466750193946e+07
1.425999999999973988e+04,1.005236108729275601e+00,1.031593906746533102e-19,2.830248843036732078e+08,1.532245283288471960e+07
1.426999999999973988e+04,1.005053165995413611e+00,1.031502235244016812e-19,2.832254775233027935e+08,1.528318192629100569e+07
1.427999999999973988e+04,1.004870342824270457e+00,1.031406206797455915e-19,2.834260517491527200e+08,1.524036847658651695e+07
1.428999999999973988e+04,1.004687260017562034e+00,1.031314127507882507e-19,2.836266073358901739e+08,1.519772938164174370e+07
1.429999999999973988e+04,1.004503587631485839e+00,1.031233746053255600e-19,2.838271443782715797e+08,1.515937615379100665e+07
1.430999999999973988e+04,1.004319149032122827e+00,1.031169749507695507e-19,2.840276627779422402e+08,1.512839369662702270e+07
1.431999999999973988e+04,1.004133934217140034e+00,1.031123077861854338e-19,2.842281623697096705e+08,1.510603757510421053e+07
1.432999999999973807e+04,1.003948035873245548e+00,1.031092120193305851e-19,2.844286430361872315e+08,1.509201040682061017e+07
1.433999999999973807e+04,1.003761578679463140e+00,1.031074301141494311e-19,2.846291047687159777e+08,1.508521478545119055e+07
1.434999999999973807e+04,1.003574678280439780e+00,1.031067097063500795e-19,2.848295476797137260e+08,1.508436498006545193e+07
1.435999999999973807e+04,1.003387427151820610e+00,1.031068436590213779e-19,2.850299719899018407e+08,1.508829671283121593e+07
1.436999999999973807e+04,1.003199894191339370e+00,1.031076757018406408e-19,2.852303780143840909e+08,1.509606439839974046e+07
1.437999999999973807e+04,1.003012129109459138e+00,1.031090925988195100e-19,2.854307660973351598e+08,1.510693551502486318e+07
1.438999999999973807e+04,1.002824167565847802e+00,1.031110136220989242e-19,2.856311366768444180e+08,1.512035016931699403e+07
1.439999999999973807e+04,1.002636035019278005e+00,1.031133819316856728e-19,2.858314902361667752e+08,1.513588127520339005e+07
1.440999999999973807e+04,1.002447749380818820e+00,1.031161584179208161e-19,2.860318272240589261e+08,1.515320327477097139e+07
1.441999999999973625e+04,1.002259323424929516e+00,1.031193163878245130e-19,2.862321481481233835e+08,1.517206301710048877e+07
1.442999999999973625e+04,1.002070766215303443e+00,1.031228380995160484e-19,2.864324535175924301e+08,1.519226031826113909e+07
1.443999999999973625e+04,1.001882084058903999e+00,1.031267125756340562e-19,2.866327438462239504e+08,1.521363506700525992e+07
1.444999999999973625e+04,1.001693281197103325e+00,1.031309339381422319e-19,2.868330196489056945e+08,1.523605724822746217e+07
1.445999999999973625e+04,1.001504360304013908e+00,1.031355002526390552e-19,2.870332814385958910e+08,1.525941981757481024e+07
1.446999999999973625e+04,1.001315322836757948e+00,1.031404126995291315e-19,2.872335297239204645e+08,1.528363347319596447e+07
1.447999999999973625e+04,1.001126169296517432e+00,1.031456749875224788e-19,2.874337650073336363e+08,1.530862283586746641e+07
1.448999999999973625e+04,1.000936899387671941e+00,1.031512929311651466e-19,2.876339877837383747e+08,1.533432360006561503e+07
1.449999999999973443e+04,1.000747512164454456e+00,1.031572741469675788e-19,2.878341985394870043e+08,1.536068039315178432e+07
1.450999999999973443e+04,1.000558006134940614e+00,1.031636278305163314e-19,2.880343977516878843e+08,1.538764513069814257e+07
1.451999999999973443e+04,1.000368379317070122e+00,1.031703645940744599e-19,2.882345858877645731e+08,1.541517573355774581e+07
1.452999999999973443e+04,1.000178629307548084e+00,1.031774963499207564e-19,2.884347634052171707e+08,1.544323513134270348e+07
1.453999999999973443e+04,9.999887533223477121e-01,1.031850362271122248e-19,2.886349307515431046e+08,1.547179046595948562e+07
1.454999999999973443e+04,9.997987482165153761e-01,1.031929985117302028e-19,2.888350883642860651e+08,1.550081244500435703e+07
1.455999999999973443e+04,9.996086105245125530e-01,1.032013986103266687e-19,2.890352366711813807e+08,1.553027483047655597e+07
1.456999999999973443e+04,9.994183364574008577e-01,1.032102530261562435e-19,2.892353760903751850e+08,1.556015400709211640e+07
1.457999999999973443e+04,9.992279219365500786e-01,1.032195793499170425e-19,2.894355070306956768e+08,1.559042863699692488e+07
1.458999999999973261e+04,9.990373625808047775e-01,1.032293962591363270e-19,2.896356298919649124e+08,1.562107935956014879e+07
1.459999999999973261e+04,9.988466537298968939e-01,1.032397235277680759e-19,2.898357450653325319e+08,1.565208855312873237e+07
1.460999999999973261e+04,9.986557904287829412e-01,1.032505820403064286e-19,2.900358529336250424e+08,1.568344011940245144e+07
1.461999999999973261e+04,9.984647674526820893e-01,1.032619938173276812e-19,2.902359538717028499e+08,1.571511931721051969e+07
1.462999999999973261e+04,9.982735792756549653e-01,1.032739820380279037e-19,2.904360482468163967e+08,1.574711259527071938e+07
1.463999999999973261e+04,9.980822200923836762e-01,1.032865710769169851e-19,2.906361364189582467e+08,1.577940747509035468e+07
1.464999999999973261e+04,9.978906837984025113e-01,1.032997865380450326e-19,2.908362187412089109e+08,1.581199242898832634e+07
1.465999999999973261e+04,9.976989639991389325e-01,1.033136552963158078e-19,2.910362955600718856e+08,1.584485678311210126e+07
1.466999999999973079e+04,9.975070539855458440e-01,1.033282055419407649e-19,2.912363672157976031e+08,1.587799062990287878e+07
1.467999999999973079e+04,9.973149467462065765e-01,1.033434668290242567e-19,2.914364340426936746e+08,1.591138475223487429e+07
1.468999999999973079e+04,9.971226349399011646e-01,1.033594701246227719e-19,2.916364963694221377e+08,1.594503054924897663e+07
1.469999999999973079e+04,9.969301109040140663e-01,1.033762478664200976e-19,2.918365545192807913e+08,1.597891998185685836e+07
1.470999999999973079e+04,9.967373666323287029e-01,1.033938340178312318e-19,2.920366088104696870e+08,1.601304551298952475e+07
1.471999999999973079e+04,9.965443937793244666e-01,1.034122641311250147e-19,2.922366595563378334e+08,1.604740006222038902e+07
1.472999999999973079e+04,9.963511836278373668e-01,1.034315754092300371e-19,2.924367070656129718e+08,1.608197695616300404e+07
1.473999999999973079e+04,9.961577271014674384e-01,1.034518067743610973e-19,2.926367516426079273e+08,1.611676989195284620e+07
1.474999999999973079e+04,9.959640147371269236e-01,1.034729989397667243e-19,2.928367935874018073e+08,1.615177290065945126e+07
1.475999999999972897e+04,9.957700366742532339e-01,1.034951944806143051e-19,2.930368331959921718e+08,1.618698031220824085e+07
1.476999999999972897e+04,9.955757826566657975e-01,1.035184379170163347e-19,2.932368707604134679e+08,1.622238673298521526e+07
1.477999999999972897e+04,9.953812419921774790e-01,1.035427757925482210e-19,2.934369065688109398e+08,1.625798701367659494e+07
1.478999999999972897e+04,9.951864035689305110e-01,1.035682567711039635e-19,2.936369409054690599e+08,1.629377624355530553e+07
1.479999999999972897e+04,9.949912558107204541e-01,1.035949317285357037e-19,2.938369740507782102e+08,1.632974972806676850e+07
1.480999999999972897e+04,9.947957866693630802e-01,1.036228538721629747e-19,2.940370062811310887e+08,1.636590299919945374e+07
1.481999999999972897e+04,9.945999836061243382e-01,1.036520788726410882e-19,2.942370378687327504e+08,1.640223183380959742e+07
1.482999999999972897e+04,9.944038335506985016e-01,1.036826650381669387e-19,2.944370690813091397e+08,1.643873230363216251e+07
1.483999999999972897e+04,9.942073228505263760e-01,1.037146735538747320e-19,2.946371001816817522e+08,1.647540088476674445e+07
1.484999999999972715e+04,9.940104371972700026e-01,1.037481688613430441e-19,2.948371314271742702e+08,1.651223467915329337e+07
1.485999999999972715e+04,9.938131614672656156e-01,1.037832193200502009e-19,2.950371630687741637e+08,1.654923187063516118e+07
1.486999999999972715e+04,9.936154794218937658e-01,1.038198985885051403e-19,2.952371953499068618e+08,1.658639278192863986e+07
1.487999999999972715e+04,9.934173728909285739e-01,1.038582890571296314e-19,2.954372285045304894e+08,1.662372264569634572e+07
1.488999999999972715e+04,9.932188190024477947e-01,1.038984940453112913e-19,2.956372627541535497e+08,1.666124187010106631e+07
1.489999999999972715e+04,9.930197748093060328e-01,1.039407095106962077e-19,2.958372983036836386e+08,1.669904738614582270e+07
1.490999999999972715e+04,9.930231606977986125e-01,1.039868162164953450e-19,2.960373349818286896e+08,1.673561906937288493e+07
1.491999999999972715e+04,9.930259817925203292e-01,1.040352290350292189e-19,2.962373725852718949e+08,1.677246431931632943e+07
1.492999999999972533e+04,9.930282428579682019e-01,1.040859330631837580e-19,2.964374112440547347e+08,1.680947655927423760e+07
1.493999999999972533e+04,9.930299308952088566e-01,1.041389942681859589e-19,2.966374510843951702e+08,1.684662336008026078e+07
1.494999999999972533e+04,9.930310289078536634e-01,1.041944964790776422e-19,2.968374922258397937e+08,1.688388674331535399e+07
1.495999999999972533e+04,9.930315183334833540e-01,1.042525309403856347e-19,2.970375347786357403e+08,1.692125327959248424e+07
1.496999999999972533e+04,9.930313797861185510e-01,1.043131934316883288e-19,2.972375788418258429e+08,1.695871136625983939e+07
1.497999999999972533e+04,9.930305933601809576e-01,1.043765830499727770e-19,2.974376245018110275e+08,1.699625014456008747e+07
1.498999999999972533e+04,9.930291388300066524e-01,1.044428015451899922e-19,2.976376718311735988e+08,1.703385898883231357e+07
1.499999999999972533e+04,9.930269957733945940e-01,1.045119528407936408e-19,2.978377208876593709e+08,1.707152721778669208e+07
1.500999999999972533e+04,9.930241436979769798e-01,1.045841426310197735e-19,2.980377717132788301e+08,1.710924392407288775e+07
1.501999999999972351e+04,9.930205621552791184e-01,1.046594779838922505e-19,2.982378243335106373e+08,1.714699785704905912e+07
1.502999999999972351e+04,9.930162308558052597e-01,1.047380669402610504e-19,2.984378787566057444e+08,1.718477734518680722e+07
1.503999999999972351e+04,9.930111297976089713e-01,1.048200180816148158e-19,2.986379349729891419e+08,1.722257023922164366e+07
1.504999999999972351e+04,9.930052393782267117e-01,1.049054400588415345e-19,2.988379929547699094e+08,1.726036386881155148e+07
1.505999999999972351e+04,9.929985405541010834e-01,1.049944411044305794e-19,2.990380526553598046e+08,1.729814502333265543e+07
1.506999999999972351e+04,9.929910149676601794e-01,1.050871284820323972e-19,2.992381140092133880e+08,1.733589993016274646e+07
1.507999999999972351e+04,9.929826450972711882e-01,1.051836079232977670e-19,2.994381769316931963e+08,1.737361425792927295e+07
1.508999999999972351e+04,9.929734144265900397e-01,1.052839830071330770e-19,2.996382413190734982e+08,1.741127311877694353e+07
1.509999999999972169e+04,9.929633075846227008e-01,1.053883545275174916e-19,2.998383070486892462e+08,1.744886108670027927e+07
1.510999999999972169e+04,9.929523105305118058e-01,1.054968198171027654e-19,3.000383739792408347e+08,1.748636222271924838e+07
1.511999999999972169e+04,9.929404107097261623e-01,1.056094720545156687e-19,3.002384419512614608e+08,1.752376010863364115e+07
1.512999999999972169e+04,9.929275972244746562e-01,1.057263995511489952e-19,3.004385107877610922e+08,1.756103788985463977e+07
1.513999999999972169e+04,9.929138609975061147e-01,1.058476850154099801e-19,3.006385802950538993e+08,1.759817831918928772e+07
1.514999999999972169e+04,9.928991949446370757e-01,1.059734048349725409e-19,3.008386502637720704e+08,1.763516382239036635e+07
1.515999999999972169e+04,9.928835941269266163e-01,1.061036283278757832e-19,3.010387204700818658e+08,1.767197655052554235e+07
1.516999999999972169e+04,9.928670559175520882e-01,1.062384170461101040e-19,3.012387906770980954e+08,1.770859845755779371e+07
1.517999999999972169e+04,9.928495801246696173e-01,1.063778240703159832e-19,3.014388606365032196e+08,1.774501136880009621e+07
1.518999999999971988e+04,9.928311691447213594e-01,1.065218933713962736e-19,3.016389300903703570e+08,1.778119706873900816e+07
1.519999999999971988e+04,9.928118280591153866e-01,1.066706592221008123e-19,3.018389987731832862e+08,1.781713738680741563e+07
1.520999999999971988e+04,9.927915647320514347e-01,1.068241456855475997e-19,3.020390664140429497e+08,1.785281429622084647e+07
1.521999999999971988e+04,9.927703898816375716e-01,1.069823662152256511e-19,3.022391327390454412e+08,1.788821001967618987e+07
1.522999999999971988e+04,9.927483171067812417e-01,1.071453233647780214e-19,3.024391974738082886e+08,1.792330714097471908e+07
1.523999999999971988e+04,9.927253628835308596e-01,1.073130086562218547e-19,3.026392603461170197e+08,1.795808872917453945e+07
1.524999999999971988e+04,9.927015465321171739e-01,1.074854026224940661e-19,3.028393210886513591e+08,1.799253847056469694e+07
1.525999999999971988e+04,9.926768901070346374e-01,1.076624750237251981e-19,3.030393794417495131e+08,1.802664080098460987e+07
1.526999999999971806e+04,9.926514182751947635e-01,1.078441853088018803e-19,3.032394351561588049e+08,1.806038105723468959e+07
1.527999999999971806e+04,9.926251581024473358e-01,1.080304832707181306e-19,3.034394879957121015e+08,1.809374561792436615e+07
1.528999999999971806e+04,9.925981388066715816e-01,1.082213099541728144e-19,3.036395377398734689e+08,1.812672205219229311e+07
1.529999999999971806e+04,9.925703914542145512e-01,1.084165987988045006e-19,3.038395841860804558e+08,1.815929926709872112e+07
1.530999999999971806e+04,9.925419486016675563e-01,1.086162769988155238e-19,3.040396271518267989e+08,1.819146764323356375e+07
1.531999999999971806e+04,9.925128438868017211e-01,1.088202670768540811e-19,3.042396664764140248e+08,1.822321916252334788e+07
1.532999999999971806e+04,9.924831115804697568e-01,1.090284886078219686e-19,3.044397020223298669e+08,1.825454751515185833e+07
1.533999999999971806e+04,9.924527861360017411e-01,1.092408601457262529e-19,3.046397336761917472e+08,1.828544820018139109e+07
1.534999999999971806e+04,9.924219016635629220e-01,1.094573011270200783e-19,3.048397613492350578e+08,1.831591857855530083e+07
1.535999999999971624e+04,9.923904914742194272e-01,1.096777339316984681e-19,3.050397849773218036e+08,1.834595792623693869e+07
1.536999999999971624e+04,9.923585875622262797e-01,1.099020857946529515e-19,3.052398045204712749e+08,1.837556743128983304e+07
1.537999999999971624e+04,9.923262201682236938e-01,1.101302907479263155e-19,3.054398199619256854e+08,1.840475018157813698e+07
1.538999999999971624e+04,9.922934173468072050e-01,1.103622913290841349e-19,3.056398313067818880e+08,1.843351110562577471e+07
1.539999999999971624e+04,9.922602045998101250e-01,1.105980401457442512e-19,3.058398385802443624e+08,1.846185688959241286e+07
1.540999999999971624e+04,9.922266045620455888e-01,1.108375011948422753e-19,3.060398418255531788e+08,1.848979586598072574e+07
1.541999999999971624e+04,9.921926367618008058e-01,1.110806509160497857e-19,3.062398411016630530e+08,1.851733787552866340e+07
1.542999999999971624e+04,9.921583174437690333e-01,1.113274789489075113e-19,3.064398364807518721e+08,1.854449410817665234e+07
1.543999999999971442e+04,9.921236594810097786e-01,1.115779886265410124e-19,3.066398280456383824e+08,1.857127692970305309e+07
1.544999999999971442e+04,9.920886723504278581e-01,1.118321971582487091e-19,3.068398158871881366e+08,1.859769969856720045e+07
1.545999999999971442e+04,9.920533621708982341e-01,1.120901355544856828e-19,3.070398001017859578e+08,1.862377657288633659e+07
1.546999999999971442e+04,9.920177318156118140e-01,1.123518483181434370e-19,3.072397807889417410e+08,1.864952232464009896e+07
1.547999999999971442e+04,9.919817810665434443e-01,1.126173929123678115e-19,3.074397580490844846e+08,1.867495215210070089e+07
1.548999999999971442e+04,9.919455068233279382e-01,1.128868390912695818e-19,3.076397319815918803e+08,1.870008150792479515e+07
1.549999999999971442e+04,9.919089033334337335e-01,1.131602680762677538e-19,3.078397026830856204e+08,1.872492593497996405e+07
1.550999999999971442e+04,9.918719624457710271e-01,1.134377716486500184e-19,3.080396702460191846e+08,1.874950091910991073e+07
1.551999999999971442e+04,9.918346738895972292e-01,1.137194512438592972e-19,3.082396347575554848e+08,1.877382176316234097e+07
1.552999999999971260e+04,9.917970255376868938e-01,1.140054169569336001e-19,3.084395962987395525e+08,1.879790347264176980e+07
1.553999999999971260e+04,9.917590036782113483e-01,1.142957866550324761e-19,3.086395549439505935e+08,1.882176066667299718e+07
1.554999999999971260e+04,9.917205932700432491e-01,1.145906850829866131e-19,3.088395107606105804e+08,1.884540750441337749e+07
1.555999999999971260e+04,9.916817781772990781e-01,1.148902430568336928e-19,3.090394638091279864e+08,1.886885762731991708e+07
1.556999999999971260e+04,9.916425413932636879e-01,1.151945967228312887e-19,3.092394141430447698e+08,1.889212412100401521e+07
1.557999999999971260e+04,9.916028652276489552e-01,1.155038869428320021e-19,3.094393618093544841e+08,1.891521948953175172e+07
1.558999999999971260e+04,9.915627314908130874e-01,1.158182587429539252e-19,3.096393068489575386e+08,1.893815564467447251e+07
1.559999999999971260e+04,9.915221216246596914e-01,1.161378608420702105e-19,3.098392492972307801e+08,1.896094390010278672e+07
1.560999999999971078e+04,9.914810168369388998e-01,1.164628453387293939e-19,3.100391891846691966e+08,1.898359498321086913e+07
1.561999999999971078e+04,9.914393981974880532e-01,1.167933674012824144e-19,3.102391265375842452e+08,1.900611904782366753e+07
1.562999999999971078e+04,9.913972467225545815e-01,1.171295851081756681e-19,3.104390613788278103e+08,1.902852569510607794e+07
1.563999999999971078e+04,9.913545434370462095e-01,1.174716593041462251e-19,3.106389937285271883e+08,1.905082399701511860e+07
1.564999999999971078e+04,9.913112694146767323e-01,1.178197535716334693e-19,3.108389236048089862e+08,1.907302252516624704e+07
1.565999999999971078e+04,9.912674058198420735e-01,1.181740341927418379e-19,3.110388510245045424e+08,1.909512937898958847e+07
1.566999999999971078e+04,9.912229339236557912e-01,1.185346702481163074e-19,3.112387760038212538e+08,1.911715221734867617e+07
1.567999999999971078e+04,9.911778351128253117e-01,1.189018336466366701e-19,3.114386985589743853e+08,1.913909828552275896e+07
1.568999999999971078e+04,9.911320909014317282e-01,1.192756992914224880e-19,3.116386187067782879e+08,1.916097445047783479e+07
1.569999999999970896e+04,9.910856829180597627e-01,1.196564452030554148e-19,3.118385364651848674e+08,1.918278722456852347e+07
1.570999999999970896e+04,9.910385929030496310e-01,1.200442526724473574e-19,3.120384518537847996e+08,1.920454279674076289e+07
1.571999999999970896e+04,9.909908027030298605e-01,1.204393065235032554e-19,3.122383648942509890e+08,1.922624706081570312e+07
1.572999999999970896e+04,9.909422942370620380e-01,1.208417952032163006e-19,3.124382756107431054e+08,1.924790563505780697e+07
1.573999999999970896e+04,9.908930495030043861e-01,1.212519111043452936e-19,3.126381840302727222e+08,1.926952389345449209e+07
1.574999999999970896e+04,9.908430505478680317e-01,1.216698507497740468e-19,3.128380901830178499e+08,1.929110698383010551e+07
1.575999999999970896e+04,9.907922794490043872e-01,1.220958150189754202e-19,3.130379941026143432e+08,1.931265984909163788e+07
1.576999999999970896e+04,9.907407182988914318e-01,1.225300094480137177e-19,3.132378958264052868e+08,1.933418725046050549e+07
1.577999999999970714e+04,9.906883491840530187e-01,1.229726444471478796e-19,3.134377953956661224e+08,1.935569378245616332e+07
1.578999999999970714e+04,9.906351541637959945e-01,1.234239355931681486e-19,3.136376928558031917e+08,1.937718389215051383e+07
1.579999999999970714e+04,9.905811152525256791e-01,1.238841039210502337e-19,3.138375882565314174e+08,1.939866189611413330e+07
1.580999999999970714e+04,9.905262143970109401e-01,1.243533761999767731e-19,3.140374816520291567e+08,1.942013199497473985e+07
1.581999999999970714e+04,9.904704334600603621e-01,1.248319852624716600e-19,3.142373731010837555e+08,1.944159828837744519e+07
1.582999999999970714e+04,9.904137542003070838e-01,1.253201703270399395e-19,3.144372626672157049e+08,1.946306479065328464e+07
1.583999999999970714e+04,9.903561582470625790e-01,1.258181773052598426e-19,3.146371504187997580e+08,1.948453544086208567e+07
1.584999999999970714e+04,9.902976270878596221e-01,1.263262591974804036e-19,3.148370364291741848e+08,1.950601411887112632e+07
1.585999999999970714e+04,9.902381420380999000e-01,1.268446764302125371e-19,3.150369207767443061e+08,1.952750465539269894e+07
1.586999999999970532e+04,9.901776842310048288e-01,1.273736972712291477e-19,3.152368035450808406e+08,1.954901084541035816e+07
1.587999999999970532e+04,9.901162345946156185e-01,1.279135982416274722e-19,3.154366848230133057e+08,1.957053645946575701e+07
1.588999999999970532e+04,9.900537738240220431e-01,1.284646645283425209e-19,3.156365647047243714e+08,1.959208525417435169e+07
1.589999999999970532e+04,9.899902823586803624e-01,1.290271904309397623e-19,3.158364432898496985e+08,1.961366098232579231e+07
1.590999999999970532e+04,9.899257403720924664e-01,1.296014799150052368e-19,3.160363206835684776e+08,1.963526740745110437e+07
1.591999999999970532e+04,9.898601277378167307e-01,1.301878470395425372e-19,3.162361969967014790e+08,1.965690831084445491e+07
1.592999999999970532e+04,9.897934240130015215e-01,1.307866165808400422e-19,3.164360723458104730e+08,1.967858750544011965e+07
1.593999999999970532e+04,9.897256084044954161e-01,1.313981245052424933e-19,3.166359468533073664e+08,1.970030884236178547e+07
1.594999999999970532e+04,9.896566597523983599e-01,1.320227186911829498e-19,3.168358206475664973e+08,1.972207622701670974e+07
1.595999999999970350e+04,9.895865564998109765e-01,1.326607594972687828e-19,3.170356938630399704e+08,1.974389362521662936e+07
1.596999999999970350e+04,9.895152766728878557e-01,1.333126205303805748e-19,3.172355666403799057e+08,1.976576507942140102e+07
1.597999999999970350e+04,9.894427978369393362e-01,1.339786892679380140e-19,3.174354391265761852e+08,1.978769471523013338e+07
1.598999999999970350e+04,9.893690970811875873e-01,1.346593679627596563e-19,3.176353114751024246e+08,1.980968675620994717e+07
1.599999999999970350e+04,9.892941509835433411e-01,1.353550744038052777e-19,3.178351838460654020e+08,1.983174553403406590e+07
1.600999999999970350e+04,9.892179355801997698e-01,1.360662428607795597e-19,3.180350564063707590e+08,1.985387550475926325e+07
1.601999999999970532e+04,9.891404263263594565e-01,1.367933250075939515e-19,3.182349293298995495e+08,1.987608125800663233e+07
1.602999999999970714e+04,9.890615980607238011e-01,1.375367909152938640e-19,3.184348027977102399e+08,1.989836753092613444e+07
1.603999999999970714e+04,9.889814249813229097e-01,1.382971302808965134e-19,3.186346769982374907e+08,1.992073922688545659e+07
1.604999999999970896e+04,9.888998805870885533e-01,1.390748534566329202e-19,3.188345521275163889e+08,1.994320142627102882e+07
1.605999999999971078e+04,9.888169376467297322e-01,1.398704928036233047e-19,3.190344283894327879e+08,1.996575940419647470e+07
1.606999999999971260e+04,9.887325681547669554e-01,1.406846040584030561e-19,3.192343059959812164e+08,1.998841864844878018e+07
1.607999999999971442e+04,9.886467432807874989e-01,1.415177677799930672e-19,3.194341851675487161e+08,2.001118487738529593e+07
1.608999999999971624e+04,9.885594333176490611e-01,1.423705909476877120e-19,3.196340661332245469e+08,2.003406405916519463e+07
1.609999999999971806e+04,9.884706076356017945e-01,1.432437086805089471e-19,3.198339491311371326e+08,2.005706243423121795e+07
1.610999999999971806e+04,9.883802346153637286e-01,1.441377861299770140e-19,3.200338344088101983e+08,2.008018653706864640e+07
1.611999999999971988e+04,9.882882815895415174e-01,1.450535204073426015e-19,3.202337222235617638e+08,2.010344321903701127e+07
1.612999999999972169e+04,9.881947147858783920e-01,1.459916428887536289e-19,3.204336128429302573e+08,2.012683967982747778e+07
1.613999999999972351e+04,9.880994992422025280e-01,1.469529214892319081e-19,3.206335065451367497e+08,2.015038349190533534e+07
1.614999999999972533e+04,9.880025987388804110e-01,1.479381633274960534e-19,3.208334036195921898e+08,2.017408263427340984e+07
1.615999999999972715e+04,9.879039757137260125e-01,1.489482174847327707e-19,3.210333043674467802e+08,2.019794552406041697e+07
1.616999999999972897e+04,9.878035911737483854e-01,1.499839781287267117e-19,3.212332091021928787e+08,2.022198105822244287e+07
1.617999999999972897e+04,9.877014045968808276e-01,1.510463878806256263e-19,3.214331181503178477e+08,2.024619865139138326e+07
1.618999999999973079e+04,9.875973738291836668e-01,1.521364414726749870e-19,3.216330318520231843e+08,2.027060828093720227e+07
1.619999999999973261e+04,9.874914549723183832e-01,1.532551898702680099e-19,3.218329505620065928e+08,2.029522053849700466e+07
1.620999999999973443e+04,9.873836022486572883e-01,1.544037446247510443e-19,3.220328746503274441e+08,2.032004668156192824e+07
1.621999999999973625e+04,9.872737678792031790e-01,1.555832829204886944e-19,3.222328045033516288e+08,2.034509869739266485e+07
1.622999999999973807e+04,9.871619019245729820e-01,1.567950528431019648e-19,3.224327405247954130e+08,2.037038936583176255e+07
1.623999999999973988e+04,9.870479521305579595e-01,1.580403795698171806e-19,3.226326831368702650e+08,2.039593233790986240e+07
1.624999999999973988e+04,9.869318637351445211e-01,1.593206717892333195e-19,3.228326327815567255e+08,2.042174221287411079e+07
1.625999999999974170e+04,9.868135792821530750e-01,1.606374292863569097e-19,3.230325899220203161e+08,2.044783463479099423e+07
1.626999999999974352e+04,9.866930384018295364e-01,1.619922510945552082e-19,3.232325550441619158e+08,2.047422639377065375e+07
1.627999999999974534e+04,9.865701775552495612e-01,1.633868446441693610e-19,3.234325286583679914e+08,2.050093553816325963e+07
1.628999999999974716e+04,9.864449297827746488e-01,1.648230361016249336e-19,3.236325113014550805e+08,2.052798150882854685e+07
1.629999999999974898e+04,9.863172243913518322e-01,1.663027818443834106e-19,3.238325035388481021e+08,2.055538528002369776e+07
1.630999999999975080e+04,9.861869866278902830e-01,1.678281815280116399e-19,3.240325059670207500e+08,2.058316952738512307e+07
1.631999999999975080e+04,9.860541372983030461e-01,1.694014926103187765e-19,3.242325192162468433e+08,2.061135881112375855e+07
1.632999999999975262e+04,9.859185923496924797e-01,1.710251469511650900e-19,3.244325439537199140e+08,2.063997978907052055e+07
1.633999999999975444e+04,9.857802623984284196e-01,1.727017696580530473e-19,3.246325808870790005e+08,2.066906145770890266e+07
1.634999999999975626e+04,9.856390521887030687e-01,1.744342004703027363e-19,3.248326307684171200e+08,2.069863542685385421e+07
1.635999999999975807e+04,9.854948599906967477e-01,1.762255181836671816e-19,3.250326943988727927e+08,2.072873623527534306e+07
1.636999999999975989e+04,9.853475769106498916e-01,1.780790688059167338e-19,3.252327726338887811e+08,2.075940171691902727e+07
1.637999999999976171e+04,9.851970860902494742e-01,1.799984977932269219e-19,3.254328663892656565e+08,2.079067341784863546e+07
1.638999999999976353e+04,9.850432618145165131e-01,1.819877874280237567e-19,3.256329766481758952e+08,2.082259708586184308e+07
1.639999999999976353e+04,9.848859684604444054e-01,1.840513002278268003e-19,3.258331044693064094e+08,2.085522323906012625e+07
1.640999999999976717e+04,9.847250592868793673e-01,1.861938294639616011e-19,3.260332509963763952e+08,2.088860782954071462e+07
1.641999999999976717e+04,9.845603750380664820e-01,1.884206585017425204e-19,3.262334174693138003e+08,2.092281302547285706e+07
1.642999999999976717e+04,9.843917422985941634e-01,1.907376305399515921e-19,3.264336052374616265e+08,2.095790813636162132e+07
1.643999999999977081e+04,9.842189715657116977e-01,1.931512314023845793e-19,3.266338157752668858e+08,2.099397070802243799e+07
1.644999999999977081e+04,9.840418549682944382e-01,1.956686878850217273e-19,3.268340507010556459e+08,2.103108783439160511e+07
1.645999999999977445e+04,9.838601635644801391e-01,1.982980859574329119e-19,3.270343117996494174e+08,2.106935773351175338e+07
1.646999999999977445e+04,9.836736440926159286e-01,2.010485130678381950e-19,3.272346010498146415e+08,2.110889165201289579e+07
1.647999999999977808e+04,9.834820150670655625e-01,2.039302313708622759e-19,3.274349206578592062e+08,2.114981618651551381e+07
1.648999999999977808e+04,9.832849620264825230e-01,2.069548896216254836e-19,3.276352730991119742e+08,2.119227613158147410e+07
1.649999999999977808e+04,9.830821317190792108e-01,2.101357850056466189e-19,3.278356611696492434e+08,2.123643800183720142e+07
1.650999999999978172e+04,9.828731249169937456e-01,2.134881894293929819e-19,3.280360880514681339e+08,2.128249442937868834e+07
1.651999999999978172e+04,9.826574874365416878e-01,2.170297600693477603e-19,3.282365573955848813e+08,2.133066969981709495e+07
1.652999999999978536e+04,9.824346988268278791e-01,2.207810617088641984e-19,3.284370734294090271e+08,2.138122680157595873e+07
1.653999999999978536e+04,9.822041579149677348e-01,2.247662391041380642e-19,3.286376410975941420e+08,2.143447649847228453e+07
1.654999999999978900e+04,9.819651641183282376e-01,2.290138938604311291e-19,3.288382662502154708e+08,2.149078915689386055e+07
1.655999999999978900e+04,9.817168929291917312e-01,2.335582448169607520e-19,3.290389559002007246e+08,2.155061037537883222e+07
1.656999999999978900e+04,9.814583632282305459e-01,2.384406880788183514e-19,3.292397185878980756e+08,2.161448195955872908e+07
1.657999999999979264e+04,9.811883929053966114e-01,2.437119334517341120e-19,3.294405649268915057e+08,2.168307056235208735e+07
1.658999999999979264e+04,9.809055373768043040e-01,2.494349901661819190e-19,3.296415085002327561e+08,2.175720755594104156e+07
1.659999999999979627e+04,9.806080023749034202e-01,2.556894389522571715e-19,3.298425675527477264e+08,2.183794578882675990e+07
1.660999999999979627e+04,9.802935168249684583e-01,2.625777132445519709e-19,3.300437687750554681e+08,2.192664246602487192e+07
1.661999999999979991e+04,9.799591414907449227e-01,2.702346358855459051e-19,3.302451571385356188e+08,2.202508384270241857e+07
1.662999999999979991e+04,9.796009693876691626e-01,2.788424735502960607e-19,3.304468240432726741e+08,2.213567953926574066e+07
1.663999999999979991e+04,9.792136331266909632e-01,2.886558857151607716e-19,3.306489913743107319e+08,2.226177841623937711e+07
1.664999999999980355e+04,9.787894413833451157e-01,3.000459566942908857e-19,3.308522637550135255e+08,2.240820914106852189e+07
1.665999999999980355e+04,9.783167320732750749e-01,3.135846719329587980e-19,3.310583712196008563e+08,2.258226611365087703e+07
1.666999999999980719e+04,9.777763602480600280e-01,3.302261255743466766e-19,3.312722763483425379e+08,2.279565826056694984e+07
1.667999999999980719e+04,9.771330277679601828e-01,3.517571824937843895e-19,3.315078306774012446e+08,2.306878951995730400e+07
1.668999999999981083e+04,9.763092674771312041e-01,3.821646813566241535e-19,3.318017408048182726e+08,2.344179050851835683e+07
1.669999999999981083e+04,9.750804776461590162e-01,4.332390213442582507e-19,3.322427816388432980e+08,2.401252254677470773e+07
1.670999999999981083e+04,9.723637004003002904e-01,5.632954748210987241e-19,3.329883910679064989e+08,2.506247717480999604e+07
1.671999999999981446e+04,9.599641305121584534e-01,1.220511231297590395e-18,3.339124587914755940e+08,2.620170818909032643e+07
1.672999999999981446e+04,9.218571210585759790e-01,3.265369651548181973e-18,3.345726718583370447e+08,2.536276817695200443e+07
1.673999999999981810e+04,8.673193557477056892e-01,6.205745430607590250e-18,3.349879145956560373e+08,2.358250548413123935e+07
1.674999999999981810e+04,8.163413268275939716e-01,9.287272634729278416e-18,3.352900560640702248e+08,2.174202854423150048e+07
1.675999999999982174e+04,7.912560153829579779e-01,1.185123617797559283e-17,3.355416788951511979e+08,2.063120123253953084e+07
1.676999999999982174e+04,7.882775689072191172e-01,1.374947292834423875e-17,3.357689924342522621e+08,2.028155035917306691e+07
1.677999999999982174e+04,7.919385057635586200e-01,1.516993892004701121e-17,3.359830598520973325e+08,2.021917048389756307e+07
1.678999999999982538e+04,7.962091024631250402e-01,1.626997808379059174e-17,3.361888104987169504e+08,2.022469470098475367e+07
1.679999999999982538e+04,7.999766513013404357e-01,1.714288852975837107e-17,3.363888119626198411e+08,2.024439809541253000e+07
1.680999999999982901e+04,8.031806849098762635e-01,1.784524505906469300e-17,3.365845959449936152e+08,2.026607747076515481e+07
1.681999999999982901e+04,8.059258292325173212e-01,1.841392521167208734e-17,3.367771651307614446e+08,2.028713093920028582e+07
1.682999999999983265e+04,8.083180933765350407e-01,1.887463185949482502e-17,3.369672199034315944e+08,2.030730735140013322e+07
1.683999999999983265e+04,8.104372220558563322e-01,1.924625650314895656e-17,3.371552732122131586e+08,2.032678948846507445e+07
1.684999999999983265e+04,8.123410870879721468e-01,1.954326006730230380e-17,3.373417144280187488e+08,2.034580982982953638e+07
1.685999999999983629e+04,8.140714522068428494e-01,1.977706055713142463e-17,3.375268474870435596e+08,2.036454897314481810e+07
1.686999999999983629e+04,8.156587820571739034e-01,1.995689123360538782e-17,3.377109149896648526e+08,2.038312662899173796e+07
1.687999999999983993e+04,8.171258350833079387e-01,2.009035917524552308e-17,3.378941141306720376e+08,2.040161960144802928e+07
1.688999999999983993e+04,8.184898915221330284e-01,2.018382500291462587e-17,3.380766076325683594e+08,2.042007202605048940e+07
1.689999999999984357e+04,8.197643629539937971e-01,2.024267072834927121e-17,3.382585314800861478e+08,2.043850743418956548e+07
1.690999999999984357e+04,8.209598469247190167e-01,2.027149469030190734e-17,3.384400005384662747e+08,2.045693587986610085e+07
1.691999999999984720e+04,8.220848525942406892e-01,2.027425723955346605e-17,3.386211127249674797e+08,2.047535869718752056e+07
1.692999999999984720e+04,8.231463218961890815e-01,2.025439210312591867e-17,3.388019521664055586e+08,2.049377204955540597e+07
1.693999999999984720e+04,8.241499898731390328e-01,2.021489317635946088e-17,3.389825916295024753e+08,2.051216885884778574e+07
1.694999999999985084e+04,8.251006543251231395e-01,2.015838331595622102e-17,3.391630944193240404e+08,2.053054030052150786e+07
1.695999999999985084e+04,8.260023721677236530e-01,2.008716967547982263e-17,3.393435158817693591e+08,2.054887666706570238e+07
1.696999999999985448e+04,8.268586075328945295e-01,2.000328878226316399e-17,3.395239046066514254e+08,2.056716792831241339e+07
1.697999999999985448e+04,8.276723456042829330e-01,1.990854364108104715e-17,3.397043034012222290e+08,2.058540410779894516e+07
1.698999999999985812e+04,8.284461797414843787e-01,1.980453456280725846e-17,3.398847500856535435e+08,2.060357547734801844e+07
1.699999999999985812e+04,8.291823806421835252e-01,1.969268502190211251e-17,3.400652781487028599e+08,2.062167269377623498e+07
1.700999999999985812e+04,8.298829508002514288e-01,1.957426352793697665e-17,3.402459172925063968e+08,2.063968685822295025e+07
1.701999999999986176e+04,8.305496684090859505e-01,1.945040222877839076e-17,3.404266938885228634e+08,2.065760954326449707e+07
1.702999999999986176e+04,8.311841229665672959e-01,1.932211282113872393e-17,3.406076313618007302e+08,2.067543279818488657e+07
1.703999999999986539e+04,8.317877443344954269e-01,1.919030025826619662e-17,3.407887505169033408e+08,2.069314913410452753e+07
1.704999999999986539e+04,8.323618268280770227e-01,1.905577461075568057e-17,3.409700698159676194e+08,2.071075150631596148e+07
1.705999999999986903e+04,8.329075491904410766e-01,1.891926136229175060e-17,3.411516056172992587e+08,2.072823328829281777e+07
1.706999999999986903e+04,8.334259913792634311e-01,1.878141040278378298e-17,3.413333723811833262e+08,2.074558824647903815e+07
1.707999999999986903e+04,8.339181487094891043e-01,1.864280389974748116e-17,3.415153828483311534e+08,2.076281051475619897e+07
1.708999999999987267e+04,8.343849438680291941e-01,1.850396321391111364e-17,3.416976481953895688e+08,2.077989456878498569e+07
1.709999999999987267e+04,8.348272371677245562e-01,1.836535499975882865e-17,3.418801781710746288e+08,2.079683520623423159e+07
1.710999999999987631e+04,8.352458353337062213e-01,1.822739659136950461e-17,3.420629812159818411e+08,2.081362752426260710e+07
1.711999999999987631e+04,8.356414990779246210e-01,1.809046078312742914e-17,3.422460645684477687e+08,2.083026690366168320e+07
1.712999999999987995e+04,8.360149496383231238e-01,1.795488006897539718e-17,3.424294343586717248e+08,2.084674899468521774e+07
1.713999999999987995e+04,8.363668744466412619e-01,1.782095042409667698e-17,3.426130956926258206e+08,2.086306970422322676e+07
1.714999999999987995e+04,8.366979320485323779e-01,1.768893467351867751e-17,3.427970527274340391e+08,2.087922518795615062e+07
1.715999999999988358e+04,8.370087563806569708e-01,1.755906550411914962e-17,3.429813087393544316e+08,2.089521184257564321e+07
1.716999999999988358e+04,8.372999604808257779e-01,1.743154816814237057e-17,3.431658661851359010e+08,2.091102630206085742e+07
1.717999999999988722e+04,8.375721397174298311e-01,1.730656290093348357e-17,3.433507267584632039e+08,2.092666543597268313e+07
1.718999999999988722e+04,8.378258745769486815e-01,1.718426711143453254e-17,3.435358914411225915e+08,2.094212634783007950e+07
1.719999999999989086e+04,8.380617330691052524e-01,1.706479742804849215e-17,3.437213605502557158e+08,2.095740637907481566e+07
1.720999999999989086e+04,8.382802727842072477e-01,1.694827175012055445e-17,3.439071337815959454e+08,2.097250310886257514e+07
1.721999999999989086e+04,8.384820426420847017e-01,1.683479082213523793e-17,3.440932102472563386e+08,2.098741436377476156e+07
1.722999999999989450e+04,8.386675843631017369e-01,1.672443813874390392e-17,3.442795885135060549e+08,2.100213822017052025e+07
1.723999999999989450e+04,8.388374337072630471e-01,1.661728132088750516e-17,3.444662665949614644e+08,2.101667303426237404e+07
1.724999999999989814e+04,8.389921208030298727e-01,1.651337259603933687e-17,3.446532422897079587e+08,2.103101727851102501e+07
1.725999999999989814e+04,8.391321724808507021e-01,1.641276044470366803e-17,3.448405126800671220e+08,2.104516984532024711e+07
1.726999999999990177e+04,8.392581116876719483e-01,1.631547758982044855e-17,3.450280743099526167e+08,2.105912997967988625e+07
1.727999999999990177e+04,8.393704571022214678e-01,1.622154499331297162e-17,3.452159237881750464e+08,2.107289694710787386e+07
1.728999999999990177e+04,8.394697247427460596e-01,1.613097285186212557e-17,3.454040570747719407e+08,2.108647046793828905e+07
1.729999999999990541e+04,8.395564274012010664e-01,1.604376371036297014e-17,3.455924698761461973e+08,2.109985051047303528e+07
1.730999999999990541e+04,8.396310745585161550e-01,1.595991208986524824e-17,3.457811576103368402e+08,2.111303732903534919e+07
1.731999999999990905e+04,8.396941721536850256e-01,1.587940494276435215e-17,3.459701154297206998e+08,2.112603146743832901e+07
1.732999999999990905e+04,8.397462222338560878e-01,1.580222231137475363e-17,3.461593382461833954e+08,2.113883376005891338e+07
1.733999999999991269e+04,8.397877224985279554e-01,1.572833790917047184e-17,3.463488207561828494e+08,2.115144533030609041e+07
1.734999999999991269e+04,8.398191657632417817e-01,1.565771965443743335e-17,3.465385574649817944e+08,2.116386758685436100e+07
1.735999999999991269e+04,8.398410393499491366e-01,1.559033017627876250e-17,3.467285427102907896e+08,2.117610222007594258e+07
1.736999999999991633e+04,8.398538244231383842e-01,1.552612729321702857e-17,3.469187706851871610e+08,2.118815119469017908e+07
1.737999999999991633e+04,8.398579952808796767e-01,1.546506446650082969e-17,3.471092354604052901e+08,2.120001674213933200e+07
1.738999999999991996e+04,8.398540186211055358e-01,1.540709122813120442e-17,3.472999310057260394e+08,2.121170135042628273e+07
1.739999999999991996e+04,8.398423527929200771e-01,1.535215358575318732e-17,3.474908512109883428e+08,2.122320775391237065e+07
1.740999999999992360e+04,8.398234470436278798e-01,1.530019440753697394e-17,3.476819899057649374e+08,2.123453891723231226e+07
1.741999999999992360e+04,8.397977407834321673e-01,1.525115378768944755e-17,3.478733408788303137e+08,2.124569802394054458e+07
1.742999999999992360e+04,8.397656628643408450e-01,1.520496939392097182e-17,3.480648978962850571e+08,2.125668845969101414e+07
1.743999999999992724e+04,8.397276308992652760e-01,1.516157679824382680e-17,3.482566547189534903e+08,2.126751379412202910e+07
1.744999999999992724e+04,8.396840506221184830e-01,1.512090979026540544e-17,3.484486051190572977e+08,2.127817776483481377e+07
1.745999999999993088e+04,8.396353152946245402e-01,1.508290067635594652e-17,3.486407428956478834e+08,2.128868425668657199e+07
1.746999999999993088e+04,8.395818051787213854e-01,1.504748056167414449e-17,3.488330618893485069e+08,2.129903728534054756e+07
1.747999999999993452e+04,8.395238870729306857e-01,1.501457961763898746e-17,3.490255559959790707e+08,2.130924097595676035e+07
1.748999999999993452e+04,8.394619139118429940e-01,1.498412733560852863e-17,3.492182191791873574e+08,2.131929954400238395e+07
1.749999999999993452e+04,8.393962244473123224e-01,1.495605276427604166e-17,3.494110454821463823e+08,2.132921727596152201e+07
1.750999999999993815e+04,8.393271429998259148e-01,1.493028473232023654e-17,3.496040290381826758e+08,2.133899851060715690e+07
1.751999999999993815e+04,8.392549792863991387e-01,1.490675205656628833e-17,3.497971640804797411e+08,2.134864761992966756e+07
1.752999999999994179e+04,8.391800283266713789e-01,1.488538373718322819e-17,3.499904449507741332e+08,2.135816899155974761e+07
1.753999999999994179e+04,8.391025704190220313e-01,1.486610913782119083e-17,3.501838661071081161e+08,2.136756701152466238e+07
1.754999999999994543e+04,8.390228711915014292e-01,1.484885815163137354e-17,3.503774221306403279e+08,2.137684604791638255e+07
1.755999999999994543e+04,8.389411817172539587e-01,1.483356135282839977e-17,3.505711077315616012e+08,2.138601043562831357e+07
1.756999999999994543e+04,8.388577386976836525e-01,1.482015013504099427e-17,3.507649177541396618e+08,2.139506446304796264e+07
1.757999999999994907e+04,8.387727647031110179e-01,1.480855683587177031e-17,3.509588471809412837e+08,2.140401235808260366e+07
1.758999999999994907e+04,8.386864684657278080e-01,1.479871484862935285e-17,3.511528911362636685e+08,2.141285827723279223e+07
1.759999999999995271e+04,8.385990452252300997e-01,1.479055872189237462e-17,3.513470448888263106e+08,2.142160629488507286e+07
1.760999999999995271e+04,8.385106771145899307e-01,1.478402424619281261e-17,3.515413038537661433e+08,2.143026039439215884e+07
1.761999999999995634e+04,8.384215335830307314e-01,1.477904852973100879e-17,3.517356635939846635e+08,2.143882446026045457e+07
1.762999999999995634e+04,8.383317718499990745e-01,1.477557006223896471e-17,3.519301198208971620e+08,2.144730227025784180e+07
1.763999999999995634e+04,8.382415373861333840e-01,1.477352877113481031e-17,3.521246683946252465e+08,2.145569749143608660e+07
1.764999999999995998e+04,8.381509644116258428e-01,1.477286606974067257e-17,3.523193053236647844e+08,2.146401367469693348e+07
1.765999999999995998e+04,8.380601764087436401e-01,1.477352490404961332e-17,3.525140267640505433e+08,2.147225425067970157e+07
1.766999999999996362e+04,8.379692866436294629e-01,1.477544980321449895e-17,3.527088290179912448e+08,2.148042252856554091e+07
1.767999999999996362e+04,8.378783986917089921e-01,1.477858693902091439e-17,3.529037085319275260e+08,2.148852169425896928e+07
1.768999999999996726e+04,8.377876069614906829e-01,1.478288418408007309e-17,3.530986618939641118e+08,2.149655480898128822e+07
1.769999999999996726e+04,8.376969972171910417e-01,1.478829112315153174e-17,3.532936858308310509e+08,2.150452480995579064e+07
1.770999999999996726e+04,8.376066470913374751e-01,1.479475899761000802e-17,3.534887772047599554e+08,2.151243451180342585e+07
1.771999999999997090e+04,8.375166265880544803e-01,1.480224063212028790e-17,3.536839330105658174e+08,2.152028660731739923e+07
1.772999999999997090e+04,8.374269985762262669e-01,1.481069038495878727e-17,3.538791503729006648e+08,2.152808366894703731e+07
1.773999999999997453e+04,8.373378192646102613e-01,1.482006411885651940e-17,3.540744265435243845e+08,2.153582814968202636e+07
1.774999999999997453e+04,8.372491386643765576e-01,1.483031917774962927e-17,3.542697588985055089e+08,2.154352238713797927e+07
1.775999999999997817e+04,8.371610010304325611e-01,1.484141436843089867e-17,3.544651449353203773e+08,2.155116860386106744e+07
1.776999999999997817e+04,8.370734452884877053e-01,1.485330994376120847e-17,3.546605822698338628e+08,2.155876891149422526e+07
1.777999999999997817e+04,8.369865054343771371e-01,1.486596758294456473e-17,3.548560686331655979e+08,2.156632531322368607e+07
1.778999999999998181e+04,8.369002109224166208e-01,1.487935036753205306e-17,3.550516018684726357e+08,2.157383970705303550e+07
1.779999999999998181e+04,8.368145870276298970e-01,1.489342275441311796e-17,3.552471799276760817e+08,2.158131388935944438e+07
1.780999999999998545e+04,8.367296551892251522e-01,1.490815054608199930e-17,3.554428008681526184e+08,2.158874955719988421e+07
1.781999999999998545e+04,8.366454333331686533e-01,1.492350085957361327e-17,3.556384628494129777e+08,2.159614831322103739e+07
1.782999999999998909e+04,8.365619361764820017e-01,1.493944209363639386e-17,3.558341641297781467e+08,2.160351166901751980e+07
1.783999999999998909e+04,8.364791755140302820e-01,1.495594389584156322e-17,3.560299030630669594e+08,2.161084104738443345e+07
1.784999999999998909e+04,8.363971604803439597e-01,1.497297712892699136e-17,3.562256780953035355e+08,2.161813778734972700e+07
1.785999999999999272e+04,8.363158978000948540e-01,1.499051383750696078e-17,3.564214877614496946e+08,2.162540314696704596e+07
1.786999999999999272e+04,8.362353920178106081e-01,1.500852721453216745e-17,3.566173306821694970e+08,2.163263830708163977e+07
1.787999999999999636e+04,8.361556457117831354e-01,1.502699156819814591e-17,3.568132055606296659e+08,2.163984437396365777e+07
1.788999999999999636e+04,8.360766596934041672e-01,1.504588228924738541e-17,3.570091111793401241e+08,2.164702238396862894e+07
1.790000000000000000e+04,8.359984331873752117e-01,1.506517581863285825e-17,3.572050463970381021e+08,2.165417330595844239e+07
1.791000000000000000e+04,8.359209640038398614e-01,1.508484961561659879e-17,3.574010101456182003e+08,2.166129804409416392e+07
1.792000000000000000e+04,8.358442486940447225e-01,1.510488212590727256e-17,3.575970014271156192e+08,2.166839744233265892e+07
1.793000000000000364e+04,8.357682826917643970e-01,1.512525275050151398e-17,3.577930193107407689e+08,2.167547228586824238e+07
1.794000000000000364e+04,8.356930604460668377e-01,1.514594181423788152e-17,3.579890629299763441e+08,2.168252330535411462e+07
1.795000000000000728e+04,8.356185755417634420e-01,1.516693053433757475e-17,3.581851314797374606e+08,2.168955117913998291e+07
1.796000000000000728e+04,8.355448208099730545e-01,1.518820098950947663e-17,3.583812242136040330e+08,2.169655653590843081e+07
1.797000000000001091e+04,8.354717884264443173e-01,1.520973608785326136e-17,3.585773404411276579e+08,2.170353995667544007e+07
1.798000000000001091e+04,8.353994700072611135e-01,1.523151953556274007e-17,3.587734795252240896e+08,2.171050197920771688e+07
1.799000000000001091e+04,8.353278566902956337e-01,1.525353580456485441e-17,3.589696408796544671e+08,2.171744309879076481e+07
1.800000000000001455e+04,8.352569392116748759e-01,1.527577010076464779e-17,3.591658239666015506e+08,2.172436377102756873e+07
1.801000000000001455e+04,8.351867079752163248e-01,1.529820833182108932e-17,3.593620282943465114e+08,2.173126441353656724e+07
1.802000000000001819e+04,8.351171531159033989e-01,1.532083707493751025e-17,3.595582534150510430e+08,2.173814540880259126e+07
1.803000000000001819e+04,8.350482645560983741e-01,1.534364354534601294e-17,3.597544989226468205e+08,2.174500710602216795e+07
1.804000000000002183e+04,8.349800320570573975e-01,1.536661556532128877e-17,3.599507644508311749e+08,2.175184982204400375e+07
1.805000000000002183e+04,8.349124452651819350e-01,1.538974153332015460e-17,3.601470496711720228e+08,2.175867384420346096e+07
1.806000000000002183e+04,8.348454937557689970e-01,1.541301039472313010e-17,3.603433542913188338e+08,2.176547943172046915e+07
1.807000000000002547e+04,8.347791670682299658e-01,1.543641161303985917e-17,3.605396780533163548e+08,2.177226681577812135e+07
1.808000000000002547e+04,8.347134547425609785e-01,1.545993514295586517e-17,3.607360207320162654e+08,2.177903620341425017e+07
1.809000000000002910e+04,8.346483463465561581e-01,1.548357140396321427e-17,3.609323821335834861e+08,2.178578777720543370e+07
1.810000000000002910e+04,8.345838315065494672e-01,1.550731125606835739e-17,3.611287620940888524e+08,2.179252169674101099e+07
1.811000000000003274e+04,8.345198999280611929e-01,1.553114597664504375e-17,3.613251604781827331e+08,2.179923810011593997e+07
1.812000000000003274e+04,8.344565414191196240e-01,1.555506723880660836e-17,3.615215771778420210e+08,2.180593710507970303e+07
1.813000000000003274e+04,8.343937459078827334e-01,1.557906709124801826e-17,3.617180121111842990e+08,2.181261880970377848e+07
1.814000000000003638e+04,8.343315034605890412e-01,1.560313793952505070e-17,3.619144652213422656e+08,2.181928329329311848e+07
1.815000000000003638e+04,8.342698042932148450e-01,1.562727252870000040e-17,3.621109364753912091e+08,2.182593061841468513e+07
1.816000000000004002e+04,8.342086387854530383e-01,1.565146392702001182e-17,3.623074258633245230e+08,2.183256083000310138e+07
1.817000000000004002e+04,8.341479974913252882e-01,1.567570551084653250e-17,3.625039333970733285e+08,2.183917395772162825e+07
1.818000000000004366e+04,8.340878711470460782e-01,1.569999095086913674e-17,3.627004591095618606e+08,2.184577001614527404e+07
1.819000000000004366e+04,8.340282506776930393e-01,1.572431419878654910e-17,3.628970030537974238e+08,2.185234900502225384e+07
1.820000000000004366e+04,8.339691272041822590e-01,1.574866947537870695e-17,3.630935653019896150e+08,2.185891091108625755e+07
1.821000000000004729e+04,8.339104920483564332e-01,1.577305125870817774e-17,3.632901459446977973e+08,2.186545570815944299e+07
1.822000000000004729e+04,8.338523367335043401e-01,1.579745427389145572e-17,3.634867450900015831e+08,2.187198335777303576e+07
1.823000000000005093e+04,8.337946529890153391e-01,1.582187348273759754e-17,3.636833628626930714e+08,2.187849380937695131e+07
1.824000000000005093e+04,8.337374327519890826e-01,1.584630407386813375e-17,3.638799994034905434e+08,2.188498700227015465e+07
1.825000000000005457e+04,8.336806681661015350e-01,1.587074145434349836e-17,3.640766548682706356e+08,2.189146286463846266e+07
1.826000000000005457e+04,8.336243515821961658e-01,1.589518124049049622e-17,3.642733294273169637e+08,2.189792131558217108e+07
1.827000000000005821e+04,8.335684755580625716e-01,1.591961925004965804e-17,3.644700232645874023e+08,2.190436226458566636e+07
1.828000000000005821e+04,8.335130328551690893e-01,1.594405149416525151e-17,3.646667365769944787e+08,2.191078561222068220e+07
1.829000000000005821e+04,8.334580164375408051e-01,1.596847416999880688e-17,3.648634695737047791e+08,2.191719125124213099e+07
1.830000000000006185e+04,8.334034194703139331e-01,1.599288365351655554e-17,3.650602224754508734e+08,2.192357906704116985e+07
1.831000000000006185e+04,8.333492353136249253e-01,1.601727649277299430e-17,3.652569955138587356e+08,2.192994893736227974e+07
1.832000000000006548e+04,8.332954575207566217e-01,1.604164940136756462e-17,3.654537889307876825e+08,2.193630073313147947e+07
1.833000000000006548e+04,8.332420798366824144e-01,1.606599925172744037e-17,3.656506029776876569e+08,2.194263431891163439e+07
1.834000000000006912e+04,8.331890961897556735e-01,1.609032306968903639e-17,3.658474379149682522e+08,2.194894955444157869e+07
1.835000000000006912e+04,8.331365006897725189e-01,1.611461802809735750e-17,3.660442940113821626e+08,2.195524629345179722e+07
1.836000000000006912e+04,8.330842876233937044e-01,1.613888144174222951e-17,3.662411715434223413e+08,2.196152438405356556e+07
1.837000000000007276e+04,8.330324514479064968e-01,1.616311076180886301e-17,3.664380707947321534e+08,2.196778367079446092e+07
1.838000000000007276e+04,8.329809867888329222e-01,1.618730357048109263e-17,3.666349920555304289e+08,2.197402399424866214e+07
1.839000000000007640e+04,8.329298884321176821e-01,1.621145757651634805e-17,3.668319356220489740e+08,2.198024519011863321e+07
1.840000000000007640e+04,8.328791513200815011e-01,1.623557061021219759e-17,3.670289017959833741e+08,2.198644709118116274e+07
1.841000000000008004e+04,8.328287705472505742e-01,1.625964061883676971e-17,3.672258908839574456e+08,2.199262952771108225e+07
1.842000000000008004e+04,8.327787413532339311e-01,1.628366566252681805e-17,3.674229031970009208e+08,2.199879232630639523e+07
1.843000000000008004e+04,8.327290591179945523e-01,1.630764390995759616e-17,3.676199390500400066e+08,2.200493531193585321e+07
1.844000000000008367e+04,8.326797193575992129e-01,1.633157363446267563e-17,3.678169987614015937e+08,2.201105830718500540e+07
1.845000000000008367e+04,8.326307177166160089e-01,1.635545320997650165e-17,3.680140826523293853e+08,2.201716113272595406e+07
1.846000000000008731e+04,8.325820499649014828e-01,1.637928110766538995e-17,3.682111910465136766e+08,2.202324360818725452e+07
1.847000000000008731e+04,8.325337119921378815e-01,1.640305589227646901e-17,3.684083242696348429e+08,2.202930555154786631e+07
1.848000000000009095e+04,8.324856997997107655e-01,1.642677621885953159e-17,3.686054826489163637e+08,2.203534677991131693e+07
1.849000000000009095e+04,8.324380095004155766e-01,1.645044082921849183e-17,3.688026665126950741e+08,2.204136711086305976e+07
1.850000000000009095e+04,8.323906373090614874e-01,1.647404854921451636e-17,3.689998761900014877e+08,2.204736636016630381e+07
1.851000000000009459e+04,8.323435795388451908e-01,1.649759828564010133e-17,3.691971120101525187e+08,2.205334434411551431e+07
1.852000000000009459e+04,8.322968325986342952e-01,1.652108902321093621e-17,3.693943743023574948e+08,2.205930087919567153e+07
1.853000000000009823e+04,8.322503929845167514e-01,1.654451982203286839e-17,3.695916633953374028e+08,2.206523578238210455e+07
1.854000000000009823e+04,8.322042572767797131e-01,1.656788981485810933e-17,3.697889796169547439e+08,2.207114887102840468e+07
1.855000000000010186e+04,8.321584221372604340e-01,1.659119820444413134e-17,3.699863232938576937e+08,2.207703996348392218e+07
1.856000000000010186e+04,8.321128843022240762e-01,1.661444426127117560e-17,3.701836947511355877e+08,2.208290887925767154e+07
1.857000000000010186e+04,8.320676405784208640e-01,1.663762732118625126e-17,3.703810943119865060e+08,2.208875543866609037e+07
1.858000000000010550e+04,8.320226878407501747e-01,1.666074678286248562e-17,3.705785222973980904e+08,2.209457946389524639e+07
1.859000000000010550e+04,8.319780230271464072e-01,1.668380210578830539e-17,3.707759790258409977e+08,2.210038077883327007e+07
1.860000000000010914e+04,8.319336431356292305e-01,1.670679280814780441e-17,3.709734648129723668e+08,2.210615920880875736e+07
1.861000000000010914e+04,8.318895452180113947e-01,1.672971846471952015e-17,3.711709799713540077e+08,2.211191458177623153e+07
1.862000000000011278e+04,8.318457263802032653e-01,1.675257870473765621e-17,3.713685248101804256e+08,2.211764672754495218e+07
1.863000000000011278e+04,8.318021837772349159e-01,1.677537321017170912e-17,3.715660996350210905e+08,2.212335547764962539e+07
1.864000000000011278e+04,8.317589146094523933e-01,1.679810171355934732e-17,3.717637047475732565e+08,2.212904066694126651e+07
1.865000000000011642e+04,8.317159161200011752e-01,1.682076399645532876e-17,3.719613404454271793e+08,2.213470213285999373e+07
1.866000000000011642e+04,8.316731855936820850e-01,1.684335988740422703e-17,3.721590070218437910e+08,2.214033971498621628e+07
1.867000000000012005e+04,8.316307203508990220e-01,1.686588926034145031e-17,3.723567047655422091e+08,2.214595325702422485e+07
1.868000000000012005e+04,8.315885177487190028e-01,1.688835203276468033e-17,3.725544339605013132e+08,2.215154260378539190e+07
1.869000000000012369e+04,8.315465751766156766e-01,1.691074816408643496e-17,3.727521948857730031e+08,2.215710760513621941e+07
1.870000000000012369e+04,8.315048900528783093e-01,1.693307765428358762e-17,3.729499878153036833e+08,2.216264811290914193e+07
1.871000000000012369e+04,8.314634598271434252e-01,1.695534054174134268e-17,3.731478130177710652e+08,2.216816398298094422e+07
1.872000000000012733e+04,8.314222819739380821e-01,1.697753690222039462e-17,3.733456707564308643e+08,2.217365507439638674e+07
1.873000000000012733e+04,8.313813539932627394e-01,1.699966684702685397e-17,3.735435612889742851e+08,2.217912124919549748e+07
1.874000000000013097e+04,8.313406734084649585e-01,1.702173052168140503e-17,3.737414848673969507e+08,2.218456237432139739e+07
1.875000000000013097e+04,8.313002377635808626e-01,1.704372810438787730e-17,3.739394417378787398e+08,2.218997831894375384e+07
1.876000000000013461e+04,8.312600446251371400e-01,1.706565980440640161e-17,3.741374321406752467e+08,2.219536895674928278e+07
1.877000000000013461e+04,8.312200915775744825e-01,1.708752586105555968e-17,3.743354563100189567e+08,2.220073416514777765e+07
1.878000000000013461e+04,8.311803762232158332e-01,1.710932654180167359e-17,3.745335144740309119e+08,2.220607382536028698e+07
1.879000000000013824e+04,8.311408961826861619e-01,1.713106214152159993e-17,3.747316068546431661e+08,2.221138782226066291e+07
1.880000000000013824e+04,8.311016490920241084e-01,1.715273298046905863e-17,3.749297336675313115e+08,2.221667604475926608e+07
1.881000000000014188e+04,8.310626326024774801e-01,1.717433940359004658e-17,3.751278951220572591e+08,2.222193838558084518e+07
1.882000000000014188e+04,8.310238443814156328e-01,1.719588177869142615e-17,3.753260914212217331e+08,2.222717474192452431e+07
1.883000000000014552e+04,8.309852821083232310e-01,1.721736049564297387e-17,3.755243227616256475e+08,2.223238501421326771e+07
1.884000000000014552e+04,8.309469434785401454e-01,1.723877596476160538e-17,3.757225893334416747e+08,2.223756910775598884e+07
1.885000000000014552e+04,8.309088262002654046e-01,1.726012861571159850e-17,3.759208913203955293e+08,2.224272693130569905e+07
1.886000000000014916e+04,8.308709279933202962e-01,1.728141889658882129e-17,3.761192288997545242e+08,2.224785839715689793e+07
1.887000000000014916e+04,8.308332465918312204e-01,1.730264727214598911e-17,3.763176022423258424e+08,2.225296342273539677e+07
1.888000000000015280e+04,8.307957797417570012e-01,1.732381422319937654e-17,3.765160115124639273e+08,2.225804192863138020e+07
1.889000000000015280e+04,8.307585252018450106e-01,1.734492024515786294e-17,3.767144568680858016e+08,2.226309383945151791e+07
1.890000000000015643e+04,8.307214807434608606e-01,1.736596584705093564e-17,3.769129384606931210e+08,2.226811908460174501e+07
1.891000000000015643e+04,8.306846441492974353e-01,1.738695155050256064e-17,3.771114564354032874e+08,2.227311759614920244e+07
1.892000000000015643e+04,8.306480132162822327e-01,1.740787788838477577e-17,3.773100109309882522e+08,2.227808931086896360e+07
1.893000000000016007e+04,8.306115857528514335e-01,1.742874540421879427e-17,3.775086020799193978e+08,2.228303416929655522e+07
1.894000000000016007e+04,8.305753595804250544e-01,1.744955465081821947e-17,3.777072300084198713e+08,2.228795211579026654e+07
1.895000000000016371e+04,8.305393325342877997e-01,1.747030618922198103e-17,3.779058948365247846e+08,2.229284309854485467e+07
1.896000000000016371e+04,8.305035024617362094e-01,1.749100058814118321e-17,3.781045966781463027e+08,2.229770706932533905e+07
1.897000000000016735e+04,8.304678672247023385e-01,1.751163842259873885e-17,3.783033356411457658e+08,2.230254398342054710e+07
1.898000000000016735e+04,8.304324246987424551e-01,1.753222027333967741e-17,3.785021118274098635e+08,2.230735380005315691e+07
1.899000000000016735e+04,8.303971727736929598e-01,1.755274672560780963e-17,3.787009253329355121e+08,2.231213648252612725e+07
1.900000000000017099e+04,8.303621093541767584e-01,1.757321836859136171e-17,3.788997762479176521e+08,2.231689199695567787e+07
1.901000000000017099e+04,8.303272323597530313e-01,1.759363579422618396e-17,3.790986646568430662e+08,2.232162031227231398e+07
1.902000000000017462e+04,8.302925397260233487e-01,1.761399959683881587e-17,3.792975906385886669e+08,2.232632140258308873e+07
1.903000000000017462e+04,8.302580294039854092e-01,1.763431037188300831e-17,3.794965542665242553e+08,2.233099524415110052e+07
1.904000000000017826e+04,8.302236993608685944e-01,1.765456871550841073e-17,3.796955556086188555e+08,2.233564181639856473e+07
1.905000000000017826e+04,8.301895475826159831e-01,1.767477522353062077e-17,3.798945947275521755e+08,2.234026110279094428e+07
1.906000000000017826e+04,8.301555720699091978e-01,1.769493049110581926e-17,3.800936716808295846e+08,2.234485308897238970e+07
1.907000000000018190e+04,8.301217708424057928e-01,1.771503511178520945e-17,3.802927865208980441e+08,2.234941776379401982e+07
1.908000000000018190e+04,8.300881419395891303e-01,1.773508967656212234e-17,3.804919392952687144e+08,2.235395512000518665e+07
1.909000000000018554e+04,8.300546834170148269e-01,1.775509477397412796e-17,3.806911300466395020e+08,2.235846515182213858e+07
1.910000000000018554e+04,8.300213933521177756e-01,1.777505098875383054e-17,3.808903588130213618e+08,2.236294785727610812e+07
1.911000000000018917e+04,8.299882698410222526e-01,1.779495890172266193e-17,3.810896256278672218e+08,2.236740323683337122e+07
1.912000000000018917e+04,8.299553109996806732e-01,1.781481908907573608e-17,3.812889305202015042e+08,2.237183129366976023e+07
1.913000000000018917e+04,8.299225149655927725e-01,1.783463212174435077e-17,3.814882735147527456e+08,2.237623203289733827e+07
1.914000000000019281e+04,8.298898798966825030e-01,1.785439856497246182e-17,3.816876546320869327e+08,2.238060546299397200e+07
1.915000000000019281e+04,8.298574039737265373e-01,1.787411897801098400e-17,3.818870738887422681e+08,2.238495159371820837e+07
1.916000000000019645e+04,8.298250853986581799e-01,1.789379391331521450e-17,3.820865312973648906e+08,2.238927043816230446e+07
1.917000000000019645e+04,8.297929223958709910e-01,1.791342391642167813e-17,3.822860268668456078e+08,2.239356201161142066e+07
1.918000000000020009e+04,8.297609132137081511e-01,1.793300952523636834e-17,3.824855606024568677e+08,2.239782633034224808e+07
1.919000000000020009e+04,8.297290561223817917e-01,1.795255127007386672e-17,3.826851325059901476e+08,2.240206341363555938e+07
1.920000000000020009e+04,8.296973494170168939e-01,1.797204967280944384e-17,3.828847425758935213e+08,2.240627328265528008e+07
1.921000000000020373e+04,8.296657914155317615e-01,1.799150524706780660e-17,3.830843908074087501e+08,2.241045595986847579e+07
1.922000000000020373e+04,8.296343804614089157e-01,1.801091849737555648e-17,3.832840771927082539e+08,2.241461147016685829e+07
1.923000000000020736e+04,8.296031149225303603e-01,1.803028991927178113e-17,3.834838017210318446e+08,2.241873983965357766e+07
1.924000000000020736e+04,8.295719931913489997e-01,1.804961999884427189e-17,3.836835643788223267e+08,2.242284109580159187e+07
1.925000000000021100e+04,8.295410136855199124e-01,1.806890921265600876e-17,3.838833651498601437e+08,2.242691526849012077e+07
1.926000000000021100e+04,8.295101748478344028e-01,1.808815802731369358e-17,3.840832040153982043e+08,2.243096238813201338e+07
1.927000000000021100e+04,8.294794751483690609e-01,1.810736689940492149e-17,3.842830809542933106e+08,2.243498248673506826e+07
1.928000000000021464e+04,8.294489130816655731e-01,1.812653627532400298e-17,3.844829959431379437e+08,2.243897559793799743e+07
1.929000000000021464e+04,8.294184871679912696e-01,1.814566659098113303e-17,3.846829489563905597e+08,2.244294175614843518e+07
1.930000000000021828e+04,8.293881959551668848e-01,1.816475827198255647e-17,3.848829399665020704e+08,2.244688099698140100e+07
1.931000000000021828e+04,8.293580380165501698e-01,1.818381173300578399e-17,3.850829689440433979e+08,2.245079335690882429e+07
1.932000000000022192e+04,8.293280119521022620e-01,1.820282737822718552e-17,3.852830358578294516e+08,2.245467887377544865e+07
1.933000000000022192e+04,8.292981163887969132e-01,1.822180560080999185e-17,3.854831406750410795e+08,2.245853758601410687e+07
1.934000000000022192e+04,8.292683499784319068e-01,1.824074678321270526e-17,3.856832833613452315e+08,2.246236953277377784e+07
1.935000000000022555e+04,8.292387114019997840e-01,1.825965129677202944e-17,3.858834638810133934e+08,2.246617475415050611e+07
1.936000000000022555e+04,8.292091993652582760e-01,1.827851950198713364e-17,3.860836821970358491e+08,2.246995329036425427e+07
1.937000000000022919e+04,8.291798126002731806e-01,1.829735174841214265e-17,3.862839382712358832e+08,2.247370518305677548e+07
1.938000000000022919e+04,8.291505498678497510e-01,1.831614837439501765e-17,3.864842320643799901e+08,2.247743047374587134e+07
1.939000000000023283e+04,8.291214099525126002e-01,1.833490970759551740e-17,3.866845635362847447e+08,2.248112920472929254e+07
1.940000000000023283e+04,8.290923916677119809e-01,1.835363606456790925e-17,3.868849326459231973e+08,2.248480141839817539e+07
1.941000000000023283e+04,8.290634938521633801e-01,1.837232775088095618e-17,3.870853393515267968e+08,2.248844715772958100e+07
1.942000000000023647e+04,8.290347153698978122e-01,1.839098506146153654e-17,3.872857836106858253e+08,2.249206646593357623e+07
1.943000000000023647e+04,8.290060551125979504e-01,1.840960828029776122e-17,3.874862653804451823e+08,2.249565938608690724e+07
1.944000000000024011e+04,8.289775119965723249e-01,1.842819768079645394e-17,3.876867846173993945e+08,2.249922596176501736e+07
1.945000000000024011e+04,8.289490849654318483e-01,1.844675352556410066e-17,3.878873412777833939e+08,2.250276623666606471e+07
1.946000000000024374e+04,8.289207729866392427e-01,1.846527606681049672e-17,3.880879353175606132e+08,2.250628025474838912e+07
1.947000000000024374e+04,8.288925750538553849e-01,1.848376554630886313e-17,3.882885666925083399e+08,2.250976805884193629e+07
1.948000000000024738e+04,8.288644901856669911e-01,1.850222219550638574e-17,3.884892353583005667e+08,2.251322969315578043e+07
1.949000000000024738e+04,8.288365174247678269e-01,1.852064623578139312e-17,3.886899412705864906e+08,2.251666520067843422e+07
1.950000000000024738e+04,8.288086558397665948e-01,1.853903787827013691e-17,3.888906843850675225e+08,2.252007462508027256e+07
1.951000000000025102e+04,8.287809045231387950e-01,1.855739732434671192e-17,3.890914646575703621e+08,2.252345800920806453e+07
1.952000000000025102e+04,8.287532625900653205e-01,1.857572476554023506e-17,3.892922820441183448e+08,2.252681539641457051e+07
1.953000000000025466e+04,8.287257291812706317e-01,1.859402038394114564e-17,3.894931365009973645e+08,2.253014682862605527e+07
1.954000000000025466e+04,8.286983034597019682e-01,1.861228435199667162e-17,3.896940279848219156e+08,2.253345234860987216e+07
1.955000000000025830e+04,8.286709846118803791e-01,1.863051683294812048e-17,3.898949564525962472e+08,2.253673199823141471e+07
1.956000000000025830e+04,8.286437718468433467e-01,1.864871798090195374e-17,3.900959218617735505e+08,2.253998581878287345e+07
1.957000000000025830e+04,8.286166643965713341e-01,1.866688794112397966e-17,3.902969241703113914e+08,2.254321385191710666e+07
1.958000000000026193e+04,8.285896615133818699e-01,1.868502684992916855e-17,3.904979633367248178e+08,2.254641613800870255e+07
1.959000000000026193e+04,8.285627624732667673e-01,1.870313483522772009e-17,3.906990393201372027e+08,2.254959271762177348e+07
1.960000000000026557e+04,8.285359665723824873e-01,1.872121201640303644e-17,3.909001520803279281e+08,2.255274362997650728e+07
1.961000000000026557e+04,8.285092731279265488e-01,1.873925850471103993e-17,3.911013015777761340e+08,2.255586891480533034e+07
1.962000000000026921e+04,8.284826814776328208e-01,1.875727440331693828e-17,3.913024877737042308e+08,2.255896861063347757e+07
1.963000000000026921e+04,8.284561909803931368e-01,1.877525980749794339e-17,3.915037106301166415e+08,2.256204275573194772e+07
1.964000000000026921e+04,8.284298010124417910e-01,1.879321480505275484e-17,3.917049701098371744e+08,2.256509138721938059e+07
1.965000000000027285e+04,8.284035109727023727e-01,1.881113947612262713e-17,3.919062661765433550e+08,2.256811454272851348e+07
1.966000000000027285e+04,8.283773202750147613e-01,1.882903389375815085e-17,3.921075987947983146e+08,2.257111225806620345e+07
1.967000000000027649e+04,8.283512283551273114e-01,1.884689812382443835e-17,3.923089679300810099e+08,2.257408456915606558e+07
1.968000000000027649e+04,8.283252346648442010e-01,1.886473222540810512e-17,3.925103735488123298e+08,2.257703151082457975e+07
1.969000000000028012e+04,8.282993386753895182e-01,1.888253625079615545e-17,3.927118156183806062e+08,2.257995311766711995e+07
1.970000000000028012e+04,8.282735398736342791e-01,1.890031024584144682e-17,3.929132941071648002e+08,2.258284942315996438e+07
1.971000000000028012e+04,8.282478377644775236e-01,1.891805425006709389e-17,3.931148089845542312e+08,2.258572046073037013e+07
1.972000000000028376e+04,8.282222318687032514e-01,1.893576829696096008e-17,3.933163602209674120e+08,2.258856626252085716e+07
1.973000000000028376e+04,8.281967217234080803e-01,1.895345241403541993e-17,3.935179477878678441e+08,2.259138686023155600e+07
1.974000000000028740e+04,8.281713068818247203e-01,1.897110662301733597e-17,3.937195716577792168e+08,2.259418228474453837e+07
1.975000000000028740e+04,8.281459869110158190e-01,1.898873094021057724e-17,3.939212318042963743e+08,2.259695256621686742e+07
1.976000000000029104e+04,8.281207613945433810e-01,1.900632537648647285e-17,3.941229282020969391e+08,2.259969773445702717e+07
1.977000000000029104e+04,8.280956299297393963e-01,1.902388993749162137e-17,3.943246608269499540e+08,2.260241781784042716e+07
1.978000000000029104e+04,8.280705921273551207e-01,1.904142462402355810e-17,3.945264296557226181e+08,2.260511284448102117e+07
1.979000000000029468e+04,8.280456476127905363e-01,1.905892943192592899e-17,3.947282346663847566e+08,2.260778284249155223e+07
1.980000000000029468e+04,8.280207960251971810e-01,1.907640435233427632e-17,3.949300758380140066e+08,2.261042783793681487e+07
1.981000000000029831e+04,8.279960370145987847e-01,1.909384937211192747e-17,3.951319531507965922e+08,2.261304785665499419e+07
1.982000000000029831e+04,8.279713702456337199e-01,1.911126447364925754e-17,3.953338665860283971e+08,2.261564292431227490e+07
1.983000000000030195e+04,8.279467953931474167e-01,1.912864963540133507e-17,3.955358161261136532e+08,2.261821306502901763e+07
1.984000000000030195e+04,8.279223121450497436e-01,1.914600483163737239e-17,3.957378017545632124e+08,2.262075830325456336e+07
1.985000000000030195e+04,8.278979202010315896e-01,1.916333003290066849e-17,3.959398234559907317e+08,2.262327866129151359e+07
1.986000000000030559e+04,8.278736192705233865e-01,1.918062520603807120e-17,3.961418812161081433e+08,2.262577416222927719e+07
1.987000000000030559e+04,8.278494090742256617e-01,1.919789031451431043e-17,3.963439750217190981e+08,2.262824482746959850e+07
1.988000000000030923e+04,8.278252893431912174e-01,1.921512531835172435e-17,3.965461048607121110e+08,2.263069067819880322e+07
1.989000000000030923e+04,8.278012598185766624e-01,1.923233017438618308e-17,3.967482707220525146e+08,2.263311173498813808e+07
1.990000000000031287e+04,8.277773202509915995e-01,1.924950483643139977e-17,3.969504725957726240e+08,2.263550801704039797e+07
1.991000000000031287e+04,8.277534704003175481e-01,1.926664925536238970e-17,3.971527104729623199e+08,2.263787954401635751e+07
1.992000000000031287e+04,8.277297100355325288e-01,1.928376337929771552e-17,3.973549843457571268e+08,2.264022633376116306e+07
1.993000000000031650e+04,8.277060389337052015e-01,1.930084715369967579e-17,3.975572942073280215e+08,2.264254840444880351e+07
1.994000000000031650e+04,8.276824568813558880e-01,1.931790052157561232e-17,3.977596400518864989e+08,2.264484577317181602e+07
1.995000000000032014e+04,8.276589636719615672e-01,1.933492342354674143e-17,3.979620218749240637e+08,2.264711845629476011e+07
1.996000000000032014e+04,8.276355591067875439e-01,1.935191579824826972e-17,3.981644396767143011e+08,2.264936646711754054e+07
1.997000000000032378e+04,8.276122429853247642e-01,1.936887758679710472e-17,3.983668935111687779e+08,2.265158979063721001e+07
1.998000000000032378e+04,8.275890154780110031e-01,1.938580853954316300e-17,3.985693811755372286e+08,2.265378962535686046e+07
1.999000000000032378e+04,8.275658760722266472e-01,1.940270876284857889e-17,3.987719047533464432e+08,2.265596486330377311e+07
2.000000177788345536e+04,8.275428198159082704e-01,1.941958154379665464e-17,3.989745045953432322e+08,2.265811356924749538e+07
2.001001066856345278e+04,8.275198350605630360e-01,1.943643540766347018e-17,3.991772844673744440e+08,2.266023920792319253e+07
2.002003378989547491e+04,8.274969059129039239e-01,1.945328199614164497e-17,3.993803866130961776e+08,2.266234434196465835e+07
2.003007826985485008e+04,8.274740160300428915e-01,1.947013323247079160e-17,3.995839578751953244e+08,2.266442916116171330e+07
2.004015125160617026e+04,8.274511496516896436e-01,1.948700078565251355e-17,3.997881432401593924e+08,2.266649500641473010e+07
2.005025989858316098e+04,8.274282912187074235e-01,1.950389627004082389e-17,3.999930882643467188e+08,2.266854312136485800e+07
2.006041139958299755e+04,8.274054253721165875e-01,1.952083124854696667e-17,4.001989391287328601e+08,2.267057468175688758e+07
2.007061297387862578e+04,8.273825369448226663e-01,1.953781723842549904e-17,4.004058427406367660e+08,2.267259079526310414e+07
2.008087187635278315e+04,8.273596109532495024e-01,1.955486571844734798e-17,4.006139468403391838e+08,2.267459250182158127e+07
2.009119540265732576e+04,8.273366325898283691e-01,1.957198813443470493e-17,4.008234001213908195e+08,2.267658076623290405e+07
2.010159089440156094e+04,8.273135872168213556e-01,1.958919590551704407e-17,4.010343525256161094e+08,2.267855637637226656e+07
2.011206574437324161e+04,8.272904603593839168e-01,1.960650042949786017e-17,4.012469579680233002e+08,2.268051853797352687e+07
2.012262740179599859e+04,8.272672376983647435e-01,1.962391308981048346e-17,4.014613579639641047e+08,2.268247372671943530e+07
2.013328337762684896e+04,8.272439050715377773e-01,1.964144525628612208e-17,4.016777133655351400e+08,2.268441869758568704e+07
2.014404124989766206e+04,8.272204484691593196e-01,1.965910829214897515e-17,4.018961867159466147e+08,2.268635003043901548e+07
2.015490866910428304e+04,8.271968540196992237e-01,1.967691356266619126e-17,4.021169237455111146e+08,2.268827411349265277e+07
2.016589336364722840e+04,8.271731080011130999e-01,1.969487243333717382e-17,4.023400859153671861e+08,2.269018973674088717e+07
2.017700314532773700e+04,8.271491968334467870e-01,1.971299627679175676e-17,4.025658336127351522e+08,2.269209717187820002e+07
2.018824591490318926e+04,8.271251070795685445e-01,1.973129647528013305e-17,4.027943289674184918e+08,2.269399672233720869e+07
2.019962966770572166e+04,8.271008254430674000e-01,1.974978442468686247e-17,4.030257361658452749e+08,2.269588861579656228e+07
2.021116249932816572e+04,8.270763387711419501e-01,1.976847153643271974e-17,4.032602215868276358e+08,2.269777299336928129e+07
2.022285261138123315e+04,8.270516340582990678e-01,1.978736924055862914e-17,4.034979539262766838e+08,2.269964990692841634e+07
2.023470831732612714e+04,8.270266984439047508e-01,1.980648898772541762e-17,4.037391043229483366e+08,2.270151931367544830e+07
2.024673804838668366e+04,8.270015192212687438e-01,1.982584225076792322e-17,4.039838464863209128e+08,2.270338107398319244e+07
2.025895035954527339e+04,8.269760838394012437e-01,1.984544052572592838e-17,4.042323568266890645e+08,2.270523494560661539e+07
2.027135393562668469e+04,8.269503799103108399e-01,1.986529533320834392e-17,4.044848145876191854e+08,2.270708058031339571e+07
2.028395759747438569e+04,8.269243952140288290e-01,1.988541821810744722e-17,4.047414019808970690e+08,2.270891751755534112e+07
2.029677030822349479e+04,8.268981177061285326e-01,1.990582075018684247e-17,4.050023043240428567e+08,2.271074518087185919e+07
2.030980117967491606e+04,8.268715355315793269e-01,1.992651452229865658e-17,4.052677101805735230e+08,2.271256287011141330e+07
2.032305947877527069e+04,8.268446370288556890e-01,1.994751115021101899e-17,4.055378115030816793e+08,2.271436975690167025e+07
2.033655463420707383e+04,8.268174107448305055e-01,1.996882227015016215e-17,4.058128037793004513e+08,2.271616487638197839e+07
2.035029624309399514e+04,8.267898454473042724e-01,1.999045953638706493e-17,4.060928861812725663e+08,2.271794712217843160e+07
2.036429407782588896e+04,8.267619301376115670e-01,2.001243461826248553e-17,4.063782617177475691e+08,2.271971523680425808e+07
2.037855809300844339e+04,8.267336540683718482e-01,2.003475919625894265e-17,4.066691373899739981e+08,2.272146780500518531e+07
2.039309843254243970e+04,8.267050067593049167e-01,2.005744495722552470e-17,4.069657243510094881e+08,2.272320324464107677e+07
2.040792543683763142e+04,8.266759780154891990e-01,2.008050358943575639e-17,4.072682380687063932e+08,2.272491979658371583e+07
2.042304965016632923e+04,8.266465579498334382e-01,2.010394677593716230e-17,4.075768984925320745e+08,2.272661551709447429e+07
2.043848182816203189e+04,8.266167370017843963e-01,2.012778618774116321e-17,4.078919302243706584e+08,2.272828826562808454e+07
2.045423294546830948e+04,8.265865059638388690e-01,2.015203347569518948e-17,4.082135626934809089e+08,2.272993569476504996e+07
2.047031420354345391e+04,8.265558560080301653e-01,2.017670026136327648e-17,4.085420303357707262e+08,2.273155523771441355e+07
2.048673703862644106e+04,8.265247787101872579e-01,2.020179812703603786e-17,4.088775727775654197e+08,2.273314409659995511e+07
2.050351312986985067e+04,8.264932660826433963e-01,2.022733860421325634e-17,4.092204350240510106e+08,2.273469922907464951e+07
2.052065440764552841e+04,8.264613106060493264e-01,2.025333316156973663e-17,4.095708676525725126e+08,2.273621733478341624e+07
2.053817306202890177e+04,8.264289052616209386e-01,2.027979319097122977e-17,4.099291270109810233e+08,2.273769483948059753e+07
2.055608155146801437e+04,8.263960435719062136e-01,2.030672999221929613e-17,4.102954754212278128e+08,2.273912788063469529e+07
2.057439261164336494e+04,8.263627196359443206e-01,2.033415475684426290e-17,4.106701813884053826e+08,2.274051229043988883e+07
2.059311926452494663e+04,8.263289281738801506e-01,2.036207854985038489e-17,4.110535198154453039e+08,2.274184357782069594e+07
2.061227482763285661e+04,8.262946645709283722e-01,2.039051228994866354e-17,4.114457722236897349e+08,2.274311691141127050e+07
2.063187292350809003e+04,8.262599249248012701e-01,2.041946672843521634e-17,4.118472269795569181e+08,2.274432709821747243e+07
2.065192748940027013e+04,8.262247060965012269e-01,2.044895242547398573e-17,4.122581795275322795e+08,2.274546856408256665e+07
2.067245278717913607e+04,8.261890057661869236e-01,2.047897972520499748e-17,4.126789326297202110e+08,2.274653533124301210e+07
2.069346341347696216e+04,8.261528224870702264e-01,2.050955872832533362e-17,4.131097966121973395e+08,2.274752099682497978e+07
2.071497431006896295e+04,8.261161557507820108e-01,2.054069926253101966e-17,4.135510896184210777e+08,2.274841870668553188e+07
2.073700077449920718e+04,8.260790060478424568e-01,2.057241085063556555e-17,4.140031378699480891e+08,2.274922113092637807e+07
2.075955847095950594e+04,8.260413749395625338e-01,2.060470267649904768e-17,4.144662759347277284e+08,2.274992043716710806e+07
2.078266344142904927e+04,8.260032651291790984e-01,2.063758354752374178e-17,4.149408470032429695e+08,2.275050826162046567e+07
2.080633211708273302e+04,8.259646805379646795e-01,2.067106185542104708e-17,4.154272031727768779e+08,2.275097567964225635e+07
2.083058132997621215e+04,8.259256263890033534e-01,2.070514553314308905e-17,4.159257057400888205e+08,2.275131317406080291e+07
2.085542832501609519e+04,8.258861092932217041e-01,2.073984200857080338e-17,4.164367255027999878e+08,2.275151060343879089e+07
2.088089077222371270e+04,8.258461373389390792e-01,2.077515815609693852e-17,4.169606430697781444e+08,2.275155716484642029e+07
2.090698677930119447e+04,8.258057201882156306e-01,2.081110024302139171e-17,4.174978491808325648e+08,2.275144136061455309e+07
2.093373490450884492e+04,8.257648691788038731e-01,2.084767387317394556e-17,4.180487450360338688e+08,2.275115095677635819e+07
2.096115416986288983e+04,8.257235974344963036e-01,2.088488392609383180e-17,4.186137426349728107e+08,2.275067294682095945e+07
2.098926407466304954e+04,8.256819199769411810e-01,2.092273449205684525e-17,4.191932651262848973e+08,2.274999350609584525e+07
2.101808460935954281e+04,8.256398538421355626e-01,2.096122880284299410e-17,4.197877471677629948e+08,2.274909795060974732e+07
2.104763626976934029e+04,8.255974182110005222e-01,2.100036915758885956e-17,4.203976352973921895e+08,2.274797068837913871e+07
2.107794007165185030e+04,8.255546345398869779e-01,2.104015684280387630e-17,4.210233883156426549e+08,2.274659517425648123e+07
2.110901756565432152e+04,8.255115267037030913e-01,2.108059204819743166e-17,4.216654776793584228e+08,2.274495385732301697e+07
2.114089085263769084e+04,8.254681211408946284e-01,2.112167377611674631e-17,4.223243879075705409e+08,2.274302812929493189e+07
2.117358259939363779e+04,8.254244470074791895e-01,2.116339974521883184e-17,4.230006169995743036e+08,2.274079826936962083e+07
2.120711605476418481e+04,8.253805363468820211e-01,2.120576628724785333e-17,4.236946768656049967e+08,2.273824338822744414e+07
2.124151506617517589e+04,8.253364242578848931e-01,2.124876823798420265e-17,4.244070937704346776e+08,2.273534136703636125e+07
2.127680409659543511e+04,8.252921490732012533e-01,2.129239882032399097e-17,4.251384087902081609e+08,2.273206879678552970e+07
2.131300824193371227e+04,8.252477525575783179e-01,2.133664952015153875e-17,4.258891782828319073e+08,2.272840091400320083e+07
2.135015324888570103e+04,8.252032801006031759e-01,2.138150995486954296e-17,4.266599743721990585e+08,2.272431153345644474e+07
2.138826553324388806e+04,8.251587809348637226e-01,2.142696773193728856e-17,4.274513854465440512e+08,2.271977298171800002e+07
2.142737219868323882e+04,8.251143083448826410e-01,2.147300830181225241e-17,4.282640166711637378e+08,2.271475602265116945e+07
2.146750105603606062e+04,8.250699199120496985e-01,2.151961479886931601e-17,4.290984905157295465e+08,2.270922978715546802e+07
2.150868064306975066e+04,8.250256777487670057e-01,2.156676787492986455e-17,4.299554472963961959e+08,2.270316169512820244e+07
2.155094024478155916e+04,8.249816487556305145e-01,2.161444552229598529e-17,4.308355457328428030e+08,2.269651737934579700e+07
2.159430991422466104e+04,8.249379048846852136e-01,2.166262288737809120e-17,4.317394635203494430e+08,2.268926060578034073e+07
2.163882049388052474e+04,8.248945234218280076e-01,2.171127207391084723e-17,4.326678979169489145e+08,2.268135319132347032e+07
2.168450363759262109e+04,8.248515872718420461e-01,2.176036193604513920e-17,4.336215663456220627e+08,2.267275492191178724e+07
2.173139183307716303e+04,8.248091852647256861e-01,2.180985786104696971e-17,4.346012070114270449e+08,2.266342346699685603e+07
2.177951842502685031e+04,8.247674124645082427e-01,2.185972154245138365e-17,4.356075795333428383e+08,2.265331429636609927e+07
2.182891763882405940e+04,8.247263704984738597e-01,2.190991074261445134e-17,4.366414655905058384e+08,2.264238059241504222e+07
2.187962460488032957e+04,8.246861678906223236e-01,2.196037904674345539e-17,4.377036695823768973e+08,2.263057316529192775e+07
2.193167538361947300e+04,8.246469204109682094e-01,2.201107560706842094e-17,4.387950193022341728e+08,2.261784036750509217e+07
2.198510699112205839e+04,8.246087514282534059e-01,2.206194488121342894e-17,4.399163666231901646e+08,2.260412800920824707e+07
2.203995742544952373e+04,8.245717922742764605e-01,2.211292636219563162e-17,4.410685881957473159e+08,2.258937927553982660e+07
2.209626569366661352e+04,8.245361826117265647e-01,2.216395430530161742e-17,4.422525861556774974e+08,2.257353464709992334e+07
2.215407183958138921e+04,8.245020708077616112e-01,2.221495745170798688e-17,4.434692888407325745e+08,2.255653182413031161e+07
2.221341697222250514e+04,8.244696143020886492e-01,2.226585875187594129e-17,4.447196515144305825e+08,2.253830565430977568e+07
2.227434329507402799e+04,8.244389799849600742e-01,2.231657509232844850e-17,4.460046570948297977e+08,2.251878806858064607e+07
2.233689413608859468e+04,8.244103445515360562e-01,2.236701702813388666e-17,4.473253168858618736e+08,2.249790802318143100e+07
2.240111397850020512e+04,8.243838948598405381e-01,2.241708852548856206e-17,4.486826713084450960e+08,2.247559145213161781e+07
2.246704849245863443e+04,8.243598282640636210e-01,2.246668671926963757e-17,4.500777906281860471e+08,2.245176122962560505e+07
2.253474456750790341e+04,8.243383529300785106e-01,2.251570168871780109e-17,4.515117756761107445e+08,2.242633714682834223e+07
2.260425034593193777e+04,8.243196881270949961e-01,2.256401625727098762e-17,4.529857585584858060e+08,2.239923590390215069e+07
2.267561525699109552e+04,8.243040644817508644e-01,2.261150582027339508e-17,4.545009033514344096e+08,2.237037111804185435e+07
2.274889005207395167e+04,8.242917242017808732e-01,2.265803820621418853e-17,4.560584067757523656e+08,2.233965335487147048e+07
2.282412684078933307e+04,8.242829212553237639e-01,2.270347357500981526e-17,4.576594988471021056e+08,2.230699017878135666e+07
2.290137912802420033e+04,8.242779215088354983e-01,2.274766435683685492e-17,4.593054434966688752e+08,2.227228623046331853e+07
2.298070185199384650e+04,8.242770028135042448e-01,2.279045523442430473e-17,4.609975391574115753e+08,2.223544333075923100e+07
2.306215142331138122e+04,8.242804550576040556e-01,2.283168316801169634e-17,4.627371193113078475e+08,2.219636061420407519e+07
2.314578576510432322e+04,8.242885801694997960e-01,2.287117746576960881e-17,4.645255529934491515e+08,2.215493469222038612e+07
2.323166435420682683e+04,8.243016920790451341e-01,2.290875989401916016e-17,4.663642452496181726e+08,2.211105984903057292e+07
2.331984826345680631e+04,8.243201166626198395e-01,2.294424482464275311e-17,4.682546375450713634e+08,2.206462826879670471e+07
2.341040020512809861e+04,8.243441916709329798e-01,2.297743941289335706e-17,4.701982081236307621e+08,2.201553029494639486e+07
2.350338457552850377e+04,8.243742666457084534e-01,2.300814379890808335e-17,4.721964723179292083e+08,2.196365471838365868e+07
2.359886750079542253e+04,8.244107028709739549e-01,2.303615132361088547e-17,4.742509828136622310e+08,2.190888909198216349e+07
2.369691688392166543e+04,8.244538733446011847e-01,2.306124874940707156e-17,4.763633298730625510e+08,2.185112006973983347e+07
2.379760245304491036e+04,8.245041628181810633e-01,2.308321647810813556e-17,4.785351415253107548e+08,2.179023376005700603e+07
2.390099581103506353e+04,8.245619679108595612e-01,2.310182875638292862e-17,4.807680837342826128e+08,2.172611609245597199e+07
2.400717048641489964e+04,8.246276973134210042e-01,2.311685386502354020e-17,4.830638605567553639e+08,2.165865318221808225e+07
2.411620198565009923e+04,8.247017721036372651e-01,2.312805428604462845e-17,4.854242143068833351e+08,2.158773169180056453e+07
2.422816784684592130e+04,8.247846261823519320e-01,2.313518684832498514e-17,4.878509257453454733e+08,2.151323917037315667e+07
2.434314769488866295e+04,8.248767068245057565e-01,2.313800285628446185e-17,4.903458143137951493e+08,2.143506436581495777e+07
2.446122329807118149e+04,8.249784753684719085e-01,2.313624820685255189e-17,4.929107384371956587e+08,2.135309749711490422e+07
2.458247862624266418e+04,8.250904079952091630e-01,2.312966351047576119e-17,4.955475959180542827e+08,2.126723046935875341e+07
2.470699991052406767e+04,8.252129966134786887e-01,2.311798423479279260e-17,4.982583244472038746e+08,2.117735702863022685e+07
2.483487570463165684e+04,8.253467497989190882e-01,2.310094090007235764e-17,5.010449022555139661e+08,2.108337283964451402e+07
2.496619694785226238e+04,8.254921937432367907e-01,2.307825936775561558e-17,5.039093489292345047e+08,2.098517547594085336e+07
2.510105702971506253e+04,8.256498731524066770e-01,2.304966127141756353e-17,5.068537264085379839e+08,2.088266432671335712e+07
2.523955185640584386e+04,8.258203519900016998e-01,2.301486466280477342e-17,5.098801401835722327e+08,2.077574040352152660e+07
2.538177991897099491e+04,8.260042139581263987e-01,2.297358495651526480e-17,5.129907406947762370e+08,2.066430606236116588e+07
2.552784236335974128e+04,8.262020625579957755e-01,2.292553627561545977e-17,5.161877249343665242e+08,2.054826464002856612e+07
2.567784306235440818e+04,8.264145205595823107e-01,2.287043331504913204e-17,5.194733382337543368e+08,2.042752003051121905e+07
2.583188868943988928e+04,8.266422286552248533e-01,2.280799384676916228e-17,5.228498762077947259e+08,2.030197621739750728e+07
2.599008879466485087e+04,8.268858430858020414e-01,2.273794199017004517e-17,5.263196868122057319e+08,2.017153679715414718e+07
2.615255588254858958e+04,8.271460319925483251e-01,2.266001235725132866e-17,5.298851724565838575e+08,2.003610453541613370e+07
2.631940549208900848e+04,8.274234702809381004e-01,2.257395515207861967e-17,5.335487921042448282e+08,1.989558099366348609e+07
2.649075627892852572e+04,8.277188327749689378e-01,2.247954226449430017e-17,5.373130632834722996e+08,1.974986627605789900e+07
2.666673009973644366e+04,8.280327855162188389e-01,2.237657433805103403e-17,5.411805639347207546e+08,1.959885893847628683e+07
2.684745209886769953e+04,8.283659750527770926e-01,2.226488874825877268e-17,5.451539340253955126e+08,1.944245610070758313e+07
2.703305079735969048e+04,8.287190156089000448e-01,2.214436839951654782e-17,5.492358768760462999e+08,1.928055379056929797e+07
2.722365818433041932e+04,8.290924737968032865e-01,2.201495133708878472e-17,5.534291601516333818e+08,1.911304756073009595e+07
2.741940981084298983e+04,8.294868499404440820e-01,2.187664159007809789e-17,5.577366164529020786e+08,1.893983344067820907e+07
2.762044488630318665e+04,8.299027552488155157e-01,2.172952395183227527e-17,5.621611432230830193e+08,1.876064633112676814e+07
2.782690637745869753e+04,8.303421286766978771e-01,2.157377941594122674e-17,5.667057014379444122e+08,1.857406473843729496e+07
2.803894111007037645e+04,8.308034492798040960e-01,2.140961283042674205e-17,5.713733189236458540e+08,1.838142820580396056e+07
2.825669987332785604e+04,8.312868160952856522e-01,2.123735426385412037e-17,5.761670927996281385e+08,1.818264158585298434e+07
2.848033752708379325e+04,8.317921409140096589e-01,2.105745707412122741e-17,5.810901858375153542e+08,1.797761749040778726e+07
2.871001311198292751e+04,8.323191186201521763e-01,2.087050751085895867e-17,5.861458229690088034e+08,1.776627964282193035e+07
2.894588996256437167e+04,8.328671916947789633e-01,2.067723533892874105e-17,5.913372867547427416e+08,1.754856691076510400e+07
2.918813582341749861e+04,8.334355097702856874e-01,2.047852568233533744e-17,5.966679116188910007e+08,1.732443803511792794e+07
2.943692296847403486e+04,8.340228829531804999e-01,2.027543392001977899e-17,6.021410756221598387e+08,1.709387753113638237e+07
2.969242832352126425e+04,8.346277373449013659e-01,2.006920028937501501e-17,6.077601730215460062e+08,1.685690830244157091e+07
2.995483359202332576e+04,8.352481203828042711e-01,1.986123992822569933e-17,6.135283292076345682e+08,1.661369222701380029e+07
3.022432538434027083e+04,8.358820083387921152e-01,1.958079937380188972e-17,6.194550356550551653e+08,1.636219640974487178e+07
3.050109535043660071e+04,8.365270908340595168e-01,1.928815121827477065e-17,6.255510816142299175e+08,1.610011780259920657e+07
3.078534031617376240e+04,8.371806264517991369e-01,1.899974580625004377e-17,6.318203500700999498e+08,1.582770127554556914e+07
3.107726242328351873e+04,8.378403735035029332e-01,1.871672544639988805e-17,6.382658402258467674e+08,1.554550449825959280e+07
3.137706927312167682e+04,8.385050153724334931e-01,1.843965310897161421e-17,6.448909998642035723e+08,1.525391054782713763e+07
3.168497407430448220e+04,8.391739183800041024e-01,1.816874027928021363e-17,6.516997090732877254e+08,1.495315106654790230e+07
3.200119579433260151e+04,8.398466144996417082e-01,1.790413321464974045e-17,6.586962444012278318e+08,1.464335315993650816e+07
3.232595931531060705e+04,8.405224400733954937e-01,1.764605622299280978e-17,6.658851765509185791e+08,1.432460145257627405e+07
3.265949559387257614e+04,8.412004724255304211e-01,1.739480406323642488e-17,6.732712687246487141e+08,1.399698219751166925e+07
3.300204182542768103e+04,8.418796444947138635e-01,1.715067439757852795e-17,6.808594154927575588e+08,1.366060189264576323e+07
3.335384161284245783e+04,8.425588839296660471e-01,1.691390967627929062e-17,6.886546225660630465e+08,1.331558994388535619e+07
3.371514513967979292e+04,8.432372079591128333e-01,1.668466727345179904e-17,6.966620111258702278e+08,1.296209617144758441e+07
3.408620934811775805e+04,8.439137720150325928e-01,1.646301103213093500e-17,7.048868323510607481e+08,1.260028905737915635e+07
3.446729812167490309e+04,8.445878890207731970e-01,1.624891428244906711e-17,7.133344846424939632e+08,1.223035684318336658e+07
3.485868247287184931e+04,8.452590324479202222e-01,1.604226821126051875e-17,7.220105307171269655e+08,1.185251207925807871e+07
3.526064073596274829e+04,8.459268299534308255e-01,1.584289256374153162e-17,7.309207137140170336e+08,1.146699991061764397e+07
3.567345876487356873e+04,8.465910512280550027e-01,1.565054708935256009e-17,7.400709720888844728e+08,1.107411033861891925e+07
3.609743013648807391e+04,8.472515924747676674e-01,1.546494273383524971e-17,7.494674533158596754e+08,1.067419465292010456e+07
3.653285635942594672e+04,8.479084594844117362e-01,1.528575188402155060e-17,7.591165265870022774e+08,1.026768606276550144e+07
3.698004708846165886e+04,8.485617509796126168e-01,1.511261719660072540e-17,7.690247948359087706e+08,9.855124308876803145e+06
3.743932034473642852e+04,8.492116435493519688e-01,1.494515875191392537e-17,7.791991064770741463e+08,9.437183657429112121e+06
3.791100274192002689e+04,8.498583791122855668e-01,1.478297944911028933e-17,7.896465672218226194e+08,9.014703076828060672e+06
3.839542971848314482e+04,8.505022555250133509e-01,1.462566870497218021e-17,8.003745522104806900e+08,8.588716613053113222e+06
3.889294577624552767e+04,8.511436206203959465e-01,1.447280461925556419e-17,8.113907185199316740e+08,8.160480907087186351e+06
3.940390472536958259e+04,8.517828697796590021e-01,1.432395483095989987e-17,8.227030179156515598e+08,7.731495617891204543e+06
3.992866993597365217e+04,8.524204468617251340e-01,1.417867634362708546e-17,8.343197095696271658e+08,7.303511409299120307e+06
4.046761459654378996e+04,8.530568481600172559e-01,1.403651463627499169e-17,8.462493724040331841e+08,6.878519605848638341e+06
4.102112197932803247e+04,8.536926286486254956e-01,1.389700243792988370e-17,8.585009167712084055e+08,6.458718136443858035e+06
4.158958571290165855e+04,8.543284094348564395e-01,1.375965859485667074e-17,8.710835953461029530e+08,6.046450535505598411e+06
4.217341006209746411e+04,8.549648849152592378e-01,1.362398748504518481e-17,8.840070133662620783e+08,5.644118704376003705e+06
4.277301021549999859e+04,8.556028279105483136e-01,1.348947938473692825e-17,8.972811386543066502e+08,5.254075360670169815e+06
4.338881258070826880e+04,8.562430912185337029e-01,1.335561204595291837e-17,9.109163121214733124e+08,4.878507367580327205e+06
4.402125508757688658e+04,8.568866045651093444e-01,1.322185350881468023e-17,9.249232595812679529e+08,4.519324612729095854e+06
4.467078749965135648e+04,8.575343669253919776e-01,1.308766589873397310e-17,9.393131056086268425e+08,4.178069375116878189e+06
4.533787173401879409e+04,8.581874351901728204e-01,1.295250973320186385e-17,9.540973898055871725e+08,3.855857648450942710e+06
4.602298218980186357e+04,8.588469111133378853e-01,1.281584814883085453e-17,9.692880851819252968e+08,3.553357786777745001e+06
4.672660608552919439e+04,8.595139288943434153e-01,1.267715049952916187e-17,9.848976174903647900e+08,3.270805008776224218e+06
4.744924380562242004e+04,8.601896457120912221e-01,1.253589494275878497e-17,1.000938883361470938e+09,3.008044778794361278e+06
4.819140925624624651e+04,8.608752371826946526e-01,1.239156986585289382e-17,1.017425264048931122e+09,2.764595170624427497e+06
4.895363023077441176e+04,8.615718990068099714e-01,1.224367426183367437e-17,1.034370630592366099e+09,2.539717981022061314e+06
4.973644878513171716e+04,8.622808554034591122e-01,1.209171737697595862e-17,1.051789335363937378e+09,2.332490039344715420e+06
5.054042162327885308e+04,8.630033744064746770e-01,1.193521811531838028e-17,1.069696184612262130e+09,2.141868677278685849e+06
5.136612049311419833e+04,8.637407897147059144e-01,1.177370476868522555e-17,1.088106387334460020e+09,1.966747891650415026e+06
5.221413259307422413e+04,8.644945290531356186e-01,1.160671566720368587e-17,1.107035477989106655e+09,1.806003815384801244e+06
5.308506098972159089e+04,8.652661490783932763e-01,1.143380138419407897e-17,1.126499212820108414e+09,1.658529565863419324e+06
5.397952504661785497e+04,8.660573760938677923e-01,1.125452930070605735e-17,1.146513435770481348e+09,1.523260699077813886e+06
5.489816086478589568e+04,8.668701461372342321e-01,1.106849175659874122e-17,1.167093887002719402e+09,1.399193708345318912e+06
5.584162173507523403e+04,8.677066235593801080e-01,1.087531937849713036e-17,1.188255866922325134e+09,1.285401664779331768e+06
5.681057860275193525e+04,8.685691373806385673e-01,1.067470085736129285e-17,1.210013560950652599e+09,1.181053180278100539e+06
5.780572054464353278e+04,8.694598440337685252e-01,1.046640804479002687e-17,1.232378876153124094e+09,1.085438775256663095e+06
5.882775525917821506e+04,8.703798911273572525e-01,1.025030600758374843e-17,1.255361781279819012e+09,9.979549440395423444e+05
5.987740956966692465e+04,8.713297918567761702e-01,1.002629234303209823e-17,1.278984818517711163e+09,9.177538943216709886e+05
6.095542994118606293e+04,8.713889523097524403e-01,1.000000053487480076e-17,1.303169247677232027e+09,9.019110374986089300e+05
6.206258301142858545e+04,8.713398427413632241e-01,1.000000028062107299e-17,1.327850914650555849e+09,8.967410820072966162e+05
6.319965613590088469e+04,8.713005936074244007e-01,1.000000035719265178e-17,1.353093606092583418e+09,8.935870292585003190e+05
6.436745794785323960e+04,8.712708288977224491e-01,1.000000030977763705e-17,1.378948909672472954e+09,8.917149502819172340e+05
6.556681893334191409e+04,8.712505532351340065e-01,1.000000022361265608e-17,1.405457704487426758e+09,8.906290093374528224e+05
6.679859202183214074e+04,8.712397593581280297e-01,1.000000014838029194e-17,1.432654613787604809e+09,8.899810743893149775e+05
6.806365319276149967e+04,8.712383760121278353e-01,1.000000009286195317e-17,1.460569459475949526e+09,8.895405492983940057e+05
6.936290209849576058e+04,8.712462964573515212e-01,1.000000005504916601e-17,1.489228770166831970e+09,8.891613919246777659e+05
7.069726270411940641e+04,8.712634011769629927e-01,1.000000003089869167e-17,1.518657027284893751e+09,8.887547786703287857e+05
7.206768394451652421e+04,8.712895689130869536e-01,1.000000001640443411e-17,1.548877582149035215e+09,8.882690994212181540e+05
7.347514039920884534e+04,8.713246807534237304e-01,1.000000000822573071e-17,1.579913299517040253e+09,8.876760337950447574e+05
7.492063298543120618e+04,8.713686202810273507e-01,1.000000000388619300e-17,1.611786994068293810e+09,8.869612365665971301e+05
7.640518966993711365e+04,8.714212720178791116e-01,1.000000000172487898e-17,1.644521716129888058e+09,8.861184011990121799e+05
7.792986620004054566e+04,8.714825193242941026e-01,1.000000000071668701e-17,1.678140932475286961e+09,8.851456298652422847e+05
7.949574685441418842e+04,8.715522425568197340e-01,1.000000000027779993e-17,1.712668638055752039e+09,8.840433595559890382e+05
8.110394521417768556e+04,8.716303174642543450e-01,1.000000000010001811e-17,1.748129424954113245e+09,8.828132251743588131e+05
8.275560495482449187e+04,8.717166143864361061e-01,1.000000000003329465e-17,1.784548526517482758e+09,8.814574835756940302e+05
8.445190065955040336e+04,8.718109978436930918e-01,1.000000000001011416e-17,1.821951848109013796e+09,8.799787245771939633e+05
8.619403865456223139e+04,8.719133264956218099e-01,1.000000000000286342e-17,1.860365991264979839e+09,8.783797493353941245e+05
8.798325786696063005e+04,8.720234535056357039e-01,1.000000000000060623e-17,1.899818274992685080e+09,8.766635017465745332e+05
8.982083070580706408e+04,8.721412269870565392e-01,1.000000000000011165e-17,1.940336756112118959e+09,8.748330377701516263e+05
9.170806396700174082e+04,8.722664905295329785e-01,1.000000000000007005e-17,1.981950249524708509e+09,8.728915061485961778e+05
9.364629976261567208e+04,8.723990839121015251e-01,1.000000000000010086e-17,2.024688348817821980e+09,8.708421368073144695e+05
9.563691647533810465e+04,8.725388434515450875e-01,9.999999999999846641e-18,2.068581447332803726e+09,8.686882188052915735e+05
9.768132973871784634e+04,8.726856026767633168e-01,9.999999999999993012e-18,2.113660759789841413e+09,8.664330992989101214e+05
9.978099344389564067e+04,8.728391926406973145e-01,9.999999999999991471e-18,2.159958344488584995e+09,8.640801681626696372e+05
1.019374007735435735e+05,8.729994421715017161e-01,9.999999999999986849e-18,2.207507126106929302e+09,8.616328434088933282e+05
1.041520852637468197e+05,8.731661781159691937e-01,9.999999999999977604e-18,2.256340919115666389e+09,8.590945832048896700e+05
1.064266218945828296e+05,8.733392253513314607e-01,9.999999999999826611e-18,2.306494451825462818e+09,8.564688605388950091e+05
1.087626282101734396e+05,8.735184068385610789e-01,1.000000000000001150e-17,2.358003391084164619e+09,8.537591808172047604e+05
1.111617654690067866e+05,8.737035434098587849e-01,1.000000000000003615e-17,2.410904367641595364e+09,8.509690536368238972e+05
1.136257398253465071e+05,8.738944535596298024e-01,9.999999999999983767e-18,2.465235002199253082e+09,8.481020250158138806e+05
1.161563035425690323e+05,8.740909532272771454e-01,9.999999999999809663e-18,2.521033932164393902e+09,8.451616523069593823e+05
1.187552562392913533e+05,8.742928553397937286e-01,9.999999999999991471e-18,2.578340839127826214e+09,8.421515176411279244e+05
1.214244461691756005e+05,8.744999695053272681e-01,9.999999999999977604e-18,2.637196477082432270e+09,8.390752283599715447e+05
1.241657715353206731e+05,8.747121014698695518e-01,9.999999999999968360e-18,2.697642701406658173e+09,8.359364264914416708e+05
1.269811818401755736e+05,8.749290528220996510e-01,1.000000000000027035e-17,2.759722498630190849e+09,8.327387833944687154e+05
1.298726792719344085e+05,8.751506201443948196e-01,1.000000000000025340e-17,2.823480017001720905e+09,8.294859892883257708e+05
1.328423201283990056e+05,8.753765948958469600e-01,1.000000000000035201e-17,2.888960597887809277e+09,8.261818119947359664e+05
1.358922162793217576e+05,8.756067627848109769e-01,1.000000000000012860e-17,2.956210808017751694e+09,8.228300323070993181e+05
1.390245366682687891e+05,8.758409032129079730e-01,1.000000000000017174e-17,3.025278472595336437e+09,8.194344935766737908e+05
1.422415088550710643e+05,8.760787889024865827e-01,9.999999999999872834e-18,3.096212709316201210e+09,8.159990738946618512e+05
1.455454205999609258e+05,8.763201855742854818e-01,1.000000000000005156e-17,3.169063963293082237e+09,8.125277245899320114e+05
1.489386214905201341e+05,8.765648516620596631e-01,9.999999999999661752e-18,3.243884042932097912e+09,8.090244298384957947e+05
1.524235246125968115e+05,8.768125379021883825e-01,9.999999999999919056e-18,3.320726156775727272e+09,8.054932249250099994e+05
1.560026082663792477e+05,8.770629869149857427e-01,9.999999999999734167e-18,3.399644951343526840e+09,8.019382178116528085e+05
1.596784177288470673e+05,8.773159338872316138e-01,9.999999999999991471e-18,3.480696549992809772e+09,7.983635522331037791e+05
1.634535670638533775e+05,8.775711057453723374e-01,9.999999999999874374e-18,3.563938592831748486e+09,7.947734228572542779e+05
1.673307409811246325e+05,8.778282215173387470e-01,1.000000000000010395e-17,3.649430277709557533e+09,7.911720632461784407e+05
1.713126967455007834e+05,8.780869931040700127e-01,1.000000000000009162e-17,3.737232402316251278e+09,7.875637400654954836e+05
1.754022661377730838e+05,8.783471243699729758e-01,9.999999999999624774e-18,3.827407407417633057e+09,7.839527509395121597e+05
1.796023574685142667e+05,8.786083127753041566e-01,9.999999999999914434e-18,3.920019421261978626e+09,7.803434305329802446e+05
1.839159576463330013e+05,8.788702492893493146e-01,9.999999999999744952e-18,4.015134305185229301e+09,7.767401023146548541e+05
1.883461343020236818e+05,8.791326192005233242e-01,1.000000000000006851e-17,4.112819700444179058e+09,7.731471168018665630e+05
1.928960379701220372e+05,8.793951030656824708e-01,1.000000000000010857e-17,4.213145076327463150e+09,7.695687829190397169e+05
1.975689043294180592e+05,8.796573771567710587e-01,9.999999999999888241e-18,4.316181779550857544e+09,7.660094047725583659e+05
2.023680565040194488e+05,8.799191150115981408e-01,9.999999999999966819e-18,4.422003085001893044e+09,7.624732430090433918e+05
2.072969074266021780e+05,8.801799880570455592e-01,9.999999999999999175e-18,4.530684247845252991e+09,7.589645255566051928e+05
2.123589622655285930e+05,8.804396669905498740e-01,9.999999999999681781e-18,4.642302557043973923e+09,7.554873943723650882e+05
2.175578209175593220e+05,8.806978230363975424e-01,1.000000000000011165e-17,4.756937390321675301e+09,7.520459244045935338e+05
2.228971805679315876e+05,8.809541290285813897e-01,9.999999999998962254e-18,4.874670270611594200e+09,7.486440835077079246e+05
2.283808383196245413e+05,8.812082608667589634e-01,1.000000000000036433e-17,4.995584924035567284e+09,7.452857537683488335e+05
2.340126938936812512e+05,8.814598988655788503e-01,9.999999999999683322e-18,5.119767339442168236e+09,7.419746563736121170e+05
2.397967524025081657e+05,8.817087288523802746e-01,9.999999999999721841e-18,5.247305829561719894e+09,7.387144198244416621e+05
2.457371271981237805e+05,8.819544435457389309e-01,1.000000000000028729e-17,5.378291093803123474e+09,7.355084970756996190e+05
2.518380427973822516e+05,8.821967439715650006e-01,9.999999999999347440e-18,5.512816282765007973e+09,7.323601836164087290e+05
2.581038378862523241e+05,8.824353401164996002e-01,9.999999999999788093e-18,5.650977064473405838e+09,7.292726334751506802e+05
2.645389684052880039e+05,8.826699523302508066e-01,9.999999999999670996e-18,5.792871692418248177e+09,7.262487722374673467e+05
2.711480107184851076e+05,8.829003121308498514e-01,9.999999999999889782e-18,5.938601075423425674e+09,7.232913893760724459e+05
2.779356648677774938e+05,8.831261627554847227e-01,9.999999999999769604e-18,6.088268849416390419e+09,7.204030758977937512e+05
2.849067579154870473e+05,8.833472599557918858e-01,9.999999999999952952e-18,6.241981451120710373e+09,7.175862101269030245e+05
2.920662473771048244e+05,8.835633721081921355e-01,1.000000000000020255e-17,6.399848193753017426e+09,7.148430185527254362e+05
2.994192247468443238e+05,8.837742808111538340e-01,9.999999999999370551e-18,6.561981344760814667e+09,7.121755345178181306e+05
3.069709191184741794e+05,8.839797801020861101e-01,9.999999999999715678e-18,6.728496205662455559e+09,7.095855866916247178e+05
3.147267009040049743e+05,8.841796765618364917e-01,9.999999999999783471e-18,6.899511194042396545e+09,7.070748748854878359e+05
3.226920856528755394e+05,8.843737891836127574e-01,9.999999999999989930e-18,7.075147927766738892e+09,7.046449236877306830e+05
3.308727379743537749e+05,8.845619475675638999e-01,9.999999999999657130e-18,7.255531311464366913e+09,7.022971033202810213e+05
3.392744755659417133e+05,8.847439913427702640e-01,9.999999999999501514e-18,7.440789625380369186e+09,7.000326922524754191e+05
3.479032733506503282e+05,8.849197690630092872e-01,9.999999999999712596e-18,7.631054616549868584e+09,6.978528356589333853e+05
3.567652677260853234e+05,8.850891362984418809e-01,9.999999999999356684e-18,7.826461592545864105e+09,6.957586114417690551e+05
3.658667609283661586e+05,8.852519534251994671e-01,9.999999999999902108e-18,8.027149517670373917e+09,6.937510409764179494e+05
3.752142255139820045e+05,8.854080843273226531e-01,1.000000000000023337e-17,8.233261111799103737e+09,6.918311137224328704e+05
3.848143089627712034e+05,8.855573932087809075e-01,9.999999999999598581e-18,8.444942951857825279e+09,6.899998420683480799e+05
3.946738384052979527e+05,8.856997423596295604e-01,9.999999999999974523e-18,8.662345576073114395e+09,6.882582511616061674e+05
4.047998254779888666e+05,8.858349893292031263e-01,9.999999999998808180e-18,8.885623591024610519e+09,6.866074592727695126e+05
4.151994713094806648e+05,8.859629839287412878e-01,9.999999999999877456e-18,9.114935781592639923e+09,6.850487021973204101e+05
4.258801716417263378e+05,8.860835646988191039e-01,1.000000000000041363e-17,9.350445223886306763e+09,6.835833465248403372e+05
4.368495220895011444e+05,8.861965557738352706e-01,9.999999999998877513e-18,9.592319401198783875e+09,6.822129647849482717e+05
4.481153235420485726e+05,8.863017629063655312e-01,9.999999999999917515e-18,9.840730323130716324e+09,6.809393789202505723e+05
4.596855877107083797e+05,8.863989699360392827e-01,1.000000000000084658e-17,1.009585464793514633e+10,6.797646766046665143e+05
4.715685428264708607e+05,8.864879339786475576e-01,9.999999999999547737e-18,1.035787380811512947e+10,6.786913041886574356e+05
4.837726394915103447e+05,8.865683809430284779e-01,1.000000000000044753e-17,1.062697413947945786e+10,6.777221236451759469e+05
4.963065566888581379e+05,8.866399991261098013e-01,1.000000000000003769e-17,1.090334701369266510e+10,6.768604570902201813e+05
5.091792079544899170e+05,8.867024311025267780e-01,1.000000000000160155e-17,1.118718897601690865e+10,6.761101634890104178e+05
5.223997477162153227e+05,8.867552591302838572e-01,1.000000000000044753e-17,1.147870189564665985e+10,6.754756958045363426e+05
5.359775778038795106e+05,8.867979748045367039e-01,9.999999999999912893e-18,1.177809197402310562e+10,6.749814664791214745e+05
5.499223541355048073e+05,8.868299239372835485e-01,1.000000000000164469e-17,1.208557423723961067e+10,6.745995879648592090e+05
5.642439935841283295e+05,8.868501752875452837e-01,1.000000000000614982e-17,1.240137322319412613e+10,6.742425712875311729e+05
5.789526810302182566e+05,8.868573751067412303e-01,1.000000000000517762e-17,1.272568451378476524e+10,6.744125341690176865e+05
