z_m,psi,kstar_m2,p_Pa,tau_Pa
0.000000000000000000e+00,8.206287216788501482e-01,2.210088457662581193e-16,-9.741817033168740161e-03,6.028314853848261992e+05
1.000000000000000000e+01,8.207731027900487808e-01,2.210101208761073378e-16,1.300013296026356693e+05,6.027453206932255998e+05
2.000000000000000000e+01,8.209174836825255950e-01,2.210131093736744654e-16,2.600989059846162563e+05,6.026719376747981878e+05
3.000000000000000000e+01,8.210618644685125922e-01,2.210178373311126061e-16,3.902926432704891195e+05,6.026044451619904721e+05
4.000000000000000000e+01,8.212062451881788627e-01,2.210243499123787993e-16,5.205824425053545856e+05,6.025403743902831338e+05
5.000000000000000000e+01,8.213506258616665168e-01,2.210327168071700349e-16,6.509681932037699735e+05,6.024784912042638753e+05
6.000000000000000711e+01,8.214950065005909297e-01,2.210430429534545618e-16,7.814497702416606480e+05,6.024180492129509803e+05
7.000000000000000000e+01,8.216393871141994820e-01,2.210554880249422244e-16,9.120270273959469050e+05,6.023584863810348324e+05
8.000000000000000000e+01,8.217837677093821069e-01,2.210703160734623250e-16,1.042699785129744327e+06,6.022992889210291905e+05
9.000000000000000000e+01,8.219281482951964479e-01,2.210880862437827739e-16,1.173467801393089816e+06,6.022398463856803719e+05
9.999999999999998579e+01,8.220725288855788015e-01,2.211097505233144519e-16,1.304330706860148581e+06,6.021788048760904931e+05
1.099999999999999858e+02,8.222169095783208315e-01,2.211344752095955984e-16,1.435288115328649292e+06,6.021054222114365548e+05
1.199999999999999858e+02,8.223614630981551654e-01,2.211610926094466399e-16,1.566339797376692761e+06,6.020892997614403721e+05
1.299999999999999716e+02,8.225058603563211168e-01,2.211888583558263801e-16,1.697485665491451276e+06,6.020426774445156334e+05
1.399999999999999716e+02,8.226502379067718307e-01,2.212168913634283779e-16,1.828725753101637121e+06,6.193313575609890977e+05
1.500000000000000000e+02,8.227946154501947218e-01,2.212448273571954344e-16,1.960060190944737056e+06,6.568472819827585481e+05
1.600000000000000000e+02,8.229389978757625235e-01,2.212731251474735020e-16,2.091489097269704100e+06,6.942979440139363287e+05
1.700000000000000000e+02,8.230833802514753161e-01,2.213018787408962727e-16,2.223012542655284051e+06,7.316645518693869235e+05
1.800000000000000284e+02,8.232277625831796453e-01,2.213311024304571662e-16,2.354630589947345201e+06,7.689567257776097395e+05
1.900000000000000284e+02,8.233721448777739926e-01,2.213607802357612572e-16,2.486343301506203599e+06,8.061764760445847642e+05
2.000000000000000284e+02,8.235165271410886945e-01,2.213908802900859457e-16,2.618150742449595593e+06,8.433248021522207418e+05
2.100000000000000568e+02,8.236609093775120183e-01,2.214213623561706475e-16,2.750052982430784497e+06,8.804023594638503855e+05
2.200000000000000568e+02,8.238052915917619679e-01,2.214521802728473210e-16,2.882050096762583591e+06,9.174096237166307401e+05
2.300000000000000568e+02,8.239496737867689768e-01,2.214832847227812636e-16,3.014142167160026729e+06,9.543469546531143133e+05
2.400000000000000853e+02,8.240940559652127906e-01,2.215146229835480989e-16,3.146329282292386051e+06,9.912146307725847000e+05
2.500000000000000568e+02,8.242384381292473527e-01,2.215461398953953929e-16,3.278611538310129195e+06,1.028012865021554986e+06
2.600000000000000568e+02,8.243828202808620720e-01,2.215777773467668252e-16,3.410989039327214938e+06,1.064741815723019885e+06
2.700000000000000568e+02,8.245272024210412720e-01,2.216094740561664694e-16,3.543461897969396785e+06,1.101401593748307088e+06
2.800000000000000568e+02,8.246715845512910814e-01,2.216411648782490081e-16,3.676030236012290232e+06,1.137992267105161445e+06
2.900000000000001137e+02,8.248159666723592354e-01,2.216727803965446524e-16,3.808694185094401706e+06,1.174513862745363265e+06
3.000000000000001137e+02,8.249603487855263761e-01,2.217042459813572477e-16,3.941453887558677234e+06,1.210966370160693768e+06
3.100000000000001137e+02,8.251047308912283773e-01,2.217354807776073166e-16,4.074309497444089036e+06,1.247349741981210420e+06
3.200000000000001137e+02,8.252491129903092304e-01,2.217663965542170201e-16,4.207261181670924649e+06,1.283663893187608570e+06
3.300000000000001137e+02,8.253934950832616524e-01,2.217968966392572672e-16,4.340309121406729333e+06,1.319908702408568701e+06
3.400000000000001137e+02,8.255378771708163921e-01,2.218268750913279979e-16,4.473453513604569249e+06,1.356084011377818650e+06
3.500000000000001705e+02,8.256822592532340188e-01,2.218562159124759377e-16,4.606694572674175724e+06,1.392189621868546121e+06
3.600000000000001705e+02,8.258266413309227616e-01,2.218847912452650286e-16,4.740032532379359938e+06,1.428225295529422350e+06
3.700000000000001705e+02,8.259710234045648525e-01,2.219124589209040201e-16,4.873467648127778433e+06,1.464190752064205473e+06
3.800000000000001705e+02,8.261154054741860486e-01,2.219390638171247259e-16,5.007000199468279257e+06,1.500085665253045969e+06
3.900000000000001705e+02,8.262597875401366254e-01,2.219644518928796545e-16,5.140630491555290297e+06,1.535909666003694292e+06
4.000000000000001705e+02,8.264041696028227024e-01,2.219885111794731785e-16,5.274358852717134170e+06,1.571662348876702832e+06
4.100000000000001705e+02,8.265485516625612483e-01,2.220113045347326673e-16,5.408185618614288047e+06,1.607343299736952642e+06
4.200000000000002274e+02,8.266929337192485683e-01,2.220333987589787017e-16,5.542111073601786047e+06,1.642952165614540689e+06
4.300000000000002274e+02,8.268373157733952539e-01,2.220553749362761590e-16,5.676135403612075374e+06,1.678488704858600395e+06
4.400000000000002274e+02,8.269816978252284567e-01,2.220773451271178217e-16,5.810258737066444010e+06,1.713952750299519161e+06
4.500000000000002274e+02,8.271260798748145682e-01,2.220993145060679330e-16,5.944481194835348986e+06,1.749344150553269777e+06
4.600000000000002274e+02,8.272704619222941425e-01,2.221212736618336667e-16,6.078802898247142322e+06,1.784662752963753650e+06
4.700000000000002274e+02,8.274148439676173306e-01,2.221432097616496815e-16,6.213223969907430932e+06,1.819908400470932480e+06
4.800000000000002842e+02,8.275592260110329335e-01,2.221651095874088964e-16,6.347744533918907866e+06,1.855080927748143440e+06
4.900000000000002842e+02,8.277036080526350981e-01,2.221869610104239511e-16,6.482364715817006305e+06,1.890180165458742762e+06
5.000000000000002274e+02,8.278479900925586055e-01,2.222087535871710660e-16,6.617084642336735502e+06,1.925205936907830182e+06
5.100000000000002274e+02,8.279923721309415674e-01,2.222304772369244303e-16,6.751904441243215464e+06,1.960158061425287975e+06
5.200000000000002274e+02,8.281367541677667754e-01,2.222521207538209121e-16,6.886824241422125138e+06,1.995036352805826114e+06
5.300000000000002274e+02,8.282811362032298508e-01,2.222736728823310423e-16,7.021844173008481972e+06,2.029840620342917275e+06
5.400000000000002274e+02,8.284255182373244653e-01,2.222951240117064035e-16,7.156964367265451699e+06,2.064570669322744478e+06
5.500000000000002274e+02,8.285699002701785165e-01,2.223164669048951429e-16,7.292184956236692145e+06,2.099226301251891069e+06
5.600000000000002274e+02,8.287142823018577298e-01,2.223376947860160075e-16,7.427506072501617484e+06,2.133807315327285323e+06
5.700000000000002274e+02,8.288586643323896386e-01,2.223587993621189343e-16,7.562927849291141145e+06,2.168313506910730619e+06
5.800000000000003411e+02,8.290030463619495471e-01,2.223797722789845622e-16,7.698450420653176494e+06,2.202744669001320843e+06
5.900000000000003411e+02,8.291474283905492237e-01,2.224006070444493578e-16,7.834073921302898787e+06,2.237100592298019212e+06
6.000000000000003411e+02,8.292918104181872252e-01,2.224212994718760496e-16,7.969798486253052019e+06,2.271381065557517111e+06
6.100000000000003411e+02,8.294361924449541457e-01,2.224418457072370085e-16,8.105624250588274561e+06,2.305585876336552203e+06
6.200000000000003411e+02,8.295805744709952023e-01,2.224622417848957755e-16,8.241551349473173730e+06,2.339714811083806679e+06
6.300000000000003411e+02,8.297249564963351531e-01,2.224824855933762568e-16,8.377579918017947115e+06,2.373767655467050150e+06
6.400000000000003411e+02,8.298693385209970907e-01,2.225025784120218593e-16,8.513710090813817456e+06,2.407744194934615400e+06
6.500000000000003411e+02,8.300137205450479616e-01,2.225225245205441507e-16,8.649942001336853951e+06,2.441644216926798224e+06
6.600000000000003411e+02,8.301581025685184079e-01,2.225423260392605803e-16,8.786275781842501834e+06,2.475467508722703438e+06
6.700000000000003411e+02,8.303024845914577234e-01,2.225619784375153338e-16,8.922711564164428040e+06,2.509213859382992145e+06
6.800000000000003411e+02,8.304468666139501742e-01,2.225814729106372459e-16,9.059249480704233050e+06,2.542883055782712065e+06
6.900000000000003411e+02,8.305912486359434688e-01,2.226007989784491999e-16,9.195889664947343990e+06,2.576474883531268686e+06
7.000000000000004547e+02,8.307356306576419991e-01,2.226199454159115951e-16,9.332632251669367775e+06,2.609989127318444196e+06
7.100000000000004547e+02,8.308800126789397389e-01,2.226389005333071526e-16,9.469477377047838643e+06,2.643425569360400550e+06
7.200000000000004547e+02,8.310243946999668063e-01,2.226576522362245676e-16,9.606425178749509156e+06,2.676783989187789615e+06
7.300000000000004547e+02,8.311687767207076583e-01,2.226761879701889538e-16,9.743475796019038185e+06,2.710064166338177398e+06
7.400000000000004547e+02,8.313131587412978529e-01,2.226944945583395624e-16,9.880629369787624106e+06,2.743265876549724024e+06
7.500000000000004547e+02,8.314575407617141867e-01,2.227125579042557714e-16,1.001788604282263294e+07,2.776388894578692503e+06
7.600000000000004547e+02,8.316019227820411475e-01,2.227303625051721726e-16,1.015524595994704403e+07,2.809432993187604938e+06
7.700000000000004547e+02,8.317463048022307737e-01,2.227478907020235463e-16,1.029270926836946793e+07,2.842397941076348070e+06
7.800000000000004547e+02,8.318906868223047146e-01,2.227651215679176104e-16,1.043027611818142049e+07,2.875283504834711086e+06
7.900000000000004547e+02,8.320350688424745789e-01,2.227820293166307248e-16,1.056794666309883632e+07,2.908089447210034356e+06
8.000000000000004547e+02,8.321794508626422227e-01,2.227985811160924889e-16,1.070572106154750101e+07,2.940815523732581642e+06
8.100000000000004547e+02,8.323238328828570509e-01,2.228147342367704686e-16,1.084359947821112163e+07,2.973461483120386954e+06
8.200000000000004547e+02,8.324682149031289446e-01,2.228304325951148181e-16,1.098158208616485074e+07,3.006027062473847996e+06
8.300000000000005684e+02,8.326125969235744773e-01,2.228456029782540878e-16,1.111966906968885474e+07,3.038511984485193156e+06
8.400000000000005684e+02,8.327569789442827997e-01,2.228601515041921437e-16,1.125786062778170034e+07,3.070915951657322701e+06
8.500000000000005684e+02,8.329013609652308192e-01,2.228739611129499992e-16,1.139615697826386429e+07,3.103238639235702343e+06
8.600000000000005684e+02,8.330457429864470686e-01,2.228868900466153457e-16,1.153455836227676459e+07,3.135479691341187339e+06
8.700000000000005684e+02,8.331901250079919441e-01,2.228987693226793998e-16,1.167306504916775599e+07,3.167638710546345450e+06
8.800000000000005684e+02,8.333345070298823209e-01,2.229093966750000626e-16,1.181167734219020791e+07,3.199715251528917346e+06
8.900000000000005684e+02,8.334788890521849236e-01,2.229185266804649783e-16,1.195039558570833690e+07,3.231708808364644181e+06
9.000000000000005684e+02,8.336232710750592911e-01,2.229258559370142217e-16,1.208922017469518073e+07,3.263618800935037900e+06
9.100000000000005684e+02,8.337676530985589363e-01,2.229309970670450552e-16,1.222815156808175519e+07,3.295444554096241947e+06
9.200000000000005684e+02,8.339120351227177208e-01,2.229334309524570288e-16,1.236719031057925895e+07,3.327185269674473442e+06
9.300000000000005684e+02,8.340564171477051758e-01,2.229325924034478944e-16,1.250633705943978950e+07,3.358840016582265496e+06
9.400000000000005684e+02,8.342007991736816175e-01,2.229293871145165292e-16,1.264559244258198515e+07,3.390407907829884905e+06
9.500000000000005684e+02,8.343451812005295842e-01,2.229246454003270236e-16,1.278495691387688927e+07,3.421888268335366622e+06
9.600000000000006821e+02,8.344895632284117237e-01,2.229183226016211483e-16,1.292443085418970138e+07,3.453280530665760394e+06
9.700000000000006821e+02,8.346339452574339512e-01,2.229101689831682784e-16,1.306401468054939620e+07,3.484584100116597954e+06
9.800000000000006821e+02,8.347783272876577731e-01,2.229000926388229199e-16,1.320370885713252053e+07,3.515798357635637745e+06
9.900000000000006821e+02,8.349227093191204929e-01,2.228899352602115094e-16,1.334351367507647537e+07,3.546922913409748580e+06
1.000000000000000682e+03,8.350670913517515004e-01,2.228801395558906959e-16,1.348342919539601170e+07,3.577957676737227011e+06
1.010000000000000682e+03,8.352114733856041973e-01,2.228707441406257516e-16,1.362345544094680250e+07,3.608902641622067429e+06
1.020000000000000682e+03,8.353558554207310971e-01,2.228617646418908375e-16,1.376359243131953478e+07,3.639757821322501637e+06
1.030000000000000682e+03,8.355002374569502344e-01,2.228532106891968359e-16,1.390384018260857277e+07,3.670523237715275493e+06
1.040000000000000682e+03,8.356446194943023542e-01,2.228450879497290195e-16,1.404419870801894739e+07,3.701198920258327853e+06
1.050000000000000682e+03,8.357890015328439670e-01,2.228373998435303396e-16,1.418466801840422675e+07,3.731784903702240903e+06
1.060000000000000682e+03,8.359333835724809258e-01,2.228301473485869125e-16,1.432524812269766070e+07,3.762281228390195407e+06
1.070000000000000682e+03,8.360777656132442059e-01,2.228233301565159514e-16,1.446593902826051600e+07,3.792687938754340634e+06
1.080000000000000682e+03,8.362221476551319199e-01,2.228169461275953104e-16,1.460674074117806554e+07,3.823005083645909093e+06
1.090000000000000682e+03,8.363665296980384856e-01,2.228109923561966567e-16,1.474765326650891453e+07,3.853232715071674436e+06
1.100000000000000682e+03,8.365109117420678198e-01,2.228054644848311255e-16,1.488867660850146413e+07,3.883370888126234524e+06
1.110000000000000682e+03,8.366552937872158147e-01,2.228003577460028479e-16,1.502981077077817917e+07,3.913419660472481512e+06
1.120000000000000682e+03,8.367996758332996166e-01,2.227956662036940451e-16,1.517105575649483874e+07,3.943379091402944643e+06
1.130000000000000682e+03,8.369440578804280273e-01,2.227913837777890697e-16,1.531241156847564690e+07,3.973249242282012943e+06
1.140000000000000682e+03,8.370884399284729271e-01,2.227875034456971751e-16,1.545387820932782814e+07,4.003030175799991935e+06
1.150000000000000909e+03,8.372328219776844493e-01,2.227840182476712821e-16,1.559545568153726682e+07,4.032721955176215153e+06
1.160000000000000909e+03,8.373772040277638329e-01,2.227809204614143825e-16,1.573714398754747957e+07,4.062324644816540647e+06
1.170000000000000909e+03,8.375215860788343125e-01,2.227782025908938564e-16,1.587894312982331589e+07,4.091838308397738729e+06
1.180000000000000909e+03,8.376659681307881966e-01,2.227758565145595913e-16,1.602085311090184003e+07,4.121263010141102131e+06
1.190000000000000909e+03,8.378103501836898781e-01,2.227738744671719987e-16,1.616287393343067355e+07,4.150598813756351825e+06
1.200000000000000909e+03,8.379547322375087148e-01,2.227722481575416054e-16,1.630500560019698553e+07,4.179845783007863443e+06
1.210000000000000909e+03,8.380991142922009640e-01,2.227709697516606626e-16,1.644724811414637603e+07,4.209003978738965467e+06
1.220000000000000909e+03,8.382434963478218037e-01,2.227700309572736992e-16,1.658960147839547321e+07,4.238073462784216739e+06
1.230000000000000909e+03,8.383878784041858268e-01,2.227694240127897566e-16,1.673206569623680972e+07,4.267054294149974361e+06
1.240000000000000909e+03,8.385322604614745545e-01,2.227691407441220651e-16,1.687464077113939077e+07,4.295946530305138789e+06
1.250000000000000909e+03,8.386766425196509056e-01,2.227691735576499943e-16,1.701732670674384013e+07,4.324750228316994384e+06
1.260000000000000909e+03,8.388210245786311692e-01,2.227695144750302327e-16,1.716012350685488805e+07,4.353465441069252789e+06
1.270000000000000909e+03,8.389654066383918085e-01,2.227701561308547289e-16,1.730303117542994767e+07,4.382092221124030650e+06
1.280000000000000909e+03,8.391097886990546151e-01,2.227710907859670380e-16,1.744604971656686068e+07,4.410630618304690346e+06
1.290000000000000909e+03,8.392541707604860290e-01,2.227723113392739066e-16,1.758917913448826224e+07,4.439080679434546269e+06
1.300000000000000909e+03,8.393985528226832749e-01,2.227738103076613474e-16,1.773241943352708966e+07,4.467442450531316921e+06
1.310000000000000909e+03,8.395429348857187390e-01,2.227755808765744973e-16,1.787577061810813472e+07,4.495715973942743614e+06
1.320000000000000909e+03,8.396873169495384648e-01,2.227776158160123425e-16,1.801923269273336232e+07,4.523901290839408524e+06
1.330000000000000909e+03,8.398316990141392324e-01,2.227799086134066732e-16,1.816280566196097806e+07,4.551998439303953201e+06
1.340000000000000909e+03,8.399760810794416610e-01,2.227824522723647642e-16,1.830648953039257228e+07,4.580007456753090024e+06
1.350000000000000909e+03,8.401204631455827521e-01,2.227852405973900027e-16,1.845028430264952034e+07,4.607928377088347450e+06
1.360000000000000909e+03,8.402648452124402700e-01,2.227882667959148047e-16,1.859418998336325586e+07,4.635761232988315634e+06
1.370000000000000909e+03,8.404092272800619545e-01,2.227915250013771923e-16,1.873820657714919373e+07,4.663506056109963916e+06
1.380000000000000909e+03,8.405536093484593518e-01,2.227950086002651804e-16,1.888233408859946579e+07,4.691162875563799404e+06
1.390000000000000909e+03,8.406979914175496393e-01,2.227987120467082734e-16,1.902657252225713059e+07,4.718731718991343863e+06
1.400000000000000909e+03,8.408423734874483912e-01,2.228026289121209853e-16,1.917092188260725513e+07,4.746212612950797193e+06
1.410000000000001137e+03,8.409867555580701204e-01,2.228067539214080445e-16,1.931538217405681312e+07,4.773605583432717249e+06
1.420000000000001137e+03,8.411311376293941766e-01,2.228110808820412228e-16,1.945995340091842040e+07,4.800910653564321809e+06
1.430000000000001137e+03,8.412755197014081254e-01,2.228156047016217859e-16,1.960463556740078330e+07,4.828127846752895042e+06
1.440000000000001137e+03,8.414199017742122200e-01,2.228203194959490725e-16,1.974942867758242041e+07,4.855257185032085516e+06
1.450000000000001137e+03,8.415642838477619403e-01,2.228252202721015817e-16,1.989433273541219532e+07,4.882298689056905918e+06
1.460000000000001137e+03,8.417086659220324174e-01,2.228303014969583386e-16,2.003934774467663839e+07,4.909252379280691035e+06
1.470000000000001137e+03,8.418530479970546265e-01,2.228355582430616618e-16,2.018447370900436118e+07,4.936118275037183426e+06
1.480000000000001137e+03,8.419974300727524064e-01,2.228409853136471598e-16,2.032971063183456659e+07,4.962896394423423335e+06
1.490000000000001137e+03,8.421418121492150188e-01,2.228465778661775839e-16,2.047505851641832665e+07,4.989586755779257044e+06
1.500000000000001137e+03,8.422861942264343593e-01,2.228523309866838373e-16,2.062051736579335853e+07,5.016189376341583207e+06
1.510000000000001137e+03,8.424305763044074302e-01,2.228582399561944630e-16,2.076608718277958781e+07,5.042704272320652381e+06
1.520000000000001137e+03,8.425749583830299816e-01,2.228643000873452939e-16,2.091176796996073425e+07,5.069131459710881114e+06
1.530000000000001137e+03,8.427193404624410134e-01,2.228705068116747510e-16,2.105755972967557982e+07,5.095470954726487398e+06
1.540000000000001137e+03,8.428637225425407165e-01,2.228768556298221676e-16,2.120346246400413662e+07,5.121722771428500302e+06
1.550000000000001137e+03,8.430081046234279007e-01,2.228833421314571268e-16,2.134947617475724220e+07,5.147886926226781681e+06
1.560000000000001137e+03,8.431524867049439154e-01,2.228899619824216704e-16,2.149560086346504465e+07,5.173963432750398293e+06
1.570000000000001137e+03,8.432968687872309799e-01,2.228967109251863582e-16,2.164183653136677667e+07,5.199952306610221043e+06
1.580000000000001137e+03,8.434412508702512357e-01,2.229035847749617763e-16,2.178818317940076813e+07,5.225853562804618850e+06
1.590000000000001137e+03,8.435856329540767362e-01,2.229105794168602152e-16,2.193464080819488689e+07,5.251667217546526343e+06
1.600000000000001137e+03,8.437300150385336206e-01,2.229176908027200112e-16,2.208120941805768386e+07,5.277393286785435863e+06
1.610000000000001137e+03,8.438743971238175101e-01,2.229249149480742013e-16,2.222788900896999612e+07,5.303031789797468111e+06
1.620000000000001137e+03,8.440187792097526565e-01,2.229322479287807551e-16,2.237467958057708666e+07,5.328582746555830352e+06
1.630000000000001137e+03,8.441631612964518583e-01,2.229396858784264342e-16,2.252158113218142092e+07,5.354046180355446413e+06
1.640000000000001137e+03,8.443075433839348776e-01,2.229472249849924741e-16,2.266859366273588687e+07,5.379422117749684490e+06
1.650000000000001137e+03,8.444519254720015411e-01,2.229548614881605747e-16,2.281571717083767056e+07,5.404710588803021237e+06
1.660000000000001364e+03,8.445963075609100867e-01,2.229625916761727906e-16,2.296295165472256020e+07,5.429911630318383686e+06
1.670000000000001364e+03,8.447406896506000074e-01,2.229704118833724540e-16,2.311029711225990951e+07,5.455025284749988467e+06
1.680000000000001364e+03,8.448850717409186473e-01,2.229783184873416948e-16,2.325775354094800726e+07,5.480051600396982394e+06
1.690000000000001364e+03,8.450294538319971238e-01,2.229863079065988537e-16,2.340532093790999055e+07,5.504990635976493359e+06
1.700000000000001364e+03,8.451738359237428444e-01,2.229943765981018365e-16,2.355299929989022389e+07,5.529842458520184271e+06
1.710000000000001364e+03,8.453182180162960302e-01,2.230025210550702166e-16,2.370078862325111032e+07,5.554607144680171274e+06
1.720000000000001364e+03,8.454626001095151278e-01,2.230107378048763636e-16,2.384868890397031605e+07,5.579284784293554723e+06
1.730000000000001364e+03,8.456069822033657202e-01,2.230190234073406164e-16,2.399670013763833791e+07,5.603875477192637511e+06
1.740000000000001364e+03,8.457513642979012092e-01,2.230273744525026027e-16,2.414482231945657358e+07,5.628379339253085665e+06
1.750000000000001364e+03,8.458957463930811826e-01,2.230357875597874629e-16,2.429305544423554838e+07,5.652796496890489943e+06
1.760000000000001364e+03,8.460401284888902085e-01,2.230442593762454573e-16,2.444139950639348105e+07,5.677127094110894948e+06
1.770000000000001364e+03,8.461845105853209592e-01,2.230527865750780290e-16,2.458985449995512515e+07,5.701371289759656414e+06
1.780000000000001364e+03,8.463288926823514524e-01,2.230613658546431982e-16,2.473842041855086759e+07,5.725529257822701707e+06
1.790000000000001364e+03,8.464732747799381674e-01,2.230699939381369115e-16,2.488709725541592389e+07,5.749601188925442286e+06
1.800000000000001364e+03,8.466176568780796607e-01,2.230786675723222860e-16,2.503588500338969007e+07,5.773587291737624444e+06
1.810000000000001364e+03,8.467620389766640221e-01,2.230873835272670166e-16,2.518478365491524711e+07,5.797487790070776828e+06
1.820000000000001364e+03,8.469064210757893951e-01,2.230961385957970905e-16,2.533379320203895494e+07,5.821302926618929021e+06
1.830000000000001364e+03,8.470508031753231082e-01,2.231049295930542852e-16,2.548291363640998304e+07,5.845032959723248146e+06
1.840000000000001364e+03,8.471951852752095391e-01,2.231137533563086166e-16,2.563214494928009436e+07,5.868678165257479064e+06
1.850000000000001364e+03,8.473395673754825497e-01,2.231226067472943538e-16,2.578148713150295243e+07,5.892238834677153267e+06
1.860000000000001364e+03,8.474839494761399195e-01,2.231314866472549371e-16,2.593094017353383452e+07,5.915715274376275018e+06
1.870000000000001364e+03,8.476283315770697380e-01,2.231403899623256715e-16,2.608050406542923301e+07,5.939107805148464628e+06
1.880000000000001364e+03,8.477727136782149397e-01,2.231493136211411119e-16,2.623017879684604332e+07,5.962416759793202393e+06
1.890000000000001364e+03,8.479170957795605368e-01,2.231582545757734131e-16,2.637996435704088584e+07,5.985642480541127734e+06
1.900000000000001364e+03,8.480614778810716681e-01,2.231672098026424780e-16,2.652986073486930132e+07,6.008785316979020834e+06
1.910000000000001364e+03,8.482058599825839096e-01,2.231761763022143167e-16,2.667986791878460720e+07,6.031845622245902196e+06
1.920000000000001592e+03,8.483502420842683467e-01,2.231851510994308282e-16,2.682998589683699235e+07,6.054823751046540216e+06
1.930000000000001592e+03,8.484946241859805394e-01,2.231941312450943004e-16,2.698021465667207539e+07,6.077720055790559389e+06
1.940000000000001592e+03,8.486390062876715268e-01,2.232031138131587576e-16,2.713055418552983925e+07,6.100534885235076770e+06
1.950000000000001592e+03,8.487833883893005638e-01,2.232120959044947002e-16,2.728100447024329379e+07,6.123268584220769815e+06
1.960000000000001592e+03,8.489277704908005928e-01,2.232210746423777086e-16,2.743156549723707139e+07,6.145921492422402836e+06
1.970000000000001592e+03,8.490721525922725332e-01,2.232300471760516285e-16,2.758223725252643228e+07,6.168493946425733157e+06
1.980000000000001592e+03,8.492165346935092174e-01,2.232390106783322090e-16,2.773301972171570733e+07,6.190986276965187863e+06
1.990000000000001592e+03,8.493609167945873617e-01,2.232479623454637273e-16,2.788391288999727368e+07,6.213398814564758912e+06
2.000000000000001364e+03,8.495052988954521211e-01,2.232568993978135312e-16,2.803491674215031043e+07,6.235731884759624489e+06
2.010000000000001137e+03,8.496496809960112362e-01,2.232658190788466678e-16,2.818603126253966242e+07,6.257985811330984347e+06
2.020000000000000909e+03,8.497940630963425335e-01,2.232747186547782919e-16,2.833725643511474133e+07,6.280160918151642196e+06
2.030000000000000682e+03,8.499384451963308829e-01,2.232835954144963574e-16,2.848859224340848252e+07,6.302257526395823807e+06
2.040000000000000455e+03,8.500828272959988219e-01,2.232924466693898429e-16,2.864003867053630948e+07,6.324275956775331870e+06
2.050000000000000455e+03,8.502272093952484289e-01,2.233012697526517440e-16,2.879159569919512793e+07,6.346216530050832778e+06
2.060000000000000000e+03,8.503715914942329146e-01,2.233100620209958313e-16,2.894326331166232005e+07,6.368079567073523998e+06
2.070000000000000000e+03,8.505159735927195763e-01,2.233188208507000207e-16,2.909504148979475722e+07,6.389865388329372741e+06
2.079999999999999545e+03,8.506603556907852415e-01,2.233275436415103960e-16,2.924693021502797678e+07,6.411574314263935201e+06
2.089999999999999545e+03,8.508047377884048190e-01,2.233362278146870529e-16,2.939892946837497503e+07,6.433206667740114033e+06
2.099999999999999091e+03,8.509491198855301253e-01,2.233448708124546573e-16,2.955103923042533174e+07,6.454762770250714384e+06
2.109999999999999091e+03,8.510935019822259973e-01,2.233534700988441600e-16,2.970325948134430498e+07,6.476242945187476464e+06
2.119999999999998636e+03,8.512378840782504064e-01,2.233620231587938401e-16,2.985559020087185502e+07,6.497647517011098564e+06
2.129999999999998636e+03,8.513822661738520425e-01,2.233705274997287034e-16,3.000803136832153052e+07,6.518976810988857411e+06
2.139999999999998181e+03,8.515266482687916527e-01,2.233789806494959348e-16,3.016058296257947013e+07,6.540231153233556077e+06
2.149999999999998181e+03,8.516710303631789269e-01,2.233873801581763200e-16,3.031324496210334823e+07,6.561410872163357213e+06
2.159999999999997726e+03,8.518154124569504715e-01,2.233957235965238787e-16,3.046601734492132068e+07,6.582516296030930243e+06
2.169999999999997726e+03,8.519597945501036218e-01,2.234040085574389144e-16,3.061890008863084018e+07,6.603547755366287194e+06
2.179999999999997272e+03,8.521041766425136998e-01,2.234122326548110022e-16,3.077189317039760575e+07,6.624505581265697256e+06
2.189999999999997272e+03,8.522485587343466840e-01,2.234203935248704058e-16,3.092499656695422530e+07,6.645390107447081245e+06
2.199999999999997272e+03,8.523929408254491413e-01,2.234284888250668104e-16,3.107821025459903479e+07,6.666201668455264531e+06
2.209999999999996817e+03,8.525373229157948707e-01,2.234365162352403869e-16,3.123153420919471979e+07,6.686940598724657670e+06
2.219999999999996817e+03,8.526817050054467106e-01,2.234444734563156354e-16,3.138496840616702661e+07,6.707607236295723356e+06
2.229999999999996362e+03,8.528260870943296101e-01,2.234523582118065317e-16,3.153851282050337270e+07,6.728201919510103762e+06
2.239999999999996362e+03,8.529704691824531171e-01,2.234601682471604909e-16,3.169216742675139382e+07,6.748724987811071798e+06
2.249999999999995907e+03,8.531148512697569464e-01,2.234679013302010168e-16,3.184593219901742041e+07,6.769176782773330808e+06
2.259999999999995907e+03,8.532592333562838416e-01,2.234755552512486941e-16,3.199980711096477881e+07,6.789557646151510999e+06
2.269999999999995453e+03,8.534036154419324394e-01,2.234831278229392563e-16,3.215379213581247255e+07,6.809867922508168034e+06
2.279999999999995453e+03,8.535479975267435959e-01,2.234906168807102152e-16,3.230788724633319303e+07,6.830107955929381773e+06
2.289999999999994998e+03,8.536923796106622442e-01,2.234980202833716507e-16,3.246209241485168040e+07,6.850278093176051974e+06
2.299999999999994998e+03,8.538367616937211357e-01,2.235053359117694860e-16,3.261640761324274912e+07,6.870378681747601368e+06
2.309999999999994543e+03,8.539811437758835222e-01,2.235125616711893931e-16,3.277083281292961165e+07,6.890410069802834652e+06
2.319999999999994543e+03,8.541255258570499276e-01,2.235196954893558475e-16,3.292536798488156870e+07,6.910372606982280500e+06
2.329999999999994088e+03,8.542699079373093918e-01,2.235267353180945538e-16,3.308001309961238131e+07,6.930266644818543456e+06
2.339999999999994088e+03,8.544142900166651344e-01,2.235336791328106634e-16,3.323476812717767432e+07,6.950092533947891556e+06
2.349999999999994088e+03,8.545586720949911452e-01,2.235405249326524634e-16,3.338963303717321157e+07,6.969850627918495797e+06
2.359999999999993634e+03,8.547030541723397157e-01,2.235472707415701753e-16,3.354460779873214290e+07,6.989541280126329511e+06
2.369999999999993634e+03,8.548474362487390454e-01,2.235539146066051137e-16,3.369969238052307069e+07,7.009164845661354251e+06
2.379999999999993179e+03,8.549918183239466618e-01,2.235604546007100113e-16,3.385488675074728578e+07,7.028721679378371686e+06
2.389999999999993179e+03,8.551362003982401205e-01,2.235668888208547176e-16,3.401019087713653594e+07,7.048212138087620027e+06
2.399999999999992724e+03,8.552805824715079552e-01,2.235732153887630936e-16,3.416560472695013881e+07,7.067636578658054583e+06
2.409999999999992724e+03,8.554249645436835525e-01,2.235794324524760411e-16,3.432112826697255671e+07,7.086995358611511067e+06
2.419999999999992269e+03,8.555693466147573645e-01,2.235855381847817186e-16,3.447676146351031214e+07,7.106288836624617688e+06
2.429999999999992269e+03,8.557137286846761004e-01,2.235915307840792950e-16,3.463250428238914907e+07,7.125517371362413280e+06
2.439999999999991815e+03,8.558581107535342403e-01,2.235974084751940892e-16,3.478835668895120174e+07,7.144681322742905468e+06
2.449999999999991815e+03,8.560024928212185413e-01,2.236031695087894251e-16,3.494431864805171639e+07,7.163781050773883238e+06
2.459999999999991360e+03,8.561468748877389956e-01,2.236088121616085652e-16,3.510039012405608594e+07,7.182816915581361391e+06
2.469999999999991360e+03,8.562912569530998219e-01,2.236143347369854491e-16,3.525657108083659410e+07,7.201789278023457155e+06
2.479999999999990905e+03,8.564356390172364053e-01,2.236197355649044000e-16,3.541286148176921159e+07,7.220698500128923915e+06
2.489999999999990905e+03,8.565800210802527737e-01,2.236250130025081514e-16,3.556926128973000497e+07,7.239544942226193845e+06
2.499999999999990450e+03,8.567244031419594119e-01,2.236301654338999908e-16,3.572577046709155291e+07,7.258328966598451138e+06
2.509999999999990450e+03,8.568687852024648999e-01,2.236351912706218588e-16,3.588238897571995109e+07,7.277050934776774608e+06
2.519999999999990450e+03,8.570131672617369301e-01,2.236400889516341343e-16,3.603911677697042376e+07,7.295711209182801656e+06
2.529999999999989996e+03,8.571575493196914586e-01,2.236448569439177824e-16,3.619595383168426901e+07,7.314310151299109682e+06
2.539999999999989996e+03,8.573019313763918792e-01,2.236494937426167431e-16,3.635290010018418729e+07,7.332848123466891237e+06
2.549999999999989541e+03,8.574463134319060265e-01,2.236539978709097912e-16,3.650995554227108508e+07,7.351325487811877392e+06
2.559999999999989541e+03,8.575906954860155196e-01,2.236583678807305200e-16,3.666712011721931398e+07,7.369742605331415311e+06
2.569999999999989086e+03,8.577350775388452586e-01,2.236626023522931856e-16,3.682439378377317637e+07,7.388099838470988907e+06
2.579999999999989086e+03,8.578794595903327380e-01,2.236666998956761985e-16,3.698177650014075637e+07,7.406397548316366039e+06
2.589999999999988631e+03,8.580238416404396551e-01,2.236706591501045058e-16,3.713926822399400175e+07,7.424636095513979904e+06
2.599999999999988631e+03,8.581682236891891025e-01,2.236744787845750596e-16,3.729686891245827079e+07,7.442815841829778627e+06
2.609999999999988177e+03,8.583126057366137207e-01,2.236781574979837745e-16,3.745457852211402357e+07,7.460937147007032298e+06
2.619999999999988177e+03,8.584569877825822815e-01,2.236816940195911029e-16,3.761239700898510963e+07,7.479000370863930322e+06
2.629999999999987722e+03,8.586013698272056960e-01,2.236850871093674088e-16,3.777032432854182273e+07,7.497005872931560501e+06
2.639999999999987722e+03,8.587457518703753845e-01,2.236883355580790026e-16,3.792836043568772823e+07,7.514954011549028568e+06
2.649999999999987267e+03,8.588901339120871281e-01,2.236914381870776632e-16,3.808650528476263583e+07,7.532845145267320797e+06
2.659999999999987267e+03,8.590345159523562479e-01,2.236943938477069213e-16,3.824475882953164726e+07,7.550679630947568454e+06
2.669999999999987267e+03,8.591788979912384772e-01,2.236972014205125581e-16,3.840312102318252623e+07,7.568457826098391786e+06
2.679999999999986812e+03,8.593232800285173223e-01,2.236998598119454622e-16,3.856159181832160801e+07,7.586180085012672469e+06
2.689999999999986812e+03,8.594676620643550979e-01,2.237023679471799879e-16,3.872017116696892679e+07,7.603846763739113696e+06
2.699999999999986358e+03,8.596120440986320110e-01,2.237047247503161100e-16,3.887885902055581659e+07,7.621458214595820755e+06
2.709999999999986358e+03,8.597564261314321055e-01,2.237069290646193253e-16,3.903765532994780689e+07,7.639014790815892629e+06
2.719999999999985903e+03,8.599008081628078948e-01,2.237089793378844167e-16,3.919656004548928142e+07,7.656516843614148907e+06
2.729999999999985903e+03,8.600451901925385556e-01,2.237108731728375420e-16,3.935557311720493436e+07,7.673964721329759806e+06
2.739999999999985448e+03,8.601895722207520967e-01,2.237126073281977447e-16,3.951469449499817193e+07,7.691358771093958057e+06
2.749999999999985448e+03,8.603339542474031099e-01,2.237141778973578442e-16,3.967392412893673033e+07,7.708699336620928720e+06
2.759999999999984993e+03,8.604783362725496598e-01,2.237155804794866894e-16,3.983326196932375431e+07,7.725986759354936890e+06
2.769999999999984993e+03,8.606227182959530486e-01,2.237168103523471363e-16,3.999270796693474799e+07,7.743221376000432298e+06
2.779999999999984539e+03,8.607671003177888025e-01,2.237178626422331052e-16,4.015226207302054763e+07,7.760403521392368712e+06
2.789999999999984539e+03,8.609114823380294990e-01,2.237187325039221139e-16,4.031192423927682638e+07,7.777533526191148907e+06
2.799999999999984084e+03,8.610558643566053050e-01,2.237194152492403776e-16,4.047169441791964322e+07,7.794611717485155910e+06
2.809999999999984084e+03,8.612002463736313507e-01,2.237199064770648668e-16,4.063157256159075350e+07,7.811638420312074944e+06
2.819999999999983629e+03,8.613446283889576449e-01,2.237202022200944780e-16,4.079155862336789072e+07,7.828613954972136766e+06
2.829999999999983629e+03,8.614890104026533546e-01,2.237202990088971579e-16,4.095165255636607856e+07,7.845538641072875820e+06
2.839999999999983629e+03,8.616333924146479806e-01,2.237201938575883797e-16,4.111185431397458166e+07,7.862412796697788872e+06
2.849999999999983174e+03,8.617777744250116889e-01,2.237198841907855325e-16,4.127216384935272485e+07,7.879236744177305140e+06
2.859999999999983174e+03,8.619221564335586283e-01,2.237193678367104173e-16,4.143258111578743905e+07,7.896010816607519984e+06
2.869999999999982720e+03,8.620665384404362364e-01,2.237186429128734906e-16,4.159310606836365163e+07,7.912735301801551133e+06
2.879999999999982720e+03,8.622109204455361553e-01,2.237177079674343852e-16,4.175373865778533369e+07,7.929410426477094181e+06
2.889999999999982265e+03,8.623553024490582253e-01,2.237165617479828850e-16,4.191447883402787894e+07,7.946036517734213732e+06
2.899999999999982265e+03,8.624996844507509808e-01,2.237152035366346614e-16,4.207532655128408223e+07,7.962613948943538591e+06
2.909999999999981810e+03,8.626440664507517564e-01,2.237136328574583438e-16,4.223628175819252431e+07,7.979143030488782562e+06
2.919999999999981810e+03,8.627884484489072303e-01,2.237118498766629313e-16,4.239734440630758554e+07,7.995624048595524393e+06
2.929999999999981355e+03,8.629328304453320886e-01,2.237098551356708790e-16,4.255851444405177236e+07,8.012057297156390734e+06
2.939999999999981355e+03,8.630772124400252210e-01,2.237076498619901844e-16,4.271979182089963555e+07,8.028443074947517365e+06
2.949999999999980901e+03,8.632215944328265333e-01,2.237052357522926767e-16,4.288117648415638506e+07,8.044781681782433763e+06
2.959999999999980901e+03,8.633659764238571510e-01,2.237026151633716527e-16,4.304266837963987142e+07,8.061073415975662880e+06
2.969999999999980446e+03,8.635103584130778831e-01,2.236997908620045860e-16,4.320426745179770887e+07,8.077318577403128147e+06
2.979999999999980446e+03,8.636547404004959461e-01,2.236967661344412518e-16,4.336597364320789278e+07,8.093517464082870632e+06
2.989999999999980446e+03,8.637991223860448375e-01,2.236935444435427879e-16,4.352778689478717744e+07,8.109670374179210514e+06
2.999999999999979991e+03,8.639435043697627492e-01,2.236901295296377098e-16,4.368970714571463317e+07,8.125777606561113149e+06
3.009999999999979991e+03,8.640878863516725517e-01,2.236865249695388033e-16,4.385173433333873749e+07,8.141839459599222988e+06
3.019999999999979536e+03,8.642322683315861731e-01,2.236827343698282957e-16,4.401386839314662665e+07,8.157856230978546664e+06
3.029999999999979536e+03,8.643766503098154752e-01,2.236787608272304532e-16,4.417610925893514603e+07,8.173828219368965365e+06
3.039999999999979082e+03,8.645210322860155117e-01,2.236746073432859305e-16,4.433845686278315634e+07,8.189755721589553170e+06
3.049999999999979082e+03,8.646654142602895332e-01,2.236702761112546937e-16,4.450091113527995348e+07,8.205639034964821301e+06
3.059999999999978627e+03,8.648097962326427579e-01,2.236657693220630613e-16,4.466347200558531284e+07,8.221478455802671611e+06
3.069999999999978627e+03,8.649541782030428783e-01,2.236610880887353453e-16,4.482613940162043273e+07,8.237274279313538224e+06
3.079999999999978172e+03,8.650985601715381890e-01,2.236562338508726865e-16,4.498891325014496595e+07,8.253026799271112308e+06
3.089999999999978172e+03,8.652429421381484520e-01,2.236512066848810461e-16,4.515179347693070024e+07,8.268736309088624083e+06
3.099999999999977717e+03,8.653873241026903695e-01,2.236460074812855317e-16,4.531478000683762133e+07,8.284403099073583260e+06
3.109999999999977717e+03,8.655317060653098249e-01,2.236406354744201648e-16,4.547787276393605769e+07,8.300027459084708244e+06
3.119999999999977263e+03,8.656760880258311808e-01,2.236350912089519853e-16,4.564107167156032473e+07,8.315609677276246250e+06
3.129999999999977263e+03,8.658204699845100105e-01,2.236293733399710669e-16,4.580437665239860862e+07,8.331150038796214387e+06
3.139999999999976808e+03,8.659648519410944045e-01,2.236234821935337872e-16,4.596778762851750851e+07,8.346648828392356634e+06
3.149999999999976808e+03,8.661092338955116432e-01,2.236174161014953024e-16,4.613130452142556757e+07,8.362106326692418195e+06
3.159999999999976808e+03,8.662536158480047543e-01,2.236111752165644897e-16,4.629492725209040195e+07,8.377522815001073293e+06
3.169999999999976353e+03,8.663979977984861414e-01,2.236047577491584195e-16,4.645865574096927047e+07,8.392898569923393428e+06
3.179999999999976353e+03,8.665423797468416733e-01,2.235981636649981272e-16,4.662248990803410858e+07,8.408233867132829502e+06
3.189999999999975898e+03,8.666867616931419604e-01,2.235913911883130459e-16,4.678642967277690768e+07,8.423528980572426692e+06
3.199999999999975898e+03,8.668311436373832279e-01,2.235844400525710374e-16,4.695047495424564928e+07,8.438784181148882955e+06
3.209999999999975444e+03,8.669755255794183713e-01,2.235773085619623496e-16,4.711462567103589326e+07,8.453999737050253898e+06
3.219999999999975444e+03,8.671199075193258832e-01,2.235699961704378092e-16,4.727888174134020507e+07,8.469175916313566267e+06
3.229999999999974989e+03,8.672642894571527261e-01,2.235625012538210167e-16,4.744324308293603361e+07,8.484312982700197026e+06
3.239999999999974989e+03,8.674086713928002013e-01,2.235548229593518546e-16,4.760770961324045807e+07,8.499411198392044753e+06
3.249999999999974534e+03,8.675530533263194899e-01,2.235469596702668000e-16,4.777228124930881709e+07,8.514470823952039704e+06
3.259999999999974534e+03,8.676974352576298788e-01,2.235389102115879552e-16,4.793695790789110959e+07,8.529492115537557751e+06
3.269999999999974079e+03,8.678418171866830733e-01,2.235306728769494258e-16,4.810173950544689596e+07,8.544475329671738669e+06
3.279999999999974079e+03,8.679861991136628152e-01,2.235222461934892797e-16,4.826662595819635689e+07,8.559420718103684485e+06
3.289999999999973625e+03,8.681305810383630472e-01,2.235136282723483158e-16,4.843161718215143681e+07,8.574328531044935808e+06
3.299999999999973625e+03,8.682749629608785824e-01,2.235048173818466357e-16,4.859671309316127002e+07,8.589199016880946234e+06
3.309999999999973625e+03,8.684193448811436955e-01,2.234958114725771022e-16,4.876191360693991184e+07,8.604032419606922194e+06
3.319999999999973170e+03,8.685637267991062060e-01,2.234866086247180691e-16,4.892721863910158724e+07,8.618828982458651066e+06
3.329999999999973170e+03,8.687081087147923153e-01,2.234772067147892474e-16,4.909262810517595708e+07,8.633588944778183475e+06
3.339999999999972715e+03,8.688524906282754090e-01,2.234676037924285367e-16,4.925814192061860859e+07,8.648312544537199661e+06
3.349999999999972715e+03,8.689968725393553139e-01,2.234577977222824535e-16,4.942376000081933290e+07,8.663000015016352758e+06
3.359999999999972260e+03,8.691412544481968983e-01,2.234477867580092814e-16,4.958948226107308269e+07,8.677651589010061696e+06
3.369999999999972260e+03,8.692856363547034615e-01,2.234375687343436570e-16,4.975530861659480631e+07,8.692267495481722057e+06
3.379999999999971806e+03,8.694300182589933534e-01,2.234271422102048325e-16,4.992123898247270286e+07,8.706847961008917540e+06
3.389999999999971806e+03,8.695744001608873841e-01,2.234165051195399661e-16,5.008727327366122603e+07,8.721393210201665759e+06
3.399999999999971351e+03,8.697187820603076158e-01,2.234056561372407731e-16,5.025341140496829152e+07,8.735903463439885527e+06
3.409999999999971351e+03,8.698631639574401220e-01,2.233945934147654020e-16,5.041965329102493823e+07,8.750378940573364496e+06
3.419999999999970896e+03,8.700075458521420169e-01,2.233833156397125395e-16,5.058599884629044682e+07,8.764819857376663014e+06
3.429999999999970896e+03,8.701519277444531575e-01,2.233718210612064420e-16,5.075244798504068702e+07,8.779226427516199648e+06
3.439999999999970441e+03,8.702963096343585558e-01,2.233601083406518177e-16,5.091900062137747556e+07,8.793598861957604066e+06
3.449999999999970441e+03,8.704406915218914076e-01,2.233481756823619750e-16,5.108565666923926026e+07,8.807937369377655908e+06
3.459999999999969987e+03,8.705850734068200092e-01,2.233360215687473078e-16,5.125241604243412614e+07,8.822242154732998461e+06
3.469999999999969987e+03,8.707294552893463102e-01,2.233236439640971778e-16,5.141927865468048304e+07,8.836513422057254240e+06
3.479999999999969987e+03,8.708738371694701996e-01,2.233110409451464128e-16,5.158624441967500001e+07,8.850751370950931683e+06
3.489999999999969532e+03,8.710182190471216224e-01,2.232982099365772364e-16,5.175331325118052959e+07,8.864956200112776831e+06
3.499999999999969532e+03,8.711626009222548372e-01,2.232851482815640025e-16,5.192048506314541399e+07,8.879128103028232232e+06
3.509999999999969077e+03,8.713069827949448953e-01,2.232718524835269957e-16,5.208775976985116303e+07,8.893267272841278464e+06
3.519999999999969077e+03,8.714513646650429157e-01,2.232583187077238200e-16,5.225513728610261530e+07,8.907373897876473144e+06
3.529999999999968622e+03,8.715957465326380493e-01,2.232445420964533972e-16,5.242261752744443715e+07,8.921448164060572162e+06
3.539999999999968622e+03,8.717401283977080917e-01,2.232305170664656986e-16,5.259020041044119000e+07,8.935490253557104617e+06
3.549999999999968168e+03,8.718845102602187369e-01,2.232162366743265983e-16,5.275788585300765932e+07,8.949500344182822853e+06
3.559999999999968168e+03,8.720288921201484467e-01,2.232016925453298202e-16,5.292567377485267073e+07,8.963478610629158095e+06
3.569999999999967713e+03,8.721732739772927179e-01,2.231868741675544849e-16,5.309356409804197401e+07,8.977425220742587000e+06
3.579999999999967713e+03,8.723176558318865847e-01,2.231717682400677015e-16,5.326155674777464569e+07,8.991340338326975703e+06
3.589999999999967258e+03,8.724620376840221958e-01,2.231563573722859600e-16,5.342965165345764905e+07,9.005224119928272441e+06
3.599999999999967258e+03,8.726064195334328755e-01,2.231406179082679114e-16,5.359784875031016022e+07,9.019076711055757478e+06
3.609999999999966803e+03,8.727508013803748632e-01,2.231245154092585630e-16,5.376614798200178146e+07,9.032898247709628195e+06
3.619999999999966803e+03,8.728951832246494291e-01,2.231079974777038387e-16,5.393454930507101864e+07,9.046688847122833133e+06
3.629999999999966803e+03,8.730395650661755269e-01,2.230909753790148920e-16,5.410305269776406884e+07,9.060448599338578060e+06
3.639999999999966349e+03,8.731839469049316182e-01,2.230733252090549308e-16,5.427165817334580421e+07,9.074177555671257898e+06
3.649999999999966349e+03,8.733283287411607310e-01,2.230550422386943364e-16,5.444036576651724428e+07,9.087875744102066383e+06
3.659999999999965894e+03,8.734727105747415177e-01,2.230362096262432384e-16,5.460917549796924740e+07,9.101543205205462873e+06
3.669999999999965894e+03,8.736170924056567699e-01,2.230169145864269366e-16,5.477808735982923955e+07,9.115180010494418442e+06
3.679999999999965439e+03,8.737614742337966867e-01,2.229972356863457481e-16,5.494710131722249091e+07,9.128786260743096471e+06
3.689999999999965439e+03,8.739058560592660729e-01,2.229772387834255458e-16,5.511621731185796857e+07,9.142362082889251411e+06
3.699999999999964984e+03,8.740502378820405038e-01,2.229569830391817735e-16,5.528543526508948207e+07,9.155907625481985509e+06
3.709999999999964984e+03,8.741946197020524778e-01,2.229365207227025580e-16,5.545475507982487231e+07,9.169423056134942919e+06
3.719999999999964530e+03,8.743390015194124620e-01,2.229158868374138667e-16,5.562417664423924685e+07,9.182908557789059356e+06
3.729999999999964530e+03,8.744833833339601403e-01,2.228950916204429471e-16,5.579369983859647065e+07,9.196364319537870586e+06
3.739999999999964075e+03,8.746277651458281843e-01,2.228741217161814522e-16,5.596332454316152632e+07,9.209790528470594436e+06
3.749999999999964075e+03,8.747721469547887763e-01,2.228529469690844565e-16,5.613305064477599412e+07,9.223187363071195781e+06
3.759999999999963620e+03,8.749165287609266262e-01,2.228315277775341200e-16,5.630287804108756781e+07,9.236554987472100183e+06
3.769999999999963620e+03,8.750609105642974672e-01,2.228098198341666944e-16,5.647280664281602204e+07,9.249893549728523940e+06
3.779999999999963165e+03,8.752052923647578586e-01,2.227877767155488500e-16,5.664283637488131970e+07,9.263203179607825354e+06
3.789999999999963165e+03,8.753496741624051669e-01,2.227653525957321831e-16,5.681296717674390227e+07,9.276483990243501961e+06
3.799999999999963165e+03,8.754940559572559344e-01,2.227425077501216508e-16,5.698319900148135424e+07,9.289736077657325193e+06
3.809999999999962711e+03,8.756384377492565374e-01,2.227192193324983346e-16,5.715353181223686785e+07,9.302959525896649808e+06
3.819999999999962711e+03,8.757828195381891501e-01,2.226954965675982819e-16,5.732396557433042675e+07,9.316154416447773576e+06
3.829999999999962256e+03,8.759272013243106780e-01,2.226713937196493388e-16,5.749450024250691384e+07,9.329320841944601387e+06
3.839999999999962256e+03,8.760715831074161741e-01,2.226470101518540232e-16,5.766513574548912793e+07,9.342458919788694009e+06
3.849999999999961801e+03,8.762159648876088891e-01,2.226224451217918507e-16,5.783587197790613025e+07,9.355568804254550487e+06
3.859999999999961801e+03,8.763603466650795593e-01,2.225977413339942317e-16,5.800670881028075516e+07,9.368650671855350956e+06
3.869999999999961346e+03,8.765047284394928973e-01,2.225729110228716160e-16,5.817764610408190638e+07,9.381704708663646132e+06
3.879999999999961346e+03,8.766491102108706635e-01,2.225479525175153855e-16,5.834868371877857298e+07,9.394731102677673101e+06
3.889999999999960892e+03,8.767934919792108595e-01,2.225228553156300951e-16,5.851982151549898088e+07,9.407730036967918277e+06
3.899999999999960892e+03,8.769378737446233973e-01,2.224976117274256729e-16,5.869105935807064176e+07,9.420701692364921793e+06
3.909999999999960437e+03,8.770822555069541782e-01,2.224722275779661676e-16,5.886239711005899310e+07,9.433646247046817094e+06
3.919999999999960437e+03,8.772266372661481348e-01,2.224467127116713449e-16,5.903383463125184178e+07,9.446563881495187059e+06
3.929999999999959982e+03,8.773710190222026029e-01,2.224210394767437627e-16,5.920537178320685029e+07,9.459454771977661178e+06
3.939999999999959982e+03,8.775154007754142338e-01,2.223951238845133225e-16,5.937700844734732062e+07,9.472319074960067868e+06
3.949999999999959982e+03,8.776597825252629992e-01,2.223690037394990626e-16,5.954874451404698193e+07,9.485156939358811826e+06
3.959999999999959527e+03,8.778041642719438542e-01,2.223428118846871789e-16,5.972057984331645072e+07,9.497968542031802237e+06
3.969999999999959527e+03,8.779485460155260768e-01,2.223166680222640213e-16,5.989251425089254975e+07,9.510754104579929262e+06
3.979999999999959073e+03,8.780929277559745838e-01,2.222906472526592116e-16,6.006454751870997995e+07,9.523513881611989811e+06
3.989999999999959073e+03,8.782373094931561486e-01,2.222647528849233661e-16,6.023667941510096937e+07,9.536248140377178788e+06
3.999999999999958618e+03,8.783816912270356880e-01,2.222389520538488480e-16,6.040890971361622214e+07,9.548957141852714121e+06
4.009999999999959073e+03,8.785260729577767380e-01,2.222132175322231716e-16,6.058123819780462980e+07,9.561641137182790786e+06
4.019999999999958618e+03,8.786704546851359376e-01,2.221875331198674420e-16,6.075366465787660331e+07,9.574300366511235014e+06
4.029999999999958618e+03,8.788148364088408382e-01,2.221618889110965889e-16,6.092618888768627495e+07,9.586935066622817889e+06
4.039999999999958163e+03,8.789592181293712780e-01,2.221362777044000494e-16,6.109881068325869739e+07,9.599545468262657523e+06
4.049999999999958163e+03,8.791035998467199297e-01,2.221106933340188017e-16,6.127152984202881902e+07,9.612131801224187016e+06
4.059999999999957708e+03,8.792479815604092863e-01,2.220851183564402201e-16,6.144434616394585371e+07,9.624694287808531895e+06
4.069999999999957708e+03,8.793923632706319715e-01,2.220594655951414677e-16,6.161725946597182006e+07,9.637233133789809421e+06
4.079999999999957254e+03,8.795367449777220514e-01,2.220336324882659825e-16,6.179026959773152322e+07,9.649748509215675294e+06
4.089999999999957254e+03,8.796811266810095065e-01,2.220075435099221948e-16,6.196337643918278068e+07,9.662240554032819346e+06
4.099999999999957254e+03,8.798255083807504651e-01,2.219811611331660001e-16,6.213657988925547898e+07,9.674709388575460762e+06
4.109999999999956344e+03,8.799698900771970589e-01,2.219544939480174653e-16,6.230987985144063830e+07,9.687155128086755052e+06
4.119999999999956344e+03,8.801142717697230111e-01,2.219275931835150184e-16,6.248327621839565784e+07,9.699577898042067885e+06
4.129999999999956344e+03,8.802586534587503175e-01,2.219005356965437369e-16,6.265676885967454314e+07,9.711977846456363797e+06
4.139999999999956344e+03,8.804030351441638480e-01,2.218733693171101120e-16,6.283035762213930488e+07,9.724355142370497808e+06
4.149999999999956344e+03,8.805474168258980994e-01,2.218460860163422944e-16,6.300404234521479160e+07,9.736709961347689852e+06
4.159999999999955435e+03,8.806917985041926578e-01,2.218186334446939902e-16,6.317782287891412526e+07,9.749042469024462625e+06
4.169999999999955435e+03,8.808361801785701273e-01,2.217909605959115188e-16,6.335169909150028974e+07,9.761352813486153260e+06
4.179999999999955435e+03,8.809805618493256052e-01,2.217630504017926168e-16,6.352567086302356422e+07,9.773641131069021299e+06
4.189999999999955435e+03,8.811249435162140653e-01,2.217349290021000571e-16,6.369973807124656439e+07,9.785907559115899727e+06
4.199999999999954525e+03,8.812693251792447224e-01,2.217066304957437826e-16,6.387390058224021643e+07,9.798152246290799230e+06
4.209999999999954525e+03,8.814137068386143081e-01,2.216781580443674418e-16,6.404815825460207462e+07,9.810375347561273724e+06
4.219999999999954525e+03,8.815580884940549256e-01,2.216494707469055690e-16,6.422251095337633044e+07,9.822577010739993304e+06
4.229999999999954525e+03,8.817024701456860347e-01,2.216205235329359678e-16,6.439695855917538702e+07,9.834757370137341321e+06
4.239999999999953616e+03,8.818468517934081596e-01,2.215913165844351671e-16,6.457150096050972492e+07,9.846916552890168503e+06
4.249999999999953616e+03,8.819912334371554641e-01,2.215618896372156640e-16,6.474613803732524067e+07,9.859054692922547460e+06
4.259999999999953616e+03,8.821356150769279481e-01,2.215322307878021458e-16,6.492086966200470179e+07,9.871171927634118125e+06
4.269999999999953616e+03,8.822799967127170628e-01,2.215021665036978442e-16,6.509569574110870063e+07,9.883268365271449089e+06
4.279999999999953616e+03,8.824243783444771783e-01,2.214716577860842036e-16,6.527061622215316445e+07,9.895344078520812094e+06
4.289999999999952706e+03,8.825687599722902288e-01,2.214408564834462506e-16,6.544563103140819818e+07,9.907399161125693470e+06
4.299999999999952706e+03,8.827131415960101091e-01,2.214099283624033957e-16,6.562074003642395139e+07,9.919433758413132280e+06
4.309999999999952706e+03,8.828575232154545205e-01,2.213789865726884542e-16,6.579594305403742194e+07,9.931448066383093596e+06
4.319999999999952706e+03,8.830019048308408447e-01,2.213480293438123569e-16,6.597123988129854202e+07,9.943442298107458279e+06
4.329999999999951797e+03,8.831462864420144276e-01,2.213170065300678196e-16,6.614663032549390197e+07,9.955416659027306363e+06
4.339999999999951797e+03,8.832906680490255624e-01,2.212858779290838503e-16,6.632211421016652882e+07,9.967371340231426060e+06
4.349999999999951797e+03,8.834350496516109041e-01,2.212546176848367196e-16,6.649769137002927065e+07,9.979306520589606836e+06
4.359999999999951797e+03,8.835794312500260261e-01,2.212232066796848319e-16,6.667336164715372771e+07,9.991222373098351061e+06
4.369999999999950887e+03,8.837238128439973694e-01,2.211916293702262116e-16,6.684912488923843950e+07,1.000311906461289153e+07
4.379999999999950887e+03,8.838681944336261864e-01,2.211598708829132432e-16,6.702498094892603159e+07,1.001499675778065249e+07
4.389999999999950887e+03,8.840125760189257997e-01,2.211279167643751128e-16,6.720092968365125358e+07,1.002685561031142063e+07
4.399999999999950887e+03,8.841569575996111041e-01,2.210957515308263562e-16,6.737697095576374233e+07,1.003869577647436596e+07
4.409999999999949978e+03,8.843013391757243991e-01,2.210633585018656497e-16,6.755310463286516070e+07,1.005051740518419817e+07
4.419999999999949978e+03,8.844457207473140903e-01,2.210307173454457633e-16,6.772933058783137798e+07,1.006232064002595656e+07
4.429999999999949978e+03,8.845901023145406050e-01,2.209977315029446067e-16,6.790564871384070814e+07,1.007410560622125678e+07
4.439999999999949978e+03,8.847344838768025355e-01,2.209642893021315248e-16,6.808205894261620939e+07,1.008587239538425021e+07
4.449999999999949978e+03,8.848788654346596561e-01,2.209303525068813158e-16,6.825856123299029469e+07,1.009762107430343516e+07
4.459999999999949068e+03,8.850232469877208352e-01,2.208959205914181124e-16,6.843515554961211979e+07,1.010935170694274083e+07
4.469999999999949068e+03,8.851676285361638197e-01,2.208609973769855939e-16,6.861184185540877283e+07,1.012106435721715912e+07
4.479999999999949068e+03,8.853120100797475800e-01,2.208255549216002103e-16,6.878862011697639525e+07,1.013275908808121085e+07
4.489999999999949068e+03,8.854563916183388894e-01,2.207895359064602650e-16,6.896549031636127830e+07,1.014443594921339490e+07
4.499999999999948159e+03,8.856007731521735593e-01,2.207528786896042047e-16,6.914245245790237188e+07,1.015609497329572402e+07
4.509999999999948159e+03,8.857451546812022958e-01,2.207155745627247842e-16,6.931950655996222794e+07,1.016773618334188312e+07
4.519999999999948159e+03,8.858895362052585654e-01,2.206777263448563663e-16,6.949665262379644811e+07,1.017935962071842514e+07
4.529999999999948159e+03,8.860339177242217978e-01,2.206394795700145676e-16,6.967389060368765891e+07,1.019096536963484809e+07
4.539999999999947249e+03,8.861782992383202551e-01,2.206009198253953340e-16,6.985122040988245606e+07,1.020255355491959490e+07
4.549999999999947249e+03,8.863226807474138269e-01,2.205620022498294167e-16,7.002864194461455941e+07,1.021412431003430858e+07
4.559999999999947249e+03,8.864670622512229592e-01,2.205225864617693005e-16,7.020615514505767822e+07,1.022567774014303088e+07
4.569999999999947249e+03,8.866114437497980560e-01,2.204825336978890049e-16,7.038376000078295171e+07,1.023721390548050404e+07
4.579999999999946340e+03,8.867558252432553578e-01,2.204417689217009656e-16,7.056145654124201834e+07,1.024873283582422510e+07
4.589999999999946340e+03,8.869002067314015747e-01,2.204003158734816787e-16,7.073924480513767898e+07,1.026023455277755857e+07
4.599999999999946340e+03,8.870445882144550875e-01,2.203582661545023347e-16,7.091712480856427550e+07,1.027171910267010704e+07
4.609999999999946340e+03,8.871889696918835444e-01,2.203156891050608806e-16,7.109509653615958989e+07,1.028318655856937170e+07
4.619999999999946340e+03,8.873333511639727167e-01,2.202725600119731438e-16,7.127315996371817589e+07,1.029463700570019148e+07
4.629999999999945430e+03,8.874777326305376413e-01,2.202287822891595469e-16,7.145131509085026383e+07,1.030607051205908880e+07
4.639999999999945430e+03,8.876221140917344155e-01,2.201843000810830437e-16,7.162956194738064706e+07,1.031748712452383339e+07
4.649999999999945430e+03,8.877664955471988861e-01,2.201391720436505136e-16,7.180790056271478534e+07,1.032888689331821166e+07
4.659999999999945430e+03,8.879108769972106074e-01,2.200935105446532121e-16,7.198633093176992238e+07,1.034026990179023147e+07
4.669999999999944521e+03,8.880552584414653783e-01,2.200473095448938053e-16,7.216485302627067268e+07,1.035163625274182297e+07
4.679999999999944521e+03,8.881996398801916826e-01,2.200003217439606550e-16,7.234346686904525757e+07,1.036298601329144090e+07
4.689999999999944521e+03,8.883440213126976293e-01,2.199525425991385809e-16,7.252217253499822319e+07,1.037431921250267513e+07
4.699999999999944521e+03,8.884884027394245321e-01,2.199041741452345451e-16,7.270097006006208062e+07,1.038563591843229532e+07
4.709999999999943611e+03,8.886327841600796251e-01,2.198554381237360673e-16,7.287985939789496362e+07,1.039693627200906351e+07
4.719999999999943611e+03,8.887771655751881550e-01,2.198064479081417326e-16,7.305884043814513087e+07,1.040822047538762726e+07
4.729999999999943611e+03,8.889215469840124895e-01,2.197571778291435458e-16,7.323791305527041852e+07,1.041948874837898090e+07
4.739999999999943611e+03,8.890659283868092011e-01,2.197075803768187300e-16,7.341707713919469714e+07,1.043074130566067435e+07
4.749999999999943611e+03,8.892103097828853997e-01,2.196576250485404726e-16,7.359633259467573464e+07,1.044197835389438644e+07
4.759999999999942702e+03,8.893546911728331672e-01,2.196072950993093314e-16,7.377567933494350314e+07,1.045320009996964224e+07
4.769999999999942702e+03,8.894990725565183887e-01,2.195565804646203244e-16,7.395511727793072164e+07,1.046440675093649328e+07
4.779999999999942702e+03,8.896434539336477432e-01,2.195054768605340089e-16,7.413464634406159818e+07,1.047559851949042641e+07
4.789999999999942702e+03,8.897878353037405041e-01,2.194539847210550552e-16,7.431426645435251296e+07,1.048677562508241646e+07
4.799999999999941792e+03,8.899322166676570944e-01,2.194021107694644083e-16,7.449397752836953104e+07,1.049793829810192250e+07
4.809999999999941792e+03,8.900765980245701758e-01,2.193498667072261019e-16,7.467377948210528493e+07,1.050908677908416837e+07
4.819999999999941792e+03,8.902209793743498523e-01,2.192972690241750245e-16,7.485367222611428797e+07,1.052022132420078851e+07
4.829999999999941792e+03,8.903653607172151707e-01,2.192443353038872879e-16,7.503365566432233155e+07,1.053134220570820756e+07
4.839999999999940883e+03,8.905097420532575025e-01,2.191910804773290307e-16,7.521372969385375082e+07,1.054244971233416721e+07
4.849999999999940883e+03,8.906541233817404368e-01,2.191374822416372627e-16,7.539389421200956404e+07,1.055354414430683851e+07
4.859999999999940883e+03,8.907985047026585335e-01,2.190834306689544183e-16,7.557414914223666489e+07,1.056462579378743283e+07
4.869999999999940883e+03,8.909428860161964225e-01,2.190288869414489683e-16,7.575449443772839010e+07,1.057569494475877658e+07
4.879999999999939973e+03,8.910872673221102991e-01,2.189738652582789824e-16,7.593493005564609170e+07,1.058675189280709252e+07
4.889999999999939973e+03,8.912316486202217503e-01,2.189184014513866562e-16,7.611545594271910191e+07,1.059779696004857682e+07
4.899999999999939973e+03,8.913760299103403728e-01,2.188625179443020772e-16,7.629607203409740329e+07,1.060883049828828685e+07
4.909999999999939973e+03,8.915204111922441221e-01,2.188062227119802761e-16,7.647677825916551054e+07,1.061985288505627774e+07
4.919999999999939973e+03,8.916647924659750757e-01,2.187495156373705156e-16,7.665757454578475654e+07,1.063086452375302464e+07
4.929999999999939064e+03,8.918091737309802314e-01,2.186923851407326122e-16,7.683846082382358611e+07,1.064186584071989544e+07
4.939999999999939064e+03,8.919535549878103708e-01,2.186348014619218499e-16,7.701943703092904389e+07,1.065285728510897048e+07
4.949999999999939064e+03,8.920979362355656583e-01,2.185767208352863731e-16,7.720050311950345337e+07,1.066383932321590185e+07
4.959999999999939064e+03,8.922423174740936602e-01,2.185181351086583070e-16,7.738165905376729369e+07,1.067481244712365232e+07
4.969999999999938154e+03,8.923866987034967391e-01,2.184591634587822659e-16,7.756290477714674175e+07,1.068577720363925397e+07
4.979999999999938154e+03,8.925310799231027659e-01,2.183999892203893624e-16,7.774424017268981040e+07,1.069673422671688907e+07
4.989999999999938154e+03,8.926754611326779276e-01,2.183407322396964661e-16,7.792566506294389069e+07,1.070768424292536080e+07
4.999999999999938154e+03,8.928198423326886290e-01,2.182814038054421677e-16,7.810717924437329173e+07,1.071862804380355217e+07
5.009999999999937245e+03,8.929642235218780977e-01,2.182218955210769217e-16,7.828878253273534775e+07,1.072956645281784609e+07
5.019999999999937245e+03,8.931086047005840634e-01,2.181620537949563242e-16,7.847047479562194645e+07,1.074050030234394968e+07
5.029999999999937245e+03,8.932529858678256440e-01,2.181017297629502988e-16,7.865225596003025770e+07,1.075143042897195928e+07
5.039999999999937245e+03,8.933973670234726105e-01,2.180408250533340609e-16,7.883412600210009515e+07,1.076235768770244904e+07
5.049999999999936335e+03,8.935417481672678353e-01,2.179793617192252005e-16,7.901608491344930232e+07,1.077328298143164441e+07
5.059999999999936335e+03,8.936861292988013128e-01,2.179174733659594473e-16,7.919813265357676148e+07,1.078420730190057494e+07
5.069999999999936335e+03,8.938305104176788030e-01,2.178552692640224245e-16,7.938026913131654263e+07,1.079513174703061581e+07
5.079999999999936335e+03,8.939748915229839277e-01,2.177927071653982036e-16,7.956249424096827209e+07,1.080605749540156871e+07
5.089999999999936335e+03,8.941192726143654124e-01,2.177296108172268013e-16,7.974480792206092179e+07,1.081698576185727492e+07
5.099999999999935426e+03,8.942636536914383427e-01,2.176658596138555706e-16,7.992721017622438073e+07,1.082791778981429338e+07
5.109999999999935426e+03,8.944080347532860076e-01,2.176015214912149274e-16,8.010970101567164063e+07,1.083885489162232727e+07
5.119999999999935426e+03,8.945524157998742121e-01,2.175367467487682033e-16,8.029228040507446229e+07,1.084979849638371356e+07
5.129999999999935426e+03,8.946967968295949092e-01,2.174715213456833145e-16,8.047494827658386528e+07,1.086075013910422847e+07
5.139999999999934516e+03,8.948411778422649121e-01,2.174054629589897889e-16,8.065770464669042826e+07,1.087171137733045407e+07
5.149999999999934516e+03,8.949855588371483650e-01,2.173385333042522130e-16,8.084054962281480432e+07,1.088268379255631194e+07
5.159999999999934516e+03,8.951299398134429097e-01,2.172709544757578795e-16,8.102348327231872082e+07,1.089366908784739673e+07
5.169999999999934516e+03,8.952743207698057315e-01,2.172029647010800856e-16,8.120650556612157822e+07,1.090466914033792168e+07
5.179999999999933607e+03,8.954187017057042564e-01,2.171346140955391687e-16,8.138961641651944816e+07,1.091568597272232547e+07
5.189999999999933607e+03,8.955630826203295758e-01,2.170658233673654659e-16,8.157281574425032735e+07,1.092672170860541798e+07
5.199999999999933607e+03,8.957074635119395278e-01,2.169965206633169327e-16,8.175610350198379159e+07,1.093777855405559018e+07
5.209999999999933607e+03,8.958518443795456809e-01,2.169266542841661847e-16,8.193947966685557365e+07,1.094885880959925428e+07
5.219999999999932697e+03,8.959962252221919110e-01,2.168561820623843527e-16,8.212294423427969217e+07,1.095996487702647038e+07
5.229999999999932697e+03,8.961406060386781780e-01,2.167850645532038950e-16,8.230649721569305658e+07,1.097109926729035936e+07
5.239999999999932697e+03,8.962849868276170362e-01,2.167132635115573539e-16,8.249013863793601096e+07,1.098226460647198372e+07
5.249999999999932697e+03,8.964293675868635347e-01,2.166407419314560835e-16,8.267386854288716614e+07,1.099346364246660843e+07
5.259999999999932697e+03,8.965737483155375998e-01,2.165674669450612015e-16,8.285768698648217320e+07,1.100469925292133912e+07
5.269999999999931788e+03,8.967181290115193715e-01,2.164934123518925192e-16,8.304159403661349416e+07,1.101597445237240568e+07
5.279999999999931788e+03,8.968625096734439417e-01,2.164185614465443613e-16,8.322558976991041005e+07,1.102729240391657501e+07
5.289999999999931788e+03,8.970068902993609816e-01,2.163429065061183365e-16,8.340967426799075305e+07,1.103865642999677174e+07
5.299999999999931788e+03,8.971512708868543129e-01,2.162664449819893303e-16,8.359384761451904476e+07,1.105007002454766817e+07
5.309999999999930878e+03,8.972956514341619005e-01,2.161891713725495859e-16,8.377810989435444772e+07,1.106153686536127515e+07
5.319999999999930878e+03,8.974400319389786995e-01,2.161110489305144579e-16,8.396246119950954616e+07,1.107306082112355344e+07
5.329999999999930878e+03,8.975844123982652523e-01,2.160319305465250829e-16,8.414690165984337032e+07,1.108464594693866372e+07
5.339999999999930878e+03,8.977287928100039505e-01,2.159516989343776278e-16,8.433143146028284729e+07,1.109629649370284751e+07
5.349999999999929969e+03,8.978731731711164787e-01,2.158702602998763744e-16,8.451605082770076394e+07,1.110801694867141545e+07
5.359999999999929969e+03,8.980175534785181934e-01,2.157874996944183431e-16,8.470076003006227314e+07,1.111981207485847734e+07
5.369999999999929969e+03,8.981619337287016780e-01,2.157032492022884857e-16,8.488555939199502766e+07,1.113168695678720810e+07
5.379999999999929969e+03,8.983063139182313472e-01,2.156172852938592531e-16,8.507044931683340669e+07,1.114364705592863262e+07
5.389999999999929059e+03,8.984506940428671484e-01,2.155293001769099974e-16,8.525543031451278925e+07,1.115569828073208965e+07
5.399999999999929059e+03,8.985950740982225904e-01,2.154388615551797051e-16,8.544050304451739788e+07,1.116784707226139121e+07
5.409999999999929059e+03,8.987394540793772757e-01,2.153454154939149348e-16,8.562566836769632995e+07,1.118010050189519487e+07
5.419999999999929059e+03,8.988838339806430877e-01,2.152483485886021635e-16,8.581092738554535806e+07,1.119246639061641693e+07
5.429999999999929059e+03,8.990282137953840014e-01,2.151471047284287997e-16,8.599628144496771693e+07,1.120495342551876046e+07
5.439999999999928150e+03,8.991725935170536976e-01,2.150414400503492461e-16,8.618173207222843170e+07,1.121757116360531934e+07
5.449999999999928150e+03,8.993169731371219999e-01,2.149321128720697101e-16,8.636728069923013449e+07,1.123032973761883564e+07
5.459999999999928150e+03,8.994613526486304744e-01,2.148207460772278228e-16,8.655292825098004937e+07,1.124323923862709105e+07
5.469999999999928150e+03,8.996057320429913240e-01,2.147083013942634827e-16,8.673867510448913276e+07,1.125630930871695280e+07
5.479999999999927240e+03,8.997501113123602678e-01,2.145951006515600798e-16,8.692452138072571158e+07,1.126954935497982986e+07
5.489999999999927240e+03,8.998944904481032125e-01,2.144812158593443842e-16,8.711046712891897559e+07,1.128296898435085826e+07
5.499999999999927240e+03,9.000388694406133983e-01,2.143666048374279114e-16,8.729651239620441198e+07,1.129657828331113607e+07
5.509999999999927240e+03,9.001832482800210533e-01,2.142511777999729534e-16,8.748265725902836025e+07,1.131038796257314272e+07
5.519999999999926331e+03,9.003276269547120236e-01,2.141348372703934373e-16,8.766890183414314687e+07,1.132440944932822138e+07
5.529999999999926331e+03,9.004720054529016249e-01,2.140175203049544986e-16,8.785524627332025766e+07,1.133865497762504406e+07
5.539999999999926331e+03,9.006163837602527700e-01,2.138992530227723497e-16,8.804169073677493632e+07,1.135313768423561566e+07
5.549999999999926331e+03,9.007607618623620915e-01,2.137801225437241662e-16,8.822823535946315527e+07,1.136787171744962782e+07
5.559999999999926331e+03,9.009051397423133434e-01,2.136601475818245510e-16,8.841488025319841504e+07,1.138287232180137932e+07
5.569999999999925421e+03,9.010495173815148418e-01,2.135392952663748528e-16,8.860162553423739970e+07,1.139815591683397442e+07
5.579999999999925421e+03,9.011938947596476179e-01,2.134175397076308173e-16,8.878847133223843575e+07,1.141374019150994904e+07
5.589999999999925421e+03,9.013382718539564298e-01,2.132948503589196327e-16,8.897541778829956055e+07,1.142964421974349208e+07
5.599999999999925421e+03,9.014826486390900007e-01,2.131711485840929976e-16,8.916246506630343199e+07,1.144588857384650595e+07
5.609999999999924512e+03,9.016270250859106383e-01,2.130463154655527995e-16,8.934961337296131253e+07,1.146249544753851555e+07
5.619999999999924512e+03,9.017714011631599025e-01,2.129202441901079614e-16,8.953686296523483098e+07,1.147948879637142457e+07
5.629999999999924512e+03,9.019157768352478177e-01,2.127929319425442105e-16,8.972421412540031970e+07,1.149689451745610870e+07
5.639999999999924512e+03,9.020601520609914381e-01,2.126644946485232383e-16,8.991166711051079631e+07,1.151474065553142317e+07
5.649999999999923602e+03,9.022045267957117254e-01,2.125350026208742829e-16,9.009922213542594016e+07,1.153305760403889604e+07
5.659999999999923602e+03,9.023489009872497357e-01,2.124044000709717515e-16,9.028687941215600073e+07,1.155187827945850417e+07
5.669999999999923602e+03,9.024932745770481990e-01,2.122725593209912827e-16,9.047463919363602996e+07,1.157123831221086718e+07
5.679999999999923602e+03,9.026376474992915400e-01,2.121393258394994201e-16,9.066250179483377934e+07,1.159117626740206219e+07
5.689999999999922693e+03,9.027820196769520411e-01,2.120045493056895103e-16,9.085046759841045737e+07,1.161173388953961246e+07
5.699999999999922693e+03,9.029263910238884971e-01,2.118681897456160089e-16,9.103853703131435812e+07,1.163295638889580034e+07
5.709999999999922693e+03,9.030707614390072191e-01,2.117303762699665106e-16,9.122671050158575177e+07,1.165489275386272185e+07
5.719999999999922693e+03,9.032151308084257479e-01,2.115912312843099796e-16,9.141498835784783959e+07,1.167759607082123123e+07
5.729999999999922693e+03,9.033594989980147094e-01,2.114507051950195905e-16,9.160337093398603797e+07,1.170112376537784934e+07
5.739999999999921783e+03,9.035038658538896428e-01,2.113085611130942882e-16,9.179185863743042946e+07,1.172553785243549943e+07
5.749999999999921783e+03,9.036482311963508485e-01,2.111645312534466924e-16,9.198045194160905480e+07,1.175090523607005738e+07
5.759999999999921783e+03,9.037925948160687728e-01,2.110185930515059781e-16,9.216915145708009601e+07,1.177729799766950309e+07
5.769999999999921783e+03,9.039369564668335855e-01,2.108709222142498488e-16,9.235795774757340550e+07,1.180479354045448080e+07
5.779999999999920874e+03,9.040813158610270239e-01,2.107216481439053716e-16,9.254687124945607781e+07,1.183347470412450843e+07
5.789999999999920874e+03,9.042256726581621162e-01,2.105704733506872394e-16,9.273589248213100433e+07,1.186342999968762696e+07
5.799999999999920874e+03,9.043700264560631252e-01,2.104170627469172467e-16,9.292502210951906443e+07,1.189475336441840045e+07
5.809999999999920874e+03,9.045143767777206190e-01,2.102616260112858503e-16,9.311426082554657757e+07,1.192754395211009867e+07
5.819999999999919964e+03,9.046587230545222180e-01,2.101044961594051491e-16,9.330360919834859669e+07,1.196190577492183633e+07
5.829999999999919964e+03,9.048030646081096640e-01,2.099458188118065894e-16,9.349306768789231777e+07,1.199794693250412866e+07
5.839999999999919964e+03,9.049474006277906657e-01,2.097855376972207166e-16,9.368263673894201219e+07,1.203577844575039111e+07
5.849999999999919964e+03,9.050917301393976988e-01,2.096235984007918963e-16,9.387231682598447800e+07,1.207551270110564493e+07
5.859999999999919055e+03,9.052360519729836241e-01,2.094599769171770990e-16,9.406210844287358224e+07,1.211726144087903202e+07
5.869999999999919055e+03,9.053803647202083305e-01,2.092946694317670641e-16,9.425201209113214910e+07,1.216113321982726455e+07
5.879999999999919055e+03,9.055246666838634440e-01,2.091276862415555454e-16,9.444202827256985009e+07,1.220723029375769757e+07
5.889999999999919055e+03,9.056689558176794774e-01,2.089590494777530979e-16,9.463215748367691040e+07,1.225564496758943982e+07
5.899999999999919055e+03,9.058132296568778274e-01,2.087887921367201924e-16,9.482240021060682833e+07,1.230645546664966643e+07
5.909999999999918145e+03,9.059574852305242176e-01,2.086169573103644513e-16,9.501275692458896339e+07,1.235972150086843036e+07
5.919999999999918145e+03,9.061017189671305427e-01,2.084435975058263876e-16,9.520322807747222483e+07,1.241547975018108636e+07
5.929999999999918145e+03,9.062459265836723121e-01,2.082687736257279105e-16,9.539381409775748849e+07,1.247373960863919184e+07
5.939999999999918145e+03,9.063901029535790244e-01,2.080925542544499286e-16,9.558451538689364493e+07,1.253447955921876244e+07
5.949999999999917236e+03,9.065342419677955288e-01,2.079150146942272771e-16,9.577533231596128643e+07,1.259764461028505862e+07
5.959999999999917236e+03,9.066783363734853829e-01,2.077362368154888376e-16,9.596626522256767750e+07,1.266314515130630136e+07
5.969999999999917236e+03,9.068223776008161874e-01,2.075563087254632589e-16,9.615731440783037245e+07,1.273085751138449088e+07
5.979999999999917236e+03,9.069663555724414294e-01,2.073753256710145108e-16,9.634848013314682245e+07,1.280062632370850258e+07
5.989999999999916326e+03,9.071102584998138596e-01,2.071933916411047393e-16,9.653976261523789167e+07,1.287226861850477010e+07
5.999999999999916326e+03,9.072540726625392127e-01,2.070105472672983198e-16,9.673116203809316456e+07,1.294557934220247902e+07
6.009999999999916326e+03,9.073977821758187901e-01,2.068267425900240128e-16,9.692267859354004264e+07,1.302033787102507614e+07
6.019999999999916326e+03,9.075413687352614778e-01,2.066421496233248329e-16,9.711431244973829389e+07,1.309631505077448674e+07
6.029999999999916326e+03,9.076848113451292388e-01,2.064570229468926116e-16,9.730606367558865249e+07,1.317328022447075136e+07
6.039999999999915417e+03,9.078280860197645019e-01,2.062716080116065978e-16,9.749793222514985502e+07,1.325100773791738786e+07
6.049999999999915417e+03,9.079711654493665129e-01,2.060861216656972505e-16,9.768991794744440913e+07,1.332928264035906084e+07
6.059999999999915417e+03,9.081140186251966950e-01,2.059007641800099910e-16,9.788202059672498703e+07,1.340790547883615457e+07
6.069999999999915417e+03,9.082566103929865520e-01,2.057157254304298228e-16,9.807423983814756572e+07,1.348669628045323119e+07
6.079999999999914507e+03,9.083989009093818012e-01,2.055311952021269610e-16,9.826657524978812039e+07,1.356549797393287160e+07
6.089999999999914507e+03,9.085408449475702586e-01,2.053473754091417256e-16,9.845902631937795877e+07,1.364417962518560141e+07
6.099999999999914507e+03,9.086823909643275687e-01,2.051644885724997096e-16,9.865159243588121235e+07,1.372263990726012178e+07
6.109999999999914507e+03,9.088234797880179183e-01,2.049827664528081020e-16,9.884427288146916032e+07,1.380081120715452172e+07
6.119999999999913598e+03,9.089640427293976810e-01,2.048024202832836765e-16,9.903706683357885480e+07,1.387866480745602585e+07
6.129999999999913598e+03,9.091039987780705767e-01,2.046236277005956901e-16,9.922997337760376930e+07,1.395621768340470642e+07
6.139999999999913598e+03,9.092432503605967220e-01,2.044465424829027517e-16,9.942299152007278800e+07,1.403354178207087331e+07
6.149999999999913598e+03,9.093816768222731106e-01,2.042712956761060111e-16,9.961612019912968576e+07,1.411077727501849644e+07
6.159999999999912689e+03,9.095191243086141464e-01,2.040980006985470734e-16,9.980935829437883198e+07,1.418815242290578596e+07
6.169999999999912689e+03,9.096553900243780078e-01,2.039267922839863693e-16,1.000027046271515936e+08,1.426601475665221363e+07
6.179999999999912689e+03,9.097901980431755131e-01,2.037579212943086518e-16,1.001961579252770394e+08,1.434488171969398484e+07
6.189999999999912689e+03,9.099231634207798347e-01,2.035916373645485366e-16,1.003897167898302376e+08,1.442552421582370810e+07
6.199999999999912689e+03,9.100537427317142436e-01,2.034279080405035714e-16,1.005833797671090215e+08,1.450910364153910615e+07
6.209999999999911779e+03,9.101811755285720285e-01,2.032666539221236895e-16,1.007771454331882149e+08,1.459738943129219487e+07
6.219999999999911779e+03,9.103044387001428817e-01,2.031079029422332482e-16,1.009710123756168336e+08,1.469308055282251909e+07
6.229999999999911779e+03,9.104222736187888021e-01,2.029517495241672665e-16,1.011649791494814605e+08,1.480021675590262376e+07
6.239999999999911779e+03,9.105334148165071806e-01,2.027983288792329359e-16,1.013590442548411787e+08,1.492454266608422436e+07
6.249999999999910870e+03,9.106372492459111623e-01,2.026479323399888364e-16,1.015532060950643569e+08,1.507341109666071832e+07
6.259999999999910870e+03,9.107352231189038694e-01,2.025012434939019375e-16,1.017474628521235138e+08,1.525431785674888082e+07
6.269999999999910870e+03,9.108332374760530481e-01,2.023597297088329909e-16,1.019418122131562382e+08,1.547062005822902545e+07
6.279999999999910870e+03,9.109446972963524125e-01,2.022262118130010560e-16,1.021362508653596640e+08,1.571335432641962729e+07
6.289999999999909960e+03,9.110923391770241464e-01,2.021055067957369473e-16,1.023307736923620105e+08,1.595063481113260798e+07
6.299999999999909960e+03,9.113034622020381725e-01,2.020048564189321638e-16,1.025253726973612010e+08,1.611784500143004954e+07
6.309999999999909960e+03,9.115837047720396491e-01,2.019338314035815646e-16,1.027200357763349414e+08,1.608879907974866219e+07
6.319999999999909960e+03,9.118345150711694158e-01,2.019013135462429447e-16,1.029147459170992225e+08,1.563228236175084487e+07
6.329999999999909051e+03,9.120066999119458284e-01,2.018892101839731923e-16,1.031094883746436238e+08,1.514433774552202225e+07
6.339999999999909051e+03,9.121588488510177228e-01,2.018807587799771337e-16,1.033042574596425295e+08,1.482473319258650392e+07
6.349999999999909051e+03,9.123064574722790088e-01,2.018726706863944577e-16,1.034990523450627476e+08,1.459350878807130270e+07
6.359999999999909051e+03,9.124525025365642916e-01,2.018643023150847717e-16,1.036938729228956103e+08,1.441076657460639067e+07
6.369999999999909051e+03,9.125978557267373503e-01,2.018554707688676866e-16,1.038887192229636312e+08,1.425904191095717810e+07
6.379999999999908141e+03,9.127428538323538731e-01,2.018461034078638543e-16,1.040835913245168477e+08,1.412906774616315030e+07
6.389999999999908141e+03,9.128876506148244641e-01,2.018361629585160263e-16,1.042784893306138217e+08,1.401528913891547173e+07
6.399999999999908141e+03,9.130323247092251293e-01,2.018256318812064770e-16,1.044734133566982448e+08,1.391409516661787219e+07
6.409999999999908141e+03,9.131769198136118204e-01,2.018145035610017681e-16,1.046683635234325230e+08,1.382299598226578534e+07
6.419999999999907232e+03,9.133214618046134881e-01,2.018027707331600675e-16,1.048633399541992992e+08,1.374019606797232293e+07
6.429999999999907232e+03,9.134659668016572587e-01,2.017904136218995111e-16,1.050583427783662975e+08,1.366435430562583730e+07
6.439999999999907232e+03,9.136104452678809329e-01,2.017773939607611986e-16,1.052533721389658302e+08,1.359444023990845308e+07
6.449999999999907232e+03,9.137549042321931880e-01,2.017636567806970342e-16,1.054484282012940794e+08,1.352964348197288625e+07
6.459999999999906322e+03,9.138993485539277373e-01,2.017491342765717123e-16,1.056435111598841548e+08,1.346931417066407390e+07
6.469999999999906322e+03,9.140437816780963010e-01,2.017337431356548660e-16,1.058386212450856119e+08,1.341292246273086779e+07
6.479999999999906322e+03,9.141882061017614358e-01,2.017173774316813728e-16,1.060337587324362844e+08,1.336003016061700508e+07
6.489999999999906322e+03,9.143326236685995756e-01,2.016999189960288728e-16,1.062289239519104362e+08,1.331027036198420450e+07
6.499999999999905413e+03,9.144770357602849398e-01,2.016812827425241883e-16,1.064241172832921147e+08,1.326333262442365661e+07
6.509999999999905413e+03,9.146214434329027476e-01,2.016614583308435314e-16,1.066193391282972693e+08,1.321895204204651900e+07
6.519999999999905413e+03,9.147658475011068990e-01,2.016404458207263030e-16,1.068145898895629048e+08,1.317690112790358998e+07
6.529999999999905413e+03,9.149102485995393996e-01,2.016182547027243539e-16,1.070098699708388746e+08,1.313698372649504244e+07
6.539999999999905413e+03,9.150546472326832603e-01,2.015951464448871729e-16,1.072051797102130949e+08,1.309903040509856679e+07
6.549999999999904503e+03,9.151990438007315820e-01,2.015714139212097181e-16,1.074005193055018634e+08,1.306289465806885622e+07
6.559999999999904503e+03,9.153434386262535583e-01,2.015472448786194707e-16,1.075958888364223689e+08,1.302844927095008455e+07
6.569999999999904503e+03,9.154878319720494151e-01,2.015227554719874760e-16,1.077912883111436516e+08,1.299558248889105208e+07
6.579999999999904503e+03,9.156322240540604174e-01,2.014980604732111066e-16,1.079867176829190850e+08,1.296419416177418642e+07
6.589999999999903594e+03,9.157766150507806735e-01,2.014732344845865921e-16,1.081821768588848263e+08,1.293419275716160238e+07
6.599999999999903594e+03,9.159210051109838435e-01,2.014483075092959455e-16,1.083776657213925570e+08,1.290549389505194686e+07
6.609999999999903594e+03,9.160653943594889714e-01,2.014232830622068965e-16,1.085731841441037208e+08,1.287801987233401649e+07
6.619999999999903594e+03,9.162097829019717476e-01,2.013980675542656003e-16,1.087687320215295702e+08,1.285169929880500771e+07
6.629999999999902684e+03,9.163541708275415587e-01,2.013724533895242983e-16,1.089643093250794411e+08,1.282646656952260993e+07
6.639999999999902684e+03,9.164985582107254558e-01,2.013463444128442219e-16,1.091599161036017984e+08,1.280226133394816704e+07
6.649999999999902684e+03,9.166429451170037268e-01,2.013197416091906138e-16,1.093555524277173281e+08,1.277902804425299168e+07
6.659999999999902684e+03,9.167873316013833707e-01,2.012926744220829656e-16,1.095512183589525670e+08,1.275671552584307268e+07
6.669999999999901775e+03,9.169317177115489104e-01,2.012651762292921256e-16,1.097469139431078732e+08,1.273527655117251165e+07
6.679999999999901775e+03,9.170761034885003271e-01,2.012372850662226671e-16,1.099426392084833384e+08,1.271466745211739093e+07
6.689999999999901775e+03,9.172204889680644069e-01,2.012090309232905164e-16,1.101383941665836424e+08,1.269484776279821806e+07
6.699999999999901775e+03,9.173648741822164610e-01,2.011804260689380264e-16,1.103341788186181337e+08,1.267577989778950065e+07
6.709999999999901775e+03,9.175092591563941413e-01,2.011514641371154760e-16,1.105299931648326516e+08,1.265742886280210502e+07
6.719999999999900865e+03,9.176536439159127534e-01,2.011221330137949071e-16,1.107258372117561400e+08,1.263976201082817651e+07
6.729999999999900865e+03,9.177980284808939793e-01,2.010924857209271633e-16,1.109217109585597068e+08,1.262274886289718002e+07
6.739999999999900865e+03,9.179424128709703368e-01,2.010627089632203144e-16,1.111176143449451625e+08,1.260636100157682598e+07
6.749999999999900865e+03,9.180867971011306139e-01,2.010329851716806761e-16,1.113135472156593204e+08,1.259057194006763212e+07
6.759999999999899956e+03,9.182311811867199802e-01,2.010033253701818595e-16,1.115095093662763685e+08,1.257535689354566485e+07
6.769999999999899956e+03,9.183755651399863051e-01,2.009735951309421178e-16,1.117055006258751303e+08,1.256069250821777806e+07
6.779999999999899956e+03,9.185199489735320633e-01,2.009436515585961991e-16,1.119015208957048059e+08,1.254655666657512262e+07
6.789999999999899956e+03,9.186643326966910106e-01,2.009134288747147368e-16,1.120975701303993613e+08,1.253292840674405172e+07
6.799999999999899046e+03,9.188087163196843044e-01,2.008829668694123804e-16,1.122936482910358012e+08,1.251978790366917662e+07
6.809999999999899046e+03,9.189530998495945013e-01,2.008523760890325535e-16,1.124897552999546230e+08,1.250711646047097072e+07
6.819999999999899046e+03,9.190974832946738893e-01,2.008217486275199846e-16,1.126858910277871192e+08,1.249489645271825045e+07
6.829999999999899046e+03,9.192418666611823497e-01,2.007911120456217655e-16,1.128820553146148920e+08,1.248311121110706776e+07
6.839999999999899046e+03,9.193862499560260249e-01,2.007603926063710750e-16,1.130782480098415613e+08,1.247174487283167057e+07
6.849999999999898137e+03,9.195306331838029035e-01,2.007293120623757745e-16,1.132744690512017608e+08,1.246078218660723232e+07
6.859999999999898137e+03,9.196750163501077324e-01,2.006975670577722989e-16,1.134707185305675268e+08,1.245020840601716191e+07
6.869999999999898137e+03,9.198193994595261769e-01,2.006653037813509074e-16,1.136669965836087167e+08,1.244000942460019886e+07
6.879999999999898137e+03,9.199637825156103954e-01,2.006329507982460865e-16,1.138633031950668991e+08,1.243017200772116520e+07
6.889999999999897227e+03,9.201081655227735245e-01,2.006008097246682641e-16,1.140596381610524058e+08,1.242068382822066545e+07
6.899999999999897227e+03,9.202525484840193837e-01,2.005689118746984055e-16,1.142560011969104111e+08,1.241153328537472337e+07
6.909999999999897227e+03,9.203969314029016857e-01,2.005371858811079227e-16,1.144523920337524712e+08,1.240270930858594365e+07
6.919999999999897227e+03,9.205413142821758932e-01,2.005055791251146366e-16,1.146488104363328815e+08,1.239420126630928554e+07
6.929999999999896318e+03,9.206856971239125720e-01,2.004740643223635908e-16,1.148452561896457672e+08,1.238599894094685465e+07
6.939999999999896318e+03,9.208300799314097507e-01,2.004426272334959938e-16,1.150417290890910774e+08,1.237809251661878265e+07
6.949999999999896318e+03,9.209744627064513356e-01,2.004112599020019608e-16,1.152382289358811826e+08,1.237047256598938815e+07
6.959999999999896318e+03,9.211188454509189327e-01,2.003799584800145705e-16,1.154347555346035808e+08,1.236313003332321160e+07
6.969999999999895408e+03,9.212632281669375089e-01,2.003487223153987087e-16,1.156313086914778203e+08,1.235605621605730616e+07
6.979999999999895408e+03,9.214076108563806766e-01,2.003175542507920909e-16,1.158278882127206475e+08,1.234924275381990522e+07
6.989999999999895408e+03,9.215519935210609859e-01,2.002864599846325881e-16,1.160244939029876739e+08,1.234268160987468995e+07
6.999999999999895408e+03,9.216963761614921369e-01,2.002554483786496010e-16,1.162211255638798475e+08,1.233636505888242275e+07
7.009999999999895408e+03,9.218407587802690539e-01,2.002245297854361449e-16,1.164177829927957803e+08,1.233028567635731399e+07
7.019999999999894499e+03,9.219851413779999172e-01,2.001937159145635748e-16,1.166144659822205007e+08,1.232443632367120124e+07
7.029999999999894499e+03,9.221295239562445900e-01,2.001630171014979714e-16,1.168111743197387755e+08,1.231881013932567276e+07
7.039999999999894499e+03,9.222739065157312677e-01,2.001324422596413436e-16,1.170079077887338400e+08,1.231340052030571736e+07
7.049999999999894499e+03,9.224182890578402905e-01,2.001019961561778616e-16,1.172046661697826087e+08,1.230820111743489094e+07
7.059999999999893589e+03,9.225626715828785240e-01,2.000716802749331944e-16,1.174014492425090224e+08,1.230320581562681682e+07
7.069999999999893589e+03,9.227070540927819753e-01,2.000414910265817432e-16,1.175982567876580060e+08,1.229840872608781792e+07
7.079999999999893589e+03,9.228514365875801762e-01,2.000114212473229122e-16,1.177950885892427117e+08,1.229380417155039869e+07
7.089999999999893589e+03,9.229958190682202579e-01,1.999814593040718456e-16,1.179919444365338087e+08,1.228938668025576137e+07
7.099999999999892680e+03,9.231402015360982150e-01,1.999515910697579882e-16,1.181888241258011162e+08,1.228515097393096238e+07
7.109999999999892680e+03,9.232845839913110808e-01,1.999218007350729655e-16,1.183857274613618404e+08,1.228109196128259040e+07
7.119999999999892680e+03,9.234289664342145709e-01,1.998920742198718600e-16,1.185826542555881143e+08,1.227720473742556199e+07
7.129999999999892680e+03,9.235733488654309653e-01,1.998624017871259181e-16,1.187796043273782283e+08,1.227348457781358995e+07
7.139999999999891770e+03,9.237177312866993173e-01,1.998327805797713278e-16,1.189765774993265122e+08,1.226992694692303613e+07
7.149999999999891770e+03,9.238621136972582359e-01,1.998032149215724107e-16,1.191735735941612124e+08,1.226652749458077550e+07
7.159999999999891770e+03,9.240064960977962816e-01,1.997737146862452543e-16,1.193705924315138757e+08,1.226328206440996565e+07
7.169999999999891770e+03,9.241508784890081207e-01,1.997442914449191815e-16,1.195676338260376751e+08,1.226018669050699659e+07
7.179999999999891770e+03,9.242952608713354001e-01,1.997149516992733357e-16,1.197646975882576704e+08,1.225723759458319843e+07
7.189999999999890861e+03,9.244396432454091705e-01,1.996856930004731864e-16,1.199617835282295197e+08,1.225443117680735141e+07
7.199999999999890861e+03,9.245840256114794542e-01,1.996565068965491279e-16,1.201588914593951106e+08,1.225176400615745224e+07
7.209999999999890861e+03,9.247284079692965619e-01,1.996273830987569933e-16,1.203560212004926801e+08,1.224923281321995892e+07
7.219999999999890861e+03,9.248727903201399148e-01,1.995983106651805933e-16,1.205531725761038661e+08,1.224683448781574517e+07
7.229999999999889951e+03,9.250171726635674219e-01,1.995692790049208091e-16,1.207503454166870117e+08,1.224456607139155082e+07
7.239999999999889951e+03,9.251615550004642641e-01,1.995402775907222172e-16,1.209475395584499538e+08,1.224242475782232545e+07
7.249999999999889951e+03,9.253059373307860325e-01,1.995112963415548022e-16,1.211447548432040662e+08,1.224040788728465512e+07
7.259999999999889951e+03,9.254503196548145016e-01,1.994823249103180420e-16,1.213419911183016002e+08,1.223851294388247281e+07
7.269999999999889042e+03,9.255947019729882097e-01,1.994533526647611234e-16,1.215392482367569208e+08,1.223673755182204768e+07
7.279999999999889042e+03,9.257390842853773227e-01,1.994243677475182699e-16,1.217365260576017648e+08,1.223507947129110433e+07
7.289999999999889042e+03,9.258834665921795715e-01,1.993953565991132471e-16,1.219338244465929717e+08,1.223353659375386126e+07
7.299999999999889042e+03,9.260278488935217434e-01,1.993663026276911383e-16,1.221311432773710638e+08,1.223210693224127963e+07
7.309999999999889042e+03,9.261722311898418214e-01,1.993371855047448749e-16,1.223284824331226647e+08,1.223078861954279616e+07
7.319999999999888132e+03,9.263166134812552688e-01,1.993079795908973974e-16,1.225258418088244945e+08,1.222957989730419777e+07
7.329999999999888132e+03,9.264609957677917285e-01,1.992786539229533918e-16,1.227232213138843328e+08,1.222847910872374102e+07
7.339999999999888132e+03,9.266053780497991443e-01,1.992491715183429287e-16,1.229206208749774992e+08,1.222748468885855190e+07
7.349999999999888132e+03,9.267497603270251627e-01,1.992194915275688730e-16,1.231180404385240227e+08,1.222659515818832256e+07
7.359999999999887223e+03,9.268941426002221817e-01,1.991895710273916534e-16,1.233154799721853137e+08,1.222580911619520560e+07
7.369999999999887223e+03,9.270385248689561042e-01,1.991593699451749372e-16,1.235129394646802396e+08,1.222512524025615305e+07
7.379999999999887223e+03,9.271829071336852301e-01,1.991288554346961590e-16,1.237104189232426137e+08,1.222454228755677305e+07
7.389999999999887223e+03,9.273272893946070683e-01,1.990980071490740033e-16,1.239079183686445802e+08,1.222405910181426257e+07
7.399999999999886313e+03,9.274716716515646331e-01,1.990668203786643812e-16,1.241054378280773908e+08,1.222367462423401140e+07
7.409999999999886313e+03,9.276160539051966358e-01,1.990353072367652094e-16,1.243029773269463480e+08,1.222338790830072388e+07
7.419999999999886313e+03,9.277604361550950696e-01,1.990034948624754291e-16,1.245005368808232248e+08,1.222319813173365593e+07
7.429999999999886313e+03,9.279048184013514167e-01,1.989714213146893772e-16,1.246981164888831228e+08,1.222310460925248638e+07
7.439999999999885404e+03,9.280492006442824238e-01,1.989391286771673504e-16,1.248957161300476193e+08,1.222310679936783202e+07
7.449999999999885404e+03,9.281935828838407954e-01,1.989066506982856695e-16,1.250933357640344501e+08,1.222320430923990719e+07
7.459999999999885404e+03,9.283379651200716065e-01,1.988740015872046924e-16,1.252909753386754692e+08,1.222339688707982749e+07
7.469999999999885404e+03,9.284823473532197724e-01,1.988411806048131501e-16,1.254886347988619357e+08,1.222368442450017482e+07
7.479999999999885404e+03,9.286267295832357771e-01,1.988081771939817279e-16,1.256863140926416218e+08,1.222406695429789275e+07
7.489999999999884494e+03,9.287711118100643315e-01,1.987749697235604502e-16,1.258840131762213558e+08,1.222454466153164580e+07
7.499999999999884494e+03,9.289154940339291455e-01,1.987415196268634902e-16,1.260817320207988769e+08,1.222511788033226505e+07
7.509999999999884494e+03,9.290598762549341361e-01,1.987077625809449307e-16,1.262794706231029928e+08,1.222578708210865967e+07
7.519999999999884494e+03,9.292042584729279797e-01,1.986735970194938032e-16,1.264772290210763514e+08,1.222655284054646827e+07
7.529999999999883585e+03,9.293486406877209394e-01,1.986388730095910450e-16,1.266750073153772056e+08,1.222741577806192450e+07
7.539999999999883585e+03,9.294930229000253341e-01,1.986033868941216129e-16,1.268728056953224242e+08,1.222837652358064987e+07
7.549999999999883585e+03,9.296374051095585012e-01,1.985668929206544399e-16,1.270706244636997581e+08,1.222943570840988308e+07
7.559999999999883585e+03,9.297817873164770930e-01,1.985291467960709898e-16,1.272684640474906415e+08,1.223059405977719463e+07
7.569999999999882675e+03,9.299261695203131506e-01,1.984899606632447449e-16,1.274663249816416055e+08,1.223185261442659423e+07
7.579999999999882675e+03,9.300705517215266394e-01,1.984491657743006556e-16,1.276642078884207755e+08,1.223321304146139883e+07
7.589999999999882675e+03,9.302149339198129141e-01,1.984065730512988252e-16,1.278621134814061821e+08,1.223467797393073700e+07
7.599999999999882675e+03,9.303593161152994284e-01,1.983621399080787640e-16,1.280600425372350663e+08,1.223625124385260046e+07
7.609999999999881766e+03,9.305036983078530666e-01,1.983161352784301987e-16,1.282579957750380635e+08,1.223793767998538353e+07
7.619999999999881766e+03,9.306480804970282961e-01,1.982690520004298832e-16,1.284559737061288655e+08,1.223974209415077232e+07
7.629999999999881766e+03,9.307924626836354687e-01,1.982209261634305032e-16,1.286539766883588880e+08,1.224166769005128741e+07
7.639999999999881766e+03,9.309368448672866725e-01,1.981709422259451378e-16,1.288520052847486287e+08,1.224371505300701782e+07
7.649999999999881766e+03,9.310812270483489472e-01,1.981183399114404591e-16,1.290500604783024192e+08,1.224588239600866847e+07
7.659999999999880856e+03,9.312256092261717022e-01,1.980627895666477897e-16,1.292481435308273435e+08,1.224816649731387571e+07
7.669999999999880856e+03,9.313699914014277326e-01,1.980042630340126692e-16,1.294462557886169255e+08,1.225056351373376325e+07
7.679999999999880856e+03,9.315143735735138542e-01,1.979429454986548837e-16,1.296443985533678085e+08,1.225306947598470747e+07
7.689999999999880856e+03,9.316587557437691069e-01,1.978791799090042512e-16,1.298425729894944131e+08,1.225568058141412027e+07
7.699999999999879947e+03,9.318031379108354662e-01,1.978134189144677903e-16,1.300407800568618476e+08,1.225839336548972316e+07
7.709999999999879947e+03,9.319475200762015188e-01,1.977461688749308989e-16,1.302390204695161134e+08,1.226120479239982925e+07
7.719999999999879947e+03,9.320919022392148978e-01,1.976779294378378174e-16,1.304372946841804981e+08,1.226411228654410504e+07
7.729999999999879947e+03,9.322362843993873271e-01,1.976091438603710594e-16,1.306356029170684069e+08,1.226711370475096442e+07
7.739999999999879037e+03,9.323806665581586550e-01,1.975401712352471621e-16,1.308339451805286109e+08,1.227020727997990325e+07
7.749999999999879037e+03,9.325250487146616862e-01,1.974712808191913975e-16,1.310323213280063570e+08,1.227339154396383092e+07
7.759999999999879037e+03,9.326694308689817969e-01,1.974026610174285723e-16,1.312307310978561342e+08,1.227666525347698666e+07
7.769999999999879037e+03,9.328138130207572765e-01,1.973344346662452858e-16,1.314291741507063359e+08,1.228002732437050343e+07
7.779999999999878128e+03,9.329581951708211252e-01,1.972666749304963310e-16,1.316276500987362713e+08,1.228347677984994836e+07
7.789999999999878128e+03,9.331025773190391170e-01,1.971994189138218427e-16,1.318261585273669660e+08,1.228701270832355134e+07
7.799999999999878128e+03,9.332469594653363121e-01,1.971326777241627361e-16,1.320246990109024495e+08,1.229063423774990626e+07
7.809999999999878128e+03,9.333913416094339333e-01,1.970664425732206542e-16,1.322232711240512282e+08,1.229434051211132109e+07
7.819999999999878128e+03,9.335357237518793205e-01,1.970006871239303055e-16,1.324218744513159394e+08,1.229813067510562576e+07
7.829999999999877218e+03,9.336801058926554875e-01,1.969353665424143168e-16,1.326205085960533619e+08,1.230200385290174745e+07
7.839999999999877218e+03,9.338244880310118123e-01,1.968704142033296493e-16,1.328191731906860620e+08,1.230595913768474571e+07
7.849999999999877218e+03,9.339688701677204552e-01,1.968057383030646815e-16,1.330178679087378532e+08,1.230999556936761364e+07
7.859999999999877218e+03,9.341132523028939927e-01,1.967412220745003541e-16,1.332165924778442383e+08,1.231411211781571805e+07
7.869999999999876309e+03,9.342576344358433094e-01,1.966767320536620262e-16,1.334153466907606274e+08,1.231830766808842309e+07
7.879999999999876309e+03,9.344020165675914757e-01,1.966121383156474056e-16,1.336141304091670960e+08,1.232258101921460778e+07
7.889999999999876309e+03,9.345463986975157678e-01,1.965473476647196970e-16,1.338129435535443872e+08,1.232693090649779700e+07
7.899999999999876309e+03,9.346907808253086536e-01,1.964823374963468965e-16,1.340117860749749690e+08,1.233135603712537885e+07
7.909999999999875399e+03,9.348351629519846551e-01,1.964171556986319703e-16,1.342106579175684899e+08,1.233585514522716589e+07
7.919999999999875399e+03,9.349795450766172911e-01,1.963518812534992461e-16,1.344095589917643666e+08,1.234042702501070872e+07
7.929999999999875399e+03,9.351239271997437985e-01,1.962865895634393493e-16,1.346084891679176390e+08,1.234507054774040915e+07
7.939999999999875399e+03,9.352683093217334376e-01,1.962213455153105830e-16,1.348074482807742953e+08,1.234978465515529737e+07
7.949999999999874490e+03,9.354126914414518934e-01,1.961562108955049732e-16,1.350064361331276894e+08,1.235456835396782868e+07
7.959999999999874490e+03,9.355570735599486598e-01,1.960912428453685753e-16,1.352054524974700511e+08,1.235942071485866234e+07
7.969999999999874490e+03,9.357014556768088465e-01,1.960264811818753230e-16,1.354044971215557158e+08,1.236434085468623415e+07
7.979999999999874490e+03,9.358458377922537208e-01,1.959619407707981391e-16,1.356035697396912277e+08,1.236932792737014219e+07
7.989999999999874490e+03,9.359902199058209860e-01,1.958976196029152008e-16,1.358026700838525891e+08,1.237438110392211750e+07
7.999999999999873580e+03,9.361346020181053884e-01,1.958335087028838806e-16,1.360017978897777796e+08,1.237949956650649384e+07
8.009999999999873580e+03,9.362789841289544945e-01,1.957695969225943180e-16,1.362009528991577923e+08,1.238468249985282868e+07
8.019999999999873580e+03,9.364233662387336787e-01,1.957058727792580746e-16,1.364001348601897657e+08,1.238992909339881688e+07
8.029999999999873580e+03,9.365677483461234409e-01,1.956423251596353575e-16,1.365993435275251865e+08,1.239523853901796974e+07
8.039999999999872671e+03,9.367121304525414249e-01,1.955789435845166373e-16,1.367985786619920135e+08,1.240061003224101104e+07
8.049999999999872671e+03,9.368565125578431907e-01,1.955157182917833409e-16,1.369978400302338898e+08,1.240604277124566026e+07
8.059999999999872671e+03,9.370008946614065692e-01,1.954526402396399871e-16,1.371971274043322206e+08,1.241153595890129544e+07
8.069999999999872671e+03,9.371452767630912284e-01,1.953897010755333384e-16,1.373964405614350736e+08,1.241708880224454589e+07
8.079999999999871761e+03,9.372896588642971594e-01,1.953268930932451468e-16,1.375957792834078670e+08,1.242270051456268318e+07
8.089999999999871761e+03,9.374340409630357307e-01,1.952642091857715694e-16,1.377951433565056622e+08,1.242837031312891282e+07
8.099999999999871761e+03,9.375784230609439662e-01,1.952016427991490683e-16,1.379945325710720420e+08,1.243409742179057002e+07
8.109999999999871761e+03,9.377228051577897183e-01,1.951391878899329101e-16,1.381939467212593257e+08,1.243988107029077224e+07
8.119999999999871761e+03,9.378671872525345954e-01,1.950768388861936393e-16,1.383933856047707498e+08,1.244572049458083324e+07
8.129999999999870852e+03,9.380115693459362136e-01,1.950145906509030607e-16,1.385928490226221085e+08,1.245161493740280159e+07
8.139999999999870852e+03,9.381559514385040544e-01,1.949524384505707570e-16,1.387923367789211869e+08,1.245756364829358459e+07
8.149999999999870852e+03,9.383003335293997882e-01,1.948903779252127948e-16,1.389918486806629300e+08,1.246356588321766071e+07
8.159999999999870852e+03,9.384447156188433503e-01,1.948284050613030158e-16,1.391913845375398099e+08,1.246962090589198284e+07
8.169999999999869942e+03,9.385890977072197661e-01,1.947665161676998118e-16,1.393909441617648005e+08,1.247572798711518385e+07
8.179999999999869942e+03,9.387334797940032338e-01,1.947047078533784801e-16,1.395905273679082692e+08,1.248188640348220803e+07
8.189999999999869942e+03,9.388778618794342279e-01,1.946429770059622254e-16,1.397901339727435708e+08,1.248809544101781957e+07
8.199999999999869033e+03,9.390222439635884655e-01,1.945813207735703970e-16,1.399897637951062918e+08,1.249435439230079018e+07
8.209999999999869033e+03,9.391666260465970639e-01,1.945197365472585925e-16,1.401894166557586491e+08,1.250066255686989054e+07
8.219999999999869033e+03,9.393110081281497159e-01,1.944582219444290121e-16,1.403890923772672713e+08,1.250701924189118296e+07
8.229999999999869033e+03,9.394553902076203666e-01,1.943967747948939729e-16,1.405887907838854194e+08,1.251342376162062585e+07
8.239999999999869033e+03,9.395997722866069601e-01,1.943353931266379066e-16,1.407885117014455497e+08,1.251987543890659511e+07
8.249999999999869033e+03,9.397441543645157491e-01,1.942740751535067168e-16,1.409882549572555125e+08,1.252637360231721401e+07
8.259999999999869033e+03,9.398885364404105935e-01,1.942128192638095028e-16,1.411880203800047338e+08,1.253291758909587376e+07
8.269999999999869033e+03,9.400329185153303291e-01,1.941516240096054591e-16,1.413878077996725738e+08,1.253950674418973550e+07
8.279999999999867214e+03,9.401773005890822210e-01,1.940904880973373600e-16,1.415876170474455357e+08,1.254614041734784096e+07
8.289999999999867214e+03,9.403216826612068591e-01,1.940294103786472462e-16,1.417874479556358755e+08,1.255281796735973656e+07
8.299999999999867214e+03,9.404660647318763278e-01,1.939683898422209592e-16,1.419873003576080203e+08,1.255953876153734699e+07
8.309999999999867214e+03,9.406104468015092923e-01,1.939074256068297964e-16,1.421871740877056420e+08,1.256630217162393034e+07
8.319999999999867214e+03,9.407548288699834060e-01,1.938465169142783660e-16,1.423870689811863005e+08,1.257310757801144943e+07
8.329999999999867214e+03,9.408992109368223833e-01,1.937856631230865254e-16,1.425869848741556406e+08,1.257995436741281115e+07
8.339999999999867214e+03,9.410435930025742302e-01,1.937248637032767371e-16,1.427869216035079062e+08,1.258684193398066424e+07
8.349999999999867214e+03,9.411879750670362199e-01,1.936641182304880564e-16,1.429868790068673491e+08,1.259376967788230628e+07
8.359999999999865395e+03,9.413323571296983161e-01,1.936034263814299261e-16,1.431868569225330353e+08,1.260073700726622902e+07
8.369999999999865395e+03,9.414767391917202577e-01,1.935427879294645803e-16,1.433868551894267797e+08,1.260774333581117354e+07
8.379999999999865395e+03,9.416211212520071427e-01,1.934822027397300103e-16,1.435868736470415890e+08,1.261478808468538150e+07
8.389999999999865395e+03,9.417655033111466123e-01,1.934216707653872795e-16,1.437869121353948712e+08,1.262187068034085818e+07
8.399999999999865395e+03,9.419098853690088813e-01,1.933611920432664299e-16,1.439869704949821234e+08,1.262899055695335940e+07
8.409999999999865395e+03,9.420542674256096038e-01,1.933007666895464337e-16,1.441870485667344034e+08,1.263614715473984927e+07
8.419999999999865395e+03,9.421986494809676538e-01,1.932403948963406086e-16,1.443871461919744313e+08,1.264333991968268156e+07
8.429999999999865395e+03,9.423430315347616215e-01,1.931800769262871521e-16,1.445872632123798430e+08,1.265056830309792422e+07
8.439999999999865395e+03,9.424874135873482217e-01,1.931198131092475615e-16,1.447873994699455798e+08,1.265783176511608995e+07
8.449999999999863576e+03,9.426317956388488017e-01,1.930596038372308069e-16,1.449875548069470823e+08,1.266512976874976978e+07
8.459999999999863576e+03,9.427761776892260581e-01,1.929994495594171226e-16,1.451877290659156740e+08,1.267246178525663167e+07
8.469999999999863576e+03,9.429205597373301329e-01,1.929393507780650273e-16,1.453879220896013975e+08,1.267982728919372521e+07
8.479999999999863576e+03,9.430649417850331950e-01,1.928793080430726453e-16,1.455881337209501266e+08,1.268722576286645234e+07
8.489999999999863576e+03,9.432093238305931937e-01,1.928193219479740408e-16,1.457883638030780852e+08,1.269465669365957752e+07
8.499999999999863576e+03,9.433537058760236294e-01,1.927593931242378482e-16,1.459886121792483926e+08,1.270211957376169786e+07
8.509999999999863576e+03,9.434980879189289737e-01,1.926995222370025677e-16,1.461888786928523481e+08,1.270961390037350543e+07
8.519999999999863576e+03,9.436424699613790157e-01,1.926397099793177320e-16,1.463891631873989999e+08,1.271713917756001279e+07
8.529999999999861757e+03,9.437868520022645313e-01,1.925799570656280389e-16,1.465894655064987540e+08,1.272469491316113621e+07
8.539999999999861757e+03,9.439312340421531777e-01,1.925202642239249248e-16,1.467897854938406646e+08,1.273228062048852444e+07
8.549999999999861757e+03,9.440756160799731456e-01,1.924606321858413559e-16,1.469901229931697547e+08,1.273989581740713678e+07
8.559999999999861757e+03,9.442199981173781120e-01,1.924010616774780908e-16,1.471904778483888805e+08,1.274754002711858973e+07
8.569999999999861757e+03,9.443643801528174286e-01,1.923415534161820959e-16,1.473908499034439623e+08,1.275521277807881869e+07
8.579999999999861757e+03,9.445087621868085703e-01,1.922821081216688925e-16,1.475912390024419129e+08,1.276291360237947665e+07
8.589999999999861757e+03,9.446531442202319440e-01,1.922227265398054802e-16,1.477916449900635481e+08,1.277064203612731025e+07
8.599999999999861757e+03,9.447975262518734096e-01,1.921634094697164365e-16,1.479920677099937201e+08,1.277839761954504810e+07
8.609999999999861757e+03,9.449419082819462412e-01,1.921041577646447850e-16,1.481925070068292320e+08,1.278617988638722152e+07
8.619999999999859938e+03,9.450862903111943991e-01,1.920449723275395767e-16,1.483929627210942805e+08,1.279398836075101793e+07
8.629999999999859938e+03,9.452306723388290699e-01,1.919858540860898714e-16,1.485934347085055411e+08,1.280182260476481356e+07
8.639999999999859938e+03,9.453750543646753934e-01,1.919268039974310580e-16,1.487939228050197959e+08,1.280968227102793194e+07
8.649999999999859938e+03,9.455194363902945653e-01,1.918678230298163856e-16,1.489944268455269039e+08,1.281756691665172949e+07
8.659999999999859938e+03,9.456638184139074532e-01,1.918089121542936185e-16,1.491949466867325306e+08,1.282547597779367492e+07
8.669999999999859938e+03,9.458082004364307682e-01,1.917500723627837312e-16,1.493954821696338058e+08,1.283340904061305150e+07
8.679999999999859938e+03,9.459525824571706210e-01,1.916913046512810801e-16,1.495960331380259097e+08,1.284136568798957020e+07
8.689999999999859938e+03,9.460969644770147458e-01,1.916326100371621213e-16,1.497965994357177019e+08,1.284934549887526035e+07
8.699999999999858119e+03,9.462413464955217179e-01,1.915739895536380662e-16,1.499971809067139030e+08,1.285734805491543189e+07
8.709999999999858119e+03,9.463857285128336461e-01,1.915154442572162243e-16,1.501977773948228955e+08,1.286537294668800011e+07
8.719999999999858119e+03,9.465301105283494554e-01,1.914569752262202232e-16,1.503983887437406778e+08,1.287341976509483345e+07
8.729999999999858119e+03,9.466744925427552637e-01,1.913985835727015617e-16,1.505990147970028818e+08,1.288148810788215324e+07
8.739999999999858119e+03,9.468188745559537045e-01,1.913402704409248738e-16,1.507996553981351256e+08,1.288957757767874934e+07
8.749999999999858119e+03,9.469632565676970870e-01,1.912820370154237267e-16,1.510003103904365897e+08,1.289768777824040316e+07
8.759999999999858119e+03,9.471076385779256812e-01,1.912238845279310352e-16,1.512009796170932353e+08,1.290581830271670409e+07
8.769999999999858119e+03,9.472520205869431331e-01,1.911658142650527061e-16,1.514016629210676253e+08,1.291396872451719642e+07
8.779999999999858119e+03,9.473964025946415290e-01,1.911078275766929684e-16,1.516023601450963914e+08,1.292213859365336969e+07
8.789999999999856300e+03,9.475407846011767443e-01,1.910499258844544603e-16,1.518030711316549480e+08,1.293032744819706865e+07
8.799999999999856300e+03,9.476851666061087975e-01,1.909921106897882468e-16,1.520037957229126394e+08,1.293853484698125906e+07
8.809999999999856300e+03,9.478295486101007139e-01,1.909343835825438886e-16,1.522045337606902122e+08,1.294676038830582052e+07
8.819999999999856300e+03,9.479739306126937493e-01,1.908767462531787905e-16,1.524052850864196420e+08,1.295500370554224588e+07
8.829999999999856300e+03,9.481183126136147887e-01,1.908192005047153357e-16,1.526060495410700738e+08,1.296326447209488228e+07
8.839999999999856300e+03,9.482626946132731716e-01,1.907617482442174162e-16,1.528068269651119411e+08,1.297154239146812633e+07
8.849999999999856300e+03,9.484070766113279483e-01,1.907043915211239947e-16,1.530076171984300017e+08,1.297983714926098287e+07
8.859999999999856300e+03,9.485514586081966737e-01,1.906471325119151279e-16,1.532084200802700520e+08,1.298814835276859626e+07
8.869999999999854481e+03,9.486958406040829628e-01,1.905899735148707987e-16,1.534092354491554797e+08,1.299647555784559622e+07
8.879999999999854481e+03,9.488402225982555116e-01,1.905329169386000657e-16,1.536100631428434253e+08,1.300481834611737356e+07
8.889999999999854481e+03,9.489846045913523653e-01,1.904759652891998863e-16,1.538109029982562661e+08,1.301317632760378346e+07
8.899999999999854481e+03,9.491289865830323524e-01,1.904191211442510325e-16,1.540117548514444232e+08,1.302154912174087763e+07
8.909999999999854481e+03,9.492733685730738724e-01,1.903623871349442278e-16,1.542126185375503004e+08,1.302993635239407793e+07
8.919999999999854481e+03,9.494177505625329694e-01,1.903057659213415433e-16,1.544134938907926083e+08,1.303833764613669738e+07
8.929999999999854481e+03,9.495621325499101761e-01,1.902492601654876797e-16,1.546143807444521189e+08,1.304675263026825711e+07
8.939999999999854481e+03,9.497065145362409977e-01,1.901928725056830433e-16,1.548152789308918118e+08,1.305518093419728987e+07
8.949999999999854481e+03,9.498508965215641808e-01,1.901366055331523470e-16,1.550161882815638483e+08,1.306362218935570493e+07
8.959999999999852662e+03,9.499952785047598436e-01,1.900804617724987814e-16,1.552171086270552278e+08,1.307207602685552277e+07
8.969999999999852662e+03,9.501396604867977658e-01,1.900244436656367180e-16,1.554180397971212864e+08,1.308054207957289554e+07
8.979999999999852662e+03,9.502840424681469056e-01,1.899685535617807192e-16,1.556189816207358241e+08,1.308901998324970528e+07
8.989999999999852662e+03,9.504284244477965160e-01,1.899127937125089204e-16,1.558199339261478186e+08,1.309750937171857432e+07
8.999999999999852662e+03,9.505728064257330523e-01,1.898571662713032726e-16,1.560208965409317613e+08,1.310600988072749600e+07
9.009999999999852662e+03,9.507171884029537168e-01,1.898016732966731104e-16,1.562218692920444310e+08,1.311452114770429023e+07
9.019999999999852662e+03,9.508615703783067641e-01,1.897463167577360476e-16,1.564228520058762133e+08,1.312304280928406864e+07
9.029999999999852662e+03,9.510059523533593850e-01,1.896910985426650010e-16,1.566238445082972348e+08,1.313157450295750797e+07
9.039999999999850843e+03,9.511503343257630139e-01,1.896360204671301605e-16,1.568248466247021854e+08,1.314011586632840149e+07
9.049999999999850843e+03,9.512947162981078009e-01,1.895810842820906428e-16,1.570258581800448895e+08,1.314866653900554590e+07
9.059999999999850843e+03,9.514390982682293663e-01,1.895262916791230982e-16,1.572268789988780916e+08,1.315722615805376135e+07
9.069999999999850843e+03,9.515834802371807566e-01,1.894716442952154955e-16,1.574279089053794742e+08,1.316579436299350858e+07
9.079999999999850843e+03,9.517278622054274884e-01,1.894171437144679801e-16,1.576289477233873904e+08,1.317437079349068739e+07
9.089999999999850843e+03,9.518722441717860638e-01,1.893627914656093670e-16,1.578299952764250338e+08,1.318295508931114897e+07
9.099999999999850843e+03,9.520166261371343364e-01,1.893085890165975854e-16,1.580310513877389431e+08,1.319154688928857446e+07
9.109999999999850843e+03,9.521610081012013005e-01,1.892545377676548255e-16,1.582321158803283274e+08,1.320014583534516394e+07
9.119999999999850843e+03,9.523053900640279235e-01,1.892006390403572228e-16,1.584331885769915283e+08,1.320875156758864410e+07
9.129999999999849024e+03,9.524497720252875776e-01,1.891468940625579015e-16,1.586342693003672063e+08,1.321736372757683508e+07
9.139999999999849024e+03,9.525941539857880613e-01,1.890933039535949700e-16,1.588353578729961812e+08,1.322598195845142007e+07
9.149999999999849024e+03,9.527385359445579294e-01,1.890398697053636417e-16,1.590364541173796952e+08,1.323460590208467841e+07
9.159999999999849024e+03,9.528829179027199503e-01,1.889865921623789094e-16,1.592375578560602963e+08,1.324323520430744626e+07
9.169999999999849024e+03,9.530272998589499611e-01,1.889334719987316856e-16,1.594386689117018282e+08,1.325186950947064534e+07
9.179999999999849024e+03,9.531716818145602454e-01,1.888805096957356896e-16,1.596397871071966290e+08,1.326050846457188390e+07
9.189999999999849024e+03,9.533160637680588856e-01,1.888277055159714826e-16,1.598409122657681406e+08,1.326915171901200525e+07
9.199999999999849024e+03,9.534604457213660123e-01,1.887750594765684398e-16,1.600420442111057639e+08,1.327779892261037230e+07
9.209999999999847205e+03,9.536048276724207184e-01,1.887225713232546279e-16,1.602431827674948573e+08,1.328644972804446518e+07
9.219999999999847205e+03,9.537492096232097483e-01,1.886702404999885449e-16,1.604443277599840462e+08,1.329510379131900892e+07
9.229999999999847205e+03,9.538935915723261161e-01,1.886180661198898176e-16,1.606454790145404041e+08,1.330376077035403624e+07
9.239999999999847205e+03,9.540379735206292455e-01,1.885660469357825188e-16,1.608466363582575321e+08,1.331242032704465277e+07
9.249999999999847205e+03,9.541823554672197449e-01,1.885141813077069916e-16,1.610477996195279360e+08,1.332108212654852495e+07
9.259999999999847205e+03,9.543267374127828440e-01,1.884624671719708137e-16,1.612489686283081770e+08,1.332974583813936450e+07
9.269999999999847205e+03,9.544711193572054109e-01,1.884109020103932563e-16,1.614501432163068950e+08,1.333841113782880455e+07
9.279999999999847205e+03,9.546155013013207791e-01,1.883594828168580989e-16,1.616513232172823250e+08,1.334707770468680374e+07
9.289999999999847205e+03,9.547598832426733573e-01,1.883082060686435153e-16,1.618525084672891200e+08,1.335574522374496982e+07
9.299999999999845386e+03,9.549042651843269169e-01,1.882570676948887885e-16,1.620536988049497604e+08,1.336441338946856558e+07
9.309999999999845386e+03,9.550486471242303210e-01,1.882060630486324212e-16,1.622548940717914104e+08,1.337308190102363750e+07
9.319999999999845386e+03,9.551930290631107656e-01,1.881551868814280710e-16,1.624560941125223935e+08,1.338175046553600207e+07
9.329999999999845386e+03,9.553374110009289488e-01,1.881044333178532005e-16,1.626572987753968537e+08,1.339041880100193433e+07
9.339999999999845386e+03,9.554817929377861230e-01,1.880537958372634391e-16,1.628585079125332534e+08,1.339908663365116343e+07
9.349999999999845386e+03,9.556261748734915518e-01,1.880032672557563885e-16,1.630597213802769184e+08,1.340775369934924878e+07
9.359999999999845386e+03,9.557705568081309444e-01,1.879528397152453313e-16,1.632609390395497084e+08,1.341641974808927439e+07
9.369999999999845386e+03,9.559149387411266519e-01,1.879025046762811397e-16,1.634621607562147975e+08,1.342508453816913255e+07
9.379999999999843567e+03,9.560593206737961758e-01,1.878522529162164728e-16,1.636633864014377892e+08,1.343374784368565306e+07
9.389999999999843567e+03,9.562037026050286270e-01,1.878020745342752924e-16,1.638646158520489633e+08,1.344240945093257166e+07
9.399999999999843567e+03,9.563480845353855564e-01,1.877519589600464791e-16,1.640658489908986688e+08,1.345106916265114956e+07
9.409999999999843567e+03,9.564924664649201436e-01,1.877018949703299820e-16,1.642670857072070539e+08,1.345972679471654631e+07
9.419999999999843567e+03,9.566368483926117605e-01,1.876518707080645494e-16,1.644683258969037533e+08,1.346838217965853773e+07
9.429999999999843567e+03,9.567812303201312929e-01,1.876018737083060282e-16,1.646695694629513919e+08,1.347703516913248226e+07
9.439999999999843567e+03,9.569256122461382574e-01,1.875518909246318449e-16,1.648708163156577349e+08,1.348568562971407920e+07
9.449999999999843567e+03,9.570699941711209302e-01,1.875019087609431685e-16,1.650720663729670346e+08,1.349433344715138525e+07
9.459999999999843567e+03,9.572143760957005920e-01,1.874519131001707456e-16,1.652733195607398152e+08,1.350297852663356811e+07
9.469999999999841748e+03,9.573587580186768697e-01,1.874018893355851350e-16,1.654745758130084574e+08,1.351162079336313717e+07
9.479999999999841748e+03,9.575031399411295663e-01,1.873518223973626581e-16,1.656758350722231865e+08,1.352026019090862945e+07
9.489999999999841748e+03,9.576475218617666041e-01,1.873016967774824907e-16,1.658770972894774377e+08,1.352889668398606777e+07
9.499999999999841748e+03,9.577919037819249137e-01,1.872514965486288300e-16,1.660783624247266650e+08,1.353753025964558311e+07
9.509999999999841748e+03,9.579362857013217214e-01,1.872012053799798223e-16,1.662796304469905496e+08,1.354616092466257326e+07
9.519999999999841748e+03,9.580806676188816651e-01,1.871508065465940711e-16,1.664809013345547318e+08,1.355478870878594927e+07
9.529999999999841748e+03,9.582250495362647502e-01,1.871002829350771977e-16,1.666821750751617849e+08,1.356341366335839964e+07
9.539999999999841748e+03,9.583694314519211055e-01,1.870496170454036657e-16,1.668834516662060022e+08,1.357203586239521578e+07
9.549999999999839929e+03,9.585138133668801297e-01,1.869987909895143103e-16,1.670847311149215996e+08,1.358065540387078188e+07
9.559999999999839929e+03,9.586581952805826035e-01,1.869477864891423353e-16,1.672860134385782182e+08,1.358927240801849030e+07
9.569999999999839929e+03,9.588025771936308228e-01,1.868965848722449017e-16,1.674872986646709740e+08,1.359788701998453587e+07
9.579999999999839929e+03,9.589469591054273767e-01,1.868451670702937105e-16,1.676885868311188519e+08,1.360649940698549710e+07
9.589999999999839929e+03,9.590913410165013975e-01,1.867935136163055129e-16,1.678898779864577651e+08,1.361510976326890104e+07
9.599999999999839929e+03,9.592357229253541950e-01,1.867416046423847591e-16,1.680911721900410056e+08,1.362371830562658980e+07
9.609999999999839929e+03,9.593801048343184590e-01,1.866894198778170207e-16,1.682924695122337341e+08,1.363232527684351057e+07
9.619999999999839929e+03,9.595244867412626721e-01,1.866369386436756465e-16,1.684937700346172452e+08,1.364093094474396482e+07
9.629999999999839929e+03,9.596688686476213537e-01,1.865841398398549606e-16,1.686950738501891792e+08,1.364953560230277479e+07
9.639999999999838110e+03,9.598132505520492463e-01,1.865310019170811814e-16,1.688963810635826588e+08,1.365813956791426986e+07
9.649999999999838110e+03,9.599576324561382989e-01,1.864775028152430724e-16,1.690976917913017869e+08,1.366674318677389249e+07
9.659999999999838110e+03,9.601020143586442845e-01,1.864236198321365072e-16,1.692990061620154679e+08,1.367534682607012428e+07
9.669999999999838110e+03,9.602463962603695613e-01,1.863693293762221739e-16,1.695003243169499934e+08,1.368395088164912909e+07
9.679999999999838110e+03,9.603907781604401617e-01,1.863146067029817040e-16,1.697016464104364812e+08,1.369255577099633031e+07
9.689999999999838110e+03,9.605351600591132133e-01,1.862594257951430467e-16,1.699029726105793417e+08,1.370116193727487884e+07
9.699999999999838110e+03,9.606795419562742522e-01,1.862037602494291031e-16,1.701043030997451246e+08,1.370976984560912661e+07
9.709999999999838110e+03,9.608239238527908066e-01,1.861475857087490663e-16,1.703056380740744472e+08,1.371837998551314510e+07
9.719999999999838110e+03,9.609683057467153233e-01,1.860908807915262413e-16,1.705069777420308292e+08,1.372699287048980780e+07
9.729999999999836291e+03,9.611126876402871222e-01,1.860336275472503526e-16,1.707083223225757480e+08,1.373560904154110514e+07
9.739999999999836291e+03,9.612570695320636904e-01,1.859758112663440211e-16,1.709096720432776809e+08,1.374422906589655206e+07
9.749999999999836291e+03,9.614014514218205409e-01,1.859174195415891245e-16,1.711110271387381554e+08,1.375285354063186981e+07
9.759999999999836291e+03,9.615458333105402211e-01,1.858584410345675707e-16,1.713123878496631980e+08,1.376148308990286663e+07
9.769999999999836291e+03,9.616902151976275404e-01,1.857988649735735679e-16,1.715137544224325716e+08,1.377011836882374249e+07
9.779999999999836291e+03,9.618345970832072878e-01,1.857386815012183784e-16,1.717151271087108552e+08,1.377876005925148353e+07
9.789999999999836291e+03,9.619789789667727575e-01,1.856778821405564933e-16,1.719165061648032665e+08,1.378740887076974846e+07
9.799999999999836291e+03,9.621233608478867438e-01,1.856164601732081854e-16,1.721178918507830799e+08,1.379606553978557698e+07
9.809999999999834472e+03,9.622677427280219575e-01,1.855544109336414568e-16,1.723192844294222891e+08,1.380473083077184111e+07
9.819999999999834472e+03,9.624121246057639745e-01,1.854917319718641728e-16,1.725206841650053561e+08,1.381340553386693820e+07
9.829999999999834472e+03,9.625565064821292038e-01,1.854284229468128142e-16,1.727220913221046627e+08,1.382209046451175585e+07
9.839999999999834472e+03,9.627008883560025376e-01,1.853644849832382092e-16,1.729235061645644903e+08,1.383078646324830689e+07
9.849999999999834472e+03,9.628452702282122022e-01,1.852999190376983495e-16,1.731249289550756216e+08,1.383949439532364346e+07
9.859999999999834472e+03,9.629896520977662133e-01,1.852347225511243172e-16,1.733263599561158419e+08,1.384821514897279069e+07
9.869999999999834472e+03,9.631340339651748295e-01,1.851688833287810027e-16,1.735277994334398806e+08,1.385694963444661163e+07
9.879999999999834472e+03,9.632784158296321397e-01,1.851023692452235632e-16,1.737292476641079485e+08,1.386569878372537345e+07
9.889999999999834472e+03,9.634227976930735959e-01,1.850351122642041877e-16,1.739307049517049789e+08,1.387446354912457615e+07
9.899999999999832653e+03,9.635671795534430650e-01,1.849669855553386038e-16,1.741321716524059176e+08,1.388324489931943826e+07
9.909999999999832653e+03,9.637115614110740580e-01,1.848977727319181431e-16,1.743336482158119977e+08,1.389204382701572031e+07
9.919999999999832653e+03,9.638559432661862880e-01,1.848271276205684035e-16,1.745351352456702292e+08,1.390086137362170219e+07
9.929999999999832653e+03,9.640003251180362387e-01,1.847545253250192159e-16,1.747366335858581960e+08,1.390969870615497045e+07
9.939999999999832653e+03,9.641447069675848081e-01,1.846792231451127899e-16,1.749381444325613081e+08,1.391855730354443751e+07
9.949999999999832653e+03,9.642890888138102579e-01,1.846002844427600260e-16,1.751396694535965323e+08,1.392743926131703146e+07
9.959999999999832653e+03,9.644334706568020721e-01,1.845167399029284804e-16,1.753412108588196337e+08,1.393634770537803508e+07
9.969999999999832653e+03,9.645778524957560052e-01,1.844279457865261939e-16,1.755427713258193135e+08,1.394528711607631855e+07
9.979999999999830834e+03,9.647222343307384484e-01,1.843341246352703097e-16,1.757443536637136638e+08,1.395426321707113273e+07
9.989999999999830834e+03,9.648666161617074355e-01,1.842366844918487815e-16,1.759459602067393363e+08,1.396328212100518122e+07
9.999999999999830834e+03,9.650109979878453981e-01,1.841372583000488966e-16,1.761475923931363523e+08,1.397234902732999995e+07
1.000999999999983083e+04,9.651553798075194202e-01,1.840367340695464015e-16,1.763492509352102578e+08,1.398146741557140090e+07
1.001999999999983083e+04,9.652997616228253808e-01,1.839354650716057081e-16,1.765509362065939307e+08,1.399063920441565290e+07
1.002999999999983083e+04,9.654441434320957249e-01,1.838335960290909811e-16,1.767526484511377513e+08,1.399986534067966044e+07
1.003999999999983083e+04,9.655885252355358439e-01,1.837311937328862905e-16,1.769543878576243520e+08,1.400914627084181458e+07
1.004999999999983083e+04,9.657329070335987087e-01,1.836282920208581872e-16,1.771561545882164538e+08,1.401848219594825804e+07
1.005999999999983083e+04,9.658772888255182654e-01,1.835249089649704894e-16,1.773579487912045121e+08,1.402787319167101197e+07
1.006999999999982901e+04,9.660216706119655328e-01,1.834210543305964870e-16,1.775597706074446440e+08,1.403731927140383795e+07
1.007999999999982901e+04,9.661660523919592958e-01,1.833167331716398089e-16,1.777616201738916934e+08,1.404682041119381785e+07
1.008999999999982901e+04,9.663104341663261154e-01,1.832119477127251364e-16,1.779634976256693602e+08,1.405637656841347367e+07
1.009999999999982901e+04,9.664548159339860778e-01,1.831066984018081947e-16,1.781654030973440409e+08,1.406598768994716927e+07
1.010999999999982901e+04,9.665991976957267751e-01,1.830009845311700892e-16,1.783673367237404287e+08,1.407565372001181357e+07
1.011999999999982901e+04,9.667435794510375047e-01,1.828948046236958922e-16,1.785692986404811144e+08,1.408537460031807050e+07
1.012999999999982901e+04,9.668879612000118584e-01,1.827881566777192683e-16,1.787712889843507707e+08,1.409515027584846504e+07
1.013999999999982901e+04,9.670323429420102368e-01,1.826810383276243990e-16,1.789733078935475349e+08,1.410498069398710877e+07
1.014999999999982720e+04,9.671767246778991689e-01,1.825734469564267869e-16,1.791753555078591406e+08,1.411486580977973901e+07
1.015999999999982720e+04,9.673211064063784725e-01,1.824653797665702683e-16,1.793774319687873125e+08,1.412480558196016215e+07
1.016999999999982720e+04,9.674654881282747088e-01,1.823568338216138009e-16,1.795795374196406305e+08,1.413479997658487037e+07
1.017999999999982720e+04,9.676098698438987400e-01,1.822478060771722891e-16,1.797816720056083202e+08,1.414484896923623420e+07
1.018999999999982720e+04,9.677542515522046251e-01,1.821382933923607864e-16,1.799838358738206029e+08,1.415495254237208143e+07
1.019999999999982720e+04,9.678986332537604653e-01,1.820282925383288861e-16,1.801860291734054983e+08,1.416511068595911376e+07
1.020999999999982720e+04,9.680430149469863021e-01,1.819178001991287637e-16,1.803882520555419624e+08,1.417532340128553472e+07
1.021999999999982720e+04,9.681873966335556858e-01,1.818068129747111969e-16,1.805905046735129356e+08,1.418559069877717458e+07
1.022999999999982720e+04,9.683317783128715384e-01,1.816953273853665073e-16,1.807927871827558577e+08,1.419591259817837365e+07
1.023999999999982538e+04,9.684761599836919643e-01,1.815833398819912891e-16,1.809950997409104705e+08,1.420628913012878969e+07
1.024999999999982538e+04,9.686205416479618524e-01,1.814708468630903833e-16,1.811974425078575015e+08,1.421672033615420014e+07
1.025999999999982538e+04,9.687649233036359497e-01,1.813578446988678762e-16,1.813998156457471251e+08,1.422720626887775213e+07
1.026999999999982538e+04,9.689093049520240974e-01,1.812443297588379707e-16,1.816022193190109432e+08,1.423774699303689227e+07
1.027999999999982538e+04,9.690536865918837339e-01,1.811302984425133021e-16,1.818046536943587661e+08,1.424834258504333720e+07
1.028999999999982538e+04,9.691980682228054089e-01,1.810157471994530497e-16,1.820071189407591820e+08,1.425899313377508149e+07
1.029999999999982538e+04,9.693424498463618644e-01,1.809006725371239108e-16,1.822096152294127643e+08,1.426969874310077541e+07
1.030999999999982538e+04,9.694868314610403104e-01,1.807850710046141659e-16,1.824121427337270379e+08,1.428045952821155451e+07
1.031999999999982356e+04,9.696312130673530039e-01,1.806689391575315133e-16,1.826147016293073297e+08,1.429127562066618539e+07
1.032999999999982356e+04,9.697755946641323233e-01,1.805522735064091745e-16,1.828172920939721763e+08,1.430214716452272236e+07
1.033999999999982356e+04,9.699199762530943403e-01,1.804350704690759272e-16,1.830199143077993393e+08,1.431307432256603241e+07
1.034999999999982356e+04,9.700643578321839211e-01,1.803173263422385747e-16,1.832225684531935453e+08,1.432405727027020417e+07
1.035999999999982356e+04,9.702087394026778222e-01,1.801990372961646039e-16,1.834252547149650455e+08,1.433509620167318918e+07
1.036999999999982356e+04,9.703531209625561038e-01,1.800801993834456169e-16,1.836279732804057300e+08,1.434619132660367526e+07
1.037999999999982356e+04,9.704975025131603594e-01,1.799608085482018832e-16,1.838307243393611610e+08,1.435734287438135035e+07
1.038999999999982356e+04,9.706418840547685889e-01,1.798408606255798595e-16,1.840335080842985511e+08,1.436855109256847575e+07
1.039999999999982356e+04,9.707862655859609280e-01,1.797203513351669029e-16,1.842363247103786170e+08,1.437981624552801251e+07
1.040999999999982174e+04,9.709306471068626099e-01,1.795992762759808940e-16,1.844391744155307114e+08,1.439113862093650736e+07
1.041999999999982174e+04,9.710750286170976020e-01,1.794776309297115686e-16,1.846420574005289376e+08,1.440251852573494427e+07
1.042999999999982174e+04,9.712194101167730409e-01,1.793554106755057422e-16,1.848449738690636754e+08,1.441395628905079141e+07
1.043999999999982174e+04,9.713637916061720334e-01,1.792326108182185649e-16,1.850479240278007388e+08,1.442545226271376573e+07
1.044999999999982174e+04,9.715081730846962804e-01,1.791092266278296951e-16,1.852509080864208639e+08,1.443700682250019722e+07
1.045999999999982174e+04,9.716525545518084339e-01,1.789852533812459021e-16,1.854539262576348782e+08,1.444862036821935698e+07
1.046999999999982174e+04,9.717969360070510820e-01,1.788606863913948480e-16,1.856569787571774721e+08,1.446029332684329525e+07
1.047999999999982174e+04,9.719413174512634424e-01,1.787355210048629421e-16,1.858600658037930727e+08,1.447202615191806480e+07
1.048999999999981992e+04,9.720856988829191803e-01,1.786097525542217898e-16,1.860631876192357540e+08,1.448381932521452755e+07
1.049999999999981992e+04,9.722300803032164485e-01,1.784833762756167558e-16,1.862663444283089936e+08,1.449567336029750295e+07
1.050999999999981992e+04,9.723744617106082622e-01,1.783563872222543891e-16,1.864695364589570761e+08,1.450758879908024892e+07
1.051999999999981992e+04,9.725188431051761118e-01,1.782287802106424147e-16,1.866727639423985779e+08,1.451956621888191067e+07
1.052999999999981992e+04,9.726632244872255306e-01,1.781005498130442544e-16,1.868760271132787168e+08,1.453160622956229374e+07
1.053999999999981992e+04,9.728076058553040140e-01,1.779716903782490933e-16,1.870793262098170221e+08,1.454370947788004577e+07
1.054999999999981992e+04,9.729519872097132094e-01,1.778421960549788627e-16,1.872826614739417434e+08,1.455587664685424790e+07
1.055999999999981992e+04,9.730963685513365213e-01,1.777120608057822244e-16,1.874860331514129937e+08,1.456810846085305698e+07
1.056999999999981992e+04,9.732407498778521404e-01,1.775812784113666257e-16,1.876894414919418991e+08,1.458040568248397298e+07
1.057999999999981810e+04,9.733851311899172076e-01,1.774498424768214009e-16,1.878928867493074238e+08,1.459276912096322328e+07
1.058999999999981810e+04,9.735295124874947525e-01,1.773177464389914761e-16,1.880963691814681590e+08,1.460519962941293977e+07
1.059999999999981810e+04,9.736738937694113805e-01,1.771849835763133802e-16,1.882998890506722629e+08,1.461769810832754150e+07
1.060999999999981810e+04,9.738182750358173045e-01,1.770515470241913023e-16,1.885034466235572100e+08,1.463026550953676738e+07
1.061999999999981810e+04,9.739626562870878912e-01,1.769174297862879840e-16,1.887070421712439060e+08,1.464290283837849647e+07
1.062999999999981810e+04,9.741070375202987019e-01,1.767826247289733079e-16,1.889106759694279134e+08,1.465561115361248702e+07
1.063999999999981810e+04,9.742514187377036006e-01,1.766471245565935824e-16,1.891143482984809279e+08,1.466839157618585601e+07
1.064999999999981810e+04,9.743957999370351786e-01,1.765109217709413721e-16,1.893180594435724020e+08,1.468124528514414094e+07
1.065999999999981628e+04,9.745401811194940311e-01,1.763740086233287217e-16,1.895218096948182881e+08,1.469417352867224999e+07
1.066999999999981628e+04,9.746845622838711254e-01,1.762363770745802232e-16,1.897255993474579751e+08,1.470717762066135183e+07
1.067999999999981628e+04,9.748289434291965705e-01,1.760980187718048586e-16,1.899294287020507455e+08,1.472025894870249182e+07
1.068999999999981628e+04,9.749733245553546812e-01,1.759589250436159961e-16,1.901332980646816492e+08,1.473341897710507922e+07
1.069999999999981628e+04,9.751177056614070970e-01,1.758190869092790947e-16,1.903372077471663058e+08,1.474665925033849292e+07
1.070999999999981628e+04,9.752620867472334698e-01,1.756784950951481640e-16,1.905411580672489107e+08,1.475998139836129919e+07
1.071999999999981628e+04,9.754064678123770538e-01,1.755371400532180219e-16,1.907451493487900496e+08,1.477338714182143658e+07
1.072999999999981628e+04,9.755508488559034852e-01,1.753950119777217063e-16,1.909491819219450355e+08,1.478687829429949820e+07
1.073999999999981628e+04,9.756952298763512665e-01,1.752521008131514653e-16,1.911532561233353615e+08,1.480045677277247794e+07
1.074999999999981446e+04,9.758396108747471320e-01,1.751083962478910715e-16,1.913573722962201238e+08,1.481412459973440878e+07
1.075999999999981446e+04,9.759839918498237621e-01,1.749638876908415530e-16,1.915615307906777263e+08,1.482788390968063660e+07
1.076999999999981446e+04,9.761283727997811521e-01,1.748185642356924011e-16,1.917657319638065398e+08,1.484173695769100823e+07
1.077999999999981446e+04,9.762727537246463916e-01,1.746724146250404296e-16,1.919699761799493134e+08,1.485568612443121336e+07
1.078999999999981446e+04,9.764171346232309867e-01,1.745254272300153212e-16,1.921742638109361529e+08,1.486973392535755225e+07
1.079999999999981446e+04,9.765615154959297328e-01,1.743775900509971218e-16,1.923785952363350391e+08,1.488388301876404509e+07
1.080999999999981446e+04,9.767058963401684668e-01,1.742288907402092162e-16,1.925829708436965048e+08,1.489813621176531352e+07
1.081999999999981446e+04,9.768502771559824938e-01,1.740793166353662046e-16,1.927873910287814438e+08,1.491249647420646809e+07
1.082999999999981446e+04,9.769946579410353493e-01,1.739288547881461602e-16,1.929918561957705617e+08,1.492696694354300573e+07
1.083999999999981264e+04,9.771390386953557883e-01,1.737774919675135085e-16,1.931963667574651241e+08,1.494155093997162767e+07
1.084999999999981264e+04,9.772834194179729206e-01,1.736252146245901640e-16,1.934009231354976296e+08,1.495625197400093451e+07
1.085999999999981264e+04,9.774278001067169264e-01,1.734720088230256870e-16,1.936055257605781853e+08,1.497107376267044432e+07
1.086999999999981264e+04,9.775721807616890580e-01,1.733178601681525205e-16,1.938101750727862120e+08,1.498602023757596873e+07
1.087999999999981264e+04,9.777165613802334398e-01,1.731627537749267323e-16,1.940148715218977332e+08,1.500109556357150339e+07
1.088999999999981264e+04,9.778609419620450938e-01,1.730066742986608280e-16,1.942196155677142441e+08,1.501630415069682151e+07
1.089999999999981264e+04,9.780053225041418496e-01,1.728496060059847478e-16,1.944244076803600490e+08,1.503165067117158324e+07
1.090999999999981264e+04,9.781497030058523556e-01,1.726915328012302561e-16,1.946292483405463994e+08,1.504714007708315738e+07
1.091999999999981083e+04,9.782940834655151630e-01,1.725324380823861973e-16,1.948341380398707688e+08,1.506277761832947843e+07
1.092999999999981083e+04,9.784384638803300671e-01,1.723723043952499191e-16,1.950390772812747955e+08,1.507856886123527959e+07
1.093999999999981083e+04,9.785828442493537116e-01,1.722111131169181334e-16,1.952440665797338486e+08,1.509451971312194504e+07
1.094999999999981083e+04,9.787272245695275430e-01,1.720488449023861456e-16,1.954491064629360139e+08,1.511063644092543051e+07
1.095999999999981083e+04,9.788716048396599589e-01,1.718854815623948040e-16,1.956541974711535871e+08,1.512692569892103970e+07
1.096999999999981083e+04,9.790159850568551647e-01,1.717210047566994203e-16,1.958593401568779051e+08,1.514339455515922420e+07
1.097999999999981083e+04,9.791603652183811235e-01,1.715553931659384171e-16,1.960645350858940482e+08,1.516005051735491119e+07
1.098999999999981083e+04,9.793047453215548703e-01,1.713886234679611851e-16,1.962697828389763832e+08,1.517690156717045046e+07
1.099999999999981083e+04,9.794491253641746109e-01,1.712206713895237348e-16,1.964750840128514767e+08,1.519395618771964684e+07
1.100999999999980901e+04,9.795935053418928229e-01,1.710515116454149636e-16,1.966804392208489776e+08,1.521122340389361046e+07
1.101999999999980901e+04,9.797378852509326386e-01,1.708811178035161304e-16,1.968858490936432779e+08,1.522871281679423340e+07
1.102999999999980901e+04,9.798822650889360553e-01,1.707094622472023889e-16,1.970913142800616324e+08,1.524643464851244539e+07
1.103999999999980901e+04,9.800266448513111905e-01,1.705365161987043368e-16,1.972968354478986859e+08,1.526439978117697872e+07
1.104999999999980901e+04,9.801710245339081418e-01,1.703622497875935417e-16,1.975024132847095728e+08,1.528261981167332456e+07
1.105999999999980901e+04,9.803154041318398182e-01,1.701866321751554119e-16,1.977080484985465705e+08,1.530110709661033377e+07
1.106999999999980901e+04,9.804597836406856448e-01,1.700096317040676644e-16,1.979137418186001182e+08,1.531987481401307695e+07
1.107999999999980901e+04,9.806041630547152055e-01,1.698312154664672029e-16,1.981194939959442616e+08,1.533893701808848418e+07
1.108999999999980719e+04,9.807485423671200575e-01,1.696513491144282574e-16,1.983253058045360148e+08,1.535830870864065923e+07
1.109999999999980719e+04,9.808929215721600148e-01,1.694699985223309916e-16,1.985311780417295694e+08,1.537800589670354687e+07
1.110999999999980719e+04,9.810373006635120241e-01,1.692871304475345569e-16,1.987371115279967189e+08,1.539804568481196091e+07
1.111999999999980719e+04,9.811816796323169498e-01,1.691027123807597114e-16,1.989431071065158248e+08,1.541844634444802068e+07
1.112999999999980719e+04,9.813260584715985946e-01,1.689167127131807276e-16,1.991491656427783370e+08,1.543922740610819496e+07
1.113999999999980719e+04,9.814704371722116072e-01,1.687291010337539694e-16,1.993552880240340233e+08,1.546040975231588632e+07
1.114999999999980719e+04,9.816148157228317128e-01,1.685398480265861026e-16,1.995614751586647928e+08,1.548201572067342512e+07
1.115999999999980719e+04,9.817591941136440958e-01,1.683489250906923411e-16,1.997677279757249355e+08,1.550406921017777734e+07
1.116999999999980719e+04,9.819035723332454335e-01,1.681563040173477267e-16,1.999740474247194529e+08,1.552659579803762212e+07
1.117999999999980537e+04,9.820479503680444866e-01,1.679619568884064589e-16,2.001804344755226076e+08,1.554962286257064156e+07
1.118999999999980537e+04,9.821923282034052960e-01,1.677658560475852379e-16,2.003868901183318198e+08,1.557317971398624219e+07
1.119999999999980537e+04,9.823367058241099237e-01,1.675679739526523262e-16,2.005934153636799455e+08,1.559729773368591070e+07
1.120999999999980537e+04,9.824810832114034831e-01,1.673682829441093474e-16,2.008000112425751090e+08,1.562201051814871840e+07
1.121999999999980537e+04,9.826254603478972172e-01,1.671667550168812095e-16,2.010066788067919016e+08,1.564735403631217964e+07
1.122999999999980537e+04,9.827698372104954894e-01,1.669633615420731781e-16,2.012134191293297410e+08,1.567336678687058017e+07
1.123999999999980537e+04,9.829142137761379683e-01,1.667580726454681439e-16,2.014202333051500320e+08,1.570008996417862736e+07
1.124999999999980537e+04,9.830585900179498182e-01,1.665508560623974463e-16,2.016271224525184929e+08,1.572756762842973135e+07
1.125999999999980355e+04,9.832029659074481565e-01,1.663416760611083666e-16,2.018340877151027024e+08,1.575584688007504493e+07
1.126999999999980355e+04,9.833473414108108157e-01,1.661304930624721824e-16,2.020411302645999491e+08,1.578497802650302462e+07
1.127999999999980355e+04,9.834917164917451604e-01,1.659172642397974910e-16,2.022482513033025861e+08,1.581501475109985657e+07
1.128999999999980355e+04,9.836360911100072713e-01,1.657019450741868761e-16,2.024554520658950806e+08,1.584601427085590549e+07
1.129999999999980355e+04,9.837804652179535925e-01,1.654844879160189226e-16,2.026627338212182820e+08,1.587803747730414569e+07
1.130999999999980355e+04,9.839248387654955241e-01,1.652648409400080486e-16,2.028700978749968708e+08,1.591114906042297557e+07
1.131999999999980355e+04,9.840692116934952605e-01,1.650429497369206340e-16,2.030775455724237561e+08,1.594541759161442332e+07
1.132999999999980355e+04,9.842135839371553008e-01,1.648187592056839594e-16,2.032850782995239496e+08,1.598091557735696808e+07
1.133999999999980355e+04,9.843579554224497485e-01,1.645922148140432721e-16,2.034926974834711850e+08,1.601771944051668607e+07
1.134999999999980173e+04,9.845023260678305022e-01,1.643632626030680070e-16,2.037004045924991965e+08,1.605590944362870790e+07
1.135999999999980173e+04,9.846466957759985039e-01,1.641318494390581965e-16,2.039082011358163059e+08,1.609556950933481753e+07
1.136999999999980173e+04,9.847910644435535765e-01,1.638979247455855687e-16,2.041160886628764868e+08,1.613678693652935326e+07
1.137999999999980173e+04,9.849354319481743447e-01,1.636614425703288159e-16,2.043240687612909675e+08,1.617965197426841222e+07
1.138999999999980173e+04,9.850797981534790138e-01,1.634223630001763888e-16,2.045321430536050797e+08,1.622425723993734643e+07
1.139999999999980173e+04,9.852241629040215942e-01,1.631806528587616895e-16,2.047403131932724416e+08,1.627069694919403829e+07
1.140999999999980173e+04,9.853685260256528355e-01,1.629362853763321783e-16,2.049485808604940772e+08,1.631906593604768813e+07
1.141999999999980173e+04,9.855128873163179204e-01,1.626892382952868687e-16,2.051569477587917745e+08,1.636945843878898770e+07
1.142999999999979991e+04,9.856572465511337366e-01,1.624394905978615093e-16,2.053654156132284105e+08,1.642196664715342224e+07
1.143999999999979991e+04,9.858016034724608190e-01,1.621870182772841972e-16,2.055739861713605225e+08,1.647667899057232961e+07
1.144999999999979991e+04,9.859459577885272275e-01,1.619317886315262303e-16,2.057826612074047029e+08,1.653367818702411652e+07
1.145999999999979991e+04,9.860903091712878155e-01,1.616737546891189019e-16,2.059914425304753780e+08,1.659303908664120734e+07
1.146999999999979991e+04,9.862346572472736606e-01,1.614128547720068947e-16,2.062003319950453043e+08,1.665482633528090641e+07
1.147999999999979991e+04,9.863790015970861358e-01,1.611490080870463701e-16,2.064093315128587782e+08,1.671909198754931800e+07
1.148999999999979991e+04,9.865233417470548050e-01,1.608821027459414923e-16,2.066184430738733709e+08,1.678587307406834885e+07
1.149999999999979991e+04,9.866676771652507227e-01,1.606119938800679744e-16,2.068276688093654811e+08,1.685518937656384334e+07
1.150999999999979991e+04,9.868120072566534118e-01,1.603385095961929793e-16,2.070370107636982799e+08,1.692704152319068834e+07
1.151999999999979809e+04,9.869563313551837913e-01,1.600614629741686998e-16,2.072464713777554035e+08,1.700140909405790642e+07
1.152999999999979809e+04,9.871006487185423062e-01,1.597806721693556393e-16,2.074560532702659369e+08,1.707824977260405943e+07
1.153999999999979809e+04,9.872449585228966207e-01,1.594959892398735115e-16,2.076657588759833276e+08,1.715749895095128939e+07
1.154999999999979809e+04,9.873892598541437193e-01,1.592073348369302868e-16,2.078755909540500641e+08,1.723906997809275240e+07
1.155999999999979809e+04,9.875335517033367871e-01,1.589147289947433950e-16,2.080855522529010177e+08,1.732285536396433040e+07
1.156999999999979809e+04,9.876778329587149186e-01,1.586183090610425653e-16,2.082956454794911444e+08,1.740872854718108103e+07
1.157999999999979809e+04,9.878221023984656846e-01,1.583183277372168169e-16,2.085058732170440555e+08,1.749654640089563280e+07
1.158999999999979809e+04,9.879663586818909771e-01,1.580151309380887032e-16,2.087162378511961401e+08,1.758615225154952705e+07
1.159999999999979627e+04,9.881106003431361362e-01,1.577091194336870986e-16,2.089267415145590305e+08,1.767737930632349104e+07
1.160999999999979627e+04,9.882548257803619451e-01,1.574006898276931581e-16,2.091373860644435585e+08,1.777005431773734465e+07
1.161999999999979627e+04,9.883990332439198667e-01,1.570901319710197605e-16,2.093481731168390512e+08,1.786400126177570224e+07
1.162999999999979627e+04,9.885432208246538455e-01,1.567774470166323795e-16,2.095591041807955503e+08,1.795904490780427679e+07
1.163999999999979627e+04,9.886873864413097124e-01,1.564620682458083330e-16,2.097701809622516632e+08,1.805501404075480625e+07
1.164999999999979627e+04,9.888315278203836378e-01,1.561425452584645261e-16,2.099814058950134516e+08,1.815174430386963859e+07
1.165999999999979627e+04,9.889756424758788800e-01,1.558164079342472125e-16,2.101927828648338914e+08,1.824908064785373583e+07
1.166999999999979627e+04,9.891197276858945120e-01,1.554807119562267978e-16,2.104043178414452374e+08,1.834687968895509839e+07
1.167999999999979627e+04,9.892637804524545553e-01,1.551345715056986461e-16,2.106160183744763434e+08,1.844501274754289910e+07
1.168999999999979445e+04,9.894077974595507641e-01,1.547819695120733465e-16,2.108278908975355029e+08,1.854337038867668808e+07
1.169999999999979445e+04,9.895517750065128126e-01,1.544276922975659393e-16,2.110399384778878391e+08,1.864186748213026673e+07
1.170999999999979445e+04,9.896957089126825480e-01,1.540742499313342246e-16,2.112521614504860044e+08,1.874044782033247128e+07
1.171999999999979445e+04,9.898395943902331684e-01,1.537227819517047700e-16,2.114645588480452597e+08,1.883908955354405940e+07
1.172999999999979445e+04,9.899834258554032207e-01,1.533739030496008992e-16,2.116771290806278884e+08,1.893781254062420130e+07
1.173999999999979445e+04,9.901271966582421147e-01,1.530280170745706475e-16,2.118898701820074618e+08,1.903668791565501690e+07
1.174999999999979445e+04,9.902708986962318605e-01,1.526854280759713401e-16,2.121027799129074812e+08,1.913585046854583174e+07
1.175999999999979445e+04,9.904145218443394239e-01,1.523463832986189283e-16,2.123158558136929572e+08,1.923551506719306111e+07
1.176999999999979264e+04,9.905580530988586929e-01,1.520110873663377062e-16,2.125290952373950779e+08,1.933599929814637080e+07
1.177999999999979264e+04,9.907014752755993747e-01,1.516796655745931120e-16,2.127424953936972618e+08,1.943775640294696391e+07
1.178999999999979264e+04,9.908447649097181786e-01,1.513521423429118036e-16,2.129560534239654839e+08,1.954142631281065568e+07
1.179999999999979264e+04,9.909878887113743318e-01,1.510286995573795366e-16,2.131697663749629557e+08,1.964792126299344376e+07
1.180999999999979264e+04,9.911307971319106569e-01,1.507094948351198417e-16,2.133836311388042569e+08,1.975858121095990762e+07
1.181999999999979264e+04,9.912734117325615602e-01,1.503945991128450039e-16,2.135976444990646839e+08,1.987547621630056575e+07
1.182999999999979264e+04,9.914155983566917962e-01,1.500839973495352202e-16,2.138118031983997226e+08,2.000201418966404349e+07
1.183999999999979264e+04,9.915571074163042065e-01,1.497775726052673824e-16,2.140261040116130412e+08,2.014410444693953916e+07
1.184999999999979264e+04,9.916974437194769898e-01,1.494751044112344611e-16,2.142405438294650316e+08,2.031191328131897375e+07
1.185999999999979082e+04,9.918356085801105504e-01,1.491763565010953684e-16,2.144551197128707469e+08,2.052121140443757549e+07
1.186999999999979082e+04,9.919695737725489071e-01,1.488812621877497582e-16,2.146698288464123011e+08,2.079442178525261581e+07
1.187999999999979082e+04,9.920950262719507862e-01,1.485902457880723597e-16,2.148846683454126120e+08,2.116611269531989470e+07
1.188999999999979082e+04,9.922051321333874574e-01,1.483062532693621837e-16,2.150996342374449670e+08,2.166514665478966013e+07
1.189999999999979082e+04,9.923048363308409892e-01,1.480404952117862713e-16,2.153147173188178837e+08,2.222085424396543577e+07
1.190999999999979082e+04,9.924398085916044110e-01,1.478188089992947597e-16,2.155298937596322298e+08,2.255589905138133839e+07
1.191999999999979082e+04,9.926556714748072663e-01,1.476802227058474107e-16,2.157451121551671624e+08,2.211369621000696719e+07
1.192999999999979082e+04,9.928468783763479966e-01,1.476157424728618516e-16,2.159603076500648558e+08,2.123607431431541592e+07
1.193999999999978900e+04,9.930048778164948242e-01,1.475730593587881355e-16,2.161754421481814981e+08,2.064299865798437968e+07
1.194999999999978900e+04,9.931546843808973790e-01,1.475363294357197554e-16,2.163905063160041273e+08,2.024450390254077688e+07
1.195999999999978900e+04,9.933019167384324888e-01,1.475024865038012807e-16,2.166054974509185553e+08,1.994403385511349142e+07
1.196999999999978900e+04,9.934480383100352530e-01,1.474706430840249284e-16,2.168204140086047947e+08,1.970180256986110285e+07
1.197999999999978900e+04,9.935935840624978699e-01,1.474404465554184983e-16,2.170352548542349637e+08,1.949833769808452949e+07
1.198999999999978900e+04,9.937387947094165064e-01,1.474117278579440311e-16,2.172500190448741913e+08,1.932261187111841515e+07
1.199999999999978900e+04,9.938837940281260996e-01,1.473843948933908851e-16,2.174647057396961451e+08,1.916776709561940655e+07
1.200999999999978900e+04,9.940286519548902078e-01,1.473583924979208198e-16,2.176793141581996083e+08,1.902924330725532770e+07
1.201999999999978900e+04,9.941734108853175211e-01,1.473336854501899981e-16,2.178938435586925745e+08,1.890385168984081224e+07
1.202999999999978718e+04,9.943180979621335513e-01,1.473102498786823641e-16,2.181082932262261510e+08,1.878927306456599012e+07
1.203999999999978718e+04,9.944627313359575282e-01,1.472880680163996894e-16,2.183226624658018351e+08,1.868376696698993072e+07
1.204999999999978718e+04,9.946073235862791240e-01,1.472671248890946860e-16,2.185369505989076793e+08,1.858599343542444706e+07
1.205999999999978718e+04,9.947518836938405995e-01,1.472474063888159275e-16,2.187511569620983005e+08,1.849489895991174132e+07
1.206999999999978718e+04,9.948964182325749084e-01,1.472288983075784588e-16,2.189652809066954255e+08,1.840964088043083251e+07
1.207999999999978718e+04,9.950409321174724653e-01,1.472115860848127880e-16,2.191793217989543378e+08,1.832953590519258752e+07
1.208999999999978718e+04,9.951854290944586179e-01,1.471954551256782976e-16,2.193932790201932490e+08,1.825402430199742317e+07
1.209999999999978718e+04,9.953299120577363546e-01,1.471804916584139910e-16,2.196071519664431512e+08,1.818264449153071642e+07
1.210999999999978536e+04,9.954743832798447212e-01,1.471666836094687573e-16,2.198209400473868549e+08,1.811501456403388083e+07
1.211999999999978536e+04,9.956188445645314244e-01,1.471540210183938162e-16,2.200346426847952902e+08,1.805081827514303476e+07
1.212999999999978536e+04,9.957632973582910552e-01,1.471424962288044463e-16,2.202482593107320070e+08,1.798979371272511780e+07
1.213999999999978536e+04,9.959077428364815354e-01,1.471321037885644045e-16,2.204617893657194376e+08,1.793172346254058555e+07
1.214999999999978536e+04,9.960521819625625106e-01,1.471228393241489847e-16,2.206752322973494828e+08,1.787642566364274174e+07
1.215999999999978536e+04,9.961966155364816444e-01,1.471146969497578637e-16,2.208885875603792071e+08,1.782374590752311051e+07
1.216999999999978536e+04,9.963410442300288938e-01,1.471076659496354312e-16,2.211018546192053556e+08,1.777355024574068561e+07
1.217999999999978536e+04,9.964854686123357785e-01,1.471017288933297140e-16,2.213150329523925781e+08,1.772571966226195544e+07
1.218999999999978536e+04,9.966298891706708574e-01,1.470968605226150124e-16,2.215281220583152473e+08,1.768014607487468049e+07
1.219999999999978354e+04,9.967743063254560498e-01,1.470930269582855059e-16,2.217411214614653587e+08,1.763672971445112303e+07
1.220999999999978354e+04,9.969187204397140789e-01,1.470901851441760214e-16,2.219540307192417979e+08,1.759537748449059948e+07
1.221999999999978354e+04,9.970631318299603141e-01,1.470882824348404378e-16,2.221668494290474057e+08,1.755600197986616194e+07
1.222999999999978354e+04,9.972075407739121600e-01,1.470872563075477884e-16,2.223795772356061637e+08,1.751852081687013060e+07
1.223999999999978354e+04,9.973519475136947143e-01,1.470870342304891687e-16,2.225922138383803666e+08,1.748285616378485784e+07
1.224999999999978354e+04,9.974963522629969326e-01,1.470875337399976038e-16,2.228047589989537895e+08,1.744893431291638315e+07
1.225999999999978354e+04,9.976407552088544239e-01,1.470886627735501989e-16,2.230172125481918156e+08,1.741668532502027974e+07
1.226999999999978354e+04,9.977851565192443761e-01,1.470903202875902194e-16,2.232295743929769099e+08,1.738604265799833834e+07
1.227999999999978354e+04,9.979295563408259184e-01,1.470923971613150956e-16,2.234418445222946703e+08,1.735694286025704443e+07
1.228999999999978172e+04,9.980739548058019661e-01,1.470947773515348172e-16,2.236540230124708116e+08,1.732932524887865037e+07
1.229999999999978172e+04,9.982183520313432368e-01,1.470973392381550906e-16,2.238661100313931108e+08,1.730313164249000698e+07
1.230999999999978172e+04,9.983627481225695321e-01,1.470999570777219408e-16,2.240781058416137397e+08,1.727830611926742643e+07
1.231999999999978172e+04,9.985071431745597970e-01,1.471025024774823423e-16,2.242900108022923172e+08,1.725479479322770983e+07
1.232999999999978172e+04,9.986515372713171690e-01,1.471048458071618909e-16,2.245018253700086176e+08,1.723254562818155065e+07
1.233999999999978172e+04,9.987959304899816093e-01,1.471068574776412286e-16,2.247135500985329151e+08,1.721150827156614512e+07
1.234999999999978172e+04,9.989403228996824868e-01,1.471084090370906706e-16,2.249251856376866102e+08,1.719163392159488425e+07
1.235999999999978172e+04,9.990847145636766458e-01,1.471093740591748305e-16,2.251367327314551175e+08,1.717287518711657450e+07
1.236999999999977990e+04,9.992291055380697617e-01,1.471096288328252733e-16,2.253481922155192196e+08,1.715518600122519210e+07
1.237999999999977990e+04,9.993734958767725995e-01,1.471090528901020332e-16,2.255595650143495500e+08,1.713852150644142181e+07
1.238999999999977990e+04,9.995178856267246115e-01,1.471075294208353472e-16,2.257708521379755139e+08,1.712283797771902010e+07
1.239999999999977990e+04,9.996622748308741091e-01,1.471049456181598966e-16,2.259820546785013974e+08,1.710809274503672123e+07
1.240999999999977990e+04,9.998066635290234760e-01,1.471011929757220229e-16,2.261931738064146340e+08,1.709424411267622933e+07
1.241999999999977990e+04,9.999510517594609738e-01,1.470961675355675331e-16,2.264042107667274475e+08,1.708125129967126250e+07
1.242999999999977990e+04,1.000095439556097476e+00,1.470897700648591643e-16,2.266151668749943972e+08,1.706907436845486239e+07
1.243999999999977990e+04,1.000239826949452127e+00,1.470819061270156655e-16,2.268260435132764876e+08,1.705767415504458547e+07
1.244999999999977990e+04,1.000384213969455205e+00,1.470724859855923259e-16,2.270368421261516809e+08,1.704701221630429104e+07
1.245999999999977808e+04,1.000528600643029176e+00,1.470614242245036629e-16,2.272475642169371247e+08,1.703705073304259777e+07
1.246999999999977808e+04,1.000672986996568259e+00,1.470486388377852223e-16,2.274582113444182277e+08,1.702775243931246549e+07
1.247999999999977808e+04,1.000817373052590886e+00,1.470340492503396200e-16,2.276687851206534505e+08,1.701908048738101870e+07
1.248999999999977808e+04,1.000961758834965520e+00,1.470175720138604380e-16,2.278792872110574543e+08,1.701099828898210078e+07
1.249999999999977808e+04,1.001106144363473227e+00,1.469991110876293364e-16,2.280897193395062089e+08,1.700346920969090238e+07
1.250999999999977808e+04,1.001250529660925537e+00,1.469785355801831272e-16,2.283000833049811423e+08,1.699645609544318169e+07
1.251999999999977808e+04,1.001394914747085307e+00,1.469556321281451177e-16,2.285103810239949524e+08,1.698992042323997989e+07
1.252999999999977808e+04,1.001539299641120984e+00,1.469300194952001903e-16,2.287206146235185564e+08,1.698382095963235572e+07
1.253999999999977626e+04,1.001683684365667570e+00,1.469010393303151623e-16,2.289307866095425189e+08,1.697811175573596731e+07
1.254999999999977626e+04,1.001828068944736749e+00,1.468676827791893191e-16,2.291409001060129106e+08,1.697273945661488548e+07
1.255999999999977626e+04,1.001972453405339358e+00,1.468285662780773822e-16,2.293509591251744032e+08,1.696763998477306217e+07
1.256999999999977626e+04,1.002116837777472957e+00,1.467817866686906762e-16,2.295609688936250210e+08,1.696273462011164799e+07
1.257999999999977626e+04,1.002261222100643723e+00,1.467245103229574333e-16,2.297709364056546092e+08,1.695792636973298341e+07
1.258999999999977626e+04,1.002405606416271189e+00,1.466527561500840101e-16,2.299808713378295898e+08,1.695310011262265965e+07
1.259999999999977626e+04,1.002549990770053689e+00,1.465653720185389396e-16,2.301907855546810329e+08,1.694813293235075846e+07
1.260999999999977626e+04,1.002694375199965071e+00,1.464700264338033700e-16,2.304006882831149101e+08,1.694291503090548888e+07
1.261999999999977626e+04,1.002838759734417717e+00,1.463727342066923111e-16,2.306105831631726921e+08,1.693736430200857669e+07
1.262999999999977445e+04,1.002983144393581494e+00,1.462753882951903797e-16,2.308204708094450533e+08,1.693142370590710640e+07
1.263999999999977445e+04,1.003127529188480027e+00,1.461785633977794514e-16,2.310303510009210110e+08,1.692505160748261213e+07
1.264999999999977445e+04,1.003271914128487818e+00,1.460824763339416014e-16,2.312402232566003799e+08,1.691821424368016422e+07
1.265999999999977445e+04,1.003416299219918706e+00,1.459872219635499462e-16,2.314500869893197715e+08,1.691088181160702184e+07
1.266999999999977445e+04,1.003560684469443576e+00,1.458928439305473555e-16,2.316599415639849901e+08,1.690302694840853289e+07
1.267999999999977445e+04,1.003705069881034584e+00,1.457993612662382474e-16,2.318697863243674338e+08,1.689462452557199821e+07
1.268999999999977445e+04,1.003849455456695905e+00,1.457067804393801839e-16,2.320796206066166162e+08,1.688565217123176530e+07
1.269999999999977445e+04,1.003993841199101622e+00,1.456151017868725341e-16,2.322894437461482286e+08,1.687609121154373884e+07
1.270999999999977263e+04,1.004138227106597947e+00,1.455243234397560008e-16,2.324992550807158351e+08,1.686592782703446969e+07
1.271999999999977263e+04,1.004282613175540906e+00,1.454344438280559053e-16,2.327090539510704875e+08,1.685515409894371778e+07
1.272999999999977263e+04,1.004426999400136911e+00,1.453454630637470595e-16,2.329188397001452744e+08,1.684376871004588902e+07
1.273999999999977263e+04,1.004571385771576786e+00,1.452573832807380988e-16,2.331286116715920866e+08,1.683177700314640626e+07
1.274999999999977263e+04,1.004715772279817898e+00,1.451702081075137021e-16,2.333383692084072828e+08,1.681919032051107287e+07
1.275999999999977263e+04,1.004860158913659873e+00,1.450839416446694411e-16,2.335481116521820724e+08,1.680602475556169078e+07
1.276999999999977263e+04,1.005004545658916282e+00,1.449985873907798878e-16,2.337578383431745768e+08,1.679229956348494440e+07
1.277999999999977263e+04,1.005148932505058879e+00,1.449141473832122389e-16,2.339675486211405396e+08,1.677803562804283947e+07
1.278999999999977263e+04,1.005293319437401189e+00,1.448306215412530325e-16,2.341772418267292082e+08,1.676325421644919924e+07
1.279999999999977081e+04,1.005437706444356927e+00,1.447480070724336907e-16,2.343869173033634126e+08,1.674797613757691719e+07
1.280999999999977081e+04,1.005582093516495856e+00,1.446662978934481906e-16,2.345965743995609879e+08,1.673222130734259263e+07
1.281999999999977081e+04,1.005726480639729914e+00,1.445854841764150628e-16,2.348062124716572165e+08,1.671600856278467737e+07
1.282999999999977081e+04,1.005870867805939817e+00,1.445055522154620302e-16,2.350158308867640495e+08,1.669935564445904084e+07
1.283999999999977081e+04,1.006015255005975551e+00,1.444264846935033586e-16,2.352254290256542563e+08,1.668227922037246823e+07
1.284999999999977081e+04,1.006159642230358475e+00,1.443482611257362007e-16,2.354350062853592038e+08,1.666479487881983817e+07
1.285999999999977081e+04,1.006304029470789896e+00,1.442708580386938283e-16,2.356445620814838707e+08,1.664691702385600284e+07
1.286999999999977081e+04,1.006448416721773542e+00,1.441942485001059306e-16,2.358540958506155312e+08,1.662865864860486053e+07
1.287999999999976899e+04,1.006592803975018047e+00,1.441184007666515668e-16,2.360636070534127057e+08,1.661003098329150490e+07
1.288999999999976899e+04,1.006737191225405059e+00,1.440432759508570387e-16,2.362730951791096032e+08,1.659104308939986117e+07
1.289999999999976899e+04,1.006881578469199567e+00,1.439688248303541213e-16,2.364825597521587014e+08,1.657170160057189316e+07
1.290999999999976899e+04,1.007025965700607317e+00,1.438949843631167690e-16,2.366920003414909542e+08,1.655201092029705457e+07
1.291999999999976899e+04,1.007170352917067246e+00,1.438216752077007725e-16,2.369014165721633136e+08,1.653197441998265497e+07
1.292999999999976899e+04,1.007314740114575446e+00,1.437488024808829050e-16,2.371108081378023922e+08,1.651159719814992510e+07
1.293999999999976899e+04,1.007459127287755329e+00,1.436762626726499568e-16,2.373201748102118969e+08,1.649089081049100310e+07
1.294999999999976899e+04,1.007603514427922509e+00,1.436039590079472446e-16,2.375295164403841794e+08,1.646987964371717349e+07
1.295999999999976899e+04,1.007747901525090750e+00,1.435318241749651916e-16,2.377388329445368648e+08,1.644860747078040428e+07
1.296999999999976717e+04,1.007892288561252681e+00,1.434598432110732511e-16,2.379481242719638646e+08,1.642714148102347553e+07
1.297999999999976717e+04,1.008036675517568259e+00,1.433880641207915231e-16,2.381573903593344092e+08,1.640557085550667346e+07
1.298999999999976717e+04,1.008181062372302650e+00,1.433165857176610595e-16,2.383666310854632258e+08,1.638399880475263856e+07
1.299999999999976717e+04,1.008325449106726390e+00,1.432455248280417113e-16,2.385758462441947758e+08,1.636253021268172003e+07
1.300999999999976717e+04,1.008469835704561168e+00,1.431749814995692945e-16,2.387850355446038544e+08,1.634125963991983607e+07
1.301999999999976717e+04,1.008614222154500695e+00,1.431050213485761882e-16,2.389941986320897043e+08,1.632026382563445531e+07
1.302999999999976717e+04,1.008758608451267857e+00,1.430356761955679739e-16,2.392033351157473326e+08,1.629959988335599564e+07
1.303999999999976717e+04,1.008902994592747682e+00,1.429669525360082368e-16,2.394124445916053951e+08,1.627930746343296394e+07
1.304999999999976535e+04,1.009047380579824349e+00,1.428988400337078309e-16,2.396215266589207947e+08,1.625941256891340017e+07
1.305999999999976535e+04,1.009191766415945990e+00,1.428313177150436111e-16,2.398305809306699932e+08,1.623993131792793609e+07
1.306999999999976535e+04,1.009336152104024054e+00,1.427643580708627744e-16,2.400396070400510430e+08,1.622087301349858381e+07
1.307999999999976535e+04,1.009480537649645182e+00,1.426979297493229399e-16,2.402486046443754733e+08,1.620224238883111440e+07
1.308999999999976535e+04,1.009624923058164869e+00,1.426319993703904366e-16,2.404575734272315204e+08,1.618404120432817377e+07
1.309999999999976535e+04,1.009769308332508331e+00,1.425665328162194549e-16,2.406665130994575322e+08,1.616626932895623893e+07
1.310999999999976535e+04,1.009913693480215313e+00,1.425014961921739565e-16,2.408754233992471099e+08,1.614892551293735392e+07
1.311999999999976535e+04,1.010058078505340795e+00,1.424368565451618255e-16,2.410843040916087627e+08,1.613200787120994925e+07
1.312999999999976535e+04,1.010202463412292584e+00,1.423725824123855457e-16,2.412931549673384428e+08,1.611551423940572143e+07
1.313999999999976353e+04,1.010346848206357784e+00,1.423086442120648837e-16,2.415019758416295946e+08,1.609944237710213475e+07
1.314999999999976353e+04,1.010491232890422975e+00,1.422450144860347899e-16,2.417107665524424016e+08,1.608379009897777438e+07
1.315999999999976353e+04,1.010635617469104686e+00,1.421816680178414506e-16,2.419195269587388933e+08,1.606855532866451703e+07
1.316999999999976353e+04,1.010780001946593565e+00,1.421185818217946243e-16,2.421282569386798441e+08,1.605373611373490468e+07
1.317999999999976353e+04,1.010924386326727653e+00,1.420557350431961138e-16,2.423369563878728449e+08,1.603933060854719579e+07
1.318999999999976353e+04,1.011068770611289080e+00,1.419931087775226157e-16,2.425456252177346945e+08,1.602533704048144631e+07
1.319999999999976353e+04,1.011213154805011838e+00,1.419306858484603039e-16,2.427542633540159762e+08,1.601175366266577505e+07
1.320999999999976353e+04,1.011357538910445886e+00,1.418684505634370324e-16,2.429628707355128527e+08,1.599857870908624865e+07
1.321999999999976171e+04,1.011501922930566622e+00,1.418063884693989616e-16,2.431714473129723370e+08,1.598581035704198666e+07
1.322999999999976171e+04,1.011646306867987732e+00,1.417444861273595842e-16,2.433799930481840968e+08,1.597344668678216636e+07
1.323999999999976171e+04,1.011790690725108854e+00,1.416827309041800863e-16,2.435885079132433534e+08,1.596148566895184666e+07
1.324999999999976171e+04,1.011935074505370569e+00,1.416211107904627307e-16,2.437969918899662495e+08,1.594992514369896241e+07
1.325999999999976171e+04,1.012079458210766170e+00,1.415596142126492428e-16,2.440054449694490135e+08,1.593876282018064708e+07
1.326999999999976171e+04,1.012223841843239880e+00,1.414982298211989614e-16,2.442138671517811716e+08,1.592799627788509429e+07
1.327999999999976171e+04,1.012368225404881139e+00,1.414369461967747603e-16,2.444222584459539652e+08,1.591762297521445528e+07
1.328999999999976171e+04,1.012512608898831878e+00,1.413757514418103384e-16,2.446306188700423539e+08,1.590764025999405794e+07
1.329999999999976171e+04,1.012656992327074734e+00,1.413146327181305931e-16,2.448389484517349303e+08,1.589804537452099472e+07
1.330999999999975989e+04,1.012801375690542738e+00,1.412535759425051250e-16,2.450472472291899323e+08,1.588883548101280816e+07
1.331999999999975989e+04,1.012945758991271150e+00,1.411925662409793401e-16,2.452555152519213855e+08,1.588000768446552567e+07
1.332999999999975989e+04,1.013090142232017099e+00,1.411315920519996766e-16,2.454637525798007846e+08,1.587155907312164269e+07
1.333999999999975989e+04,1.013234525413290177e+00,1.410706466510404904e-16,2.456719592795322239e+08,1.586348678611049987e+07
1.334999999999975989e+04,1.013378908537805989e+00,1.410097205019408036e-16,2.458801354238072038e+08,1.585578803680678457e+07
1.335999999999975989e+04,1.013523291605548771e+00,1.409488016059563717e-16,2.460882810935921669e+08,1.584846014027435705e+07
1.336999999999975989e+04,1.013667674619796788e+00,1.408878769892004304e-16,2.462963963794567585e+08,1.584150052195459045e+07
1.337999999999975989e+04,1.013812057581405135e+00,1.408269330332468463e-16,2.465044813821369410e+08,1.583490673529994674e+07
1.338999999999975989e+04,1.013956440490587863e+00,1.407659555423303414e-16,2.467125362129705846e+08,1.582867648990096711e+07
1.339999999999975807e+04,1.014100823348442981e+00,1.407049297759697876e-16,2.469205609943028092e+08,1.582280766240097024e+07
1.340999999999975807e+04,1.014245206157168733e+00,1.406438404911715247e-16,2.471285558598629832e+08,1.581729835353138484e+07
1.341999999999975807e+04,1.014389588916819962e+00,1.405826719926805647e-16,2.473365209551048875e+08,1.581214690772589482e+07
1.342999999999975807e+04,1.014533971629240305e+00,1.405214081778860057e-16,2.475444564375090301e+08,1.580735196992704831e+07
1.343999999999975807e+04,1.014678354294322959e+00,1.404600325959759117e-16,2.477523624768442214e+08,1.580291254394675046e+07
1.344999999999975807e+04,1.014822736913586709e+00,1.403985284827863769e-16,2.479602392553899288e+08,1.579882806370570511e+07
1.345999999999975807e+04,1.014967119487001579e+00,1.403368787872954686e-16,2.481680869681364596e+08,1.579509848158255219e+07
1.346999999999975807e+04,1.015111502014553135e+00,1.402750661782053839e-16,2.483759058229707479e+08,1.579172438282463141e+07
1.347999999999975626e+04,1.015255884497559435e+00,1.402130730295704643e-16,2.485836960408645868e+08,1.578870713974508829e+07
1.348999999999975626e+04,1.015400266934297413e+00,1.401508813753382227e-16,2.487914578560870290e+08,1.578604909955378249e+07
1.349999999999975626e+04,1.015544649328324001e+00,1.400884728485901432e-16,2.489991915164576471e+08,1.578375385528246686e+07
1.350999999999975626e+04,1.015689031675828469e+00,1.400258285777926171e-16,2.492068972836635113e+08,1.578182661192789488e+07
1.351999999999975626e+04,1.015833413977625721e+00,1.399629290662753163e-16,2.494145754336638153e+08,1.578027472357128747e+07
1.352999999999975626e+04,1.015977796232862440e+00,1.398997540188409964e-16,2.496222262572072446e+08,1.577910848737720959e+07
1.353999999999975626e+04,1.016122178440972856e+00,1.398362821281552999e-16,2.498298500604982674e+08,1.577834239160027541e+07
1.354999999999975626e+04,1.016266560596208457e+00,1.397724907814728744e-16,2.500374471660598516e+08,1.577799720416969247e+07
1.355999999999975626e+04,1.016410942698977360e+00,1.397083556475378118e-16,2.502450179138637483e+08,1.577810370478362963e+07
1.356999999999975444e+04,1.016555324741510447e+00,1.396438500523899874e-16,2.504525626628527343e+08,1.577871010710870288e+07
1.357999999999975444e+04,1.016699706715127327e+00,1.395789438951400626e-16,2.506600817930915952e+08,1.577989932032560743e+07
1.358999999999975444e+04,1.016844088597101514e+00,1.395136013817877343e-16,2.508675757091225386e+08,1.578184189094150625e+07
1.359999999999975444e+04,1.016988470329983185e+00,1.394477751487181377e-16,2.510750448463552594e+08,1.578503857492773607e+07
1.360999999999975444e+04,1.016801782370508223e+00,1.393813807648820550e-16,2.512824896950085759e+08,1.578889701352553442e+07
1.361999999999975444e+04,1.016615094238366490e+00,1.393144831424951808e-16,2.514899107516910732e+08,1.579396493856523372e+07
1.362999999999975444e+04,1.016428405988841988e+00,1.392471108157432361e-16,2.516973084707600176e+08,1.579974402180115879e+07
1.363999999999975444e+04,1.016241717638967090e+00,1.391792806440343576e-16,2.519046832882584035e+08,1.580606404022770934e+07
1.364999999999975262e+04,1.016055029197195259e+00,1.391110036144651157e-16,2.521120356285597086e+08,1.581284071696488932e+07
1.365999999999975262e+04,1.015868340666284952e+00,1.390422872490415484e-16,2.523193659079092443e+08,1.582002331341144443e+07
1.366999999999975262e+04,1.015681652048247674e+00,1.389731367872475274e-16,2.525266745366441905e+08,1.582757767774991319e+07
1.367999999999975262e+04,1.015494963342912449e+00,1.389035558443573437e-16,2.527339619207229018e+08,1.583547902906432562e+07
1.368999999999975262e+04,1.015308274551116607e+00,1.388335468010556864e-16,2.529412284628527761e+08,1.584370835605103336e+07
1.369999999999975262e+04,1.015121585672256410e+00,1.387631110566825281e-16,2.531484745633722544e+08,1.585225044116158970e+07
1.370999999999975262e+04,1.014934896703923339e+00,1.386922492029934705e-16,2.533557006209636927e+08,1.586109268372202851e+07
1.371999999999975262e+04,1.014748207646648748e+00,1.386209611402504876e-16,2.535629070332553089e+08,1.587022436479984410e+07
1.372999999999975262e+04,1.014561518497736348e+00,1.385492461647119490e-16,2.537700941973421276e+08,1.587963616389007866e+07
1.373999999999975080e+04,1.014374829256173838e+00,1.384771030404373531e-16,2.539772625102443099e+08,1.588931983328492939e+07
1.374999999999975080e+04,1.014188139919878662e+00,1.384045300528248020e-16,2.541844123693149984e+08,1.589926796713533252e+07
1.375999999999975080e+04,1.014001450487248324e+00,1.383315250579770542e-16,2.543915441726089120e+08,1.590947384442775697e+07
1.376999999999975080e+04,1.013814760956260885e+00,1.382580855356403777e-16,2.545986583192097545e+08,1.591993130598808266e+07
1.377999999999975080e+04,1.013628071324905289e+00,1.381842086377807799e-16,2.548057552095168233e+08,1.593063466894275509e+07
1.378999999999975080e+04,1.013441381589859747e+00,1.381098912412839841e-16,2.550128352454923093e+08,1.594157866289755702e+07
1.379999999999975080e+04,1.013254691749989611e+00,1.380351300102734933e-16,2.552198988308635056e+08,1.595275838359087333e+07
1.380999999999975080e+04,1.013068001802730267e+00,1.379599214614036705e-16,2.554269463712737858e+08,1.596416924323120341e+07
1.381999999999974898e+04,1.012881311745538637e+00,1.378842620327493099e-16,2.556339782743809521e+08,1.597580695921802707e+07
1.382999999999974898e+04,1.012694621574425913e+00,1.378081481610207725e-16,2.558409949498987794e+08,1.598766751512636617e+07
1.383999999999974898e+04,1.012507931288387564e+00,1.377315763634551674e-16,2.560479968095748425e+08,1.599974714761075750e+07
1.384999999999974898e+04,1.012321240883734763e+00,1.376545433158841480e-16,2.562549842671062946e+08,1.601204233131926134e+07
1.385999999999974898e+04,1.012134550357602469e+00,1.375770459323252682e-16,2.564619577379931509e+08,1.602454975799258612e+07
1.386999999999974898e+04,1.011947859707173381e+00,1.374990814449948871e-16,2.566689176393295527e+08,1.603726632864568755e+07
1.387999999999974898e+04,1.011761168928112298e+00,1.374206474706011058e-16,2.568758643895365596e+08,1.605018913388969749e+07
1.388999999999974898e+04,1.011574478018269829e+00,1.373417420688667939e-16,2.570827984080469906e+08,1.606331544174421206e+07
1.389999999999974898e+04,1.011387786974223824e+00,1.372623637943388682e-16,2.572897201149471104e+08,1.607664269161394984e+07
1.390999999999974716e+04,1.011201095791408600e+00,1.371825117287567834e-16,2.574966299305846095e+08,1.609016845862343721e+07
1.391999999999974716e+04,1.011014404467241556e+00,1.371021854985060801e-16,2.577035282751589417e+08,1.610389046605236828e+07
1.392999999999974716e+04,1.010827712996271277e+00,1.370213852828059966e-16,2.579104155683006048e+08,1.611780654551861063e+07
1.393999999999974716e+04,1.010641021375545900e+00,1.369401118030100252e-16,2.581172922286532521e+08,1.613191463627877645e+07
1.394999999999974716e+04,1.010454329602123558e+00,1.368583662967378813e-16,2.583241586734693646e+08,1.614621276690760255e+07
1.395999999999974716e+04,1.010267637668913476e+00,1.367761504862488122e-16,2.585310153182311952e+08,1.616069903261684813e+07
1.396999999999974716e+04,1.010080945574751254e+00,1.366934665323125863e-16,2.587378625763011575e+08,1.617537159689837322e+07
1.397999999999974716e+04,1.009894253312956902e+00,1.366103169773373054e-16,2.589447008586138189e+08,1.619022865832655877e+07
1.398999999999974534e+04,1.009707560880108712e+00,1.365267046940017901e-16,2.591515305734121799e+08,1.620526845227442868e+07
1.399999999999974534e+04,1.009520868270347815e+00,1.364426328240961061e-16,2.593583521260275543e+08,1.622048923916619271e+07
1.400999999999974534e+04,1.009334175479280615e+00,1.363581047195646144e-16,2.595651659187083244e+08,1.623588928302036040e+07
1.401999999999974534e+04,1.009147482502563031e+00,1.362731238946604482e-16,2.597719723504900336e+08,1.625146686036446132e+07
1.402999999999974534e+04,1.008960789334027108e+00,1.361876939706996858e-16,2.599787718171080053e+08,1.626722023738689348e+07
1.403999999999974534e+04,1.008774095968492546e+00,1.361018186339398261e-16,2.601855647109465003e+08,1.628314767218133807e+07
1.404999999999974534e+04,1.008587402400939581e+00,1.360155015986756926e-16,2.603923514210214913e+08,1.629924741288023442e+07
1.405999999999974534e+04,1.008400708625318609e+00,1.359287465645409319e-16,2.605991323329909146e+08,1.631551768817294948e+07
1.406999999999974534e+04,1.008214014635756328e+00,1.358415571897690550e-16,2.608059078291982412e+08,1.633195671286625415e+07
1.407999999999974352e+04,1.008027320427003160e+00,1.357539370489341593e-16,2.610126782887357473e+08,1.634856267511741631e+07
1.408999999999974352e+04,1.007840625991549111e+00,1.356658895961191112e-16,2.612194440875448883e+08,1.636533375368061662e+07
1.409999999999974352e+04,1.007653931325652508e+00,1.355774181208827600e-16,2.614262055985466838e+08,1.638226809996675886e+07
1.410999999999974352e+04,1.007467236419961054e+00,1.354885256897074280e-16,2.616329631918111444e+08,1.639936385066411085e+07
1.411999999999974352e+04,1.007280541269957475e+00,1.353992150921265879e-16,2.618397172347736657e+08,1.641661912393234298e+07
1.412999999999974352e+04,1.007093845867552462e+00,1.353094887639216122e-16,2.620464680925018191e+08,1.643403201540735364e+07
1.413999999999974352e+04,1.006907150206294954e+00,1.352193487282505380e-16,2.622532161280166805e+08,1.645160060887890868e+07
1.414999999999974352e+04,1.006720454279883992e+00,1.351287965332292998e-16,2.624599617026653290e+08,1.646932296529049799e+07
1.415999999999974170e+04,1.006533758079685370e+00,1.350378332307406827e-16,2.626667051765255630e+08,1.648719713432611898e+07
1.416999999999974170e+04,1.006347061599442982e+00,1.349464593818752928e-16,2.628734469088170826e+08,1.650522114314291999e+07
1.417999999999974170e+04,1.006160364829538967e+00,1.348546751296002163e-16,2.630801872582895756e+08,1.652339300999489799e+07
1.418999999999974170e+04,1.005973667764572310e+00,1.347624803828348549e-16,2.632869265835006535e+08,1.654171074348318763e+07
1.419999999999974170e+04,1.005786970394545454e+00,1.346698751183161196e-16,2.634936652428993881e+08,1.656017234344837070e+07
1.420999999999974170e+04,1.005600272711197229e+00,1.345768597108461246e-16,2.637004035946547389e+08,1.657877581415218860e+07
1.421999999999974170e+04,1.005413574706742308e+00,1.344834351387650862e-16,2.639071419962369204e+08,1.659751916356468387e+07
1.422999999999974170e+04,1.005226876372654177e+00,1.343896029543929515e-16,2.641138808039618134e+08,1.661640041725094616e+07
1.423999999999974170e+04,1.005040177699261239e+00,1.342953650489120921e-16,2.643206203726129532e+08,1.663541761976442672e+07
1.424999999999973988e+04,1.004853478676740242e+00,1.342007233725576269e-16,2.645273610552937388e+08,1.665456883897072077e+07
1.425999999999973988e+04,1.004666779297321622e+00,1.341056797443383776e-16,2.647341032035120130e+08,1.667385217623459920e+07
1.426999999999973988e+04,1.004480079549702198e+00,1.340102357754535381e-16,2.649408471672845781e+08,1.669326575489998236e+07
1.427999999999973988e+04,1.004293379423170540e+00,1.339143928737371901e-16,2.651475932953764498e+08,1.671280774028887227e+07
1.428999999999973988e+04,1.004106678909050032e+00,1.338181522701050378e-16,2.653543419354565442e+08,1.673247632457236946e+07
1.429999999999973988e+04,1.003919977996030388e+00,1.337215150609526246e-16,2.655610934341512024e+08,1.675226973884171620e+07
1.430999999999973988e+04,1.003733276674106056e+00,1.336244822300865293e-16,2.657678481372886896e+08,1.677218623971406743e+07
1.431999999999973988e+04,1.003546574930356705e+00,1.335270546790418434e-16,2.659746063898474574e+08,1.679222413089274615e+07
1.432999999999973807e+04,1.003359872754479243e+00,1.334292332297499019e-16,2.661813685360729694e+08,1.681238175002742931e+07
1.433999999999973807e+04,1.003173170133358161e+00,1.333310186306303598e-16,2.663881349197453260e+08,1.683265745209775120e+07
1.434999999999973807e+04,1.002986467056868669e+00,1.332324115240276798e-16,2.665949058840145767e+08,1.685304965132635087e+07
1.435999999999973807e+04,1.002799763510117570e+00,1.331334123832119609e-16,2.668016817721780241e+08,1.687355677024453506e+07
1.436999999999973807e+04,1.002613059482017066e+00,1.330340216590279834e-16,2.670084629334249496e+08,1.689417727454591542e+07
1.437999999999973807e+04,1.002426354958240839e+00,1.329342398918212591e-16,2.672152496860527992e+08,1.691490990400487930e+07
1.438999999999973807e+04,1.002239649925273035e+00,1.328340677101462473e-16,2.674220423883490264e+08,1.693575335202563554e+07
1.439999999999973807e+04,1.002052944369034471e+00,1.327335055392920614e-16,2.676288413979773819e+08,1.695670620908855647e+07
1.440999999999973807e+04,1.001866238274710552e+00,1.326325538390909493e-16,2.678356470323069990e+08,1.697776698619019613e+07
1.441999999999973625e+04,1.001679531629336761e+00,1.325312129750522931e-16,2.680424596391933262e+08,1.699893432673909143e+07
1.442999999999973625e+04,1.001492824415270322e+00,1.324294832825192364e-16,2.682492795597712994e+08,1.702020692313462868e+07
1.443999999999973625e+04,1.001306116618354336e+00,1.323273650484366056e-16,2.684561071348665357e+08,1.704158359992970899e+07
1.444999999999973625e+04,1.001119408221163409e+00,1.322248584956106446e-16,2.686629427048581839e+08,1.706306318957964331e+07
1.445999999999973625e+04,1.000932699208536780e+00,1.321219637839368766e-16,2.688697866103886962e+08,1.708464457825892046e+07
1.446999999999973625e+04,1.000745989561840688e+00,1.320186810030883257e-16,2.690766391920032501e+08,1.710632668534897640e+07
1.447999999999973625e+04,1.000559279264469081e+00,1.319150101798669108e-16,2.692835007904796600e+08,1.712810847278411686e+07
1.448999999999973625e+04,1.000372568297629661e+00,1.318109512703870672e-16,2.694903717468006015e+08,1.714998893282708898e+07
1.449999999999973443e+04,1.000185856642612281e+00,1.317065041592724641e-16,2.696972524022299647e+08,1.717196710760594904e+07
1.450999999999973443e+04,9.999991442807694142e-01,1.316016686624043220e-16,2.699041430983839631e+08,1.719404206928415969e+07
1.451999999999973443e+04,9.998124311925261631e-01,1.314964445177236398e-16,2.701110441772813797e+08,1.721621293628925458e+07
1.452999999999973443e+04,9.996257173560987308e-01,1.313908313924412357e-16,2.703179559814700484e+08,1.723847885986522213e+07
1.453999999999973443e+04,9.994390027518486042e-01,1.312848288769596722e-16,2.705248788540357351e+08,1.726083903475765884e+07
1.454999999999973443e+04,9.992522873573002062e-01,1.311784364850817372e-16,2.707318131387337446e+08,1.728329268710417673e+07
1.455999999999973443e+04,9.990655711507634429e-01,1.310716536609327236e-16,2.709387591800153852e+08,1.730583908587335795e+07
1.456999999999973443e+04,9.988788541087421091e-01,1.309644797735655572e-16,2.711457173231354952e+08,1.732847753317011520e+07
1.457999999999973443e+04,9.986921362087982645e-01,1.308569141279746750e-16,2.713526879141960144e+08,1.735120737013996020e+07
1.458999999999973261e+04,9.985054174254760495e-01,1.307489559731247812e-16,2.715596713002290726e+08,1.737402797254583240e+07
1.459999999999973261e+04,9.983186977342497492e-01,1.306406045100532122e-16,2.717666678292384148e+08,1.739693874940253794e+07
1.460999999999973261e+04,9.981319771085237491e-01,1.305318589141482071e-16,2.719736778502517939e+08,1.741993914819471911e+07
1.461999999999973261e+04,9.979452555236776323e-01,1.304227183381944035e-16,2.721807017133459449e+08,1.744302864631561190e+07
1.462999999999973261e+04,9.977585329499760736e-01,1.303131819000024390e-16,2.723877397696878314e+08,1.746620675508829951e+07
1.463999999999973261e+04,9.975718093615374427e-01,1.302032486279982556e-16,2.725947923715912104e+08,1.748947301962794736e+07
1.464999999999973261e+04,9.973850847275830267e-01,1.300929173162171048e-16,2.728018598726589084e+08,1.751282701256941259e+07
1.465999999999973261e+04,9.971983590189126279e-01,1.299821862945809898e-16,2.730089426280832887e+08,1.753626833829836175e+07
1.466999999999973079e+04,9.970116322047521962e-01,1.298710531103577415e-16,2.732160409951746464e+08,1.755979663369838893e+07
1.467999999999973079e+04,9.968249042531924786e-01,1.297595141809378517e-16,2.734231553341825604e+08,1.758341156495424733e+07
1.468999999999973079e+04,9.966381751316690796e-01,1.296475646011635286e-16,2.736302860093578696e+08,1.760711283498955891e+07
1.469999999999973079e+04,9.964514448064805130e-01,1.295351984156765894e-16,2.738374333900111914e+08,1.763090018692292273e+07
1.470999999999973079e+04,9.962647132424518048e-01,1.294224098510754123e-16,2.740445978509619832e+08,1.765477341563323513e+07
1.471999999999973079e+04,9.960779804038806251e-01,1.293091957280438432e-16,2.742517797714102268e+08,1.767873236489441991e+07
1.472999999999973079e+04,9.958912462543388910e-01,1.291955575250594931e-16,2.744589795317879915e+08,1.770277695910432190e+07
1.473999999999973079e+04,9.957045107542878970e-01,1.290815002604852435e-16,2.746661975101578832e+08,1.772690719705617800e+07
1.474999999999973079e+04,9.955177738641680651e-01,1.289670292656487626e-16,2.748734340805811882e+08,1.775112317623605952e+07
1.475999999999972897e+04,9.953310355439801693e-01,1.288521484822453453e-16,2.750806896136898398e+08,1.777542509931203723e+07
1.476999999999972897e+04,9.951442957507590226e-01,1.287368605856125405e-16,2.752879644778959155e+08,1.779981329208184034e+07
1.477999999999972897e+04,9.949575544412017081e-01,1.286211675638923536e-16,2.754952590402435064e+08,1.782428821011972055e+07
1.478999999999972897e+04,9.947708115679809726e-01,1.285050711373471292e-16,2.757025736668154001e+08,1.784885047431713715e+07
1.479999999999972897e+04,9.945840670849062093e-01,1.283885730053413005e-16,2.759099087228589058e+08,1.787350088441673294e+07
1.480999999999972897e+04,9.943973209431731242e-01,1.282716749863896161e-16,2.761172645727505088e+08,1.789824047938762978e+07
1.481999999999972897e+04,9.942105730899721827e-01,1.281543790866101503e-16,2.763246415798755884e+08,1.792307057339059561e+07
1.482999999999972897e+04,9.940238234715053078e-01,1.280366875487788549e-16,2.765320401064600348e+08,1.794799286654682457e+07
1.483999999999972897e+04,9.938370720315541362e-01,1.279186028952336818e-16,2.767394605133631229e+08,1.797300957575536519e+07
1.484999999999972715e+04,9.936503187104548385e-01,1.278001279642958227e-16,2.769469031598365903e+08,1.799812368368500844e+07
1.485999999999972715e+04,9.934635634412797289e-01,1.276812659819664177e-16,2.771543684032417536e+08,1.802333936353420839e+07
1.486999999999972715e+04,9.932768061544381410e-01,1.275620206921270115e-16,2.773618565986809134e+08,1.804866288798256963e+07
1.487999999999972715e+04,9.930900467662385767e-01,1.274423966184762322e-16,2.775693680984808803e+08,1.807410478594096377e+07
1.488999999999972715e+04,9.929032851640450241e-01,1.273223997708581705e-16,2.777769032513346076e+08,1.809968750908582285e+07
1.489999999999972715e+04,9.927165211028896596e-01,1.272020400680907791e-16,2.779844624004758596e+08,1.812549303771753982e+07
1.490999999999972715e+04,9.927329304326401038e-01,1.270813541112823832e-16,2.781920458677066565e+08,1.814971028850195557e+07
1.491999999999972715e+04,9.927493364111716900e-01,1.269603074879763694e-16,2.783996539746557474e+08,1.817415244499797001e+07
1.492999999999972533e+04,9.927657391033192225e-01,1.268388920465667782e-16,2.786072870642852187e+08,1.819873729920901358e+07
1.493999999999972533e+04,9.927821384503554558e-01,1.267171034943228787e-16,2.788149454850912690e+08,1.822344181276446953e+07
1.494999999999972533e+04,9.927985343658545236e-01,1.265949389034421238e-16,2.790226295893415809e+08,1.824825504941622168e+07
1.495999999999972533e+04,9.928149267537743627e-01,1.264723959085792248e-16,2.792303397323644161e+08,1.827317049522075802e+07
1.496999999999972533e+04,9.928313155081016639e-01,1.263494723662261445e-16,2.794380762722542286e+08,1.829818383011699840e+07
1.497999999999972533e+04,9.928477005187847926e-01,1.262261661983958327e-16,2.796458395697751641e+08,1.832329198846735060e+07
1.498999999999972533e+04,9.928640816709041195e-01,1.261024753202744865e-16,2.798536299883567691e+08,1.834849269588259235e+07
1.499999999999972533e+04,9.928804588435033995e-01,1.259783976076539945e-16,2.800614478941330314e+08,1.837378419666273519e+07
1.500999999999972533e+04,9.928968319109645613e-01,1.258539308889008150e-16,2.802692936560004950e+08,1.839916510577865690e+07
1.501999999999972351e+04,9.929132007438288277e-01,1.257290729544130133e-16,2.804771676456714869e+08,1.842463429801197350e+07
1.502999999999972351e+04,9.929295652085901036e-01,1.256038215781776362e-16,2.806850702377178669e+08,1.845019083653777838e+07
1.503999999999972351e+04,9.929459251661270081e-01,1.254781745382858288e-16,2.808930018095940948e+08,1.847583393152968213e+07
1.504999999999972351e+04,9.929622804744864251e-01,1.253521296411920572e-16,2.811009627416402698e+08,1.850156289660766348e+07
1.505999999999972351e+04,9.929786309836459157e-01,1.252256847464335091e-16,2.813089534170668125e+08,1.852737712351302058e+07
1.506999999999972351e+04,9.929949765432113384e-01,1.250988377898799447e-16,2.815169742219145894e+08,1.855327606370867789e+07
1.507999999999972351e+04,9.930113169942103024e-01,1.249715868062001594e-16,2.817250255449986458e+08,1.857925921500308812e+07
1.508999999999972351e+04,9.930276521739640483e-01,1.248439299421723104e-16,2.819331077778331637e+08,1.860532609694895893e+07
1.509999999999972169e+04,9.930439819153026315e-01,1.247158654734779768e-16,2.821412213145453930e+08,1.863147625931579992e+07
1.510999999999972169e+04,9.930603060459087805e-01,1.245873918140907876e-16,2.823493665517773628e+08,1.865770925714995340e+07
1.511999999999972169e+04,9.930766243856874453e-01,1.244585075285098053e-16,2.825575438885774016e+08,1.868402465113506466e+07
1.512999999999972169e+04,9.930929367512492112e-01,1.243292113366756826e-16,2.827657537262851596e+08,1.871042200211564451e+07
1.513999999999972169e+04,9.931092429529664312e-01,1.241995021170605563e-16,2.829739964684113860e+08,1.873690086625893041e+07
1.514999999999972169e+04,9.931255427953531445e-01,1.240693789110001022e-16,2.831822725205151439e+08,1.876346078727514669e+07
1.515999999999972169e+04,9.931418360758432762e-01,1.239388409242968696e-16,2.833905822900789380e+08,1.879010129502620921e+07
1.516999999999972169e+04,9.931581225877526009e-01,1.238078875267136849e-16,2.835989261863818169e+08,1.881682190270962566e+07
1.517999999999972169e+04,9.931744021167538961e-01,1.236765182565937390e-16,2.838073046203711629e+08,1.884362210384865478e+07
1.518999999999971988e+04,9.931906744407332788e-01,1.235447328155474364e-16,2.840157180045334697e+08,1.887050136654941365e+07
1.519999999999971988e+04,9.932069393336653285e-01,1.234125310702280221e-16,2.842241667527681589e+08,1.889745913074040413e+07
1.520999999999971988e+04,9.932231965602923429e-01,1.232799130518466547e-16,2.844326512802588940e+08,1.892449481280677021e+07
1.521999999999971988e+04,9.932394458808488924e-01,1.231468789555038216e-16,2.846411720033461452e+08,1.895160779282282293e+07
1.522999999999971988e+04,9.932556870451498821e-01,1.230134291386454891e-16,2.848497293393994570e+08,1.897879741916894540e+07
1.523999999999971988e+04,9.932719197982255999e-01,1.228795641237144146e-16,2.850583237066898346e+08,1.900606300288087130e+07
1.524999999999971988e+04,9.932881438768601523e-01,1.227452845967962147e-16,2.852669555242594481e+08,1.903340381340795383e+07
1.525999999999971988e+04,9.933043590089651875e-01,1.226105914070720931e-16,2.854756252117948532e+08,1.906081908578703925e+07
1.526999999999971806e+04,9.933205649164923434e-01,1.224754855682809942e-16,2.856843331894957423e+08,1.908830800257390365e+07
1.527999999999971806e+04,9.933367613119014061e-01,1.223399682600096123e-16,2.858930798779447675e+08,1.911586970618221164e+07
1.528999999999971806e+04,9.933529479003242457e-01,1.222040408284350553e-16,2.861018656979748607e+08,1.914350328399033099e+07
1.529999999999971806e+04,9.933691243777243995e-01,1.220677047881333820e-16,2.863106910705345869e+08,1.917120777708881348e+07
1.530999999999971806e+04,9.933852904313189569e-01,1.219309618222290912e-16,2.865195564165528417e+08,1.919898216772885621e+07
1.531999999999971806e+04,9.934014457407842613e-01,1.217938137877027507e-16,2.867284621567999125e+08,1.922682538380026817e+07
1.532999999999971806e+04,9.934175899759882800e-01,1.216562627145453134e-16,2.869374087117466331e+08,1.925473628882462531e+07
1.533999999999971806e+04,9.934337227978682350e-01,1.215183108072859192e-16,2.871463965014212132e+08,1.928271368583498895e+07
1.534999999999971806e+04,9.934498438592260783e-01,1.213799604480027555e-16,2.873554259452661872e+08,1.931075631034860015e+07
1.535999999999971624e+04,9.934659528017539820e-01,1.212412141971162560e-16,2.875644974619891644e+08,1.933886282494411990e+07
1.536999999999971624e+04,9.934820492576394990e-01,1.211020747952927218e-16,2.877736114694149494e+08,1.936703182340121642e+07
1.537999999999971624e+04,9.934981328517469290e-01,1.209625451644362636e-16,2.879827683843337297e+08,1.939526181879504398e+07
1.538999999999971624e+04,9.935142031966074372e-01,1.208226284090561450e-16,2.881919686223484278e+08,1.942355124783201888e+07
1.539999999999971624e+04,9.935302598976267774e-01,1.206823278168079898e-16,2.884012125977200270e+08,1.945189845422674343e+07
1.540999999999971624e+04,9.935463025481190424e-01,1.205416468592098216e-16,2.886105007232114077e+08,1.948030170125922933e+07
1.541999999999971624e+04,9.935623307321109765e-01,1.204005891933629390e-16,2.888198334099301696e+08,1.950875915828426927e+07
1.542999999999971624e+04,9.935783440245402609e-01,1.202591586633832790e-16,2.890292110671671629e+08,1.953726889332851395e+07
1.543999999999971442e+04,9.935943419887066641e-01,1.201173592987341845e-16,2.892386341022368670e+08,1.956582887823443115e+07
1.544999999999971442e+04,9.936103241785456675e-01,1.199751953166134968e-16,2.894481029203142524e+08,1.959443697837052494e+07
1.545999999999971442e+04,9.936262901392309832e-01,1.198326711227737004e-16,2.896576179242713451e+08,1.962309094400228187e+07
1.546999999999971442e+04,9.936422394042068174e-01,1.196897913117344957e-16,2.898671795145106316e+08,1.965178842090146244e+07
1.547999999999971442e+04,9.936581714978144353e-01,1.195465606677683090e-16,2.900767880887978673e+08,1.968052692705529928e+07
1.548999999999971442e+04,9.936740859355108757e-01,1.194029841651606895e-16,2.902864440420931578e+08,1.970930386193648726e+07
1.549999999999971442e+04,9.936899822213582922e-01,1.192590669686204933e-16,2.904961477663800120e+08,1.973811649523343146e+07
1.550999999999971442e+04,9.937058598502916951e-01,1.191148144329717587e-16,2.907058996504952312e+08,1.976696196611569449e+07
1.551999999999971442e+04,9.937217183091151540e-01,1.189702321033211666e-16,2.909157000799559355e+08,1.979583727617561445e+07
1.552999999999971260e+04,9.937375570744310105e-01,1.188253257141500373e-16,2.911255494367862940e+08,1.982473929144970328e+07
1.553999999999971260e+04,9.937533756154803832e-01,1.186801011869424225e-16,2.913354480993449688e+08,1.985366473019745201e+07
1.554999999999971260e+04,9.937691733904840952e-01,1.185345646313191671e-16,2.915453964421526194e+08,1.988261016720391437e+07
1.555999999999971260e+04,9.937849498525169745e-01,1.183887223413750063e-16,2.917553948357188106e+08,1.991157203356138617e+07
1.556999999999971260e+04,9.938007044451910854e-01,1.182425807922556482e-16,2.919654436463702321e+08,1.994054660510323197e+07
1.557999999999971260e+04,9.938164366043206188e-01,1.180961466375255184e-16,2.921755432360830903e+08,1.996953001296591014e+07
1.558999999999971260e+04,9.938321457594694319e-01,1.179494267051283723e-16,2.923856939623143673e+08,1.999851823734578863e+07
1.559999999999971260e+04,9.938478313348994009e-01,1.178024279924271354e-16,2.925958961778391004e+08,2.002750711401548982e+07
1.560999999999971078e+04,9.938634927469864877e-01,1.176551576606031879e-16,2.928061502305905223e+08,2.005649232647312805e+07
1.561999999999971078e+04,9.938791294072850668e-01,1.175076230286238716e-16,2.930164564635031223e+08,2.008546942988340184e+07
1.562999999999971078e+04,9.938947407246112586e-01,1.173598315656014350e-16,2.932268152143633962e+08,2.011443383513597026e+07
1.563999999999971078e+04,9.939103260983070953e-01,1.172117908828001960e-16,2.934372268156659007e+08,2.014338082663543895e+07
1.564999999999971078e+04,9.939258849291014997e-01,1.170635087249021510e-16,2.936476915944763422e+08,2.017230557530718669e+07
1.565999999999971078e+04,9.939414166115494442e-01,1.169149929600226582e-16,2.938582098723018765e+08,2.020120314032810181e+07
1.566999999999971078e+04,9.939569205385645478e-01,1.167662515688546756e-16,2.940687819649721384e+08,2.023006848449173942e+07
1.567999999999971078e+04,9.939723961007297381e-01,1.166172926333228711e-16,2.942794081825283766e+08,2.025889648964522406e+07
1.568999999999971078e+04,9.939878426842552184e-01,1.164681243242945747e-16,2.944900888291225433e+08,2.028768197095600888e+07
1.569999999999970896e+04,9.940032596769212692e-01,1.163187548872986099e-16,2.947008242029312253e+08,2.031641969006596878e+07
1.570999999999970896e+04,9.940186464648206321e-01,1.161691926300522200e-16,2.949116145960779786e+08,2.034510438626776636e+07
1.571999999999970896e+04,9.940340024320257761e-01,1.160194459073510783e-16,2.951224602945714593e+08,2.037373077798432112e+07
1.572999999999970896e+04,9.940493269617327599e-01,1.158695231052012276e-16,2.953333615782558322e+08,2.040229359839998186e+07
1.573999999999970896e+04,9.940646194369707755e-01,1.157194326249766828e-16,2.955443187207769752e+08,2.043078761256736889e+07
1.574999999999970896e+04,9.940798792418485963e-01,1.155691828670272704e-16,2.957553319895635247e+08,2.045920764213757962e+07
1.575999999999970896e+04,9.940951057567902760e-01,1.154187822143812068e-16,2.959664016458235383e+08,2.048754858230499923e+07
1.576999999999970896e+04,9.941102983648915092e-01,1.152682390153255943e-16,2.961775279445576668e+08,2.051580543168455362e+07
1.577999999999970714e+04,9.941254564454649056e-01,1.151175615661088959e-16,2.963887111345874071e+08,2.054397331373078004e+07
1.578999999999970714e+04,9.941405793772100097e-01,1.149667580943422171e-16,2.965999514586022496e+08,2.057204750042914599e+07
1.579999999999970714e+04,9.941556665373775248e-01,1.148158367407408982e-16,2.968112491532220244e+08,2.060002342915678397e+07
1.580999999999970714e+04,9.941707173014804333e-01,1.146648055433036625e-16,2.970226044490770102e+08,2.062789673344498128e+07
1.581999999999970714e+04,9.941857310406657655e-01,1.145136724199974154e-16,2.972340175709041953e+08,2.065566325261496007e+07
1.582999999999970714e+04,9.942007071232472626e-01,1.143624451527933368e-16,2.974454887376601100e+08,2.068331906052349135e+07
1.583999999999970714e+04,9.942156449121125616e-01,1.142111313724330412e-16,2.976570181626500487e+08,2.071086047278241068e+07
1.584999999999970714e+04,9.942305437660183820e-01,1.140597385431317010e-16,2.978686060536721945e+08,2.073828406506567821e+07
1.585999999999970714e+04,9.942454030355727390e-01,1.139082739491890069e-16,2.980802526131771803e+08,2.076558669063657150e+07
1.586999999999970532e+04,9.942602220653142808e-01,1.137567446814209077e-16,2.982919580384413600e+08,2.079276547884697467e+07
1.587999999999970532e+04,9.942750001918170266e-01,1.136051576257823876e-16,2.985037225217527747e+08,2.081981785646628588e+07
1.588999999999970532e+04,9.942897367394764041e-01,1.134535194519547194e-16,2.987155462506110072e+08,2.084674154497918114e+07
1.589999999999970532e+04,9.943044310246105244e-01,1.133018366042795297e-16,2.989274294079360962e+08,2.087353456097299233e+07
1.590999999999970532e+04,9.943190823511531828e-01,1.131501152931932738e-16,2.991393721722888350e+08,2.090019522946327925e+07
1.591999999999970532e+04,9.943336900090845587e-01,1.129983614882505492e-16,2.993513747180994749e+08,2.092672216744810343e+07
1.592999999999970532e+04,9.943482532756526826e-01,1.128465809125654369e-16,2.995634372159031630e+08,2.095311428659056500e+07
1.593999999999970532e+04,9.943627714116416438e-01,1.126947790385076736e-16,2.997755598325832486e+08,2.097937079345085472e+07
1.594999999999970532e+04,9.943772436634659151e-01,1.125429610839383797e-16,2.999877427316182256e+08,2.100549116963198408e+07
1.595999999999970350e+04,9.943916692588995465e-01,1.123911320109411274e-16,3.001999860733335614e+08,2.103147516827493161e+07
1.596999999999970350e+04,9.944060474075142597e-01,1.122392965260312848e-16,3.004122900151549578e+08,2.105732280879949778e+07
1.597999999999970350e+04,9.944203773024697934e-01,1.120874590805294920e-16,3.006246547118626833e+08,2.108303435333124548e+07
1.598999999999970350e+04,9.944346581143272967e-01,1.119356238722681398e-16,3.008370803158457875e+08,2.110861029522738233e+07
1.599999999999970350e+04,9.944488889937911358e-01,1.117837948489004197e-16,3.010495669773567319e+08,2.113405135515636951e+07
1.600999999999970350e+04,9.944630690696376618e-01,1.116319757118673324e-16,3.012621148447622061e+08,2.115935845088440925e+07
1.601999999999970532e+04,9.944771974496871003e-01,1.114801699212274641e-16,3.014747240647910833e+08,2.118453269384036958e+07
1.602999999999970714e+04,9.944912732197921379e-01,1.113283807015606984e-16,3.016873947827787399e+08,2.120957536962628365e+07
1.603999999999970714e+04,9.945052954395589007e-01,1.111766110471273175e-16,3.019001271429061890e+08,2.123448791594427079e+07
1.604999999999970896e+04,9.945192631481007961e-01,1.110248637301673855e-16,3.021129212884351015e+08,2.125927191390913725e+07
1.605999999999971078e+04,9.945331753576791556e-01,1.108731413087414835e-16,3.023257773619347811e+08,2.128392906896463782e+07
1.606999999999971260e+04,9.945470310589485941e-01,1.107214461341062144e-16,3.025386955055028200e+08,2.130846119992015883e+07
1.607999999999971442e+04,9.945608292145176055e-01,1.105697803592370555e-16,3.027516758609783649e+08,2.133287021305608749e+07
1.608999999999971624e+04,9.945745687632059351e-01,1.104181459471163289e-16,3.029647185701488256e+08,2.135715810464084148e+07
1.609999999999971806e+04,9.945882486199075778e-01,1.102665446793655212e-16,3.031778237749482393e+08,2.138132693158644810e+07
1.610999999999971806e+04,9.946018676700023597e-01,1.101149781641279886e-16,3.033909916176493168e+08,2.140537880486370996e+07
1.611999999999971988e+04,9.946154247762433176e-01,1.099634478470087070e-16,3.036042222410460114e+08,2.142931587836539000e+07
1.612999999999972169e+04,9.946289187738195370e-01,1.098119550194346944e-16,3.038175157886259556e+08,2.145314034131735936e+07
1.613999999999972351e+04,9.946423484703714735e-01,1.096605008267052990e-16,3.040308724047376513e+08,2.147685439167719334e+07
1.614999999999972533e+04,9.946557126505103374e-01,1.095090862766749326e-16,3.042442922347485423e+08,2.150046025098348036e+07
1.615999999999972715e+04,9.946690100683118763e-01,1.093577122467446213e-16,3.044577754251959324e+08,2.152396013074582070e+07
1.616999999999972897e+04,9.946822394536465328e-01,1.092063794944737875e-16,3.046713221239301562e+08,2.154735624635946006e+07
1.617999999999972897e+04,9.946953995078513522e-01,1.090550886656275548e-16,3.048849324802483916e+08,2.157065078668523952e+07
1.618999999999973079e+04,9.947084889064948809e-01,1.089038403011058566e-16,3.050986066450209618e+08,2.159384593310835212e+07
1.619999999999973261e+04,9.947215062962336818e-01,1.087526348433020734e-16,3.053123447708117962e+08,2.161694383015295863e+07
1.620999999999973443e+04,9.947344502980461911e-01,1.086014726427413592e-16,3.055261470119940639e+08,2.163994659621303901e+07
1.621999999999973625e+04,9.947473195043659011e-01,1.084503539689764129e-16,3.057400135248548985e+08,2.166285631474691629e+07
1.622999999999973807e+04,9.947601124805199868e-01,1.082992790147391672e-16,3.059539444676942825e+08,2.168567502606271952e+07
1.623999999999973988e+04,9.947728277639678041e-01,1.081482479014975490e-16,3.061679400009191632e+08,2.170840473002115265e+07
1.624999999999973988e+04,9.947854638628101931e-01,1.079972606836428768e-16,3.063820002871332765e+08,2.173104737913824990e+07
1.625999999999974170e+04,9.947980192597389859e-01,1.078463173594655535e-16,3.065961254912183881e+08,2.175360488281824440e+07
1.626999999999974352e+04,9.948104924063396748e-01,1.076954178740425190e-16,3.068103157804099321e+08,2.177607909442569688e+07
1.627999999999974534e+04,9.948228817261676182e-01,1.075445621218164682e-16,3.070245713243691325e+08,2.179847182177746668e+07
1.628999999999974716e+04,9.948351856148074379e-01,1.073937499522126759e-16,3.072388922952524424e+08,2.182078481623833254e+07
1.629999999999974898e+04,9.948474024387610193e-01,1.072429811788318400e-16,3.074532788677728772e+08,2.184301978348562121e+07
1.630999999999975080e+04,9.948595305335619088e-01,1.070922555793605819e-16,3.076677312192562222e+08,2.186517837068708241e+07
1.631999999999975080e+04,9.948715682068196564e-01,1.069415728963227881e-16,3.078822495296986103e+08,2.188726217197877541e+07
1.632999999999975262e+04,9.948835137358532643e-01,1.067909328487199548e-16,3.080968339818170667e+08,2.190927273268746957e+07
1.633999999999975444e+04,9.948953653663599184e-01,1.066403351321748473e-16,3.083114847610934973e+08,2.193121154545593634e+07
1.634999999999975626e+04,9.949071213163878102e-01,1.064897794176575264e-16,3.085262020558210015e+08,2.195308004770571738e+07
1.635999999999975807e+04,9.949187797689822421e-01,1.063392653597253085e-16,3.087409860571462512e+08,2.197487962839839607e+07
1.636999999999975989e+04,9.949303388806569615e-01,1.061887926014987281e-16,3.089558369591042399e+08,2.199661162625759840e+07
1.637999999999976171e+04,9.949417967712920197e-01,1.060383607687414568e-16,3.091707549586545229e+08,2.201827732963615656e+07
1.638999999999976353e+04,9.949531515342265875e-01,1.058879694785766866e-16,3.093857402557160854e+08,2.203987797965839133e+07
1.639999999999976353e+04,9.949644012252152336e-01,1.057376183448336344e-16,3.096007930531950593e+08,2.206141476794133708e+07
1.640999999999976717e+04,9.949755438717061695e-01,1.055873069687783524e-16,3.098159135570147634e+08,2.208288884627104551e+07
1.641999999999976717e+04,9.949865774636099669e-01,1.054370349526188667e-16,3.100311019761438966e+08,2.210430131389238685e+07
1.642999999999976717e+04,9.949974999608255377e-01,1.052868018987537136e-16,3.102463585226166844e+08,2.212565323060509935e+07
1.643999999999977081e+04,9.950083092873625024e-01,1.051366074015966530e-16,3.104616834115602374e+08,2.214694561705528572e+07
1.644999999999977081e+04,9.950190033339134654e-01,1.049864510656927608e-16,3.106770768612151742e+08,2.216817944472356513e+07
1.645999999999977445e+04,9.950295799540338493e-01,1.048363324952601547e-16,3.108925390929523110e+08,2.218935565402507782e+07
1.646999999999977445e+04,9.950400369659141431e-01,1.046862512947917348e-16,3.111080703312962055e+08,2.221047514267639443e+07
1.647999999999977808e+04,9.950503721552335090e-01,1.045362070835935699e-16,3.113236708039392233e+08,2.223153877202809229e+07
1.648999999999977808e+04,9.950605832680534668e-01,1.043861994756375620e-16,3.115393407417598367e+08,2.225254736758826673e+07
1.649999999999977808e+04,9.950706680123279080e-01,1.042362281032442959e-16,3.117550803788387179e+08,2.227350172063612193e+07
1.650999999999978172e+04,9.950806240611673736e-01,1.040862926024532196e-16,3.119708899524693489e+08,2.229440258982632309e+07
1.651999999999978172e+04,9.950904490485077414e-01,1.039363926171884330e-16,3.121867697031764388e+08,2.231525070143001154e+07
1.652999999999978536e+04,9.951001405696837665e-01,1.037865278079098184e-16,3.124027198747254014e+08,2.233604674684549496e+07
1.653999999999978536e+04,9.951096961793143292e-01,1.036366978368568661e-16,3.126187407141368985e+08,2.235679139890236035e+07
1.654999999999978900e+04,9.951191133931899246e-01,1.034869023903622225e-16,3.128348324716964960e+08,2.237748529267416894e+07
1.655999999999978900e+04,9.951283896879246083e-01,1.033371411524973994e-16,3.130509954009678364e+08,2.239812903636648506e+07
1.656999999999978900e+04,9.951375224955363308e-01,1.031874138366357774e-16,3.132672297588015795e+08,2.241872321649237722e+07
1.657999999999979264e+04,9.951465092106228649e-01,1.030377201528925565e-16,3.134835358053461909e+08,2.243926838873910904e+07
1.658999999999979264e+04,9.951553471811012130e-01,1.028880598426950940e-16,3.136999138040572405e+08,2.245976509238263220e+07
1.659999999999979627e+04,9.951640337148968118e-01,1.027384326449508422e-16,3.139163640217063427e+08,2.248021383605418727e+07
1.660999999999979627e+04,9.951725660748762525e-01,1.025888383302875351e-16,3.141328867283911705e+08,2.250061510955206677e+07
1.661999999999979991e+04,9.951809414793882924e-01,1.024392766682641728e-16,3.143494821975433230e+08,2.252096938206070662e+07
1.662999999999979991e+04,9.951891571036490802e-01,1.022897474607557873e-16,3.145661507059375048e+08,2.254127710063297674e+07
1.663999999999979991e+04,9.951972100720603009e-01,1.021402505090514599e-16,3.147828925336990356e+08,2.256153869234439731e+07
1.664999999999980355e+04,9.952050974691601937e-01,1.019907856470673861e-16,3.149997079643131495e+08,2.258175456822720170e+07
1.665999999999980355e+04,9.952128163275051342e-01,1.018413527113400493e-16,3.152165972846305370e+08,2.260192511985488236e+07
1.666999999999980719e+04,9.952203636320089419e-01,1.016919515656092217e-16,3.154335607848789692e+08,2.262205072111409158e+07
1.667999999999980719e+04,9.952277363216712747e-01,1.015425820868572961e-16,3.156505987586653829e+08,2.264213172842221707e+07
1.668999999999981083e+04,9.952349312823967065e-01,1.013932441648731194e-16,3.158677115029903054e+08,2.266216848834784701e+07
1.669999999999981083e+04,9.952419453513032810e-01,1.012439377183080731e-16,3.160848993182502389e+08,2.268216132478215173e+07
1.670999999999981083e+04,9.952487753151350036e-01,1.010946626723343739e-16,3.163021625082461834e+08,2.270211055341046304e+07
1.671999999999981446e+04,9.952554179077606200e-01,1.009454189761944557e-16,3.165195013801939487e+08,2.272201647091067955e+07
1.672999999999981446e+04,9.952618698088033788e-01,1.007962065985744230e-16,3.167369162447267771e+08,2.274187936591389775e+07
1.673999999999981810e+04,9.952681276472684635e-01,1.006470255202787880e-16,3.169544074159060121e+08,2.276169951069076732e+07
1.674999999999981810e+04,9.952741879946349624e-01,1.004978757458636537e-16,3.171719752112304568e+08,2.278147716756173968e+07
1.675999999999982174e+04,9.952800473697698269e-01,1.003487572988753472e-16,3.173896199516385794e+08,2.280121258485439420e+07
1.676999999999982174e+04,9.952857022325087843e-01,1.001996702187552621e-16,3.176073419615188241e+08,2.282090600121982768e+07
1.677999999999982174e+04,9.952911489871527628e-01,1.000506145620035886e-16,3.178251415687200427e+08,2.284055764805346727e+07
1.678999999999982538e+04,9.952963839782227318e-01,9.990159041182816695e-17,3.180430191045556664e+08,2.286016774075431377e+07
1.679999999999982538e+04,9.953014034935312448e-01,9.975259786468530044e-17,3.182609749038096666e+08,2.287973649023487791e+07
1.680999999999982901e+04,9.953062037579430976e-01,9.960363703725692161e-17,3.184790093047485948e+08,2.289926409549868479e+07
1.681999999999982901e+04,9.953107809366152914e-01,9.945470806355951583e-17,3.186971226491288543e+08,2.291875074692128226e+07
1.682999999999983265e+04,9.953151311331305262e-01,9.930581110310430801e-17,3.189153152822034955e+08,2.293819662772719190e+07
1.683999999999983265e+04,9.953192503872051455e-01,9.915694633057666934e-17,3.191335875527281165e+08,2.295760191196302325e+07
1.684999999999983265e+04,9.953231346737586582e-01,9.900811394110405642e-17,3.193519398129724860e+08,2.297696676474628970e+07
1.685999999999983629e+04,9.953267799035669938e-01,9.885931414993452585e-17,3.195703724187275171e+08,2.299629134810280427e+07
1.686999999999983629e+04,9.953301819202733380e-01,9.871054719071102697e-17,3.197888857293143868e+08,2.301557581255347282e+07
1.687999999999983993e+04,9.953333365009581213e-01,9.856181331927854328e-17,3.200074801075927019e+08,2.303482030381381139e+07
1.688999999999983993e+04,9.953362393526570262e-01,9.841311281146614831e-17,3.202261559199680090e+08,2.305402496124724671e+07
1.689999999999984357e+04,9.953388861135392673e-01,9.826444596243797034e-17,3.204449135364007950e+08,2.307318991735446081e+07
1.690999999999984357e+04,9.953412723522400141e-01,9.811581308789853486e-17,3.206637533304154277e+08,2.309231529890996218e+07
1.691999999999984720e+04,9.953433935627238327e-01,9.796721452368795571e-17,3.208826756791103482e+08,2.311140122784924880e+07
1.692999999999984720e+04,9.953452451669106971e-01,9.781865062662816092e-17,3.211016809631649256e+08,2.313044781885198131e+07
1.693999999999984720e+04,9.953468225123118795e-01,9.767012177399618017e-17,3.213207695668501854e+08,2.314945518362253904e+07
1.694999999999985084e+04,9.953481208707632977e-01,9.752162836396179002e-17,3.215399418780375123e+08,2.316842342823413759e+07
1.695999999999985084e+04,9.953491354360470833e-01,9.737317081515918710e-17,3.217591982882087231e+08,2.318735265148491040e+07
1.696999999999985448e+04,9.953498613242439674e-01,9.722474956779933128e-17,3.219785391924636960e+08,2.320624295230506733e+07
1.697999999999985448e+04,9.953502935720023315e-01,9.707636508279852551e-17,3.221979649895318151e+08,2.322509442157455906e+07
1.698999999999985812e+04,9.953504271346674814e-01,9.692801784212175530e-17,3.224174760817804337e+08,2.324390714596717432e+07
1.699999999999985812e+04,9.953502568845835619e-01,9.677970834981125228e-17,3.226370728752272129e+08,2.326268121247176081e+07
1.700999999999985812e+04,9.953497776103270578e-01,9.663143713032957825e-17,3.228567557795440555e+08,2.328141669623622298e+07
1.701999999999986176e+04,9.953489840156790613e-01,9.648320473078588921e-17,3.230765252080744505e+08,2.330011367795326561e+07
1.702999999999986176e+04,9.953478707174643336e-01,9.633501171936808667e-17,3.232963815778366327e+08,2.331877222672752663e+07
1.703999999999986539e+04,9.953464322442492351e-01,9.618685868631714710e-17,3.235163253095386624e+08,2.333739241350105032e+07
1.704999999999986539e+04,9.953446630354804148e-01,9.603874624391686680e-17,3.237363568275879622e+08,2.335597430211426690e+07
1.705999999999986903e+04,9.953425574363506945e-01,9.589067502662141080e-17,3.239564765601009130e+08,2.337451795616220683e+07
1.706999999999986903e+04,9.953401097029793698e-01,9.574264569109039255e-17,3.241766849389132857e+08,2.339302343431201950e+07
1.707999999999986903e+04,9.953373139940762115e-01,9.559465891658971384e-17,3.243969823996011019e+08,2.341149079453915730e+07
1.708999999999987267e+04,9.953341643737332323e-01,9.544671540497408662e-17,3.246173693814608455e+08,2.342992008925032243e+07
1.709999999999987267e+04,9.953306548087572647e-01,9.529881588089664813e-17,3.248378463275616169e+08,2.344831136801454797e+07
1.710999999999987631e+04,9.953267791634416994e-01,9.515096109217717404e-17,3.250584136847110987e+08,2.346666468086038902e+07
1.711999999999987631e+04,9.953225312035419714e-01,9.500315180941503126e-17,3.252790719035160542e+08,2.348498007091686130e+07
1.712999999999987995e+04,9.953179045914930523e-01,9.485538882681748189e-17,3.254998214383385777e+08,2.350325758166669309e+07
1.713999999999987995e+04,9.953128928818020249e-01,9.470767296226371652e-17,3.257206627473736405e+08,2.352149725420384482e+07
1.714999999999987995e+04,9.953074895268578803e-01,9.456000505735086704e-17,3.259415962925718427e+08,2.353969912656062469e+07
1.715999999999988358e+04,9.953016878675982060e-01,9.441238597707261974e-17,3.261626225397352576e+08,2.355786323338874802e+07
1.716999999999988358e+04,9.952954811325822604e-01,9.426481661103545395e-17,3.263837419584755301e+08,2.357598960975713283e+07
1.717999999999988722e+04,9.952888624410989316e-01,9.411729787295942870e-17,3.266049550222905278e+08,2.359407828638629988e+07
1.718999999999988722e+04,9.952818247957060382e-01,9.396983070126937228e-17,3.268262622084394693e+08,2.361212929508606717e+07
1.719999999999989086e+04,9.952743610806329411e-01,9.382241605976090278e-17,3.270476639979602695e+08,2.363014266578784585e+07
1.720999999999989086e+04,9.952664640653186012e-01,9.367505493686741601e-17,3.272691608760144114e+08,2.364811842068824172e+07
1.721999999999989086e+04,9.952581263943679479e-01,9.352774834644872459e-17,3.274907533314314485e+08,2.366605658550349995e+07
1.722999999999989450e+04,9.952493406002995702e-01,9.338049732771006408e-17,3.277124418578146100e+08,2.368395717373877764e+07
1.723999999999989450e+04,9.952400990889521681e-01,9.323330294488262899e-17,3.279342269607149363e+08,2.370182019224223122e+07
1.724999999999989814e+04,9.952303941276232635e-01,9.308616629072214623e-17,3.281561091068711281e+08,2.371964567374363169e+07
1.725999999999989814e+04,9.952202178573610336e-01,9.293908848305143336e-17,3.283780888244675994e+08,2.373743362812007219e+07
1.726999999999990177e+04,9.952095622825343213e-01,9.279207066425053560e-17,3.286001666466687322e+08,2.375518407268706709e+07
1.727999999999990177e+04,9.951984192787255434e-01,9.264511400515382192e-17,3.288223430511511564e+08,2.377289702445724979e+07
1.728999999999990177e+04,9.951867805808761736e-01,9.249821970286133985e-17,3.290446185661100745e+08,2.379057249697237089e+07
1.729999999999990541e+04,9.951746377951682376e-01,9.235138898300648234e-17,3.292669937112288475e+08,2.380821049029526114e+07
1.730999999999990541e+04,9.951619823793818043e-01,9.220462309902089271e-17,3.294894690121074915e+08,2.382581100884512439e+07
1.731999999999990905e+04,9.951488056546894390e-01,9.205792333242507360e-17,3.297120449958149791e+08,2.384337405139385909e+07
1.732999999999990905e+04,9.951350987899629796e-01,9.191129099301226552e-17,3.299347221946449280e+08,2.386089961631945521e+07
1.733999999999991269e+04,9.951208528042929657e-01,9.176472741943241344e-17,3.301575011449401975e+08,2.387838770309868082e+07
1.734999999999991269e+04,9.951060585632580668e-01,9.161823397930942360e-17,3.303803823869536519e+08,2.389583830949894711e+07
1.735999999999991269e+04,9.950907067790988325e-01,9.147181206934272934e-17,3.306033664652789831e+08,2.391325142968266457e+07
1.736999999999991633e+04,9.950747880065344830e-01,9.132546311618003008e-17,3.308264539284285307e+08,2.393062705742383003e+07
1.737999999999991633e+04,9.950582926382638416e-01,9.117918857635087913e-17,3.310496453289255500e+08,2.394796518413083628e+07
1.738999999999991996e+04,9.950412109031412378e-01,9.103298993651658001e-17,3.312729412233309150e+08,2.396526579811013490e+07
1.739999999999991996e+04,9.950235328642340615e-01,9.088686871442934273e-17,3.314963421723690629e+08,2.398252888891601935e+07
1.740999999999992360e+04,9.950052484144567000e-01,9.074082645896213721e-17,3.317198487407630682e+08,2.399975444260397553e+07
1.741999999999992360e+04,9.949863472735109848e-01,9.059486475000765746e-17,3.319434614974236488e+08,2.401694244159671664e+07
1.742999999999992360e+04,9.949668189861875511e-01,9.044898519960418637e-17,3.321671810153046250e+08,2.403409286816480383e+07
1.743999999999992724e+04,9.949466529145685190e-01,9.030318945259706785e-17,3.323910078715039492e+08,2.405120570512776449e+07
1.744999999999992724e+04,9.949258382405423706e-01,9.015747918567916850e-17,3.326149426472149491e+08,2.406828093006465957e+07
1.745999999999993088e+04,9.949043639597403565e-01,9.001185610926036703e-17,3.328389859277851582e+08,2.408531851930288598e+07
1.746999999999993088e+04,9.948822188775616748e-01,8.986632196704620392e-17,3.330631383026912808e+08,2.410231844854954258e+07
1.747999999999993452e+04,9.948593916060178843e-01,8.972087853687292763e-17,3.332874003655569553e+08,2.411928069060952589e+07
1.748999999999993452e+04,9.948358705619432252e-01,8.957552763089592151e-17,3.335117727141622305e+08,2.413620521505139396e+07
1.749999999999993452e+04,9.948116439604728356e-01,8.943027109626617658e-17,3.337362559504520297e+08,2.415309199283789098e+07
1.750999999999993815e+04,9.947866998137431249e-01,8.928511081527187980e-17,3.339608506805414557e+08,2.416994098889136314e+07
1.751999999999993815e+04,9.947610259242823938e-01,8.914004870671362048e-17,3.341855575147277713e+08,2.418675216958848387e+07
1.752999999999994179e+04,9.947346098833604877e-01,8.899508672488173072e-17,3.344103770674911141e+08,2.420352549753502384e+07
1.753999999999994179e+04,9.947074390663768195e-01,8.885022686160814958e-17,3.346353099575071335e+08,2.422026093389419839e+07
1.754999999999994543e+04,9.946795006299866682e-01,8.870547114549324083e-17,3.348603568076471090e+08,2.423695843780124560e+07
1.755999999999994543e+04,9.946507815036219613e-01,8.856082164362225566e-17,3.350855182449898720e+08,2.425361796605427936e+07
1.756999999999994543e+04,9.946212683909290142e-01,8.841628046121303228e-17,3.353107949008211493e+08,2.427023947383055091e+07
1.757999999999994907e+04,9.945909477629479856e-01,8.827184974216998591e-17,3.355361874106444716e+08,2.428682291307847202e+07
1.758999999999994907e+04,9.945598058530136232e-01,8.812753167062904346e-17,3.357616964141820073e+08,2.430336823540115729e+07
1.759999999999995271e+04,9.945278286531866740e-01,8.798332847032237637e-17,3.359873225553783774e+08,2.431987538830817491e+07
1.760999999999995271e+04,9.944950019077385406e-01,8.783924240595878393e-17,3.362130664824064374e+08,2.433634431887833774e+07
1.761999999999995634e+04,9.944613111101512359e-01,8.769527578381520335e-17,3.364389288476680517e+08,2.435277497138429061e+07
1.762999999999995634e+04,9.944267415024630186e-01,8.755143095156551463e-17,3.366649103077984452e+08,2.436916728702628240e+07
1.763999999999995634e+04,9.943912780616191993e-01,8.740771030028614546e-17,3.368910115236672759e+08,2.438552120605023578e+07
1.764999999999995998e+04,9.943549054982121493e-01,8.726411626446021273e-17,3.371172331603797674e+08,2.440183666671548411e+07
1.765999999999995998e+04,9.943176082553465411e-01,8.712065132205044288e-17,3.373435758872774839e+08,2.441811360395221412e+07
1.766999999999996362e+04,9.942793704975523283e-01,8.697731799674721589e-17,3.375700403779385686e+08,2.443435195224653929e+07
1.767999999999996362e+04,9.942401761079997513e-01,8.683411885728922053e-17,3.377966273101752400e+08,2.445055164177329466e+07
1.768999999999996726e+04,9.942000086861482178e-01,8.669105651878611518e-17,3.380233373660340905e+08,2.446671260166654736e+07
1.769999999999996726e+04,9.941588515367830725e-01,8.654813364395745859e-17,3.382501712317920327e+08,2.448283475817331672e+07
1.770999999999996726e+04,9.941166876665232799e-01,8.640535294341160915e-17,3.384771295979536772e+08,2.449891803576850519e+07
1.771999999999997090e+04,9.940734997781406346e-01,8.626271717675205302e-17,3.387042131592460275e+08,2.451496235706343874e+07
1.772999999999997090e+04,9.940292702656201573e-01,8.612022915309054582e-17,3.389314226146145463e+08,2.453096764087823406e+07
1.773999999999997453e+04,9.939839812065108804e-01,8.597789173295687095e-17,3.391587586672152877e+08,2.454693380581584573e+07
1.774999999999997453e+04,9.939376143533614760e-01,8.583570782795246796e-17,3.393862220244084597e+08,2.456286076764280349e+07
1.775999999999997817e+04,9.938901511330714422e-01,8.569368040227532540e-17,3.396138133977488875e+08,2.457874843937178701e+07
1.776999999999997817e+04,9.938415726384318694e-01,8.555181247374142009e-17,3.398415335029776096e+08,2.459459673230461031e+07
1.777999999999997817e+04,9.937918596181207764e-01,8.541010711468094935e-17,3.400693830600099564e+08,2.461040555517072231e+07
1.778999999999998181e+04,9.937409924747133694e-01,8.526856745228406166e-17,3.402973627929250598e+08,2.462617481422301009e+07
1.779999999999998181e+04,9.936889512541537961e-01,8.512719667038428628e-17,3.405254734299521446e+08,2.464190441419801861e+07
1.780999999999998545e+04,9.936357156379351796e-01,8.498599801045959769e-17,3.407537157034564614e+08,2.465759425762598217e+07
1.781999999999998545e+04,9.935812649427775423e-01,8.484497477205478904e-17,3.409820903499228358e+08,2.467324424434190243e+07
1.782999999999998909e+04,9.935255781030585265e-01,8.470413031409978194e-17,3.412105981099396944e+08,2.468885427258710563e+07
1.783999999999998909e+04,9.934686336725795375e-01,8.456346805646110632e-17,3.414392397281805873e+08,2.470442423822487518e+07
1.784999999999998909e+04,9.934104098099980629e-01,8.442299148006623231e-17,3.416680159533842206e+08,2.471995403499489650e+07
1.785999999999999272e+04,9.933508842716038956e-01,8.428270412928193660e-17,3.418969275383329988e+08,2.473544355560081452e+07
1.786999999999999272e+04,9.932900344092798761e-01,8.414260961193153407e-17,3.421259752398302555e+08,2.475089268950062990e+07
1.787999999999999636e+04,9.932278371564220443e-01,8.400271160101750349e-17,3.423551598186761141e+08,2.476630132477823645e+07
1.788999999999999636e+04,9.931642690199742329e-01,8.386301383625159422e-17,3.425844820396411419e+08,2.478166934721870348e+07
1.790000000000000000e+04,9.930993060721768906e-01,8.372352012453460154e-17,3.428139426714375615e+08,2.479699664082159847e+07
1.791000000000000000e+04,9.930329239454188661e-01,8.358423434247463248e-17,3.430435424866907001e+08,2.481228308819838986e+07
1.792000000000000000e+04,9.929650978155288854e-01,8.344516043595278865e-17,3.432732822619055510e+08,2.482752856971728802e+07
1.793000000000000364e+04,9.928958024009615357e-01,8.330630242349835689e-17,3.435031627774347663e+08,2.484273296374125034e+07
1.794000000000000364e+04,9.928250119433799092e-01,8.316766439687998657e-17,3.437331848174405694e+08,2.485789614819769934e+07
1.795000000000000728e+04,9.927527002067326745e-01,8.302925052225863447e-17,3.439633491698579192e+08,2.487301799838713557e+07
1.796000000000000728e+04,9.926788404610611405e-01,8.289106504235993979e-17,3.441936566263522506e+08,2.488809838877226785e+07
1.797000000000001091e+04,9.926034054775272342e-01,8.275311227778268552e-17,3.444241079822777510e+08,2.490313719186126813e+07
1.798000000000001091e+04,9.925263675130993057e-01,8.261539662886477500e-17,3.446547040366297960e+08,2.491813427898465097e+07
1.799000000000001091e+04,9.924476983010956932e-01,8.247792256779491868e-17,3.448854455920066833e+08,2.493308952048974484e+07
1.800000000000001455e+04,9.923673690391279223e-01,8.234069467737476915e-17,3.451163334545412660e+08,2.494800278567130491e+07
1.801000000000001455e+04,9.922853503836559508e-01,8.220371759620709049e-17,3.453473684338473678e+08,2.496287394171033055e+07
1.802000000000001819e+04,9.922016124310558682e-01,8.206699605839771019e-17,3.455785513429822326e+08,2.497770285581524298e+07
1.803000000000001819e+04,9.921161247032594943e-01,8.193053489161413242e-17,3.458098829983723164e+08,2.499248939368346706e+07
1.804000000000002183e+04,9.920288561458121546e-01,8.179433900963129555e-17,3.460413642197499275e+08,2.500723342125869170e+07
1.805000000000002183e+04,9.919397751061724833e-01,8.165841342035254957e-17,3.462729958300895691e+08,2.502193480311199278e+07
1.806000000000002183e+04,9.918488493245767312e-01,8.152276322633136433e-17,3.465047786555347443e+08,2.503659340359745920e+07
1.807000000000002547e+04,9.917560459191337996e-01,8.138739362688025055e-17,3.467367135253248811e+08,2.505120908643699810e+07
1.808000000000002547e+04,9.916613313706459376e-01,8.125230992043834096e-17,3.469688012717172503e+08,2.506578171597757563e+07
1.809000000000002910e+04,9.915646715126227306e-01,8.111751750689193558e-17,3.472010427299042344e+08,2.508031115609396994e+07
1.810000000000002910e+04,9.914660315135900293e-01,8.098302188991988379e-17,3.474334387379268408e+08,2.509479727013858408e+07
1.811000000000003274e+04,9.913653758628695467e-01,8.084882867878984524e-17,3.476659901365851164e+08,2.510923992251428589e+07
1.812000000000003274e+04,9.912626683557997920e-01,8.071494359166754909e-17,3.478986977693430781e+08,2.512363897814068198e+07
1.813000000000003274e+04,9.911578720742861837e-01,8.058137245755576475e-17,3.481315624822287560e+08,2.513799430165103823e+07
1.814000000000003638e+04,9.910509493731047836e-01,8.044812121937578980e-17,3.483645851237297058e+08,2.515230576038894057e+07
1.815000000000003638e+04,9.909418618641537835e-01,8.031519593519649531e-17,3.485977665446850657e+08,2.516657322092646360e+07
1.816000000000004002e+04,9.908305703973468992e-01,8.018260278171158771e-17,3.488311075981723070e+08,2.518079655194855854e+07
1.817000000000004002e+04,9.907170350427492167e-01,8.005034805715957741e-17,3.490646091393880248e+08,2.519497562381447107e+07
1.818000000000004366e+04,9.906012150706359209e-01,7.991843818344145130e-17,3.492982720255241394e+08,2.520911030840178579e+07
1.819000000000004366e+04,9.904830689366260765e-01,7.978687970901215609e-17,3.495320971156383753e+08,2.522320047904088348e+07
1.820000000000004366e+04,9.903625542607825682e-01,7.965567931017567369e-17,3.497660852705211043e+08,2.523724601181304455e+07
1.821000000000004729e+04,9.902396278017426834e-01,7.952484379693379627e-17,3.500002373525552750e+08,2.525124678530106694e+07
1.822000000000004729e+04,9.901142454423439432e-01,7.939438011319071233e-17,3.502345542255695462e+08,2.526520268072210252e+07
1.823000000000005093e+04,9.899863621646067813e-01,7.926429534085847310e-17,3.504690367546878457e+08,2.527911358218783140e+07
1.824000000000005093e+04,9.898559320297405373e-01,7.913459670216994502e-17,3.507036858061714768e+08,2.529297937703696266e+07
1.825000000000005457e+04,9.897229081536296214e-01,7.900529156379904257e-17,3.509385022472546697e+08,2.530679995725674927e+07
1.826000000000005457e+04,9.895872426804939170e-01,7.887638743941751274e-17,3.511734869459742904e+08,2.532057521719995886e+07
1.827000000000005821e+04,9.894488867628759010e-01,7.874789199409091176e-17,3.514086407709906101e+08,2.533430505615855753e+07
1.828000000000005821e+04,9.893077905331675304e-01,7.861981304669571183e-17,3.516439645914019346e+08,2.534798937871981040e+07
1.829000000000005821e+04,9.891639030770678076e-01,7.849215857531063548e-17,3.518794592765511274e+08,2.536162809353300929e+07
1.830000000000006185e+04,9.890171724091524341e-01,7.836493672138757262e-17,3.521151256958214641e+08,2.537522111469171941e+07
1.831000000000006185e+04,9.888675454408503152e-01,7.823815579220920282e-17,3.523509647184262276e+08,2.538876836217672750e+07
1.832000000000006548e+04,9.887149679522884149e-01,7.811182426918856385e-17,3.525869772131866813e+08,2.540226976189510152e+07
1.833000000000006548e+04,9.885593845633651178e-01,7.798595081058577773e-17,3.528231640482983589e+08,2.541572524607811496e+07
1.834000000000006912e+04,9.884007386987214705e-01,7.786054425760815191e-17,3.530595260910878778e+08,2.542913475400905684e+07
1.835000000000006912e+04,9.882389725607356734e-01,7.773561364096523121e-17,3.532960642077570558e+08,2.544249823275073618e+07
1.836000000000006912e+04,9.880740270871178899e-01,7.761116818514960089e-17,3.535327792631147504e+08,2.545581563602853939e+07
1.837000000000007276e+04,9.879058419252995105e-01,7.748721731638679264e-17,3.537696721202952862e+08,2.546908692679654062e+07
1.838000000000007276e+04,9.877343553860018499e-01,7.736377066734997339e-17,3.540067436404638886e+08,2.548231207604802400e+07
1.839000000000007640e+04,9.875595044138911760e-01,7.724083808406436413e-17,3.542439946825089455e+08,2.549549106423022971e+07
1.840000000000007640e+04,9.873812245435933388e-01,7.711842963211875533e-17,3.544814261027200818e+08,2.550862388138238341e+07
1.841000000000008004e+04,9.871994498587034483e-01,7.699655560278398604e-17,3.547190387544510365e+08,2.552171052760977298e+07
1.842000000000008004e+04,9.870141129484399922e-01,7.687522651935661821e-17,3.549568334877710938e+08,2.553475101381734386e+07
1.843000000000008004e+04,9.868251448649549840e-01,7.675445314385032603e-17,3.551948111490986347e+08,2.554774536184406653e+07
1.844000000000008367e+04,9.866324750770008034e-01,7.663424648227063902e-17,3.554329725808227062e+08,2.556069360627746582e+07
1.845000000000008367e+04,9.864360314183888701e-01,7.651461779208636696e-17,3.556713186209086180e+08,2.557359579305437580e+07
1.846000000000008731e+04,9.862357400407200103e-01,7.639557858830709519e-17,3.559098501024881601e+08,2.558645198124592379e+07
1.847000000000008731e+04,9.860315253604776675e-01,7.627714065063231054e-17,3.561485678534338474e+08,2.559926224446057901e+07
1.848000000000009095e+04,9.858233100033134688e-01,7.615931603032327964e-17,3.563874726959160566e+08,2.561202666876117885e+07
1.849000000000009095e+04,9.856110147480173778e-01,7.604211705790366250e-17,3.566265654459431171e+08,2.562474535698284581e+07
1.850000000000009095e+04,9.853945584668573066e-01,7.592555634766600372e-17,3.568658469128866196e+08,2.563741842572894320e+07
1.851000000000009459e+04,9.851738580607254381e-01,7.580964681133313938e-17,3.571053178989847898e+08,2.565004600863020867e+07
1.852000000000009459e+04,9.849488283985448067e-01,7.569440166411547779e-17,3.573449791988225579e+08,2.566262825636566430e+07
1.853000000000009823e+04,9.847193822446573819e-01,7.557983443171739091e-17,3.575848315987960696e+08,2.567516533635417372e+07
1.854000000000009823e+04,9.844854301919705453e-01,7.546595896154703875e-17,3.578248758765538931e+08,2.568765743446332589e+07
1.855000000000010186e+04,9.842468805864235115e-01,7.535278943245867826e-17,3.580651128004152179e+08,2.570010475602354482e+07
1.856000000000010186e+04,9.840036394461224578e-01,7.524034036540666127e-17,3.583055431287618876e+08,2.571250752519261837e+07
1.857000000000010186e+04,9.837556103839839583e-01,7.512862663486309911e-17,3.585461676094044447e+08,2.572486598724786937e+07
1.858000000000010550e+04,9.835026945221072570e-01,7.501766347972862243e-17,3.587869869789221287e+08,2.573718040802455321e+07
1.859000000000010550e+04,9.832447904005761075e-01,7.490746651619567036e-17,3.590280019619734883e+08,2.574945107569650933e+07
1.860000000000010914e+04,9.829817938852811743e-01,7.479805175047506025e-17,3.592692132705764771e+08,2.576167830157882720e+07
1.861000000000010914e+04,9.827135980690708816e-01,7.468943559363146611e-17,3.595106216033558249e+08,2.577386241951142251e+07
1.862000000000011278e+04,9.824400931710350893e-01,7.458163487488313271e-17,3.597522276447567344e+08,2.578600378856704384e+07
1.863000000000011278e+04,9.821611664268667941e-01,7.447466685671695594e-17,3.599940320642236471e+08,2.579810279298763350e+07
1.864000000000011278e+04,9.818767019748559921e-01,7.436854925087113753e-17,3.602360355153427124e+08,2.581015984269394353e+07
1.865000000000011642e+04,9.815865807402665011e-01,7.426330023598506032e-17,3.604782386349431872e+08,2.582217537489904463e+07
1.866000000000011642e+04,9.812906803076980600e-01,7.415893847437731204e-17,3.607206420421574116e+08,2.583414985448171943e+07
1.867000000000012005e+04,9.809888747917456797e-01,7.405548313087378595e-17,3.609632463374386430e+08,2.584608377505396679e+07
1.868000000000012005e+04,9.806810346996269745e-01,7.395295389111012902e-17,3.612060521015326977e+08,2.585797766043896601e+07
1.869000000000012369e+04,9.803670267839764696e-01,7.385137098344592808e-17,3.614490598944025040e+08,2.586983206443415955e+07
1.870000000000012369e+04,9.800467138929880306e-01,7.375075519988482032e-17,3.616922702541009784e+08,2.588164757263235003e+07
1.871000000000012369e+04,9.797199548093713517e-01,7.365112791773991708e-17,3.619356836955912709e+08,2.589342480280383676e+07
1.872000000000012733e+04,9.793866040825107699e-01,7.355251112483756469e-17,3.621793007095115185e+08,2.590516440683982894e+07
1.873000000000012733e+04,9.790465118492615026e-01,7.345492744248115934e-17,3.624231217608816028e+08,2.591686707084996626e+07
1.874000000000013097e+04,9.786995236491800032e-01,7.335840015322139288e-17,3.626671472877480388e+08,2.592853351625094563e+07
1.875000000000013097e+04,9.783454802249497151e-01,7.326295322746112920e-17,3.629113776997638345e+08,2.594016450146864355e+07
1.876000000000013461e+04,9.779842173177031306e-01,7.316861135265048074e-17,3.631558133767003417e+08,2.595176082165483013e+07
1.877000000000013461e+04,9.776155654462138633e-01,7.307539996466066947e-17,3.634004546668872833e+08,2.596332331158803031e+07
1.878000000000013461e+04,9.772393496765385823e-01,7.298334527829587253e-17,3.636453018855769038e+08,2.597485284532370418e+07
1.879000000000013824e+04,9.768553893787556008e-01,7.289247432293276226e-17,3.638903553132293820e+08,2.598635033774417639e+07
1.880000000000013824e+04,9.764634979688192606e-01,7.280281497649840943e-17,3.641356151937147975e+08,2.599781674544854835e+07
1.881000000000014188e+04,9.760634826397588393e-01,7.271439600475934037e-17,3.643810817324260473e+08,2.600925306891784072e+07
1.882000000000014188e+04,9.756551440717680101e-01,7.262724710106513823e-17,3.646267550942972898e+08,2.602066035182509571e+07
1.883000000000014552e+04,9.752382761316373827e-01,7.254139892760007514e-17,3.648726354017260671e+08,2.603203968388029188e+07
1.884000000000014552e+04,9.748126655514132155e-01,7.245688316045983228e-17,3.651187227323913574e+08,2.604339220193010941e+07
1.885000000000014552e+04,9.743780915907520601e-01,7.237373253677222017e-17,3.653650171169617772e+08,2.605471908995067328e+07
1.886000000000014916e+04,9.739343256792163395e-01,7.229198090461014610e-17,3.656115185366882086e+08,2.606602158135944605e+07
1.887000000000014916e+04,9.734811310348427948e-01,7.221166327625610642e-17,3.658582269208742380e+08,2.607730095975318924e+07
1.888000000000015280e+04,9.730182622686466276e-01,7.213281588376216550e-17,3.661051421442167163e+08,2.608855856144481152e+07
1.889000000000015280e+04,9.725454649537531582e-01,7.205547623806703167e-17,3.663522640240106583e+08,2.609979577484894544e+07
1.890000000000015643e+04,9.720624751805451158e-01,7.197968319343777180e-17,3.665995923172092438e+08,2.611101404344971478e+07
1.891000000000015643e+04,9.715690190786254732e-01,7.190547701327915182e-17,3.668471267173294425e+08,2.612221486686765030e+07
1.892000000000015643e+04,9.710648123105737328e-01,7.183289944209167956e-17,3.670948668511961699e+08,2.613339980214133114e+07
1.893000000000016007e+04,9.705495595392094055e-01,7.176199378085149211e-17,3.673428122755144238e+08,2.614457046518573537e+07
1.894000000000016007e+04,9.700229538570523946e-01,7.169280496881141058e-17,3.675909624732577205e+08,2.615572853257742152e+07
1.895000000000016371e+04,9.694846761862613294e-01,7.162537966849956868e-17,3.678393168498631120e+08,2.616687574322802201e+07
1.896000000000016371e+04,9.689343946358863757e-01,7.155976635747502938e-17,3.680878747292214632e+08,2.617801390003658459e+07
1.897000000000016735e+04,9.683717638249699222e-01,7.149601542785714499e-17,3.683366353494465947e+08,2.618914487131569535e+07
1.898000000000016735e+04,9.677964241612214691e-01,7.143417928888427883e-17,3.685855978584119081e+08,2.620027059299358726e+07
1.899000000000016735e+04,9.672080010732360122e-01,7.137431248075267073e-17,3.688347613090419173e+08,2.621139307044235989e+07
1.900000000000017099e+04,9.666061041956521827e-01,7.131647179290688170e-17,3.690841246543355584e+08,2.622251438003844395e+07
1.901000000000017099e+04,9.659903265053757515e-01,7.126071639314873858e-17,3.693336867421113253e+08,2.623363667116755247e+07
1.902000000000017462e+04,9.653602433991737009e-01,7.120710796476855047e-17,3.695834463094508648e+08,2.624476216874497384e+07
1.903000000000017462e+04,9.647154117137353158e-01,7.115571085478444806e-17,3.698334019768229127e+08,2.625589317458740994e+07
1.904000000000017826e+04,9.640553686860937610e-01,7.110659223113085687e-17,3.700835522418646216e+08,2.626703207020150125e+07
1.905000000000017826e+04,9.633796308440270018e-01,7.105982225406491883e-17,3.703338954727971554e+08,2.627818131780773401e+07
1.906000000000017826e+04,9.626876928258389921e-01,7.101547425953707409e-17,3.705844299014496803e+08,2.628934346441396326e+07
1.907000000000018190e+04,9.619790261283355237e-01,7.097362495561059781e-17,3.708351536158649325e+08,2.630052114137405902e+07
1.908000000000018190e+04,9.612530777712284813e-01,7.093435463647317896e-17,3.710860645524535775e+08,2.631171706852319092e+07
1.909000000000018554e+04,9.605092688769707454e-01,7.089774741159650196e-17,3.713371604876697659e+08,2.632293405567793921e+07
1.910000000000018554e+04,9.597469931609350358e-01,7.086389145352175875e-17,3.715884390291671753e+08,2.633417500372232497e+07
1.911000000000018917e+04,9.589656153287970941e-01,7.083287926789585788e-17,3.718398976064020395e+08,2.634544290682163090e+07
1.912000000000018917e+04,9.581644693700943627e-01,7.080480798214821955e-17,3.720915334606348276e+08,2.635674085449256375e+07
1.913000000000018917e+04,9.573428567507851206e-01,7.077977966109853003e-17,3.723433436342943907e+08,2.636807203163145110e+07
1.914000000000019281e+04,9.565000444929554480e-01,7.075790164870817239e-17,3.725953249596452117e+08,2.637943971937314793e+07
1.915000000000019281e+04,9.556352631442196488e-01,7.073928693825118481e-17,3.728474740467138290e+08,2.639084729592697322e+07
1.916000000000019645e+04,9.547477046293203484e-01,7.072405457555662231e-17,3.730997872704026103e+08,2.640229823389644548e+07
1.917000000000019645e+04,9.538365199854978993e-01,7.071233009738339352e-17,3.733522607567464709e+08,2.641379610022643209e+07
1.918000000000020009e+04,9.529008169740823542e-01,7.070424600811160011e-17,3.736048903682197332e+08,2.642534455173524842e+07
1.919000000000020009e+04,9.519396575836478469e-01,7.069994230017101182e-17,3.738576716880412698e+08,2.643694733096919954e+07
1.920000000000020009e+04,9.509520554129260450e-01,7.069956702072710001e-17,3.741106000033720732e+08,2.644860825773077831e+07
1.921000000000020373e+04,9.499369729579002497e-01,7.070327689025565458e-17,3.743636702873398066e+08,2.646033122041011602e+07
1.922000000000020373e+04,9.488933188059855972e-01,7.071123797935366435e-17,3.746168771797680259e+08,2.647212016249326617e+07
1.923000000000020736e+04,9.478199447664004129e-01,7.072362644601186217e-17,3.748702149665308595e+08,2.648397906400992349e+07
1.924000000000020736e+04,9.467156429605974033e-01,7.074062934278782813e-17,3.751236775573880672e+08,2.649591191925503314e+07
1.925000000000021100e+04,9.455791429216238164e-01,7.076244550041373638e-17,3.753772584622172713e+08,2.650792270779113099e+07
1.926000000000021100e+04,9.444091087513446503e-01,7.078928649097436905e-17,3.756309507654626966e+08,2.652001535452723131e+07
1.927000000000021100e+04,9.432041364187576660e-01,7.082137768373134619e-17,3.758847470987107754e+08,2.653219368309579045e+07
1.928000000000021464e+04,9.419627512956566529e-01,7.085895939686035547e-17,3.761386396111953259e+08,2.654446135263125971e+07
1.929000000000021464e+04,9.406834060638625816e-01,7.090228815563485669e-17,3.763926199381094575e+08,2.655682178144657239e+07
1.930000000000021828e+04,9.393644791611960310e-01,7.095163806349033360e-17,3.766466791665324569e+08,2.656927804757406190e+07
1.931000000000021828e+04,9.380042739965008813e-01,7.100730229396640497e-17,3.769008077988267541e+08,2.658183276591240615e+07
1.932000000000022192e+04,9.366010192094316178e-01,7.106959470875361441e-17,3.771549957133079171e+08,2.659448793275862560e+07
1.933000000000022192e+04,9.351528703433447109e-01,7.113885160820391920e-17,3.774092321220607162e+08,2.660724472947310656e+07
1.934000000000022192e+04,9.336579133962499277e-01,7.121543361276292622e-17,3.776635055257020593e+08,2.662010327946936339e+07
1.935000000000022555e+04,9.321141708317669528e-01,7.129972767440875926e-17,3.779178036650157571e+08,2.663306233815046027e+07
1.936000000000022555e+04,9.305196107898744406e-01,7.139214920591445162e-17,3.781721134693279862e+08,2.664611890895211324e+07
1.937000000000022919e+04,9.288721604184009273e-01,7.149314431061089750e-17,3.784264210016241670e+08,2.665926775896310806e+07
1.938000000000022919e+04,9.271697244617749245e-01,7.160319207415550326e-17,3.786807114004558921e+08,2.667250081194273755e+07
1.939000000000023283e+04,9.254102105175826543e-01,7.172280687232090251e-17,3.789349688188296556e+08,2.668580639106127247e+07
1.940000000000023283e+04,9.235915626535544654e-01,7.185254060417165387e-17,3.791891763604739904e+08,2.669916826948663592e+07
1.941000000000023283e+04,9.217118054226545176e-01,7.199298474673045489e-17,3.794433160140435100e+08,2.671256448925527558e+07
1.942000000000023647e+04,9.197691006604746811e-01,7.214477205788108478e-17,3.796973685862932205e+08,2.672596589207177609e+07
1.943000000000023647e+04,9.177618197778651954e-01,7.230857770427370254e-17,3.799513136355365515e+08,2.673933430452895537e+07
1.944000000000024011e+04,9.156886345262744697e-01,7.248511950457458136e-17,3.802051294074823260e+08,2.675262031105704233e+07
1.945000000000024011e+04,9.135486293137045077e-01,7.267515687967463092e-17,3.804587927760750651e+08,2.676576054840935022e+07
1.946000000000024374e+04,9.113414379348546701e-01,7.287948796795134634e-17,3.807122791932197809e+08,2.677867446344000101e+07
1.947000000000024374e+04,9.090674068611759306e-01,7.309894423237579707e-17,3.809655626521157622e+08,2.679126050003659353e+07
1.948000000000024738e+04,9.067277857513806882e-01,7.333438171751889663e-17,3.812186156708405018e+08,2.680339173391678184e+07
1.949000000000024738e+04,9.043249432269175880e-01,7.358666797011866090e-17,3.814714093038027883e+08,2.681491105899512395e+07
1.950000000000024738e+04,9.018626018900545160e-01,7.385666352112182254e-17,3.817239131913318634e+08,2.682562617289349437e+07
1.951000000000025102e+04,8.993460807745099483e-01,7.414519681690892031e-17,3.819760956584203243e+08,2.683530481290263310e+07
1.952000000000025102e+04,8.967825258530304211e-01,7.445303164026688507e-17,3.822279238759148121e+08,2.684367096997326240e+07
1.953000000000025466e+04,8.941811004893678305e-01,7.478082650090484405e-17,3.824793640971899629e+08,2.685040313161045685e+07
1.954000000000025466e+04,8.915530990925933930e-01,7.512908630344073308e-17,3.827303819828551412e+08,2.685513592233787850e+07
1.955000000000025830e+04,8.889119412686512511e-01,7.549810788776349544e-17,3.829809430222994089e+08,2.685746672801981494e+07
1.956000000000025830e+04,8.862730039407809013e-01,7.588792277983493721e-17,3.832310130547121167e+08,2.685696882969799638e+07
1.957000000000025830e+04,8.836532589708596674e-01,7.629824249468809241e-17,3.834805588824182749e+08,2.685321207176985219e+07
1.958000000000026193e+04,8.810707063091640645e-01,7.672841356210668734e-17,3.837295489559767842e+08,2.684579100720292330e+07
1.959000000000026193e+04,8.785436265885051554e-01,7.717739046790660198e-17,3.839779540965211987e+08,2.683435882117921114e+07
1.960000000000026557e+04,8.760897162816505546e-01,7.764373418795767354e-17,3.842257482061258554e+08,2.681866342069220915e+07
1.961000000000026557e+04,8.737252022043258126e-01,7.812564147066153598e-17,3.844729089095097780e+08,2.679858045565425605e+07
1.962000000000026921e+04,8.714640479842955534e-01,7.862100560407672169e-17,3.847194180676251650e+08,2.677413737738234922e+07
1.963000000000026921e+04,8.693173550660975302e-01,7.912750396869983752e-17,3.849652621151838899e+08,2.674552347900589928e+07
1.964000000000026921e+04,8.672930258236466461e-01,7.964270269992764312e-17,3.852104321907098293e+08,2.671308320365254581e+07
1.965000000000027285e+04,8.653957067754740606e-01,8.016416577573461177e-17,3.854549240544850230e+08,2.667729327434058487e+07
1.966000000000027285e+04,8.636269812791371736e-01,8.068955571199115986e-17,3.856987378129346967e+08,2.663872737052314356e+07
1.967000000000027649e+04,8.619857467771885329e-01,8.121671564366127245e-17,3.859418774896007776e+08,2.659801417104327306e+07
1.968000000000027649e+04,8.604686980000888497e-01,8.174372689911973527e-17,3.861843504932310581e+08,2.655579508319316059e+07
1.969000000000028012e+04,8.590708426414801480e-01,8.226894082563811560e-17,3.864261670357802510e+08,2.651268698282730952e+07
1.970000000000028012e+04,8.577859930898827923e-01,8.279098741921989633e-17,3.866673395476309657e+08,2.646925339188377932e+07
1.971000000000028012e+04,8.566071988805801229e-01,8.330876563292234984e-17,3.869078821259077787e+08,2.642598540913893655e+07
1.972000000000028376e+04,8.555271037061948913e-01,8.382142106534552462e-17,3.871478100404946208e+08,2.638329198574601859e+07
1.973000000000028376e+04,8.545382250434780946e-01,8.432831639550852632e-17,3.873871393097459078e+08,2.634149801386338472e+07
1.974000000000028740e+04,8.536331631595936997e-01,8.482899895911743412e-17,3.876258863500265479e+08,2.630084821850866452e+07
1.975000000000028740e+04,8.528047503963842590e-01,8.532316863959188600e-17,3.878640676954483390e+08,2.626151483884717152e+07
1.976000000000029104e+04,8.520461525621914056e-01,8.581064810867784143e-17,3.881016997815569043e+08,2.622360736291854829e+07
1.977000000000029104e+04,8.513509333806359436e-01,8.629135650738163061e-17,3.883387987834391594e+08,2.618718297815636173e+07
1.978000000000029104e+04,8.507130912267059086e-01,8.676528698223749350e-17,3.885753804999017119e+08,2.615225680708828941e+07
1.979000000000029468e+04,8.501270754960095211e-01,8.723248803926983623e-17,3.888114602738034725e+08,2.611881133849225938e+07
1.980000000000029468e+04,8.495877882262412584e-01,8.769304842198329772e-17,3.890470529421889782e+08,2.608680473770369589e+07
1.981000000000029831e+04,8.490905751917532385e-01,8.814708507944298425e-17,3.892821728076453805e+08,2.605617792021356896e+07
1.982000000000029831e+04,8.486312095907001529e-01,8.859473376604105416e-17,3.895168336273493171e+08,2.602686038056642190e+07
1.983000000000030195e+04,8.482058706700290607e-01,8.903614181658967455e-17,3.897510486136806607e+08,2.599877487635768205e+07
1.984000000000030195e+04,8.478111190296500066e-01,8.947146268594612427e-17,3.899848304434852004e+08,2.597184108031852916e+07
1.985000000000030195e+04,8.474438699628443761e-01,8.990085189852385527e-17,3.902181912741317749e+08,2.594597834894889221e+07
1.986000000000030559e+04,8.471013658579387151e-01,9.032446410472539840e-17,3.904511427623754740e+08,2.592110775021313131e+07
1.987000000000030559e+04,8.467811484806997413e-01,9.074245100111476525e-17,3.906836960866702795e+08,2.589715348852912337e+07
1.988000000000030923e+04,8.464810317556951125e-01,9.115495990809504848e-17,3.909158619698202014e+08,2.587404384610852599e+07
1.989000000000030923e+04,8.461990755167572154e-01,9.156213285338028907e-17,3.911476507025744915e+08,2.585171174588940665e+07
1.990000000000031287e+04,8.459335605792425161e-01,9.196410602939869107e-17,3.913790721666120291e+08,2.583009502963116392e+07
1.991000000000031287e+04,8.456829653616385611e-01,9.236100952747664573e-17,3.916101358572075367e+08,2.580913652158261091e+07
1.992000000000031287e+04,8.454459442152966187e-01,9.275296727607452187e-17,3.918408509047431350e+08,2.578878393967603892e+07
1.993000000000031650e+04,8.452213075222908545e-01,9.314009711960198073e-17,3.920712260954477787e+08,2.576898970021621510e+07
1.994000000000031650e+04,8.450080035786450283e-01,9.352251099836262121e-17,3.923012698907414079e+08,2.574971065503344312e+07
1.995000000000032014e+04,8.448051022274879474e-01,9.390031519096485933e-17,3.925309904459198117e+08,2.573090778723979741e+07
1.996000000000032014e+04,8.446117801617426535e-01,9.427361060789220007e-17,3.927603956312677264e+08,2.571254588459026814e+07
1.997000000000032378e+04,8.444273077766475399e-01,9.464249318151375154e-17,3.929894931033214331e+08,2.569459318324638531e+07
1.998000000000032378e+04,8.442510395965041603e-01,9.500705004993573669e-17,3.932182877065326571e+08,2.567702250046548992e+07
1.999000000000032378e+04,8.440823979381466557e-01,9.536737169293730215e-17,3.934467888865748644e+08,2.565980680046046153e+07
2.000000177788345536e+04,8.439208383083054432e-01,9.572361114121118382e-17,3.936750489385374188e+08,2.564291724294470251e+07
2.001001066856345278e+04,8.437658291931596777e-01,9.607602383943096807e-17,3.939031909807114601e+08,2.562632710000053048e+07
2.002003378989547491e+04,8.436168711280258581e-01,9.642491925445195744e-17,3.941313804814936519e+08,2.561000796443023905e+07
2.003007826985485008e+04,8.434735177517320714e-01,9.677060049629937265e-17,3.943597870353915691e+08,2.559393126080282405e+07
2.004015125160617026e+04,8.433353738653859288e-01,9.711335371975111815e-17,3.945885771515026689e+08,2.557807203738701716e+07
2.005025989858316098e+04,8.432020873027691321e-01,9.745345292460414113e-17,3.948179170208520293e+08,2.556240725765577704e+07
2.006041139958299755e+04,8.430733437014253928e-01,9.779116052943818674e-17,3.950479726138072610e+08,2.554691560147892684e+07
2.007061297387862578e+04,8.429488620113348984e-01,9.812672795831996607e-17,3.952789098260714412e+08,2.553157727396271005e+07
2.008087187635278315e+04,8.428283906454426821e-01,9.846039617459209991e-17,3.955108946257940531e+08,2.551637383213455603e+07
2.009119540265732576e+04,8.427117041825711308e-01,9.879239616232455580e-17,3.957440932138853073e+08,2.550128802801922336e+07
2.010159089440156094e+04,8.425986005282312119e-01,9.912294935602123465e-17,3.959786723721108437e+08,2.548630356576378271e+07
2.011206574437324161e+04,8.424888984674342440e-01,9.945226804530624380e-17,3.962148024929139614e+08,2.547140343098183349e+07
2.012262740179599859e+04,8.423824355193461066e-01,9.978055556360102285e-17,3.964526395340230465e+08,2.545657959959488362e+07
2.013328337762684896e+04,8.422790661899884901e-01,1.001080069294013051e-16,3.966923600654053092e+08,2.544181411205125973e+07
2.014404124989766206e+04,8.421786603184173714e-01,1.004348089036232129e-16,3.969341416418529153e+08,2.542708967482450977e+07
2.015490866910428304e+04,8.420811016205798083e-01,1.007611400737496335e-16,3.971781427957322598e+08,2.541240043346272409e+07
2.016589336364722840e+04,8.419862865696861043e-01,1.010871713514778819e-16,3.974245385355163217e+08,2.539773285721153021e+07
2.017700314532773700e+04,8.418941232670729136e-01,1.014130660236383184e-16,3.976735020322638750e+08,2.538307562680244073e+07
2.018824591490318926e+04,8.418045305137118461e-01,1.017389799235572595e-16,3.979252076699576974e+08,2.536841801664654538e+07
2.019962966770572166e+04,8.417174369640656462e-01,1.020650615687147711e-16,3.981798314186050892e+08,2.535374972429253161e+07
2.021116249932816572e+04,8.416327803851173517e-01,1.023914522731596034e-16,3.984375509683099389e+08,2.533906083027904853e+07
2.022285261138123315e+04,8.415505069940023564e-01,1.027182862392598028e-16,3.986985458728442788e+08,2.532434176295841113e+07
2.023470831732612714e+04,8.414705708563633424e-01,1.030456906332359100e-16,3.989629976888614893e+08,2.530958326284942031e+07
2.024673804838668366e+04,8.413929333520416831e-01,1.033737856413360646e-16,3.992310901120848060e+08,2.529477635767560080e+07
2.025895035954527339e+04,8.413175626840647681e-01,1.037026845123562254e-16,3.995030091207610965e+08,2.527991233204035461e+07
2.027135393562668469e+04,8.412444334324925554e-01,1.040324935819541935e-16,3.997789431162143350e+08,2.526498270439471677e+07
2.028395759747438569e+04,8.411735261499274641e-01,1.043633122869616083e-16,4.000590830671707988e+08,2.524997920352967456e+07
2.029677030822349479e+04,8.411048269834129343e-01,1.046952331638040316e-16,4.003436226540938616e+08,2.523489374797193334e+07
2.030980117967491606e+04,8.410383273246506697e-01,1.050283418379104774e-16,4.006327584180680513e+08,2.521971842426269501e+07
2.032305947877527069e+04,8.409740234864548913e-01,1.053627170002380700e-16,4.009266899094033241e+08,2.520444546870257705e+07
2.033655463420707383e+04,8.409119163960212529e-01,1.056984303760144785e-16,4.012256198410675526e+08,2.518906724999412149e+07
2.035029624309399514e+04,8.408520113005868435e-01,1.060355466851396015e-16,4.015297542430055737e+08,2.517357624861711636e+07
2.036429407782588896e+04,8.407943174958359966e-01,1.063741235917789205e-16,4.018393026205675602e+08,2.515796504203327000e+07
2.037855809300844339e+04,8.407388480560958888e-01,1.067142116523927152e-16,4.021544781149747968e+08,2.514222628616410121e+07
2.039309843254243970e+04,8.406856195813651178e-01,1.070558542530832137e-16,4.024754976680089235e+08,2.512635270071412250e+07
2.040792543683763142e+04,8.406346519429350739e-01,1.073990875459157811e-16,4.028025821894344091e+08,2.511033705023812875e+07
2.042304965016632923e+04,8.405859680427814062e-01,1.077439403779621993e-16,4.031359567286608815e+08,2.509417212933565304e+07
2.043848182816203189e+04,8.405395935710221478e-01,1.080904342215539991e-16,4.034758506497763991e+08,2.507785074494254589e+07
2.045423294546830948e+04,8.404955567669714078e-01,1.084385830949854835e-16,4.038224978111717701e+08,2.506136570085530356e+07
2.047031420354345391e+04,8.404538881843159892e-01,1.087883934814613763e-16,4.041761367492051125e+08,2.504470977834609896e+07
2.048673703862644106e+04,8.404146204515059448e-01,1.091398642672289877e-16,4.045370108665223718e+08,2.502787572119495273e+07
2.050351312986985067e+04,8.403777880380980392e-01,1.094929866768382243e-16,4.049053686249507070e+08,2.501085621563083678e+07
2.052065440764552841e+04,8.403434270124489069e-01,1.098477442076054781e-16,4.052814637436559796e+08,2.499364387335782126e+07
2.053817306202890177e+04,8.403115748019925890e-01,1.102041125661287874e-16,4.056655554020923376e+08,2.497623121169935167e+07
2.055608155146801437e+04,8.402822699495331449e-01,1.105620596080999073e-16,4.060579084488157630e+08,2.495861063368919492e+07
2.057439261164336494e+04,8.402555518658381128e-01,1.109215452843092950e-16,4.064587936157019138e+08,2.494077440854030848e+07
2.059311926452494663e+04,8.402314605802507774e-01,1.112825215918994116e-16,4.068684877379726171e+08,2.492271464919650555e+07
2.061227482763285661e+04,8.402100364824693912e-01,1.116449325321797565e-16,4.072872739810966849e+08,2.490442329071480781e+07
2.063187292350809003e+04,8.401913200667892045e-01,1.120087140801599624e-16,4.077154420728317499e+08,2.488589206698327139e+07
2.065192748940027013e+04,8.401753516672532118e-01,1.123737941660723556e-16,4.081532885432724357e+08,2.486711248658709228e+07
2.067245278717913607e+04,8.401621711889988298e-01,1.127400926759352763e-16,4.086011169706011415e+08,2.484807580735122412e+07
2.069346341347696216e+04,8.401518178389106861e-01,1.131075214556925529e-16,4.090592382347332239e+08,2.482877301045514643e+07
2.071497431006896295e+04,8.401443298459230213e-01,1.134759843381871700e-16,4.095279707780038118e+08,2.480919477209727839e+07
2.073700077449920718e+04,8.401397441827211932e-01,1.138453771881559232e-16,4.100076408736285567e+08,2.478933143650524318e+07
2.075955847095950594e+04,8.401380962805684582e-01,1.142155879607727829e-16,4.104985829020181298e+08,2.476917298307273909e+07
2.078266344142904927e+04,8.401394197414651099e-01,1.145864967770580562e-16,4.110011396350565553e+08,2.474870899759677798e+07
2.080633211708273302e+04,8.401437460485288167e-01,1.149579760294125437e-16,4.115156625290969610e+08,2.472792863858819380e+07
2.083058132997621215e+04,8.401511042722349387e-01,1.153298905150000644e-16,4.120425120261885524e+08,2.470682060335220769e+07
2.085542832501609519e+04,8.401615207741286451e-01,1.157020976075155820e-16,4.125820578644685745e+08,2.468537309141760692e+07
2.088089077222371270e+04,8.401750189168961658e-01,1.160744474356755606e-16,4.131346793972761035e+08,2.466357377006502450e+07
2.090698677930119447e+04,8.401916187631066624e-01,1.164467830493089552e-16,4.137007659219400287e+08,2.464140973445599899e+07
2.093373490450884492e+04,8.402113367836219204e-01,1.168189406105288757e-16,4.142807170179009438e+08,2.461886746748555452e+07
2.096115416986288983e+04,8.402341855645226731e-01,1.171907496257473770e-16,4.148749428949981332e+08,2.459593279968684539e+07
2.098926407466304954e+04,8.402601735187440468e-01,1.175620332138691105e-16,4.154838647515042424e+08,2.457259086578333378e+07
2.101808460935954281e+04,8.402893045991985943e-01,1.179326084098453214e-16,4.161079151426656246e+08,2.454882606028885394e+07
2.104763626976934029e+04,8.403215780239288168e-01,1.183022865004400680e-16,4.167475383593844771e+08,2.452462199277646467e+07
2.107794007165185030e+04,8.403569879998622483e-01,1.186708733893732519e-16,4.174031908177336454e+08,2.449996144002829120e+07
2.110901756565432152e+04,8.403955234635491767e-01,1.190381699948884197e-16,4.180753414589912295e+08,2.447482629789296538e+07
2.114089085263769084e+04,8.404371678277618996e-01,1.194039726762546273e-16,4.187644721607496738e+08,2.444919753200221434e+07
2.117358259939363779e+04,8.404818987427367105e-01,1.197680736848616334e-16,4.194710781588550210e+08,2.442305512727418914e+07
2.120711605476418481e+04,8.405296878673899075e-01,1.201302616434178697e-16,4.201956684806681275e+08,2.439637803499249741e+07
2.124151506617517589e+04,8.405805006643282118e-01,1.204903220501848831e-16,4.209387663893858194e+08,2.436914412128145248e+07
2.127680409659543511e+04,8.406342962057954393e-01,1.208480378171661514e-16,4.217009098397929072e+08,2.434133011294013634e+07
2.131300824193371227e+04,8.406910270005222285e-01,1.212031898371230949e-16,4.224826519451583028e+08,2.431291154215962440e+07
2.135015324888570103e+04,8.407506388505103789e-01,1.215555575680453010e-16,4.232845614555949569e+08,2.428386269359659031e+07
2.138826553324388806e+04,8.408130707230512257e-01,1.219049196102206668e-16,4.241072232476064563e+08,2.425415654728525132e+07
2.142737219868323882e+04,8.408782546562565408e-01,1.222510542776537725e-16,4.249512388251789808e+08,2.422376472358923033e+07
2.146750105603606062e+04,8.409461156896473888e-01,1.225937401953309367e-16,4.258172268321258426e+08,2.419265742856298760e+07
2.150868064306975066e+04,8.410165718345634644e-01,1.229327569355422438e-16,4.267058235756736994e+08,2.416080339713955671e+07
2.155094024478155916e+04,8.410895340695183631e-01,1.232678856747169137e-16,4.276176835610437393e+08,2.412816983903131634e+07
2.159430991422466104e+04,8.411649063797522752e-01,1.235989098527943157e-16,4.285534800366775393e+08,2.409472238514174521e+07
2.163882049388052474e+04,8.412425858359601216e-01,1.239256158255224761e-16,4.295139055501218438e+08,2.406042503439903259e+07
2.168450363759262109e+04,8.413224627118915944e-01,1.242477935074844119e-16,4.304996725141416788e+08,2.402524010135041922e+07
2.173139183307716303e+04,8.414044206528885628e-01,1.245652369910457685e-16,4.315115137828878164e+08,2.398912816772783548e+07
2.177951842502685031e+04,8.414883368850527567e-01,1.248777451435554596e-16,4.325501832378588319e+08,2.395204803510995582e+07
2.182891763882405940e+04,8.415740824826275501e-01,1.251851221677182376e-16,4.336164563832356334e+08,2.391395667814678699e+07
2.187962460488032957e+04,8.416615226873330746e-01,1.254871781192409793e-16,4.347111309503710866e+08,2.387480920394902304e+07
2.193167538361947300e+04,8.417505172777595135e-01,1.257837293767998984e-16,4.358350275109968781e+08,2.383455881170489639e+07
2.198510699112205839e+04,8.418409210049584424e-01,1.260745990500941572e-16,4.369889900988274813e+08,2.379315675793071091e+07
2.203995742544952373e+04,8.419325840852973641e-01,1.263596173175312376e-16,4.381738868391828537e+08,2.375055232345075533e+07
2.209626569366661352e+04,8.420253527612779898e-01,1.266386216808510509e-16,4.393906105863175392e+08,2.370669278692488372e+07
2.215407183958138921e+04,8.421190699210336916e-01,1.269114571198805780e-16,4.406400795680928826e+08,2.366152340049663559e+07
2.221341697222250514e+04,8.422135757950358625e-01,1.271779761247905893e-16,4.419232380378677845e+08,2.361498737198649719e+07
2.227434329507402799e+04,8.423087087131451156e-01,1.274380385913455659e-16,4.432410569333894253e+08,2.356702585030853376e+07
2.233689413608859468e+04,8.424043059452184234e-01,1.276915115543500898e-16,4.445945345427647233e+08,2.351757791803495586e+07
2.240111397850020512e+04,8.425002046038332360e-01,1.279382687525197257e-16,4.459846971776305437e+08,2.346658058574551716e+07
2.246704849245863443e+04,8.425962426276707440e-01,1.281781900168153834e-16,4.474125998537248373e+08,2.341396879418492690e+07
2.253474456750790341e+04,8.426922598386644703e-01,1.284111604853173246e-16,4.488793269792521596e+08,2.335967542034069449e+07
2.260425034593193777e+04,8.427880990648217718e-01,1.286370696533128794e-16,4.503859930513727665e+08,2.330363128569150344e+07
2.267561525699109552e+04,8.428836073485929115e-01,1.288558102618135692e-16,4.519337433612606525e+08,2.324576517401665822e+07
2.274889005207395167e+04,8.429786372096144120e-01,1.290672770396661273e-16,4.535237547082353830e+08,2.318600384798929468e+07
2.282412684078933307e+04,8.430730479801392674e-01,1.292713653026612074e-16,4.551572361234369874e+08,2.312427207408703491e+07
2.290137912802420033e+04,8.431667071969526361e-01,1.294679694194928962e-16,4.568354296036828160e+08,2.306049264797689393e+07
2.298070185199384650e+04,8.432594920425415808e-01,1.296569811566871441e-16,4.585596108561236262e+08,2.299458642603266984e+07
2.306215142331138122e+04,8.433512908250346829e-01,1.298382879173604878e-16,4.603310900543780923e+08,2.292647235827302933e+07
2.314578576510432322e+04,8.434420045046893133e-01,1.300117708957475083e-16,4.621512126068487167e+08,2.285606752597181126e+07
2.323166435420682683e+04,8.435315482153293853e-01,1.301773031754641417e-16,4.640213599378538728e+08,2.278328718003923446e+07
2.331984826345680631e+04,8.436198528068737934e-01,1.303347478096271883e-16,4.659429502821077704e+08,2.270804478440733626e+07
2.341040020512809861e+04,8.437068663765914245e-01,1.304839559241712630e-16,4.679174394929180145e+08,2.263025206071881577e+07
2.350338457552850377e+04,8.437925557551766431e-01,1.306247649025819107e-16,4.699463218641499877e+08,2.254981903675041348e+07
2.359886750079542253e+04,8.438769079694539155e-01,1.307569966990563854e-16,4.720311309656988382e+08,2.246665409750650823e+07
2.369691688392166543e+04,8.439599316183469258e-01,1.308804563475615446e-16,4.741734404917765856e+08,2.238066404083560780e+07
2.379760245304491036e+04,8.440416581724845546e-01,1.309949307224300009e-16,4.763748651208293438e+08,2.229175413832941651e+07
2.390099581103506353e+04,8.441221431719810875e-01,1.311001876047791837e-16,4.786370613854530454e+08,2.219982820070533082e+07
2.400717048641489964e+04,8.442014672995773461e-01,1.311959751096919982e-16,4.809617285501816273e+08,2.210478865285895392e+07
2.411620198565009923e+04,8.442797373134335315e-01,1.312820215099389534e-16,4.833506094946314692e+08,2.200653661393321678e+07
2.422816784684592130e+04,8.443570868381313765e-01,1.313580354926333677e-16,4.858054915992055535e+08,2.190497199110195786e+07
2.434314769488866295e+04,8.444336769953083577e-01,1.314237068571922261e-16,4.883282076304573417e+08,2.179999358205720037e+07
2.446122329807118149e+04,8.445096968775701596e-01,1.314787076627521659e-16,4.909206366233633161e+08,2.169149918985922635e+07
2.458247862624266418e+04,8.445853638582990763e-01,1.315226938104317728e-16,4.935847047581330538e+08,2.157938575090806186e+07
2.470699991052406767e+04,8.446609237594481234e-01,1.315553070246161914e-16,4.963223862299893498e+08,2.146354947638820857e+07
2.483487570463165684e+04,8.447366508714491129e-01,1.315761772044966573e-16,4.991357041114397645e+08,2.134388600357254967e+07
2.496619694785226238e+04,8.448128478671744768e-01,1.315849250841501702e-16,5.020267312080451250e+08,2.122029055747025833e+07
2.510105702971506253e+04,8.448898456019826586e-01,1.315811651570062933e-16,5.049975909105425477e+08,2.109265812047130615e+07
2.523955185640584386e+04,8.449680028445141211e-01,1.315645088106841987e-16,5.080504580482689738e+08,2.096088360293279588e+07
2.538177991897099491e+04,8.450477059420820058e-01,1.315345676373289301e-16,5.111875597511240244e+08,2.082486201253681257e+07
2.552784236335974128e+04,8.451293684398688555e-01,1.314909568905808096e-16,5.144111763297063112e+08,2.068448861427514628e+07
2.567784306235440818e+04,8.452134306507754768e-01,1.314332990961729670e-16,5.177236421855422854e+08,2.053965907538349926e+07
2.583188868943988928e+04,8.453003591619007162e-01,1.313612278346290566e-16,5.211273467654014230e+08,2.039026958861329779e+07
2.599008879466485087e+04,8.453906462397486887e-01,1.312743917569138179e-16,5.246247355753847361e+08,2.023621696408218518e+07
2.615255588254858958e+04,8.454848090864298671e-01,1.311724589054226531e-16,5.282183112716535330e+08,2.007739868600275740e+07
2.631940549208900848e+04,8.455833888377148888e-01,1.310551214535051293e-16,5.319106348451645970e+08,1.991371293233469129e+07
2.649075627892852572e+04,8.456869492008383116e-01,1.309221009852916409e-16,5.357043269174662232e+08,1.974505854440930858e+07
2.666673009973644366e+04,8.457960745709541817e-01,1.307731544742447436e-16,5.396020691632963419e+08,1.957133496026035398e+07
2.684745209886769953e+04,8.459113674021520035e-01,1.306080811658994074e-16,5.436066058729103804e+08,1.939244210517454892e+07
2.703305079735969048e+04,8.460334445904104106e-01,1.304267307052731084e-16,5.477207456617021561e+08,1.920828025704414025e+07
2.722365818433041932e+04,8.461629323556176807e-01,1.302290132852634563e-16,5.519473633235877752e+08,1.901874990465141088e+07
2.741940981084298983e+04,8.463004585946968250e-01,1.300149143931799101e-16,5.562894017932494879e+08,1.882375166282590479e+07
2.762044488630318665e+04,8.464468572103400756e-01,1.297845268550323617e-16,5.607498740031481981e+08,1.862300617018757015e+07
2.782690637745869753e+04,8.466044867013966524e-01,1.295380895397005783e-16,5.653318641967577934e+08,1.841495669264976308e+07
2.803894111007037645e+04,8.467721091850788362e-01,1.292756555502035819e-16,5.700385328864096403e+08,1.820109267180087790e+07
2.825669987332785604e+04,8.469503645056920549e-01,1.289975105273925937e-16,5.748731213525431156e+08,1.798130847846183553e+07
2.848033752708379325e+04,8.471398411656905214e-01,1.287041106516209743e-16,5.798389524724916220e+08,1.775549761180788279e+07
2.871001311198292751e+04,8.473410679806527845e-01,1.283960777208738719e-16,5.849394328379553556e+08,1.752355299940029904e+07
2.894588996256437167e+04,8.475545037723646313e-01,1.280742095122028892e-16,5.901780550502053499e+08,1.728536735019534081e+07
2.918813582341749861e+04,8.477805258027355517e-01,1.277395029537491904e-16,5.955583997674179077e+08,1.704083371220026910e+07
2.943692296847403486e+04,8.480194167340684430e-01,1.273931972042426127e-16,6.010841362272791862e+08,1.678984668771324307e+07
2.969242832352126425e+04,8.482713519629719867e-01,1.270368558677508549e-16,6.067590095941885710e+08,1.653230815287854336e+07
2.995483359202332576e+04,8.485364017782921486e-01,1.266725501160041455e-16,6.125866676954069138e+08,1.626818621701513231e+07
3.022432538434027083e+04,8.488146888032634951e-01,1.260396079836618323e-16,6.185745499218026400e+08,1.599620044353525899e+07
3.050109535043660071e+04,8.491062326876834820e-01,1.253497312159663265e-16,6.247308583515702486e+08,1.571493290968963876e+07
3.078534031617376240e+04,8.494108497565663329e-01,1.246582837320473023e-16,6.310598206915712357e+08,1.542439630208171718e+07
3.107726242328351873e+04,8.497285001624431677e-01,1.239658269053007960e-16,6.375651794887074232e+08,1.512479499936885014e+07
3.137706927312167682e+04,8.500593595478528330e-01,1.232724505091019924e-16,6.442509015631045103e+08,1.481628131554724835e+07
3.168497407430448220e+04,8.504037396528738579e-01,1.225781476477287986e-16,6.511211321542145014e+08,1.449897629446254484e+07
3.200119579433260151e+04,8.507619825262399127e-01,1.218830293745057218e-16,6.581801984989275932e+08,1.417297715604360960e+07
3.232595931531060705e+04,8.511343735927749954e-01,1.211874137704060569e-16,6.654326109037584066e+08,1.383836619714289345e+07
3.265949559387257614e+04,8.515210888994030336e-01,1.204918291138216167e-16,6.728830610581330061e+08,1.349521997832892276e+07
3.300204182542768103e+04,8.519221752737714537e-01,1.197969685054293033e-16,6.805364199051657915e+08,1.314361784120773338e+07
3.335384161284245783e+04,8.523375547382157080e-01,1.191036250564255598e-16,6.883977365640666485e+08,1.278364967573679425e+07
3.371514513967979292e+04,8.527670431878925372e-01,1.184126268581396568e-16,6.964722389305568933e+08,1.241542344846863113e+07
3.408620934811775805e+04,8.532103749299506656e-01,1.177247822770885119e-16,7.047653359683746099e+08,1.203907324818968028e+07
3.446729812167490309e+04,8.536672273271785905e-01,1.170408396078352016e-16,7.132826213545554876e+08,1.165476867297186330e+07
3.485868247287184931e+04,8.541372423174531381e-01,1.163614609502685418e-16,7.220298780030394793e+08,1.126272633070590161e+07
3.526064073596274829e+04,8.546200434295798676e-01,1.156872079913057985e-16,7.310130829960736036e+08,1.086322410019788519e+07
3.567345876487356873e+04,8.551152482160866430e-01,1.150185365400022151e-16,7.402384125366998911e+08,1.045661865316144004e+07
3.609743013648807391e+04,8.556224766998778986e-01,1.143557967084898196e-16,7.497122466484159231e+08,1.004336651205563918e+07
3.653285635942594672e+04,8.561413567429236871e-01,1.136992361090425302e-16,7.594411734558503628e+08,9.624048638300796971e+06
3.698004708846165886e+04,8.566715273118757912e-01,1.130490039842569196e-16,7.694319929668955803e+08,9.199398078787904233e+06
3.743932034473642852e+04,8.572126406540410137e-01,1.124051546568964085e-16,7.796917203401166201e+08,8.770329564566770568e+06
3.791100274192002689e+04,8.577643643678807273e-01,1.117676490736247572e-16,7.902275886657567024e+08,8.337969040206692182e+06
3.839542971848314482e+04,8.583263843856563380e-01,1.111363534715005048e-16,8.010470513227416277e+08,7.903679949256985448e+06
3.889294577624552767e+04,8.588984098824291591e-01,1.105110345052577665e-16,8.121577840048897266e+08,7.469081810023413040e+06
3.940390472536958259e+04,8.594801810268568598e-01,1.098913506031007778e-16,8.235676865381351709e+08,7.036055448377518915e+06
3.992866993597365217e+04,8.600714802093659683e-01,1.092768399866659332e-16,8.352848846320478916e+08,6.606728661605413072e+06
4.046761459654378996e+04,8.606721467983200480e-01,1.086669066491387207e-16,8.473177317138957977e+08,6.183436708445233293e+06
4.102112197932803247e+04,8.612820947120412018e-01,1.080608065474766272e-16,8.596748109717091322e+08,5.768654369015148841e+06
4.158958571290165855e+04,8.619013310724277233e-01,1.074576370190104471e-16,8.723649376799361706e+08,5.364900630307748914e+06
4.217341006209746411e+04,8.625299735167590853e-01,1.068563326266214883e-16,8.853971618067427874e+08,4.974622750850684009e+06
4.277301021549999859e+04,8.631682633826469608e-01,1.062556699599011309e-16,8.987807708315616846e+08,4.600072096738298424e+06
4.338881258070826880e+04,8.638165725245143811e-01,1.056542823987884744e-16,9.125252926683220863e+08,4.243187804095481522e+06
4.402125508757688658e+04,8.644754026691268134e-01,1.050506838154543790e-16,9.266404986184068918e+08,3.905504258428337052e+06
4.467078749965135648e+04,8.651453778514397452e-01,1.044432982899108421e-16,9.411364063677619696e+08,3.588094306964103598e+06
4.533787173401879409e+04,8.658272318205867402e-01,1.038304918330390223e-16,9.560232831604111195e+08,3.291553148707905784e+06
4.602298218980186357e+04,8.665217930871385033e-01,1.032106021550867110e-16,9.713116493688976765e+08,3.016020325461146887e+06
4.672660608552919439e+04,8.672299702641146357e-01,1.025819635870385305e-16,9.870122826871494055e+08,2.761231432073997799e+06
4.744924380562242004e+04,8.679527395450393756e-01,1.019429258884937312e-16,1.003136223066956878e+09,2.526588287943660282e+06
4.819140925624624651e+04,8.686911351105010004e-01,1.012918673474077254e-16,1.019694778318624854e+09,2.311236412164586596e+06
4.895363023077441176e+04,8.694462419769959372e-01,1.006272038666641273e-16,1.036699530053087354e+09,2.114140748426008038e+06
4.973644878513171716e+04,8.702191898148444738e-01,9.994739642492301795e-17,1.054162339459748387e+09,1.934153587452591164e+06
5.054042162327885308e+04,8.710111450175752612e-01,9.925095941795866340e-17,1.072095352477236509e+09,1.770071530395040289e+06
5.136612049311419833e+04,8.718232969456755077e-01,9.853647196394168963e-17,1.090511004584346533e+09,1.620680592673812294e+06
5.221413259307422413e+04,8.726568320681761248e-01,9.780259340235058473e-17,1.109422027401569605e+09,1.484790065513059031e+06
5.308506098972159089e+04,8.735128866935029102e-01,9.704808289070051549e-17,1.128841463680877924e+09,1.361256469425971620e+06
5.397952504661785497e+04,8.743924680015973117e-01,9.627182084713302699e-17,1.148782705425440788e+09,1.248999063984221313e+06
5.489816086478589568e+04,8.752963416121941620e-01,9.547282602173609367e-17,1.169259582137361288e+09,1.147007957700354978e+06
5.584162173507523403e+04,8.762249173467366870e-01,9.465025525731430906e-17,1.190286538616414547e+09,1.054345146866511321e+06
5.681057860275193525e+04,8.771782349575337756e-01,9.380336539892746643e-17,1.211878941584827423e+09,9.701382997376744170e+05
5.780572054464353278e+04,8.781562278714674097e-01,9.293142066833712547e-17,1.234053524591260195e+09,8.935677836333576124e+05
5.882775525917821506e+04,8.791594140300349469e-01,9.203357194599303070e-17,1.256829003560814142e+09,8.238485105548877036e+05
5.987740956966692465e+04,8.801898799077777502e-01,9.110884593218882247e-17,1.280228323621150494e+09,7.601850842127533397e+05
6.095542994118606293e+04,8.802968221776856783e-01,9.100032388331504304e-17,1.304217676995111465e+09,7.498183959725976456e+05
6.206258301142858545e+04,8.802875514194798967e-01,9.100010047595694076e-17,1.328771175071599722e+09,7.472577273561242037e+05
6.319965613590088469e+04,8.802847501657129481e-01,9.100001086320341355e-17,1.353932659602892399e+09,7.455846894857154693e+05
6.436745794785323960e+04,8.802876630889959753e-01,9.099998754295996157e-17,1.379739584731452227e+09,7.444405747122701723e+05
6.556681893334191409e+04,8.802956631487957040e-01,9.099998774544360775e-17,1.406221747742228031e+09,7.436181676463217009e+05
6.679859202183214074e+04,8.803084272292180934e-01,9.099999244773820015e-17,1.433405241231926918e+09,7.429851881048106588e+05
6.806365319276149967e+04,8.803258357169272408e-01,9.099999606487385778e-17,1.461314122406269073e+09,7.424543787243522238e+05
6.936290209849576058e+04,8.803478582491139903e-01,9.099999807542382678e-17,1.489971343322834253e+09,7.419678123188042082e+05
7.069726270411940641e+04,8.803744894520435516e-01,9.099999906567126989e-17,1.519399314860779762e+09,7.414874606695879484e+05
7.206768394451652421e+04,8.804057227780133221e-01,9.099999953913052289e-17,1.549620277312665939e+09,7.409888662667896133e+05
7.347514039920884534e+04,8.804415421349143234e-01,9.099999977014768710e-17,1.580656557004434109e+09,7.404567284177502152e+05
7.492063298543120618e+04,8.804819201944001916e-01,9.099999988663104860e-17,1.612530747271137238e+09,7.398817994095549220e+05
7.640518966993711365e+04,8.805268187002012192e-01,9.099999994614241947e-17,1.645265836327317715e+09,7.392587758352888050e+05
7.792986620004054566e+04,8.805761892923047451e-01,9.099999997590921059e-17,1.678885297814325094e+09,7.385848702998907538e+05
7.949574685441418842e+04,8.806299744548593544e-01,9.099999999001904791e-17,1.713413155705101490e+09,7.378589014120006468e+05
8.110394521417768556e+04,8.806881087476741143e-01,9.099999999619820770e-17,1.748874032096129417e+09,7.370806902363013942e+05
8.275560495482449187e+04,8.807505196536882242e-01,9.099999999865184862e-17,1.785293183917661428e+09,7.362506788382484810e+05
8.445190065955040336e+04,8.808171288450794556e-01,9.099999999952499438e-17,1.822696532691490650e+09,7.353697042265892960e+05
8.619403865456223139e+04,8.808878530652122230e-01,9.099999999980693820e-17,1.861110690087480068e+09,7.344388376151613193e+05
8.798325786696063005e+04,8.809626050701331312e-01,9.099999999990160151e-17,1.900562981072387218e+09,7.334592948448309908e+05
8.982083070580706408e+04,8.810412945853649536e-01,9.099999999994236343e-17,1.941081465800151110e+09,7.324323912034506211e+05
9.170806396700174082e+04,8.811238289859032458e-01,9.099999999996628810e-17,1.982694960969137669e+09,7.313594835600563092e+05
9.364629976261567208e+04,8.812101140430617097e-01,9.099999999998493726e-17,2.025433061098646641e+09,7.302419618945817929e+05
9.563691647533810465e+04,8.813000543896740702e-01,9.099999999999423103e-17,2.069326160003621340e+09,7.290812288560818415e+05
9.768132973871784634e+04,8.813935540594158846e-01,9.100000000000698839e-17,2.114405472638640642e+09,7.278786902902093716e+05
9.978099344389564067e+04,8.814905168099163024e-01,9.100000000001034105e-17,2.160703057416725159e+09,7.266357470634392230e+05
1.019374007735435735e+05,8.815908463161821196e-01,9.100000000001274461e-17,2.208251839069458485e+09,7.253537991521396907e+05
1.041520852637468197e+05,8.816944465392113628e-01,9.100000000001281857e-17,2.257085632092408180e+09,7.240342181193893775e+05
1.064266218945828296e+05,8.818012214230097623e-01,9.100000000001576447e-17,2.307239164807562828e+09,7.226783845584060764e+05
1.087626282101734396e+05,8.819110752921908158e-01,9.100000000001258437e-17,2.358748104067752361e+09,7.212876485626040958e+05
1.111617654690067866e+05,8.820239125250528556e-01,9.100000000001122852e-17,2.411649080624899864e+09,7.198633605226387735e+05
1.136257398253465071e+05,8.821396375311478799e-01,9.100000000001098200e-17,2.465979715181593895e+09,7.184068631495868322e+05
1.161563035425690323e+05,8.822581544343055526e-01,9.100000000001127782e-17,2.521778645145553112e+09,7.169194821784641827e+05
1.187552562392913533e+05,8.823793669786668126e-01,9.100000000001214064e-17,2.579085552107390881e+09,7.154025410897226539e+05
1.214244461691756005e+05,8.825031782390405644e-01,9.100000000001270763e-17,2.637941190060333252e+09,7.138573710378765827e+05
1.241657715353206731e+05,8.826294900522178022e-01,9.100000000001328695e-17,2.698387414382728577e+09,7.122852974779739743e+05
1.269811818401755736e+05,8.827582032442751192e-01,9.100000000001687380e-17,2.760467211603497028e+09,7.106876577189018717e+05
1.298726792719344085e+05,8.828892168105155758e-01,9.100000000001763801e-17,2.824224729972252369e+09,7.090657963254952338e+05
1.328423201283990056e+05,8.830224275207215756e-01,9.100000000002414612e-17,2.889705310855453968e+09,7.074210781277524075e+05
1.358922162793217576e+05,8.831577301463902074e-01,9.100000000002731389e-17,2.956955520981138229e+09,7.057548714299720014e+05
1.390245366682687891e+05,8.832950166726865060e-01,9.100000000002947093e-17,3.026023185554901600e+09,7.040685941660456592e+05
1.422415088550710643e+05,8.834341760635973095e-01,9.100000000002836159e-17,3.096957422271023273e+09,7.023636642547436059e+05
1.455454205999609258e+05,8.835750939672546433e-01,9.100000000003310708e-17,3.169808676242660046e+09,7.006415382916735252e+05
1.489386214905201341e+05,8.837176526861392212e-01,9.100000000003600368e-17,3.244628755875828266e+09,6.989037106572639896e+05
1.524235246125968115e+05,8.838617306856161315e-01,9.100000000004039172e-17,3.321470869713406086e+09,6.971517059948183596e+05
1.560026082663792477e+05,8.840072023878812191e-01,9.100000000004814474e-17,3.400389664274463177e+09,6.953870723603594815e+05
1.596784177288470673e+05,8.841539383166104882e-01,9.100000000004971014e-17,3.481441262916320801e+09,6.936114238124864642e+05
1.634535670638533775e+05,8.843018048390277608e-01,9.100000000005922577e-17,3.564683305746761799e+09,6.918263847443512641e+05
1.673307409811246325e+05,8.844506639609375220e-01,9.100000000006201144e-17,3.650174990615230560e+09,6.900336264841152588e+05
1.713126967455007834e+05,8.846003737631207287e-01,9.100000000006919747e-17,3.737977115211447239e+09,6.882348770448077703e+05
1.754022661377730838e+05,8.847507883322820454e-01,9.100000000007383203e-17,3.828152120301830292e+09,6.864318614208407234e+05
1.796023574685142667e+05,8.849017574307727063e-01,9.100000000008386535e-17,3.920764134134235859e+09,6.846263706401233794e+05
1.839159576463330013e+05,8.850531274339381582e-01,9.100000000009490940e-17,4.015879018043271065e+09,6.828202135260113282e+05
1.883461343020236818e+05,8.852047413396209041e-01,9.100000000010578089e-17,4.113564413287616730e+09,6.810152431118497625e+05
1.928960379701220372e+05,8.853564386629859673e-01,9.100000000011952433e-17,4.213889789153254032e+09,6.792133015100379707e+05
1.975689043294180592e+05,8.855080565225712519e-01,9.100000000012895368e-17,4.316926492357415199e+09,6.774162911719860276e+05
2.023680565040194488e+05,8.856594294858503025e-01,9.100000000013918422e-17,4.422747797786924362e+09,6.756261085292270873e+05
2.072969074266021780e+05,8.858103904339045265e-01,9.100000000014713446e-17,4.531428960607259750e+09,6.738446497136714170e+05
2.123589622655285930e+05,8.859607709556500676e-01,9.100000000015753756e-17,4.643047269780991554e+09,6.720738253122153692e+05
2.175578209175593220e+05,8.861104019181801350e-01,9.100000000016849534e-17,4.757682103031157494e+09,6.703155454878408927e+05
2.228971805679315876e+05,8.862591138447988293e-01,9.100000000018147456e-17,4.875414983292009354e+09,6.685717110603465699e+05
2.283808383196245413e+05,8.864067381257512146e-01,9.100000000019804064e-17,4.996329636683464050e+09,6.668441776803480461e+05
2.340126938936812512e+05,8.865531065696339308e-01,9.100000000021110615e-17,5.120512052054039001e+09,6.651348181027787505e+05
2.397967524025081657e+05,8.866980531991803804e-01,9.100000000022939786e-17,5.248050542132175446e+09,6.634454448537912685e+05
2.457371271981237805e+05,8.868414137534514907e-01,9.100000000025091897e-17,5.379035806329760551e+09,6.617778500415676972e+05
2.518380427973822516e+05,8.869830272856165099e-01,9.100000000025276787e-17,5.513560995243568420e+09,6.601337718843927141e+05
2.581038378862523241e+05,8.871227355116616531e-01,9.100000000027260032e-17,5.651721776899238586e+09,6.585149132069835905e+05
2.645389684052880039e+05,8.872603844010669150e-01,9.100000000028093267e-17,5.793616404785489082e+09,6.569229198763440363e+05
2.711480107184851076e+05,8.873958239887311805e-01,9.100000000029250674e-17,5.939345787728932381e+09,6.553593608207405778e+05
2.779356648677774938e+05,8.875289081702621985e-01,9.100000000030326729e-17,6.089013561654531479e+09,6.538257953901628498e+05
2.849067579154870473e+05,8.876594960879153895e-01,9.100000000030098699e-17,6.242726163287161827e+09,6.523236728861606680e+05
2.920662473771048244e+05,8.877874515139032585e-01,9.100000000030056791e-17,6.400592905844373703e+09,6.508544151048776694e+05
2.994192247468443238e+05,8.879126428816772609e-01,9.100000000029907647e-17,6.562726056773871422e+09,6.494193425984286005e+05
3.069709191184741794e+05,8.880349436277925612e-01,9.100000000029391189e-17,6.729240917594017982e+09,6.480197830145212356e+05
3.147267009040049743e+05,8.881542314653123604e-01,9.100000000028074778e-17,6.900255905890343666e+09,6.466569317011769162e+05
3.226920856528755394e+05,8.882703885200105010e-01,9.100000000027548460e-17,7.075892639528294563e+09,6.453319915913022123e+05
3.308727379743537749e+05,8.883833005259611504e-01,9.100000000026334353e-17,7.256276023142784119e+09,6.440460770525145344e+05
3.392744755659417133e+05,8.884928567438377112e-01,9.100000000025472769e-17,7.441534336963678360e+09,6.428002891195868142e+05
3.479032733506503282e+05,8.885989487061054515e-01,9.100000000024542160e-17,7.631799328043752670e+09,6.415956962780997856e+05
3.567652677260853234e+05,8.887014698580256722e-01,9.100000000023270122e-17,7.827206303950428009e+09,6.404333291280815611e+05
3.658667609283661586e+05,8.888003145996878906e-01,9.100000000022841179e-17,8.027894228990289688e+09,6.393142256456281757e+05
3.752142255139820045e+05,8.888953771176439922e-01,9.100000000022143530e-17,8.234005823032981873e+09,6.382394029183627572e+05
3.848143089627712034e+05,8.889865499581692809e-01,9.100000000022233509e-17,8.445687663008216858e+09,6.372099089576428523e+05
3.946738384052979527e+05,8.890737232767043086e-01,9.100000000022271720e-17,8.663090287144231796e+09,6.362268267740977462e+05
4.047998254779888666e+05,8.891567832715254749e-01,9.100000000024178544e-17,8.886368302020597458e+09,6.352912639432947617e+05
4.151994713094806648e+05,8.892356098845280998e-01,9.100000000031852682e-17,9.115680492513271332e+09,6.344044208486854332e+05
4.258801716417263378e+05,8.893100763339277792e-01,9.100000000048569138e-17,9.351189934710878372e+09,6.335675602061745012e+05
4.368495220895011444e+05,8.893800459688350202e-01,9.100000000081940419e-17,9.593064111877834320e+09,6.327820585894299438e+05
4.481153235420485726e+05,8.894453707016332089e-01,9.100000000133003139e-17,9.841475033548812866e+09,6.320494388816148276e+05
4.596855877107083797e+05,8.895058887386340096e-01,9.100000000190031619e-17,1.009659935789109421e+10,6.313713630003548460e+05
4.715685428264708607e+05,8.895614206709734351e-01,9.100000000228799202e-17,1.035861851739534187e+10,6.307497070094071096e+05
4.837726394915103447e+05,8.896117672782903885e-01,9.100000000224550447e-17,1.062771884794991112e+10,6.301865619606818072e+05
4.963065566888581379e+05,8.896567036401277218e-01,9.100000000169157620e-17,1.090409172150447655e+10,6.296843337528083939e+05
5.091792079544899170e+05,8.896959725433626343e-01,9.100000000087633776e-17,1.118793368328790092e+10,6.292457250497980276e+05
5.223997477162153227e+05,8.897292748378715643e-01,9.100000000022518239e-17,1.147944660205249023e+10,6.288738025044465903e+05
5.359775778038795106e+05,8.897562473877078659e-01,9.099999999999289983e-17,1.177883670726615334e+10,6.285897497064099880e+05
5.499223541355048073e+05,8.897764317523719768e-01,9.099999999996920935e-17,1.208631898015330315e+10,6.283656582611413905e+05
5.642439935841283295e+05,8.897892029866016905e-01,9.100000000001721893e-17,1.240211778026563263e+10,6.281178132319605211e+05
5.789526810302182566e+05,8.897937140828203750e-01,9.100000000000256337e-17,1.272642937621919250e+10,6.283059277057541767e+05
