z_m,psi,kstar_m2,p_Pa,tau_Pa
0.000000000000000000e+00,8.143218047365410328e-01,8.484383270707204757e-16,1.396282270087740272e-02,6.951919666477522114e+05
1.000000000000000000e+01,8.144687409252402421e-01,8.484385090694671796e-16,1.084469913278880849e+05,6.951810881005065748e+05
2.000000000000000000e+01,8.146289980813388176e-01,8.484390351075529147e-16,2.169330654719159938e+05,6.951647904958450235e+05
3.000000000000000000e+01,8.148027016264178801e-01,8.484399070423322427e-16,3.254583430027607246e+05,6.951427560173415113e+05
4.000000000000000000e+01,8.149900653465012024e-01,8.484411334013365259e-16,4.340229525568559766e+05,6.951144661703129532e+05
5.000000000000000000e+01,8.151913736283948886e-01,8.484427229782678682e-16,5.426270229614884593e+05,6.950791188406216679e+05
6.000000000000000711e+01,8.154069331440210178e-01,8.484446965665052734e-16,6.512706824628445320e+05,6.950354541179623920e+05
7.000000000000000000e+01,8.156368925271457737e-01,8.484470884293128988e-16,7.599540592365396442e+05,6.949813070675117197e+05
8.000000000000000000e+01,8.158805170835845555e-01,8.484499862200807876e-16,8.686772810480066109e+05,6.949121580924874870e+05
9.000000000000000000e+01,8.161292247973768177e-01,8.484537829557690431e-16,9.774404721960689640e+05,6.997109887422519969e+05
9.999999999999998579e+01,8.164261213950563256e-01,8.484572784290172135e-16,1.086243762908526231e+06,7.772228297370292712e+05
1.099999999999999858e+02,8.167554638074503437e-01,8.484608186014246908e-16,1.195087289756955346e+06,8.546880354862271342e+05
1.199999999999999858e+02,8.171141788860363242e-01,8.484644681019217458e-16,1.303971186359774787e+06,9.321003606123939389e+05
1.299999999999999716e+02,8.175014316110802426e-01,8.484682463063927867e-16,1.412895586198911536e+06,1.009453388584365835e+06
1.399999999999999716e+02,8.179171203116266664e-01,8.484721629843698303e-16,1.521860622915284475e+06,1.086738855408907169e+06
1.500000000000000000e+02,8.183612540189115769e-01,8.484762243953789626e-16,1.630866430374567630e+06,1.163945195944347419e+06
1.600000000000000000e+02,8.188335384413433227e-01,8.484804430953706339e-16,1.739913142644140404e+06,1.241055718132782960e+06
1.700000000000000000e+02,8.193330254020976255e-01,8.484848382316607496e-16,1.849000893904835917e+06,1.318046116932251258e+06
1.800000000000000284e+02,8.198578031517308462e-01,8.484894420358656103e-16,1.958129818318566773e+06,1.394881055694421986e+06
1.900000000000000284e+02,8.204047253832739139e-01,8.484942994667511528e-16,2.067300049852552125e+06,1.471509346002059523e+06
2.000000000000000284e+02,8.209691696743887102e-01,8.484994733000676393e-16,2.176511722070552409e+06,1.547856860231792554e+06
2.100000000000000568e+02,8.215448024522400416e-01,8.485050444746440396e-16,2.285764967884031124e+06,1.623815466114714975e+06
2.200000000000000568e+02,8.221233162235938030e-01,8.485111176359327172e-16,2.395059919261098839e+06,1.699224568222771632e+06
2.300000000000000568e+02,8.226941003570731326e-01,8.485178243272986932e-16,2.504396706871781498e+06,1.773838023161079735e+06
2.400000000000000853e+02,8.232438171441183172e-01,8.485253309129774771e-16,2.613775459652637132e+06,1.847260200166902971e+06
2.500000000000000568e+02,8.237559242127697745e-01,8.485338452480934047e-16,2.723196304260242730e+06,1.918813471398748690e+06
2.600000000000000568e+02,8.242105337850508251e-01,8.485436200979286188e-16,2.832659364424666390e+06,1.987258250314689707e+06
2.700000000000000568e+02,8.245866433618909142e-01,8.485549205333700141e-16,2.942164760416557081e+06,2.050393976723608095e+06
2.800000000000000568e+02,8.248746134547317865e-01,8.485678409988868341e-16,3.051712609965996817e+06,2.106664023220933508e+06
2.900000000000001137e+02,8.250949191732599441e-01,8.485820333324998074e-16,3.161303032654877286e+06,2.159612339451529551e+06
3.000000000000001137e+02,8.252792276456206721e-01,8.485969944801530610e-16,3.270936154347259086e+06,2.213548759785458446e+06
3.100000000000001137e+02,8.254464524924227664e-01,8.486124201998196074e-16,3.380612106818294153e+06,2.269376330565278884e+06
3.200000000000001137e+02,8.256050620537084272e-01,8.486281661329302621e-16,3.490331025128003675e+06,2.326701757352544926e+06
3.300000000000001137e+02,8.257589143795097675e-01,8.486441586689513077e-16,3.600093046051422600e+06,2.385094439543904737e+06
3.400000000000001137e+02,8.259099326004476493e-01,8.486603542202354539e-16,3.709898307434723713e+06,2.444252487884253263e+06
3.500000000000001705e+02,8.260591594929986847e-01,8.486767230902531576e-16,3.819746947919637896e+06,2.503973076671222225e+06
3.600000000000001705e+02,8.262072002068210352e-01,8.486932427279750817e-16,3.929639106810972095e+06,2.564117510115364566e+06
3.700000000000001705e+02,8.263544254918047116e-01,8.487098945380998114e-16,4.039574924006639980e+06,2.624588243370695040e+06
3.800000000000001705e+02,8.265010726699527632e-01,8.487266623645210256e-16,4.149554539957707282e+06,2.685314713003612123e+06
3.900000000000001705e+02,8.266472992597915237e-01,8.487435315842179988e-16,4.259578095644054934e+06,2.746244561516908463e+06
4.000000000000001705e+02,8.267932130279049829e-01,8.487604886858551770e-16,4.369645732558681630e+06,2.807338053055517841e+06
4.100000000000001705e+02,8.269388896471403516e-01,8.487775209229975432e-16,4.479757592696973123e+06,2.868564435561353341e+06
4.200000000000002274e+02,8.270843834495775759e-01,8.487946161876493118e-16,4.589913818549108692e+06,2.929899493789325934e+06
4.300000000000002274e+02,8.272297342194705472e-01,8.488117628464498217e-16,4.700114553094292060e+06,2.991323861153379083e+06
4.400000000000002274e+02,8.273749715980196484e-01,8.488289497004917221e-16,4.810359939796326682e+06,3.052821841137826443e+06
4.500000000000002274e+02,8.275201180112811139e-01,8.488461659012610396e-16,4.920650122599949129e+06,3.114380553780258633e+06
4.600000000000002274e+02,8.276651906582281892e-01,8.488634009311895873e-16,5.030985245927823707e+06,3.175989310309410095e+06
4.700000000000002274e+02,8.278102029071667811e-01,8.488806445603656312e-16,5.141365454677912407e+06,3.237639150044265203e+06
4.800000000000002842e+02,8.279551652565108055e-01,8.488978868287929011e-16,5.251790894221195951e+06,3.299322491585853510e+06
4.900000000000002842e+02,8.281000860425795640e-01,8.489151180230268977e-16,5.362261710399649106e+06,3.361032861571915913e+06
5.000000000000002274e+02,8.282449719479688666e-01,8.489323286584568790e-16,5.472778049524441361e+06,3.422764685899379198e+06
5.100000000000002274e+02,8.283898283721167211e-01,8.489495094644137443e-16,5.583340058374307118e+06,3.484513132905384526e+06
5.200000000000002274e+02,8.285346597193701257e-01,8.489666513725708206e-16,5.693947884194114245e+06,3.546273976214776747e+06
5.300000000000002274e+02,8.286794696101809077e-01,8.489837455021534111e-16,5.804601674693517387e+06,3.608043493789931759e+06
5.400000000000002274e+02,8.288242610326105320e-01,8.490007831532563542e-16,5.915301578045750968e+06,3.669818392687093932e+06
5.500000000000002274e+02,8.289690364814954471e-01,8.490177557890407150e-16,6.026047742886555381e+06,3.731595725598119665e+06
5.600000000000002274e+02,8.291137980477243374e-01,8.490346550316861396e-16,6.136840318313228898e+06,3.793372853482251056e+06
5.700000000000002274e+02,8.292585474779623489e-01,8.490514726426218041e-16,6.247679453883820213e+06,3.855147381152263843e+06
5.800000000000003411e+02,8.294032862750962964e-01,8.490682005200336140e-16,6.358565299616457894e+06,3.916917138267524540e+06
5.900000000000003411e+02,8.295480157026347001e-01,8.490848306814690320e-16,6.469498005988776684e+06,3.978680134385281242e+06
6.000000000000003411e+02,8.296927368466754382e-01,8.491013552620643108e-16,6.580477723937482573e+06,4.040434534524321090e+06
6.100000000000003411e+02,8.298374506413602747e-01,8.491177665015274007e-16,6.691504604857987724e+06,4.102178642407200299e+06
6.200000000000003411e+02,8.299821578929216237e-01,8.491340567437294176e-16,6.802578800604132004e+06,4.163910876354370732e+06
6.300000000000003411e+02,8.301268592992074868e-01,8.491502184270881336e-16,6.913700463487939909e+06,4.225629751374814659e+06
6.400000000000003411e+02,8.302715554691106892e-01,8.491662440843596188e-16,7.024869746279448271e+06,4.287333874669913203e+06
6.500000000000003411e+02,8.304162469314119166e-01,8.491821263377350759e-16,7.136086802206531167e+06,4.349021918741001748e+06
6.600000000000003411e+02,8.305609341561915882e-01,8.491978579176048835e-16,7.247351784954638220e+06,4.410692626816698350e+06
6.700000000000003411e+02,8.307056175484293092e-01,8.492134316900446793e-16,7.358664848666100763e+06,4.472344792493674904e+06
6.800000000000003411e+02,8.308502974722009604e-01,8.492288406915933775e-16,7.470026147938920185e+06,4.533977253083387390e+06
6.900000000000003411e+02,8.309949742480168267e-01,8.492440781329130892e-16,7.581435837825161405e+06,4.595588895200830884e+06
7.000000000000004547e+02,8.311396481599486741e-01,8.492591373872519331e-16,7.692894073829420842e+06,4.657178624255494215e+06
7.100000000000004547e+02,8.312843194616453824e-01,8.492740119862900909e-16,7.804401011907390319e+06,4.718745384968690574e+06
7.200000000000004547e+02,8.314289883767905787e-01,8.492886956516511524e-16,7.915956808464141563e+06,4.780288144838016480e+06
7.300000000000004547e+02,8.315736551078147798e-01,8.493031823243275142e-16,8.027561620351839811e+06,4.841805877833366394e+06
7.400000000000004547e+02,8.317183198378569342e-01,8.493174661497128294e-16,8.139215604867251590e+06,4.903297588547517546e+06
7.500000000000004547e+02,8.318629827307015834e-01,8.493315414285649339e-16,8.250918919749796391e+06,4.964762281607197598e+06
7.600000000000004547e+02,8.320076439365743370e-01,8.493454026324035244e-16,8.362671723179856315e+06,5.026198977187342942e+06
7.700000000000004547e+02,8.321523035836979609e-01,8.493590444992150586e-16,8.474474173776092008e+06,5.087606691765201278e+06
7.800000000000004547e+02,8.322969617950144450e-01,8.493724621055554317e-16,8.586326430591177195e+06,5.148984452235106379e+06
7.900000000000004547e+02,8.324416186823396790e-01,8.493856507525283160e-16,8.698228653107594699e+06,5.210331280899601057e+06
8.000000000000004547e+02,8.325862743431753366e-01,8.493986055650616697e-16,8.810181001237826422e+06,5.271646192361412570e+06
8.100000000000004547e+02,8.327309288710535995e-01,8.494113212456853154e-16,8.922183635330306366e+06,5.332928201910248958e+06
8.200000000000004547e+02,8.328755823514943923e-01,8.494237923109766140e-16,9.034236716175574809e+06,5.394176311819738708e+06
8.300000000000005684e+02,8.330202348556203784e-01,8.494360134617619414e-16,9.146340405007099733e+06,5.455389509556706995e+06
8.400000000000005684e+02,8.331648864589564774e-01,8.494479798645556362e-16,9.258494863496532664e+06,5.516566774303841405e+06
8.500000000000005684e+02,8.333095372241748899e-01,8.494596873445026563e-16,9.370700253744894639e+06,5.577707061191283166e+06
8.600000000000005684e+02,8.334541872113899741e-01,8.494711325227638332e-16,9.482956738270876929e+06,5.638809307563931681e+06
8.700000000000005684e+02,8.335988364771571568e-01,8.494823129096492836e-16,9.595264479996968061e+06,5.699872424331328832e+06
8.800000000000005684e+02,8.337434850691165522e-01,8.494932269507916213e-16,9.707623642234141007e+06,5.760895291469217278e+06
8.900000000000005684e+02,8.338881330411751502e-01,8.495038740043253948e-16,9.820034388666002080e+06,5.821876765999014489e+06
9.000000000000005684e+02,8.340327804359687347e-01,8.495142541950600348e-16,9.932496883333910257e+06,5.882815654616416432e+06
9.100000000000005684e+02,8.341774272941071544e-01,8.495243679672501531e-16,1.004501129062656313e+07,5.943710721189687029e+06
9.200000000000005684e+02,8.343220736537374504e-01,8.495342149302851587e-16,1.015757777528317831e+07,6.004560670169389807e+06
9.300000000000005684e+02,8.344667195568624685e-01,8.495437924186110540e-16,1.027019650242033228e+07,6.065364136519239284e+06
9.400000000000005684e+02,8.346113650367552594e-01,8.495530953269621420e-16,1.038286763757400587e+07,6.126119662698397413e+06
9.500000000000005684e+02,8.347560101226288998e-01,8.495621170315424033e-16,1.049559134673495404e+07,6.186825664737075567e+06
9.600000000000006821e+02,8.349006548563887575e-01,8.495708502600924327e-16,1.060836779636818357e+07,6.247480414952127263e+06
9.700000000000006821e+02,8.350452992619190606e-01,8.495792876400576410e-16,1.072119715342016518e+07,6.308081947458096780e+06
9.800000000000006821e+02,8.351899433816603047e-01,8.495874220369791141e-16,1.083407958531859331e+07,6.368627970138795674e+06
9.900000000000006821e+02,8.353345872444825071e-01,8.495952467674396126e-16,1.094701525996724702e+07,6.429115599626217037e+06
1.000000000000000682e+03,8.354792308976789483e-01,8.496027557008372785e-16,1.106000434573796950e+07,6.489540807225121185e+06
1.010000000000000682e+03,8.356238737966570351e-01,8.496099429047842767e-16,1.117304701146649383e+07,6.549996450836922042e+06
1.020000000000000682e+03,8.357685165304032937e-01,8.496168053994998425e-16,1.128614342642378807e+07,6.610389178640743718e+06
1.030000000000000682e+03,8.359131590952251223e-01,8.496233403632558321e-16,1.139929376028751396e+07,6.670720161178059876e+06
1.040000000000000682e+03,8.360578014994332063e-01,8.496295458328067152e-16,1.151249818313476816e+07,6.730989702993672341e+06
1.050000000000000682e+03,8.362024437436568203e-01,8.496354208816608980e-16,1.162575686542474851e+07,6.791197694456934929e+06
1.060000000000000682e+03,8.363470858407714426e-01,8.496409657173783343e-16,1.173906997797880508e+07,6.851343822825366631e+06
1.070000000000000682e+03,8.364917277958388020e-01,8.496461817453616639e-16,1.185243769195871614e+07,6.911427654899440706e+06
1.080000000000000682e+03,8.366363696184335730e-01,8.496510716086981258e-16,1.196586017884369381e+07,6.971448688192771748e+06
1.090000000000000682e+03,8.367810113138396400e-01,8.496556392062863000e-16,1.207933761040642299e+07,7.031406375045299530e+06
1.100000000000000682e+03,8.369256528933757266e-01,8.496598896839898209e-16,1.219287015868861787e+07,7.091300157630035654e+06
1.110000000000000682e+03,8.370702943696917142e-01,8.496638294006879599e-16,1.230645799597657844e+07,7.151129465723789297e+06
1.120000000000000682e+03,8.372149357364734312e-01,8.496674658738082306e-16,1.242010129477716051e+07,7.210893739245601930e+06
1.130000000000000682e+03,8.373595770082962186e-01,8.496708077178500646e-16,1.253380022779440321e+07,7.270592438675773330e+06
1.140000000000000682e+03,8.375042181933806118e-01,8.496738645859999336e-16,1.264755496790693700e+07,7.330225054514435120e+06
1.150000000000000909e+03,8.376488592926486509e-01,8.496766471239871281e-16,1.276136568814597651e+07,7.389791113906078041e+06
1.160000000000000909e+03,8.377935003140060122e-01,8.496791669476355372e-16,1.287523256167366728e+07,7.449290194212768227e+06
1.170000000000000909e+03,8.379381412600468426e-01,8.496814366734081452e-16,1.298915576176098362e+07,7.508721928140062839e+06
1.180000000000000909e+03,8.380827821331900962e-01,8.496834700032578971e-16,1.310313546176420338e+07,7.568086017064022832e+06
1.190000000000000909e+03,8.382274229395603182e-01,8.496852818406829427e-16,1.321717183509912714e+07,7.627382245341727510e+06
1.200000000000000909e+03,8.383720636805296333e-01,8.496868884179814375e-16,1.333126505521246977e+07,7.686610480415489525e+06
1.210000000000000909e+03,8.385167043563992451e-01,8.496883074299796380e-16,1.344541529555038176e+07,7.745770695878773928e+06
1.220000000000000909e+03,8.386613449712013724e-01,8.496895581667496633e-16,1.355962272952390835e+07,7.804862967835165560e+06
1.230000000000000909e+03,8.388059855187351976e-01,8.496906616331661965e-16,1.367388753047140501e+07,7.863887489560367540e+06
1.240000000000000909e+03,8.389506260089414358e-01,8.496916405884608585e-16,1.378820987161859311e+07,7.922844547119332477e+06
1.250000000000000909e+03,8.390952664332348432e-01,8.496925193237625453e-16,1.390258992603938282e+07,7.981734487272246741e+06
1.260000000000000909e+03,8.392399067903579812e-01,8.496933227565496963e-16,1.401702786662609689e+07,8.040557646951688454e+06
1.270000000000000909e+03,8.393845470852039359e-01,8.496940742322694873e-16,1.413152386608949676e+07,8.099314255256415345e+06
1.280000000000000909e+03,8.395291873214509870e-01,8.496947924841787367e-16,1.424607809701205790e+07,8.158004335821418092e+06
1.290000000000000909e+03,8.396738274966231153e-01,8.496954902235093462e-16,1.436069073194814846e+07,8.216627622111319564e+06
1.300000000000000909e+03,8.398184676144866412e-01,8.496961752434231290e-16,1.447536194352838583e+07,8.275183569025367498e+06
1.310000000000000909e+03,8.399631076838596222e-01,8.496968522359144712e-16,1.459009190453481860e+07,8.333671371948308311e+06
1.320000000000000909e+03,8.401077477122056436e-01,8.496975241030293897e-16,1.470488078794543445e+07,8.392090026610825211e+06
1.330000000000000909e+03,8.402523876997969321e-01,8.496981927097112880e-16,1.481972876695912331e+07,8.450438373482761905e+06
1.340000000000000909e+03,8.403970276584545873e-01,8.496988592975059436e-16,1.493463601500974596e+07,8.508715141615262255e+06
1.350000000000000909e+03,8.405416675964230144e-01,8.496995247173558400e-16,1.504960270577419922e+07,8.566918969129007310e+06
1.360000000000000909e+03,8.406863075154109577e-01,8.497001895660550583e-16,1.516462901317703351e+07,8.625048409268122166e+06
1.370000000000000909e+03,8.408309474225557079e-01,8.497008542697835331e-16,1.527971511139305681e+07,8.683101950164170936e+06
1.380000000000000909e+03,8.409755873337555476e-01,8.497015191359910261e-16,1.539486117484860122e+07,8.741078016104249284e+06
1.390000000000000909e+03,8.411202272456173024e-01,8.497021843889338308e-16,1.551006737822199799e+07,8.798974952068591490e+06
1.400000000000000909e+03,8.412648671689784141e-01,8.497028501917209695e-16,1.562533389644343778e+07,8.856791050961868837e+06
1.410000000000001137e+03,8.414095071143585791e-01,8.497035166633263732e-16,1.574066090469453298e+07,8.914524528314793482e+06
1.420000000000001137e+03,8.415541470777299082e-01,8.497041838885582097e-16,1.585604857840750739e+07,8.972173525424871594e+06
1.430000000000001137e+03,8.416987870777590253e-01,8.497048519271921184e-16,1.597149709326429479e+07,9.029736120016997680e+06
1.440000000000001137e+03,8.418434271185307738e-01,8.497055208194206610e-16,1.608700662519541010e+07,9.087210298807384446e+06
1.450000000000001137e+03,8.419880672030118918e-01,8.497061905904135293e-16,1.620257735037873872e+07,9.144593971657285467e+06
1.460000000000001137e+03,8.421327073415695308e-01,8.497068612539704644e-16,1.631820944523818605e+07,9.201884963387593627e+06
1.470000000000001137e+03,8.422773475339351279e-01,8.497075328140939493e-16,1.643390308644233458e+07,9.259080997179416940e+06
1.480000000000001137e+03,8.424219877981132809e-01,8.497082052679349143e-16,1.654965845090301335e+07,9.316179709594855085e+06
1.490000000000001137e+03,8.425666281348032083e-01,8.497088786060545399e-16,1.666547571577377431e+07,9.373178623710021377e+06
1.500000000000001137e+03,8.427112685467385012e-01,8.497095528137014232e-16,1.678135505844840780e+07,9.430075154300021008e+06
1.510000000000001137e+03,8.428559090480436389e-01,8.497102278720815446e-16,1.689729665655939281e+07,9.486866597322151065e+06
1.520000000000001137e+03,8.430005496414516575e-01,8.497109037597201382e-16,1.701330068797629327e+07,9.543550124687595293e+06
1.530000000000001137e+03,8.431451903363413880e-01,8.497115804526822766e-16,1.712936733080407977e+07,9.600122768761908635e+06
1.540000000000001137e+03,8.432898311386234358e-01,8.497122579258417540e-16,1.724549676338156685e+07,9.656581420287394896e+06
1.550000000000001137e+03,8.434344720585360555e-01,8.497129361519994351e-16,1.736168916427965835e+07,9.712922813905857503e+06
1.560000000000001137e+03,8.435791130944600980e-01,8.497136151023450351e-16,1.747794471229967847e+07,9.769143517946027219e+06
1.570000000000001137e+03,8.437237542662132661e-01,8.497142947456021912e-16,1.759426358647163585e+07,9.825239921131933108e+06
1.580000000000001137e+03,8.438683955688877081e-01,8.497149750489677990e-16,1.771064596605256945e+07,9.881208223043590784e+06
1.590000000000001137e+03,8.440130370183256403e-01,8.497156559782747150e-16,1.782709203052473813e+07,9.937044411751938984e+06
1.600000000000001137e+03,8.441576786204986194e-01,8.497163375003433508e-16,1.794360195959387720e+07,9.992744255303105339e+06
1.610000000000001137e+03,8.443023203810051669e-01,8.497170195823498945e-16,1.806017593318735063e+07,1.004830327344391681e+07
1.620000000000001137e+03,8.444469623113430856e-01,8.497177021916856959e-16,1.817681413145229965e+07,1.010371673341909423e+07
1.630000000000001137e+03,8.445916044159922365e-01,8.497183852952762823e-16,1.829351673475379124e+07,1.015897961122217961e+07
1.640000000000001137e+03,8.447362467061553248e-01,8.497190688589045163e-16,1.841028392367301509e+07,1.021408657305261493e+07
1.650000000000001137e+03,8.448808891883763383e-01,8.497197528453138778e-16,1.852711587900545448e+07,1.026903195334949903e+07
1.660000000000001364e+03,8.450255318724169129e-01,8.497204372155116624e-16,1.864401278175898641e+07,1.032380971609149128e+07
1.670000000000001364e+03,8.451701747664609465e-01,8.497211219321499409e-16,1.876097481315204501e+07,1.037841342493884265e+07
1.680000000000001364e+03,8.453148178819445135e-01,8.497218069604068152e-16,1.887800215461159497e+07,1.043283620555758476e+07
1.690000000000001364e+03,8.454594612242829488e-01,8.497224922651142745e-16,1.899509498777116835e+07,1.048707069505835138e+07
1.700000000000001364e+03,8.456041048093612122e-01,8.497231778118010694e-16,1.911225349446892366e+07,1.054110900429271534e+07
1.710000000000001364e+03,8.457487486400635524e-01,8.497238635658705216e-16,1.922947785674560815e+07,1.059494265596101247e+07
1.720000000000001364e+03,8.458933927336644842e-01,8.497245494925554602e-16,1.934676825684259087e+07,1.064856252587808669e+07
1.730000000000001364e+03,8.460380370963613839e-01,8.497252355518976152e-16,1.946412487719994411e+07,1.070195876324499771e+07
1.740000000000001364e+03,8.461826817423302449e-01,8.497259217017148191e-16,1.958154790045446903e+07,1.075512072703817859e+07
1.750000000000001364e+03,8.463273266783499782e-01,8.497266079063966087e-16,1.969903750943757221e+07,1.080803687228252180e+07
1.760000000000001364e+03,8.464719719226070360e-01,8.497272941307999209e-16,1.981659388717314601e+07,1.086069466422517039e+07
1.770000000000001364e+03,8.466166174858354987e-01,8.497279803368947576e-16,1.993421721687550098e+07,1.091308044191419706e+07
1.780000000000001364e+03,8.467612633810653877e-01,8.497286664869800756e-16,2.005190768194733560e+07,1.096517927645306289e+07
1.790000000000001364e+03,8.469059096189520686e-01,8.497293525436984792e-16,2.016966546597755700e+07,1.101697481446075067e+07
1.800000000000001364e+03,8.470505562184560411e-01,8.497300384717977469e-16,2.028749075273914635e+07,1.106844907742400281e+07
1.810000000000001364e+03,8.471952031923529747e-01,8.497307242299977733e-16,2.040538372618704662e+07,1.111958223878174648e+07
1.820000000000001364e+03,8.473398505615656884e-01,8.497314097740940476e-16,2.052334457045609131e+07,1.117035235830126330e+07
1.830000000000001364e+03,8.474844983344361760e-01,8.497320950657738635e-16,2.064137346985879168e+07,1.122073505807148665e+07
1.840000000000001364e+03,8.476291465369093503e-01,8.497327800639077883e-16,2.075947060888310522e+07,1.127070315901563317e+07
1.850000000000001364e+03,8.477737951845973896e-01,8.497334647250395455e-16,2.087763617219024897e+07,1.132022622902559303e+07
1.860000000000001364e+03,8.479184442988889625e-01,8.497341490042627351e-16,2.099587034461253881e+07,1.136927004197033308e+07
1.870000000000001364e+03,8.480630939012641090e-01,8.497348328538275079e-16,2.111417331115113944e+07,1.141779594337963685e+07
1.880000000000001364e+03,8.482077440137100188e-01,8.497355162235025540e-16,2.123254525697391853e+07,1.146576006858627871e+07
1.890000000000001364e+03,8.483523946635601609e-01,8.497361990586838091e-16,2.135098636741317809e+07,1.151311241682036035e+07
1.900000000000001364e+03,8.484970458742596700e-01,8.497368812980114041e-16,2.146949682796353474e+07,1.155979575456865318e+07
1.910000000000001364e+03,8.486416976754048713e-01,8.497375628734780346e-16,2.158807682427970693e+07,1.160574430799731240e+07
1.920000000000001592e+03,8.487863500921184468e-01,8.497382437061604351e-16,2.170672654217444733e+07,1.165088231543476693e+07
1.930000000000001592e+03,8.489310031586934091e-01,8.497389237007417257e-16,2.182544616761646047e+07,1.169512253625814803e+07
1.940000000000001592e+03,8.490756568958645056e-01,8.497396027394688363e-16,2.194423588672854006e+07,1.173836507967313565e+07
1.950000000000001592e+03,8.492203113283693927e-01,8.497402806696648385e-16,2.206309588578588516e+07,1.178049764079929702e+07
1.960000000000001592e+03,8.493649664583842185e-01,8.497409572812704699e-16,2.218202635121473670e+07,1.182139988118600287e+07
1.970000000000001592e+03,8.495096222510949424e-01,8.497416322679541790e-16,2.230102746959194914e+07,1.186096015586352907e+07
1.980000000000001592e+03,8.496542785737216663e-01,8.497423051395034028e-16,2.242009942764575034e+07,1.189913062051969208e+07
1.990000000000001592e+03,8.497989350005985543e-01,8.497429750084169837e-16,2.253924241225988790e+07,1.193612399013378844e+07
2.000000000000001364e+03,8.499435900366764107e-01,8.497436398830513847e-16,2.265845661048714817e+07,1.197325655596764386e+07
2.010000000000001137e+03,8.500882382603593967e-01,8.497442918460334171e-16,2.277774220965229347e+07,1.201441298018877022e+07
2.020000000000000909e+03,8.502328831541293708e-01,8.497449366250364822e-16,2.289709939724273607e+07,1.205828084567298740e+07
2.030000000000000682e+03,8.503775261894261916e-01,8.497455756611932940e-16,2.301652836077427492e+07,1.210365172373408824e+07
2.040000000000000455e+03,8.505221679834394921e-01,8.497462096207653206e-16,2.313602928786671534e+07,1.215002142872102000e+07
2.050000000000000455e+03,8.506668088749873569e-01,8.497468388769851389e-16,2.325560236625256017e+07,1.219711934143537469e+07
2.060000000000000000e+03,8.508114490651309536e-01,8.497474636621332368e-16,2.337524778377921507e+07,1.224477703887473606e+07
2.070000000000000000e+03,8.509560886989978590e-01,8.497480841287984862e-16,2.349496572840895131e+07,1.229288019293882698e+07
2.079999999999999545e+03,8.511007278743765170e-01,8.497487003777215801e-16,2.361475638821778446e+07,1.234134654247980937e+07
2.089999999999999545e+03,8.512453666589471224e-01,8.497493124755716189e-16,2.373461995139394328e+07,1.239011437701269425e+07
2.099999999999999091e+03,8.513900051196867658e-01,8.497499204660190546e-16,2.385455660623586178e+07,1.243913590603600815e+07
2.109999999999999091e+03,8.515346432934001175e-01,8.497505243743321870e-16,2.397456654114994034e+07,1.248837317563812621e+07
2.119999999999998636e+03,8.516792812225728593e-01,8.497511242121699856e-16,2.409464994464830309e+07,1.253779543731885403e+07
2.129999999999998636e+03,8.518239189311244131e-01,8.497517199814076714e-16,2.421480700534630194e+07,1.258737735569063015e+07
2.139999999999998181e+03,8.519685564439316572e-01,8.497523116765846508e-16,2.433503791196001694e+07,1.263709776972239651e+07
2.149999999999998181e+03,8.521131937853017035e-01,8.497528992845963662e-16,2.445534285330370069e+07,1.268693879214833304e+07
2.159999999999997726e+03,8.522578309687327547e-01,8.497534827881901339e-16,2.457572201828714460e+07,1.273688515004650131e+07
2.169999999999997726e+03,8.524024680084426597e-01,8.497540621659048944e-16,2.469617559591294825e+07,1.278692368800224550e+07
2.179999999999997272e+03,8.525471049189177197e-01,8.497546373928493251e-16,2.481670377527385578e+07,1.283704298606879823e+07
2.189999999999997272e+03,8.526917417105863706e-01,8.497552084414828127e-16,2.493730674554996938e+07,1.288723307404841669e+07
2.199999999999997272e+03,8.528363783913056606e-01,8.497557752810359361e-16,2.505798469600597769e+07,1.293748517591219768e+07
2.209999999999996817e+03,8.529810149694262433e-01,8.497563378806079290e-16,2.517873781598835066e+07,1.298779154881023802e+07
2.219999999999996817e+03,8.531256514553964276e-01,8.497568962063433466e-16,2.529956629492247105e+07,1.303814531336767040e+07
2.229999999999996362e+03,8.532702878520775913e-01,8.497574502242676260e-16,2.542047032230978832e+07,1.308854033497847058e+07
2.239999999999996362e+03,8.534149241670759833e-01,8.497579998980862631e-16,2.554145008772496134e+07,1.313897112797576562e+07
2.249999999999995907e+03,8.535595604062118369e-01,8.497585451912160305e-16,2.566250578081290424e+07,1.318943276489160955e+07
2.259999999999995907e+03,8.537041965692162560e-01,8.497590860661091214e-16,2.578363759128587693e+07,1.323992079829901457e+07
2.269999999999995453e+03,8.538488326662447836e-01,8.497596224849626308e-16,2.590484570892051607e+07,1.329043122160321102e+07
2.279999999999995453e+03,8.539934686977265210e-01,8.497601544093145608e-16,2.602613032355485484e+07,1.334096039525158703e+07
2.289999999999994998e+03,8.541381046702565261e-01,8.497606818001191560e-16,2.614749162508536503e+07,1.339150502421037108e+07
2.299999999999994998e+03,8.542827405813449015e-01,8.497612046174966382e-16,2.626892980346391350e+07,1.344206208918768167e+07
2.309999999999994543e+03,8.544273764362446677e-01,8.497617228219508125e-16,2.639044504869473726e+07,1.349262885270379670e+07
2.319999999999994543e+03,8.545720122386015749e-01,8.497622363733698768e-16,2.651203755083137751e+07,1.354320280629140139e+07
2.329999999999994088e+03,8.547166479906314063e-01,8.497627452310599484e-16,2.663370749997362867e+07,1.359378164784741215e+07
2.339999999999994088e+03,8.548612836925918446e-01,8.497632493540241232e-16,2.675545508626442403e+07,1.364436326355265640e+07
2.349999999999994088e+03,8.550059193486576614e-01,8.497637487017953159e-16,2.687728049988674000e+07,1.369494571351474710e+07
2.359999999999993634e+03,8.551505549547336882e-01,8.497642432327300522e-16,2.699918393106049672e+07,1.374552720116888732e+07
2.369999999999993634e+03,8.552951905202188509e-01,8.497647329054025838e-16,2.712116557003935426e+07,1.379610608049218357e+07
2.379999999999993179e+03,8.554398260417960254e-01,8.497652176779105914e-16,2.724322560710759088e+07,1.384668081374882348e+07
2.389999999999993179e+03,8.555844615215699722e-01,8.497656975084664366e-16,2.736536423257693276e+07,1.389724998610995524e+07
2.399999999999992724e+03,8.557290969600701569e-01,8.497661723546705220e-16,2.748758163678335398e+07,1.394781227664449066e+07
2.409999999999992724e+03,8.558737323614601378e-01,8.497666421738929030e-16,2.760987801008384302e+07,1.399836646313697286e+07
2.419999999999992269e+03,8.560183677223200949e-01,8.497671069233965469e-16,2.773225354285313934e+07,1.404891140068856813e+07
2.429999999999992269e+03,8.561630030465650076e-01,8.497675665599117429e-16,2.785470842548051104e+07,1.409944602334505506e+07
2.439999999999991815e+03,8.563076383348924292e-01,8.497680210403962678e-16,2.797724284836653620e+07,1.414996933112226240e+07
2.449999999999991815e+03,8.564522735861290759e-01,8.497684703204724556e-16,2.809985700191977620e+07,1.420048038666469790e+07
2.459999999999991360e+03,8.565969088054801173e-01,8.497689143564050688e-16,2.822255107655349746e+07,1.425097831493670307e+07
2.469999999999991360e+03,8.567415439866473692e-01,8.497693531039510407e-16,2.834532526268228889e+07,1.430146228533226997e+07
2.479999999999990905e+03,8.568861791359747571e-01,8.497697865180964891e-16,2.846817975071880221e+07,1.435193151674210094e+07
2.489999999999990905e+03,8.570308142522640171e-01,8.497702145537602810e-16,2.859111473107034341e+07,1.440238527163333260e+07
2.499999999999990450e+03,8.571754493337813141e-01,8.497706371655635875e-16,2.871413039413554221e+07,1.445282285152825527e+07
2.509999999999990450e+03,8.573200843851227493e-01,8.497710543075863222e-16,2.883722693030092865e+07,1.450324359502011910e+07
2.519999999999990450e+03,8.574647194041042919e-01,8.497714659334658477e-16,2.896040452993762493e+07,1.455364687019327469e+07
2.529999999999989996e+03,8.576093543910705552e-01,8.497718719964880893e-16,2.908366338339778036e+07,1.460403207944444008e+07
2.539999999999989996e+03,8.577539893444376951e-01,8.497722724494477089e-16,2.920700368101125956e+07,1.465439864429576322e+07
2.549999999999989541e+03,8.578986242714610189e-01,8.497726672450160105e-16,2.933042561308210343e+07,1.470474602174787037e+07
2.559999999999989541e+03,8.580432591675779541e-01,8.497730563350736622e-16,2.945392936988509819e+07,1.475507368675099127e+07
2.569999999999989086e+03,8.581878940337150929e-01,8.497734396711828294e-16,2.957751514166229591e+07,1.480538113176558167e+07
2.579999999999989086e+03,8.583325288684826582e-01,8.497738172046235613e-16,2.970118311861947179e+07,1.485566787296977825e+07
2.589999999999988631e+03,8.584771636720591736e-01,8.497741888859023302e-16,2.982493349092268199e+07,1.490593344503312185e+07
2.599999999999988631e+03,8.586217984508788259e-01,8.497745546651079067e-16,2.994876644869462773e+07,1.495617739396882616e+07
2.609999999999988177e+03,8.587664331940305651e-01,8.497749144920999957e-16,3.007268218201118335e+07,1.500639928575606085e+07
2.619999999999988177e+03,8.589110679128399983e-01,8.497752683160458798e-16,3.019668088089773431e+07,1.505659869705354050e+07
2.629999999999987722e+03,8.590557026023069032e-01,8.497756160855589622e-16,3.032076273532570526e+07,1.510677521581432223e+07
2.639999999999987722e+03,8.592003372630176994e-01,8.497759577490962547e-16,3.044492793520885333e+07,1.515692844516682439e+07
2.649999999999987267e+03,8.593449718937189452e-01,8.497762932543925670e-16,3.056917667039972544e+07,1.520705799868574366e+07
2.659999999999987267e+03,8.594896065003047037e-01,8.497766225486685685e-16,3.069350913068598509e+07,1.525716349783152714e+07
2.669999999999987267e+03,8.596342410734720829e-01,8.497769455786592862e-16,3.081792550578674674e+07,1.530724457165322080e+07
2.679999999999986812e+03,8.597788756190497539e-01,8.497772622906012856e-16,3.094242598534892872e+07,1.535730085867708735e+07
2.689999999999986812e+03,8.599235101391473624e-01,8.497775726305092651e-16,3.106701075894356892e+07,1.540733201263749227e+07
2.699999999999986358e+03,8.600681446317470780e-01,8.497778765432984482e-16,3.119168001606205851e+07,1.545733768352580257e+07
2.709999999999986358e+03,8.602127790928892903e-01,8.497781739737645460e-16,3.131643394611262530e+07,1.550731753449022956e+07
2.719999999999985903e+03,8.603574135250642296e-01,8.497784648662435608e-16,3.144127273841621727e+07,1.555727123121264949e+07
2.729999999999985903e+03,8.605020479346021656e-01,8.497787491643492928e-16,3.156619658220325410e+07,1.560719845004259981e+07
2.739999999999985448e+03,8.606466823135622279e-01,8.497790268113537684e-16,3.169120566660898551e+07,1.565709886914375797e+07
2.749999999999985448e+03,8.607913166669070026e-01,8.497792977499664572e-16,3.181630018067132309e+07,1.570697217426561564e+07
2.759999999999984993e+03,8.609359509918994569e-01,8.497795619223486694e-16,3.194148031332485750e+07,1.575681805151935294e+07
2.769999999999984993e+03,8.610805852869019006e-01,8.497798192702826674e-16,3.206674625339970738e+07,1.580663619714741409e+07
2.779999999999984539e+03,8.612252195559026990e-01,8.497800697348033664e-16,3.219209818961608782e+07,1.585642630755194835e+07
2.789999999999984539e+03,8.613698537937642952e-01,8.497803132566104159e-16,3.231753631057944149e+07,1.590618808562411182e+07
2.799999999999984084e+03,8.615144880084211199e-01,8.497805497759266976e-16,3.244306080477832630e+07,1.595592123698025197e+07
2.809999999999984084e+03,8.616591221931484412e-01,8.497807792323923219e-16,3.256867186057986319e+07,1.600562547031510435e+07
2.819999999999983629e+03,8.618037563505871468e-01,8.497810015650465835e-16,3.269436966622733697e+07,1.605530050090374798e+07
2.829999999999983629e+03,8.619483904783952211e-01,8.497812167126107671e-16,3.282015440983377025e+07,1.610494603960224241e+07
2.839999999999983629e+03,8.620930245821888382e-01,8.497814246131835492e-16,3.294602627939997241e+07,1.615456181008112058e+07
2.849999999999983174e+03,8.622376586546552923e-01,8.497816252043816122e-16,3.307198546303654835e+07,1.620414753331413679e+07
2.859999999999983174e+03,8.623822927007223083e-01,8.497818184233212047e-16,3.319803215220743790e+07,1.625370293042198941e+07
2.869999999999982720e+03,8.625269267191073563e-01,8.497820042065694299e-16,3.332416652136071026e+07,1.630322773827297613e+07
2.879999999999982720e+03,8.626715607086600235e-01,8.497821824903758741e-16,3.345038876702037081e+07,1.635272167909709737e+07
2.889999999999982265e+03,8.628161946678436500e-01,8.497823532102332118e-16,3.357669908543196321e+07,1.640218447839079052e+07
2.899999999999982265e+03,8.629608285993255468e-01,8.497825163012468853e-16,3.370309765058403462e+07,1.645161588471378386e+07
2.909999999999981810e+03,8.631054625059644270e-01,8.497826716979414394e-16,3.382958465315096080e+07,1.650101562898692302e+07
2.919999999999981810e+03,8.632500963835969543e-01,8.497828193346283280e-16,3.395616028020153940e+07,1.655038345239732414e+07
2.929999999999981355e+03,8.633947302327988904e-01,8.497829591446346050e-16,3.408282471833925694e+07,1.659971909560944885e+07
2.939999999999981355e+03,8.635393640512614155e-01,8.497830910613556596e-16,3.420957815401690453e+07,1.664902230236995779e+07
2.949999999999980901e+03,8.636839978415236097e-01,8.497832150171979451e-16,3.433642077349015325e+07,1.669829281584200263e+07
2.959999999999980901e+03,8.638286316039467394e-01,8.497833309444487968e-16,3.446335276282975823e+07,1.674753038863529079e+07
2.969999999999980446e+03,8.639732653361462678e-01,8.497834387745731626e-16,3.459037430792450905e+07,1.679673476479331031e+07
2.979999999999980446e+03,8.641178990420996797e-01,8.497835384387290249e-16,3.471748559446843714e+07,1.684590570130639523e+07
2.989999999999980446e+03,8.642625327164805693e-01,8.497836298676727371e-16,3.484468680796389282e+07,1.689504294606447965e+07
2.999999999999979991e+03,8.644071663630470415e-01,8.497837129913121343e-16,3.497197813371668756e+07,1.694414625743928552e+07
3.009999999999979991e+03,8.645517999821525912e-01,8.497837877393485671e-16,3.509935975683066994e+07,1.699321538949381560e+07
3.019999999999979536e+03,8.646964335672131519e-01,8.497838540410385674e-16,3.522683186220256984e+07,1.704225010283137858e+07
3.029999999999979536e+03,8.648410671255960525e-01,8.497839118250729550e-16,3.535439463451977819e+07,1.709125015445466712e+07
3.039999999999979082e+03,8.649857006558278050e-01,8.497839610193001448e-16,3.548204825825396180e+07,1.714021531068962812e+07
3.049999999999979082e+03,8.651303341540602654e-01,8.497840015515784128e-16,3.560979291765882075e+07,1.718914532747191563e+07
3.059999999999978627e+03,8.652749676234083864e-01,8.497840333489736239e-16,3.573762879676474631e+07,1.723803997764434665e+07
3.069999999999978627e+03,8.654196010613435242e-01,8.497840563383136043e-16,3.586555607937516272e+07,1.728689901962268353e+07
3.079999999999978172e+03,8.655642344695517743e-01,8.497840704456320931e-16,3.599357494906179607e+07,1.733572222578423843e+07
3.089999999999978172e+03,8.657088678487148137e-01,8.497840755966993500e-16,3.612168558916068077e+07,1.738450936603023112e+07
3.099999999999977717e+03,8.658535011958956584e-01,8.497840717165553465e-16,3.624988818276791275e+07,1.743326020526108518e+07
3.109999999999977717e+03,8.659981345131906316e-01,8.497840587298846724e-16,3.637818291273520887e+07,1.748197452266310900e+07
3.119999999999977263e+03,8.661427678004757214e-01,8.497840365608757239e-16,3.650656996166572720e+07,1.753065208462920412e+07
3.129999999999977263e+03,8.662874010558667681e-01,8.497840051331837259e-16,3.663504951190959662e+07,1.757929266789792106e+07
3.139999999999976808e+03,8.664320342805609254e-01,8.497839643699546937e-16,3.676362174555965513e+07,1.762789605363728851e+07
3.149999999999976808e+03,8.665766674750621235e-01,8.497839141940262963e-16,3.689228684444720298e+07,1.767646201095488295e+07
3.159999999999976808e+03,8.667213006345581006e-01,8.497838545274783047e-16,3.702104499013748765e+07,1.772499032216037065e+07
3.169999999999976353e+03,8.668659337662105724e-01,8.497837852919705203e-16,3.714989636392547190e+07,1.777348076790397987e+07
3.179999999999976353e+03,8.670105668684651157e-01,8.497837064087173337e-16,3.727884114683134109e+07,1.782193312825226411e+07
3.189999999999975898e+03,8.671551999321345239e-01,8.497836177982199066e-16,3.740787951959626377e+07,1.787034718430958688e+07
3.199999999999975898e+03,8.672998329669487916e-01,8.497835193804666412e-16,3.753701166267780215e+07,1.791872272099103779e+07
3.209999999999975444e+03,8.674444659689015680e-01,8.497834110755629869e-16,3.766623775624567270e+07,1.796705952315586060e+07
3.219999999999975444e+03,8.675890989394530184e-01,8.497832928024985494e-16,3.779555798017725348e+07,1.801535737557597831e+07
3.229999999999974989e+03,8.677337318770053098e-01,8.497831644797072805e-16,3.792497251405319571e+07,1.806361606511903927e+07
3.239999999999974989e+03,8.678783647806571633e-01,8.497830260251114570e-16,3.805448153715293854e+07,1.811183538060214743e+07
3.249999999999974534e+03,8.680229976539095560e-01,8.497828773569711855e-16,3.818408522845029831e+07,1.816001511052404717e+07
3.259999999999974534e+03,8.681676304913112929e-01,8.497827183916669142e-16,3.831378376660896093e+07,1.820815504688945785e+07
3.269999999999974079e+03,8.683122632953013120e-01,8.497825490461243914e-16,3.844357732997803390e+07,1.825625497582928464e+07
3.279999999999974079e+03,8.684568960687362171e-01,8.497823692365927200e-16,3.857346609658759087e+07,1.830431469973542541e+07
3.289999999999973625e+03,8.686015288034458770e-01,8.497821788776772140e-16,3.870345024414411932e+07,1.835233399792459235e+07
3.299999999999973625e+03,8.687461615095584122e-01,8.497819778856024229e-16,3.883352995002609491e+07,1.840031267945523933e+07
3.309999999999973625e+03,8.688907941770012133e-01,8.497817661735028296e-16,3.896370539127939939e+07,1.844825052995042875e+07
3.319999999999973170e+03,8.690354268089923728e-01,8.497815436565658289e-16,3.909397674461287260e+07,1.849614734744640440e+07
3.329999999999973170e+03,8.691800594138523461e-01,8.497813102470215729e-16,3.922434418639374524e+07,1.854400293704953417e+07
3.339999999999972715e+03,8.693246919781474347e-01,8.497810658585773564e-16,3.935480789264309406e+07,1.859181708444690332e+07
3.349999999999972715e+03,8.694693245083010558e-01,8.497808104035135228e-16,3.948536803903131932e+07,1.863958960068760812e+07
3.359999999999972260e+03,8.696139570044137956e-01,8.497805437928742708e-16,3.961602480087362230e+07,1.868732027879473940e+07
3.369999999999972260e+03,8.697585894637740456e-01,8.497802659387326709e-16,3.974677835312540084e+07,1.873500892212555185e+07
3.379999999999971806e+03,8.699032218881050937e-01,8.497799767516383059e-16,3.987762887037767470e+07,1.878265533259725943e+07
3.389999999999971806e+03,8.700478542765175405e-01,8.497796761410545959e-16,4.000857652685252577e+07,1.883025931734925136e+07
3.399999999999971351e+03,8.701924866294084016e-01,8.497793640173364722e-16,4.013962149639850855e+07,1.887782067226881161e+07
3.409999999999971351e+03,8.703371189441109212e-01,8.497790402895641656e-16,4.027076395248603821e+07,1.892533920893813670e+07
3.419999999999970896e+03,8.704817512229620080e-01,8.497787048660806178e-16,4.040200406820277125e+07,1.897281473099359870e+07
3.429999999999970896e+03,8.706263834663969803e-01,8.497783576542719808e-16,4.053334201624908298e+07,1.902024704231717438e+07
3.439999999999970441e+03,8.707710156720093186e-01,8.497779985621717656e-16,4.066477796893344820e+07,1.906763595453757048e+07
3.449999999999970441e+03,8.709156478387219957e-01,8.497776274964512190e-16,4.079631209816771001e+07,1.911498127400624752e+07
3.459999999999969987e+03,8.710602799687039433e-01,8.497772443634054984e-16,4.092794457546252012e+07,1.916228280874690786e+07
3.469999999999969987e+03,8.712049120613354347e-01,8.497768490687489623e-16,4.105967557192274183e+07,1.920954036933459342e+07
3.479999999999969987e+03,8.713495441125655994e-01,8.497764415176090567e-16,4.119150525824274123e+07,1.925675376421592385e+07
3.489999999999969532e+03,8.714941761315402324e-01,8.497760216144794766e-16,4.132343380470176786e+07,1.930392280996897817e+07
3.499999999999969532e+03,8.716388081090558071e-01,8.497755892634149156e-16,4.145546138115932792e+07,1.935104731222573295e+07
3.509999999999969077e+03,8.717834400468763567e-01,8.497751443676971812e-16,4.158758815705047548e+07,1.939812708707483858e+07
3.519999999999969077e+03,8.719280719466813157e-01,8.497746868302394854e-16,4.171981430138121545e+07,1.944516194966558740e+07
3.529999999999968622e+03,8.720727038058806446e-01,8.497742165533891312e-16,4.185213998272371292e+07,1.949215170928741992e+07
3.539999999999968622e+03,8.722173356282713064e-01,8.497737334388104651e-16,4.198456536921173334e+07,1.953909618624149635e+07
3.549999999999968168e+03,8.723619674073772590e-01,8.497732373874729461e-16,4.211709062853597105e+07,1.958599519026103616e+07
3.559999999999968168e+03,8.725065991503782037e-01,8.497727282996547935e-16,4.224971592793920636e+07,1.963284854461026564e+07
3.569999999999967713e+03,8.726512308502518689e-01,8.497722060746120603e-16,4.238244143421179056e+07,1.967965606057978421e+07
3.579999999999967713e+03,8.727958625103255930e-01,8.497716706131560386e-16,4.251526731368690729e+07,1.972641755822231621e+07
3.589999999999967258e+03,8.729404941304648169e-01,8.497711218132996351e-16,4.264819373223577440e+07,1.977313285537850484e+07
3.599999999999967258e+03,8.730851257062189896e-01,8.497705595733577918e-16,4.278122085526310652e+07,1.981980176879107580e+07
3.609999999999966803e+03,8.732297572455391954e-01,8.497699837892013621e-16,4.291434884770233184e+07,1.986642412235401198e+07
3.619999999999966803e+03,8.733743887373159875e-01,8.497693943598244972e-16,4.304757787401085347e+07,1.991299973385569081e+07
3.629999999999966803e+03,8.735190201914544428e-01,8.497687911809390950e-16,4.318090809816528857e+07,1.995952842313358560e+07
3.639999999999966349e+03,8.736636516001257124e-01,8.497681741463117228e-16,4.331433968365693837e+07,2.000601001493710279e+07
3.649999999999966349e+03,8.738082829676457886e-01,8.497675431536097661e-16,4.344787279348692298e+07,2.005244432343095168e+07
3.659999999999965894e+03,8.739529142937828565e-01,8.497668980955902474e-16,4.358150759016143531e+07,2.009883118160444871e+07
3.669999999999965894e+03,8.740975455788928539e-01,8.497662388661402321e-16,4.371524423568714410e+07,2.014517040608908981e+07
3.679999999999965439e+03,8.742421768172647933e-01,8.497655653595040413e-16,4.384908289156630635e+07,2.019146182013916224e+07
3.689999999999965439e+03,8.743868080096408590e-01,8.497648774657748126e-16,4.398302371879220009e+07,2.023770525153082609e+07
3.699999999999964984e+03,8.745314391632610374e-01,8.497641750798881063e-16,4.411706687784431875e+07,2.028390052328762040e+07
3.709999999999964984e+03,8.746760702705632662e-01,8.497634580898538758e-16,4.425121252868363261e+07,2.033004745786694437e+07
3.719999999999964530e+03,8.748207013334240445e-01,8.497627263886300070e-16,4.438546083074789494e+07,2.037614588767488673e+07
3.729999999999964530e+03,8.749653323495689694e-01,8.497619798655206781e-16,4.451981194294682145e+07,2.042219563095380366e+07
3.739999999999964075e+03,8.751099633213685891e-01,8.497612184087532722e-16,4.465426602365744114e+07,2.046819652130023390e+07
3.749999999999964075e+03,8.752545942494864839e-01,8.497604419091096024e-16,4.478882323071938753e+07,2.051414838316936046e+07
3.759999999999963620e+03,8.753992251301708771e-01,8.497596502517615963e-16,4.492348372143005580e+07,2.056005104290968925e+07
3.769999999999963620e+03,8.755438559651659292e-01,8.497588433255147734e-16,4.505824765253990144e+07,2.060590433135583997e+07
3.779999999999963165e+03,8.756884867561613994e-01,8.497580210171306158e-16,4.519311518024777621e+07,2.065170807739215344e+07
3.789999999999963165e+03,8.758331174975728661e-01,8.497571832134425895e-16,4.532808646019604802e+07,2.069746210774105415e+07
3.799999999999963165e+03,8.759777481930914877e-01,8.497563297967516612e-16,4.546316164746604115e+07,2.074316625563636422e+07
3.809999999999962711e+03,8.761223788410645863e-01,8.497554606540152466e-16,4.559834089657321572e+07,2.078882034704978019e+07
3.819999999999962711e+03,8.762670094411381116e-01,8.497545756687719367e-16,4.573362436146230251e+07,2.083442421374620125e+07
3.829999999999962256e+03,8.764116399931831669e-01,8.497536747242216052e-16,4.586901219550281763e+07,2.087997768932934478e+07
3.839999999999962256e+03,8.765562704980343067e-01,8.497527577029941742e-16,4.600450455148413777e+07,2.092548060430928692e+07
3.849999999999961801e+03,8.767009009533031083e-01,8.497518244869031929e-16,4.614010158161085844e+07,2.097093278819919378e+07
3.859999999999961801e+03,8.768455313615353131e-01,8.497508749572737088e-16,4.627580343749805540e+07,2.101633407482886687e+07
3.869999999999961346e+03,8.769901617193844867e-01,8.497499089944795016e-16,4.641161027016648650e+07,2.106168429726784676e+07
3.879999999999961346e+03,8.771347920274299437e-01,8.497489264783704485e-16,4.654752223003799468e+07,2.110698328947402164e+07
3.889999999999960892e+03,8.772794222853145252e-01,8.497479272879556986e-16,4.668353946693073213e+07,2.115223088012820855e+07
3.899999999999960892e+03,8.774240524943230923e-01,8.497469113017656608e-16,4.681966213005436212e+07,2.119742690987679735e+07
3.909999999999960437e+03,8.775686826547820507e-01,8.497458783973016750e-16,4.695589036800543219e+07,2.124257120919692144e+07
3.919999999999960437e+03,8.777133127590828199e-01,8.497448284514217651e-16,4.709222432876270264e+07,2.128766361224694178e+07
3.929999999999959982e+03,8.778579428172204047e-01,8.497437613400520143e-16,4.722866415968225896e+07,2.133270395596455410e+07
3.939999999999959982e+03,8.780025728213783909e-01,8.497426769399624884e-16,4.736521000749295950e+07,2.137769207379795238e+07
3.949999999999959982e+03,8.781472027748267184e-01,8.497415751258153184e-16,4.750186201829167455e+07,2.142262780329620466e+07
3.959999999999959527e+03,8.782918326753357263e-01,8.497404557715227243e-16,4.763862033753860742e+07,2.146751097947845981e+07
3.969999999999959527e+03,8.784364625222438328e-01,8.497393187506777332e-16,4.777548511005253345e+07,2.151234143746901304e+07
3.979999999999959073e+03,8.785810923181998078e-01,8.497381639351025767e-16,4.791245648000632972e+07,2.155711901568377391e+07
3.989999999999959073e+03,8.787257220609532293e-01,8.497369911958120874e-16,4.804953459092207998e+07,2.160184355142193288e+07
3.999999999999958618e+03,8.788703517514513397e-01,8.497358004072385418e-16,4.818671958566642553e+07,2.164651488311851025e+07
4.009999999999959073e+03,8.790149813870155038e-01,8.497345914389700188e-16,4.832401160644582659e+07,2.169113284673536569e+07
4.019999999999958618e+03,8.791596109679475912e-01,8.497333641573191484e-16,4.846141079480212182e+07,2.173569727748051286e+07
4.029999999999958618e+03,8.793042404949173996e-01,8.497321184356528504e-16,4.859891729160770774e+07,2.178020801946656778e+07
4.039999999999958163e+03,8.794488699666842546e-01,8.497308541416235363e-16,4.873653123706077039e+07,2.182466490790078789e+07
4.049999999999958163e+03,8.795934993848403272e-01,8.497295711382739089e-16,4.887425277068099380e+07,2.186906778293407336e+07
4.059999999999957708e+03,8.797381287449166365e-01,8.497282692983178099e-16,4.901208203130456805e+07,2.191341648223946244e+07
4.069999999999957708e+03,8.798827580510231172e-01,8.497269484833598486e-16,4.915001915707964450e+07,2.195771084871687740e+07
4.079999999999957254e+03,8.800273872976718259e-01,8.497256085619934491e-16,4.928806428546183556e+07,2.200195071765666455e+07
4.089999999999957254e+03,8.801720164914118572e-01,8.497242493955779835e-16,4.942621755320947617e+07,2.204613593218985200e+07
4.099999999999957254e+03,8.803166456250938188e-01,8.497228708513824770e-16,4.956447909637900442e+07,2.209026633411376178e+07
4.109999999999956344e+03,8.804612747042203091e-01,8.497214727881160249e-16,4.970284905032043159e+07,2.213434176003321260e+07
4.119999999999956344e+03,8.806059037232615294e-01,8.497200550732859870e-16,4.984132754967265576e+07,2.217836205309193954e+07
4.129999999999956344e+03,8.807505326865920914e-01,8.497186175616076531e-16,4.997991472835892439e+07,2.222232705358758941e+07
4.139999999999956344e+03,8.808951615908742205e-01,8.497171601189941938e-16,5.011861071958236396e+07,2.226623660832187533e+07
4.149999999999956344e+03,8.810397904385423029e-01,8.497156826052514181e-16,5.025741565582116693e+07,2.231009055179801211e+07
4.159999999999955435e+03,8.811844192222222372e-01,8.497141848754155839e-16,5.039632966882423311e+07,2.235388872733978182e+07
4.169999999999955435e+03,8.813290479492603691e-01,8.497126667912645540e-16,5.053535288960652053e+07,2.239763098044212162e+07
4.179999999999955435e+03,8.814736766165347515e-01,8.497111282107787136e-16,5.067448544844449311e+07,2.244131715078632161e+07
4.189999999999955435e+03,8.816183052229183970e-01,8.497095689878166497e-16,5.081372747487170994e+07,2.248494708382397890e+07
4.199999999999954525e+03,8.817629337687004076e-01,8.497079889794747300e-16,5.095307909767421335e+07,2.252852062008432299e+07
4.209999999999954525e+03,8.819075622519527702e-01,8.497063880418372141e-16,5.109254044488600641e+07,2.257203760334417596e+07
4.219999999999954525e+03,8.820521906763636455e-01,8.497047660288866386e-16,5.123211164378452301e+07,2.261549787862332910e+07
4.229999999999954525e+03,8.821968190404049226e-01,8.497031227940798630e-16,5.137179282088622451e+07,2.265890128822640702e+07
4.239999999999953616e+03,8.823414473423769611e-01,8.497014581902989631e-16,5.151158410194209218e+07,2.270224767625791207e+07
4.249999999999953616e+03,8.824860755794211586e-01,8.496997720691987442e-16,5.165148561193319410e+07,2.274553688541626930e+07
4.259999999999953616e+03,8.826307037520828569e-01,8.496980642823117382e-16,5.179149747506614029e+07,2.278876876240566373e+07
4.269999999999953616e+03,8.827753318657882708e-01,8.496963346798793091e-16,5.193161981476870924e+07,2.283194315279931203e+07
4.279999999999953616e+03,8.829199599134150978e-01,8.496945831113810768e-16,5.207185275368544459e+07,2.287505989597852156e+07
4.289999999999952706e+03,8.830645878975186269e-01,8.496928094252488569e-16,5.221219641367316991e+07,2.291811884482777864e+07
4.299999999999952706e+03,8.832092158165412155e-01,8.496910134695100752e-16,5.235265091579665989e+07,2.296111983735766634e+07
4.309999999999952706e+03,8.833538436720103082e-01,8.496891950913106053e-16,5.249321638032411039e+07,2.300406272338118404e+07
4.319999999999952706e+03,8.834984714617207802e-01,8.496873541378781651e-16,5.263389292672288418e+07,2.304694734775717184e+07
4.329999999999951797e+03,8.836430991853742034e-01,8.496854904541402529e-16,5.277468067365512997e+07,2.308977355562105775e+07
4.339999999999951797e+03,8.837877268455549551e-01,8.496836038847027088e-16,5.291557973897342384e+07,2.313254119198587537e+07
4.349999999999951797e+03,8.839323544395191190e-01,8.496816942735632598e-16,5.305659023971650004e+07,2.317525010742345452e+07
4.359999999999951797e+03,8.840769819631091320e-01,8.496797614639172628e-16,5.319771229210473597e+07,2.321790014168493822e+07
4.369999999999950887e+03,8.842216094228305678e-01,8.496778052964667812e-16,5.333894601153605431e+07,2.326049114951771498e+07
4.379999999999950887e+03,8.843662368154854292e-01,8.496758256118253286e-16,5.348029151258164644e+07,2.330302296959996969e+07
4.389999999999950887e+03,8.845108641386376647e-01,8.496738222542168379e-16,5.362174890898150951e+07,2.334549545500684530e+07
4.399999999999950887e+03,8.846554913927356933e-01,8.496717950625074959e-16,5.376331831364015490e+07,2.338790844999757037e+07
4.409999999999949978e+03,8.848001185788707534e-01,8.496697438722397227e-16,5.390499983862265199e+07,2.343026180310517550e+07
4.419999999999949978e+03,8.849447456991474947e-01,8.496676685248344311e-16,5.404679359515026212e+07,2.347255536201114208e+07
4.429999999999949978e+03,8.850893727473533312e-01,8.496655688577686239e-16,5.418869969359608740e+07,2.351478897691879794e+07
4.439999999999949978e+03,8.852339997248490633e-01,8.496634447032802813e-16,5.433071824348107725e+07,2.355696248714026064e+07
4.449999999999949978e+03,8.853786266326828525e-01,8.496612959014682839e-16,5.447284935346981883e+07,2.359907575162762031e+07
4.459999999999949068e+03,8.855232534729460259e-01,8.496591222846012790e-16,5.461509313136620820e+07,2.364112861242911220e+07
4.469999999999949068e+03,8.856678802399624573e-01,8.496569236867602231e-16,5.475744968410953134e+07,2.368312092018551379e+07
4.479999999999949068e+03,8.858125069357087877e-01,8.496546999439989153e-16,5.489991911777013540e+07,2.372505252292534336e+07
4.489999999999949068e+03,8.859571335580420648e-01,8.496524508804170523e-16,5.504250153754558414e+07,2.376692326911105961e+07
4.499999999999948159e+03,8.861017601113575504e-01,8.496501763381202784e-16,5.518519704775623977e+07,2.380873301059269533e+07
4.509999999999948159e+03,8.862463865933269958e-01,8.496478761359758744e-16,5.532800575184145570e+07,2.385048159364768863e+07
4.519999999999948159e+03,8.863910129982923713e-01,8.496455501135339695e-16,5.547092775235550851e+07,2.389216886779144406e+07
4.529999999999948159e+03,8.865356393305756644e-01,8.496431980940217805e-16,5.561396315096325427e+07,2.393379468192379177e+07
4.539999999999947249e+03,8.866802655921546261e-01,8.496408199068160889e-16,5.575711204843662679e+07,2.397535888908712193e+07
4.549999999999947249e+03,8.868248917788454921e-01,8.496384153822181230e-16,5.590037454465007782e+07,2.401686134143676981e+07
4.559999999999947249e+03,8.869695178885819153e-01,8.496359843378409735e-16,5.604375073857709765e+07,2.405830187927489355e+07
4.569999999999947249e+03,8.871141439254619510e-01,8.496335266066853506e-16,5.618724072828611732e+07,2.409968036069325730e+07
4.579999999999946340e+03,8.872587698879671469e-01,8.496310420117849041e-16,5.633084461093636602e+07,2.414099663746520132e+07
4.589999999999946340e+03,8.874033957718088228e-01,8.496285303758501467e-16,5.647456248277409375e+07,2.418225055009684339e+07
4.599999999999946340e+03,8.875480215824718133e-01,8.496259915198288814e-16,5.661839443912883848e+07,2.422344196336459741e+07
4.609999999999946340e+03,8.876926473153359254e-01,8.496234252680896094e-16,5.676234057440932095e+07,2.426457071765645221e+07
4.619999999999946340e+03,8.878372729705835686e-01,8.496208314412456564e-16,5.690640098209962994e+07,2.430563666765538603e+07
4.629999999999945430e+03,8.879818985496917838e-01,8.496182098593874325e-16,5.705057575475552678e+07,2.434663966582910717e+07
4.639999999999945430e+03,8.881265240532368876e-01,8.496155603416540797e-16,5.719486498400060087e+07,2.438757956439351290e+07
4.649999999999945430e+03,8.882711494750602510e-01,8.496128827066847010e-16,5.733926876052238792e+07,2.442845620872990787e+07
4.659999999999945430e+03,8.884157748211359840e-01,8.496101767719184433e-16,5.748378717406870425e+07,2.446926945922031626e+07
4.669999999999944521e+03,8.885604000856153206e-01,8.496074423541744089e-16,5.762842031344379485e+07,2.451001916174190491e+07
4.679999999999944521e+03,8.887050252731134581e-01,8.496046792693007107e-16,5.777316826650482416e+07,2.455070517096798867e+07
4.689999999999944521e+03,8.888496503836509355e-01,8.496018873322279181e-16,5.791803112015801668e+07,2.459132734075186402e+07
4.699999999999944521e+03,8.889942754063773211e-01,8.495990663571744561e-16,5.806300896035503596e+07,2.463188551908145845e+07
4.709999999999943611e+03,8.891389003539692526e-01,8.495962161575939491e-16,5.820810187208928913e+07,2.467237956204204261e+07
4.719999999999943611e+03,8.892835252198425522e-01,8.495933365461369610e-16,5.835330993939233571e+07,2.471280932085448503e+07
4.729999999999943611e+03,8.894281500053639045e-01,8.495904273338580917e-16,5.849863324533034861e+07,2.475317465164869279e+07
4.739999999999943611e+03,8.895727747072068592e-01,8.495874883308454877e-16,5.864407187200051546e+07,2.479347540416230261e+07
4.749999999999943611e+03,8.897173993299810624e-01,8.495845193451434556e-16,5.878962590052758902e+07,2.483371143316110596e+07
4.759999999999942702e+03,8.898620238670257310e-01,8.495815201911815394e-16,5.893529541106013954e+07,2.487388259045778587e+07
4.769999999999942702e+03,8.900066483238358028e-01,8.495784906745959490e-16,5.908108048276702315e+07,2.491398873552780598e+07
4.779999999999942702e+03,8.901512726968534572e-01,8.495754306030382370e-16,5.922698119383416325e+07,2.495402971261001006e+07
4.789999999999942702e+03,8.902958969857079907e-01,8.495723397819163367e-16,5.937299762146099657e+07,2.499400538383426145e+07
4.799999999999941792e+03,8.904405211893706706e-01,8.495692180139544768e-16,5.951912984185713530e+07,2.503391560204251111e+07
4.809999999999941792e+03,8.905851453109558946e-01,8.495660651098733716e-16,5.966537793023877591e+07,2.507376021884098276e+07
4.819999999999941792e+03,8.907297693490210388e-01,8.495628808723218150e-16,5.981174196082530916e+07,2.511353909216449782e+07
4.829999999999941792e+03,8.908743932989462433e-01,8.495596650986619508e-16,5.995822200683635473e+07,2.515325207295576483e+07
4.839999999999940883e+03,8.910190171620455679e-01,8.495564175977927177e-16,6.010481814048817009e+07,2.519289901832338423e+07
4.849999999999940883e+03,8.911636409440302220e-01,8.495531381697462579e-16,6.025153043299020082e+07,2.523247978507193923e+07
4.859999999999940883e+03,8.913082646339249848e-01,8.495498266094862824e-16,6.039835895454216748e+07,2.527199422499767318e+07
4.869999999999940883e+03,8.914528882459693548e-01,8.495464827246190825e-16,6.054530377433066070e+07,2.531144219730487838e+07
4.879999999999939973e+03,8.915975117629428848e-01,8.495431063066286052e-16,6.069236496052591503e+07,2.535082355540370196e+07
4.889999999999939973e+03,8.917421351935075347e-01,8.495396971599315800e-16,6.083954258027867228e+07,2.539013815272318199e+07
4.899999999999939973e+03,8.918867585381403673e-01,8.495362550758103999e-16,6.098683669971703738e+07,2.542938585139267892e+07
4.909999999999939973e+03,8.920313817927266742e-01,8.495327798563511050e-16,6.113424738394332677e+07,2.546856650311728567e+07
4.919999999999939973e+03,8.921760049602087683e-01,8.495292712902150978e-16,6.128177469703102112e+07,2.550767996535883471e+07
4.929999999999939064e+03,8.923206280408466640e-01,8.495257291790653917e-16,6.142941870202166587e+07,2.554672609849291667e+07
4.939999999999939064e+03,8.924652510287909291e-01,8.495221533097702099e-16,6.157717946092179418e+07,2.558570474982028082e+07
4.949999999999939064e+03,8.926098739282973815e-01,8.495185434795678448e-16,6.172505703470019251e+07,2.562461578720711917e+07
4.959999999999939064e+03,8.927544967382775587e-01,8.495148994820959324e-16,6.187305148328433931e+07,2.566345906062972918e+07
4.969999999999938154e+03,8.928991194556143984e-01,8.495112211018908226e-16,6.202116286555805057e+07,2.570223443017953634e+07
4.979999999999938154e+03,8.930437420831746076e-01,8.495075081351275224e-16,6.216939123935837299e+07,2.574094175448789448e+07
4.989999999999938154e+03,8.931883646202949389e-01,8.495037603700272498e-16,6.231773666147257388e+07,2.577958089000310004e+07
4.999999999999938154e+03,8.933329870634412195e-01,8.494999775963368798e-16,6.246619918763533235e+07,2.581815169107290357e+07
5.009999999999937245e+03,8.934776094168659366e-01,8.494961595979271614e-16,6.261477887252604216e+07,2.585665402368543297e+07
5.019999999999937245e+03,8.936222316783345443e-01,8.494923061655724609e-16,6.276347576976596564e+07,2.589508774184672534e+07
5.029999999999937245e+03,8.937668538419941688e-01,8.494884170848035862e-16,6.291228993191538006e+07,2.593345270286774635e+07
5.039999999999937245e+03,8.939114759182916758e-01,8.494844921410036313e-16,6.306122141047084332e+07,2.597174876818813011e+07
5.049999999999936335e+03,8.940560979011029641e-01,8.494805311189145430e-16,6.321027025586261600e+07,2.600997579533897713e+07
5.059999999999936335e+03,8.942007197894579207e-01,8.494765338020655921e-16,6.335943651745196432e+07,2.604813364550559595e+07
5.069999999999936335e+03,8.943453415806896789e-01,8.494724999743188500e-16,6.350872024352846295e+07,2.608622217520824820e+07
5.079999999999936335e+03,8.944899632794930389e-01,8.494684294174920548e-16,6.365812148130735755e+07,2.612424124557157233e+07
5.089999999999936335e+03,8.946345848829302394e-01,8.494643219131635257e-16,6.380764027692712098e+07,2.616219071898149699e+07
5.099999999999935426e+03,8.947792063920383399e-01,8.494601772419252096e-16,6.395727667544686794e+07,2.620007045080463961e+07
5.109999999999935426e+03,8.949238278052285001e-01,8.494559951837505868e-16,6.410703072084372491e+07,2.623788030520404503e+07
5.119999999999935426e+03,8.950684491211069460e-01,8.494517755178610570e-16,6.425690245601052046e+07,2.627562013991723955e+07
5.129999999999935426e+03,8.952130703441796289e-01,8.494475180226695364e-16,6.440689192275325954e+07,2.631328982178542018e+07
5.139999999999934516e+03,8.953576914685392740e-01,8.494432224760533042e-16,6.455699916178873926e+07,2.635088920299089700e+07
5.149999999999934516e+03,8.955023124927039557e-01,8.494388886540408460e-16,6.470722421274216473e+07,2.638841815125185624e+07
5.159999999999934516e+03,8.956469334218331024e-01,8.494345163328513541e-16,6.485756711414483935e+07,2.642587652249623090e+07
5.169999999999934516e+03,8.957915542568979372e-01,8.494301052844368752e-16,6.500802790343195200e+07,2.646326418807702512e+07
5.179999999999933607e+03,8.959361749925642826e-01,8.494256552906345732e-16,6.515860661693999171e+07,2.650058100102929398e+07
5.189999999999933607e+03,8.960807956260528062e-01,8.494211661218682740e-16,6.530930328990451992e+07,2.653782682463884354e+07
5.199999999999933607e+03,8.962254161639291450e-01,8.494166375519055875e-16,6.546011795645834506e+07,2.657500152591636032e+07
5.209999999999933607e+03,8.963700366023917843e-01,8.494120693511827642e-16,6.561105064962910861e+07,2.661210496537849680e+07
5.219999999999932697e+03,8.965146569408632971e-01,8.494074612904473587e-16,6.576210140133733302e+07,2.664913700448012352e+07
5.229999999999932697e+03,8.966592771804751116e-01,8.494028131447455271e-16,6.591327024239404500e+07,2.668609750883705541e+07
5.239999999999932697e+03,8.968038973198766417e-01,8.493981246840668275e-16,6.606455720249868929e+07,2.672298634022679552e+07
5.249999999999932697e+03,8.969485173602073091e-01,8.493933956696853839e-16,6.621596231023749709e+07,2.675980336340174824e+07
5.259999999999932697e+03,8.970931372960222472e-01,8.493886258806292264e-16,6.636748559308118373e+07,2.679654843995389342e+07
5.269999999999931788e+03,8.972377571376728422e-01,8.493838150791291703e-16,6.651912707738286257e+07,2.683322144137803093e+07
5.279999999999931788e+03,8.973823768716484572e-01,8.493789630351079175e-16,6.667088678837635368e+07,2.686982222426814213e+07
5.289999999999931788e+03,8.975269965078278567e-01,8.493740695147664226e-16,6.682276475017423183e+07,2.690635065504635498e+07
5.299999999999931788e+03,8.976716160409556888e-01,8.493691342817186698e-16,6.697476098576600850e+07,2.694280660299196094e+07
5.309999999999930878e+03,8.978162354751568763e-01,8.493641571048206239e-16,6.712687551701630652e+07,2.697918992979295924e+07
5.319999999999930878e+03,8.979608548026345449e-01,8.493591377459603398e-16,6.727910836466293037e+07,2.701550050354664400e+07
5.329999999999930878e+03,8.981054740310738804e-01,8.493540759699481092e-16,6.743145954831548035e+07,2.705173818796593323e+07
5.339999999999930878e+03,8.982500931528518695e-01,8.493489715423938328e-16,6.758392908645303547e+07,2.708790284916149452e+07
5.349999999999929969e+03,8.983947121736537422e-01,8.493438242207479272e-16,6.773651699642306566e+07,2.712399435626973584e+07
5.359999999999929969e+03,8.985393310891857110e-01,8.493386337721959442e-16,6.788922329443956912e+07,2.716001257465453073e+07
5.369999999999929969e+03,8.986839499026926248e-01,8.493333999562135035e-16,6.804204799558137357e+07,2.719595737146021798e+07
5.379999999999929969e+03,8.988285686119874551e-01,8.493281225317278680e-16,6.819499111379066110e+07,2.723182861452579498e+07
5.389999999999929059e+03,8.989731872191097928e-01,8.493228012615313245e-16,6.834805266187153757e+07,2.726762617142222822e+07
5.399999999999929059e+03,8.991178057175626126e-01,8.493174359078197809e-16,6.850123265148827434e+07,2.730334991209231690e+07
5.409999999999929059e+03,8.992624241135254159e-01,8.493120262197575575e-16,6.865453109316433966e+07,2.733899969951140881e+07
5.419999999999929059e+03,8.994070424037681200e-01,8.493065719642612045e-16,6.880794799628064036e+07,2.737457540805025026e+07
5.429999999999929059e+03,8.995516605883735473e-01,8.493010728971993737e-16,6.896148336907397211e+07,2.741007690337623283e+07
5.439999999999928150e+03,8.996962786694999714e-01,8.492955287754405984e-16,6.911513721863599122e+07,2.744550405837830156e+07
5.449999999999928150e+03,8.998408966433333322e-01,8.492899393556512658e-16,6.926890955091172457e+07,2.748085673881457001e+07
5.459999999999928150e+03,8.999855145095804199e-01,8.492843043937876900e-16,6.942280037069861591e+07,2.751613481762643903e+07
5.469999999999928150e+03,9.001301322714370112e-01,8.492786236457105357e-16,6.957680968164485693e+07,2.755133816247780621e+07
5.479999999999927240e+03,9.002747499280290278e-01,8.492728968662585968e-16,6.973093748624861240e+07,2.758646664830194041e+07
5.489999999999927240e+03,9.004193674749084719e-01,8.492671238099303725e-16,6.988518378585655987e+07,2.762152014158567786e+07
5.499999999999927240e+03,9.005639849155773202e-01,8.492613042306359701e-16,7.003954858066304028e+07,2.765649851452747360e+07
5.509999999999927240e+03,9.007086022511272549e-01,8.492554378816830045e-16,7.019403186970865726e+07,2.769140164100711793e+07
5.519999999999926331e+03,9.008532194765663803e-01,8.492495245145561319e-16,7.034863365087962151e+07,2.772622939248910919e+07
5.529999999999926331e+03,9.009978365956623492e-01,8.492435638844145222e-16,7.050335392090658844e+07,2.776098163960532844e+07
5.539999999999926331e+03,9.011424536074816860e-01,8.492375557426863293e-16,7.065819267536346614e+07,2.779565825609655678e+07
5.549999999999926331e+03,9.012870705107720593e-01,8.492314998406660937e-16,7.081314990866689384e+07,2.783025911899277195e+07
5.559999999999926331e+03,9.014316872997707453e-01,8.492253959299052287e-16,7.096822561407491565e+07,2.786478409221307188e+07
5.569999999999925421e+03,9.015763039925421829e-01,8.492192437614706886e-16,7.112341978368601203e+07,2.789923306056702882e+07
5.579999999999925421e+03,9.017209205682812367e-01,8.492130430801431920e-16,7.127873240843984485e+07,2.793360589175235108e+07
5.589999999999925421e+03,9.018655370371766455e-01,8.492067936429848388e-16,7.143416347811436653e+07,2.796790246158956736e+07
5.599999999999925421e+03,9.020101533996974785e-01,8.492004951976673259e-16,7.158971298132656515e+07,2.800212264749037102e+07
5.609999999999924512e+03,9.021547696471304834e-01,8.491941474948111120e-16,7.174538090552866459e+07,2.803626631909872964e+07
5.619999999999924512e+03,9.022993857930183825e-01,8.491877502727917598e-16,7.190116723701497912e+07,2.807033336296204850e+07
5.629999999999924512e+03,9.024440018220326598e-01,8.491813032931070355e-16,7.205707196091215312e+07,2.810432364156071097e+07
5.639999999999924512e+03,9.025886177448307901e-01,8.491748062966037070e-16,7.221309506118658185e+07,2.813823703980672732e+07
5.649999999999923602e+03,9.027332335593847290e-01,8.491682590335911263e-16,7.236923652063675225e+07,2.817207343641772121e+07
5.659999999999923602e+03,9.028778492624252028e-01,8.491616612507457436e-16,7.252549632089847326e+07,2.820583270340090245e+07
5.669999999999923602e+03,9.030224648561273604e-01,8.491550126932021802e-16,7.268187444243030250e+07,2.823951472118132561e+07
5.679999999999923602e+03,9.031670803395646097e-01,8.491483131097233250e-16,7.283837086454604566e+07,2.827311936794004962e+07
5.689999999999922693e+03,9.033116957108493494e-01,8.491415622469029948e-16,7.299498556536932290e+07,2.830664652238934487e+07
5.699999999999922693e+03,9.034563109751884147e-01,8.491347598485291270e-16,7.315171852189399302e+07,2.834009606220702827e+07
5.709999999999922693e+03,9.036009261265284254e-01,8.491279056651023723e-16,7.330856971003182232e+07,2.837346786959400028e+07
5.719999999999922693e+03,9.037455411676815764e-01,8.491209994344499364e-16,7.346553910432052612e+07,2.840676181991181895e+07
5.729999999999922693e+03,9.038901560971571714e-01,8.491140409085524715e-16,7.362262667831222713e+07,2.843997779659172148e+07
5.739999999999921783e+03,9.040347709176135282e-01,8.491070298325641236e-16,7.377983240358804166e+07,2.847311567803179473e+07
5.749999999999921783e+03,9.041793856265802898e-01,8.490999659456362013e-16,7.393715625357665122e+07,2.850617535539030656e+07
5.759999999999921783e+03,9.043240002246367704e-01,8.490928489975385743e-16,7.409459819666603208e+07,2.853915668934860826e+07
5.769999999999921783e+03,9.044686147094903594e-01,8.490856787329677505e-16,7.425215819967477024e+07,2.857205955935204029e+07
5.779999999999920874e+03,9.046132290873400983e-01,8.490784548939148393e-16,7.440983623277673125e+07,2.860488386907953024e+07
5.789999999999920874e+03,9.047578433510767848e-01,8.490711772246299520e-16,7.456763226174160838e+07,2.863762949625781551e+07
5.799999999999920874e+03,9.049024575038018270e-01,8.490638454713506361e-16,7.472554625189702213e+07,2.867029632321633399e+07
5.809999999999920874e+03,9.050470715464216109e-01,8.490564593777350616e-16,7.488357816730205715e+07,2.870288423572828993e+07
5.819999999999919964e+03,9.051916854771253629e-01,8.490490186877123717e-16,7.504172797099094093e+07,2.873539311769138277e+07
5.829999999999919964e+03,9.053362992956315303e-01,8.490415231451842971e-16,7.519999562477670610e+07,2.876782285390133783e+07
5.839999999999919964e+03,9.054809130020664565e-01,8.490339724940729801e-16,7.535838108927233517e+07,2.880017332889092714e+07
5.849999999999919964e+03,9.056255265993218284e-01,8.490263664784216530e-16,7.551688432394017279e+07,2.883244443067276478e+07
5.859999999999919055e+03,9.057701400829207827e-01,8.490187048419653997e-16,7.567550528707000613e+07,2.886463604596239701e+07
5.869999999999919055e+03,9.059147534581422079e-01,8.490109873285598023e-16,7.583424393578888476e+07,2.889674805637099221e+07
5.879999999999919055e+03,9.060593667171255028e-01,8.490032136821845899e-16,7.599310022605852783e+07,2.892878035630116239e+07
5.889999999999919055e+03,9.062039798677463676e-01,8.489953836467970091e-16,7.615207411267724633e+07,2.896073283168931678e+07
5.899999999999919055e+03,9.063485929045982381e-01,8.489874969661737562e-16,7.631116554927454889e+07,2.899260536600761488e+07
5.909999999999918145e+03,9.064932058322396902e-01,8.489795533845806208e-16,7.647037448832020164e+07,2.902439785374990851e+07
5.919999999999918145e+03,9.066378186464207900e-01,8.489715526464141465e-16,7.662970088111461699e+07,2.905611018271886930e+07
5.929999999999918145e+03,9.067824313503440870e-01,8.489634944955150258e-16,7.678914467779794335e+07,2.908774224223472551e+07
5.939999999999918145e+03,9.069270439429693020e-01,8.489553786761105915e-16,7.694870582734717429e+07,2.911929392462722585e+07
5.949999999999917236e+03,9.070716564241778634e-01,8.489472049331254310e-16,7.710838427757786214e+07,2.915076511813089252e+07
5.959999999999917236e+03,9.072162687953151394e-01,8.489389730083939662e-16,7.726817997514419258e+07,2.918215571807403490e+07
5.969999999999917236e+03,9.073608810485520593e-01,8.489306826528335634e-16,7.742809286553965509e+07,2.921346561018361896e+07
5.979999999999917236e+03,9.075054931990750307e-01,8.489223336091676909e-16,7.758812289309819043e+07,2.924469469622314349e+07
5.989999999999916326e+03,9.076501052335870234e-01,8.489139256230912586e-16,7.774827000099472702e+07,2.927584285978023708e+07
5.999999999999916326e+03,9.077947171579957564e-01,8.489054584407429108e-16,7.790853413124622405e+07,2.930691000212818012e+07
6.009999999999916326e+03,9.079393289738749706e-01,8.488969318021625094e-16,7.806891522471278906e+07,2.933789601644517481e+07
6.019999999999916326e+03,9.080839406758065557e-01,8.488883454620785065e-16,7.822941322109793127e+07,2.936880079238198698e+07
6.029999999999916326e+03,9.082285522654156562e-01,8.488796991644304979e-16,7.839002805894994736e+07,2.939962423069512099e+07
6.039999999999915417e+03,9.083731637495582323e-01,8.488709926535750911e-16,7.855075967566272616e+07,2.943036622680668533e+07
6.049999999999915417e+03,9.085177751185835593e-01,8.488622256790760658e-16,7.871160800747723877e+07,2.946102667363338172e+07
6.059999999999915417e+03,9.086623863805394219e-01,8.488533979903228634e-16,7.887257298948201537e+07,2.949160547380748764e+07
6.069999999999915417e+03,9.088069975275063772e-01,8.488445093306387822e-16,7.903365455561478436e+07,2.952210251976898685e+07
6.079999999999914507e+03,9.089516085656046407e-01,8.488355594539628217e-16,7.919485263866345584e+07,2.955251771417343989e+07
6.089999999999914507e+03,9.090962194969384180e-01,8.488265481071430092e-16,7.935616717026712000e+07,2.958285095464222878e+07
6.099999999999914507e+03,9.092408303121455315e-01,8.488174750381682624e-16,7.951759808091776073e+07,2.961310213759762794e+07
6.109999999999914507e+03,9.093854410252736331e-01,8.488083400024934754e-16,7.967914529996111989e+07,2.964327117112098634e+07
6.119999999999913598e+03,9.095300516217985631e-01,8.487991427418272469e-16,7.984080875559835136e+07,2.967335794472625852e+07
6.129999999999913598e+03,9.096746621137801192e-01,8.487898830178874352e-16,8.000258837488697469e+07,2.970336237140979245e+07
6.139999999999913598e+03,9.098192724935695308e-01,8.487805605727293433e-16,8.016448408374258876e+07,2.973328434369163960e+07
6.149999999999913598e+03,9.099638827663754093e-01,8.487711751686446271e-16,8.032649580694018304e+07,2.976312377033082023e+07
6.159999999999912689e+03,9.101084929289777747e-01,8.487617265484187789e-16,8.048862346811567247e+07,2.979288055318978801e+07
6.169999999999912689e+03,9.102531029824945108e-01,8.487522144734401104e-16,8.065086698976737261e+07,2.982255459291810915e+07
6.179999999999912689e+03,9.103977129290994341e-01,8.487426386973388807e-16,8.081322629325731099e+07,2.985214579850703850e+07
6.189999999999912689e+03,9.105423227639304340e-01,8.487329989714104191e-16,8.097570129881328344e+07,2.988165407311594859e+07
6.199999999999912689e+03,9.106869324917168385e-01,8.487232950556686443e-16,8.113829192553009093e+07,2.991107932224532589e+07
6.209999999999911779e+03,9.108315421137109791e-01,8.487135267064575955e-16,8.130099809137125313e+07,2.994042145416145772e+07
6.219999999999911779e+03,9.109761516268334303e-01,8.487036936777575887e-16,8.146381971317099035e+07,2.996968037372120842e+07
6.229999999999911779e+03,9.111207610355334108e-01,8.486937957315687958e-16,8.162675670663575828e+07,2.999885598973670974e+07
6.239999999999911779e+03,9.112653703339828049e-01,8.486838326282540093e-16,8.178980898634573817e+07,3.002794821075421199e+07
6.249999999999910870e+03,9.114099795251620062e-01,8.486738041237329597e-16,8.195297646575710177e+07,3.005695694690864533e+07
6.259999999999910870e+03,9.115545886096817485e-01,8.486637099808027657e-16,8.211625905720373988e+07,3.008588210499023274e+07
6.269999999999910870e+03,9.116991975917050350e-01,8.486535499626377199e-16,8.227965667189884186e+07,3.011472360012460500e+07
6.279999999999910870e+03,9.118438064622875761e-01,8.486433238319105968e-16,8.244316921993708611e+07,3.014348133792268485e+07
6.289999999999909960e+03,9.119884152314232661e-01,8.486330313525410639e-16,8.260679661029657722e+07,3.017215523695952073e+07
6.299999999999909960e+03,9.121330238942031432e-01,8.486226722895960885e-16,8.277053875084075332e+07,3.020074520408846065e+07
6.309999999999909960e+03,9.122776324513566237e-01,8.486122464095745191e-16,8.293439554832033813e+07,3.022925115330353379e+07
6.319999999999909960e+03,9.124222409042048731e-01,8.486017534794718905e-16,8.309836690837556124e+07,3.025767300086791813e+07
6.329999999999909051e+03,9.125668492529528386e-01,8.485911932678187624e-16,8.326245273553821445e+07,3.028601066343080997e+07
6.339999999999909051e+03,9.127114574991120888e-01,8.485805655440628438e-16,8.342665293323381245e+07,3.031426405048299953e+07
6.349999999999909051e+03,9.128560656359498982e-01,8.485698700791321413e-16,8.359096740378361940e+07,3.034243308119173720e+07
6.359999999999909051e+03,9.130006736739944007e-01,8.485591066450232722e-16,8.375539604840694368e+07,3.037051767386888713e+07
6.369999999999909051e+03,9.131452816088025948e-01,8.485482750150194857e-16,8.391993876722335815e+07,3.039851774345922470e+07
6.379999999999908141e+03,9.132898894393596256e-01,8.485373749639095724e-16,8.408459545925489068e+07,3.042643320954196528e+07
6.389999999999908141e+03,9.134344971702341720e-01,8.485264062675493556e-16,8.424936602242845297e+07,3.045426399228344858e+07
6.399999999999908141e+03,9.135791047968246925e-01,8.485153687026867618e-16,8.441425035357812047e+07,3.048201000989285856e+07
6.409999999999908141e+03,9.137237123217594181e-01,8.485042620479464177e-16,8.457924834844763577e+07,3.050967118155623227e+07
6.419999999999907232e+03,9.138683197472812214e-01,8.484930860797994580e-16,8.474435990169261396e+07,3.053724743275061995e+07
6.429999999999907232e+03,9.140129270706169873e-01,8.484818405875896500e-16,8.490958490688303113e+07,3.056473868301376328e+07
6.439999999999907232e+03,9.141575342947261262e-01,8.484705253516222884e-16,8.507492325650551915e+07,3.059214485259547830e+07
6.449999999999907232e+03,9.143021414219223431e-01,8.484591401567139662e-16,8.524037484196600318e+07,3.061946587090013176e+07
6.459999999999906322e+03,9.144467484430993665e-01,8.484476847868841325e-16,8.540593955359251797e+07,3.064670165744907781e+07
6.469999999999906322e+03,9.145913553742599511e-01,8.484361590266023802e-16,8.557161728063771129e+07,3.067385214068785310e+07
6.479999999999906322e+03,9.147359621996535850e-01,8.484245626739781016e-16,8.573740791128113866e+07,3.070091724201868474e+07
6.489999999999906322e+03,9.148805689296060084e-01,8.484128955181179125e-16,8.590331133263173699e+07,3.072789689319585636e+07
6.499999999999905413e+03,9.150251755621461314e-01,8.484011573415436096e-16,8.606932743073138595e+07,3.075479101898839325e+07
6.509999999999905413e+03,9.151697820983295539e-01,8.483893479523895282e-16,8.623545609055685997e+07,3.078159954911445454e+07
6.519999999999905413e+03,9.153143885386894052e-01,8.483774671390215438e-16,8.640169719602237642e+07,3.080832240989073366e+07
6.529999999999905413e+03,9.154589948794217280e-01,8.483655147029124558e-16,8.656805062998306751e+07,3.083495953549239412e+07
6.539999999999905413e+03,9.156036011279737874e-01,8.483534904439749925e-16,8.673451627423723042e+07,3.086151085128591210e+07
6.549999999999904503e+03,9.157482072807285878e-01,8.483413941602662842e-16,8.690109400952954590e+07,3.088797629260857776e+07
6.559999999999904503e+03,9.158928133377960412e-01,8.483292256621323364e-16,8.706778371555355191e+07,3.091435578896076232e+07
6.569999999999904503e+03,9.160374193034057644e-01,8.483169847474176814e-16,8.723458527095478773e+07,3.094064928051954880e+07
6.579999999999904503e+03,9.161820251732719633e-01,8.483046712298506644e-16,8.740149855333381891e+07,3.096685669088660181e+07
6.589999999999903594e+03,9.163266309532697163e-01,8.482922849201286297e-16,8.756852343924868107e+07,3.099297796145029366e+07
6.599999999999903594e+03,9.164712366386142950e-01,8.482798256238771378e-16,8.773565980421839654e+07,3.101901302682714537e+07
6.609999999999903594e+03,9.166158422306152076e-01,8.482672931641952154e-16,8.790290752272574604e+07,3.104496182255096361e+07
6.619999999999903594e+03,9.167604477372535143e-01,8.482546873467855341e-16,8.807026646822036803e+07,3.107082428617982194e+07
6.629999999999902684e+03,9.169050531478415422e-01,8.482420079968574221e-16,8.823773651312190294e+07,3.109660035337421671e+07
6.639999999999902684e+03,9.170496584724758815e-01,8.482292549347882372e-16,8.840531752882279456e+07,3.112228997059310228e+07
6.649999999999902684e+03,9.171942637038636992e-01,8.482164279861266167e-16,8.857300938569149375e+07,3.114789306928995997e+07
6.659999999999902684e+03,9.173388688481807218e-01,8.482035269663633194e-16,8.874081195307613909e+07,3.117340959434180707e+07
6.669999999999901775e+03,9.174834739054560373e-01,8.481905517117919583e-16,8.890872509930728376e+07,3.119883948665832728e+07
6.679999999999901775e+03,9.176280788736881355e-01,8.481775020507990974e-16,8.907674869170096517e+07,3.122418268866439536e+07
6.689999999999901775e+03,9.177726837560696849e-01,8.481643778154140634e-16,8.924488259656219184e+07,3.124943914080466703e+07
6.699999999999901775e+03,9.179172885503716905e-01,8.481511788409759472e-16,8.941312667918820679e+07,3.127460879503931105e+07
6.709999999999901775e+03,9.180618932599742266e-01,8.481379049651993961e-16,8.958148080387173593e+07,3.129969158777841926e+07
6.719999999999900865e+03,9.182064978852555459e-01,8.481245560279559014e-16,8.974994483390431106e+07,3.132468746802709624e+07
6.729999999999900865e+03,9.183511024250796684e-01,8.481111318722484366e-16,8.991851863157960773e+07,3.134959638570827618e+07
6.739999999999900865e+03,9.184957068836488991e-01,8.480976323434811690e-16,9.008720205819691718e+07,3.137441828479787335e+07
6.749999999999900865e+03,9.186403112578223062e-01,8.480840572898342676e-16,9.025599497406443954e+07,3.139915311515807360e+07
6.759999999999899956e+03,9.187849155510541266e-01,8.480704065623723711e-16,9.042489723850275576e+07,3.142380082455561683e+07
6.769999999999899956e+03,9.189295197612704635e-01,8.480566800147343688e-16,9.059390870984831452e+07,3.144836136668607965e+07
6.779999999999899956e+03,9.190741238933937129e-01,8.480428775040528176e-16,9.076302924545679986e+07,3.147283469149288908e+07
6.789999999999899956e+03,9.192187279386505594e-01,8.480289988885198131e-16,9.093225870170684159e+07,3.149722074847197533e+07
6.799999999999899046e+03,9.193633319101800483e-01,8.480150440334417931e-16,9.110159693400335312e+07,3.152151949568384513e+07
6.809999999999899046e+03,9.195079358025710636e-01,8.480010127941171143e-16,9.127104379678143561e+07,3.154573088412446529e+07
6.819999999999899046e+03,9.196525396126142837e-01,8.479869050524016288e-16,9.144059914350955188e+07,3.156985486884768307e+07
6.829999999999899046e+03,9.197971433539136044e-01,8.479727206758022033e-16,9.161026282669299841e+07,3.159389140708283707e+07
6.839999999999899046e+03,9.199417470123866236e-01,8.479584595390251449e-16,9.178003469787791371e+07,3.161784045338390395e+07
6.849999999999898137e+03,9.200863505940469755e-01,8.479441215140867449e-16,9.194991460765494406e+07,3.164170196806968376e+07
6.859999999999898137e+03,9.202309541054480846e-01,8.479297064875040375e-16,9.211990240566302836e+07,3.166547590915939584e+07
6.869999999999898137e+03,9.203755575390910604e-01,8.479152143453121610e-16,9.228999794059245288e+07,3.168916223541472852e+07
6.879999999999898137e+03,9.205201609049182832e-01,8.479006449682481658e-16,9.246020106018923223e+07,3.171276090948631987e+07
6.889999999999897227e+03,9.206647641903520363e-01,8.478859982532369220e-16,9.263051161125883460e+07,3.173627189058976248e+07
6.899999999999897227e+03,9.208093674071984314e-01,8.478712740973397729e-16,9.280092943966916203e+07,3.175969513968994468e+07
6.909999999999897227e+03,9.209539705546454513e-01,8.478564723825126575e-16,9.297145439035575092e+07,3.178303062633678317e+07
6.919999999999897227e+03,9.210985736327116369e-01,8.478415930300122689e-16,9.314208630732437968e+07,3.180627831114948541e+07
6.929999999999896318e+03,9.212431766352611184e-01,8.478266359289192419e-16,9.331282503365524113e+07,3.182943815643922240e+07
6.939999999999896318e+03,9.213877795736604703e-01,8.478116010018149644e-16,9.348367041150683165e+07,3.185251013535250723e+07
6.949999999999896318e+03,9.215323824435021072e-01,8.477964881448531953e-16,9.365462228212004900e+07,3.187549420922970772e+07
6.959999999999896318e+03,9.216769852471076163e-01,8.477812972885167505e-16,9.382568048582193255e+07,3.189839035110453516e+07
6.969999999999895408e+03,9.218215879827074133e-01,8.477660283417810410e-16,9.399684486202935874e+07,3.192119852645007521e+07
6.979999999999895408e+03,9.219661906566710696e-01,8.477506812319802431e-16,9.416811524925349653e+07,3.194391870874210447e+07
6.989999999999895408e+03,9.221107932649572625e-01,8.477352558934117098e-16,9.433949148510298133e+07,3.196655086669769883e+07
6.999999999999895408e+03,9.222553958077381875e-01,8.477197522386326747e-16,9.451097340628886223e+07,3.198909497336426377e+07
7.009999999999895408e+03,9.223999982914885543e-01,8.477041702175421876e-16,9.468256084862835705e+07,3.201155100495772809e+07
7.019999999999894499e+03,9.225446007106699042e-01,8.476885097653828537e-16,9.485425364704790711e+07,3.203391893022469804e+07
7.029999999999894499e+03,9.226892030685444057e-01,8.476727708248688762e-16,9.502605163558834791e+07,3.205619872632032260e+07
7.039999999999894499e+03,9.228338053656162110e-01,8.476569533430346547e-16,9.519795464740838110e+07,3.207839037298867106e+07
7.049999999999894499e+03,9.229784076055689290e-01,8.476410572708787136e-16,9.536996251478902996e+07,3.210049384469510987e+07
7.059999999999893589e+03,9.231230097837213044e-01,8.476250825635923729e-16,9.554207506913743913e+07,3.212250911702374369e+07
7.069999999999893589e+03,9.232676119096772105e-01,8.476090291806468191e-16,9.571429214099112153e+07,3.214443617403886095e+07
7.079999999999893589e+03,9.234122139793288220e-01,8.475928970859540321e-16,9.588661356002198160e+07,3.216627499600412324e+07
7.089999999999893589e+03,9.235568159865870097e-01,8.475766862477986483e-16,9.605903915504071116e+07,3.218802555766640231e+07
7.099999999999892680e+03,9.237014179421320081e-01,8.475603966378512919e-16,9.623156875400082767e+07,3.220968784926108643e+07
7.109999999999892680e+03,9.238460198483654517e-01,8.475440282315290851e-16,9.640420218400281668e+07,3.223126185046346858e+07
7.119999999999892680e+03,9.239906216988884591e-01,8.475275810140313210e-16,9.657693927129818499e+07,3.225274754567278549e+07
7.129999999999892680e+03,9.241352234950265254e-01,8.475110549712702255e-16,9.674977984129382670e+07,3.227414491903926805e+07
7.139999999999891770e+03,9.242798252472745890e-01,8.474944500932179963e-16,9.692272371855609119e+07,3.229545396332419291e+07
7.149999999999891770e+03,9.244244269433322669e-01,8.474777663759573471e-16,9.709577072681526840e+07,3.231667465573598072e+07
7.159999999999891770e+03,9.245690285916928763e-01,8.474610038112924076e-16,9.726892068897014856e+07,3.233780699484159425e+07
7.169999999999891770e+03,9.247136301951131010e-01,8.474441624145311224e-16,9.744217342709176242e+07,3.235885096257393062e+07
7.179999999999891770e+03,9.248582317472968661e-01,8.474272421941314608e-16,9.761552876242730021e+07,3.237980655390523747e+07
7.189999999999890861e+03,9.250028332539370624e-01,8.474102431565718443e-16,9.778898651540552080e+07,3.240067375810065866e+07
7.199999999999890861e+03,9.251474347167063517e-01,8.473931653301579828e-16,9.796254650564040244e+07,3.242145256869745627e+07
7.209999999999890861e+03,9.252920361359003865e-01,8.473760087350060266e-16,9.813620855193521082e+07,3.244214298245066777e+07
7.219999999999890861e+03,9.254366375077618390e-01,8.473587733992771268e-16,9.830997247228747606e+07,3.246274498879962415e+07
7.229999999999889951e+03,9.255812388431068349e-01,8.473414593635390469e-16,9.848383808389294147e+07,3.248325858681277558e+07
7.239999999999889951e+03,9.257258401345678234e-01,8.473240666558646842e-16,9.865780520315024257e+07,3.250368377099950984e+07
7.249999999999889951e+03,9.258704413894252028e-01,8.473065953310859853e-16,9.883187364566512406e+07,3.252402054549487308e+07
7.259999999999889951e+03,9.260150425987418998e-01,8.472890454381500930e-16,9.900604322625452280e+07,3.254426889934675768e+07
7.269999999999889042e+03,9.261596437705108542e-01,8.472714170259638197e-16,9.918031375895147026e+07,3.256442884144909680e+07
7.279999999999889042e+03,9.263042449055061134e-01,8.472537101612866888e-16,9.935468505700947344e+07,3.258450036747426167e+07
7.289999999999889042e+03,9.264488460106664602e-01,8.472359249114409775e-16,9.952915693290631473e+07,3.260448348472020403e+07
7.299999999999889042e+03,9.265934470754211283e-01,8.472180613382038623e-16,9.970372919834955037e+07,3.262437818964716792e+07
7.309999999999889042e+03,9.267380481068436815e-01,8.472001195270935846e-16,9.987840166428026557e+07,3.264418449292443693e+07
7.319999999999888132e+03,9.268826491035546677e-01,8.471820995585510798e-16,1.000531741408773810e+08,3.266390239624014497e+07
7.329999999999888132e+03,9.270272500717017250e-01,8.471640015204895710e-16,1.002280464375625402e+08,3.268353190792261809e+07
7.339999999999888132e+03,9.271718510086339737e-01,8.471458255067557971e-16,1.004030183630044758e+08,3.270307303648509085e+07
7.349999999999888132e+03,9.273164519129047934e-01,8.471275716165257456e-16,1.005780897251234502e+08,3.272252578688549623e+07
7.359999999999887223e+03,9.274610527875963850e-01,8.471092399551111640e-16,1.007532603310958147e+08,3.274189017188410461e+07
7.369999999999887223e+03,9.276056536365060445e-01,8.470908306335176994e-16,1.009285299873585403e+08,3.276116620110066980e+07
7.379999999999887223e+03,9.277502544574061094e-01,8.470723437685255590e-16,1.011038984996136278e+08,3.278035388767902553e+07
7.389999999999887223e+03,9.278948552521075754e-01,8.470537794821466758e-16,1.012793656728329211e+08,3.279945324169450253e+07
7.399999999999886313e+03,9.280394560206148835e-01,8.470351379041903798e-16,1.014549313112623245e+08,3.281846427914674208e+07
7.409999999999886313e+03,9.281840567686141519e-01,8.470164191710212377e-16,1.016305952184263915e+08,3.283738701935005933e+07
7.419999999999886313e+03,9.283286574912619216e-01,8.469976234226560452e-16,1.018063571971329153e+08,3.285622146876622364e+07
7.429999999999886313e+03,9.284732581957731989e-01,8.469787508065768845e-16,1.019822170494775623e+08,3.287496765570484474e+07
7.439999999999885404e+03,9.286178588779805398e-01,8.469598014765485232e-16,1.021581745768484622e+08,3.289362559242676198e+07
7.449999999999885404e+03,9.287624595405282735e-01,8.469407755861107064e-16,1.023342295799308419e+08,3.291219529593440518e+07
7.459999999999885404e+03,9.289070601840609953e-01,8.469216733073807549e-16,1.025103818587116152e+08,3.293067679455299675e+07
7.469999999999885404e+03,9.290516608109509189e-01,8.469024948145119408e-16,1.026866312124835253e+08,3.294907010282105953e+07
7.479999999999885404e+03,9.291962614189963610e-01,8.468832402859457842e-16,1.028629774398497641e+08,3.296737524847882614e+07
7.489999999999884494e+03,9.293408620135669151e-01,8.468639098942214493e-16,1.030394203387297541e+08,3.298559225298008695e+07
7.499999999999884494e+03,9.294854625964434902e-01,8.468445038485608225e-16,1.032159597063625306e+08,3.300372114252140373e+07
7.509999999999884494e+03,9.296300631647546053e-01,8.468250223367965171e-16,1.033925953393114507e+08,3.302176194146445766e+07
7.519999999999884494e+03,9.297746637186834473e-01,8.468054655685130985e-16,1.035693270334692150e+08,3.303971467949256673e+07
7.529999999999883585e+03,9.299192642621343374e-01,8.467858337525661258e-16,1.037461545840623528e+08,3.305757938210096955e+07
7.539999999999883585e+03,9.300638647964070138e-01,8.467661271096353945e-16,1.039230777856558412e+08,3.307535608154661953e+07
7.549999999999883585e+03,9.302084653226301292e-01,8.467463458613884522e-16,1.041000964321577996e+08,3.309304480855747685e+07
7.559999999999883585e+03,9.303530658378054152e-01,8.467264902465909139e-16,1.042772103168238103e+08,3.311064559022585675e+07
7.569999999999882675e+03,9.304976663487369848e-01,8.467065604935741311e-16,1.044544192322621197e+08,3.312815846303143725e+07
7.579999999999882675e+03,9.306422668567104761e-01,8.466865568583773075e-16,1.046317229704379290e+08,3.314558346377954632e+07
7.589999999999882675e+03,9.307868673571272344e-01,8.466664795884139455e-16,1.048091213226778507e+08,3.316292061945680156e+07
7.599999999999882675e+03,9.309314678556577238e-01,8.466463289434563357e-16,1.049866140796750486e+08,3.318016997469356284e+07
7.609999999999881766e+03,9.310760683506997815e-01,8.466261051931835797e-16,1.051642010314935148e+08,3.319733155951677263e+07
7.619999999999881766e+03,9.312206688444538694e-01,8.466058086148826522e-16,1.053418819675725698e+08,3.321440541568657756e+07
7.629999999999881766e+03,9.313652693391752946e-01,8.465854394782652939e-16,1.055196566767321229e+08,3.323139158470756188e+07
7.639999999999881766e+03,9.315098698327697324e-01,8.465649980820659314e-16,1.056975249471770823e+08,3.324829010081010312e+07
7.649999999999881766e+03,9.316544703334086464e-01,8.465444847198037329e-16,1.058754865665015876e+08,3.326510101399222389e+07
7.659999999999880856e+03,9.317990708326164828e-01,8.465238996945671441e-16,1.060535413216940761e+08,3.328182435985356942e+07
7.669999999999880856e+03,9.319436713362914126e-01,8.465032433172881561e-16,1.062316889991420656e+08,3.329846018472069874e+07
7.679999999999880856e+03,9.320882718427456748e-01,8.464825159060109324e-16,1.064099293846365064e+08,3.331500853313301504e+07
7.689999999999880856e+03,9.322328723616726265e-01,8.464617177864529854e-16,1.065882622633765042e+08,3.333146945360224321e+07
7.699999999999879947e+03,9.323774728837295189e-01,8.464408492918204839e-16,1.067666874199740738e+08,3.334784299025870860e+07
7.709999999999879947e+03,9.325220734169460401e-01,8.464199107632158975e-16,1.069452046384588629e+08,3.336412919204486534e+07
7.719999999999879947e+03,9.326666739572253562e-01,8.463989025490695228e-16,1.071238137022825778e+08,3.338032811064136028e+07
7.729999999999879947e+03,9.328112745077568047e-01,8.463778250058045928e-16,1.073025143943239748e+08,3.339643979395465925e+07
7.739999999999879037e+03,9.329558750718193183e-01,8.463566784975531876e-16,1.074813064968933165e+08,3.341246429226634279e+07
7.749999999999879037e+03,9.331004756511143139e-01,8.463354633958450292e-16,1.076601897917369753e+08,3.342840166410582885e+07
7.759999999999879037e+03,9.332450762405450906e-01,8.463141800810803830e-16,1.078391640600422025e+08,3.344425195663883165e+07
7.769999999999879037e+03,9.333896768472949024e-01,8.462928289388415421e-16,1.080182290824418813e+08,3.346001522933529317e+07
7.779999999999878128e+03,9.335342774691643974e-01,8.462714103643552155e-16,1.081973846390191466e+08,3.347569153645885736e+07
7.789999999999878128e+03,9.336788781078469990e-01,8.462499247652275092e-16,1.083766305093118101e+08,3.349128093345991895e+07
7.799999999999878128e+03,9.338234787656976010e-01,8.462283725524088065e-16,1.085559664723170847e+08,3.350678348343865201e+07
7.809999999999878128e+03,9.339680794424889410e-01,8.462067541451290789e-16,1.087353923064963669e+08,3.352219923934991658e+07
7.819999999999878128e+03,9.341126801377279687e-01,8.461850699720352264e-16,1.089149077897799462e+08,3.353752826825692505e+07
7.829999999999877218e+03,9.342572808588216482e-01,8.461633204609844004e-16,1.090945126995717436e+08,3.355277062851218134e+07
7.839999999999877218e+03,9.344018815968830882e-01,8.461415060669057826e-16,1.092742068127538115e+08,3.356792638031914085e+07
7.849999999999877218e+03,9.345464823639955121e-01,8.461196272406244070e-16,1.094539899056904763e+08,3.358299559140077978e+07
7.859999999999877218e+03,9.346910831540475861e-01,8.460976844433863573e-16,1.096338617542335838e+08,3.359797832497549057e+07
7.869999999999876309e+03,9.348356839670680651e-01,8.460756781325019918e-16,1.098138221337276101e+08,3.361287464699865133e+07
7.879999999999876309e+03,9.349802848073295314e-01,8.460536088029096434e-16,1.099938708190134019e+08,3.362768462522741407e+07
7.889999999999876309e+03,9.351248856789596831e-01,8.460314769338119411e-16,1.101740075844325572e+08,3.364240832605573535e+07
7.899999999999876309e+03,9.352694865793506063e-01,8.460092830145802263e-16,1.103542322038333565e+08,3.365704582330533117e+07
7.909999999999875399e+03,9.354140875066467853e-01,8.459870275598381660e-16,1.105345444505742192e+08,3.367159717997007072e+07
7.919999999999875399e+03,9.355586884657134394e-01,8.459647110682029459e-16,1.107149440975288153e+08,3.368606247204422206e+07
7.929999999999875399e+03,9.357032894582476557e-01,8.459423340732124549e-16,1.108954309170906544e+08,3.370044177362689376e+07
7.939999999999875399e+03,9.358478904805336285e-01,8.459198970924429675e-16,1.110760046811775565e+08,3.371473515455469489e+07
7.949999999999874490e+03,9.359924915425973380e-01,8.458974006749368418e-16,1.112566651612364054e+08,3.372894269346621633e+07
7.959999999999874490e+03,9.361370926355423450e-01,8.458748453552687273e-16,1.114374121282476336e+08,3.374306446181347966e+07
7.969999999999874490e+03,9.362816937639881765e-01,8.458522317027780773e-16,1.116182453527297378e+08,3.375710053685914725e+07
7.979999999999874490e+03,9.364262949349022591e-01,8.458295602653774042e-16,1.117991646047442108e+08,3.377105100231151283e+07
7.989999999999874490e+03,9.365708961401015831e-01,8.458068316336026568e-16,1.119801696538998783e+08,3.378491593107078969e+07
7.999999999999873580e+03,9.367154973863232037e-01,8.457840463725509918e-16,1.121612602693575472e+08,3.379869540512193739e+07
8.009999999999873580e+03,9.368600986720225787e-01,8.457612050844041145e-16,1.123424362198348194e+08,3.381238950595213473e+07
8.019999999999873580e+03,9.370046999998319359e-01,8.457383083710718687e-16,1.125236972736097127e+08,3.382599831633111835e+07
8.029999999999873580e+03,9.371493013678793282e-01,8.457153568290598098e-16,1.127050431985263824e+08,3.383952191895677149e+07
8.039999999999872671e+03,9.372939027793216749e-01,8.456923510869196850e-16,1.128864737619994283e+08,3.385296039668200910e+07
8.049999999999872671e+03,9.374385042376411903e-01,8.456692917748563987e-16,1.130679887310173213e+08,3.386631383941815794e+07
8.059999999999872671e+03,9.375831057397996382e-01,8.456461795137392777e-16,1.132495878721485883e+08,3.387958232774518430e+07
8.069999999999872671e+03,9.377277072878215103e-01,8.456230149620742028e-16,1.134312709515457153e+08,3.389276595546231419e+07
8.079999999999871761e+03,9.378723088835002608e-01,8.455997987714369117e-16,1.136130377349489331e+08,3.390586480514185876e+07
8.089999999999871761e+03,9.380169105300764087e-01,8.455765316108166551e-16,1.137948879876913130e+08,3.391887897222789377e+07
8.099999999999871761e+03,9.381615122213550206e-01,8.455532141383004284e-16,1.139768214747037292e+08,3.393180854386923462e+07
8.109999999999871761e+03,9.383061139682031815e-01,8.455298470488282450e-16,1.141588379605193287e+08,3.394465361250404269e+07
8.119999999999871761e+03,9.384507157640841202e-01,8.455064310314669502e-16,1.143409372092769742e+08,3.395741427366796136e+07
8.129999999999870852e+03,9.385953176113026597e-01,8.454829667873041503e-16,1.145231189847265333e+08,3.397009061493125558e+07
8.139999999999870852e+03,9.387399195136395535e-01,8.454594550265720259e-16,1.147053830502333790e+08,3.398268273817366362e+07
8.149999999999870852e+03,9.388845214671304173e-01,8.454358964691049697e-16,1.148877291687826514e+08,3.399519073719342798e+07
8.159999999999870852e+03,9.390291234786662944e-01,8.454122918441850685e-16,1.150701571029839516e+08,3.400761470660771430e+07
8.169999999999869942e+03,9.391737255430718800e-01,8.453886418907932566e-16,1.152526666150755137e+08,3.401995474694297463e+07
8.179999999999869942e+03,9.393183276708984009e-01,8.453649473571644971e-16,1.154352574669288546e+08,3.403221095844882727e+07
8.189999999999869942e+03,9.394629298519258098e-01,8.453412090009799678e-16,1.156179294200532287e+08,3.404438343814613670e+07
8.199999999999869033e+03,9.396075320922046004e-01,8.453174275901002093e-16,1.158006822355999798e+08,3.405647229034825414e+07
8.209999999999869033e+03,9.397521343919938985e-01,8.452936039012554182e-16,1.159835156743669510e+08,3.406847761400670558e+07
8.219999999999869033e+03,9.398967367560734365e-01,8.452697387211030141e-16,1.161664294968028814e+08,3.408039951513820142e+07
8.229999999999869033e+03,9.400413391778681405e-01,8.452458328457971183e-16,1.163494234630119056e+08,3.409223809614223987e+07
8.239999999999869033e+03,9.401859416649874790e-01,8.452218870811734437e-16,1.165324973327578753e+08,3.410399346391885728e+07
8.249999999999869033e+03,9.403305442145293291e-01,8.451979022427287840e-16,1.167156508654690087e+08,3.411566572433451563e+07
8.259999999999869033e+03,9.404751468263949921e-01,8.451738791551446403e-16,1.168988838202417791e+08,3.412725498352679610e+07
8.269999999999869033e+03,9.406197495082451177e-01,8.451498186536405124e-16,1.170821959558462054e+08,3.413876135279663652e+07
8.279999999999867214e+03,9.407643522544364423e-01,8.451257215837923615e-16,1.172655870307283849e+08,3.415018493575016409e+07
8.289999999999867214e+03,9.409089550673194191e-01,8.451015888001290302e-16,1.174490568030180931e+08,3.416152585004403442e+07
8.299999999999867214e+03,9.410535579520258320e-01,8.450774211670709862e-16,1.176326050305281132e+08,3.417278420118386298e+07
8.309999999999867214e+03,9.411981609002453286e-01,8.450532195582133472e-16,1.178162314707639664e+08,3.418396010519573092e+07
8.319999999999867214e+03,9.413427639180200757e-01,8.450289848570438420e-16,1.179999358809233904e+08,3.419505367004354298e+07
8.329999999999867214e+03,9.414873670095226244e-01,8.450047179567927306e-16,1.181837180179031491e+08,3.420606501669459790e+07
8.339999999999867214e+03,9.416319701712778656e-01,8.449804197607519963e-16,1.183675776383055449e+08,3.421699425901769102e+07
8.349999999999867214e+03,9.417765734068261896e-01,8.449560911787858200e-16,1.185515144984381944e+08,3.422784150941224396e+07
8.359999999999865395e+03,9.419211767154676007e-01,8.449317331399820355e-16,1.187355283543231487e+08,3.423860688681986183e+07
8.369999999999865395e+03,9.420657800966727446e-01,8.449073465773426068e-16,1.189196189616966397e+08,3.424929051141217351e+07
8.379999999999865395e+03,9.422103835570176944e-01,8.448829324336848016e-16,1.191037860760156810e+08,3.425989250211633742e+07
8.389999999999865395e+03,9.423549870873839662e-01,8.448584916598034404e-16,1.192880294524615705e+08,3.427041297409717739e+07
8.399999999999865395e+03,9.424995907001290085e-01,8.448340252119996914e-16,1.194723488459451050e+08,3.428085205669800192e+07
8.409999999999865395e+03,9.426441943832145620e-01,8.448095340737711958e-16,1.196567440111098439e+08,3.429120986310598254e+07
8.419999999999865395e+03,9.427887981507026005e-01,8.447850192265362559e-16,1.198412147023359984e+08,3.430148652318608761e+07
8.429999999999865395e+03,9.429334019936823630e-01,8.447604816564725689e-16,1.200257606737455279e+08,3.431168215836443007e+07
8.439999999999865395e+03,9.430780059191981035e-01,8.447359223682108666e-16,1.202103816792064756e+08,3.432179689279948175e+07
8.449999999999863576e+03,9.432226099247766893e-01,8.447113423795006376e-16,1.203950774723351300e+08,3.433183085250116885e+07
8.459999999999863576e+03,9.433672140120039629e-01,8.446867427057009244e-16,1.205798478065042347e+08,3.434178416651790589e+07
8.469999999999863576e+03,9.435118181794295289e-01,8.446621243811879384e-16,1.207646924348431379e+08,3.435165695967762172e+07
8.479999999999863576e+03,9.436564224291287273e-01,8.446374884539671393e-16,1.209496111102444828e+08,3.436144935924883932e+07
8.489999999999863576e+03,9.438010267665539743e-01,8.446128359651033912e-16,1.211346035853639394e+08,3.437116150227939337e+07
8.499999999999863576e+03,9.439456311869718341e-01,8.445881679867494820e-16,1.213196696126341075e+08,3.438079350858642906e+07
8.509999999999863576e+03,9.440902356949137930e-01,8.445634855883359391e-16,1.215048089442557842e+08,3.439034552151556313e+07
8.519999999999863576e+03,9.442348402866159729e-01,8.445387898464648243e-16,1.216900213322152495e+08,3.439981766347075999e+07
8.529999999999861757e+03,9.443794449650954048e-01,8.445140818647270049e-16,1.218753065282730162e+08,3.440921007109996676e+07
8.539999999999861757e+03,9.445240497296523152e-01,8.444893627265382300e-16,1.220606642839857340e+08,3.441852287958993018e+07
8.549999999999861757e+03,9.446686545835326632e-01,8.444646335701077388e-16,1.222460943506681025e+08,3.442775622291846573e+07
8.559999999999861757e+03,9.448132595280778201e-01,8.444398954918040808e-16,1.224315964794871956e+08,3.443691023922442645e+07
8.569999999999861757e+03,9.449578645587335402e-01,8.444151496431995029e-16,1.226171704213576913e+08,3.444598506153792888e+07
8.579999999999861757e+03,9.451024696843042250e-01,8.443903971450795748e-16,1.228028159270654023e+08,3.445498082758273184e+07
8.589999999999861757e+03,9.452470748974046710e-01,8.443656391725513209e-16,1.229885327473822385e+08,3.446389767993195355e+07
8.599999999999861757e+03,9.453916802047552803e-01,8.443408768740563938e-16,1.231743206324426681e+08,3.447273575195069611e+07
8.609999999999861757e+03,9.455362856009648098e-01,8.443161114190509114e-16,1.233601793323373348e+08,3.448149518503426015e+07
8.619999999999859938e+03,9.456808910940026625e-01,8.442913439980001326e-16,1.235461085917784572e+08,3.449017612295713276e+07
8.629999999999859938e+03,9.458254966816932452e-01,8.442665757869060447e-16,1.237321081783164591e+08,3.449877870077147335e+07
8.639999999999859938e+03,9.459701023634230488e-01,8.442418080023202548e-16,1.239181778291961849e+08,3.450730304274605215e+07
8.649999999999859938e+03,9.461147081390843816e-01,8.442170418527743172e-16,1.241043172811191827e+08,3.451574929943478107e+07
8.659999999999859938e+03,9.462593140124310187e-01,8.441922785541204150e-16,1.242905263015931249e+08,3.452411763350285590e+07
8.669999999999859938e+03,9.464039199778901956e-01,8.441675193318430191e-16,1.244768046347087920e+08,3.453240818541891873e+07
8.679999999999859938e+03,9.465485260441077742e-01,8.441427654396164463e-16,1.246631520291504413e+08,3.454062110388417542e+07
8.689999999999859938e+03,9.466931322099882973e-01,8.441180181220656938e-16,1.248495682336762249e+08,3.454875653854033351e+07
8.699999999999858119e+03,9.468377384697543864e-01,8.440932786393651935e-16,1.250360529970416427e+08,3.455681463293633610e+07
8.709999999999858119e+03,9.469823448312053582e-01,8.440685482615245995e-16,1.252226060678203553e+08,3.456479554135172069e+07
8.719999999999858119e+03,9.471269512899278542e-01,8.440438282679195137e-16,1.254092271943977475e+08,3.457269940890570730e+07
8.729999999999858119e+03,9.472715578515260582e-01,8.440191199478492113e-16,1.255959161250360906e+08,3.458052638737559319e+07
8.739999999999858119e+03,9.474161645159400180e-01,8.439944246002302666e-16,1.257826726078767926e+08,3.458827662865956128e+07
8.749999999999858119e+03,9.475607712755622636e-01,8.439697435338517495e-16,1.259694963909240663e+08,3.459595028291313350e+07
8.759999999999858119e+03,9.477053781424216172e-01,8.439450780668689739e-16,1.261563872220612466e+08,3.460354750151329488e+07
8.769999999999858119e+03,9.478499851141710675e-01,8.439204295269531845e-16,1.263433448490501195e+08,3.461106844336460531e+07
8.779999999999858119e+03,9.479945921815204901e-01,8.438957992560000696e-16,1.265303690195280910e+08,3.461851325167569518e+07
8.789999999999856300e+03,9.481391993584943334e-01,8.438711885894096399e-16,1.267174594810259193e+08,3.462588209344065934e+07
8.799999999999856300e+03,9.482838066365186780e-01,8.438465988947588521e-16,1.269046159809545130e+08,3.463317511441895366e+07
8.809999999999856300e+03,9.484284140206914460e-01,8.438220315345134359e-16,1.270918382666224241e+08,3.464039247765004635e+07
8.819999999999856300e+03,9.485730215113196140e-01,8.437974878886695824e-16,1.272791260852344483e+08,3.464753433556925505e+07
8.829999999999856300e+03,9.487176291084598034e-01,8.437729693302294419e-16,1.274664791838968992e+08,3.465460085067524016e+07
8.839999999999856300e+03,9.488622368088048820e-01,8.437484772647411992e-16,1.276538973096212000e+08,3.466159217683853954e+07
8.849999999999856300e+03,9.490068446192807539e-01,8.437240130973359287e-16,1.278413802093254626e+08,3.466850847605896741e+07
8.859999999999856300e+03,9.491514525366300248e-01,8.436995782281019117e-16,1.280289276298415512e+08,3.467534990699321032e+07
8.869999999999854481e+03,9.492960605600744284e-01,8.436751740967646329e-16,1.282165393179159313e+08,3.468211663175982982e+07
8.879999999999854481e+03,9.494406686941807560e-01,8.436508021177691490e-16,1.284042150202150494e+08,3.468880881047531962e+07
8.889999999999854481e+03,9.495852769379047320e-01,8.436264637490593915e-16,1.285919544833282977e+08,3.469542660863366723e+07
8.899999999999854481e+03,9.497298852896773891e-01,8.436021604243603749e-16,1.287797574537715167e+08,3.470197018492697179e+07
8.909999999999854481e+03,9.498744937521357290e-01,8.435778936190643520e-16,1.289676236779909581e+08,3.470843970601551980e+07
8.919999999999854481e+03,9.500191023252166911e-01,8.435536647857226999e-16,1.291555529023672789e+08,3.471483533266688883e+07
8.929999999999854481e+03,9.501637110110336959e-01,8.435294754179010547e-16,1.293435448732172996e+08,3.472115723417980224e+07
8.939999999999854481e+03,9.503083198046047286e-01,8.435053269861409635e-16,1.295315993368019760e+08,3.472740557370994240e+07
8.949999999999854481e+03,9.504529287150760286e-01,8.434812210021917007e-16,1.297197160393249094e+08,3.473358051952612400e+07
8.959999999999852662e+03,9.505975377337327892e-01,8.434571589587324200e-16,1.299078947269403785e+08,3.473968223521628976e+07
8.969999999999852662e+03,9.507421468635436357e-01,8.434331423687319745e-16,1.300961351457556188e+08,3.474571089240977913e+07
8.979999999999852662e+03,9.508867561106448818e-01,8.434091727663548254e-16,1.302844370418307781e+08,3.475166665649906546e+07
8.989999999999852662e+03,9.510313654729428690e-01,8.433852516716497541e-16,1.304728001611876190e+08,3.475754969853614271e+07
8.999999999999852662e+03,9.511759749453312374e-01,8.433613806233592773e-16,1.306612242498090118e+08,3.476336018646512181e+07
9.009999999999852662e+03,9.513205845341659028e-01,8.433375611825843006e-16,1.308497090536454022e+08,3.476909829360056669e+07
9.019999999999852662e+03,9.514651942371885607e-01,8.433137948945485233e-16,1.310382543186164796e+08,3.477476418497939408e+07
9.029999999999852662e+03,9.516098040596285834e-01,8.432900833292572172e-16,1.312268597906164825e+08,3.478035803985586762e+07
9.039999999999850843e+03,9.517544139927804903e-01,8.432664280612444058e-16,1.314155252155164778e+08,3.478588002449095994e+07
9.049999999999850843e+03,9.518990240474545228e-01,8.432428306681856526e-16,1.316042503391686082e+08,3.479133031478583813e+07
9.059999999999850843e+03,9.520436342103197891e-01,8.432192927544507852e-16,1.317930349074088335e+08,3.479670908091047406e+07
9.069999999999850843e+03,9.521882444971834225e-01,8.431958159074801831e-16,1.319818786660607606e+08,3.480201649989967048e+07
9.079999999999850843e+03,9.523328548987959330e-01,8.431724017395606821e-16,1.321707813609396815e+08,3.480725274693057686e+07
9.089999999999850843e+03,9.524774654207893709e-01,8.431490518672361071e-16,1.323597427378550470e+08,3.481241799529849738e+07
9.099999999999850843e+03,9.526220760571031398e-01,8.431257679100564348e-16,1.325487625426151007e+08,3.481751242095993459e+07
9.109999999999850843e+03,9.527666868131370315e-01,8.431025515105957306e-16,1.327378405210292041e+08,3.482253619863669574e+07
9.119999999999850843e+03,9.529112976895985909e-01,8.430794043049373125e-16,1.329269764189114720e+08,3.482748951026480645e+07
9.129999999999849024e+03,9.530559086833561011e-01,8.430563279377504605e-16,1.331161699820850044e+08,3.483237252905162424e+07
9.139999999999849024e+03,9.532005197986517242e-01,8.430333240729058220e-16,1.333054209563848972e+08,3.483718543396871537e+07
9.149999999999849024e+03,9.533451310333371786e-01,8.430103943724432957e-16,1.334947290876611471e+08,3.484192840502294898e+07
9.159999999999849024e+03,9.534897423885959622e-01,8.429875405046652509e-16,1.336840941217828840e+08,3.484660161973800510e+07
9.169999999999849024e+03,9.536343538661284924e-01,8.429647641568903382e-16,1.338735158046412170e+08,3.485120525870776176e+07
9.179999999999849024e+03,9.537789654611306123e-01,8.429420670147657103e-16,1.340629938821525425e+08,3.485573950194504857e+07
9.189999999999849024e+03,9.539235771783239892e-01,8.429194507695145833e-16,1.342525281002625823e+08,3.486020452881607413e+07
9.199999999999849024e+03,9.540681890136512022e-01,8.428969171322175772e-16,1.344421182049493492e+08,3.486460052370537817e+07
9.209999999999847205e+03,9.542128009778173547e-01,8.428744678078950853e-16,1.346317639422259331e+08,3.486892766781844199e+07
9.219999999999847205e+03,9.543574130564805857e-01,8.428521045173945160e-16,1.348214650581451058e+08,3.487318614059909433e+07
9.229999999999847205e+03,9.545020252618063861e-01,8.428298289879947618e-16,1.350112212988010049e+08,3.487737612636425346e+07
9.239999999999847205e+03,9.546466375930564574e-01,8.428076429471439260e-16,1.352010324103345871e+08,3.488149781368426234e+07
9.249999999999847205e+03,9.547912500417339299e-01,8.427855481422894122e-16,1.353908981389337480e+08,3.488555137536313385e+07
9.259999999999847205e+03,9.549358626155463048e-01,8.427635463151465634e-16,1.355808182308417261e+08,3.488953700650171936e+07
9.269999999999847205e+03,9.550804753135861969e-01,8.427416392244074038e-16,1.357707924323547781e+08,3.489345488617367297e+07
9.279999999999847205e+03,9.552250881341962652e-01,8.427198286287059761e-16,1.359608204898304343e+08,3.489730520107490569e+07
9.289999999999847205e+03,9.553697010821804447e-01,8.426981162986041960e-16,1.361509021496884227e+08,3.490108813863000274e+07
9.299999999999845386e+03,9.555143141493557257e-01,8.426765040087852842e-16,1.363410371584114432e+08,3.490480388222612441e+07
9.309999999999845386e+03,9.556589273449664912e-01,8.426549935409868501e-16,1.365312252625535131e+08,3.490845261897177994e+07
9.319999999999845386e+03,9.558035406632536812e-01,8.426335866857426966e-16,1.367214662087375820e+08,3.491203453888137639e+07
9.329999999999845386e+03,9.559481541086617407e-01,8.426122852358177225e-16,1.369117597436637878e+08,3.491554982696720213e+07
9.339999999999845386e+03,9.560927676795030195e-01,8.425910909986735025e-16,1.371021056141098142e+08,3.491899867204778641e+07
9.349999999999845386e+03,9.562373813747275797e-01,8.425700057758565348e-16,1.372925035669354796e+08,3.492238126379588991e+07
9.359999999999845386e+03,9.563819951960336185e-01,8.425490313900333924e-16,1.374829533490855992e+08,3.492569778962614387e+07
9.369999999999845386e+03,9.565266091396761317e-01,8.425281696549179641e-16,1.376734547075928748e+08,3.492894843711077422e+07
9.379999999999843567e+03,9.566712232143450567e-01,8.425074224071846258e-16,1.378640073895813823e+08,3.493213340191479027e+07
9.389999999999843567e+03,9.568158374118707066e-01,8.424867914700773966e-16,1.380546111422699392e+08,3.493525286876136065e+07
9.399999999999843567e+03,9.569604517403558219e-01,8.424662786951972810e-16,1.382452657129749358e+08,3.493830703075160831e+07
9.409999999999843567e+03,9.571050661940037063e-01,8.424458859167080067e-16,1.384359708491136134e+08,3.494129607821396738e+07
9.419999999999843567e+03,9.572496807727035595e-01,8.424256149981086713e-16,1.386267262982072234e+08,3.494422020224549621e+07
9.429999999999843567e+03,9.573942954834619989e-01,8.424054677863934307e-16,1.388175318078841567e+08,3.494707959772223234e+07
9.439999999999843567e+03,9.575389103156461967e-01,8.423854461534859241e-16,1.390083871258834004e+08,3.494987445121115446e+07
9.449999999999843567e+03,9.576835252772555318e-01,8.423655519646626517e-16,1.391992920000569820e+08,3.495260496045022458e+07
9.459999999999843567e+03,9.578281403698329921e-01,8.423457870915843649e-16,1.393902461783740520e+08,3.495527131573013216e+07
9.469999999999841748e+03,9.579727555891828228e-01,8.423261534269509328e-16,1.395812494089228213e+08,3.495787371315126121e+07
9.479999999999841748e+03,9.581173709348347334e-01,8.423066528425516911e-16,1.397723014399147630e+08,3.496041234156066179e+07
9.489999999999841748e+03,9.582619864112937869e-01,8.422872872318100915e-16,1.399634020196878314e+08,3.496288740019302815e+07
9.499999999999841748e+03,9.584066020162209654e-01,8.422680585023595343e-16,1.401545508967080712e+08,3.496529908119364083e+07
9.509999999999841748e+03,9.585512177440631554e-01,8.422489685414771602e-16,1.403457478195739388e+08,3.496764757552965730e+07
9.519999999999841748e+03,9.586958336071220721e-01,8.422300192626755525e-16,1.405369925370196700e+08,3.496993308742786199e+07
9.529999999999841748e+03,9.588404495969440333e-01,8.422112125790972205e-16,1.407282847979173362e+08,3.497215580375356972e+07
9.539999999999841748e+03,9.589850657184730842e-01,8.421925503995618140e-16,1.409196243512806594e+08,3.497431592814690620e+07
9.549999999999839929e+03,9.591296819683333696e-01,8.421740346556603406e-16,1.411110109462674856e+08,3.497641364749512076e+07
9.559999999999839929e+03,9.592742983453035333e-01,8.421556672626417651e-16,1.413024443321832418e+08,3.497844916706501693e+07
9.569999999999839929e+03,9.594189148498033504e-01,8.421374501549488272e-16,1.414939242584843934e+08,3.498042267474506050e+07
9.579999999999839929e+03,9.595635314956529882e-01,8.421193852755539237e-16,1.416854504747801423e+08,3.498233437933447212e+07
9.589999999999839929e+03,9.597081482572944466e-01,8.421014745551433372e-16,1.418770227308363616e+08,3.498418446667412668e+07
9.599999999999839929e+03,9.598527651572674735e-01,8.420837199371550896e-16,1.420686407765790820e+08,3.498597314052512497e+07
9.609999999999839929e+03,9.599973821832297194e-01,8.420661233769640488e-16,1.422603043620965481e+08,3.498770059805567563e+07
9.619999999999839929e+03,9.601419993403101927e-01,8.420486868158234865e-16,1.424520132376427948e+08,3.498936703596809506e+07
9.629999999999839929e+03,9.602866166276757820e-01,8.420314122202847533e-16,1.426437671536406279e+08,3.499097265398716182e+07
9.639999999999838110e+03,9.604312340513383450e-01,8.420143015493572952e-16,1.428355658606839180e+08,3.499251765416298062e+07
9.649999999999838110e+03,9.605758516002749214e-01,8.419973567600328491e-16,1.430274091095413864e+08,3.499400223217166960e+07
9.659999999999838110e+03,9.607204692816972980e-01,8.419805798222674893e-16,1.432192966511598229e+08,3.499542658604013175e+07
9.669999999999838110e+03,9.608650870927397669e-01,8.419639727173444452e-16,1.434112282366657853e+08,3.499679091801830381e+07
9.679999999999838110e+03,9.610097050351540382e-01,8.419475374118731474e-16,1.436032036173692346e+08,3.499809542883808911e+07
9.689999999999838110e+03,9.611543231055703629e-01,8.419312758887306201e-16,1.437952225447668433e+08,3.499934031260434538e+07
9.699999999999838110e+03,9.612989413119443771e-01,8.419151901286509469e-16,1.439872847705444694e+08,3.500052577918768674e+07
9.709999999999838110e+03,9.614435596477133306e-01,8.418992821156438578e-16,1.441793900465804338e+08,3.500165202243982255e+07
9.719999999999838110e+03,9.615881781166204512e-01,8.418835538373149079e-16,1.443715381249484122e+08,3.500271924776360393e+07
9.729999999999836291e+03,9.617327967146265255e-01,8.418680072883239424e-16,1.445637287579200864e+08,3.500372765132121742e+07
9.739999999999836291e+03,9.618774154464087012e-01,8.418526444655365602e-16,1.447559616979678869e+08,3.500467743910870701e+07
9.749999999999836291e+03,9.620220343108303318e-01,8.418374673632721143e-16,1.449482366977683306e+08,3.500556881152437627e+07
9.759999999999836291e+03,9.621666533044002101e-01,8.418224779875415668e-16,1.451405535102046430e+08,3.500640196789871901e+07
9.769999999999836291e+03,9.623112724296024600e-01,8.418076783369985684e-16,1.453329118883697689e+08,3.500717711355350167e+07
9.779999999999836291e+03,9.624558916873083847e-01,8.417930704197563953e-16,1.455253115855692625e+08,3.500789444951897115e+07
9.789999999999836291e+03,9.626005110768556250e-01,8.417786562443419828e-16,1.457177523553240001e+08,3.500855418077298999e+07
9.799999999999836291e+03,9.627451305984469077e-01,8.417644378218515860e-16,1.459102339513734579e+08,3.500915650560704619e+07
9.809999999999834472e+03,9.628897502541060582e-01,8.417504171675847083e-16,1.461027561276780069e+08,3.500970162875932455e+07
9.819999999999834472e+03,9.630343700436366783e-01,8.417365963005055063e-16,1.462953186384217441e+08,3.501018975774509460e+07
9.829999999999834472e+03,9.631789899621336914e-01,8.417229772293082524e-16,1.464879212380160987e+08,3.501062108763951063e+07
9.839999999999834472e+03,9.633236100137456681e-01,8.417095619826741931e-16,1.466805636811022460e+08,3.501099582899803668e+07
9.849999999999834472e+03,9.634682301955834749e-01,8.416963525798896362e-16,1.468732457225534916e+08,3.501131418236464262e+07
9.859999999999834472e+03,9.636128505142447231e-01,8.416833510479247890e-16,1.470659671174784601e+08,3.501157635387628525e+07
9.869999999999834472e+03,9.637574709651046678e-01,8.416705594101862784e-16,1.472587276212238371e+08,3.501178254560607672e+07
9.879999999999834472e+03,9.639020915452354288e-01,8.416579796957030415e-16,1.474515269893773496e+08,3.501193296056535840e+07
9.889999999999834472e+03,9.640467122606262151e-01,8.416456139350220796e-16,1.476443649777702093e+08,3.501202780790937692e+07
9.899999999999832653e+03,9.641913331083664662e-01,8.416334641578859531e-16,1.478372413424803019e+08,3.501206728819335252e+07
9.909999999999832653e+03,9.643359540880416247e-01,8.416215323985269256e-16,1.480301558398346305e+08,3.501205160940450430e+07
9.919999999999832653e+03,9.644805751988103637e-01,8.416098206896188661e-16,1.482231082264121473e+08,3.501198097126834840e+07
9.929999999999832653e+03,9.646251964491989739e-01,8.415983310724972375e-16,1.484160982590463161e+08,3.501185558492059261e+07
9.939999999999832653e+03,9.647698178275020409e-01,8.415870655694759958e-16,1.486091256948285699e+08,3.501167565509008616e+07
9.949999999999832653e+03,9.649144393391890784e-01,8.415760262303718447e-16,1.488021902911108434e+08,3.501144138167560846e+07
9.959999999999832653e+03,9.650590609866070979e-01,8.415652150934065149e-16,1.489952918055073023e+08,3.501115297687221318e+07
9.969999999999832653e+03,9.652036827655916529e-01,8.415546341983202939e-16,1.491884299958978593e+08,3.501081063896931708e+07
9.979999999999830834e+03,9.653483046771997866e-01,8.415442855798951828e-16,1.493816046204310954e+08,3.501041458396705240e+07
9.989999999999830834e+03,9.654929267199566789e-01,8.415341712796231349e-16,1.495748154375270605e+08,3.500996500830817223e+07
9.999999999999830834e+03,9.656375489009552116e-01,8.415242933463601202e-16,1.497680622058793008e+08,3.500946212368603051e+07
1.000999999999983083e+04,9.657821712104309730e-01,8.415146538237599653e-16,1.499613446844571233e+08,3.500890613271129131e+07
1.001999999999983083e+04,9.659267936595188342e-01,8.415052547423688825e-16,1.501546626325098872e+08,3.500829724725762755e+07
1.002999999999983083e+04,9.660714162381824899e-01,8.414960981564336215e-16,1.503480158095689416e+08,3.500763566913010925e+07
1.003999999999983083e+04,9.662160389482985501e-01,8.414871861129325645e-16,1.505414039754493833e+08,3.500692160430671275e+07
1.004999999999983083e+04,9.663606617958693246e-01,8.414785206434938467e-16,1.507348268902539015e+08,3.500615526472263783e+07
1.005999999999983083e+04,9.665052847757569232e-01,8.414701038072839486e-16,1.509282843143750131e+08,3.500533685258645564e+07
1.006999999999982901e+04,9.666499078865478101e-01,8.414619376392699578e-16,1.511217760084970593e+08,3.500446657720323652e+07
1.007999999999982901e+04,9.667945311316903378e-01,8.414540241858668127e-16,1.513153017336000800e+08,3.500354464302696288e+07
1.008999999999982901e+04,9.669391545170746838e-01,8.414463654899469733e-16,1.515088612509619892e+08,3.500257126271845400e+07
1.009999999999982901e+04,9.670837780311871690e-01,8.414389635998915150e-16,1.517024543221604526e+08,3.500154663728807867e+07
1.010999999999982901e+04,9.672284016781544924e-01,8.414318205596654703e-16,1.518960807090761662e+08,3.500047097739662230e+07
1.011999999999982901e+04,9.673730254608952084e-01,8.414249384207751843e-16,1.520897401738945246e+08,3.499934449122340977e+07
1.012999999999982901e+04,9.675176493777065678e-01,8.414183192068347545e-16,1.522834324791099429e+08,3.499816738489202410e+07
1.013999999999982901e+04,9.676622734264580528e-01,8.414119649763487082e-16,1.524771573875276744e+08,3.499693986683788151e+07
1.014999999999982720e+04,9.678068976105802523e-01,8.414058777729541090e-16,1.526709146622650325e+08,3.499566214323953539e+07
1.015999999999982720e+04,9.679515219281498162e-01,8.414000596294840771e-16,1.528647040667558014e+08,3.499433442575427890e+07
1.016999999999982720e+04,9.680961463830495273e-01,8.413945126009835904e-16,1.530585253647515476e+08,3.499295692010653764e+07
1.017999999999982720e+04,9.682407709648486183e-01,8.413892387170565672e-16,1.532523783203245103e+08,3.499152983044535667e+07
1.018999999999982720e+04,9.683853956853627487e-01,8.413842400282271223e-16,1.534462626978705227e+08,3.499005337390552461e+07
1.019999999999982720e+04,9.685300205414342223e-01,8.413795185574317214e-16,1.536401782621112764e+08,3.498852775078982115e+07
1.020999999999982720e+04,9.686746455266792566e-01,8.413750763659671639e-16,1.538341247780964077e+08,3.498695317314973474e+07
1.021999999999982720e+04,9.688192706488467643e-01,8.413709154679307291e-16,1.540281020112063587e+08,3.498532984697231650e+07
1.022999999999982720e+04,9.689638959052545575e-01,8.413670379176305991e-16,1.542221097271553278e+08,3.498365798461559415e+07
1.023999999999982538e+04,9.691085212939125615e-01,8.413634457441353511e-16,1.544161476919922233e+08,3.498193779034230858e+07
1.024999999999982538e+04,9.692531468196230460e-01,8.413601409910924024e-16,1.546102156721040308e+08,3.498016947807535529e+07
1.025999999999982538e+04,9.693977724784856864e-01,8.413571256763609127e-16,1.548043134342188835e+08,3.497835324693596363e+07
1.026999999999982538e+04,9.695423982697500831e-01,8.413544018480093714e-16,1.549984407454077303e+08,3.497648931938665360e+07
1.027999999999982538e+04,9.696870241993515993e-01,8.413519715269693542e-16,1.551925973730864823e+08,3.497457789195570350e+07
1.028999999999982538e+04,9.698316502613207879e-01,8.413498367471436769e-16,1.553867830850193799e+08,3.497261918054469675e+07
1.029999999999982538e+04,9.699762764582159358e-01,8.413479995348996597e-16,1.555809976493206024e+08,3.497061339098150283e+07
1.030999999999982538e+04,9.701209027879431623e-01,8.413464619224733539e-16,1.557752408344566524e+08,3.496856073457302898e+07
1.031999999999982356e+04,9.702655292532571529e-01,8.413452259291291762e-16,1.559695124092490077e+08,3.496646141692434996e+07
1.032999999999982356e+04,9.704101558535978000e-01,8.413442935877851479e-16,1.561638121428761780e+08,3.496431565155278146e+07
1.033999999999982356e+04,9.705547825868408029e-01,8.413436669098194435e-16,1.563581398048765361e+08,3.496212364478058368e+07
1.034999999999982356e+04,9.706994094541039342e-01,8.413433479349364574e-16,1.565524951651498377e+08,3.495988560605552793e+07
1.035999999999982356e+04,9.708440364574791870e-01,8.413433386621879194e-16,1.567468779939602315e+08,3.495760174477967620e+07
1.036999999999982356e+04,9.709886635966000767e-01,8.413436411316499746e-16,1.569412880619381964e+08,3.495527227313484251e+07
1.037999999999982356e+04,9.711332908696159727e-01,8.413442573425278848e-16,1.571357251400827169e+08,3.495289739730352908e+07
1.038999999999982356e+04,9.712779182736477335e-01,8.413451893199218625e-16,1.573301889997641742e+08,3.495047732738004625e+07
1.039999999999982356e+04,9.714225458161498405e-01,8.413464390780836066e-16,1.575246794127255976e+08,3.494801227292355895e+07
1.040999999999982174e+04,9.715671734925360736e-01,8.413480086259944361e-16,1.577191961510855854e+08,3.494550244546061754e+07
1.041999999999982174e+04,9.717118013018805067e-01,8.413498999723568078e-16,1.579137389873407483e+08,3.494294805147334188e+07
1.042999999999982174e+04,9.718564292476449262e-01,8.413521151282390710e-16,1.581083076943673491e+08,3.494034930393569916e+07
1.043999999999982174e+04,9.720010573279921351e-01,8.413546561153107807e-16,1.583029020454226434e+08,3.493770640992060304e+07
1.044999999999982174e+04,9.721456855432160093e-01,8.413575249191160014e-16,1.584975218141486049e+08,3.493501958069334924e+07
1.045999999999982174e+04,9.722903138958567393e-01,8.413607235616046296e-16,1.586921667745733559e+08,3.493228902880805731e+07
1.046999999999982174e+04,9.724349423768818834e-01,8.413642540382324710e-16,1.588868367011129260e+08,3.492951495754664391e+07
1.047999999999982174e+04,9.725795709957465451e-01,8.413681183478547306e-16,1.590815313685742915e+08,3.492669758169194311e+07
1.048999999999981992e+04,9.727241997530977624e-01,8.413723184965068248e-16,1.592762505521570444e+08,3.492383711325687915e+07
1.049999999999981992e+04,9.728688286413609276e-01,8.413768564743228052e-16,1.594709940274550915e+08,3.492093375699102134e+07
1.050999999999981992e+04,9.730134576674547287e-01,8.413817343037017261e-16,1.596657615704582036e+08,3.491798772704012692e+07
1.051999999999981992e+04,9.731580868269366080e-01,8.413869539552165511e-16,1.598605529575547576e+08,3.491499923294124752e+07
1.052999999999981992e+04,9.733027161222453927e-01,8.413925174378094518e-16,1.600553679655343592e+08,3.491196848654909432e+07
1.053999999999981992e+04,9.734473455547030252e-01,8.413984267403266647e-16,1.602502063715884686e+08,3.490889569389285147e+07
1.054999999999981992e+04,9.735919751193700122e-01,8.414046838510670547e-16,1.604450679533136785e+08,3.490578107142632455e+07
1.055999999999981992e+04,9.737366048177018563e-01,8.414112907890827367e-16,1.606399524887114763e+08,3.490262482441007346e+07
1.056999999999981992e+04,9.738812346540861586e-01,8.414182495075014097e-16,1.608348597561922073e+08,3.489942716687754542e+07
1.057999999999981810e+04,9.740258646260390174e-01,8.414255620101704859e-16,1.610297895345778763e+08,3.489618831044885516e+07
1.058999999999981810e+04,9.741704947288809535e-01,8.414332303231157090e-16,1.612247416030988991e+08,3.489290846326965839e+07
1.059999999999981810e+04,9.743151249722872276e-01,8.414412563787832118e-16,1.614197157414007485e+08,3.488958783845306188e+07
1.060999999999981810e+04,9.744597553464270367e-01,8.414496421906036859e-16,1.616147117295466661e+08,3.488622664727286994e+07
1.061999999999981810e+04,9.746043858601729504e-01,8.414583897730463586e-16,1.618097293480131924e+08,3.488282510190284252e+07
1.062999999999981810e+04,9.747490165053520617e-01,8.414675010771692538e-16,1.620047683776966929e+08,3.487938341049849987e+07
1.063999999999981810e+04,9.748936472892875127e-01,8.414769781025305498e-16,1.621998285999159217e+08,3.487590179060400277e+07
1.064999999999981810e+04,9.750382782064612730e-01,8.414868228646061589e-16,1.623949097964089215e+08,3.487238044723857194e+07
1.065999999999981628e+04,9.751829092626371764e-01,8.414970373223967510e-16,1.625900117493376434e+08,3.486881960007448494e+07
1.066999999999981628e+04,9.753275404506622781e-01,8.415076234737642563e-16,1.627851342412908077e+08,3.486521945598091185e+07
1.067999999999981628e+04,9.754721717734140540e-01,8.415185833323574867e-16,1.629802770552819669e+08,3.486158022825827450e+07
1.068999999999981628e+04,9.756168032384572308e-01,8.415299188852493189e-16,1.631754399747512639e+08,3.485790213402106613e+07
1.069999999999981628e+04,9.757614348302032781e-01,8.415416320967973801e-16,1.633706227835711241e+08,3.485418538130730391e+07
1.070999999999981628e+04,9.759060665619316843e-01,8.415537250104641981e-16,1.635658252660435736e+08,3.485043018609794229e+07
1.071999999999981628e+04,9.760506984340155956e-01,8.415661996324009549e-16,1.637610472068991661e+08,3.484663676412874460e+07
1.072999999999981628e+04,9.761953304382773311e-01,8.415790579477632995e-16,1.639562883913024366e+08,3.484280532829600573e+07
1.073999999999981628e+04,9.763399625728415021e-01,8.415923019649518508e-16,1.641515486048535705e+08,3.483893609073906392e+07
1.074999999999981446e+04,9.764845948471299053e-01,8.416059337501983247e-16,1.643468276335842311e+08,3.483502927143797278e+07
1.075999999999981446e+04,9.766292272620709092e-01,8.416199553178708757e-16,1.645421252639592886e+08,3.483108508718641102e+07
1.076999999999981446e+04,9.767738598034130248e-01,8.416343687112914172e-16,1.647374412828798294e+08,3.482710375065334886e+07
1.077999999999981446e+04,9.769184924849414475e-01,8.416491760167379026e-16,1.649327754776801467e+08,3.482308548410141468e+07
1.078999999999981446e+04,9.770631253009290917e-01,8.416643793721322480e-16,1.651281276361241639e+08,3.481903050574684143e+07
1.079999999999981446e+04,9.772077582556137898e-01,8.416799809992972485e-16,1.653234975463980138e+08,3.481493903982808441e+07
1.080999999999981446e+04,9.773523913441928279e-01,8.416959831178308159e-16,1.655188849971065223e+08,3.481081131228783727e+07
1.081999999999981446e+04,9.774970245653937795e-01,8.417123877715092475e-16,1.657142897772850990e+08,3.480664754824387282e+07
1.082999999999981446e+04,9.776416579279636476e-01,8.417291969142733606e-16,1.659097116764181554e+08,3.480244797825533897e+07
1.083999999999981264e+04,9.777862914205948108e-01,8.417464124525992967e-16,1.661051504844475687e+08,3.479821282612591237e+07
1.084999999999981264e+04,9.779309250501864170e-01,8.417640362995917982e-16,1.663006059917764366e+08,3.479394232270433754e+07
1.085999999999981264e+04,9.780755588167016068e-01,8.417820703808074811e-16,1.664960779892690182e+08,3.478963668776009977e+07
1.086999999999981264e+04,9.782201927151419341e-01,8.418005166127088741e-16,1.666915662682519555e+08,3.478529615007434785e+07
1.087999999999981264e+04,9.783648267539364340e-01,8.418193769467276254e-16,1.668870706205139160e+08,3.478092093170893937e+07
1.088999999999981264e+04,9.785094609223836670e-01,8.418386533266586179e-16,1.670825908383051157e+08,3.477651125576808304e+07
1.089999999999981264e+04,9.786540952295039730e-01,8.418583476982086374e-16,1.672781267143391967e+08,3.477206734342227876e+07
1.090999999999981264e+04,9.787987296695395134e-01,8.418784620202037198e-16,1.674736780417933166e+08,3.476758941438886523e+07
1.091999999999981083e+04,9.789433642446407902e-01,8.418989982482870442e-16,1.676692446143090725e+08,3.476307769253779948e+07
1.092999999999981083e+04,9.790879989542640160e-01,8.419199583489932966e-16,1.678648262259929478e+08,3.475853239287029952e+07
1.093999999999981083e+04,9.792326337996941632e-01,8.419413442970108292e-16,1.680604226714167893e+08,3.475395373946578056e+07
1.094999999999981083e+04,9.793772687781472364e-01,8.419631580865621626e-16,1.682560337456170917e+08,3.474934194393380731e+07
1.095999999999981083e+04,9.795219038980926829e-01,8.419854017040390907e-16,1.684516592440955043e+08,3.474469722894793749e+07
1.096999999999981083e+04,9.796665391480348095e-01,8.420080771369612814e-16,1.686472989628207088e+08,3.474001980527354032e+07
1.097999999999981083e+04,9.798111745370168268e-01,8.420311863976377649e-16,1.688429526982277632e+08,3.473530989277174324e+07
1.098999999999981083e+04,9.799558100573971808e-01,8.420547314978004212e-16,1.690386202472178042e+08,3.473056770113886893e+07
1.099999999999981083e+04,9.801004457187038055e-01,8.420787144556296735e-16,1.692343014071591198e+08,3.472579344792302698e+07
1.100999999999980901e+04,9.802450815077332624e-01,8.421031373184299995e-16,1.694299959758860171e+08,3.472098733854340017e+07
1.101999999999980901e+04,9.803897174378322088e-01,8.421280021466458345e-16,1.696257037516975403e+08,3.471614959428070486e+07
1.102999999999980901e+04,9.805343535034292124e-01,8.421533110249185413e-16,1.698214245333562791e+08,3.471128041929335147e+07
1.103999999999980901e+04,9.806789897040457671e-01,8.421790660355179699e-16,1.700171581200883389e+08,3.470638002221208811e+07
1.104999999999980901e+04,9.808236260416710595e-01,8.422052692785572148e-16,1.702129043115835488e+08,3.470144861803571880e+07
1.105999999999980901e+04,9.809682625127719158e-01,8.422319228677541645e-16,1.704086629079945385e+08,3.469648641197060049e+07
1.106999999999980901e+04,9.811128991214259631e-01,8.422590289342233585e-16,1.706044337099364400e+08,3.469149360889665037e+07
1.107999999999980901e+04,9.812575358687667393e-01,8.422865896247657365e-16,1.708002165184856355e+08,3.468647041839921474e+07
1.108999999999980719e+04,9.814021727501496262e-01,8.423146071103471188e-16,1.709960111351785958e+08,3.468141704463640600e+07
1.109999999999980719e+04,9.815468097721258278e-01,8.423430835779158446e-16,1.711918173620108068e+08,3.467633369355182350e+07
1.110999999999980719e+04,9.816914469239910179e-01,8.423720212359028093e-16,1.713876350014352500e+08,3.467122056292338669e+07
1.111999999999980719e+04,9.818360842200741789e-01,8.424014223186504251e-16,1.715834638563611209e+08,3.466607786558332294e+07
1.112999999999980719e+04,9.819807216518068316e-01,8.424312890802309099e-16,1.717793037301520705e+08,3.466090579298694432e+07
1.113999999999980719e+04,9.821253592201992788e-01,8.424616238047818443e-16,1.719751544266241789e+08,3.465570455069177598e+07
1.114999999999980719e+04,9.822699969274247822e-01,8.424924288016308139e-16,1.721710157500440776e+08,3.465047433867124468e+07
1.115999999999980719e+04,9.824146347739004526e-01,8.425237064076517368e-16,1.723668875051264763e+08,3.464521535683408380e+07
1.116999999999980719e+04,9.825592727596359488e-01,8.425554589872099393e-16,1.725627694970332086e+08,3.463992779914918542e+07
1.117999999999980537e+04,9.827039108821846725e-01,8.425876889419253941e-16,1.727586615313683450e+08,3.463461186615566164e+07
1.118999999999980537e+04,9.828485491479941327e-01,8.426203987010372777e-16,1.729545634141776264e+08,3.462926775054527074e+07
1.119999999999980537e+04,9.829931875498615357e-01,8.426535907301797517e-16,1.731504749519437850e+08,3.462389565175594389e+07
1.120999999999980537e+04,9.831378260893539611e-01,8.426872675342039157e-16,1.733463959515845478e+08,3.461849575904838741e+07
1.121999999999980537e+04,9.832824647692331999e-01,8.427214316688076880e-16,1.735423262204491794e+08,3.461306826872032136e+07
1.122999999999980537e+04,9.834271035978170428e-01,8.427560857622984069e-16,1.737382655663104951e+08,3.460761337429603189e+07
1.123999999999980537e+04,9.835717425600958297e-01,8.427912325034288915e-16,1.739342137973596156e+08,3.460213126358652860e+07
1.124999999999980537e+04,9.837163816628917701e-01,8.428268746204437184e-16,1.741301707222004533e+08,3.459662212785623968e+07
1.125999999999980355e+04,9.838610209110432159e-01,8.428630148708761930e-16,1.743261361498463452e+08,3.459108616490152478e+07
1.126999999999980355e+04,9.840056602975559841e-01,8.428996560527669383e-16,1.745221098897182941e+08,3.458552355767476559e+07
1.127999999999980355e+04,9.841502998290360127e-01,8.429368010236510860e-16,1.747180917516391575e+08,3.457993449914085865e+07
1.128999999999980355e+04,9.842949395053981476e-01,8.429744526920463692e-16,1.749140815458291471e+08,3.457431917917615920e+07
1.129999999999980355e+04,9.844395793223668090e-01,8.430126140310141341e-16,1.751100790828998983e+08,3.456867778045272827e+07
1.130999999999980355e+04,9.845842192808642590e-01,8.430512880824468975e-16,1.753060841738476753e+08,3.456301048963428289e+07
1.131999999999980355e+04,9.847288593863987582e-01,8.430904779623770855e-16,1.755020966300465465e+08,3.455731749582779408e+07
1.132999999999980355e+04,9.848734996329890912e-01,8.431301868596594378e-16,1.756981162632391453e+08,3.455159897692948580e+07
1.133999999999980355e+04,9.850181400311301960e-01,8.431704180564434278e-16,1.758941428855332136e+08,3.454585512192159146e+07
1.134999999999980173e+04,9.851627805702045659e-01,8.432111749168774647e-16,1.760901763093871474e+08,3.454008610822799802e+07
1.135999999999980173e+04,9.853074212565167134e-01,8.432524609099546993e-16,1.762862163476032615e+08,3.453429211604755372e+07
1.136999999999980173e+04,9.854520620894700045e-01,8.432942796038232667e-16,1.764822628133158386e+08,3.452847332468330115e+07
1.137999999999980173e+04,9.855967030673735696e-01,8.433366346816229643e-16,1.766783155199807584e+08,3.452262991451842338e+07
1.138999999999980173e+04,9.857413441958056133e-01,8.433795299419864745e-16,1.768743742813616395e+08,3.451676205907013267e+07
1.139999999999980173e+04,9.858859854723459604e-01,8.434229693249663634e-16,1.770704389115203321e+08,3.451086993351000547e+07
1.140999999999980173e+04,9.860306269012262259e-01,8.434669568957690638e-16,1.772665092247907221e+08,3.450495371539215744e+07
1.141999999999980173e+04,9.861752684740445751e-01,8.435114968889454838e-16,1.774625850357865989e+08,3.449901357507897913e+07
1.142999999999979991e+04,9.863199101947968117e-01,8.435565936939810808e-16,1.776586661593234837e+08,3.449304968172077835e+07
1.143999999999979991e+04,9.864645520720207728e-01,8.436022518818709098e-16,1.778547524105301201e+08,3.448706221055714786e+07
1.144999999999979991e+04,9.866091940950890704e-01,8.436484762229530071e-16,1.780508436046897471e+08,3.448105132712046802e+07
1.145999999999979991e+04,9.867538362749029845e-01,8.436952716990846556e-16,1.782469395573238134e+08,3.447501720028681308e+07
1.146999999999979991e+04,9.868984786072567683e-01,8.437426435290422270e-16,1.784430400843107700e+08,3.446895999466650188e+07
1.147999999999979991e+04,9.870431210916157383e-01,8.437905971885687010e-16,1.786391450012137592e+08,3.446287987415599823e+07
1.148999999999979991e+04,9.871877637309629527e-01,8.438391384423222365e-16,1.788352541239645183e+08,3.445677700095407665e+07
1.149999999999979991e+04,9.873324065273714201e-01,8.438882733716735585e-16,1.790313672645195425e+08,3.445065154176114500e+07
1.150999999999979991e+04,9.874770494762035167e-01,8.439380084104113811e-16,1.792274842515234053e+08,3.444450365036566556e+07
1.151999999999979809e+04,9.876216925805613167e-01,8.439883503915398051e-16,1.794236048922649622e+08,3.443833346087437868e+07
1.152999999999979809e+04,9.877663358471215904e-01,8.440393065950031217e-16,1.796197289931840599e+08,3.443214113349577785e+07
1.153999999999979809e+04,9.879109792685667468e-01,8.440908848125311640e-16,1.798158563836343884e+08,3.442592685574840009e+07
1.154999999999979809e+04,9.880556228505792404e-01,8.441430934150766599e-16,1.800119868757883012e+08,3.441969078093946725e+07
1.155999999999979809e+04,9.882002665908413697e-01,8.441959414512899221e-16,1.802081202846772075e+08,3.441343306141023338e+07
1.156999999999979809e+04,9.883449104900454696e-01,8.442494387603023900e-16,1.804042564255056083e+08,3.440715385006696731e+07
1.157999999999979809e+04,9.884895545521381610e-01,8.443035961146352911e-16,1.806003951128950715e+08,3.440085329978855699e+07
1.158999999999979809e+04,9.886341987785318697e-01,8.443584254163745569e-16,1.807965361610404253e+08,3.439453155928191543e+07
1.159999999999979627e+04,9.887788431702728698e-01,8.444139399549807233e-16,1.809926793834639192e+08,3.438818877904046327e+07
1.160999999999979627e+04,9.889234877180488326e-01,8.444701547760972795e-16,1.811888245928220153e+08,3.438182510101932287e+07
1.161999999999979627e+04,9.890681324394120510e-01,8.445270872275979188e-16,1.813849716007612050e+08,3.437544067078377306e+07
1.162999999999979627e+04,9.892127773241812250e-01,8.445847578317285743e-16,1.815811202175170481e+08,3.436903563333003223e+07
1.163999999999979627e+04,9.893574223812198198e-01,8.446431919058951180e-16,1.817772702515199184e+08,3.436261012561026961e+07
1.164999999999979627e+04,9.895020675998635884e-01,8.447024230792650566e-16,1.819734215086443722e+08,3.435616428354196250e+07
1.165999999999979627e+04,9.896467129946171504e-01,8.447625002844544547e-16,1.821695737907862365e+08,3.434969823912972957e+07
1.166999999999979627e+04,9.897913585581916696e-01,8.448234768882148547e-16,1.823657268945853710e+08,3.434321209544543922e+07
1.167999999999979627e+04,9.899360042949583161e-01,8.448853801908574534e-16,1.825618806127158999e+08,3.433670591160807759e+07
1.168999999999979445e+04,9.900806502100649720e-01,8.449482061468384716e-16,1.827580347374533713e+08,3.433017973421750218e+07
1.169999999999979445e+04,9.902252962968355332e-01,8.450119390816697092e-16,1.829541890632437468e+08,3.432363358668282628e+07
1.170999999999979445e+04,9.903699425676897317e-01,8.450765629665212416e-16,1.831503433873165846e+08,3.431706751259195060e+07
1.171999999999979445e+04,9.905145890153519428e-01,8.451420628358199474e-16,1.833464975095868111e+08,3.431048153982807696e+07
1.172999999999979445e+04,9.906592356512412545e-01,8.452084245658977025e-16,1.835426512325233519e+08,3.430387571424279362e+07
1.173999999999979445e+04,9.908038824685806434e-01,8.452756346997393231e-16,1.837388043610571325e+08,3.429725008097204566e+07
1.174999999999979445e+04,9.909485294787917509e-01,8.453436803443769070e-16,1.839349567025034130e+08,3.429060469677107036e+07
1.175999999999979445e+04,9.910931766754134120e-01,8.454125491541189464e-16,1.841311080664927065e+08,3.428393962202437967e+07
1.176999999999979264e+04,9.912378240659407425e-01,8.454822293450351949e-16,1.843272582648991346e+08,3.427725493497800082e+07
1.177999999999979264e+04,9.913824716467660725e-01,8.455527093635878539e-16,1.845234071117833853e+08,3.427055072116338462e+07
1.178999999999979264e+04,9.915271194181496384e-01,8.456239768596257879e-16,1.847195544234196544e+08,3.426382707624024898e+07
1.179999999999979264e+04,9.916717673913968412e-01,8.456960178288842399e-16,1.849157000184357464e+08,3.425708410990352929e+07
1.180999999999979264e+04,9.918164155595832199e-01,8.457688168014193455e-16,1.851118437179951966e+08,3.425032193449115753e+07
1.181999999999979264e+04,9.919610639253471085e-01,8.458423575407159946e-16,1.853079853459214568e+08,3.424354066408193856e+07
1.182999999999979264e+04,9.921057124940004801e-01,8.459166235247518759e-16,1.855041247287483811e+08,3.423674041383478791e+07
1.183999999999979264e+04,9.922503612596297318e-01,8.459915981782647512e-16,1.857002616957317591e+08,3.422992129763680696e+07
1.184999999999979264e+04,9.923950102278211727e-01,8.460672649820480497e-16,1.858963960788397193e+08,3.422308342282532156e+07
1.185999999999979082e+04,9.925396593980173598e-01,8.461436075357033719e-16,1.860925277127340436e+08,3.421622688866131008e+07
1.186999999999979082e+04,9.926843087774102070e-01,8.462206095976817877e-16,1.862886564347471893e+08,3.420935179485430568e+07
1.187999999999979082e+04,9.928289583591011214e-01,8.462982551220914941e-16,1.864847820848529637e+08,3.420245822713442892e+07
1.188999999999979082e+04,9.929736081532837266e-01,8.463765282909266296e-16,1.866809045056352615e+08,3.419554627076004446e+07
1.189999999999979082e+04,9.931182581515269892e-01,8.464554135401577632e-16,1.868770235422520638e+08,3.418861600440463424e+07
1.190999999999979082e+04,9.932629083662178893e-01,8.465348955788424448e-16,1.870731390423975587e+08,3.418166750309891999e+07
1.191999999999979082e+04,9.934075587946609165e-01,8.466149593982285612e-16,1.872692508562621474e+08,3.417470084322774410e+07
1.192999999999979082e+04,9.935522094336581844e-01,8.466955902752411999e-16,1.874653588364925683e+08,3.416771609727635235e+07
1.193999999999978900e+04,9.936968602887004121e-01,8.467767737640246798e-16,1.876614628381517828e+08,3.416071333943868428e+07
1.194999999999978900e+04,9.938415113633397580e-01,8.468584956695755655e-16,1.878575627186812758e+08,3.415369264997998625e+07
1.195999999999978900e+04,9.939861626557955354e-01,8.469407419953742351e-16,1.880536583378674090e+08,3.414665410603826493e+07
1.196999999999978900e+04,9.941308141716544977e-01,8.470234988785523462e-16,1.882497495578157604e+08,3.413959779115370661e+07
1.197999999999978900e+04,9.942754659055161870e-01,8.471067525339084625e-16,1.884458362429320812e+08,3.413252378632640839e+07
1.198999999999978900e+04,9.944201178673047758e-01,8.471904892365801323e-16,1.886419182599076629e+08,3.412543217720843852e+07
1.199999999999978900e+04,9.945647700528961188e-01,8.472746953518526741e-16,1.888379954777040184e+08,3.411832303513699770e+07
1.200999999999978900e+04,9.947094224661252593e-01,8.473593573618505809e-16,1.890340677675338686e+08,3.411119643269498646e+07
1.201999999999978900e+04,9.948540751071146548e-01,8.474444618433879830e-16,1.892301350028420985e+08,3.410405242623277009e+07
1.202999999999978718e+04,9.949987279782763760e-01,8.475299954682548065e-16,1.894261970592899919e+08,3.409689106236138940e+07
1.203999999999978718e+04,9.951433810806349367e-01,8.476159453687509556e-16,1.896222538147193491e+08,3.408971237984771281e+07
1.204999999999978718e+04,9.952880344195479401e-01,8.477023000075368058e-16,1.898183051490384936e+08,3.408251642641993612e+07
1.205999999999978718e+04,9.954326879960777585e-01,8.477890485500265119e-16,1.900143509440909624e+08,3.407530326934042573e+07
1.206999999999978718e+04,9.955773418062618951e-01,8.478761795841724660e-16,1.902103910836628973e+08,3.406807298640791327e+07
1.207999999999978718e+04,9.957219958553236161e-01,8.479636851983395548e-16,1.904064254533315003e+08,3.406082566278779507e+07
1.208999999999978718e+04,9.958666501460768927e-01,8.480515654290839872e-16,1.906024539397673011e+08,3.405356137449023128e+07
1.209999999999978718e+04,9.960113046771584822e-01,8.481398248636919790e-16,1.907984764299632907e+08,3.404628018956044316e+07
1.210999999999978536e+04,9.961559594545880136e-01,8.482284658422061055e-16,1.909944928111088872e+08,3.403898217376612872e+07
1.211999999999978536e+04,9.963006144788740803e-01,8.483174868510551194e-16,1.911905029709786773e+08,3.403166738354778290e+07
1.212999999999978536e+04,9.964452697478721754e-01,8.484068840003763495e-16,1.913865067983020246e+08,3.402433587710596621e+07
1.213999999999978536e+04,9.965899252649593754e-01,8.484966519750936235e-16,1.915825041829780936e+08,3.401698770385604352e+07
1.214999999999978536e+04,9.967345810370915604e-01,8.485867845283010524e-16,1.917784950162037015e+08,3.400962291485149413e+07
1.215999999999978536e+04,9.968792370573392736e-01,8.486772747538267000e-16,1.919744791905615032e+08,3.400224155362513661e+07
1.216999999999978536e+04,9.970238933340436205e-01,8.487681152346938392e-16,1.921704566000817716e+08,3.399484366701588035e+07
1.217999999999978536e+04,9.971685498665879832e-01,8.488592981249211931e-16,1.923664271402905285e+08,3.398742929747435451e+07
1.218999999999978536e+04,9.973132066595372658e-01,8.489508152045016099e-16,1.925623907082537413e+08,3.397999848422010243e+07
1.219999999999978354e+04,9.974578637116584545e-01,8.490426579173106748e-16,1.927583472026112080e+08,3.397255126759394258e+07
1.220999999999978354e+04,9.976025210240919705e-01,8.491348174065817851e-16,1.929542965236103535e+08,3.396508767886737734e+07
1.221999999999978354e+04,9.977471786029882272e-01,8.492272845591853071e-16,1.931502385731325746e+08,3.395760774387991428e+07
1.222999999999978354e+04,9.978918364487010528e-01,8.493200500813344728e-16,1.933461732547145784e+08,3.395011148353405297e+07
1.223999999999978354e+04,9.980364945659909726e-01,8.494131046607709415e-16,1.935421004735553563e+08,3.394259891297486424e+07
1.224999999999978354e+04,9.981811529470643318e-01,8.495064392354160159e-16,1.937380201364974678e+08,3.393507003905082494e+07
1.225999999999978354e+04,9.983258116047272201e-01,8.496000451210358479e-16,1.939339321519834101e+08,3.392752487895224988e+07
1.226999999999978354e+04,9.984704705436548977e-01,8.496939136916852259e-16,1.941298364300234616e+08,3.391996345549169928e+07
1.227999999999978354e+04,9.986151297539200833e-01,8.497880360139024193e-16,1.943257328822062612e+08,3.391238579009110481e+07
1.228999999999978172e+04,9.987597892421367085e-01,8.498824027853475341e-16,1.945216214217345119e+08,3.390479191155585647e+07
1.229999999999978172e+04,9.989044490102717555e-01,8.499770043144428023e-16,1.947175019634631574e+08,3.389718184119591862e+07
1.230999999999978172e+04,9.990491090649739059e-01,8.500718303815530793e-16,1.949133744239455462e+08,3.388955559425320476e+07
1.231999999999978172e+04,9.991937694139523263e-01,8.501668699827718096e-16,1.951092387215034664e+08,3.388191315620250255e+07
1.232999999999978172e+04,9.993384300402443632e-01,8.502621110598965025e-16,1.953050947763306499e+08,3.387425447478880733e+07
1.233999999999978172e+04,9.994830909616245762e-01,8.503575409778788077e-16,1.955009425105974376e+08,3.386657946007779986e+07
1.234999999999978172e+04,9.996277521788341502e-01,8.504531500709734895e-16,1.956967818483168483e+08,3.385888797740263492e+07
1.235999999999978172e+04,9.997724136926694483e-01,8.505489350358920673e-16,1.958926127147618532e+08,3.385117992060852051e+07
1.236999999999977990e+04,9.999170755131743249e-01,8.506448926910197694e-16,1.960884350360594094e+08,3.384345524339240789e+07
1.237999999999977990e+04,1.000061737631267489e+00,8.507410160570145568e-16,1.962842487394323349e+08,3.383571394723762572e+07
1.238999999999977990e+04,1.000206400055803746e+00,8.508372962830180991e-16,1.964800537535434663e+08,3.382795605068738014e+07
1.239999999999977990e+04,1.000351062791822621e+00,8.509337237575546491e-16,1.966758500086368322e+08,3.382018156799233705e+07
1.240999999999977990e+04,1.000495725832840632e+00,8.510302884706100140e-16,1.968716374365949929e+08,3.381239051179723442e+07
1.241999999999977990e+04,1.000640389184698442e+00,8.511269801704168710e-16,1.970674159709687829e+08,3.380458288727134466e+07
1.242999999999977990e+04,1.000785052859656687e+00,8.512237884541243693e-16,1.972631855469938815e+08,3.379675869981596619e+07
1.243999999999977990e+04,1.000929716847975159e+00,8.513207028250286084e-16,1.974589461015986800e+08,3.378891793737572432e+07
1.244999999999977990e+04,1.001074381153360005e+00,8.514177127342374113e-16,1.976546975734075904e+08,3.378106058603560179e+07
1.245999999999977808e+04,1.001219045778262595e+00,8.515148076113578025e-16,1.978504399027393758e+08,3.377318662449302524e+07
1.246999999999977808e+04,1.001363710734068935e+00,8.516119768887358301e-16,1.980461730316022336e+08,3.376529602199015766e+07
1.247999999999977808e+04,1.001508376013507728e+00,8.517092100176803780e-16,1.982418969036875069e+08,3.375738873919402063e+07
1.248999999999977808e+04,1.001653041623161267e+00,8.518064964849139724e-16,1.984376114643607140e+08,3.374946472383390367e+07
1.249999999999977808e+04,1.001797707568709228e+00,8.519038258236442476e-16,1.986333166606513560e+08,3.374152391932485998e+07
1.250999999999977808e+04,1.001942373850950530e+00,8.520011876230165701e-16,1.988290124412415624e+08,3.373356625538252294e+07
1.251999999999977808e+04,1.002087040465527323e+00,8.520985715344466196e-16,1.990246987564538121e+08,3.372559164666070044e+07
1.252999999999977808e+04,1.002231707426844531e+00,8.521959672795648102e-16,1.992203755582378805e+08,3.371760000468114018e+07
1.253999999999977626e+04,1.002376374736163811e+00,8.522933646546787778e-16,1.994160428001574278e+08,3.370959122086765617e+07
1.254999999999977626e+04,1.002521042388235362e+00,8.523907535343666413e-16,1.996117004373755455e+08,3.370156517415031046e+07
1.255999999999977626e+04,1.002665710397773857e+00,8.524881238737876752e-16,1.998073484266404808e+08,3.369352173047941923e+07
1.256999999999977626e+04,1.002810378757647669e+00,8.525854657127127968e-16,2.000029867262713015e+08,3.368546073704296350e+07
1.257999999999977626e+04,1.002955047480154072e+00,8.526827691756369791e-16,2.001986152961426675e+08,3.367738202817614377e+07
1.258999999999977626e+04,1.003099716565971189e+00,8.527800244748249442e-16,2.003942340976703167e+08,3.366928541709362715e+07
1.259999999999977626e+04,1.003244386020581747e+00,8.528772219096285026e-16,2.005898430937954783e+08,3.366117069868571311e+07
1.260999999999977626e+04,1.003389055844412958e+00,8.529743518665450276e-16,2.007854422489702106e+08,3.365303764231292903e+07
1.261999999999977626e+04,1.003533726045534591e+00,8.530714048207054443e-16,2.009810315291423798e+08,3.364488600077705085e+07
1.262999999999977445e+04,1.003678396628053804e+00,8.531683713346151086e-16,2.011766109017405212e+08,3.363671549768038839e+07
1.263999999999977445e+04,1.003823067592619633e+00,8.532652420577393601e-16,2.013721803356595933e+08,3.362852583169060200e+07
1.264999999999977445e+04,1.003967738949009814e+00,8.533620077246859858e-16,2.015677398012458384e+08,3.362031667204891890e+07
1.265999999999977445e+04,1.004112410703057234e+00,8.534586591554786595e-16,2.017632892702826560e+08,3.361208765297088772e+07
1.266999999999977445e+04,1.004257082852045180e+00,8.535551872531390830e-16,2.019588287159760892e+08,3.360383837604964525e+07
1.267999999999977445e+04,1.004401755408252495e+00,8.536515830024092286e-16,2.021543581129409373e+08,3.359556840533497930e+07
1.268999999999977445e+04,1.004546428380868273e+00,8.537478374676341352e-16,2.023498774371870756e+08,3.358727726603135467e+07
1.269999999999977445e+04,1.004691101771366890e+00,8.538439417905031033e-16,2.025453866661060154e+08,3.357896443085502833e+07
1.270999999999977263e+04,1.004835775583870383e+00,8.539398871882881692e-16,2.027408857784577310e+08,3.357062932466913760e+07
1.271999999999977263e+04,1.004980449828670297e+00,8.540356649501401067e-16,2.029363747543576360e+08,3.356227131969409436e+07
1.272999999999977263e+04,1.005125124518329249e+00,8.541312664362006631e-16,2.031318535752643347e+08,3.355388972869091108e+07
1.273999999999977263e+04,1.005269799647509732e+00,8.542266830711469157e-16,2.033273222239676714e+08,3.354548378802261129e+07
1.274999999999977263e+04,1.005414475237802252e+00,8.543219063463166606e-16,2.035227806845768690e+08,3.353705266840875521e+07
1.275999999999977263e+04,1.005559151287138686e+00,8.544169278077974017e-16,2.037182289425094128e+08,3.352859545510038733e+07
1.276999999999977263e+04,1.005703827813484885e+00,8.545117390626441523e-16,2.039136669844802618e+08,3.352011113825500011e+07
1.277999999999977263e+04,1.005848504824402134e+00,8.546063317660534444e-16,2.041090947984915674e+08,3.351159860746904090e+07
1.278999999999977263e+04,1.005993182328552837e+00,8.547006976215235660e-16,2.043045123738230169e+08,3.350305663444001228e+07
1.279999999999977081e+04,1.006137860338641055e+00,8.547948283732888920e-16,2.044999197010233700e+08,3.349448386265296862e+07
1.280999999999977081e+04,1.006282538866095866e+00,8.548887158032581178e-16,2.046953167719013393e+08,3.348587878854560107e+07
1.281999999999977081e+04,1.006427217928131057e+00,8.549823517230265497e-16,2.048907035795179605e+08,3.347723974243940040e+07
1.282999999999977081e+04,1.006571897534463078e+00,8.550757279670653754e-16,2.050860801181796193e+08,3.346856486466019973e+07
1.283999999999977081e+04,1.006716577708180571e+00,8.551688363898564228e-16,2.052814463834317625e+08,3.345985208957806602e+07
1.284999999999977081e+04,1.006861258460014730e+00,8.552616688485940181e-16,2.054768023720541000e+08,3.345109909606958926e+07
1.285999999999977081e+04,1.007005939813965689e+00,8.553542172068054628e-16,2.056721480820556879e+08,3.344230328948769346e+07
1.286999999999977081e+04,1.007150621783184707e+00,8.554464733143355617e-16,2.058674835126717687e+08,3.343346174600164592e+07
1.287999999999976899e+04,1.007295304398964753e+00,8.555384290008849650e-16,2.060628086643618643e+08,3.342457117122145742e+07
1.288999999999976899e+04,1.007439987690170513e+00,8.556300760618768372e-16,2.062581235388089716e+08,3.341562783277316764e+07
1.289999999999976899e+04,1.007584671677066224e+00,8.557214062459883193e-16,2.064534281389207840e+08,3.340662747634935752e+07
1.290999999999976899e+04,1.007729356393288089e+00,8.558124112371779105e-16,2.066487224688312411e+08,3.339756525294553116e+07
1.291999999999976899e+04,1.007874041876082760e+00,8.559030826368543522e-16,2.068440065339060426e+08,3.338843558279056847e+07
1.292999999999976899e+04,1.008018728172406453e+00,8.559934119409417792e-16,2.070392803407490849e+08,3.337923203232052922e+07
1.293999999999976899e+04,1.008163415326241541e+00,8.560833905160858009e-16,2.072345438972117901e+08,3.336994711360486224e+07
1.294999999999976899e+04,1.008308103385062715e+00,8.561730095664457118e-16,2.074297972124057412e+08,3.336057206284896284e+07
1.295999999999976899e+04,1.008452792428397915e+00,8.562622600963967531e-16,2.076250402967192233e+08,3.335109654272099957e+07
1.296999999999976717e+04,1.008597482524520084e+00,8.563511328687611109e-16,2.078202731618384719e+08,3.334150823531916365e+07
1.297999999999976717e+04,1.008742173756203231e+00,8.564396183470494934e-16,2.080154958207735717e+08,3.333179230232351273e+07
1.298999999999976717e+04,1.008886866237488800e+00,8.565277066132567950e-16,2.082107082878930569e+08,3.332193066581806540e+07
1.299999999999976717e+04,1.009031560100043245e+00,8.566153872965315189e-16,2.084059105789661705e+08,3.331190095495403558e+07
1.300999999999976717e+04,1.009176255506014641e+00,8.567026494255044663e-16,2.086011027112178206e+08,3.330167500149861351e+07
1.301999999999976717e+04,1.009320952670079041e+00,8.567894812680424910e-16,2.087962847034006715e+08,3.329121657301411033e+07
1.302999999999976717e+04,1.009465651871332970e+00,8.568758700928499998e-16,2.089914565758880973e+08,3.328047777987638116e+07
1.303999999999976717e+04,1.009610353484627465e+00,8.569618017735948856e-16,2.091866183508031666e+08,3.326939303349788114e+07
1.304999999999976535e+04,1.009755058054676802e+00,8.570472602269396960e-16,2.093817700521976054e+08,3.325786790009134635e+07
1.305999999999976535e+04,1.009899766428089762e+00,8.571322262784910724e-16,2.095769117063213885e+08,3.324575555556837097e+07
1.306999999999976535e+04,1.010044479993909450e+00,8.572166753070204844e-16,2.097720433420679271e+08,3.323281781246968731e+07
1.307999999999976535e+04,1.010189199505417079e+00,8.573005702755518192e-16,2.099671649918974936e+08,3.321891582670659199e+07
1.308999999999976535e+04,1.010333912406642165e+00,8.573838411638974486e-16,2.101622766943812072e+08,3.320612630540268123e+07
1.309999999999976535e+04,1.010478598639416026e+00,8.574663802962817288e-16,2.103573784980238974e+08,3.319784038771989942e+07
1.310999999999976535e+04,1.010623256125120273e+00,8.575480078138184973e-16,2.105524704662263691e+08,3.319448197922214493e+07
1.311999999999976535e+04,1.010767893422716890e+00,8.576281758936660344e-16,2.107475527018029690e+08,3.319465042269140109e+07
1.312999999999976535e+04,1.010912516221330160e+00,8.577058350327397475e-16,2.109426253990241587e+08,3.319739671699702740e+07
1.313999999999976353e+04,1.011057127992037064e+00,8.577798877390464767e-16,2.111376888761922717e+08,3.320213197348894924e+07
1.314999999999976353e+04,1.011201731058251063e+00,8.578494953441780591e-16,2.113327435623462200e+08,3.320845788099561632e+07
1.315999999999976353e+04,1.011346327090872022e+00,8.579142791405745894e-16,2.115277899558521807e+08,3.321608493434799463e+07
1.316999999999976353e+04,1.011490917335296169e+00,8.579745481755772114e-16,2.117228285585356653e+08,3.322479471878544986e+07
1.317999999999976353e+04,1.011635502737430414e+00,8.580313262154459391e-16,2.119178597942201495e+08,3.323442141714720428e+07
1.318999999999976353e+04,1.011780083985324152e+00,8.580860444018432884e-16,2.121128839431385398e+08,3.324484078185278177e+07
1.319999999999976353e+04,1.011924661593590402e+00,8.581399534216585249e-16,2.123079011294771731e+08,3.325596037679258361e+07
1.320999999999976353e+04,1.012069235951806645e+00,8.581937589809794213e-16,2.125029113655443192e+08,3.326770933321693540e+07
1.321999999999976171e+04,1.012213807376173280e+00,8.582476612429438561e-16,2.126979146139785945e+08,3.328002918837957084e+07
1.322999999999976171e+04,1.012358376143610128e+00,8.583015751352034387e-16,2.128929108332068920e+08,3.329286740582589060e+07
1.323999999999976171e+04,1.012502942533361372e+00,8.583553132296832862e-16,2.130878999987783730e+08,3.330617361113644764e+07
1.324999999999976171e+04,1.012647506827871524e+00,8.584086784040093746e-16,2.132828821089402437e+08,3.331989748010797426e+07
1.325999999999976171e+04,1.012792069309061072e+00,8.584614969295610489e-16,2.134778571833785772e+08,3.333398733172210678e+07
1.326999999999976171e+04,1.012936630298113316e+00,8.585136259077258347e-16,2.136728252599209845e+08,3.334838882731722295e+07
1.327999999999976171e+04,1.013081190148031663e+00,8.585649533876842598e-16,2.138677863909488022e+08,3.336304339597798511e+07
1.328999999999976171e+04,1.013225749248742646e+00,8.586153987625365550e-16,2.140627406397929490e+08,3.337788625576149300e+07
1.329999999999976171e+04,1.013370308059674318e+00,8.586649069088524253e-16,2.142576880772504508e+08,3.339284368463578448e+07
1.330999999999975989e+04,1.013514867146454890e+00,8.587133992004877802e-16,2.144526287808174789e+08,3.340782869287979975e+07
1.331999999999975989e+04,1.013659427213204234e+00,8.587606209507174749e-16,2.146475628455565572e+08,3.342273305689977482e+07
1.332999999999975989e+04,1.013803989203722722e+00,8.588059927916032993e-16,2.148424904136787057e+08,3.343741405747355148e+07
1.333999999999975989e+04,1.013948554412642533e+00,8.588487953903654157e-16,2.150374117025412917e+08,3.345167927300327644e+07
1.334999999999975989e+04,1.014093124520578204e+00,8.588885073252154537e-16,2.152323270007689893e+08,3.346527993006553128e+07
1.335999999999975989e+04,1.014237701417227466e+00,8.589248981164129213e-16,2.154272366388172805e+08,3.347794235664604232e+07
1.336999999999975989e+04,1.014382283524555284e+00,8.589579669861045798e-16,2.156221409587514102e+08,3.348991794792669266e+07
1.337999999999975989e+04,1.014526863014548086e+00,8.589878678109162833e-16,2.158170402925575674e+08,3.350239038054178655e+07
1.338999999999975989e+04,1.014671434408875861e+00,8.590148491641428483e-16,2.160119349482523501e+08,3.351617466786999628e+07
1.339999999999975807e+04,1.014815998592840884e+00,8.590391992747205915e-16,2.162068252024979293e+08,3.353112663091347367e+07
1.340999999999975807e+04,1.014960557233960836e+00,8.590612006475932535e-16,2.164017112989463508e+08,3.354698406309174746e+07
1.341999999999975807e+04,1.015105111225082624e+00,8.590811041493806998e-16,2.165965934506149888e+08,3.356360166052539647e+07
1.342999999999975807e+04,1.015249661089500322e+00,8.590991172280294133e-16,2.167914718443292081e+08,3.358089187614464760e+07
1.343999999999975807e+04,1.015394207177954033e+00,8.591154018201272149e-16,2.169863466458981335e+08,3.359879434789086133e+07
1.344999999999975807e+04,1.015538749724904877e+00,8.591300799026319879e-16,2.171812180050632656e+08,3.361726442061079293e+07
1.345999999999975807e+04,1.015683288911101823e+00,8.591432458093121253e-16,2.173760860594296753e+08,3.363626797659398615e+07
1.346999999999975807e+04,1.015827824854492745e+00,8.591549868930910036e-16,2.175709509365752339e+08,3.365577874727868289e+07
1.347999999999975626e+04,1.015972357640007928e+00,8.591654215810668295e-16,2.177658127528871596e+08,3.367577710673099011e+07
1.348999999999975626e+04,1.016116887299407523e+00,8.591747627690632443e-16,2.179606716061976552e+08,3.369624983672771603e+07
1.349999999999975626e+04,1.016261413826255344e+00,8.591832898597897260e-16,2.181555275654491484e+08,3.371719037101741880e+07
1.350999999999975626e+04,1.016405937155452133e+00,8.591910789951684709e-16,2.183503806785436571e+08,3.373859836793700606e+07
1.351999999999975626e+04,1.016550457202322955e+00,8.591979809992753595e-16,2.185452309984432161e+08,3.376047893167719245e+07
1.352999999999975626e+04,1.016694973820890358e+00,8.592038289198512582e-16,2.187400785971999764e+08,3.378284312610370666e+07
1.353999999999975626e+04,1.016839486792585845e+00,8.592084939985901751e-16,2.189349235638353825e+08,3.380571047697249055e+07
1.354999999999975626e+04,1.016983995806662211e+00,8.592118665564540931e-16,2.191297660006983280e+08,3.382911372068102658e+07
1.355999999999975626e+04,1.017128500385716006e+00,8.592138363498443620e-16,2.193246060223830938e+08,3.385310732654079050e+07
1.356999999999975444e+04,1.017272999724951665e+00,8.592142793660053403e-16,2.195194437565302253e+08,3.387778489868776500e+07
1.357999999999975444e+04,1.017417492411140989e+00,8.592130466997410963e-16,2.197142793459583819e+08,3.390332113791178167e+07
1.358999999999975444e+04,1.017561975309344557e+00,8.592099516800421204e-16,2.199091129520851970e+08,3.393010867403074354e+07
1.359999999999975444e+04,1.017706438323069396e+00,8.592047480687982671e-16,2.201039447602162659e+08,3.395944707687825710e+07
1.360999999999975444e+04,1.017519085898859643e+00,8.591970694078346329e-16,2.202987749906052053e+08,3.399390126759338379e+07
1.361999999999975444e+04,1.017331707840933408e+00,8.591866810649051979e-16,2.204936038969791830e+08,3.403079192020588368e+07
1.362999999999975444e+04,1.017144313345616391e+00,8.591732263924391183e-16,2.206884317656407952e+08,3.406881022327637672e+07
1.363999999999975444e+04,1.016956905113827858e+00,8.591563899811428727e-16,2.208832589222896397e+08,3.410754429944425821e+07
1.364999999999975262e+04,1.016769484262100676e+00,8.591362274788832609e-16,2.210780857095544934e+08,3.414680019366420060e+07
1.365999999999975262e+04,1.016582051247844731e+00,8.591135471062630778e-16,2.212729124206174016e+08,3.418647314261990786e+07
1.366999999999975262e+04,1.016394606125606614e+00,8.590895121282373785e-16,2.214677392321964502e+08,3.422651320543719083e+07
1.367999999999975262e+04,1.016207148573672781e+00,8.590648112537650574e-16,2.216625662133705318e+08,3.426691279861585051e+07
1.368999999999975262e+04,1.016019677922928466e+00,8.590397025338770461e-16,2.218573933813065290e+08,3.430769939946486056e+07
1.369999999999975262e+04,1.015832193251433146e+00,8.590142690559566946e-16,2.220522207361282408e+08,3.434892365543644875e+07
1.370999999999975262e+04,1.015644693590786574e+00,8.589885653141090722e-16,2.222470482717012763e+08,3.439063439987692982e+07
1.371999999999975262e+04,1.015457178208372113e+00,8.589626981563628081e-16,2.224418759736378491e+08,3.443285003503318131e+07
1.372999999999975262e+04,1.015269646761308042e+00,8.589368282628919883e-16,2.226367038127044141e+08,3.447554934145976603e+07
1.373999999999975080e+04,1.015082099188613807e+00,8.589111105643939713e-16,2.228315317416042984e+08,3.451868493650065362e+07
1.374999999999975080e+04,1.014894535536319697e+00,8.588855757224022803e-16,2.230263597018364966e+08,3.456220072912475467e+07
1.375999999999975080e+04,1.014706955918064146e+00,8.588599541769406189e-16,2.232211876475807130e+08,3.460604054724660516e+07
1.376999999999975080e+04,1.014519360473477905e+00,8.588335413647431200e-16,2.234160155883103013e+08,3.465014832063138485e+07
1.377999999999975080e+04,1.014331749436872210e+00,8.588053118584227804e-16,2.236108436335061789e+08,3.469446400025221705e+07
1.378999999999975080e+04,1.014144123235360295e+00,8.587743406786624179e-16,2.238056720059401691e+08,3.473891677420908958e+07
1.379999999999975080e+04,1.013956482650913538e+00,8.587402033698053212e-16,2.240005010060253143e+08,3.478341305181665719e+07
1.380999999999975080e+04,1.013768829046448161e+00,8.587030413081988789e-16,2.241953309490898252e+08,3.482782239426606894e+07
1.381999999999974898e+04,1.013581163901810855e+00,8.586633570001129656e-16,2.243901621128736436e+08,3.487201838109566271e+07
1.382999999999974898e+04,1.013393486517908837e+00,8.586220351572819686e-16,2.245849946958081722e+08,3.491604899632622302e+07
1.383999999999974898e+04,1.013205793261901855e+00,8.585801893435108477e-16,2.247798287794926167e+08,3.496016811848059297e+07
1.384999999999974898e+04,1.013018080689355616e+00,8.585383023318423208e-16,2.249746643531896174e+08,3.500459404397725314e+07
1.385999999999974898e+04,1.012830347082694926e+00,8.584964324255714651e-16,2.251695013784025609e+08,3.504940432611204684e+07
1.386999999999974898e+04,1.012642591541711656e+00,8.584545697520254614e-16,2.253643398163025975e+08,3.509461334798966348e+07
1.387999999999974898e+04,1.012454813373851348e+00,8.584126926588668123e-16,2.255591796307771802e+08,3.514021765332403034e+07
1.388999999999974898e+04,1.012267011951326401e+00,8.583707766014741573e-16,2.257540207889239490e+08,3.518620899095056951e+07
1.389999999999974898e+04,1.012079186643881412e+00,8.583287967101072704e-16,2.259488632611662149e+08,3.523257774195546657e+07
1.390999999999974716e+04,1.011891336812643649e+00,8.582867286765221297e-16,2.261437070212113857e+08,3.527931400445072353e+07
1.391999999999974716e+04,1.011703461818323158e+00,8.582445477529211208e-16,2.263385520460252464e+08,3.532640800616842508e+07
1.392999999999974716e+04,1.011515560984610929e+00,8.582022265369407741e-16,2.265333983160355389e+08,3.537385025983010232e+07
1.393999999999974716e+04,1.011327633627393308e+00,8.581597439335229402e-16,2.267282458149175942e+08,3.542163165627808124e+07
1.394999999999974716e+04,1.011139679033077554e+00,8.581170830947246637e-16,2.269230945289395154e+08,3.546974348744189739e+07
1.395999999999974716e+04,1.010951696469645444e+00,8.580742272313093274e-16,2.271179444467197657e+08,3.551817745569470525e+07
1.396999999999974716e+04,1.010763685187115346e+00,8.580311598687965058e-16,2.273127955592182279e+08,3.556692567188139260e+07
1.397999999999974716e+04,1.010575644412851748e+00,8.579878648987275698e-16,2.275076478596929014e+08,3.561598062703847140e+07
1.398999999999974534e+04,1.010387573331476219e+00,8.579443267011567539e-16,2.277025013436461091e+08,3.566533517003910244e+07
1.399999999999974534e+04,1.010199471128654158e+00,8.579005302984791317e-16,2.278973560087551475e+08,3.571498250206965953e+07
1.400999999999974534e+04,1.010011336952115757e+00,8.578564613412495590e-16,2.280922118547951281e+08,3.576491614191542566e+07
1.401999999999974534e+04,1.009823169920452735e+00,8.578121062867131380e-16,2.282870688835527003e+08,3.581512991978564858e+07
1.402999999999974534e+04,1.009634969135349669e+00,8.577674522121946479e-16,2.284819270987398624e+08,3.586561795301220566e+07
1.403999999999974534e+04,1.009446733659719708e+00,8.577224868671941308e-16,2.286767865059169829e+08,3.591637464001645893e+07
1.404999999999974534e+04,1.009258462535095990e+00,8.576771985719465768e-16,2.288716471124181449e+08,3.596739463537633419e+07
1.405999999999974534e+04,1.009070154780425721e+00,8.576315760672623503e-16,2.290665089272879064e+08,3.601867284998524189e+07
1.406999999999974534e+04,1.008881809368933791e+00,8.575856080032225559e-16,2.292613719612594545e+08,3.607020443298383802e+07
1.407999999999974352e+04,1.008693425264216126e+00,8.575392824463475565e-16,2.294562362267938852e+08,3.612198476879297197e+07
1.408999999999974352e+04,1.008505001375966881e+00,8.574925879035043094e-16,2.296511017380904257e+08,3.617400945954089612e+07
1.409999999999974352e+04,1.008316536592082313e+00,8.574455142401068350e-16,2.298459685109766126e+08,3.622627434432062507e+07
1.410999999999974352e+04,1.008128029774111978e+00,8.573980524367839850e-16,2.300408365627588928e+08,3.627877550202979892e+07
1.411999999999974352e+04,1.007939479724180520e+00,8.573501942730879300e-16,2.302357059121125042e+08,3.633150926953148097e+07
1.412999999999974352e+04,1.007750885235338068e+00,8.573019320622971686e-16,2.304305765790030658e+08,3.638447229108085483e+07
1.413999999999974352e+04,1.007562245027362025e+00,8.572532584238139846e-16,2.306254485846368372e+08,3.643766157241350412e+07
1.414999999999974352e+04,1.007373557798578068e+00,8.572041661741020603e-16,2.308203219514307976e+08,3.649107463251326233e+07
1.415999999999974170e+04,1.007184822169519212e+00,8.571546481142512635e-16,2.310151967029999197e+08,3.654470976353742927e+07
1.416999999999974170e+04,1.006996036685623874e+00,8.571046971200899191e-16,2.312100728641510606e+08,3.659856662632945925e+07
1.417999999999974170e+04,1.006807199756229565e+00,8.570543057885312670e-16,2.314049504608929455e+08,3.665264774353553355e+07
1.418999999999974170e+04,1.006618309498643393e+00,8.570034663580365613e-16,2.315998295204662085e+08,3.670696299255479127e+07
1.419999999999974170e+04,1.006429363185854076e+00,8.569521703103279753e-16,2.317947100713835061e+08,3.676154433147562295e+07
1.420999999999974170e+04,1.006240355710105616e+00,8.569004064237521428e-16,2.319895921434490681e+08,3.681648562878380716e+07
1.421999999999974170e+04,1.006051277607822536e+00,8.568481171946482667e-16,2.321844757704843283e+08,3.687198726856198907e+07
1.422999999999974170e+04,1.005862118669530680e+00,8.567951788990203800e-16,2.323793609975312948e+08,3.692824456217180192e+07
1.423999999999974170e+04,1.005672874655446192e+00,8.567415763936144019e-16,2.325742478782636821e+08,3.698527626281760633e+07
1.424999999999973988e+04,1.005483546081130219e+00,8.566873446907723509e-16,2.327691364650185406e+08,3.704297580725958198e+07
1.425999999999973988e+04,1.005294133657528288e+00,8.566324965763210131e-16,2.329640268075111806e+08,3.710123810916265845e+07
1.426999999999973988e+04,1.005104637085054708e+00,8.565770377482221326e-16,2.331589189547745585e+08,3.715998959492119402e+07
1.427999999999973988e+04,1.004915055226875742e+00,8.565209717628486164e-16,2.333538129557070136e+08,3.721918013977464288e+07
1.428999999999973988e+04,1.004725386419841104e+00,8.564643015570902700e-16,2.335487088591858447e+08,3.727877403845757991e+07
1.429999999999973988e+04,1.004535628651500145e+00,8.564070300839620051e-16,2.337436067140401304e+08,3.733874459265828133e+07
1.430999999999973988e+04,1.004345779632479507e+00,8.563491607108308816e-16,2.339385065691151917e+08,3.739907098955584317e+07
1.431999999999973988e+04,1.004155836857808737e+00,8.562906975496876163e-16,2.341334084731254578e+08,3.745973649916350096e+07
1.432999999999973807e+04,1.003965797660012260e+00,8.562316457685673710e-16,2.343283124745738804e+08,3.752072736012450606e+07
1.433999999999973807e+04,1.003775659188091307e+00,8.561720120057162235e-16,2.345232186217246950e+08,3.758203204607315361e+07
1.434999999999973807e+04,1.003585418445046340e+00,8.561118049162690138e-16,2.347181269622653723e+08,3.764364080661378056e+07
1.435999999999973807e+04,1.003395072287896816e+00,8.560510360934167186e-16,2.349130375431970954e+08,3.770554528291793168e+07
1.436999999999973807e+04,1.003204617435825563e+00,8.559897215868532529e-16,2.351079504112367630e+08,3.776773817863609642e+07
1.437999999999973807e+04,1.003014050414928748e+00,8.559278840657734996e-16,2.353028656071077883e+08,3.783021374195376039e+07
1.438999999999973807e+04,1.002823367659069653e+00,8.558655517423894781e-16,2.354977831744371355e+08,3.789296634647098929e+07
1.439999999999973807e+04,1.002632565448858148e+00,8.558027458896455983e-16,2.356927031536105275e+08,3.795599114220859855e+07
1.440999999999973807e+04,1.002441639869552148e+00,8.557394846243903601e-16,2.358876255788820982e+08,3.801928442135164142e+07
1.441999999999973625e+04,1.002250586889612993e+00,8.556757786341808257e-16,2.360825504865276515e+08,3.808284262181831151e+07
1.442999999999973625e+04,1.002059402293121959e+00,8.556116342676399899e-16,2.362774779119593203e+08,3.814666270874845982e+07
1.443999999999973625e+04,1.001868081721761117e+00,8.555470556932284870e-16,2.364724078900410831e+08,3.821074207094774395e+07
1.444999999999973625e+04,1.001676620631188896e+00,8.554820447164586164e-16,2.366673404558799565e+08,3.827507842397687584e+07
1.445999999999973625e+04,1.001485014319626998e+00,8.554166005031099707e-16,2.368622756448646486e+08,3.833966976604121178e+07
1.446999999999973625e+04,1.001293257900480516e+00,8.553507189643381957e-16,2.370572134927941263e+08,3.840451429486820847e+07
1.447999999999973625e+04,1.001101346321509045e+00,8.552843815917137045e-16,2.372521540362595022e+08,3.846961027182471752e+07
1.448999999999973625e+04,1.000909274366947876e+00,8.552173669257481140e-16,2.374470973236380517e+08,3.853495581882912666e+07
1.449999999999973443e+04,1.000717036672305937e+00,8.551489002844634423e-16,2.376420434619088173e+08,3.860054870196080953e+07
1.450999999999973443e+04,1.000524627718413662e+00,8.550784495119614050e-16,2.378369926363363266e+08,3.866638631905525178e+07
1.451999999999973443e+04,1.000332041823825069e+00,8.550059466971105875e-16,2.380319450660703182e+08,3.873246597534139454e+07
1.452999999999973443e+04,1.000139273085234315e+00,8.549315252031606656e-16,2.382269009649890959e+08,3.879878519368238002e+07
1.453999999999973443e+04,9.999463153733139098e-01,8.548554411352668703e-16,2.384218605239430070e+08,3.886534196219336987e+07
1.454999999999973443e+04,9.997531622967867904e-01,8.547779686111823998e-16,2.386168239031027257e+08,3.893213485112192482e+07
1.455999999999973443e+04,9.995598071818350139e-01,8.546993605787756906e-16,2.388117912326370478e+08,3.899916303770256042e+07
1.456999999999973443e+04,9.993662430696975685e-01,8.546198404989052191e-16,2.390067626158209741e+08,3.906642627454376221e+07
1.457999999999973443e+04,9.991724627004312520e-01,8.545395933649965851e-16,2.392017381329669356e+08,3.913392482776710391e+07
1.458999999999973261e+04,9.989784584929303213e-01,8.544587587781548511e-16,2.393967178462702334e+08,3.920165939989981055e+07
1.459999999999973261e+04,9.987842225603800195e-01,8.543774296354349934e-16,2.395917018051188588e+08,3.926963106065764278e+07
1.460999999999973261e+04,9.985897466754093399e-01,8.542956569103636393e-16,2.397866900511880815e+08,3.933784116822855920e+07
1.461999999999973261e+04,9.983950222794324425e-01,8.542134577146308090e-16,2.399816826227607429e+08,3.940629131798492372e+07
1.462999999999973261e+04,9.982000404470006139e-01,8.541308223265213882e-16,2.401766795581846237e+08,3.947498328440085799e+07
1.463999999999973261e+04,9.980047919208279161e-01,8.540477245274959433e-16,2.403716808983334899e+08,3.954391901117063314e+07
1.464999999999973261e+04,9.978092670206704096e-01,8.539641311664975171e-16,2.405666866879091859e+08,3.961310056828001887e+07
1.465999999999973261e+04,9.976134557107145806e-01,8.538800084599381933e-16,2.407616969758335650e+08,3.968253016832360625e+07
1.466999999999973079e+04,9.974173475100183150e-01,8.537953251796954570e-16,2.409567118151009679e+08,3.975221014946438372e+07
1.467999999999973079e+04,9.972209315195295076e-01,8.537100533502773875e-16,2.411517312624230087e+08,3.982214299836380780e+07
1.468999999999973079e+04,9.970241963803412322e-01,8.536241675592286566e-16,2.413467553778807223e+08,3.989233134795394540e+07
1.469999999999973079e+04,9.968271302353657326e-01,8.535376438111477559e-16,2.415417842246895730e+08,3.996277799121797830e+07
1.470999999999973079e+04,9.966297207419326787e-01,8.534504584259421623e-16,2.417368178690948784e+08,4.003348589966938645e+07
1.471999999999973079e+04,9.964319550099287603e-01,8.533625871590662028e-16,2.419318563803821206e+08,4.010445822864534706e+07
1.472999999999973079e+04,9.962338195760496173e-01,8.532740046816760151e-16,2.421268998309682608e+08,4.017569833504652232e+07
1.473999999999973079e+04,9.960353004024682377e-01,8.531846846415903523e-16,2.423219482965230346e+08,4.024720981450799108e+07
1.474999999999973079e+04,9.958363827969682891e-01,8.530946010241540372e-16,2.425170018560184538e+08,4.031899650814833492e+07
1.475999999999972897e+04,9.956370513979407866e-01,8.530037320819508299e-16,2.427120605914821029e+08,4.039106255426258594e+07
1.476999999999972897e+04,9.954372901318188083e-01,8.529120667725556746e-16,2.429071245871390104e+08,4.046341243780732155e+07
1.477999999999972897e+04,9.952370821450968741e-01,8.528196085762060470e-16,2.431021939279330969e+08,4.053605104596628994e+07
1.478999999999972897e+04,9.950364097569235344e-01,8.527263719656519671e-16,2.432972686980335116e+08,4.060898375111699849e+07
1.479999999999972897e+04,9.948352543685909932e-01,8.526323758051318306e-16,2.434923489799610972e+08,4.068221650294876844e+07
1.480999999999972897e+04,9.946335964269122920e-01,8.525376392949965628e-16,2.436874348543545604e+08,4.075575597666985542e+07
1.481999999999972897e+04,9.944314152691715591e-01,8.524421822583161961e-16,2.438825263999285400e+08,4.082960974068374187e+07
1.482999999999972897e+04,9.942286890242970632e-01,8.523460223252424228e-16,2.440776236935649812e+08,4.090378654011570662e+07
1.483999999999972897e+04,9.940253944158139454e-01,8.522491737997376258e-16,2.442727268106458485e+08,4.097829670902344584e+07
1.484999999999972715e+04,9.938215065211583044e-01,8.521516481984397470e-16,2.444678358254131973e+08,4.105315286930316687e+07
1.485999999999972715e+04,9.936169983223644975e-01,8.520534548927956567e-16,2.446629508112540543e+08,4.112837112288068235e+07
1.486999999999972715e+04,9.934118400223310719e-01,8.519546015837531739e-16,2.448580718409190178e+08,4.120397341745562106e+07
1.487999999999972715e+04,9.932059974790593548e-01,8.518550946646841185e-16,2.450531989866933823e+08,4.127999280233640969e+07
1.488999999999972715e+04,9.929994281899765518e-01,8.517549394994324382e-16,2.452483323205318749e+08,4.135648940931166708e+07
1.489999999999972715e+04,9.927920639765810407e-01,8.516541406098779192e-16,2.454434719141796529e+08,4.143363243497975916e+07
1.490999999999972715e+04,9.927865245468718847e-01,8.515527062336186213e-16,2.456386178389429450e+08,4.150809970843151957e+07
1.491999999999972715e+04,9.927800730517857275e-01,8.514506316048845060e-16,2.458337701662221253e+08,4.158322467118518054e+07
1.492999999999972533e+04,9.927727088662965382e-01,8.513479123479522871e-16,2.460289289678407311e+08,4.165884279250949621e+07
1.493999999999972533e+04,9.927644076624384528e-01,8.512444511407333877e-16,2.462240943201892376e+08,4.173490225831074268e+07
1.494999999999972533e+04,9.927551372365154281e-01,8.511397372628686187e-16,2.464192663366469145e+08,4.181137967695865035e+07
1.495999999999972533e+04,9.927448610012725716e-01,8.510336513640378107e-16,2.466144451697204411e+08,4.188826339241164923e+07
1.496999999999972533e+04,9.927335390609439703e-01,8.509264056277599882e-16,2.468096309649109840e+08,4.196554794751613587e+07
1.497999999999972533e+04,9.927211286504296073e-01,8.508181234678093979e-16,2.470048238471598923e+08,4.204323166628880054e+07
1.498999999999972533e+04,9.927075842657726579e-01,8.507088945744517205e-16,2.472000239296710193e+08,4.212131540004855394e+07
1.499999999999972533e+04,9.926928576877716015e-01,8.505987918960911601e-16,2.473952313167278767e+08,4.219980183138412237e+07
1.500999999999972533e+04,9.926768979105318191e-01,8.504878755294709451e-16,2.475904461053309739e+08,4.227869504284595698e+07
1.501999999999972351e+04,9.926596510274772189e-01,8.503761939608507070e-16,2.477856683865926266e+08,4.235800024226412177e+07
1.502999999999972351e+04,9.926410601285562407e-01,8.502637850452808567e-16,2.479808982470185459e+08,4.243772359425617754e+07
1.503999999999972351e+04,9.926210650994877760e-01,8.501506772285411254e-16,2.481761357696645260e+08,4.251787208388345689e+07
1.504999999999972351e+04,9.925996024735370682e-01,8.500368910439647874e-16,2.483713810351341665e+08,4.259845344921227545e+07
1.505999999999972351e+04,9.925766051820571478e-01,8.499224407181917557e-16,2.485666341223968565e+08,4.267947611222074926e+07
1.506999999999972351e+04,9.925520023548850546e-01,8.498073356796896403e-16,2.487618951094241738e+08,4.276094915506390482e+07
1.507999999999972351e+04,9.925257190609653168e-01,8.496915818898343509e-16,2.489571640736622214e+08,4.284288229229532927e+07
1.508999999999972351e+04,9.924976760214425653e-01,8.495751827615832900e-16,2.491524410923727453e+08,4.292528586295522749e+07
1.509999999999972169e+04,9.924677893130819939e-01,8.494581396296582451e-16,2.493477262428916395e+08,4.300817082800098509e+07
1.510999999999972169e+04,9.924359700304998810e-01,8.493404514463439587e-16,2.495430196028734744e+08,4.309154877474364638e+07
1.511999999999972169e+04,9.924021239403043593e-01,8.492221129104145854e-16,2.497383212506465018e+08,4.317543193318197131e+07
1.512999999999972169e+04,9.923661510522325813e-01,8.491031091343614957e-16,2.499336312659697533e+08,4.325983318065996468e+07
1.513999999999972169e+04,9.923279452199822437e-01,8.489834059097983312e-16,2.501289497317032218e+08,4.334476608084508777e+07
1.514999999999972169e+04,9.922873936357998748e-01,8.488629476038982213e-16,2.503242767362671793e+08,4.343024489496102184e+07
1.515999999999972169e+04,9.922443763227593028e-01,8.487416792399830596e-16,2.505196123749223948e+08,4.351628462565243989e+07
1.516999999999972169e+04,9.921987655400350548e-01,8.486195693623173362e-16,2.507149567482818067e+08,4.360290104634401202e+07
1.517999999999972169e+04,9.921504251737289781e-01,8.484966104335153562e-16,2.509103099594474137e+08,4.369011075653611124e+07
1.518999999999971988e+04,9.920992100098126043e-01,8.483728098576672124e-16,2.511056721117433012e+08,4.377793121068301797e+07
1.519999999999971988e+04,9.920449649721991836e-01,8.482481827513534289e-16,2.513010433074237108e+08,4.386638077688927203e+07
1.520999999999971988e+04,9.919875242785992642e-01,8.481227456193590161e-16,2.514964236470956802e+08,4.395547878110718727e+07
1.521999999999971988e+04,9.919267105029323517e-01,8.479964929534945536e-16,2.516918132309668958e+08,4.404524555794955045e+07
1.522999999999971988e+04,9.918623335253993201e-01,8.478694016690959827e-16,2.518872121614432335e+08,4.413570250044520199e+07
1.523999999999971988e+04,9.917941893828262634e-01,8.477414896549633568e-16,2.520826205416501462e+08,4.422687210874962807e+07
1.524999999999971988e+04,9.917220590082548304e-01,8.476127870274494138e-16,2.522780384720644951e+08,4.431877804701819271e+07
1.525999999999971988e+04,9.916457068000010810e-01,8.474833167361670005e-16,2.524734660503397882e+08,4.441144519046008587e+07
1.526999999999971806e+04,9.915648790581907956e-01,8.473530961248041140e-16,2.526689033721421957e+08,4.450489967214472592e+07
1.527999999999971806e+04,9.914793022291055191e-01,8.472221391510226661e-16,2.528643505316761136e+08,4.459916892383523285e+07
1.528999999999971806e+04,9.913886809653960075e-01,8.470904575377246513e-16,2.530598076220039725e+08,4.469428171097619832e+07
1.529999999999971806e+04,9.912926959524815951e-01,8.469580614253681326e-16,2.532552747352644205e+08,4.479026815394625068e+07
1.530999999999971806e+04,9.911910014966569538e-01,8.468249597779443494e-16,2.534507519628313184e+08,4.488715973645883054e+07
1.531999999999971806e+04,9.910832228210534334e-01,8.466911606169511008e-16,2.536462393954366148e+08,4.498498928418155015e+07
1.532999999999971806e+04,9.909689530935504864e-01,8.465566711215535279e-16,2.538417371232741177e+08,4.508379091903840005e+07
1.533999999999971806e+04,9.908477500674461869e-01,8.464214976889686544e-16,2.540372452360952199e+08,4.518359995813254267e+07
1.534999999999971806e+04,9.907191324102970764e-01,8.462856462006337618e-16,2.542327638232891560e+08,4.528445276444929093e+07
1.535999999999971624e+04,9.905825755974744240e-01,8.461491228799339638e-16,2.544282929739009440e+08,4.538638649240427464e+07
1.536999999999971624e+04,9.904375074452496097e-01,8.460119360502425331e-16,2.546238327765000761e+08,4.548943874111730605e+07
1.537999999999971624e+04,9.902833032019479065e-01,8.458740986077285695e-16,2.548193833188021481e+08,4.559364703407970816e+07
1.538999999999971624e+04,9.901192802805218740e-01,8.457356304778760711e-16,2.550149446870002151e+08,4.569904809796930850e+07
1.539999999999971624e+04,9.899446926617703202e-01,8.455965603354879516e-16,2.552105169648543596e+08,4.580567685383574665e+07
1.540999999999971624e+04,9.897587251304613698e-01,8.454569264025001224e-16,2.554061002326379120e+08,4.591356502412677556e+07
1.541999999999971624e+04,9.895604875335979322e-01,8.453167766054406932e-16,2.556016945660339296e+08,4.602273922179914266e+07
1.542999999999971624e+04,9.893490095551867869e-01,8.451761684971119596e-16,2.557973000350319445e+08,4.613321835884370655e+07
1.543999999999971442e+04,9.891232364913926656e-01,8.450351692537987235e-16,2.559929167028337717e+08,4.624501009485168755e+07
1.544999999999971442e+04,9.888820271964147146e-01,8.448938558489358234e-16,2.561885446247521937e+08,4.635810606384743750e+07
1.545999999999971442e+04,9.886241556336814451e-01,8.447523155060108319e-16,2.563841838470755816e+08,4.647247542766337097e+07
1.546999999999971442e+04,9.883483184045309677e-01,8.446106463864621037e-16,2.565798344058691263e+08,4.658805623584286869e+07
1.547999999999971442e+04,9.880531517270523256e-01,8.444689584909951567e-16,2.567754963256850243e+08,4.670474392985791713e+07
1.548999999999971442e+04,9.877372629963525608e-01,8.443273746948695237e-16,2.569711696181633472e+08,4.682237622298659384e+07
1.549999999999971442e+04,9.873992840903957902e-01,8.441860317954172879e-16,2.571668542805128992e+08,4.694071349694979936e+07
1.550999999999971442e+04,9.870379564308853215e-01,8.440450813775565177e-16,2.573625502938830853e+08,4.705941402120416611e+07
1.551999999999971442e+04,9.866522606503359549e-01,8.439046901835303731e-16,2.575582576216630638e+08,4.717800375331272930e+07
1.552999999999971260e+04,9.862416061379946086e-01,8.437650395305203855e-16,2.577539762077897787e+08,4.729584172121515870e+07
1.553999999999971260e+04,9.858060951355482882e-01,8.436263230555836279e-16,2.579497059752185941e+08,4.741208428956055641e+07
1.554999999999971260e+04,9.853468690877960068e-01,8.434887421273793380e-16,2.581454468247804940e+08,4.752565578409412503e+07
1.555999999999971260e+04,9.848665243153835736e-01,8.433524974788068883e-16,2.583411986347839534e+08,4.763523864761140198e+07
1.556999999999971260e+04,9.843695437000274939e-01,8.432177769837079211e-16,2.585369612618024945e+08,4.773930288170500845e+07
1.557999999999971260e+04,9.838626280350534214e-01,8.430847385857043532e-16,2.587327345431595445e+08,4.783619787044476718e+07
1.558999999999971260e+04,9.833547407988122435e-01,8.429534904064943876e-16,2.589285183015710413e+08,4.792432311382216960e+07
1.559999999999971260e+04,9.828566496297446164e-01,8.428240711600128747e-16,2.591243123521022201e+08,4.800237087176430225e+07
1.560999999999971078e+04,9.823798272005663801e-01,8.426964364762312239e-16,2.593201165110896826e+08,4.806959374534793943e+07
1.561999999999971078e+04,9.819348063021660078e-01,8.425704571961078225e-16,2.595159306059792936e+08,4.812601194433450699e+07
1.562999999999971078e+04,9.815293981836943349e-01,8.424459332853603894e-16,2.597117544844475091e+08,4.817246992656873912e+07
1.563999999999971078e+04,9.811673776872662511e-01,8.423226219554728544e-16,2.599075880210314691e+08,4.821050033354387432e+07
1.564999999999971078e+04,9.808481215888977811e-01,8.422002730334069465e-16,2.601034311199908257e+08,4.824203492238443345e+07
1.565999999999971078e+04,9.805672828276809083e-01,8.420786614840434076e-16,2.602992837141447961e+08,4.826906515627350658e+07
1.566999999999971078e+04,9.803181537816489932e-01,8.419576084944721905e-16,2.604951457605502605e+08,4.829336023744833469e+07
1.567999999999971078e+04,9.800931807338328916e-01,8.418369874223728709e-16,2.606910172346182466e+08,4.831630419487152994e+07
1.568999999999971078e+04,9.798851900502010270e-01,8.417167174529109183e-16,2.608868981243061721e+08,4.833885515352233499e+07
1.569999999999970896e+04,9.796881294472421509e-01,8.415967510613827676e-16,2.610827884254721999e+08,4.836159163115376234e+07
1.570999999999970896e+04,9.794973458660796162e-01,8.414770611827990646e-16,2.612786881387518048e+08,4.838480102217674255e+07
1.571999999999970896e+04,9.793095350890226314e-01,8.413576313092172846e-16,2.614745972677789629e+08,4.840857453156071901e+07
1.572999999999970896e+04,9.791225165104529005e-01,8.412384491469870738e-16,2.616705158183523417e+08,4.843288797330145538e+07
1.573999999999970896e+04,9.789349528669739620e-01,8.411195032210663366e-16,2.618664437981622517e+08,4.845766086040683836e+07
1.574999999999970896e+04,9.787460879086142818e-01,8.410007814107541897e-16,2.620623812167905867e+08,4.848279440287073702e+07
1.575999999999970896e+04,9.785555352648737104e-01,8.408822705760287517e-16,2.622583280858097374e+08,4.850819276465735584e+07
1.576999999999970896e+04,9.783631256233800144e-01,8.407639566949015331e-16,2.624542844188924134e+08,4.853377282673460990e+07
1.577999999999970714e+04,9.781688053947634742e-01,8.406458251851992232e-16,2.626502502318896949e+08,4.855946694610056281e+07
1.578999999999970714e+04,9.779725749973392501e-01,8.405278610981754983e-16,2.628462255428771079e+08,4.858522209939768165e+07
1.579999999999970714e+04,9.777744544529727300e-01,8.404100488188728562e-16,2.630422103722145855e+08,4.861099749841066450e+07
1.580999999999970714e+04,9.775744663480753216e-01,8.402923734397149337e-16,2.632382047425464392e+08,4.863676192227791250e+07
1.581999999999970714e+04,9.773726288348589808e-01,8.401748225741066017e-16,2.634342086785945892e+08,4.866249133976318687e+07
1.582999999999970714e+04,9.771689538205368120e-01,8.400573846356073636e-16,2.636302222069491446e+08,4.868816699197297543e+07
1.583999999999970714e+04,9.769634475647129834e-01,8.399400480437742352e-16,2.638262453560236096e+08,4.871377398426935077e+07
1.584999999999970714e+04,9.767561120072324465e-01,8.398228013125780635e-16,2.640222781560486257e+08,4.873930025430264324e+07
1.585999999999970714e+04,9.765469461651898886e-01,8.397056331418464093e-16,2.642183206390508413e+08,4.876473586970568448e+07
1.586999999999970532e+04,9.763359472458370547e-01,8.395885324570951071e-16,2.644143728388240933e+08,4.879007253567848355e+07
1.587999999999970532e+04,9.761231114205903836e-01,8.394714884149525702e-16,2.646104347908978462e+08,4.881530324909708649e+07
1.588999999999970532e+04,9.759084343260224781e-01,8.393544903997698593e-16,2.648065065325057507e+08,4.884042206280281395e+07
1.589999999999970532e+04,9.756919113289914680e-01,8.392375280385125020e-16,2.650025881025539339e+08,4.886542390700766444e+07
1.590999999999970532e+04,9.754735376358455445e-01,8.391205911922742234e-16,2.651986795415889323e+08,4.889030445351824164e+07
1.591999999999970532e+04,9.752533083344303577e-01,8.390036699595634393e-16,2.653947808917655051e+08,4.891506002306864411e+07
1.592999999999970532e+04,9.750312183470690730e-01,8.388867546779493127e-16,2.655908921968145370e+08,4.893968748947836459e+07
1.593999999999970532e+04,9.748072623743577747e-01,8.387698359232501151e-16,2.657870135020114481e+08,4.896418421050598472e+07
1.594999999999970532e+04,9.745814348552239714e-01,8.386529045262649657e-16,2.659831448541431725e+08,4.898854796941934526e+07
1.595999999999970350e+04,9.743537299127161821e-01,8.385359515638291353e-16,2.661792863014748096e+08,4.901277692154793441e+07
1.596999999999970350e+04,9.741241413128097770e-01,8.384189683924950540e-16,2.663754378937144279e+08,4.903686953970792145e+07
1.597999999999970350e+04,9.738926624405654930e-01,8.383019466373665768e-16,2.665715996819780469e+08,4.906082457583348453e+07
1.598999999999970350e+04,9.736592863076916071e-01,8.381848782403651423e-16,2.667677717187515199e+08,4.908464102081874013e+07
1.599999999999970350e+04,9.734240055460643415e-01,8.380677554724693443e-16,2.669639540578485727e+08,4.910831807278876752e+07
1.600999999999970350e+04,9.731868124335185666e-01,8.379505709289722008e-16,2.671601467543690801e+08,4.913185510348985344e+07
1.601999999999970532e+04,9.729476989239027596e-01,8.378333175301591806e-16,2.673563498646568060e+08,4.915525163458402455e+07
1.602999999999970714e+04,9.727066566628186361e-01,8.377159884964496182e-16,2.675525634462606609e+08,4.917850731003183126e+07
1.603999999999970714e+04,9.724636770388170870e-01,8.375985773558958226e-16,2.677487875578949451e+08,4.920162188077617437e+07
1.604999999999970896e+04,9.722187512244249152e-01,8.374810780064900729e-16,2.679450222593969107e+08,4.922459518297842145e+07
1.605999999999971078e+04,9.719718702041939551e-01,8.373634846581243744e-16,2.681412676116831899e+08,4.924742712298206985e+07
1.606999999999971260e+04,9.717230248244805857e-01,8.372457918702777950e-16,2.683375236767085493e+08,4.927011766739077866e+07
1.607999999999971442e+04,9.714722058231622936e-01,8.371279945512405223e-16,2.685337905174213052e+08,4.929266682710177451e+07
1.608999999999971624e+04,9.712194038688635178e-01,8.370100879740389927e-16,2.687300681977193356e+08,4.931507465079545975e+07
1.609999999999971806e+04,9.709646096043349495e-01,8.368920677315813595e-16,2.689263567824058533e+08,4.933734121539221704e+07
1.610999999999971806e+04,9.707078136649169853e-01,8.367739298016667304e-16,2.691226563371466398e+08,4.935946661937823147e+07
1.611999999999971988e+04,9.704490067201758663e-01,8.366556705024545621e-16,2.693189669284241199e+08,4.938145097783388197e+07
1.612999999999972169e+04,9.701881794972361250e-01,8.365372864777087202e-16,2.695152886234962940e+08,4.940329441527526826e+07
1.613999999999972351e+04,9.699253228012589823e-01,8.364187747448142600e-16,2.697116214903530478e+08,4.942499706456060708e+07
1.614999999999972533e+04,9.696604275518596605e-01,8.363001326447357389e-16,2.699079655976724029e+08,4.944655906193950772e+07
1.615999999999972715e+04,9.693934847867807791e-01,8.361813578599934826e-16,2.701043210147799850e+08,4.946798054196315259e+07
1.616999999999972897e+04,9.691244856991361178e-01,8.360624483906183161e-16,2.703006878116075993e+08,4.948926164102916420e+07
1.617999999999972897e+04,9.688534216477995287e-01,8.359434025844165084e-16,2.704970660586520433e+08,4.951040249171258509e+07
1.618999999999973079e+04,9.685802841661598217e-01,8.358242191259074770e-16,2.706934558269332051e+08,4.953140322234440595e+07
1.619999999999973261e+04,9.683050649847153579e-01,8.357048970291378567e-16,2.708898571879526377e+08,4.955226395422804356e+07
1.620999999999973443e+04,9.680277560422591021e-01,8.355854356762578830e-16,2.710862702136511803e+08,4.957298480618365854e+07
1.621999999999973625e+04,9.677483494950656073e-01,8.354658348113682765e-16,2.712826949763636589e+08,4.959356588859800994e+07
1.622999999999973807e+04,9.674668377170569933e-01,8.353460945371801077e-16,2.714791315487753749e+08,4.961400730527165532e+07
1.623999999999973988e+04,9.671832133316810021e-01,8.352262153746058423e-16,2.716755800038743019e+08,4.963430915645568818e+07
1.624999999999973988e+04,9.668974691904161922e-01,8.351061981685485434e-16,2.718720404149056673e+08,4.965447153277876228e+07
1.625999999999974170e+04,9.666095983946382253e-01,8.349860441627384430e-16,2.720685128553285599e+08,4.967449452125400305e+07
1.626999999999974352e+04,9.663195942977247377e-01,8.348657549220649510e-16,2.722649973987709880e+08,4.969437820282328129e+07
1.627999999999974534e+04,9.660274505111861032e-01,8.347453323006578646e-16,2.724614941189941168e+08,4.971412265461306274e+07
1.628999999999974716e+04,9.657331608929635713e-01,8.346247784509492098e-16,2.726580030898549557e+08,4.973372794575934857e+07
1.629999999999974898e+04,9.654367195657591605e-01,8.345040957461227918e-16,2.728545243852753043e+08,4.975319414531516284e+07
1.630999999999975080e+04,9.651381209136327133e-01,8.343832867785958346e-16,2.730510580792148113e+08,4.977252131706523895e+07
1.631999999999975080e+04,9.648373595768569011e-01,8.342623543543888806e-16,2.732476042456441522e+08,4.979170952201059461e+07
1.632999999999975262e+04,9.645344304605913965e-01,8.341413014178410479e-16,2.734441629585234523e+08,4.981075881884373724e+07
1.633999999999975444e+04,9.642293287279315450e-01,8.340201310685008232e-16,2.736407342917833924e+08,4.982966926212798804e+07
1.634999999999975626e+04,9.639220498033036488e-01,8.338988465251607110e-16,2.738373183193085194e+08,4.984844090718794614e+07
1.635999999999975807e+04,9.636125893797564679e-01,8.337774511266659136e-16,2.740339151149220467e+08,4.986707380854735523e+07
1.636999999999975989e+04,9.633009434053205755e-01,8.336559483013961630e-16,2.742305247523724437e+08,4.988556801706836373e+07
1.637999999999976171e+04,9.629871080902629998e-01,8.335343415571233360e-16,2.744271473053225875e+08,4.990392358448089659e+07
1.638999999999976353e+04,9.626710799153888054e-01,8.334126344844329409e-16,2.746237828473387957e+08,4.992214056256516278e+07
1.639999999999976353e+04,9.623528556140764634e-01,8.332908307030200455e-16,2.748204314518836737e+08,4.994021900069383532e+07
1.640999999999976717e+04,9.620324321996231998e-01,8.331689339044961229e-16,2.750170931923089027e+08,4.995815895083189756e+07
1.641999999999976717e+04,9.617098069431768703e-01,8.330469477974819668e-16,2.752137681418486238e+08,4.997596046312435716e+07
1.642999999999976717e+04,9.613849773870293269e-01,8.329248761202730500e-16,2.754104563736166358e+08,4.999362358803533763e+07
1.643999999999977081e+04,9.610579413519161340e-01,8.328027226206226961e-16,2.756071579606022239e+08,5.001114837645065784e+07
1.644999999999977081e+04,9.607286969320693037e-01,8.326804910465143786e-16,2.758038729756684899e+08,5.002853487848516554e+07
1.645999999999977445e+04,9.603972425078093345e-01,8.325581851406935347e-16,2.760006014915517569e+08,5.004578314619593322e+07
1.646999999999977445e+04,9.600635767369860574e-01,8.324358086302041143e-16,2.761973435808622241e+08,5.006289322928907722e+07
1.647999999999977808e+04,9.597276985726511667e-01,8.323133652151254208e-16,2.763940993160842657e+08,5.007986517941697687e+07
1.648999999999977808e+04,9.593896072664216401e-01,8.321908585524933514e-16,2.765908687695801258e+08,5.009669904647956043e+07
1.649999999999977808e+04,9.590493023763397851e-01,8.320682922647460402e-16,2.767876520135934949e+08,5.011339488360223919e+07
1.650999999999978172e+04,9.587067837571678908e-01,8.319456699059255071e-16,2.769844491202540994e+08,5.012995273838116974e+07
1.651999999999978172e+04,9.583620515918398475e-01,8.318229949706890138e-16,2.771812601615836024e+08,5.014637266305752099e+07
1.652999999999978536e+04,9.580151063776958242e-01,8.317002708692234832e-16,2.773780852095036507e+08,5.016265470669373870e+07
1.653999999999978536e+04,9.576659489504653067e-01,8.315775009284956475e-16,2.775749243358436227e+08,5.017879892189299315e+07
1.654999999999978900e+04,9.573145804786806767e-01,8.314546883849352646e-16,2.777717776123504043e+08,5.019480535694212466e+07
1.655999999999978900e+04,9.569610024739969578e-01,8.313318363530640916e-16,2.779686451106989980e+08,5.021067406166078150e+07
1.656999999999978900e+04,9.566052168087164631e-01,8.312089478575812249e-16,2.781655269025039673e+08,5.022640508753553033e+07
1.657999999999979264e+04,9.562472257090399719e-01,8.310860257963035980e-16,2.783624230593304038e+08,5.024199848538713902e+07
1.658999999999979264e+04,9.558870317680951967e-01,8.309630729502194218e-16,2.785593336527072191e+08,5.025745430247586966e+07
1.659999999999979627e+04,9.555246379635311538e-01,8.308400920049445116e-16,2.787562587541381717e+08,5.027277259229121357e+07
1.660999999999979627e+04,9.551600476475835544e-01,8.307170855432928930e-16,2.789531984351120591e+08,5.028795340478702635e+07
1.661999999999979991e+04,9.547932645668060214e-01,8.305940560985576512e-16,2.791501527671097517e+08,5.030299679181563854e+07
1.662999999999979991e+04,9.544242928681667681e-01,8.304710061590163128e-16,2.793471218216090202e+08,5.031790280620376021e+07
1.663999999999979991e+04,9.540531370961402580e-01,8.303479382293130000e-16,2.795441056700835824e+08,5.033267150084450096e+07
1.664999999999980355e+04,9.536798022154342469e-01,8.302248548754205443e-16,2.797411043839972019e+08,5.034730293003533036e+07
1.665999999999980355e+04,9.533042936061846273e-01,8.301017587457592790e-16,2.799381180347931385e+08,5.036179715051867813e+07
1.666999999999980719e+04,9.529266170707579864e-01,8.299786526159925052e-16,2.801351466938803196e+08,5.037615421917831898e+07
1.667999999999980719e+04,9.525467788467566477e-01,8.298555394062389446e-16,2.803321904326145649e+08,5.039037419439005107e+07
1.668999999999981083e+04,9.521647856105397434e-01,8.297324221899611304e-16,2.805292493222790956e+08,5.040445713753426820e+07
1.669999999999981083e+04,9.517806444811560684e-01,8.296093041818255283e-16,2.807263234340652823e+08,5.041840311159056425e+07
1.670999999999981083e+04,9.513943630321323175e-01,8.294861887244577596e-16,2.809234128390548825e+08,5.043221218233272433e+07
1.671999999999981446e+04,9.510059492890505783e-01,8.293630792423247075e-16,2.811205176082054377e+08,5.044588441686354578e+07
1.672999999999981446e+04,9.506154117444839402e-01,8.292399792453413865e-16,2.813176378123391271e+08,5.045941988661734760e+07
1.673999999999981810e+04,9.502227593567232899e-01,8.291168922873924391e-16,2.815147735221327543e+08,5.047281866449186206e+07
1.674999999999981810e+04,9.498280015614228855e-01,8.289938219159790452e-16,2.817119248081136346e+08,5.048608082658199966e+07
1.675999999999982174e+04,9.494311482734087981e-01,8.288707716669983392e-16,2.819090917406596541e+08,5.049920645313484222e+07
1.676999999999982174e+04,9.490322098957482133e-01,8.287477450393834059e-16,2.821062743900005221e+08,5.051219562725573778e+07
1.677999999999982174e+04,9.486311973246289719e-01,8.286247454701024046e-16,2.823034728262210488e+08,5.052504843562296778e+07
1.678999999999982538e+04,9.482281219508382764e-01,8.285017763621202368e-16,2.825006871192658544e+08,5.053776496745990217e+07
1.679999999999982538e+04,9.478229956744963491e-01,8.283788410182452625e-16,2.826979173389450908e+08,5.055034531836242229e+07
1.680999999999982901e+04,9.474158308996459832e-01,8.282559426589174232e-16,2.828951635549435019e+08,5.056278958524066955e+07
1.681999999999982901e+04,9.470066405521433417e-01,8.281330844047813189e-16,2.830924258368294835e+08,5.057509787124004215e+07
1.682999999999983265e+04,9.465954380737995333e-01,8.280102693244177156e-16,2.832897042540623546e+08,5.058727028157596290e+07
1.683999999999983265e+04,9.461822374343225039e-01,8.278875003681853314e-16,2.834869988759997487e+08,5.059930692740356177e+07
1.684999999999983265e+04,9.457670531405644176e-01,8.277647803654311287e-16,2.836843097719106674e+08,5.061120792444185168e+07
1.685999999999983629e+04,9.453499002285987718e-01,8.276421121043873297e-16,2.838816370109829307e+08,5.062297339230529964e+07
1.686999999999983629e+04,9.449307942865305954e-01,8.275194982508742710e-16,2.840789806623302102e+08,5.063460345651198179e+07
1.687999999999983993e+04,9.445097514426192831e-01,8.273969413649112510e-16,2.842763407950037718e+08,5.064609824584831297e+07
1.688999999999983993e+04,9.440867883857514409e-01,8.272744439374824765e-16,2.844737174780009389e+08,5.065745789575476944e+07
1.689999999999984357e+04,9.436619223552695779e-01,8.271520083625138640e-16,2.846711107802722454e+08,5.066868254567912221e+07
1.690999999999984357e+04,9.432351711598383481e-01,8.270296369145271741e-16,2.848685207707325816e+08,5.067977234210710973e+07
1.691999999999984720e+04,9.428065531730434046e-01,8.269073318353909465e-16,2.850659475182675719e+08,5.069072743590353429e+07
1.692999999999984720e+04,9.423760873371699320e-01,8.267850952124770876e-16,2.852633910917419791e+08,5.070154798381841183e+07
1.693999999999984720e+04,9.419437931743136483e-01,8.266629291082186522e-16,2.854608515600090027e+08,5.071223414856455475e+07
1.694999999999985084e+04,9.415096907837383622e-01,8.265408354517978612e-16,2.856583289919161797e+08,5.072278609979295731e+07
1.695999999999985084e+04,9.410738008452110837e-01,8.264188161228033207e-16,2.858558234563139677e+08,5.073320401143018156e+07
1.696999999999985448e+04,9.406361446250881553e-01,8.262968728914277595e-16,2.860533350220634341e+08,5.074348806666340679e+07
1.697999999999985448e+04,9.401967439820276828e-01,8.261750074742320143e-16,2.862508637580424547e+08,5.075363845307488739e+07
1.698999999999985812e+04,9.397556213584230544e-01,8.260532214783057079e-16,2.864484097331535816e+08,5.076365536646445096e+07
1.699999999999985812e+04,9.393127997932174678e-01,8.259315164722729152e-16,2.866459730163301229e+08,5.077353900913479924e+07
1.700999999999985812e+04,9.388683029187883111e-01,8.258098939000248982e-16,2.868435536765419245e+08,5.078328959012841433e+07
1.701999999999986176e+04,9.384221549612695723e-01,8.256883551816128521e-16,2.870411517828030586e+08,5.079290732700147480e+07
1.702999999999986176e+04,9.379743807440231729e-01,8.255669016310518530e-16,2.872387674041755795e+08,5.080239244426135719e+07
1.703999999999986539e+04,9.375250056869199877e-01,8.254455344953466947e-16,2.874364006097775102e+08,5.081174517495913804e+07
1.704999999999986539e+04,9.370740558029579947e-01,8.253242549707149109e-16,2.876340514687879086e+08,5.082096575857510418e+07
1.705999999999986903e+04,9.366215577059469055e-01,8.252030641619492970e-16,2.878317200504516363e+08,5.083005444565480947e+07
1.706999999999986903e+04,9.361675385954091322e-01,8.250819631050945050e-16,2.880294064240851402e+08,5.083901149223950505e+07
1.707999999999986903e+04,9.357120262687427248e-01,8.249609527848746575e-16,2.882271106590847373e+08,5.084783716557763517e+07
1.708999999999987267e+04,9.352550491137731070e-01,8.248400341089940341e-16,2.884248328249217868e+08,5.085653173994150758e+07
1.709999999999987267e+04,9.347966361018933412e-01,8.247192079109173133e-16,2.886225729911591411e+08,5.086509550007022172e+07
1.710999999999987631e+04,9.343368167909467115e-01,8.245984749529491869e-16,2.888203312274489999e+08,5.087352873980136961e+07
1.711999999999987631e+04,9.338756213160018804e-01,8.244778359318874357e-16,2.890181076035351157e+08,5.088183176159285009e+07
1.712999999999987995e+04,9.334130803907225715e-01,8.243572914702448796e-16,2.892159021892805696e+08,5.089000487780774385e+07
1.713999999999987995e+04,9.329492252964104448e-01,8.242368421172692766e-16,2.894137150546401143e+08,5.089804841266340762e+07
1.714999999999987995e+04,9.324840878799772748e-01,8.241164883437288533e-16,2.896115462697035074e+08,5.090596269824865460e+07
1.715999999999988358e+04,9.320177005425096528e-01,8.239962305415725031e-16,2.898093959046901464e+08,5.091374807795424759e+07
1.716999999999988358e+04,9.315500962408584940e-01,8.238760690219422512e-16,2.900072640299077034e+08,5.092140490529843420e+07
1.717999999999988722e+04,9.310813084756717206e-01,8.237560040133327434e-16,2.902051507158310413e+08,5.092893354533588886e+07
1.718999999999988722e+04,9.306113712794679138e-01,8.236360356564634534e-16,2.904030560330396295e+08,5.093633437331642210e+07
1.719999999999989086e+04,9.301403192105802686e-01,8.235161640091761277e-16,2.906009800522400141e+08,5.094360777531097084e+07
1.720999999999989086e+04,9.296681873482074421e-01,8.233963890435072250e-16,2.907989228443701863e+08,5.095075414987977594e+07
1.721999999999989086e+04,9.291950112765292591e-01,8.232767106459211230e-16,2.909968844804794192e+08,5.095777390595275164e+07
1.722999999999989450e+04,9.287208270704789825e-01,8.231571286126873929e-16,2.911948650319280028e+08,5.096466746370779723e+07
1.723999999999989450e+04,9.282456712971773882e-01,8.230376426541866989e-16,2.913928645716447830e+08,5.097143525510571897e+07
1.724999999999989814e+04,9.277695809855494025e-01,8.229182524150215247e-16,2.915908831661117673e+08,5.097807772714494169e+07
1.725999999999989814e+04,9.272925936347714559e-01,8.227989574478776615e-16,2.917889208905814290e+08,5.098459533439438045e+07
1.726999999999990177e+04,9.268147471897919543e-01,8.226797572476514162e-16,2.919869778204751015e+08,5.099098854291838408e+07
1.727999999999990177e+04,9.263360800166132725e-01,8.225606512325431786e-16,2.921850540228912234e+08,5.099725783575782180e+07
1.728999999999990177e+04,9.258566309050999532e-01,8.224416387691023749e-16,2.923831495715355873e+08,5.100340370607349277e+07
1.729999999999990541e+04,9.253764390471639345e-01,8.223227191518134240e-16,2.925812645391658545e+08,5.100942665824115276e+07
1.730999999999990541e+04,9.248955440158608265e-01,8.222038916266061586e-16,2.927793989985331297e+08,5.101532721026320010e+07
1.731999999999990905e+04,9.244139857606821220e-01,8.220851553782378969e-16,2.929775530226428509e+08,5.102110589220000803e+07
1.732999999999990905e+04,9.239318045778652788e-01,8.219665095306786038e-16,2.931757266847295761e+08,5.102676324705059826e+07
1.733999999999991269e+04,9.234490410969182772e-01,8.218479531468562856e-16,2.933739200581489801e+08,5.103229983066916466e+07
1.734999999999991269e+04,9.229657362674371646e-01,8.217294852254292677e-16,2.935721332165335417e+08,5.103771621142543852e+07
1.735999999999991269e+04,9.224819313324699177e-01,8.216111046990197372e-16,2.937703662337124348e+08,5.104301296999870241e+07
1.736999999999991633e+04,9.219976678145136439e-01,8.214928104295618308e-16,2.939686191837518215e+08,5.104819070004501194e+07
1.737999999999991633e+04,9.215129874932517229e-01,8.213746012057183118e-16,2.941668921409611702e+08,5.105325000749582797e+07
1.738999999999991996e+04,9.210279323854747568e-01,8.212564757389882323e-16,2.943651851798771024e+08,5.105819151234331727e+07
1.739999999999991996e+04,9.205425447255937144e-01,8.211384326680151983e-16,2.945634983752890229e+08,5.106301584558266401e+07
1.740999999999992360e+04,9.200568669426253399e-01,8.210204705464276705e-16,2.947618318022261262e+08,5.106772365126381069e+07
1.741999999999992360e+04,9.195709416400177361e-01,8.209025878521083757e-16,2.949601855359763503e+08,5.107231558697854728e+07
1.742999999999992360e+04,9.190848115675698260e-01,8.207847829784286815e-16,2.951585596520816684e+08,5.107679232036782801e+07
1.743999999999992724e+04,9.185985196139740960e-01,8.206670542373790928e-16,2.953569542263520956e+08,5.108115453429921716e+07
1.744999999999992724e+04,9.181121087648759227e-01,8.205493998581000960e-16,2.955553693348655701e+08,5.108540292172842473e+07
1.745999999999993088e+04,9.176256220952325737e-01,8.204318179873901864e-16,2.957538050539767742e+08,5.108953818832216412e+07
1.746999999999993088e+04,9.171391027356846637e-01,8.203143066890603821e-16,2.959522614603211880e+08,5.109356105089697242e+07
1.747999999999993452e+04,9.166525938585111666e-01,8.201968639438502105e-16,2.961507386308224797e+08,5.109747224054159224e+07
1.748999999999993452e+04,9.161661386438597621e-01,8.200794876514507423e-16,2.963492366426964402e+08,5.110127249608787149e+07
1.749999999999993452e+04,9.156797802636787997e-01,8.199621756296926562e-16,2.965477555734576583e+08,5.110496257136005163e+07
1.750999999999993815e+04,9.151935618539750461e-01,8.198449256156302323e-16,2.967462955009246469e+08,5.110854322877094150e+07
1.751999999999993815e+04,9.147075264915320858e-01,8.197277352661643552e-16,2.969448565032241344e+08,5.111201524304147065e+07
1.752999999999994179e+04,9.142217171688535871e-01,8.196106021591503706e-16,2.971434386587978601e+08,5.111537939877770841e+07
1.753999999999994179e+04,9.137361767734759610e-01,8.194935237945271422e-16,2.973420420464059114e+08,5.111863649151223153e+07
1.754999999999994543e+04,9.132509480582335915e-01,8.193764975947602931e-16,2.975406667451328635e+08,5.112178732585206628e+07
1.755999999999994543e+04,9.127660736237943606e-01,8.192595209063328569e-16,2.977393128343921900e+08,5.112483271907515079e+07
1.756999999999994543e+04,9.122815958890748700e-01,8.191425910011742011e-16,2.979379803939307928e+08,5.112777349449105561e+07
1.757999999999994907e+04,9.117975570697907095e-01,8.190257050767714530e-16,2.981366695038333535e+08,5.113061048671579361e+07
1.758999999999994907e+04,9.113139991556047370e-01,8.189088602587400037e-16,2.983353802445263863e+08,5.113334453919061273e+07
1.759999999999995271e+04,9.108309638840781375e-01,8.187920536013744281e-16,2.985341126967828274e+08,5.113597650334277749e+07
1.760999999999995271e+04,9.103484927208048694e-01,8.186752820890415153e-16,2.987328669417253733e+08,5.113850723868627846e+07
1.761999999999995634e+04,9.098666268333541751e-01,8.185585426371564836e-16,2.989316430608305335e+08,5.114093761353705078e+07
1.762999999999995634e+04,9.093854070708038417e-01,8.184418320946645397e-16,2.991304411359317899e+08,5.114326850253221393e+07
1.763999999999995634e+04,9.089048739419349765e-01,8.183251472445964341e-16,2.993292612492238879e+08,5.114550078862355649e+07
1.764999999999995998e+04,9.084250675923555285e-01,8.182084848052369614e-16,2.995281034832646847e+08,5.114763536125805974e+07
1.765999999999995998e+04,9.079460277805934121e-01,8.180918414326943786e-16,2.997269679209791422e+08,5.114967311499463767e+07
1.766999999999996362e+04,9.074677938621503737e-01,8.179752137216113664e-16,2.999258546456614137e+08,5.115161495129282773e+07
1.767999999999996362e+04,9.069904047658736701e-01,8.178585982062975371e-16,3.001247637409778237e+08,5.115346177736581117e+07
1.768999999999996726e+04,9.065138989741283737e-01,8.177419913637079766e-16,3.003236952909693122e+08,5.115521450511435419e+07
1.769999999999996726e+04,9.060383145055079801e-01,8.176253896137880751e-16,3.005226493800529838e+08,5.115687405077745020e+07
1.770999999999996726e+04,9.055636888944809115e-01,8.175087893211329946e-16,3.007216260930248499e+08,5.115844133571925014e+07
1.771999999999997090e+04,9.050900591712389698e-01,8.173921867974219950e-16,3.009206255150606632e+08,5.115991728286008537e+07
1.772999999999997090e+04,9.046174618472768714e-01,8.172755783021105610e-16,3.011196477317184210e+08,5.116130282180435956e+07
1.773999999999997453e+04,9.041459328981451549e-01,8.171589600444205995e-16,3.013186928289391994e+08,5.116259888215021789e+07
1.774999999999997453e+04,9.036755077458434871e-01,8.170423281853919711e-16,3.015177608930486441e+08,5.116380639770077169e+07
1.775999999999997817e+04,9.032062212427993675e-01,8.169256788388531834e-16,3.017168520107573271e+08,5.116492630317815393e+07
1.776999999999997817e+04,9.027381076591287634e-01,8.168090080738134143e-16,3.019159662691618800e+08,5.116595953501688689e+07
1.777999999999997817e+04,9.022712006661663953e-01,8.166923119153673358e-16,3.021151037557455301e+08,5.116690703084816784e+07
1.778999999999998181e+04,9.018055333255073913e-01,8.165755863472518119e-16,3.023142645583783984e+08,5.116776972921252996e+07
1.779999999999998181e+04,9.013411380750606661e-01,8.164588273128058437e-16,3.025134487653171420e+08,5.116854856852667034e+07
1.780999999999998545e+04,9.008780467158099547e-01,8.163420307170876754e-16,3.027126564652056098e+08,5.116924448670354486e+07
1.781999999999998545e+04,9.004162904008972124e-01,8.162251924286144288e-16,3.029118877470737696e+08,5.116985842140900344e+07
1.782999999999998909e+04,8.999558996304375391e-01,8.161083082809048205e-16,3.031111427003377080e+08,5.117039130913810432e+07
1.783999999999998909e+04,8.994969042342240151e-01,8.159913740743512266e-16,3.033104214147984982e+08,5.117084408377163112e+07
1.784999999999998909e+04,8.990393333673453169e-01,8.158743855777962218e-16,3.035097239806414247e+08,5.117121767838914692e+07
1.785999999999999272e+04,8.985832155031372448e-01,8.157573385304946733e-16,3.037090504884348512e+08,5.117151302328834683e+07
1.786999999999999272e+04,8.981285784206820555e-01,8.156402286435384236e-16,3.039084010291288495e+08,5.117173104493936151e+07
1.787999999999999636e+04,8.976754492071010727e-01,8.155230516019613662e-16,3.041077756940534711e+08,5.117187266862860322e+07
1.788999999999999636e+04,8.972238542399382233e-01,8.154058030658281719e-16,3.043071745749169588e+08,5.117193881349314749e+07
1.790000000000000000e+04,8.967738191959842009e-01,8.152884786730194609e-16,3.045065977638040781e+08,5.117193039653049409e+07
1.791000000000000000e+04,8.963253690343253588e-01,8.151710740392909676e-16,3.047060453531734347e+08,5.117184832838395983e+07
1.792000000000000000e+04,8.958785280034868848e-01,8.150535847617174111e-16,3.049055174358554482e+08,5.117169351694551110e+07
1.793000000000000364e+04,8.954333196310445553e-01,8.149360064193406432e-16,3.051050141050496697e+08,5.117146686312594265e+07
1.794000000000000364e+04,8.949897667252114664e-01,8.148183345744597322e-16,3.053045354543218613e+08,5.117116926298901439e+07
1.795000000000000728e+04,8.945478913764655093e-01,8.147005647757437086e-16,3.055040815776014328e+08,5.117080160683808476e+07
1.796000000000000728e+04,8.941077149494367493e-01,8.145826925584172442e-16,3.057036525691782236e+08,5.117036477831238508e+07
1.797000000000001091e+04,8.936692580921965501e-01,8.144647134496734202e-16,3.059032485236982107e+08,5.116985965446381271e+07
1.798000000000001091e+04,8.932325407296410891e-01,8.143466229697187716e-16,3.061028695361603498e+08,5.116928710546983778e+07
1.799000000000001091e+04,8.927975820703900611e-01,8.142284166177077980e-16,3.063025157019135356e+08,5.116864799431130290e+07
1.800000000000001455e+04,8.923644006061259848e-01,8.141100898784438444e-16,3.065021871166538000e+08,5.116794317646717280e+07
1.801000000000001455e+04,8.919330141142087776e-01,8.139916382603513149e-16,3.067018838764192462e+08,5.116717349969479442e+07
1.802000000000001819e+04,8.915034396644089254e-01,8.138730572508243709e-16,3.069016060775842071e+08,5.116633980374947190e+07
1.803000000000001819e+04,8.910756936192436584e-01,8.137543423491509281e-16,3.071013538168563843e+08,5.116544291921076179e+07
1.804000000000002183e+04,8.906497916436063589e-01,8.136354890448185875e-16,3.073011271912704110e+08,5.116448366911960393e+07
1.805000000000002183e+04,8.902257487010052373e-01,8.135164928170283024e-16,3.075009262981861234e+08,5.116346286726156622e+07
1.806000000000002183e+04,8.898035790698535230e-01,8.133973491640017445e-16,3.077007512352820635e+08,5.116238131768111140e+07
1.807000000000002547e+04,8.893832963426000493e-01,8.132780535894829077e-16,3.079006021005499959e+08,5.116123981693107635e+07
1.808000000000002547e+04,8.889649134354653537e-01,8.131586015767966142e-16,3.081004789922907352e+08,5.116003915077791363e+07
1.809000000000002910e+04,8.885484425955162413e-01,8.130389886477879616e-16,3.083003820091090202e+08,5.115878009575481713e+07
1.810000000000002910e+04,8.881338954046218426e-01,8.129192103237633542e-16,3.085003112499055266e+08,5.115746341786367446e+07
1.811000000000003274e+04,8.877212827953684382e-01,8.127992621053708024e-16,3.087002668138743639e+08,5.115608987496059388e+07
1.812000000000003274e+04,8.873106150496390399e-01,8.126791395526617124e-16,3.089002488004966974e+08,5.115466021289402992e+07
1.813000000000003274e+04,8.869019018149226774e-01,8.125588382029430528e-16,3.091002573095324636e+08,5.115317516788565367e+07
1.814000000000003638e+04,8.864951521115754796e-01,8.124383536089793243e-16,3.093002924410175681e+08,5.115163546715062112e+07
1.815000000000003638e+04,8.860903743385188935e-01,8.123176813566935138e-16,3.095003542952558994e+08,5.115004182530981302e+07
1.816000000000004002e+04,8.856875762881541991e-01,8.121968170310434370e-16,3.097004429728125334e+08,5.114839494737592340e+07
1.817000000000004002e+04,8.852867651543054883e-01,8.120757562352852286e-16,3.099005585745090842e+08,5.114669552825565636e+07
1.818000000000004366e+04,8.848879475404411998e-01,8.119544945875920870e-16,3.101007012014169097e+08,5.114494425157923996e+07
1.819000000000004366e+04,8.844911294726429674e-01,8.118330277367109943e-16,3.103008709548493028e+08,5.114314178935368359e+07
1.820000000000004366e+04,8.840963164121053985e-01,8.117113513355826157e-16,3.105010679363557696e+08,5.114128880526971072e+07
1.821000000000004729e+04,8.837035132598659581e-01,8.115894610682448090e-16,3.107012922477152348e+08,5.113938594937629998e+07
1.822000000000004729e+04,8.833127243730427569e-01,8.114673526267138727e-16,3.109015439909291863e+08,5.113743386244078726e+07
1.823000000000005093e+04,8.829239535747246403e-01,8.113450217479814322e-16,3.111018232682145238e+08,5.113543317410447448e+07
1.824000000000005093e+04,8.825372041624355290e-01,8.112224641677983330e-16,3.113021301819959879e+08,5.113338450116485357e+07
1.825000000000005457e+04,8.821524789270647204e-01,8.110996756658698631e-16,3.115024648348999619e+08,5.113128845319587737e+07
1.826000000000005457e+04,8.817697801529298385e-01,8.109766520292347584e-16,3.117028273297467828e+08,5.112914562512919307e+07
1.827000000000005821e+04,8.813891096414915305e-01,8.108533890853938114e-16,3.119032177695435286e+08,5.112695660348843038e+07
1.828000000000005821e+04,8.810104687129385326e-01,8.107298826674847187e-16,3.121036362574775219e+08,5.112472196243089437e+07
1.829000000000005821e+04,8.806338582229953360e-01,8.106061286676623262e-16,3.123040828969079852e+08,5.112244226551359892e+07
1.830000000000006185e+04,8.802592785768660333e-01,8.104821229757430992e-16,3.125045577913580537e+08,5.112011806650701910e+07
1.831000000000006185e+04,8.798867297320855929e-01,8.103578615296153059e-16,3.127050610445085764e+08,5.111774990645297617e+07
1.832000000000006548e+04,8.795162112199560456e-01,8.102333402731730097e-16,3.129055927601901293e+08,5.111533831750766933e+07
1.833000000000006548e+04,8.791477221492658423e-01,8.101085552146570666e-16,3.131061530423754454e+08,5.111288381998168677e+07
1.834000000000006912e+04,8.787812612257810407e-01,8.099835023674777380e-16,3.133067419951702952e+08,5.111038692406327277e+07
1.835000000000006912e+04,8.784168267554990361e-01,8.098581777658236842e-16,3.135073597228087783e+08,5.110784812916735560e+07
1.836000000000006912e+04,8.780544166616732760e-01,8.097325775143150395e-16,3.137080063296432495e+08,5.110526792372921854e+07
1.837000000000007276e+04,8.776940284962025940e-01,8.096066977120135256e-16,3.139086819201367497e+08,5.110264678739793599e+07
1.838000000000007276e+04,8.773356594442955902e-01,8.094805345077090778e-16,3.141093865988562107e+08,5.109998518718859553e+07
1.839000000000007640e+04,8.769793063450430637e-01,8.093540840797570536e-16,3.143101204704641700e+08,5.109728358212375641e+07
1.840000000000007640e+04,8.766249656960376502e-01,8.092273426407921693e-16,3.145108836397106051e+08,5.109454241920177639e+07
1.841000000000008004e+04,8.762726336682344908e-01,8.091003064414530087e-16,3.147116762114248872e+08,5.109176213707544655e+07
1.842000000000008004e+04,8.759223061126341081e-01,8.089729717424055634e-16,3.149124982905094624e+08,5.108894316347403824e+07
1.843000000000008004e+04,8.755739785744028891e-01,8.088453348816782308e-16,3.151133499819300175e+08,5.108608591594080627e+07
1.844000000000008367e+04,8.752276463026411601e-01,8.087173921935625744e-16,3.153142313907083869e+08,5.108319080410060287e+07
1.845000000000008367e+04,8.748833042583583630e-01,8.085891400706347510e-16,3.155151426219145060e+08,5.108025822529145330e+07
1.846000000000008731e+04,8.745409471298615234e-01,8.084605749144055561e-16,3.157160837806593776e+08,5.107728856931540370e+07
1.847000000000008731e+04,8.742005693374137465e-01,8.083316932053451412e-16,3.159170549720860720e+08,5.107428221679715067e+07
1.848000000000009095e+04,8.738621650470937974e-01,8.082024914183031224e-16,3.161180563013612628e+08,5.107123953797963262e+07
1.849000000000009095e+04,8.735257281779843508e-01,8.080729660739775145e-16,3.163190878736696243e+08,5.106816089457121491e+07
1.850000000000009095e+04,8.731912524141911547e-01,8.079431137590563218e-16,3.165201497942032814e+08,5.106504663914129138e+07
1.851000000000009459e+04,8.728587312113664787e-01,8.078129310476871255e-16,3.167212421681554317e+08,5.106189711540233344e+07
1.852000000000009459e+04,8.725281578091172996e-01,8.076824145979065532e-16,3.169223651007119417e+08,5.105871265895900130e+07
1.853000000000009823e+04,8.721995252380092545e-01,8.075515610709653477e-16,3.171235186970434189e+08,5.105549359575619549e+07
1.854000000000009823e+04,8.718728263291568581e-01,8.074203671728049968e-16,3.173247030622985959e+08,5.105224024441901594e+07
1.855000000000010186e+04,8.715480537212247913e-01,8.072888296684103676e-16,3.175259183015944958e+08,5.104895291383741796e+07
1.856000000000010186e+04,8.712251998731924685e-01,8.071569453290585777e-16,3.177271645200090408e+08,5.104563190578228235e+07
1.857000000000010186e+04,8.709042570676974737e-01,8.070247109857647156e-16,3.179284418225742579e+08,5.104227751426701993e+07
1.858000000000010550e+04,8.705852174235688690e-01,8.068921234896262965e-16,3.181297503142677546e+08,5.103889002452480793e+07
1.859000000000010550e+04,8.702680729010844329e-01,8.067591797494551813e-16,3.183310901000052094e+08,5.103546971427432448e+07
1.860000000000010914e+04,8.699528153098102790e-01,8.066258766830205491e-16,3.185324612846328616e+08,5.103201685361325741e+07
1.861000000000010914e+04,8.696394363160862007e-01,8.064922112710565832e-16,3.187338639729198813e+08,5.102853170464963466e+07
1.862000000000011278e+04,8.693279274534055912e-01,8.063581805387002776e-16,3.189352982695486546e+08,5.102501452351420373e+07
1.863000000000011278e+04,8.690182801261814305e-01,8.062237815256330521e-16,3.191367642791082859e+08,5.102146555775210261e+07
1.864000000000011278e+04,8.687104856170093647e-01,8.060890113175853917e-16,3.193382621060881019e+08,5.101788504806696624e+07
1.865000000000011642e+04,8.684045350968984112e-01,8.059538670333346439e-16,3.195397918548694849e+08,5.101427322831070423e+07
1.866000000000011642e+04,8.681004196283721441e-01,8.058183458236410421e-16,3.197413536297192574e+08,5.101063032594848424e+07
1.867000000000012005e+04,8.677981301714888795e-01,8.056824449047564469e-16,3.199429475347802639e+08,5.100695656041470915e+07
1.868000000000012005e+04,8.674976575934689738e-01,8.055461615076928979e-16,3.201445736740637422e+08,5.100325214662991464e+07
1.869000000000012369e+04,8.671989926744040345e-01,8.054094929054481759e-16,3.203462321514434218e+08,5.099951729109231383e+07
1.870000000000012369e+04,8.669021261079784546e-01,8.052724364115686955e-16,3.205479230706475377e+08,5.099575219439165294e+07
1.871000000000012369e+04,8.666070485169652393e-01,8.051349893720343944e-16,3.207496465352513790e+08,5.099195705293388665e+07
1.872000000000012733e+04,8.663137504468498840e-01,8.049971491718691905e-16,3.209514026486698389e+08,5.098813205415683240e+07
1.873000000000012733e+04,8.660222223825548848e-01,8.048589132406830257e-16,3.211531915141498446e+08,5.098427738085851073e+07
1.874000000000013097e+04,8.657324547448110863e-01,8.047202790247920423e-16,3.213550132347644567e+08,5.098039321018374711e+07
1.875000000000013097e+04,8.654444379014609723e-01,8.045812440379201526e-16,3.215568679134039879e+08,5.097647971394332498e+07
1.876000000000013461e+04,8.651581621698003488e-01,8.044418058040240766e-16,3.217587556527696848e+08,5.097253705726633221e+07
1.877000000000013461e+04,8.648736178208795700e-01,8.043019619111935455e-16,3.219606765553656816e+08,5.096856540086270869e+07
1.878000000000013461e+04,8.645907950852642632e-01,8.041617099172128181e-16,3.221626307234949470e+08,5.096456489947536588e+07
1.879000000000013824e+04,8.643096841569939404e-01,8.040210475385376361e-16,3.223646182592483759e+08,5.096053570319277793e+07
1.880000000000013824e+04,8.640302751983226504e-01,8.038799723974456802e-16,3.225666392644988894e+08,5.095647795592167228e+07
1.881000000000014188e+04,8.637525583426559628e-01,8.037384822398937233e-16,3.227686938408970237e+08,5.095239179813551903e+07
1.882000000000014188e+04,8.634765237007379080e-01,8.035965748051983012e-16,3.229707820898610353e+08,5.094827736446084082e+07
1.883000000000014552e+04,8.632021613637986812e-01,8.034542478953270861e-16,3.231729041125713587e+08,5.094413478562288731e+07
1.884000000000014552e+04,8.629294614033696798e-01,8.033114993190219941e-16,3.233750600099640489e+08,5.093996418557099253e+07
1.885000000000014552e+04,8.626584138823374381e-01,8.031683269565501712e-16,3.235772498827231526e+08,5.093576568614409864e+07
1.886000000000014916e+04,8.623890088533554543e-01,8.030247286765979891e-16,3.237794738312754631e+08,5.093153940444139391e+07
1.887000000000014916e+04,8.621212363627237529e-01,8.028807024389537171e-16,3.239817319557825327e+08,5.092728545175001025e+07
1.888000000000015280e+04,8.618550864548049084e-01,8.027362461942848147e-16,3.241840243561338782e+08,5.092300393707153946e+07
1.889000000000015280e+04,8.615905491739275224e-01,8.025913579492541594e-16,3.243863511319419742e+08,5.091869496387399733e+07
1.890000000000015643e+04,8.613276145686468155e-01,8.024460357349094037e-16,3.245887123825348616e+08,5.091435863109625876e+07
1.891000000000015643e+04,8.610662726933248079e-01,8.023002776277080907e-16,3.247911082069498897e+08,5.090999503568805009e+07
1.892000000000015643e+04,8.608065136116000993e-01,8.021540817299162356e-16,3.249935387039269209e+08,5.090560426950579137e+07
1.893000000000016007e+04,8.605483274003087324e-01,8.020074461825373613e-16,3.251960039719027877e+08,5.090118642172235250e+07
1.894000000000016007e+04,8.602917041496230821e-01,8.018603691596165283e-16,3.253985041090044379e+08,5.089674157684528083e+07
1.895000000000016371e+04,8.600366339664232695e-01,8.017128488680272437e-16,3.256010392130430937e+08,5.089226981543681771e+07
1.896000000000016371e+04,8.597831069773004264e-01,8.015648835590161448e-16,3.258036093815072775e+08,5.088777121587993950e+07
1.897000000000016735e+04,8.595311133300442830e-01,8.014164714808866287e-16,3.260062147115585208e+08,5.088324585268934071e+07
1.898000000000016735e+04,8.592806431964132852e-01,8.012676109771550400e-16,3.262088553000236750e+08,5.087869379722668976e+07
1.899000000000016735e+04,8.590316867728089445e-01,8.011183003538665345e-16,3.264115312433898449e+08,5.087411511697174609e+07
1.900000000000017099e+04,8.587842342855123157e-01,8.009685380164212283e-16,3.266142426377978325e+08,5.086950987757562101e+07
1.901000000000017099e+04,8.585382759867898894e-01,8.008183223515487734e-16,3.268169895790355206e+08,5.086487814084795117e+07
1.902000000000017462e+04,8.582938021623010005e-01,8.006676518136692011e-16,3.270197721625339389e+08,5.086021996545033157e+07
1.903000000000017462e+04,8.580508031320468465e-01,8.005165248709238907e-16,3.272225904833596945e+08,5.085553540787074715e+07
1.904000000000017826e+04,8.578092692471812608e-01,8.003649400126902585e-16,3.274254446362112164e+08,5.085082452090883255e+07
1.905000000000017826e+04,8.575691908980496159e-01,8.002128958010794849e-16,3.276283347154117823e+08,5.084608735637926310e+07
1.906000000000017826e+04,8.573305585096029358e-01,8.000603907754450011e-16,3.278312608149036765e+08,5.084132396140830964e+07
1.907000000000018190e+04,8.570933625489277619e-01,7.999074235610765754e-16,3.280342230282434821e+08,5.083653438134006411e+07
1.908000000000018190e+04,8.568575935212707773e-01,7.997539927773444630e-16,3.282372214485951066e+08,5.083171865975137800e+07
1.909000000000018554e+04,8.566232419739546744e-01,7.996000970879512252e-16,3.284402561687259674e+08,5.082687683671857417e+07
1.910000000000018554e+04,8.563902984969162802e-01,7.994457351864550479e-16,3.286433272810013294e+08,5.082200895097199827e+07
1.911000000000018917e+04,8.561587537246131419e-01,7.992909058071578950e-16,3.288464348773773909e+08,5.081711503806582838e+07
1.912000000000018917e+04,8.559285983354378846e-01,7.991356076764931390e-16,3.290495790493986607e+08,5.081219513208834082e+07
1.913000000000018917e+04,8.556998230545933559e-01,7.989798396157796237e-16,3.292527598881905675e+08,5.080724926428886503e+07
1.914000000000019281e+04,8.554724186524389484e-01,7.988236004039618392e-16,3.294559774844549894e+08,5.080227746461727470e+07
1.915000000000019281e+04,8.552463759488126982e-01,7.986668889231108785e-16,3.296592319284653068e+08,5.079727975974302739e+07
1.916000000000019645e+04,8.550216858125523345e-01,7.985097040201313029e-16,3.298625233100601435e+08,5.079225617591204494e+07
1.917000000000019645e+04,8.547983391595377345e-01,7.983520446102843447e-16,3.300658517186404467e+08,5.078720673645956069e+07
1.918000000000020009e+04,8.545763269575183951e-01,7.981939096269333259e-16,3.302692172431625724e+08,5.078213146257953346e+07
1.919000000000020009e+04,8.543556402246665904e-01,7.980352980334841529e-16,3.304726199721345305e+08,5.077703037549125403e+07
1.920000000000020009e+04,8.541362700297400190e-01,7.978762088115401755e-16,3.306760599936112761e+08,5.077190349197386205e+07
1.921000000000020373e+04,8.539182074934281719e-01,7.977166410104172108e-16,3.308795373951878548e+08,5.076675082953174412e+07
1.922000000000020373e+04,8.537014437907417541e-01,7.975565936506816318e-16,3.310830522639964819e+08,5.076157240303397179e+07
1.923000000000020736e+04,8.534859701481372074e-01,7.973960658201547399e-16,3.312866046867026687e+08,5.075636822505810112e+07
1.924000000000020736e+04,8.532717778451237578e-01,7.972350566272698843e-16,3.314901947494981289e+08,5.075113830799397081e+07
1.925000000000021100e+04,8.530588582162059730e-01,7.970735652013114870e-16,3.316938225380978584e+08,5.074588266200314462e+07
1.926000000000021100e+04,8.528472026489342106e-01,7.969115907083448070e-16,3.318974881377347708e+08,5.074060129500196874e+07
1.927000000000021100e+04,8.526368025877797407e-01,7.967491323368319491e-16,3.321011916331558228e+08,5.073529421612458676e+07
1.928000000000021464e+04,8.524276495295062261e-01,7.965861893009052422e-16,3.323049331086171865e+08,5.072996143032532930e+07
1.929000000000021464e+04,8.522197350273283956e-01,7.964227608483718108e-16,3.325087126478796601e+08,5.072460294295672327e+07
1.930000000000021828e+04,8.520130506900009948e-01,7.962588462490680161e-16,3.327125303342044353e+08,5.071921875686316937e+07
1.931000000000021828e+04,8.518075881812307015e-01,7.960944447998646798e-16,3.329163862503493428e+08,5.071380887493743002e+07
1.932000000000022192e+04,8.516033392216345588e-01,7.959295558248832319e-16,3.331202804785637856e+08,5.070837329806651920e+07
1.933000000000022192e+04,8.514002955870355605e-01,7.957641786765227088e-16,3.333242131005851030e+08,5.070291202724885941e+07
1.934000000000022192e+04,8.511984491097956962e-01,7.955983127316441323e-16,3.335281841976341009e+08,5.069742506006123871e+07
1.935000000000022555e+04,8.509977916777854423e-01,7.954319573937149286e-16,3.337321938504108787e+08,5.069191239486201853e+07
1.936000000000022555e+04,8.507983152367559754e-01,7.952651120920103059e-16,3.339362421390908957e+08,5.068637402852936089e+07
1.937000000000022919e+04,8.506000117871583832e-01,7.950977762815105049e-16,3.341403291433210969e+08,5.068080995734247565e+07
1.938000000000022919e+04,8.504028733871820123e-01,7.949299494393923400e-16,3.343444549422161579e+08,5.067522017627114058e+07
1.939000000000023283e+04,8.502068921507131005e-01,7.947616310769712716e-16,3.345486196143538952e+08,5.066960467838755995e+07
1.940000000000023283e+04,8.500120602480706333e-01,7.945928207222971622e-16,3.347528232377719283e+08,5.066396345836398005e+07
1.941000000000023283e+04,8.498183699057825224e-01,7.944235179319465640e-16,3.349570658899631500e+08,5.065829650723491609e+07
1.942000000000023647e+04,8.496258134080678648e-01,7.942537222821930967e-16,3.351613476478730440e+08,5.065260381676121056e+07
1.943000000000023647e+04,8.494343830935859874e-01,7.940834333941365138e-16,3.353656685878946781e+08,5.064688537845656276e+07
1.944000000000024011e+04,8.492440713592608326e-01,7.939126508742543417e-16,3.355700287858664393e+08,5.064114118183060735e+07
1.945000000000024011e+04,8.490548706565217429e-01,7.937413743879949106e-16,3.357744283170684576e+08,5.063537121607603133e+07
1.946000000000024374e+04,8.488667734928622144e-01,7.935696036121845872e-16,3.359788672562173009e+08,5.062957547018030286e+07
1.947000000000024374e+04,8.486797724321397673e-01,7.933973382484150407e-16,3.361833456774638891e+08,5.062375393162622303e+07
1.948000000000024738e+04,8.484938600946946297e-01,7.932245780224486379e-16,3.363878636543897986e+08,5.061790658858673275e+07
1.949000000000024738e+04,8.483090291547076278e-01,7.930513226831623566e-16,3.365924212600033283e+08,5.061203342691780627e+07
1.950000000000024738e+04,8.481252723437203711e-01,7.928775720027068392e-16,3.367970185667364001e+08,5.060613443356642127e+07
1.951000000000025102e+04,8.479425824455992799e-01,7.927033257761589979e-16,3.370016556464414597e+08,5.060020959311625361e+07
1.952000000000025102e+04,8.477609523030710248e-01,7.925285838222221294e-16,3.372063325703879595e+08,5.059425889163619280e+07
1.953000000000025466e+04,8.475803748102483937e-01,7.923533459819259700e-16,3.374110494092592001e+08,5.058828231336745620e+07
1.954000000000025466e+04,8.474008429186352664e-01,7.921776121187187958e-16,3.376158062331489325e+08,5.058227984335415065e+07
1.955000000000025830e+04,8.472223496312950575e-01,7.920013821193520309e-16,3.378206031115582585e+08,5.057625146418978274e+07
1.956000000000025830e+04,8.470448880077567910e-01,7.918246558919028695e-16,3.380254401133930087e+08,5.057019715940643102e+07
1.957000000000025830e+04,8.468684511601805021e-01,7.916474333674575077e-16,3.382303173069597483e+08,5.056411691198045015e+07
1.958000000000026193e+04,8.466930322545125343e-01,7.914697144983411366e-16,3.384352347599638700e+08,5.055801070495061576e+07
1.959000000000026193e+04,8.465186245113504038e-01,7.912914992592180091e-16,3.386401925395057797e+08,5.055187851975720376e+07
1.960000000000026557e+04,8.463452212024160648e-01,7.911127876455423142e-16,3.388451907120785117e+08,5.054572033863070607e+07
1.961000000000026557e+04,8.461728156531562739e-01,7.909335796748567409e-16,3.390502293435642123e+08,5.053953614317820966e+07
1.962000000000026921e+04,8.460014012416970930e-01,7.907538753860338892e-16,3.392553084992315173e+08,5.053332591430250555e+07
1.963000000000026921e+04,8.458309713984629719e-01,7.905736748389949434e-16,3.394604282437337637e+08,5.052708963377225399e+07
1.964000000000026921e+04,8.456615196043359983e-01,7.903929781141536230e-16,3.396655886411049962e+08,5.052082728139306605e+07
1.965000000000027285e+04,8.454930393949722234e-01,7.902117853130442152e-16,3.398707897547575235e+08,5.051453883777826279e+07
1.966000000000027285e+04,8.453255243551685005e-01,7.900300965576737225e-16,3.400760316474798918e+08,5.050822428383073211e+07
1.967000000000027649e+04,8.451589681204406679e-01,7.898479119908198551e-16,3.402813143814336061e+08,5.050188359883455932e+07
1.968000000000027649e+04,8.449933643784052206e-01,7.896652317751718626e-16,3.404866380181509256e+08,5.049551676328966767e+07
1.969000000000028012e+04,8.448287068661061161e-01,7.894820560937801850e-16,3.406920026185324192e+08,5.048912375657496601e+07
1.970000000000028012e+04,8.446649893706390522e-01,7.892983851496064073e-16,3.408974082428436875e+08,5.048270455814803392e+07
1.971000000000028012e+04,8.445022057295314966e-01,7.891142191652892635e-16,3.411028549507141113e+08,5.047625914784383774e+07
1.972000000000028376e+04,8.443403498295721787e-01,7.889295583833855355e-16,3.413083428011336327e+08,5.046978750526668876e+07
1.973000000000028376e+04,8.441794156070572264e-01,7.887444030656288191e-16,3.415138718524508476e+08,5.046328960886210203e+07
1.974000000000028740e+04,8.440193970453389039e-01,7.885587534933339144e-16,3.417194421623703241e+08,5.045676543803976476e+07
1.975000000000028740e+04,8.438602881779810883e-01,7.883726099667432541e-16,3.419250537879507542e+08,5.045021497243155539e+07
1.976000000000029104e+04,8.437020830853820819e-01,7.881859728052528135e-16,3.421307067856023312e+08,5.044363818998961151e+07
1.977000000000029104e+04,8.435447758974439214e-01,7.879988423468151404e-16,3.423364012110849619e+08,5.043703507064341009e+07
1.978000000000029104e+04,8.433883607897220136e-01,7.878112189492582317e-16,3.425421371195061207e+08,5.043040559305147082e+07
1.979000000000029468e+04,8.432328319856126075e-01,7.876231029869194639e-16,3.427479145653180480e+08,5.042374973592266440e+07
1.980000000000029468e+04,8.430781837543388502e-01,7.874344948546565564e-16,3.429537336023166776e+08,5.041706747858229280e+07
1.981000000000029831e+04,8.429244104124191672e-01,7.872453949643476915e-16,3.431595942836390734e+08,5.041035879918053001e+07
1.982000000000029831e+04,8.427715063231613346e-01,7.870558037459071727e-16,3.433654966617618799e+08,5.040362367780400068e+07
1.983000000000030195e+04,8.426194658937264936e-01,7.868657216475303662e-16,3.435714407884985805e+08,5.039686209250577539e+07
1.984000000000030195e+04,8.424682835773227296e-01,7.866751491354632550e-16,3.437774267149991393e+08,5.039007402276921272e+07
1.985000000000030195e+04,8.423179538731812022e-01,7.864840866936625381e-16,3.439834544917460680e+08,5.038325944719744474e+07
1.986000000000030559e+04,8.421684713231545327e-01,7.862925348224840507e-16,3.441895241685546637e+08,5.037641834550863504e+07
1.987000000000030559e+04,8.420198305150048412e-01,7.861004940410166096e-16,3.443956357945698500e+08,5.036955069665718079e+07
1.988000000000030923e+04,8.418720260802337041e-01,7.859079648844500768e-16,3.446017894182657003e+08,5.036265648013107479e+07
1.989000000000030923e+04,8.417250526936452815e-01,7.857149479059385510e-16,3.448079850874417424e+08,5.035573567480000108e+07
1.990000000000031287e+04,8.415789050726133480e-01,7.855214436743307155e-16,3.450142228492238522e+08,5.034878826077178866e+07
1.991000000000031287e+04,8.414335779777624147e-01,7.853274527765790199e-16,3.452205027500606179e+08,5.034181421769267321e+07
1.992000000000031287e+04,8.412890662134512310e-01,7.851329758158510483e-16,3.454268248357235789e+08,5.033481352460374683e+07
1.993000000000031650e+04,8.411453646248102656e-01,7.849380134113913700e-16,3.456331891513072848e+08,5.032778616193532944e+07
1.994000000000031650e+04,8.410024680997832958e-01,7.847425661987988242e-16,3.458395957412426472e+08,5.032073210963509977e+07
1.995000000000032014e+04,8.408603715662466005e-01,7.845466348301878420e-16,3.460460446495634317e+08,5.031365134763363749e+07
1.996000000000032014e+04,8.407190699923794419e-01,7.843502199693899042e-16,3.462525359234655499e+08,5.030654385410952568e+07
1.997000000000032378e+04,8.405785583448872611e-01,7.841533222451842460e-16,3.464590696631482840e+08,5.029940958011310548e+07
1.998000000000032378e+04,8.404388332972877462e-01,7.839559445091490147e-16,3.466656436666222811e+08,5.029224966352892667e+07
1.999000000000032378e+04,8.402998883967711663e-01,7.837580854533199931e-16,3.468722601030289531e+08,5.028506298693970591e+07
2.000000177788345536e+04,8.401616911244907948e-01,7.835597062441846256e-16,3.470789601772366166e+08,5.027784596613875777e+07
2.001001066856345278e+04,8.400241671529926624e-01,7.833607054149934375e-16,3.472858497984382510e+08,5.027059698918315023e+07
2.002003378989547491e+04,8.398872178327629889e-01,7.831609427288977710e-16,3.474930741508863568e+08,5.026331189020495862e+07
2.003007826985485008e+04,8.397507434634317036e-01,7.829602721793777960e-16,3.477007831266543865e+08,5.025598416186609119e+07
2.004015125160617026e+04,8.396146479524065898e-01,7.827585483261234286e-16,3.479091247382249832e+08,5.024860840302504599e+07
2.005025989858316098e+04,8.394788370477168638e-01,7.825556239143697588e-16,3.481182475959355235e+08,5.024117909183990955e+07
2.006041139958299755e+04,8.393432182955340437e-01,7.823513498102565050e-16,3.483283009641545415e+08,5.023369060605181009e+07
2.007061297387862578e+04,8.392077009725124048e-01,7.821455748880840143e-16,3.485394348655247092e+08,5.022613722070752829e+07
2.008087187635278315e+04,8.390721960207497832e-01,7.819381459115579442e-16,3.487518001903582811e+08,5.021851310221742094e+07
2.009119540265732576e+04,8.389366159869835471e-01,7.817289074091518036e-16,3.489655488197485805e+08,5.021081229699284583e+07
2.010159089440156094e+04,8.388008749697567490e-01,7.815177015428261997e-16,3.491808339271620512e+08,5.020302862007215619e+07
2.011206574437324161e+04,8.386648885656234897e-01,7.813043679782926752e-16,3.493978127591832876e+08,5.019515422854847461e+07
2.012262740179599859e+04,8.385285738292524993e-01,7.810887437542927511e-16,3.496166299238079786e+08,5.018718859143619239e+07
2.013328337762684896e+04,8.383918492321389415e-01,7.808706631202144589e-16,3.498374498026310802e+08,5.017912124599616975e+07
2.014404124989766206e+04,8.382546346287494954e-01,7.806499574010744581e-16,3.500604385089554191e+08,5.017094148838038743e+07
2.015490866910428304e+04,8.381168512220262823e-01,7.804264548605322415e-16,3.502857450061950684e+08,5.016264848991829902e+07
2.016589336364722840e+04,8.379784215444858742e-01,7.801999805200102460e-16,3.505135343555625081e+08,5.015423362410812080e+07
2.017700314532773700e+04,8.378392694312073452e-01,7.799703560102645457e-16,3.507439705399349928e+08,5.014568968187300116e+07
2.018824591490318926e+04,8.376993200120721461e-01,7.797373993990820499e-16,3.509772193444423079e+08,5.013700939219637960e+07
2.019962966770572166e+04,8.375584996909762880e-01,7.795009250218315050e-16,3.512134486784872413e+08,5.012818530810754001e+07
2.021116249932816572e+04,8.374167361474065263e-01,7.792607433009447059e-16,3.514528287153801322e+08,5.011920978978283703e+07
2.022285261138123315e+04,8.372739583273103303e-01,7.790166605619709948e-16,3.516955320205624104e+08,5.011007499414176494e+07
2.023470831732612714e+04,8.371300964530876687e-01,7.787684788444635384e-16,3.519417336811887622e+08,5.010077286548673362e+07
2.024673804838668366e+04,8.369850820233137867e-01,7.785159957041530294e-16,3.521916114377601743e+08,5.009129512481118739e+07
2.025895035954527339e+04,8.368388478273547371e-01,7.782590040111841846e-16,3.524453458181208372e+08,5.008163326097613573e+07
2.027135393562668469e+04,8.366913279656027491e-01,7.779972917389390608e-16,3.527031202739557624e+08,5.007177851647833735e+07
2.028395759747438569e+04,8.365424578620141993e-01,7.777306417499227517e-16,3.529651213198095560e+08,5.006172187871082872e+07
2.029677030822349479e+04,8.363921742988604802e-01,7.774588315714871757e-16,3.532315386748818755e+08,5.005145406522039324e+07
2.030980117967491606e+04,8.362404154383533683e-01,7.771816331647778584e-16,3.535025654075859785e+08,5.004096551386076957e+07
2.032305947877527069e+04,8.360871208639331087e-01,7.768988126887032980e-16,3.537783980831128359e+08,5.003024636691528559e+07
2.033655463420707383e+04,8.359322316180988199e-01,7.766101302419456984e-16,3.540592369140594006e+08,5.001928645970354229e+07
2.035029624309399514e+04,8.357756902451992653e-01,7.763153396502671080e-16,3.543452859142662883e+08,5.000807530403982103e+07
2.036429407782588896e+04,8.356174408432985867e-01,7.760141881488970591e-16,3.546367530560535192e+08,4.999660207339284569e+07
2.037855809300844339e+04,8.354574291179208689e-01,7.757064161521259201e-16,3.549338504309133291e+08,4.998485558859993517e+07
2.039309843254243970e+04,8.352956024395623569e-01,7.753917569593019586e-16,3.552367944138830304e+08,4.997282430090108514e+07
2.040792543683763142e+04,8.351319099099377974e-01,7.750699364765509931e-16,3.555458058316928744e+08,4.996049627240034938e+07
2.042304965016632923e+04,8.349663024323866756e-01,7.747406729052714919e-16,3.558611101348645091e+08,4.994785916225159913e+07
2.043848182816203189e+04,8.347987327803259028e-01,7.744036764897836891e-16,3.561829375739135146e+08,4.993490020402017236e+07
2.045423294546830948e+04,8.346291556858232985e-01,7.740586491326357458e-16,3.565115233798106909e+08,4.992160618756792694e+07
2.047031420354345391e+04,8.344575279161821069e-01,7.737052841149851987e-16,3.568471079488861561e+08,4.990796343945838511e+07
2.048673703862644106e+04,8.342838083688233208e-01,7.733432657637676970e-16,3.571899370323162675e+08,4.989395779910403490e+07
2.050351312986985067e+04,8.341079581658168429e-01,7.729722691037041292e-16,3.575402619303941727e+08,4.987957459964380413e+07
2.052065440764552841e+04,8.339299407532391184e-01,7.725919595124389358e-16,3.578983396917399764e+08,4.986479864159031957e+07
2.053817306202890177e+04,8.337497220071592441e-01,7.722019923555435358e-16,3.582644333176541328e+08,4.984961416902343929e+07
2.055608155146801437e+04,8.335672703480350165e-01,7.718020126381490401e-16,3.586388119717763066e+08,4.983400484541691840e+07
2.057439261164336494e+04,8.333825568546686657e-01,7.713916545829860329e-16,3.590217511952669024e+08,4.981795372528097779e+07
2.059311926452494663e+04,8.331955553891174926e-01,7.709705413438058995e-16,3.594135331276791692e+08,4.980144322683360428e+07
2.061227482763285661e+04,8.330062427222129084e-01,7.705382844597524614e-16,3.598144467337417603e+08,4.978445510337379575e+07
2.063187292350809003e+04,8.328145986711440463e-01,7.700944836355626479e-16,3.602247880362505317e+08,4.976697041174650937e+07
2.065192748940027013e+04,8.326206062356158455e-01,7.696387261044977135e-16,3.606448603552736640e+08,4.974896948141088337e+07
2.067245278717913607e+04,8.324242517450541889e-01,7.691705864914511202e-16,3.610749745538805127e+08,4.973043188093174994e+07
2.069346341347696216e+04,8.322255250087308154e-01,7.686896261520061614e-16,3.615154492906005979e+08,4.971133638368228823e+07
2.071497431006896295e+04,8.320244194711521324e-01,7.681953928242309831e-16,3.619666112788662314e+08,4.969166093062078208e+07
2.073700077449920718e+04,8.318209323790350940e-01,7.676874202683350085e-16,3.624287955536100864e+08,4.967138259380076081e+07
2.075955847095950594e+04,8.316150649439917331e-01,7.671652276564951843e-16,3.629023457452791929e+08,4.965047753647483885e+07
2.078266344142904927e+04,8.314068225208453011e-01,7.666283193510306606e-16,3.633876143614716530e+08,4.962892097193088382e+07
2.080633211708273302e+04,8.311962147861147177e-01,7.660761842915463188e-16,3.638849630764142275e+08,4.960668712088738382e+07
2.083058132997621215e+04,8.309832559247504191e-01,7.655082955453323454e-16,3.643947630285602212e+08,4.958374916729695350e+07
2.085542832501609519e+04,8.307679648204483458e-01,7.649241100044009195e-16,3.649173951264700294e+08,4.956007921065706760e+07
2.088089077222371270e+04,8.305503652575170204e-01,7.643230678435871869e-16,3.654532503632205725e+08,4.953564821984393895e+07
2.090698677930119447e+04,8.303304861215524690e-01,7.637045920684402571e-16,3.660027301396045685e+08,4.951042597996208817e+07
2.093373490450884492e+04,8.301083616135465082e-01,7.630680882010335119e-16,3.665662465962941051e+08,4.948438104413761199e+07
2.096115416986288983e+04,8.298840314632865978e-01,7.624129437392636624e-16,3.671442229552084208e+08,4.945748067385368049e+07
2.098926407466304954e+04,8.296575411534117261e-01,7.617385278320761231e-16,3.677370938703119159e+08,4.942969078726160526e+07
2.101808460935954281e+04,8.294289421549660979e-01,7.610441908839533266e-16,3.683453057880156636e+08,4.940097589851985872e+07
2.104763626976934029e+04,8.291982921577920607e-01,7.603292641558259485e-16,3.689693173174083829e+08,4.937129905531820655e+07
2.107794007165185030e+04,8.289656553187803034e-01,7.595930595124943385e-16,3.696095996104797721e+08,4.934062178012842685e+07
2.110901756565432152e+04,8.287311025121094632e-01,7.588348690284545458e-16,3.702666367525166869e+08,4.930890400090321898e+07
2.114089085263769084e+04,8.284947115889356173e-01,7.580539648017920295e-16,3.709409261628342867e+08,4.927610398524288833e+07
2.117358259939363779e+04,8.282565676458990556e-01,7.572495986057891286e-16,3.716329790059849620e+08,4.924217827069661021e+07
2.120711605476418481e+04,8.280167633018866713e-01,7.564210018566139104e-16,3.723433206135462523e+08,4.920708159002272040e+07
2.124151506617517589e+04,8.277753989830404224e-01,7.555673853984003422e-16,3.730724909165741801e+08,4.917076680107323825e+07
2.127680409659543511e+04,8.275325832214509569e-01,7.546879394045234336e-16,3.738210448888338804e+08,4.913318480662050098e+07
2.131300824193371227e+04,8.272884329597156583e-01,7.537818334862653189e-16,3.745895530007948279e+08,4.909428447392121702e+07
2.135015324888570103e+04,8.270430738719989350e-01,7.528482166782473633e-16,3.753786016844009161e+08,4.905401255908734351e+07
2.138826553324388806e+04,8.267966406957135694e-01,7.518862176708356850e-16,3.761887938085942268e+08,4.901231361473140866e+07
2.142737219868323882e+04,8.265492775767320222e-01,7.508949450247965181e-16,3.770207491654928923e+08,4.896912991155786812e+07
2.146750105603606062e+04,8.263011384382945579e-01,7.498734875865029944e-16,3.778751049670994282e+08,4.892440134602076560e+07
2.150868064306975066e+04,8.260523873578566878e-01,7.488209149745566134e-16,3.787525163523414731e+08,4.887806535031588376e+07
2.155094024478155916e+04,8.258031989673613182e-01,7.477362782016743981e-16,3.796536569042138457e+08,4.883005680275449157e+07
2.159430991422466104e+04,8.255537588820174300e-01,7.466186104826176522e-16,3.805792191767024398e+08,4.878030792793204635e+07
2.163882049388052474e+04,8.253042641392184242e-01,7.454669281731956772e-16,3.815299152311076522e+08,4.872874820496835560e+07
2.168450363759262109e+04,8.250549236987858581e-01,7.442802319313240716e-16,3.825064771813083887e+08,4.867530426844209433e+07
2.173139183307716303e+04,8.248059589219201015e-01,7.430575080653598907e-16,3.835096577474160790e+08,4.861989980648983270e+07
2.177951842502685031e+04,8.245576041418078983e-01,7.417977301302687018e-16,3.845402308171840906e+08,4.856245546211899817e+07
2.182891763882405940e+04,8.243101072403867802e-01,7.404998607877175777e-16,3.855989920144304037e+08,4.850288872658561170e+07
2.187962460488032957e+04,8.240637302811395504e-01,7.391628539600468806e-16,3.866867592736217976e+08,4.844111383844992518e+07
2.193167538361947300e+04,8.238187501970422044e-01,7.377856573092521480e-16,3.878043734196579456e+08,4.837704167523090541e+07
2.198510699112205839e+04,8.235754595318685034e-01,7.363672150866289388e-16,3.889526987517658472e+08,4.831057964616513997e+07
2.203995742544952373e+04,8.233341672528974309e-01,7.349064713787246351e-16,3.901326236302857995e+08,4.824163158535688370e+07
2.209626569366661352e+04,8.230951996305014839e-01,7.334023738095497412e-16,3.913450610649884939e+08,4.817009763872785121e+07
2.215407183958138921e+04,8.228589012073558306e-01,7.318538777319702113e-16,3.925909493034214377e+08,4.809587415750972927e+07
2.221341697222250514e+04,8.226256358608103891e-01,7.302599509703963051e-16,3.938712524176282287e+08,4.801885357910050452e+07
2.227434329507402799e+04,8.223957879630479084e-01,7.286195791684272776e-16,3.951869608874278665e+08,4.793892431948525459e+07
2.233689413608859468e+04,8.221697636715553648e-01,7.269317717966828137e-16,3.965390921782826781e+08,4.785597065295074135e+07
2.240111397850020512e+04,8.219479923304983116e-01,7.251955689024040215e-16,3.979286913116165400e+08,4.776987259350322187e+07
2.246704849245863443e+04,8.217309280331781540e-01,7.234100486568485887e-16,3.993568314252803922e+08,4.768050577686657757e+07
2.253474456750790341e+04,8.215190513409964534e-01,7.215743357982159250e-16,4.008246143216992021e+08,4.758774133349293470e+07
2.260425034593193777e+04,8.213128711680378613e-01,7.196876110398973521e-16,4.023331710010703802e+08,4.749144576078203321e+07
2.267561525699109552e+04,8.211129268705321671e-01,7.177491215530346434e-16,4.038836621768316627e+08,4.739148079066833854e+07
2.274889005207395167e+04,8.209197905414322705e-01,7.157581926090714082e-16,4.054772787704742551e+08,4.728770324784170836e+07
2.282412684078933307e+04,8.207340695362165262e-01,7.137142404993606291e-16,4.071152423826478720e+08,4.717996490585297346e+07
2.290137912802420033e+04,8.205564092393886622e-01,7.116167868308487383e-16,4.087988057374088168e+08,4.706811232787939906e+07
2.298070185199384650e+04,8.203874960980960251e-01,7.094654743090358411e-16,4.105292530964000821e+08,4.695198670200148970e+07
2.306215142331138122e+04,8.202280609282371904e-01,7.072600841222001191e-16,4.123079006397325397e+08,4.683142365835271776e+07
2.314578576510432322e+04,8.200788824984088787e-01,7.050005550306062414e-16,4.141360968103838563e+08,4.670625307640857249e+07
2.323166435420682683e+04,8.199407914144861698e-01,7.026870042637083243e-16,4.160152226190566421e+08,4.657629887085535377e+07
2.331984826345680631e+04,8.198146742711460710e-01,7.003197503148373988e-16,4.179466919066596627e+08,4.644137875973302126e+07
2.341040020512809861e+04,8.197014780689011459e-01,6.978993376969466995e-16,4.199319515619400144e+08,4.630130400648558140e+07
2.350338457552850377e+04,8.196022148556765252e-01,6.954265636863385002e-16,4.219724816923295856e+08,4.615587914486566186e+07
2.359886750079542253e+04,8.195179665301622896e-01,6.929025070432599097e-16,4.240697957468254566e+08,4.600490167082615197e+07
2.369691688392166543e+04,8.194498896951217803e-01,6.903285586225301169e-16,4.262254405907540321e+08,4.584816171527425200e+07
2.379760245304491036e+04,8.193992204409759061e-01,6.877064537063548250e-16,4.284409965336595178e+08,4.568544168977016956e+07
2.390099581103506353e+04,8.193672788407297958e-01,6.850383057750280262e-16,4.307180773133796453e+08,4.551651591658207774e+07
2.400717048641489964e+04,8.193554728691218036e-01,6.823266412838194523e-16,4.330583300417354107e+08,4.534115024550815672e+07
2.411620198565009923e+04,8.193653013864681256e-01,6.795744348205465753e-16,4.354634351203075647e+08,4.515910168013681471e+07
2.422816784684592130e+04,8.193983556510033850e-01,6.767851438027108824e-16,4.379351061386024356e+08,4.497011802437282354e+07
2.434314769488866295e+04,8.194563187356084244e-01,6.739627415787570028e-16,4.404750897717019916e+08,4.477393759514014423e+07
2.446122329807118149e+04,8.195409619670961376e-01,6.711117474715668438e-16,4.430851657004009485e+08,4.457028903208352625e+07
2.458247862624266418e+04,8.196541373696946131e-01,6.682372519199837967e-16,4.457671465839782357e+08,4.435889127218611538e+07
2.470699991052406767e+04,8.197977648465326617e-01,6.653449344599805134e-16,4.485228781242498159e+08,4.413945376944315434e+07
2.483487570463165684e+04,8.199738125800345445e-01,6.624410718394329010e-16,4.513542392694033384e+08,4.391167705602400750e+07
2.496619694785226238e+04,8.201842690445455553e-01,6.595325331487026352e-16,4.542631426172137260e+08,4.367525376045946777e+07
2.510105702971506253e+04,8.204311049007417811e-01,6.566267585127622847e-16,4.572515350891815424e+08,4.342987023268657923e+07
2.523955185640584386e+04,8.207162232032374494e-01,6.537317177193786295e-16,4.603213989592580795e+08,4.317520890624973923e+07
2.538177991897099491e+04,8.210413968076132329e-01,6.508558452608045624e-16,4.634747533319333792e+08,4.291095154073013365e+07
2.552784236335974128e+04,8.214081927446419407e-01,6.480079488082430077e-16,4.667136561728261113e+08,4.263678344805683196e+07
2.567784306235440818e+04,8.218178847883972349e-01,6.451970892189871203e-16,4.700402069981257915e+08,4.235239870756790787e+07
2.583188868943988928e+04,8.222713574726550068e-01,6.424324319625088574e-16,4.734565503242504597e+08,4.205750627705544978e+07
2.599008879466485087e+04,8.227690073749425181e-01,6.397230723215903389e-16,4.769648799625599980e+08,4.175183672243103385e+07
2.615255588254858958e+04,8.233106501946676481e-01,6.370778398191582569e-16,4.805674442126430273e+08,4.143514906473931670e+07
2.631940549208900848e+04,8.238954444023055546e-01,6.345050906819863517e-16,4.842665519594342113e+08,4.110723705940413475e+07
2.649075627892852572e+04,8.245218432003134090e-01,6.320125002081336847e-16,4.880645796143375635e+08,4.076793404726918042e+07
2.666673009973644366e+04,8.251875853680756823e-01,6.296068689401415707e-16,4.919639787622355819e+08,4.041711551342674345e+07
2.684745209886769953e+04,8.258897317983567854e-01,6.272939567425948843e-16,4.959672842926660776e+08,4.005469864409311861e+07
2.703305079735969048e+04,8.266247483543848196e-01,6.250783566153152657e-16,5.000771227168264985e+08,3.968063854281228781e+07
2.722365818433041932e+04,8.273886283640652373e-01,6.229634147164479374e-16,5.042962203181646466e+08,3.929492129178579152e+07
2.741940981084298983e+04,8.281770406221723446e-01,6.209511922858464951e-16,5.086274107749522924e+08,3.889755465558178723e+07
2.762044488630318665e+04,8.289856822952118565e-01,6.190424301342941554e-16,5.130736420152767301e+08,3.848822532307881862e+07
2.782690637745869753e+04,8.298116659928919114e-01,6.172365546945129009e-16,5.176379822295486927e+08,3.806424979607541114e+07
2.803894111007037645e+04,8.306489489052396591e-01,6.155329220589477018e-16,5.223236219409178495e+08,3.762855428323128074e+07
2.825669987332785604e+04,8.314934508984529460e-01,6.139297159887887785e-16,5.271338746370861530e+08,3.718112073516318202e+07
2.848033752708379325e+04,8.323413983073681965e-01,6.124242826848445246e-16,5.320721783175544143e+08,3.672190803260855377e+07
2.871001311198292751e+04,8.331893937452310439e-01,6.110133115398145180e-16,5.371420949682303667e+08,3.625084652016224712e+07
2.894588996256437167e+04,8.340344539863143725e-01,6.096929831198976558e-16,5.423473087891221046e+08,3.576783515167733282e+07
2.918813582341749861e+04,8.348740232091718116e-01,6.084590999616462681e-16,5.476916235266643763e+08,3.527274069765771925e+07
2.943692296847403486e+04,8.357059646071938186e-01,6.073072029679097028e-16,5.531789588001821041e+08,3.476539903499916196e+07
2.969242832352126425e+04,8.365285301935311280e-01,6.062326783240545570e-16,5.588133391772570610e+08,3.424562096542931348e+07
2.995483359202332576e+04,8.373402980010165031e-01,6.052308789329929665e-16,5.645987874483934641e+08,3.371323479556013644e+07
3.022432538434027083e+04,8.381399812689953599e-01,6.035175950208446953e-16,5.705416995548633337e+08,3.316728074022788927e+07
3.050109535043660071e+04,8.389266191685414986e-01,6.017005590704865690e-16,5.766490168773624897e+08,3.260667951314944774e+07
3.078534031617376240e+04,8.396998605026686491e-01,5.999318601632531161e-16,5.829253412575900555e+08,3.203118133548470959e+07
3.107726242328351873e+04,8.404597770456280204e-01,5.982052955312200881e-16,5.893750330834404230e+08,3.144062356664200500e+07
3.137706927312167682e+04,8.412067169151149493e-01,5.965149710488970661e-16,5.960026214432210922e+08,3.083480274755281582e+07
3.168497407430448220e+04,8.419412180230122500e-01,5.948553420311523706e-16,6.028127653539372683e+08,3.021349859127016366e+07
3.200119579433260151e+04,8.426639473683609216e-01,5.932212125737683378e-16,6.098102522446841002e+08,2.957648373919731006e+07
3.232595931531060705e+04,8.433756580974940409e-01,5.916077159473634534e-16,6.169999996662080288e+08,2.892353195136817545e+07
3.265949559387257614e+04,8.440771591600183532e-01,5.900102862824104927e-16,6.243870578760902882e+08,2.825442620163402706e+07
3.300204182542768103e+04,8.447692937284279058e-01,5.884246270712005142e-16,6.319766130842815638e+08,2.756896736107380316e+07
3.335384161284245783e+04,8.454529237300948408e-01,5.868466795413055526e-16,6.397739912739317417e+08,2.686698412156677991e+07
3.371514513967979292e+04,8.461289185695423098e-01,5.852725926915833207e-16,6.477846625187177658e+08,2.614834483887840062e+07
3.408620934811775805e+04,8.467981467123569805e-01,5.836986960946637590e-16,6.560142457211765051e+08,2.541297200274135545e+07
3.446729812167490309e+04,8.474614692052124809e-01,5.821214760343778987e-16,6.644685137013520002e+08,2.466086013936775550e+07
3.485868247287184931e+04,8.481197344926656445e-01,5.805375554543050042e-16,6.731533985687412024e+08,2.389209795821177587e+07
3.526064073596274829e+04,8.487737740802707709e-01,5.789436779672922341e-16,6.820749973119553328e+08,2.310689566313337907e+07
3.567345876487356873e+04,8.494243988039871240e-01,5.773366961341210002e-16,6.912395775404200554e+08,2.230561824305146188e+07
3.609743013648807391e+04,8.500723955500911755e-01,5.757135642130131227e-16,7.006535833110966682e+08,2.148882550633328781e+07
3.653285635942594672e+04,8.507185243866495217e-01,5.740713355907123916e-16,7.103236409714068174e+08,2.065731922448316589e+07
3.698004708846165886e+04,8.513635162295660752e-01,5.724071651537522290e-16,7.202565649477823973e+08,1.981219720237024128e+07
3.743932034473642852e+04,8.520080711852362487e-01,5.707183169214118820e-16,7.304593634076679945e+08,1.895491305299627781e+07
3.791100274192002689e+04,8.526528578844910777e-01,5.690021772615185514e-16,7.409392437214248180e+08,1.808733894194073603e+07
3.839542971848314482e+04,8.532985142592078853e-01,5.672562739936923984e-16,7.517036176499111652e+08,1.721182649470301718e+07
3.889294577624552767e+04,8.539456501960704937e-01,5.654783014051226740e-16,7.627601061848658323e+08,1.633125846709409170e+07
3.940390472536958259e+04,8.545948526166222692e-01,5.636661507483712876e-16,7.741165439756444693e+08,1.544908107055514306e+07
3.992866993597365217e+04,8.552466933997351362e-01,5.618179449406787459e-16,7.857809832912836075e+08,1.456930461173467897e+07
4.046761459654378996e+04,8.559017402685868969e-01,5.599320749981717459e-16,7.977616974967870712e+08,1.369645952301396616e+07
4.102112197932803247e+04,8.565605703382047631e-01,5.580072344050417701e-16,8.100671840708557367e+08,1.283549712960696034e+07
4.158958571290165855e+04,8.572237854512905209e-01,5.560424463645205274e-16,8.227061672598180771e+08,1.199163066602221504e+07
4.217341006209746411e+04,8.578920276934316469e-01,5.540370783914542968e-16,8.356876005429457426e+08,1.117012208145716973e+07
4.277301021549999859e+04,8.585659932290926610e-01,5.519908393324178493e-16,8.490206691625254154e+08,1.037603229421042651e+07
4.338881258070826880e+04,8.592464423943688701e-01,5.499037560023261101e-16,8.627147930265767574e+08,9.613963394806712866e+06
4.402125508757688658e+04,8.599342046282004715e-01,5.477761298811114685e-16,8.767796302997878790e+08,8.887826732731064782e+06
4.467078749965135648e+04,8.606301776603437759e-01,5.456084778726505779e-16,8.912250819454140663e+08,8.200668169437417760e+06
4.533787173401879409e+04,8.613353214870820285e-01,5.434014639049260176e-16,9.060612973707737923e+08,7.554571201744207181e+06
4.602298218980186357e+04,8.620506485844727784e-01,5.411558293252223475e-16,9.212986811832454205e+08,6.950643619776343927e+06
4.672660608552919439e+04,8.627772122434416158e-01,5.388723293253738379e-16,9.369479009167743921e+08,6.389078561151932925e+06
4.744924380562242004e+04,8.635160948455720131e-01,5.365516805809357137e-16,9.530198954748580456e+08,5.869270618841568939e+06
4.819140925624624651e+04,8.642683975300953225e-01,5.341945226172282637e-16,9.695258839779883623e+08,5.389963593622349203e+06
4.895363023077441176e+04,8.650352321248058196e-01,5.318013930048040535e-16,9.864773747078791857e+08,4.949408015772461891e+06
4.973644878513171716e+04,8.658177155824207105e-01,5.293727146707409614e-16,1.003886173900402069e+09,4.545511586452542804e+06
5.054042162327885308e+04,8.666169668374856805e-01,5.269087927475125414e-16,1.021764394241143823e+09,4.175971740514051169e+06
5.136612049311419833e+04,8.674341056687575602e-01,5.244098180836790801e-16,1.040124463060943127e+09,3.838385209983800072e+06
5.221413259307422413e+04,8.682702529196597574e-01,5.218758747929653932e-16,1.058979130454043746e+09,3.530333625460773706e+06
5.308506098972159089e+04,8.691265313199876275e-01,5.193069496442342911e-16,1.078341477977565050e+09,3.249446910767671186e+06
5.397952504661785497e+04,8.700040655863818806e-01,5.167029416272043510e-16,1.098224929514875650e+09,2.993447580891937949e+06
5.489816086478589568e+04,8.709039800333835402e-01,5.140636704852618152e-16,1.118643267719807625e+09,2.760179524260014296e+06
5.584162173507523403e+04,8.718273915184557854e-01,5.113888833189560643e-16,1.139610662535001993e+09,2.547624625369052868e+06
5.681057860275193525e+04,8.727753981755652646e-01,5.086782582978753495e-16,1.161141722395743847e+09,2.353910051912467927e+06
5.780572054464353278e+04,8.737490748977194688e-01,5.059314037709003400e-16,1.183251586173628330e+09,2.177308041108850855e+06
5.882775525917821506e+04,8.747495113384404775e-01,5.031478499581201574e-16,1.205956140393555164e+09,2.016227608029529918e+06
5.987740956966692465e+04,8.757779643290617422e-01,5.003270328471118428e-16,1.229273299597517729e+09,1.869180056485628011e+06
6.095542994118606293e+04,8.758960806484336059e-01,4.999999929185368002e-16,1.253190349166520596e+09,1.850577022315372946e+06
6.206258301142858545e+04,8.758965539745923179e-01,4.999999846301900364e-16,1.277700339413036823e+09,1.848567818475418258e+06
6.319965613590088469e+04,8.759003530789486458e-01,4.999999868350733256e-16,1.302835857151001930e+09,1.847146245635878528e+06
6.436745794785323960e+04,8.759077019067298409e-01,4.999999912305178385e-16,1.328626692266801119e+09,1.846061644448337611e+06
6.556681893334191409e+04,8.759188672524007568e-01,4.999999948809371647e-16,1.355098729854565144e+09,1.845151230048453901e+06
6.679859202183214074e+04,8.759341464961751811e-01,4.999999972527762578e-16,1.382275844576097488e+09,1.844302228423102759e+06
6.806365319276149967e+04,8.759538426294042335e-01,4.999999986174538548e-16,1.410180742491059780e+09,1.843435850336223142e+06
6.936290209849576058e+04,8.759782492042882396e-01,4.999999993463876595e-16,1.438835509391816139e+09,1.842496927205140237e+06
7.069726270411940641e+04,8.760076427895688855e-01,4.999999997133891226e-16,1.468261991086854458e+09,1.841446711896582739e+06
7.206768394451652421e+04,8.760422787891222196e-01,4.999999998869752038e-16,1.498482061926267624e+09,1.840257846963562071e+06
7.347514039920884534e+04,8.760823886434677688e-01,4.999999999627547601e-16,1.529517815338101149e+09,1.838910879422922153e+06
7.492063298543120618e+04,8.761281779642002832e-01,4.999999999921827231e-16,1.561391699191881180e+09,1.837391881158902310e+06
7.640518966993711365e+04,8.761798252851398239e-01,5.000000000014665313e-16,1.594126612361540079e+09,1.835690845507385442e+06
7.792986620004054566e+04,8.762374813800453133e-01,5.000000000030243343e-16,1.627745974408261061e+09,1.833800606605165638e+06
7.949574685441418842e+04,8.763012691422000788e-01,5.000000000023035127e-16,1.662273776996365547e+09,1.831716146848464618e+06
8.110394521417768556e+04,8.763712837928134824e-01,5.000000000012921930e-16,1.697734623172456741e+09,1.829434125285854796e+06
8.275560495482449187e+04,8.764475934109321464e-01,5.000000000005972066e-16,1.734153758794453144e+09,1.826952571570158470e+06
8.445190065955040336e+04,8.765302397682414037e-01,5.000000000002016914e-16,1.771557099052419424e+09,1.824270683915530331e+06
8.619403865456223139e+04,8.766192393416276651e-01,5.000000000000352418e-16,1.809971252061313629e+09,1.821388691338138422e+06
8.798325786696063005e+04,8.767145843681738437e-01,4.999999999999798243e-16,1.849423540831916094e+09,1.818307746697957860e+06
8.982083070580706408e+04,8.768162440810027825e-01,4.999999999999707524e-16,1.889942024464786053e+09,1.815029828868669458e+06
9.170806396700174082e+04,8.769241659266889810e-01,4.999999999999781480e-16,1.931555519103430510e+09,1.811557705870154547e+06
9.364629976261567208e+04,8.770382768985514055e-01,4.999999999999876143e-16,1.974293618981355190e+09,1.807894850411227439e+06
9.563691647533810465e+04,8.771584847185334155e-01,4.999999999999870226e-16,2.018186717769602299e+09,1.804045392750957748e+06
9.768132973871784634e+04,8.772846790471590106e-01,4.999999999999897837e-16,2.063266030351769686e+09,1.800014059223621851e+06
9.978099344389564067e+04,8.774167328250048747e-01,5.000000000000021096e-16,2.109563615107063532e+09,1.795806141389689408e+06
1.019374007735435735e+05,8.775545031980989119e-01,4.999999999999968834e-16,2.157112396750617981e+09,1.791427437532030512e+06
1.041520852637468197e+05,8.776978327581449468e-01,4.999999999999979681e-16,2.205946189770425797e+09,1.786884198871453293e+06
1.064266218945828296e+05,8.778465505733552554e-01,4.999999999999971792e-16,2.256099722484895706e+09,1.782183097488042433e+06
1.087626282101734396e+05,8.780004731007284846e-01,4.999999999999940238e-16,2.307608661745390415e+09,1.777331189569214825e+06
1.111617654690067866e+05,8.781594051247563204e-01,5.000000000000050678e-16,2.360509638303083420e+09,1.772335863821256440e+06
1.136257398253465071e+05,8.783231407579644712e-01,4.999999999999997430e-16,2.414840272860626698e+09,1.767204797637303825e+06
1.161563035425690323e+05,8.784914641646798250e-01,4.999999999999963904e-16,2.470639202825633049e+09,1.761945949366832618e+06
1.187552562392913533e+05,8.786641503129758446e-01,4.999999999999978695e-16,2.527946109788682461e+09,1.756567492479276145e+06
1.214244461691756005e+05,8.788409660490762443e-01,5.000000000000051664e-16,2.586801747742983818e+09,1.751077812542488100e+06
1.241657715353206731e+05,8.790216702748412381e-01,5.000000000000029971e-16,2.647247972066887856e+09,1.745485432112212759e+06
1.269811818401755736e+05,8.792060154021588136e-01,4.999999999999968834e-16,2.709327769289368629e+09,1.739799027563859941e+06
1.298726792719344085e+05,8.793937474307638169e-01,5.000000000000049692e-16,2.773085287660160542e+09,1.734027365038282005e+06
1.328423201283990056e+05,8.795846071460398097e-01,5.000000000000045748e-16,2.838565868545696259e+09,1.728179298195440788e+06
1.358922162793217576e+05,8.797783305337449899e-01,5.000000000000022082e-16,2.905816078674017429e+09,1.722263732723420952e+06
1.390245366682687891e+05,8.799746495334714869e-01,5.000000000000097024e-16,2.974883743250819683e+09,1.716289571902813390e+06
1.422415088550710643e+05,8.801732930706687164e-01,4.999999999999940238e-16,3.045817979970320702e+09,1.710265732600216754e+06
1.455454205999609258e+05,8.803739874034579582e-01,5.000000000000005319e-16,3.118669233945673943e+09,1.704201067316609202e+06
1.489386214905201341e+05,8.805764570976968297e-01,4.999999999999925447e-16,3.193489313582966328e+09,1.698104401386095211e+06
1.524235246125968115e+05,8.807804258331721758e-01,4.999999999999944182e-16,3.270331427425206184e+09,1.691984469871660927e+06
1.560026082663792477e+05,8.809856172282335418e-01,5.000000000000048706e-16,3.349250221991586208e+09,1.685849845446346095e+06
1.596784177288470673e+05,8.811917553847274931e-01,4.999999999999975737e-16,3.430301820639432907e+09,1.679709027507686056e+06
1.634535670638533775e+05,8.813985660803005384e-01,5.000000000000048706e-16,3.513543863476813316e+09,1.673570350674574729e+06
1.673307409811246325e+05,8.816057774279616455e-01,5.000000000000037859e-16,3.599035548353028774e+09,1.667441905537900748e+06
1.713126967455007834e+05,8.818131205808288353e-01,5.000000000000024054e-16,3.686837672957868099e+09,1.661331641329640523e+06
1.754022661377730838e+05,8.820203309062342178e-01,4.999999999999888962e-16,3.777012678057784557e+09,1.655247247472069925e+06
1.796023574685142667e+05,8.822271484834400823e-01,4.999999999999949113e-16,3.869624691900815964e+09,1.649196140120310709e+06
1.839159576463330013e+05,8.824333191924577102e-01,4.999999999999961932e-16,3.964739575821746826e+09,1.643185505185556365e+06
1.883461343020236818e+05,8.826385951885717951e-01,4.999999999999999402e-16,4.062424971079122543e+09,1.637222233251557918e+06
1.928960379701220372e+05,8.828427359601291879e-01,5.000000000000053637e-16,4.162750346959702969e+09,1.631312892707820982e+06
1.975689043294180592e+05,8.830455088274977715e-01,4.999999999999944182e-16,4.265787050180809975e+09,1.625463739167799475e+06
2.023680565040194488e+05,8.832466898116387855e-01,4.999999999999928405e-16,4.371608355629359245e+09,1.619680707620850997e+06
2.072969074266021780e+05,8.834460637794928628e-01,4.999999999999973764e-16,4.480289518470673561e+09,1.613969394970071502e+06
2.123589622655285930e+05,8.836434256587710756e-01,4.999999999999915586e-16,4.591907827666298866e+09,1.608335023087208625e+06
2.175578209175593220e+05,8.838385801240087325e-01,5.000000000000080261e-16,4.706542660939570427e+09,1.602782464731088141e+06
2.228971805679315876e+05,8.840313424407797438e-01,4.999999999999824867e-16,4.824275541225972176e+09,1.597316267918416532e+06
2.283808383196245413e+05,8.842215386976847169e-01,4.999999999999937280e-16,4.945190194643209457e+09,1.591940583843507338e+06
2.340126938936812512e+05,8.844090055360311897e-01,5.000000000000063497e-16,5.069372610042976379e+09,1.586659233519376256e+06
2.397967524025081657e+05,8.845935905898116847e-01,4.999999999999983625e-16,5.196911100155355453e+09,1.581475694167362060e+06
2.457371271981237805e+05,8.847751521586897372e-01,5.000000000000121676e-16,5.327896364392046928e+09,1.576393090720568551e+06
2.518380427973822516e+05,8.849535592290032060e-01,4.999999999999824867e-16,5.462421553347723961e+09,1.571414250905818306e+06
2.581038378862523241e+05,8.851286906131621279e-01,5.000000000000057581e-16,5.600582335049465179e+09,1.566541694543610793e+06
2.645389684052880039e+05,8.853004354354701011e-01,4.999999999999821909e-16,5.742476962986202240e+09,1.561777563340164721e+06
2.711480107184851076e+05,8.854686910400955124e-01,4.999999999999959959e-16,5.888206345985172272e+09,1.557123887321791844e+06
2.779356648677774938e+05,8.856333640482105807e-01,4.999999999999917558e-16,6.037874119974875450e+09,1.552582369848954258e+06
2.849067579154870473e+05,8.857943678523969577e-01,4.999999999999985597e-16,6.191586721676568031e+09,1.548154483597802464e+06
2.920662473771048244e+05,8.859516227408760214e-01,5.000000000000697544e-16,6.349453464290089607e+09,1.543841518272500718e+06
2.994192247468443238e+05,8.861050543339685781e-01,5.000000000000445109e-16,6.511586615263213158e+09,1.539644714969164692e+06
3.069709191184741794e+05,8.862545923923168534e-01,5.000000000001182694e-16,6.678101476113520622e+09,1.535565100000249688e+06
3.147267009040049743e+05,8.864001695851951856e-01,5.000000000001659955e-16,6.849116464422294617e+09,1.531603664037710754e+06
3.226920856528755394e+05,8.865417200219004590e-01,5.000000000002417261e-16,7.024753198045856476e+09,1.527761357108353637e+06
3.308727379743537749e+05,8.866791777780109740e-01,5.000000000003689299e-16,7.205136581607400894e+09,1.524039168178383959e+06
3.392744755659417133e+05,8.868124752227295460e-01,5.000000000004363775e-16,7.390394895319381714e+09,1.520438082300605485e+06
3.479032733506503282e+05,8.869415414339552051e-01,5.000000000006217599e-16,7.580659886213817596e+09,1.516959247041938826e+06
3.567652677260853234e+05,8.870663003310823580e-01,5.000000000008202570e-16,7.776066861835433006e+09,1.513603930067414418e+06
3.658667609283661586e+05,8.871866690309739845e-01,5.000000000010406450e-16,7.976754786472273827e+09,1.510373574199426919e+06
3.752142255139820045e+05,8.873025559972598231e-01,5.000000000012039392e-16,8.182866379987922668e+09,1.507269907491362421e+06
3.848143089627712034e+05,8.874138589189690673e-01,5.000000000013350873e-16,8.394548219324835777e+09,1.504294899145388743e+06
3.946738384052979527e+05,8.875204631738808914e-01,5.000000000013277904e-16,8.611950842750770569e+09,1.501450905845424393e+06
4.047998254779888666e+05,8.876222394191123355e-01,5.000000000011716945e-16,8.835228856910333633e+09,1.498740646682315506e+06
4.151994713094806648e+05,8.877190419754583672e-01,5.000000000009630408e-16,9.064541046769573212e+09,1.496167305888172705e+06
4.258801716417263378e+05,8.878107064579088270e-01,5.000000000006546948e-16,9.300050488505950928e+09,1.493734583647958003e+06
4.368495220895011444e+05,8.878970482675532239e-01,5.000000000004442661e-16,9.541924665466508865e+09,1.491446682904609246e+06
4.481153235420485726e+05,8.879778595727028101e-01,5.000000000001693481e-16,9.790335587253858566e+09,1.489308448754376266e+06
4.596855877107083797e+05,8.880529083616790498e-01,5.000000000000355376e-16,1.004545991206429482e+10,1.487325420255635399e+06
4.715685428264708607e+05,8.881219344729838205e-01,4.999999999999633568e-16,1.030747907233734512e+10,1.485503849409267539e+06
4.837726394915103447e+05,8.881846496242662425e-01,5.000000000000139425e-16,1.057657940381141281e+10,1.483850716650429880e+06
4.963065566888581379e+05,8.882407329927537454e-01,4.999999999999794299e-16,1.085295227822979927e+10,1.482373939806994284e+06
5.091792079544899170e+05,8.882898289927716462e-01,5.000000000000057581e-16,1.113679424062109756e+10,1.481082349059887463e+06
5.223997477162153227e+05,8.883315440776369254e-01,4.999999999999892906e-16,1.142830715968498230e+10,1.479985583274613135e+06
5.359775778038795106e+05,8.883654354597243508e-01,4.999999999999957987e-16,1.172769726493923187e+10,1.479112489373403601e+06
5.499223541355048073e+05,8.883909872626308823e-01,4.999999999999860366e-16,1.203517953783030891e+10,1.478442551489046542e+06
5.642439935841283295e+05,8.884075039181591471e-01,4.999999999999569473e-16,1.235097833794957542e+10,1.477900937255503610e+06
5.789526810302182566e+05,8.884137775606861798e-01,4.999999999999908683e-16,1.267528993390263367e+10,1.477980923906023847e+06
