cycle_time_years,leading_front_depth_m,deepest_front_depth_m,maximum_velocity_m_s
0.000000000000000000e+00,nan,nan,9.999879557842598216e-04
8.707449222048006324e-06,nan,nan,6.291195973482503236e-04
2.332607433636185441e-05,nan,nan,3.943809119544352550e-04
4.693117559244748506e-05,3.161219732101281807e+03,3.161219732101281807e+03,2.474699788955003017e-04
8.478992498519045680e-05,4.816052599545675548e+03,4.816052599545675548e+03,1.552368045708471501e-04
1.450374040186116575e-04,6.725137599137230609e+03,6.725137599137230609e+03,9.737565087292552473e-05
2.430261540425595246e-04,8.816265453483796591e+03,8.816265453483796591e+03,6.112723577202719947e-05
4.029593102774287929e-04,1.101934896636485973e+04,1.101934896636485973e+04,3.851624645193354280e-05
6.703131907303003321e-04,1.316219683833826639e+04,1.316219683833826639e+04,2.418710380619912780e-05
1.088447900683561786e-03,1.379278323878721676e+04,1.379278323878721676e+04,1.523227813352684097e-05
1.771104061628024423e-03,1.414143418651199499e+04,1.414143418651199499e+04,9.515953109539338994e-06
2.896631384728740391e-03,1.446583742401420386e+04,1.446583742401420386e+04,5.949862216029843234e-06
4.688107620389342714e-03,1.475304654942910929e+04,1.475304654942910929e+04,3.712011565369223055e-06
7.513451861933881891e-03,1.500122068542645866e+04,1.500122068542645866e+04,2.332388225087752887e-06
1.183936678991845577e-02,1.520040081602257123e+04,1.520040081602257123e+04,1.459391457230161072e-06
1.815224366281489865e-02,1.535688122884971017e+04,1.535688122884971017e+04,9.193056168170965496e-07
2.610101563022638668e-02,1.546495709590207116e+04,1.546495709590207116e+04,5.778399087755331245e-07
3.512441052113279838e-02,1.553534283786789638e+04,1.553534283786789638e+04,3.643385756241596375e-07
4.462872685221304370e-02,1.558096966105402316e+04,1.558096966105402316e+04,2.276506353799039690e-07
5.443148543584645088e-02,1.561154523170855464e+04,1.561154523170855464e+04,1.436013442249101111e-07
7.006269281268963367e-02,1.564138660141249784e+04,1.564138660141249784e+04,9.013918684896492063e-08
9.626546336975520812e-02,1.566620472939720275e+04,1.566620472939720275e+04,6.883457958980934558e-08
1.218567233144621925e-01,1.567723053089325003e+04,1.567723053089325003e+04,5.635127143880869050e-08
1.476069229681518935e-01,1.568192837026783127e+04,1.568192837026783127e+04,4.790436098707975906e-08
1.739045465939923762e-01,1.568367594123920935e+04,1.568367594123920935e+04,4.171016385281297761e-08
2.006882978284072194e-01,1.568376877759565468e+04,1.568376877759565468e+04,3.697269967315441057e-08
2.283816800078931897e-01,1.568294380529138834e+04,1.568294380529138834e+04,3.317448492674428497e-08
2.540842763590722697e-01,1.568175200768670402e+04,1.568175200768670402e+04,3.034581427899650575e-08
2.810680958552424502e-01,1.568025934835683438e+04,1.568025934835683438e+04,2.789949089828338502e-08
3.064415656881743222e-01,1.567871064780031338e+04,1.567871064780031338e+04,2.596812714570994157e-08
3.332435865596476421e-01,1.567700356944471605e+04,1.567700356944471605e+04,2.422762827305793593e-08
3.590858616283022497e-01,1.567547709897147433e+04,1.567547709897147433e+04,2.278005569778360831e-08
3.852826767166380173e-01,1.567451215765516827e+04,1.567451215765516827e+04,2.149782641594365741e-08
4.145429899414087016e-01,1.567535113626185193e+04,1.567535113626185193e+04,2.024521139493448641e-08
4.427045188573394130e-01,1.568042652814946996e+04,1.568042652814946996e+04,1.918641899361855810e-08
4.696408555557039510e-01,1.569265260696032965e+04,1.569265260696032965e+04,1.828302426364609546e-08
4.963760805861935910e-01,1.571608550695884696e+04,1.571608550695884696e+04,1.747767229165279057e-08
5.234728915028890039e-01,1.574094483887053684e+04,1.574094483887053684e+04,1.673965260669203156e-08
5.505449488567520921e-01,1.576216853591515792e+04,1.576216853591515792e+04,1.606994527235203569e-08
5.770108059084387842e-01,1.578315274682770360e+04,1.578315274682770360e+04,1.547181992992870316e-08
6.061891472173117634e-01,1.580651261755911037e+04,1.580651261755911037e+04,1.486845752902636305e-08
6.321592108879439120e-01,1.582760804928768266e+04,1.582760804928768266e+04,1.437508004919266135e-08
6.627288002458565641e-01,1.585252815820121032e+04,1.585252815820121032e+04,1.384039351084165600e-08
6.893100451894244030e-01,1.587441856865413320e+04,1.587441856865413320e+04,1.341130841612819800e-08
7.157905425358613849e-01,1.589607408106715047e+04,1.589607408106715047e+04,1.301323378004074116e-08
7.435179125034216963e-01,1.591854784732005101e+04,1.591854784732005101e+04,1.262443747244508839e-08
7.703830538310487697e-01,1.594022473946413447e+04,1.594022473946413447e+04,1.227279923872240298e-08
7.990014516118724153e-01,1.596327227057321943e+04,1.596327227057321943e+04,1.192187208780576933e-08
8.254836674013026343e-01,1.598438365817840713e+04,1.598438365817840713e+04,1.161743990229926465e-08
8.581459060390871363e-01,1.601020611587339226e+04,1.601020611587339226e+04,1.126620205557977377e-08
8.903761695765644024e-01,1.603546530991921645e+04,1.603546530991921645e+04,1.094236075874938844e-08
9.199922557846235138e-01,1.605862107110863144e+04,1.605862107110863144e+04,1.066356594496343805e-08
9.468764141686174529e-01,1.607955872894496861e+04,1.607955872894496861e+04,1.042447284209387612e-08
9.761720475218644832e-01,1.610213038498795140e+04,1.610213038498795140e+04,1.017774775867264797e-08
1.007562774324016974e+00,1.612611351110104260e+04,1.612611351110104260e+04,9.928141373756050669e-09
1.040076675173217780e+00,1.615083593329014730e+04,1.615083593329014730e+04,9.684222771168228437e-09
1.069493691289573167e+00,1.617313198089805701e+04,1.617313198089805701e+04,9.475358686075063561e-09
1.095006057790051779e+00,1.619227755879770484e+04,1.619227755879770484e+04,9.302674862557191052e-09
1.124243368973196322e+00,1.621402183896409952e+04,1.621402183896409952e+04,9.113534857068749222e-09
1.151529675483473847e+00,1.623436474221634853e+04,1.623436474221634853e+04,8.945015476640694130e-09
1.177337563767869355e+00,1.625337798841719086e+04,1.625337798841719086e+04,8.792293174864159388e-09
1.214537033447250058e+00,1.628065522343776502e+04,1.628065522343776502e+04,8.583023978210091529e-09
1.249773783414515727e+00,1.630623841199257004e+04,1.630623841199257004e+04,8.394770143448594305e-09
1.283345413024511217e+00,1.633045065240129770e+04,1.633045065240129770e+04,8.224518464286135826e-09
1.314577602861522809e+00,1.635290295531545235e+04,1.635290295531545235e+04,8.073310689362542032e-09
1.347041864026153890e+00,1.637602783184146028e+04,1.637602783184146028e+04,7.923010625374752227e-09
1.372255342712685788e+00,1.639377929546120504e+04,1.639377929546120504e+04,7.810798830139141202e-09
1.400501657989199344e+00,1.641374648132810398e+04,1.641374648132810398e+04,7.689504940816205634e-09
1.428120535507816813e+00,1.643306461769733505e+04,1.643306461769733505e+04,7.575169398264897083e-09
1.453185518724696479e+00,1.645047759012132155e+04,1.645047759012132155e+04,7.474897206677350398e-09
1.488058640267013955e+00,1.647463922193511462e+04,1.647463922193511462e+04,7.340488970349478757e-09
1.521915932998647136e+00,1.649788068616340388e+04,1.649788068616340388e+04,7.215439930702206394e-09
1.551656290222296786e+00,1.651816573111045000e+04,1.651816573111045000e+04,7.109735365810410589e-09
1.584979217044300226e+00,1.654072352109084386e+04,1.654072352109084386e+04,6.995633229136140835e-09
1.616044360299489613e+00,1.656171750707697720e+04,1.656171750707697720e+04,6.893153261374415976e-09
1.649234709228360796e+00,1.658393545111221465e+04,1.658393545111221465e+04,6.787589919203510873e-09
1.681275315577924534e+00,1.660518494797512540e+04,1.660518494797512540e+04,6.689310235314846701e-09
1.710135400955687945e+00,1.662432213511925875e+04,1.662432213511925875e+04,6.603673476041664076e-09
1.739900142799225335e+00,1.664388896702963393e+04,1.664388896702963393e+04,6.518149022871689074e-09
1.784000357147900617e+00,1.667266338373417602e+04,1.667266338373417602e+04,6.396156456160119148e-09
1.810342847410649325e+00,1.668972254889456963e+04,1.668972254889456963e+04,6.325858004081336537e-09
1.837795826996143633e+00,1.670744249369505997e+04,1.670744249369505997e+04,6.254610676632303608e-09
1.875052759021027304e+00,1.673133064153713349e+04,1.673133064153713349e+04,6.160990397444397336e-09
1.906173787272033682e+00,1.675108958072140013e+04,1.675108958072140013e+04,6.085338060921597117e-09
1.945308821633532581e+00,1.677589347721942613e+04,1.677589347721942613e+04,5.993389293324666834e-09
1.977640456701408755e+00,1.679623455672795899e+04,1.679623455672795899e+04,5.919918473102473622e-09
2.004300414535075792e+00,1.681282315539921910e+04,1.681282315539921910e+04,5.860987539866736079e-09
2.043958124714387203e+00,1.683750686397301615e+04,1.683750686397301615e+04,5.775938432908439461e-09
2.078656200763949524e+00,1.685894268807315166e+04,1.685894268807315166e+04,5.703950913073287880e-09
2.121813329171538420e+00,1.688537902512449728e+04,1.688537902512449728e+04,5.617460632325348498e-09
2.151542605998008728e+00,1.690341795174025174e+04,1.690341795174025174e+04,5.559694271021120195e-09
2.179228455312781421e+00,1.692022894297122912e+04,1.692022894297122912e+04,5.507220194858430595e-09
2.209197466887487860e+00,1.693828176398729192e+04,1.693828176398729192e+04,5.451781900721658580e-09
2.251674047308245719e+00,1.696367557097907775e+04,1.696367557097907775e+04,5.375522351403091453e-09
2.289920515284827207e+00,1.698644839120937104e+04,1.698644839120937104e+04,5.309066752504687538e-09
2.316222230326761444e+00,1.700201604400414362e+04,1.700201604400414362e+04,5.264536414852328775e-09
2.346850197015069917e+00,1.701999907166889534e+04,1.701999907166889534e+04,5.213839259861349920e-09
2.393672883045864452e+00,1.704739115444966592e+04,1.704739115444966592e+04,5.138649248335302742e-09
2.428249844032255300e+00,1.706748832147406210e+04,1.706748832147406210e+04,5.084795548170806590e-09
2.458736860178467598e+00,1.708502760223756195e+04,1.708502760223756195e+04,5.038482553622568984e-09
2.491984757985966414e+00,1.710418247472817166e+04,1.710418247472817166e+04,4.989163131950985970e-09
2.518172507258148229e+00,1.711911978533958245e+04,1.711911978533958245e+04,4.951149175938383419e-09
2.548982116973037115e+00,1.713667051248095595e+04,1.713667051248095595e+04,4.907349544308287124e-09
2.580057345829551263e+00,1.715425282947783126e+04,1.715425282947783126e+04,4.864142965856466519e-09
2.614880567507033238e+00,1.717383083665476079e+04,1.717383083665476079e+04,4.816851038475865178e-09
2.643883048922165635e+00,1.719012925898106914e+04,1.719012925898106914e+04,4.778341197195322779e-09
2.676170496280726230e+00,1.720810571142699700e+04,1.720810571142699700e+04,4.736332771689695129e-09
2.703004939050055899e+00,1.722301520666372744e+04,1.722301520666372744e+04,4.702155560241747148e-09
2.741034832383319131e+00,1.724401689455469023e+04,1.724401689455469023e+04,4.654725365024424208e-09
2.775911710036191860e+00,1.726310163453603673e+04,1.726310163453603673e+04,4.612292580401266472e-09
2.810500850579577214e+00,1.728205627270268815e+04,1.728205627270268815e+04,4.571163736038265062e-09
2.843378111356461790e+00,1.729989524972494837e+04,1.729989524972494837e+04,4.532918543358468066e-09
2.875457011521123984e+00,1.731724424375934905e+04,1.731724424375934905e+04,4.496374934615673706e-09
2.905708142746524558e+00,1.733353054201451960e+04,1.733353054201451960e+04,4.462590277251815250e-09
2.942096821276815710e+00,1.735297467775045152e+04,1.735297467775045152e+04,4.422796435046736542e-09
2.976963057975900551e+00,1.737157685472457888e+04,1.737157685472457888e+04,4.385503689111844080e-09
3.011359680569887676e+00,1.738980911602954438e+04,1.738980911602954438e+04,4.349487900036937537e-09
3.043042306018805654e+00,1.740650695018567785e+04,1.740650695018567785e+04,4.316971653484359304e-09
3.068817798189812596e+00,1.742005359341514850e+04,1.742005359341514850e+04,4.290986536847012684e-09
3.113441459124576927e+00,1.744332470228339662e+04,1.744332470228339662e+04,4.246897072962296587e-09
3.139205328430044961e+00,1.745678059904624024e+04,1.745678059904624024e+04,4.221982655929211555e-09
3.166463944983699541e+00,1.747085148236335954e+04,1.747085148236335954e+04,4.196006361383628513e-09
3.212020741516934397e+00,1.749436722935946091e+04,1.749436722935946091e+04,4.153521729665153563e-09
3.239617336868807485e+00,1.750849159595326637e+04,1.750849159595326637e+04,4.128302626766629395e-09
3.290408407905290655e+00,1.753435884899507801e+04,1.753435884899507801e+04,4.082946464177147320e-09
3.329838769145890165e+00,1.755439933208236471e+04,1.755439933208236471e+04,4.048561878270769858e-09
3.361526856959919485e+00,1.757035232223807907e+04,1.757035232223807907e+04,4.021497547660959734e-09
3.387418728820826619e+00,1.758336895922361873e+04,1.758336895922361873e+04,3.999707547873872525e-09
3.439958544583436417e+00,1.760964392066491200e+04,1.760964392066491200e+04,3.956455203810698168e-09
3.484219533598347240e+00,1.763161216057926868e+04,1.763161216057926868e+04,3.920915995031742835e-09
3.515907621412376116e+00,1.764724809723801809e+04,1.764724809723801809e+04,3.895997430622301330e-09
3.543079973043807840e+00,1.766063284516686326e+04,1.766063284516686326e+04,3.874937370183331689e-09
3.596286164591405488e+00,1.768665578243076015e+04,1.768665578243076015e+04,3.834575571873075349e-09
3.622773300261752372e+00,1.769959252786943034e+04,1.769959252786943034e+04,3.814870178378960149e-09
3.676031453788550785e+00,1.772539671784308302e+04,1.772539671784308302e+04,3.776068412778112888e-09
3.705216909029439787e+00,1.773943708475474705e+04,1.773943708475474705e+04,3.755226133081051734e-09
3.758742077613350219e+00,1.776512241240300136e+04,1.776512241240300136e+04,3.717797385055055029e-09
3.788494074369475939e+00,1.777929442265167745e+04,1.777929442265167745e+04,3.697398333964340713e-09
3.841893184208297729e+00,1.780460531333527251e+04,1.780460531333527251e+04,3.661535535284164889e-09
3.873074439981637695e+00,1.781936989110843570e+04,1.781936989110843570e+04,3.641002613857440138e-09
3.927903355514244410e+00,1.784512969183339737e+04,1.784512969183339737e+04,3.605644468850317619e-09
3.959591443328273286e+00,1.785988918296618431e+04,1.785988918296618431e+04,3.585751813554979855e-09
3.986645616401050862e+00,1.787252052991056917e+04,1.787252052991056917e+04,3.568734367989115419e-09
4.030609888700996457e+00,1.789284533810860012e+04,1.789284533810860012e+04,3.541763227733765930e-09
4.062297976515026221e+00,1.790752597930323827e+04,1.790752597930323827e+04,3.522667641466332348e-09
4.093986064329055097e+00,1.792204364366671143e+04,1.792204364366671143e+04,3.503985937155706917e-09
4.120358787637447229e+00,1.793417219463091533e+04,1.793417219463091533e+04,3.488344886489814857e-09
4.161473607097671668e+00,1.795288691264792214e+04,1.795288691264792214e+04,3.464578848041044909e-09
4.193161694911700543e+00,1.796733765073635732e+04,1.796733765073635732e+04,3.446559438349598204e-09
4.224849782725729419e+00,1.798164440960118736e+04,1.798164440960118736e+04,3.428838335545127375e-09
4.259648805492159518e+00,1.799738024342386416e+04,1.799738024342386416e+04,3.409535722601519997e-09
4.314853127030215951e+00,1.802212904433761287e+04,1.802212904433761287e+04,3.379598754945425652e-09
4.346541214844245715e+00,1.803627218141867706e+04,1.803627218141867706e+04,3.362754113124412652e-09
4.389629880666738870e+00,1.805545905087556457e+04,1.805545905087556457e+04,3.340143954440238965e-09
4.421317968480767746e+00,1.806945166728515687e+04,1.806945166728515687e+04,3.323795973699984336e-09
4.453006056294796622e+00,1.808346995303080257e+04,1.808346995303080257e+04,3.307673183687678409e-09
4.481985252024958122e+00,1.809619676158717266e+04,1.809619676158717266e+04,3.293087432955098371e-09
4.538037705053789672e+00,1.812075063226185011e+04,1.812075063226185011e+04,3.265388431734016099e-09
4.569725792867818548e+00,1.813450658460447812e+04,1.813450658460447812e+04,3.250016166894326413e-09
4.598726517321035878e+00,1.814714632603123027e+04,1.814714632603123027e+04,3.236093963187622381e-09
4.654982721475508178e+00,1.817144940574267821e+04,1.817144940574267821e+04,3.209569571197783644e-09
4.686670809289537054e+00,1.818508533972393707e+04,1.818508533972393707e+04,3.194893257990301383e-09
4.718635568607230546e+00,1.819876860982661674e+04,1.819876860982661674e+04,3.180255201877179339e-09
4.744992820399914990e+00,1.821006368369058328e+04,1.821006368369058328e+04,3.168329528797522304e-09
4.776680908213943866e+00,1.822351738845999353e+04,1.822351738845999353e+04,3.154152678266539481e-09
4.808368996027972742e+00,1.823702242333996401e+04,1.823702242333996401e+04,3.140152904347845194e-09
4.841485935829920706e+00,1.825101288490755178e+04,1.825101288490755178e+04,3.125687468909585999e-09
4.868625490084061092e+00,1.826246991437574252e+04,1.826246991437574252e+04,3.113974078983234687e-09
4.900313577898089967e+00,1.827579817479441772e+04,1.827579817479441772e+04,3.100448585800889281e-09
4.932001665712118843e+00,1.828909469461526533e+04,1.828909469461526533e+04,3.087089353415652229e-09
4.967689037980104416e+00,1.830401150484613026e+04,1.830401150484613026e+04,3.072217377130164154e-09
4.995760317788842109e+00,1.831567831040962483e+04,1.831567831040962483e+04,3.060661969956288409e-09
5.027448405602870984e+00,1.832887225198186570e+04,1.832887225198186570e+04,3.047762142527188403e-09
5.059136493416899860e+00,1.834194029959157706e+04,1.834194029959157706e+04,3.035013867668922647e-09
5.096401821363862439e+00,1.835736227635811520e+04,1.835736227635811520e+04,3.020196979799309607e-09
5.125152719028760906e+00,1.836915476962971661e+04,1.836915476962971661e+04,3.008906049493043839e-09
5.156840806842789782e+00,1.838216206578692072e+04,1.838216206578692072e+04,2.996596066080293660e-09
5.188528894656818657e+00,1.839511335568997674e+04,1.839511335568997674e+04,2.984426815078696495e-09
5.228303279308994078e+00,1.841130484762339984e+04,1.841130484762339984e+04,2.969336343117646041e-09
5.257512897418431308e+00,1.842316908885641897e+04,1.842316908885641897e+04,2.958390675874189664e-09
5.289200985232460184e+00,1.843595292080585568e+04,1.843595292080585568e+04,2.946643726131911075e-09
5.320889073046489059e+00,1.844877953388710011e+04,1.844877953388710011e+04,2.935027811724112312e-09
5.362449426732837310e+00,1.846543599627691947e+04,1.846543599627691947e+04,2.919975399579249478e-09
5.392139546105831016e+00,1.847736781580193201e+04,1.847736781580193201e+04,2.909356924523002395e-09
5.423827633919859892e+00,1.848999781252281537e+04,1.848999781252281537e+04,2.898142175207018030e-09
5.455515721733888768e+00,1.850265555789816426e+04,1.850265555789816426e+04,2.887048354930363889e-09
5.502188687375656251e+00,1.852113540177355389e+04,1.852113540177355389e+04,2.870917389658097718e-09
5.528245943273721430e+00,1.853147583121749267e+04,1.853147583121749267e+04,2.862022002192343184e-09
5.559934031087751194e+00,1.854397393344995362e+04,1.854397393344995362e+04,2.851308675889002997e-09
5.591622118901780070e+00,1.855641072293500474e+04,1.855641072293500474e+04,2.840708830788119247e-09
5.618600526190131283e+00,1.856702196638381793e+04,1.856702196638381793e+04,2.831769106815113518e-09
5.643825739967502031e+00,1.857687289309672633e+04,1.857687289309672633e+04,2.823480921622413667e-09
5.669876506980430442e+00,1.858702909636863114e+04,1.858702909636863114e+04,2.814993435144352648e-09
5.700592328431467237e+00,1.859901653595654352e+04,1.859901653595654352e+04,2.805078851343520028e-09
5.732280416245496113e+00,1.861128251459649982e+04,1.861128251459649982e+04,2.794953611325524158e-09
5.758347703222661096e+00,1.862139793077436843e+04,1.862139793077436843e+04,2.786699288205524971e-09
5.810156538326616271e+00,1.864136565736974444e+04,1.864136565736974444e+04,2.770497739535102328e-09
5.841844626140645147e+00,1.865357331241471547e+04,1.865357331241471547e+04,2.760720662115476779e-09
5.873532713954674023e+00,1.866571858091399554e+04,1.866571858091399554e+04,2.751041293113200737e-09
5.901925554544713570e+00,1.867653859564133381e+04,1.867653859564133381e+04,2.742448548316897277e-09
5.929141916635175313e+00,1.868694884079740950e+04,1.868694884079740950e+04,2.734282624222805707e-09
5.956713548562619032e+00,1.869741721347384009e+04,1.869741721347384009e+04,2.726080516701921710e-09
5.987193459563918019e+00,1.870900104430570718e+04,1.870900104430570718e+04,2.717094866793769523e-09
6.018881547377946895e+00,1.872100098635935137e+04,1.872100098635935137e+04,2.707842283499859334e-09
6.046948406427421041e+00,1.873155276903021513e+04,1.873155276903021513e+04,2.699721254117200762e-09
6.073881438610009731e+00,1.874173497264558318e+04,1.874173497264558318e+04,2.691993063125441053e-09
6.102561804922125077e+00,1.875250828368895236e+04,1.875250828368895236e+04,2.683833450700794125e-09
6.134249892736153953e+00,1.876435073758990984e+04,1.876435073758990984e+04,2.674900698195867956e-09
6.165937980550182829e+00,1.877622993760079044e+04,1.877622993760079044e+04,2.666052616653383577e-09
6.197626068364211704e+00,1.878801495273293403e+04,1.878801495273293403e+04,2.657288067541720877e-09
6.223491718501081849e+00,1.879762750434529516e+04,1.879762750434529516e+04,2.650192888583933976e-09
6.248732428686106566e+00,1.880701733686221996e+04,1.880701733686221996e+04,2.643322349578267189e-09
6.280420516500135442e+00,1.881872171649920347e+04,1.881872171649920347e+04,2.634769580333209632e-09
6.312108604314164317e+00,1.883042474732133269e+04,1.883042474732133269e+04,2.626296480436934122e-09
6.343796692128193193e+00,1.884210234402046626e+04,1.884210234402046626e+04,2.617902153157892776e-09
6.375484779942222069e+00,1.885369160163039851e+04,1.885369160163039851e+04,2.609584731401030314e-09
6.407172867756250945e+00,1.886534045957937633e+04,1.886534045957937633e+04,2.601343151711126293e-09
6.438860955570279820e+00,1.887690232342795207e+04,1.887690232342795207e+04,2.593176366292110062e-09
6.469768726991864227e+00,1.888814746440601448e+04,1.888814746440601448e+04,2.585281495194704803e-09
6.498900062830804458e+00,1.889876131613870893e+04,1.889876131613870893e+04,2.577903367703739464e-09
6.527479520040304628e+00,1.890910699333370940e+04,1.890910699333370940e+04,2.570724587186006380e-09
6.558866859369079094e+00,1.892044985344083761e+04,1.892044985344083761e+04,2.562908036001361097e-09
6.590554947183108858e+00,1.893189374938890614e+04,1.893189374938890614e+04,2.555086307555455486e-09
6.622243034997137734e+00,1.894326981995504684e+04,1.894326981995504684e+04,2.547333616264563741e-09
6.653931122811166610e+00,1.895468067176967088e+04,1.895468067176967088e+04,2.539649038607929762e-09
6.685619210625195485e+00,1.896600958574717879e+04,1.896600958574717879e+04,2.532031668504024204e-09
6.717307298439224361e+00,1.897732339961941761e+04,1.897732339961941761e+04,2.524480617313410660e-09
6.748995386253253237e+00,1.898863110453686750e+04,1.898863110453686750e+04,2.516995702681946781e-09
6.780683474067282113e+00,1.899986077720984031e+04,1.899986077720984031e+04,2.509575639602833725e-09
6.812371561881310988e+00,1.901111453209170577e+04,1.901111453209170577e+04,2.502219303900680042e-09
6.844059649695339864e+00,1.902232616413908545e+04,1.902232616413908545e+04,2.494925873505079611e-09
6.875747737509368740e+00,1.903345820644618288e+04,1.903345820644618288e+04,2.487694541262522541e-09
6.907435825323397616e+00,1.904465022628299630e+04,1.904465022628299630e+04,2.480524514202349718e-09
6.939123913137426491e+00,1.905576766284512996e+04,1.905576766284512996e+04,2.473415012822312361e-09
6.970812000951456255e+00,1.906684165638167178e+04,1.906684165638167178e+04,2.466365555724966508e-09
7.002500088765485131e+00,1.907794019797435976e+04,1.907794019797435976e+04,2.459375617932003149e-09
7.034188176579514007e+00,1.908896314784618153e+04,1.908896314784618153e+04,2.452443917924325031e-09
7.065876264393542883e+00,1.909998002025706592e+04,1.909998002025706592e+04,2.445569725442779213e-09
7.097564352207571758e+00,1.911098570234928775e+04,1.911098570234928775e+04,2.438752321725372691e-09
7.129252440021600634e+00,1.912192014862870565e+04,1.912192014862870565e+04,2.431990999383061716e-09
7.160940527835629510e+00,1.913287282651618443e+04,1.913287282651618443e+04,2.425285062309532860e-09
7.192628615649658386e+00,1.914378098072246576e+04,1.914378098072246576e+04,2.418634030177270920e-09
7.224316703463687261e+00,1.915465319924536379e+04,1.915465319924536379e+04,2.412037192582696069e-09
7.256004791277716137e+00,1.916554341271046360e+04,1.916554341271046360e+04,2.405493697578549188e-09
7.287692879091745013e+00,1.917636032106525090e+04,1.917636032106525090e+04,2.399002895737251460e-09
7.319380966905773889e+00,1.918716882743047972e+04,1.918716882743047972e+04,2.392564254328169169e-09
7.351069054719803653e+00,1.919797448437109779e+04,1.919797448437109779e+04,2.386177217968979754e-09
7.382757142533832528e+00,1.920871068160680807e+04,1.920871068160680807e+04,2.379840982086593852e-09
7.414445230347861404e+00,1.921945627911189149e+04,1.921945627911189149e+04,2.373554936955460861e-09
7.446133318161890280e+00,1.923017885806191043e+04,1.923017885806191043e+04,2.367318482800819390e-09
7.477821405975919156e+00,1.924083137546341459e+04,1.924083137546341459e+04,2.361131029494860581e-09
7.509509493789948031e+00,1.925151918163946539e+04,1.925151918163946539e+04,2.354992214906530240e-09
7.541197581603976907e+00,1.926216167422233411e+04,1.926216167422233411e+04,2.348901278264156873e-09
7.572885669418005783e+00,1.927273947776617206e+04,1.927273947776617206e+04,2.342857618751405255e-09
7.604573757232034659e+00,1.928336324865796269e+04,1.928336324865796269e+04,2.336860683159731364e-09
7.636261845046063534e+00,1.929393231480243776e+04,1.929393231480243776e+04,2.330909926880067532e-09
7.667949932860092410e+00,1.930443647057199269e+04,1.930443647057199269e+04,2.325004813797907819e-09
7.699638020674121286e+00,1.931499688009106103e+04,1.931499688009106103e+04,2.319144941588566452e-09
7.731326108488151050e+00,1.932549139263174948e+04,1.932549139263174948e+04,2.313329742317177320e-09
7.763014196302179926e+00,1.933593300245230057e+04,1.933593300245230057e+04,2.307558619053206895e-09
7.794702284116208801e+00,1.934641167806046724e+04,1.934641167806046724e+04,2.301831068097633599e-09
7.826390371930237677e+00,1.935682537259707533e+04,1.935682537259707533e+04,2.296146593434653342e-09
7.858078459744266553e+00,1.936723836916477376e+04,1.936723836916477376e+04,2.290504706607634279e-09
7.889766547558295429e+00,1.937764023844602343e+04,1.937764023844602343e+04,2.284904926543331002e-09
7.921454635372324304e+00,1.938797432086544359e+04,1.938797432086544359e+04,2.279346779423250923e-09
7.953142723186353180e+00,1.939832277000873728e+04,1.939832277000873728e+04,2.273829937169909002e-09
7.984830811000382056e+00,1.940865574918457423e+04,1.940865574918457423e+04,2.268353812037010989e-09
8.016518898814410932e+00,1.941892446042878510e+04,1.941892446042878510e+04,2.262917933644246304e-09
8.048206986628439807e+00,1.942920819206637680e+04,1.942920819206637680e+04,2.257521856009939519e-09
8.079895074442468683e+00,1.943947228704682493e+04,1.943947228704682493e+04,2.252165139716184769e-09
8.111583162256497559e+00,1.944967652398179416e+04,1.944967652398179416e+04,2.246847351849829312e-09
8.143271250070526435e+00,1.945989672010007780e+04,1.945989672010007780e+04,2.241568065832722421e-09
8.174959337884555310e+00,1.947009753195692247e+04,1.947009753195692247e+04,2.236326861342295699e-09
8.206647425698584186e+00,1.948023367423708260e+04,1.948023367423708260e+04,2.231123324156733898e-09
8.238335513512613062e+00,1.949039129225855868e+04,1.949039129225855868e+04,2.225957046112520290e-09
8.270023601326641938e+00,1.950052895761625769e+04,1.950052895761625769e+04,2.220827627535939447e-09
8.301711689140672590e+00,1.951060637381040215e+04,1.951060637381040215e+04,2.215734758022041032e-09
8.333399776954701466e+00,1.952070194647435346e+04,1.952070194647435346e+04,2.210677952267708028e-09
8.365087864768730341e+00,1.953077472194553047e+04,1.953077472194553047e+04,2.205656825158094722e-09
8.396775952582759217e+00,1.954079112553482628e+04,1.954079112553482628e+04,2.200670997097081108e-09
8.428464040396788093e+00,1.955082259994233027e+04,1.955082259994233027e+04,2.195720093848536931e-09
8.460152128210816969e+00,1.956083830348560878e+04,1.956083830348560878e+04,2.190803746485613855e-09
8.491840216024845844e+00,1.957079831394595749e+04,1.957079831394595749e+04,2.185921591271256749e-09
8.523528303838874720e+00,1.958076026639476186e+04,1.958076026639476186e+04,2.181073269589582846e-09
8.555216391652903596e+00,1.959071240061429125e+04,1.959071240061429125e+04,2.176258427832603498e-09
8.586904479466932472e+00,1.960060442341386079e+04,1.960060442341386079e+04,2.171476717320354920e-09
8.618592567280961347e+00,1.961053606499524903e+04,1.961053606499524903e+04,2.166727794231979989e-09
8.650280655094990223e+00,1.962042287372195642e+04,1.962042287372195642e+04,2.162011319485961584e-09
8.681968742909019099e+00,1.963025736629678067e+04,1.963025736629678067e+04,2.157326958701038307e-09
8.713656830723047975e+00,1.964012231592613898e+04,1.964012231592613898e+04,2.152674382062884060e-09
8.745344918537076850e+00,1.964995218333591401e+04,1.964995218333591401e+04,2.148053264307640116e-09
8.777033006351105726e+00,1.965972969771105272e+04,1.965972969771105272e+04,2.143463284588038838e-09
8.808721094165134602e+00,1.966953052233581184e+04,1.966953052233581184e+04,2.138904126441770222e-09
8.840409181979163478e+00,1.967931428955362571e+04,1.967931428955362571e+04,2.134375477659144578e-09
8.872097269793192353e+00,1.968903933208105445e+04,1.968903933208105445e+04,2.129877030294891848e-09
8.903785357607221229e+00,1.969877233847863317e+04,1.969877233847863317e+04,2.125408480510309078e-09
8.935473445421250105e+00,1.970850131479076299e+04,1.970850131479076299e+04,2.120969528567545011e-09
8.967161533235278981e+00,1.971817704190462609e+04,1.971817704190462609e+04,2.116559878725458463e-09
8.998849621049307856e+00,1.972784446403185211e+04,1.972784446403185211e+04,2.112179239177337826e-09
9.030537708863336732e+00,1.973752372403108893e+04,1.973752372403108893e+04,2.107827322005582737e-09
9.062225796677367384e+00,1.974714927803964383e+04,1.974714927803964383e+04,2.103503843089497428e-09
9.093913884491396260e+00,1.975675317474889744e+04,1.975675317474889744e+04,2.099208522066451290e-09
9.125601972305425136e+00,1.976638409127145496e+04,1.976638409127145496e+04,2.094941082258071197e-09
9.157290060119454012e+00,1.977596336793600494e+04,1.977596336793600494e+04,2.090701250592689191e-09
9.188978147933482887e+00,1.978549575555506090e+04,1.978549575555506090e+04,2.086488757590376302e-09
9.220666235747511763e+00,1.979507250123110134e+04,1.979507250123110134e+04,2.082303337256249482e-09
9.252354323561540639e+00,1.980459755368088736e+04,1.980459755368088736e+04,2.078144727058182402e-09
9.284042411375569515e+00,1.981410243892811195e+04,1.981410243892811195e+04,2.074012667848730349e-09
9.315730499189598390e+00,1.982362267023747336e+04,1.982362267023747336e+04,2.069906903838204673e-09
9.347418587003627266e+00,1.983309980151263153e+04,1.983309980151263153e+04,2.065827182494910255e-09
9.379106674817656142e+00,1.984252624811845089e+04,1.984252624811845089e+04,2.061773254542392651e-09
9.410794762631685018e+00,1.985200562399418777e+04,1.985200562399418777e+04,2.057744873870337917e-09
9.442482850445713893e+00,1.986143974873143088e+04,1.986143974873143088e+04,2.053741797503248521e-09
9.474170938259742769e+00,1.987082234424649141e+04,1.987082234424649141e+04,2.049763785555297480e-09
9.505859026073771645e+00,1.988023569217483600e+04,1.988023569217483600e+04,2.045810601147670682e-09
9.537547113887800521e+00,1.988962636045872205e+04,1.988962636045872205e+04,2.041882010419266465e-09
9.569235201701829396e+00,1.989896661164138641e+04,1.989896661164138641e+04,2.037977809954767688e-09
9.600923289515858272e+00,1.990831009529551011e+04,1.990831009529551011e+04,2.034097792149588173e-09
9.632611377329887148e+00,1.991765970133804149e+04,1.991765970133804149e+04,2.030241686464213259e-09
9.664299465143916024e+00,1.992695826701772967e+04,1.992695826701772967e+04,2.026409270441392767e-09
9.695987552957944899e+00,1.993624090758478997e+04,1.993624090758478997e+04,2.022600324371035566e-09
9.727675640771973775e+00,1.994554568919368467e+04,1.994554568919368467e+04,2.018814631273661820e-09
9.759363728586002651e+00,1.995480346279978767e+04,1.995480346279978767e+04,2.015051976844806113e-09
9.791051816400031527e+00,1.996402125770358180e+04,1.996402125770358180e+04,2.011312149392218311e-09
9.822739904214062179e+00,1.997328176856509162e+04,1.997328176856509162e+04,2.007594939820401899e-09
9.854427992028091055e+00,1.998250400268892918e+04,1.998250400268892918e+04,2.003900141605366780e-09
9.886116079842119930e+00,1.999167941953137779e+04,1.999167941953137779e+04,2.000227550729291514e-09
9.917804167656148806e+00,2.000087467893565554e+04,2.000087467893565554e+04,1.996576965623787829e-09
9.949492255470177682e+00,2.001005617752823309e+04,2.001005617752823309e+04,1.992948218666440262e-09
9.981180343284206558e+00,2.001919699844891875e+04,2.001919699844891875e+04,1.989341158528076639e-09
1.001286843109823543e+01,2.002832151768448966e+04,2.002832151768448966e+04,1.985755516064046214e-09
1.004455651891226431e+01,2.003746581629764478e+04,2.003746581629764478e+04,1.982191099220891088e-09
1.007624460672629318e+01,2.004656003053481982e+04,2.004656003053481982e+04,1.978647718234915443e-09
1.010793269454032206e+01,2.005565168103802353e+04,2.005565168103802353e+04,1.975125185596167201e-09
1.013962078235435094e+01,2.006475073233535295e+04,2.006475073233535295e+04,1.971623316034729165e-09
1.017130887016837981e+01,2.007380097602755995e+04,2.007380097602755995e+04,1.968141926468547076e-09
1.020299695798240869e+01,2.008282026037028845e+04,2.008282026037028845e+04,1.964680835960003051e-09
1.023468504579643756e+01,2.009188514466194829e+04,2.009188514466194829e+04,1.961239912621595876e-09
1.026637313361046644e+01,2.010090826428842774e+04,2.010090826428842774e+04,1.957819015369141367e-09
1.029806122142449532e+01,2.010988301720103482e+04,2.010988301720103482e+04,1.954417888757360344e-09
1.032974930923852419e+01,2.011888532688068153e+04,2.011888532688068153e+04,1.951036360169607009e-09
1.036143739705255307e+01,2.012787205822949909e+04,2.012787205822949909e+04,1.947674258987093051e-09
1.039312548486658194e+01,2.013682210716365080e+04,2.013682210716365080e+04,1.944331416559273755e-09
1.042481357268061082e+01,2.014575035225031388e+04,2.014575035225031388e+04,1.941007666207819704e-09
1.045650166049463969e+01,2.015470693267561728e+04,2.015470693267561728e+04,1.937702843165795023e-09
1.048818974830866857e+01,2.016361881393552903e+04,2.016361881393552903e+04,1.934416912078079647e-09
1.051987783612269745e+01,2.017249272804347856e+04,2.017249272804347856e+04,1.931149602576348081e-09
1.055156592393672632e+01,2.018140226968070783e+04,2.018140226968070783e+04,1.927900738738590842e-09
1.058325401175075697e+01,2.019028914299602184e+04,2.019028914299602184e+04,1.924670163193006110e-09
1.061494209956478585e+01,2.019913165253454281e+04,2.019913165253454281e+04,1.921457720337501144e-09
1.064663018737881472e+01,2.020796803106015432e+04,2.020796803106015432e+04,1.918263256348182467e-09
1.067831827519284360e+01,2.021682662949210135e+04,2.021682662949210135e+04,1.915086663215387796e-09
1.071000636300687248e+01,2.022564000485372890e+04,2.022564000485372890e+04,1.911927859596462020e-09
1.074169445082090135e+01,2.023441454202528621e+04,2.023441454202528621e+04,1.908786584897782365e-09
1.077338253863493023e+01,2.024322701876529027e+04,2.024322701876529027e+04,1.905662692052094896e-09
1.080507062644895910e+01,2.025200849719261169e+04,2.025200849719261169e+04,1.902556035674644280e-09
1.083675871426298798e+01,2.026074519872744349e+04,2.026074519872744349e+04,1.899466471964245881e-09
1.086844680207701686e+01,2.026952307008686330e+04,2.026952307008686330e+04,1.896393906906531606e-09
1.090013488989104573e+01,2.027827105669525918e+04,2.027827105669525918e+04,1.893338271019257271e-09
1.093182297770507461e+01,2.028697940595482578e+04,2.028697940595482578e+04,1.890299306970645812e-09
1.096351106551910348e+01,2.029568221000185076e+04,2.029568221000185076e+04,1.887276877216962698e-09
1.099519915333313236e+01,2.030440584701746411e+04,2.030440584701746411e+04,1.884270845722368235e-09
1.102688724114716123e+01,2.031308230625307988e+04,2.031308230625307988e+04,1.881281077933898245e-09
1.105857532896119011e+01,2.032172622791196409e+04,2.032172622791196409e+04,1.878307572387437667e-09
1.109026341677521899e+01,2.033040661214463762e+04,2.033040661214463762e+04,1.875350110778477889e-09
1.112195150458924786e+01,2.033906510156041622e+04,2.033906510156041622e+04,1.872408518833917879e-09
1.115363959240327674e+01,2.034768458997935522e+04,2.034768458997935522e+04,1.869482667763542827e-09
1.118532768021730561e+01,2.035629073726488787e+04,2.035629073726488787e+04,1.866572430155983895e-09
1.121701576803133449e+01,2.036492608660890255e+04,2.036492608660890255e+04,1.863677783132013464e-09
1.124870385584536336e+01,2.037351898243849428e+04,2.037351898243849428e+04,1.860798579499954335e-09
1.128039194365939224e+01,2.038207573429826152e+04,2.038207573429826152e+04,1.857934615995898778e-09
1.131208003147342289e+01,2.039066050449625254e+04,2.039066050449625254e+04,1.855085770556027321e-09
1.134376811928745177e+01,2.039923312225925110e+04,2.039923312225925110e+04,1.852251922457940266e-09
1.137545620710148064e+01,2.040776635233837078e+04,2.040776635233837078e+04,1.849433078331693504e-09
1.140714429491550952e+01,2.041627812371103573e+04,2.041627812371103573e+04,1.846629058201010600e-09
1.143883238272953839e+01,2.042482346951246654e+04,2.042482346951246654e+04,1.843839681428242239e-09
1.147052047054356727e+01,2.043333484875199429e+04,2.043333484875199429e+04,1.841064832277927461e-09
1.150220855835759615e+01,2.044181228629533871e+04,2.044181228629533871e+04,1.838304396930108692e-09
1.153389664617162502e+01,2.045029926182299096e+04,2.045029926182299096e+04,1.835558456560539155e-09
1.156558473398565390e+01,2.045878044449702793e+04,2.045878044449702793e+04,1.832826704411942074e-09
1.159727282179968277e+01,2.046722681032471155e+04,2.046722681032471155e+04,1.830109029534547146e-09
1.162896090961371165e+01,2.047567676162560747e+04,2.047567676162560747e+04,1.827405322117381815e-09
1.166064899742774053e+01,2.048413305993746690e+04,2.048413305993746690e+04,1.824715582981353562e-09
1.169233708524176940e+01,2.049255485405142826e+04,2.049255485405142826e+04,1.822039686866762377e-09
1.172402517305579828e+01,2.050094216965937812e+04,2.050094216965937812e+04,1.819377436003605651e-09
1.175571326086982715e+01,2.050935961026100631e+04,2.050935961026100631e+04,1.816728725058770354e-09
1.178740134868385603e+01,2.051776140159230636e+04,2.051776140159230636e+04,1.814093503343586218e-09
1.181908943649788490e+01,2.052612840487371432e+04,2.052612840487371432e+04,1.811471766266334786e-09
1.185077752431191378e+01,2.053447939265248715e+04,2.053447939265248715e+04,1.808863259860569549e-09
1.188246561212594266e+01,2.054285570741738047e+04,2.054285570741738047e+04,1.806267883026625401e-09
1.191415369993997153e+01,2.055119945562999055e+04,2.055119945562999055e+04,1.803685562657701606e-09
1.194584178775400041e+01,2.055951071897563088e+04,2.055951071897563088e+04,1.801116355637204809e-09
1.197752987556802928e+01,2.056784112046464361e+04,2.056784112046464361e+04,1.798559981261111244e-09
1.200921796338205816e+01,2.057616763680349686e+04,2.057616763680349686e+04,1.796016342464175387e-09
1.204090605119608703e+01,2.058445755226067558e+04,2.058445755226067558e+04,1.793485371113758607e-09
1.207259413901011769e+01,2.059271988287976637e+04,2.059271988287976637e+04,1.790967129809084548e-09
1.210428222682414656e+01,2.060102024209291631e+04,2.060102024209291631e+04,1.788461338871928116e-09
1.213597031463817544e+01,2.060929416244110325e+04,2.060929416244110325e+04,1.785967905057160104e-09
1.216765840245220431e+01,2.061753239325448158e+04,2.061753239325448158e+04,1.783486791015889235e-09
1.219934649026623319e+01,2.062575885996104262e+04,2.062575885996104262e+04,1.781018012549240723e-09
1.223103457808026207e+01,2.063401651546786889e+04,2.063401651546786889e+04,1.778561317139469643e-09
1.226272266589429094e+01,2.064224138805711846e+04,2.064224138805711846e+04,1.776116615190426263e-09
1.229441075370831982e+01,2.065043173833072797e+04,2.065043173833072797e+04,1.773683924399818665e-09
1.232609884152234869e+01,2.065863635035384141e+04,2.065863635035384141e+04,1.771263164364158131e-09
1.235778692933637757e+01,2.066684215244673760e+04,2.066684215244673760e+04,1.768854134332499224e-09
1.238947501715040644e+01,2.067501860170874352e+04,2.067501860170874352e+04,1.766456748161469613e-09
1.242116310496443532e+01,2.068315929151094679e+04,2.068315929151094679e+04,1.764071101461276620e-09
1.245285119277846420e+01,2.069132782221579691e+04,2.069132782221579691e+04,1.761696971112821352e-09
1.248453928059249307e+01,2.069948697597923820e+04,2.069948697597923820e+04,1.759334231268099712e-09
1.251622736840652195e+01,2.070760891915610773e+04,2.070760891915610773e+04,1.756982850388351728e-09
1.254791545622055082e+01,2.071573712098796750e+04,2.071573712098796750e+04,1.754642869593010406e-09
1.257960354403457970e+01,2.072387134205170150e+04,2.072387134205170150e+04,1.752314033184967011e-09
1.261129163184860857e+01,2.073197577930807893e+04,2.073197577930807893e+04,1.749996260705062121e-09
1.264297971966263745e+01,2.074005084932675163e+04,2.074005084932675163e+04,1.747689637877744309e-09
1.267466780747666633e+01,2.074814685728304539e+04,2.074814685728304539e+04,1.745393983072042145e-09
1.270635589529069520e+01,2.075623228993651719e+04,2.075623228993651719e+04,1.743109155352013793e-09
1.273804398310472408e+01,2.076428951003946349e+04,2.076428951003946349e+04,1.740835145861968253e-09
1.276973207091875295e+01,2.077232131612295416e+04,2.077232131612295416e+04,1.738571971142683854e-09
1.280142015873278183e+01,2.078039050345232681e+04,2.078039050345232681e+04,1.736319393326140216e-09
1.283310824654681248e+01,2.078843235370531693e+04,2.078843235370531693e+04,1.734077337197835525e-09
1.286479633436084136e+01,2.079644933225649220e+04,2.079644933225649220e+04,1.731845946525924686e-09
1.289648442217487023e+01,2.080444229982878824e+04,2.080444229982878824e+04,1.729624943131955972e-09
1.292817250998889911e+01,2.081247296985024150e+04,2.081247296985024150e+04,1.727414239779400651e-09
1.295986059780292798e+01,2.082047414848380140e+04,2.082047414848380140e+04,1.725213915217621756e-09
1.299154868561695686e+01,2.082844434633338460e+04,2.082844434633338460e+04,1.723023829455162406e-09
1.302323677343098574e+01,2.083641221826780020e+04,2.083641221826780020e+04,1.720843828233906036e-09
1.305492486124501461e+01,2.084439828435528398e+04,2.084439828435528398e+04,1.718673938134986474e-09
1.308661294905904349e+01,2.085235902465178879e+04,2.085235902465178879e+04,1.716514131277340050e-09
1.311830103687307236e+01,2.086028715892420587e+04,2.086028715892420587e+04,1.714364199381592906e-09
1.314998912468710124e+01,2.086822173986251073e+04,2.086822173986251073e+04,1.712224129199757042e-09
1.318167721250113011e+01,2.087617062327697931e+04,2.087617062327697931e+04,1.710093979962641404e-09
1.321336530031515899e+01,2.088408847528013575e+04,2.088408847528013575e+04,1.707973501830882939e-09
1.324505338812918787e+01,2.089197636399133262e+04,2.089197636399133262e+04,1.705862653591826626e-09
1.327674147594321674e+01,2.089987918818568505e+04,2.089987918818568505e+04,1.703761557533123908e-09
1.330842956375724562e+01,2.090778351585319615e+04,2.090778351585319615e+04,1.701669934269255823e-09
1.334011765157127449e+01,2.091565542402452411e+04,2.091565542402452411e+04,1.699587725960235322e-09
1.337180573938530337e+01,2.092351342713668055e+04,2.092351342713668055e+04,1.697515094927731209e-09
1.340349382719933224e+01,2.093140383335985462e+04,2.093140383335985462e+04,1.695451743725414135e-09
1.343518191501336112e+01,2.093926061546583878e+04,2.093926061546583878e+04,1.693397609293969364e-09
1.346687000282739000e+01,2.094709141042042029e+04,2.094709141042042029e+04,1.691352870390025297e-09
1.349855809064141887e+01,2.095492070621469975e+04,2.095492070621469975e+04,1.689317224008629473e-09
1.353024617845544775e+01,2.096276510837885507e+04,2.096276510837885507e+04,1.687290610860833318e-09
1.356193426626947662e+01,2.097058598836880992e+04,2.097058598836880992e+04,1.685273207878291595e-09
1.359362235408350728e+01,2.097837617119543575e+04,2.097837617119543575e+04,1.683264714120594978e-09
1.362531044189753615e+01,2.098617786081288432e+04,2.098617786081288432e+04,1.681265085592924149e-09
1.365699852971156503e+01,2.099398591419265358e+04,2.099398591419265358e+04,1.679274475567074199e-09
1.368868661752559390e+01,2.100176749959486551e+04,2.100176749959486551e+04,1.677292596789254929e-09
1.372037470533962278e+01,2.100952369715555324e+04,2.100952369715555324e+04,1.675319429697559922e-09
1.375206279315365165e+01,2.101728736119879250e+04,2.101728736119879250e+04,1.673355084391601240e-09
1.378375088096768053e+01,2.102505919483447724e+04,2.102505919483447724e+04,1.671399297031677904e-09
1.381543896878170941e+01,2.103280752123859929e+04,2.103280752123859929e+04,1.669452081721412507e-09
1.384712705659573828e+01,2.104052463790884940e+04,2.104052463790884940e+04,1.667513486662573348e-09
1.387881514440976716e+01,2.104826260570901286e+04,2.104826260570901286e+04,1.665583280783050819e-09
1.391050323222379603e+01,2.105599887886341821e+04,2.105599887886341821e+04,1.663661520675435539e-09
1.394219132003782491e+01,2.106370999663750263e+04,2.106370999663750263e+04,1.661748174729212720e-09
1.397387940785185378e+01,2.107139776793679630e+04,2.107139776793679630e+04,1.659843053561133790e-09
1.400556749566588266e+01,2.107910245418103659e+04,2.107910245418103659e+04,1.657946264762740050e-09
1.403725558347991154e+01,2.108680290964303640e+04,2.108680290964303640e+04,1.656057679684907850e-09
1.406894367129394041e+01,2.109447760936746272e+04,2.109447760936746272e+04,1.654177159236069685e-09
1.410063175910796929e+01,2.110212592368928017e+04,2.110212592368928017e+04,1.652304870099767239e-09
1.413231984692199816e+01,2.110979680232137616e+04,2.110979680232137616e+04,1.650440570146023430e-09
1.416400793473602704e+01,2.111746405661330573e+04,2.111746405661330573e+04,1.648584214586531049e-09
1.419569602255005591e+01,2.112510389521646721e+04,2.112510389521646721e+04,1.646735929528623794e-09
1.422738411036408479e+01,2.113272662844820297e+04,2.113272662844820297e+04,1.644895451031885453e-09
1.425907219817811367e+01,2.114037676129137981e+04,2.114037676129137981e+04,1.643062837470969668e-09
1.429076028599214254e+01,2.114800846007950895e+04,2.114800846007950895e+04,1.641238071435283986e-09
1.432244837380617142e+01,2.115560523211935651e+04,2.115560523211935651e+04,1.639420962463347014e-09
1.435413646162020207e+01,2.116319947274108199e+04,2.116319947274108199e+04,1.637611650053836432e-09
1.438582454943423095e+01,2.117081724064244554e+04,2.117081724064244554e+04,1.635809958673372477e-09
1.441751263724825982e+01,2.117841141406369206e+04,2.117841141406369206e+04,1.634015803405585521e-09
1.444920072506228870e+01,2.118598036854076418e+04,2.118598036854076418e+04,1.632229337424189779e-09
1.448088881287631757e+01,2.119353976728564157e+04,2.119353976728564157e+04,1.630450287449242521e-09
1.451257690069034645e+01,2.120113162482042753e+04,2.120113162482042753e+04,1.628678724726290910e-09
1.454426498850437532e+01,2.120869532960786455e+04,2.120869532960786455e+04,1.626914617379814238e-09
1.457595307631840420e+01,2.121623298350951518e+04,2.121623298350951518e+04,1.625157786312719665e-09
1.460764116413243308e+01,2.122375377856513660e+04,2.122375377856513660e+04,1.623408403594368169e-09
1.463932925194646195e+01,2.123131925945929834e+04,2.123131925945929834e+04,1.621666239360967249e-09
1.467101733976049083e+01,2.123885143724011141e+04,2.123885143724011141e+04,1.619931287221914292e-09
1.470270542757451970e+01,2.124635777702085761e+04,2.124635777702085761e+04,1.618203609951551213e-09
1.473439351538854858e+01,2.125384762146187495e+04,2.125384762146187495e+04,1.616482983530441414e-09
1.476608160320257745e+01,2.126137669208256921e+04,2.126137669208256921e+04,1.614769547921188682e-09
1.479776969101660633e+01,2.126888186439230412e+04,2.126888186439230412e+04,1.613063143792239233e-09
1.482945777883063521e+01,2.127636082015814827e+04,2.127636082015814827e+04,1.611363708761503921e-09
1.486114586664466408e+01,2.128382067258870302e+04,2.128382067258870302e+04,1.609671354256155376e-09
1.489283395445869296e+01,2.129131734879629585e+04,2.129131734879629585e+04,1.607985834302688711e-09
1.492452204227272183e+01,2.129879733635946832e+04,2.129879733635946832e+04,1.606307278680192480e-09
1.495621013008675071e+01,2.130624840644494543e+04,2.130624840644494543e+04,1.604635554258251534e-09
1.498789821790077958e+01,2.131368019821196140e+04,2.131368019821196140e+04,1.602970586200444331e-09
1.501958630571480846e+01,2.132114073305673810e+04,2.132114073305673810e+04,1.601312491481622600e-09
1.505127439352883734e+01,2.132859021197443872e+04,2.132859021197443872e+04,1.599661023694284186e-09
1.508296248134286621e+01,2.133601051538724278e+04,2.133601051538724278e+04,1.598016322977069113e-09
1.511465056915689686e+01,2.134341191869643080e+04,2.134341191869643080e+04,1.596378240851556012e-09
1.514633865697092574e+01,2.135084001084198098e+04,2.135084001084198098e+04,1.594746730847372930e-09
1.517802674478495462e+01,2.135825848233012221e+04,2.135825848233012221e+04,1.593121875072747798e-09
1.520971483259898349e+01,2.136564770459800638e+04,2.136564770459800638e+04,1.591503446852047545e-09
1.524140292041301237e+01,2.137303246574751029e+04,2.137303246574751029e+04,1.589891615950460339e-09
1.527309100822704124e+01,2.138044175781092054e+04,2.138044175781092054e+04,1.588286179601045460e-09
1.530477909604107012e+01,2.138782608397172226e+04,2.138782608397172226e+04,1.586687157926749335e-09
1.533646718385509899e+01,2.139519341893708770e+04,2.139519341893708770e+04,1.585094560337637547e-09
1.536815527166912787e+01,2.140253266238146171e+04,2.140253266238146171e+04,1.583508200196309077e-09
1.539984335948315675e+01,2.140991755702256705e+04,2.140991755702256705e+04,1.581928290628848725e-09
1.543153144729718562e+01,2.141727761393921173e+04,2.141727761393921173e+04,1.580354542435660183e-09
1.546321953511121450e+01,2.142461748919330785e+04,2.142461748919330785e+04,1.578787076681202597e-09
1.549490762292524337e+01,2.143193283534020156e+04,2.143193283534020156e+04,1.577225794641315591e-09
1.552659571073927225e+01,2.143928417963756510e+04,2.143928417963756510e+04,1.575670629203726487e-09
1.555828379855330112e+01,2.144661403673918176e+04,2.144661403673918176e+04,1.574121668369315511e-09
1.558997188636733000e+01,2.145393382535576893e+04,2.145393382535576893e+04,1.572578687729024554e-09
1.562165997418135888e+01,2.146122340851726403e+04,2.146122340851726403e+04,1.571041881012607917e-09
1.565334806199538775e+01,2.146853868181292637e+04,2.146853868181292637e+04,1.569511008208451948e-09
1.568503614980941663e+01,2.147584900185725928e+04,2.147584900185725928e+04,1.567986154254939826e-09
1.571672423762344550e+01,2.148313713712771278e+04,2.148313713712771278e+04,1.566467249842033547e-09
1.574841232543747438e+01,2.149040197671686838e+04,2.149040197671686838e+04,1.564954214021330066e-09
1.578010041325150326e+01,2.149767801290853822e+04,2.149767801290853822e+04,1.563447140692250799e-09
1.581178850106553213e+01,2.150497309328303891e+04,2.150497309328303891e+04,1.561945805389255268e-09
1.584347658887956101e+01,2.151223869532824392e+04,2.151223869532824392e+04,1.560450412903222890e-09
1.587516467669359166e+01,2.151948214077950979e+04,2.151948214077950979e+04,1.558960706532052541e-09
1.590685276450762053e+01,2.152671892434668916e+04,2.152671892434668916e+04,1.557476802671574482e-09
1.593854085232164941e+01,2.153398895397118031e+04,2.153398895397118031e+04,1.555998593062914697e-09
1.597022894013567829e+01,2.154122795928717460e+04,2.154122795928717460e+04,1.554526050129192366e-09
1.600191702794970539e+01,2.154844848383709905e+04,2.154844848383709905e+04,1.553059207112766818e-09
1.603360511576373426e+01,2.155564994536829545e+04,2.155564994536829545e+04,1.551597899308749409e-09
1.606529320357776314e+01,2.156289625507204619e+04,2.156289625507204619e+04,1.550142294648230456e-09
1.609698129139179201e+01,2.157011155907622015e+04,2.157011155907622015e+04,1.548692135205590213e-09
1.612866937920582089e+01,2.157730600960061201e+04,2.157730600960061201e+04,1.547247605423157259e-09
1.616035746701984976e+01,2.158450384558333099e+04,2.158450384558333099e+04,1.545808495561232198e-09
1.619204555483387864e+01,2.159171438796308939e+04,2.159171438796308939e+04,1.544374892886462651e-09
1.622373364264790752e+01,2.159890488863050268e+04,2.159890488863050268e+04,1.542946709111967595e-09
1.625542173046193994e+01,2.160607436444216364e+04,2.160607436444216364e+04,1.541523914119828992e-09
1.628710981827596882e+01,2.161323235376511730e+04,2.161323235376511730e+04,1.540106534758946274e-09
1.631879790608999770e+01,2.162042419177997363e+04,2.162042419177997363e+04,1.538694429780082530e-09
1.635048599390402657e+01,2.162759481493343264e+04,2.162759481493343264e+04,1.537287734963336165e-09
1.638217408171805545e+01,2.163474422322549071e+04,2.163474422322549071e+04,1.535886211933731581e-09
1.641386216953208432e+01,2.164187241665614783e+04,2.164187241665614783e+04,1.534490075633638511e-09
1.644555025734611320e+01,2.164903679821602054e+04,2.164903679821602054e+04,1.533099060652100557e-09
1.647723834516014207e+01,2.165618244699786010e+04,2.165618244699786010e+04,1.531713326101317266e-09
1.650892643297417095e+01,2.166330892211400715e+04,2.166330892211400715e+04,1.530332703644152109e-09
1.654061452078819983e+01,2.167042372248601532e+04,2.167042372248601532e+04,1.528957259025960560e-09
1.657230260860222870e+01,2.167754798537160968e+04,2.167754798537160968e+04,1.527586915259090239e-09
1.660399069641625758e+01,2.168467523291672478e+04,2.168467523291672478e+04,1.526221650373575483e-09
1.663567878423028645e+01,2.169178088274200854e+04,2.169178088274200854e+04,1.524861473106054906e-09
1.666736687204431533e+01,2.169887573370737664e+04,2.169887573370737664e+04,1.523506279323618981e-09
1.669905495985834420e+01,2.170595798544500576e+04,2.170595798544500576e+04,1.522156157983416489e-09
1.673074304767237308e+01,2.171307257970263527e+04,2.171307257970263527e+04,1.520810928226280594e-09
1.676243113548640196e+01,2.172015951434661838e+04,2.172015951434661838e+04,1.519470753839693984e-09
1.679411922330043083e+01,2.172722550151069663e+04,2.172722550151069663e+04,1.518135387201082021e-09
1.682580731111445971e+01,2.173427505799923165e+04,2.173427505799923165e+04,1.516805047696831732e-09
1.685749539892848858e+01,2.174136577770046642e+04,2.174136577770046642e+04,1.515479467558167318e-09
1.688918348674251746e+01,2.174844038778534014e+04,2.174844038778534014e+04,1.514158829608061591e-09
1.692087157455654634e+01,2.175549225028354340e+04,2.175549225028354340e+04,1.512842930863296086e-09
1.695255966237057521e+01,2.176252800316538924e+04,2.176252800316538924e+04,1.511531892602062667e-09
1.698424775018460409e+01,2.176957042333569188e+04,2.176957042333569188e+04,1.510225571638512630e-09
1.701593583799863296e+01,2.177662024991375802e+04,2.177662024991375802e+04,1.508924032633815406e-09
1.704762392581266184e+01,2.178365114798214563e+04,2.178365114798214563e+04,1.507627187310238178e-09
1.707931201362669071e+01,2.179066447990497181e+04,2.179066447990497181e+04,1.506335048519969845e-09
1.711100010144071959e+01,2.179770026997481909e+04,2.179770026997481909e+04,1.505047578139418990e-09
1.714268818925474847e+01,2.180473160940362141e+04,2.180473160940362141e+04,1.503764741912757567e-09
1.717437627706877734e+01,2.181174059163232960e+04,2.181174059163232960e+04,1.502486547189206763e-09
1.720606436488280622e+01,2.181872840614880624e+04,2.181872840614880624e+04,1.501212917217759201e-09
1.723775245269683509e+01,2.182573432912826320e+04,2.182573432912826320e+04,1.499943900268638376e-09
1.726944054051086397e+01,2.183273919780407232e+04,2.183273919780407232e+04,1.498679381584003690e-09
1.730112862832489284e+01,2.183973139973958678e+04,2.183973139973958678e+04,1.497419445879843990e-09
1.733281671613892172e+01,2.184670318591160321e+04,2.184670318591160321e+04,1.496163944814680965e-09
1.736450480395295060e+01,2.185366941151645369e+04,2.185366941151645369e+04,1.494912995186190253e-09
1.739619289176697947e+01,2.186066468194018671e+04,2.186066468194018671e+04,1.493666419362271716e-09
1.742788097958100835e+01,2.186763720351701340e+04,2.186763720351701340e+04,1.492424361959684638e-09
1.745956906739503722e+01,2.187459521401356687e+04,2.187459521401356687e+04,1.491186620257534138e-09
1.749125715520906610e+01,2.188152537455339916e+04,2.188152537455339916e+04,1.489953362532178614e-09
1.752294524302309497e+01,2.188849003636125781e+04,2.188849003636125781e+04,1.488724365071323348e-09
1.755463333083712385e+01,2.189545662903589982e+04,2.189545662903589982e+04,1.487499815742414023e-09
1.758632141865115273e+01,2.190239608086143562e+04,2.190239608086143562e+04,1.486279473863870942e-09
1.761800950646518160e+01,2.190931936890108045e+04,2.190931936890108045e+04,1.485063542923078534e-09
1.764969759427921048e+01,2.191624215525788168e+04,2.191624215525788168e+04,1.483851769173515279e-09
1.768138568209323935e+01,2.192318849322260212e+04,2.192318849322260212e+04,1.482644367825086351e-09
1.771307376990726823e+01,2.193011167672743977e+04,2.193011167672743977e+04,1.481441075922363599e-09
1.774476185772130066e+01,2.193701170577239100e+04,2.193701170577239100e+04,1.480242116603013431e-09
1.777644994553532953e+01,2.194390015758740628e+04,2.194390015758740628e+04,1.479047223005757416e-09
1.780813803334935841e+01,2.195082719553458446e+04,2.195082719553458446e+04,1.477856617754747619e-09
1.783982612116338728e+01,2.195774389011728272e+04,2.195774389011728272e+04,1.476670037255776621e-09
1.787151420897741616e+01,2.196463721748854732e+04,2.196463721748854732e+04,1.475487702100157323e-09
1.790320229679144504e+01,2.197150717764838919e+04,2.197150717764838919e+04,1.474309350071656639e-09
1.793489038460547391e+01,2.197838744149489503e+04,2.197838744149489503e+04,1.473135202726394601e-09
1.796657847241950279e+01,2.198529071444407964e+04,2.198529071444407964e+04,1.471964998328528434e-09
1.799826656023353166e+01,2.199216691188042023e+04,2.199216691188042023e+04,1.470798954949238124e-09
1.802995464804756054e+01,2.199902717857364041e+04,2.199902717857364041e+04,1.469636818017391177e-09
1.806164273586158941e+01,2.200587027099990155e+04,2.200587027099990155e+04,1.468478796304077107e-09
1.809333082367561829e+01,2.201275098662855089e+04,2.201275098662855089e+04,1.467324647222294301e-09
1.812501891148964717e+01,2.201960793467299300e+04,2.201960793467299300e+04,1.466174566461389792e-09
1.815670699930367604e+01,2.202645299892532785e+04,2.202645299892532785e+04,1.465028326680989141e-09
1.818839508711770492e+01,2.203328658259679287e+04,2.203328658259679287e+04,1.463886107246798027e-09
1.822008317493173379e+01,2.204015213904187476e+04,2.204015213904187476e+04,1.462747699232239938e-09
1.825177126274576267e+01,2.204699373193915744e+04,2.204699373193915744e+04,1.461613262550294946e-09
1.828345935055979155e+01,2.205381136128863727e+04,2.205381136128863727e+04,1.460482609794062169e-09
1.831514743837382042e+01,2.206061700886421750e+04,2.206061700886421750e+04,1.459355878337703077e-09
1.834683552618784930e+01,2.206745518906443976e+04,2.206745518906443976e+04,1.458232905322040287e-09
1.837852361400187817e+01,2.207428387486270367e+04,2.207428387486270367e+04,1.457113802591360112e-09
1.841021170181590705e+01,2.208109583156773442e+04,2.208109583156773442e+04,1.455998434777774718e-09
1.844189978962993592e+01,2.208789094999335066e+04,2.208789094999335066e+04,1.454886885282803133e-09
1.847358787744396480e+01,2.209467808906000573e+04,2.209467808906000573e+04,1.453779049104817723e-09
1.850527596525799368e+01,2.210149636490807825e+04,2.210149636490807825e+04,1.452674978336763918e-09
1.853696405307202255e+01,2.210830244348271663e+04,2.210830244348271663e+04,1.451574601182808100e-09
1.856865214088605143e+01,2.211508412751049764e+04,2.211508412751049764e+04,1.450477935619249888e-09
1.860034022870008030e+01,2.212184141699141037e+04,2.212184141699141037e+04,1.449384945793983392e-09
1.863202831651410918e+01,2.212863307927089045e+04,2.212863307927089045e+04,1.448295612875597591e-09
1.866371640432813805e+01,2.213542570149871244e+04,2.213542570149871244e+04,1.447209939619794860e-09
1.869540449214216693e+01,2.214219371277643586e+04,2.214219371277643586e+04,1.446127867722767299e-09
1.872709257995619581e+01,2.214894941857910453e+04,2.214894941857910453e+04,1.445049441173267063e-09
1.875878066777022468e+01,2.215569610879955144e+04,2.215569610879955144e+04,1.443974559611095839e-09
1.879046875558425356e+01,2.216247227702088276e+04,2.216247227702088276e+04,1.442903310802295206e-09
1.882215684339828243e+01,2.216923603467770226e+04,2.216923603467770226e+04,1.441835549799557682e-09
1.885384493121231131e+01,2.217597497120550906e+04,2.217597497120550906e+04,1.440771410630367310e-09
1.888553301902634018e+01,2.218270081757113803e+04,2.218270081757113803e+04,1.439710701313590524e-09
1.891722110684036906e+01,2.218944862161028504e+04,2.218944862161028504e+04,1.438653604556316885e-09
1.894890919465439794e+01,2.219619830343604553e+04,2.219619830343604553e+04,1.437599898638247969e-09
1.898059728246842681e+01,2.220292294006022348e+04,2.220292294006022348e+04,1.436549758206128078e-09
1.901228537028245569e+01,2.220963505408361380e+04,2.220963505408361380e+04,1.435502996290179305e-09
1.904397345809648456e+01,2.221634651734783984e+04,2.221634651734783984e+04,1.434459738918323114e-09
1.907566154591051344e+01,2.222307589583391382e+04,2.222307589583391382e+04,1.433419855851199739e-09
1.910734963372454231e+01,2.222979264884440636e+04,2.222979264884440636e+04,1.432383415702493251e-09
1.913903772153857119e+01,2.223649677637931381e+04,2.223649677637931381e+04,1.431350347161901062e-09
1.917072580935260007e+01,2.224318895754907135e+04,2.224318895754907135e+04,1.430320659230749040e-09
1.920241389716662894e+01,2.224991122757410267e+04,2.224991122757410267e+04,1.429294341685156778e-09
1.923410198498065782e+01,2.225661449898841965e+04,2.225661449898841965e+04,1.428271341797225289e-09
1.926579007279469025e+01,2.226330484133609934e+04,2.226330484133609934e+04,1.427251712510962559e-09
1.929747816060871912e+01,2.226996345350104457e+04,2.226996345350104457e+04,1.426235337301425566e-09
1.932916624842274800e+01,2.227666194516371979e+04,2.227666194516371979e+04,1.425222334312080750e-09
1.936085433623677687e+01,2.228335372050173464e+04,2.228335372050173464e+04,1.424212521641034770e-09
1.939254242405080575e+01,2.229003265174121407e+04,2.229003265174121407e+04,1.423206083340160898e-09
1.942423051186483463e+01,2.229668589478361537e+04,2.229668589478361537e+04,1.422202806242451021e-09
1.945591859967886350e+01,2.230333252444309619e+04,2.230333252444309619e+04,1.421202837370909665e-09
1.948760668749289238e+01,2.231001917850360405e+04,2.231001917850360405e+04,1.420206035771593266e-09
1.951929477530692125e+01,2.231668690393626457e+04,2.231668690393626457e+04,1.419212475706919373e-09
1.955098286312095013e+01,2.232334065209702385e+04,2.232334065209702385e+04,1.418222090265202887e-09
1.958267095093497900e+01,2.232997547162993214e+04,2.232997547162993214e+04,1.417234879140885770e-09
1.961435903874900788e+01,2.233661383199152260e+04,2.233661383199152260e+04,1.416250851250706193e-09
1.964604712656303676e+01,2.234327060832229108e+04,2.234327060832229108e+04,1.415269929936147977e-09
1.967773521437706563e+01,2.234991871187642755e+04,2.234991871187642755e+04,1.414292201696385063e-09
1.970942330219109451e+01,2.235654196299104660e+04,2.235654196299104660e+04,1.413317511805072611e-09
1.974111139000512338e+01,2.236314517400169279e+04,2.236314517400169279e+04,1.412346026027185608e-09
1.977279947781915226e+01,2.236979788503349846e+04,2.236979788503349846e+04,1.411377545535814786e-09
1.980448756563318113e+01,2.237642103083473194e+04,2.237642103083473194e+04,1.410412210070575064e-09
1.983617565344721001e+01,2.238304152531128784e+04,2.238304152531128784e+04,1.409449888264938263e-09
1.986786374126123889e+01,2.238963760644953436e+04,2.238963760644953436e+04,1.408490641060771786e-09
1.989955182907526776e+01,2.239624672855605240e+04,2.239624672855605240e+04,1.407534422443489711e-09
1.993123991688929664e+01,2.240286884354788344e+04,2.240286884354788344e+04,1.406581207591140175e-09
1.996292800470332551e+01,2.240947102632717724e+04,2.240947102632717724e+04,1.405631037348195353e-09
1.999461609251735439e+01,2.241606942159744722e+04,2.241606942159744722e+04,1.404683799616754736e-09
2.002630418033138326e+01,2.242264121043517662e+04,2.242264121043517662e+04,1.403739623580944609e-09
2.005799226814541214e+01,2.242923928990078639e+04,2.242923928990078639e+04,1.402798333213968043e-09
2.008968035595944102e+01,2.243584203767453073e+04,2.243584203767453073e+04,1.401860073077684347e-09
2.012136844377346989e+01,2.244243136522922578e+04,2.244243136522922578e+04,1.400924697559845737e-09
2.015305653158749877e+01,2.244899385234581496e+04,2.244899385234581496e+04,1.399992279067977000e-09
2.018474461940152764e+01,2.245555905929241271e+04,2.245555905929241271e+04,1.399062765832973501e-09
2.021643270721555652e+01,2.246214685208801166e+04,2.246214685208801166e+04,1.398136136072837891e-09
2.024812079502958539e+01,2.246871442867938822e+04,2.246871442867938822e+04,1.397212433171398729e-09
2.027980888284361427e+01,2.247527849214456728e+04,2.247527849214456728e+04,1.396291539867104313e-09
2.031149697065764315e+01,2.248181548730679424e+04,2.248181548730679424e+04,1.395373595970664084e-09
2.034318505847167202e+01,2.248839020169704963e+04,2.248839020169704963e+04,1.394458424382514507e-09
2.037487314628570090e+01,2.249495209489245462e+04,2.249495209489245462e+04,1.393546151856424516e-09
2.040656123409972977e+01,2.250150034589826828e+04,2.250150034589826828e+04,1.392636664047795580e-09
2.043824932191375865e+01,2.250803495471448332e+04,2.250803495471448332e+04,1.391729999685866903e-09
2.046993740972778753e+01,2.251457408191678041e+04,2.251457408191678041e+04,1.390826145808058405e-09
2.050162549754181640e+01,2.252112730941174232e+04,2.252112730941174232e+04,1.389925039496370472e-09
2.053331358535584528e+01,2.252767269975943054e+04,2.252767269975943054e+04,1.389026770296666046e-09
2.056500167316987415e+01,2.253419449057604652e+04,2.253419449057604652e+04,1.388131189424227875e-09
2.059668976098390303e+01,2.254070150701830426e+04,2.254070150701830426e+04,1.387238439312782419e-09
2.062723644446942117e+01,2.254699937341831173e+04,2.254699937341831173e+04,1.386380389115027591e-09
2.065616264641485955e+01,2.255296960025805311e+04,2.255296960025805311e+04,1.385570185048881102e-09
2.068530266220501090e+01,2.255896759559472048e+04,2.255896759559472048e+04,1.384756334131799080e-09
2.071699075001903978e+01,2.256546542387611407e+04,2.256546542387611407e+04,1.383873860481215350e-09
2.074867883783306866e+01,2.257196325215750767e+04,2.257196325215750767e+04,1.382994107451615253e-09
2.078036692564710108e+01,2.257847658069346653e+04,2.257847658069346653e+04,1.382117032690733110e-09
2.081205501346112996e+01,2.258499776688378552e+04,2.258499776688378552e+04,1.381242600233518754e-09
2.084257130873618280e+01,2.259126343192252898e+04,2.259126343192252898e+04,1.380403067368697667e-09
2.087126914134305977e+01,2.259713165828066485e+04,2.259713165828066485e+04,1.379615760076303659e-09
2.090002077874241238e+01,2.260301344240523758e+04,2.260301344240523758e+04,1.378829141024746269e-09
2.093170886655644125e+01,2.260951599910568984e+04,2.260951599910568984e+04,1.377964744659880092e-09
2.096339695437047013e+01,2.261601210550897304e+04,2.261601210550897304e+04,1.377102894066669061e-09
2.099508504218449900e+01,2.262248852876790988e+04,2.262248852876790988e+04,1.376243713066808909e-09
2.102677312999852788e+01,2.262895938561108051e+04,2.262895938561108051e+04,1.375387084194962687e-09
2.105702612013817543e+01,2.263512485693428243e+04,2.263512485693428243e+04,1.374571658714297346e-09
2.108524297743317177e+01,2.264091193620506601e+04,2.264091193620506601e+04,1.373813260469720177e-09
2.111374116327885631e+01,2.264674177714534017e+04,2.264674177714534017e+04,1.373049334081145405e-09
2.114542925109288518e+01,2.265321304312794382e+04,2.265321304312794382e+04,1.372202303061822051e-09
2.117711733890691406e+01,2.265965580133088588e+04,2.265965580133088588e+04,1.371357865753803085e-09
2.120880542672094293e+01,2.266610745316718385e+04,2.266610745316718385e+04,1.370515891472053753e-09
2.124049351453497181e+01,2.267258508394616365e+04,2.267258508394616365e+04,1.369676507648713811e-09
2.127078149242546345e+01,2.267875467338045200e+04,2.267875467338045200e+04,1.368876517484591878e-09
2.129884286351097344e+01,2.268446029431757415e+04,2.268446029431757415e+04,1.368137347085434050e-09
2.132692551653403257e+01,2.269016591525469630e+04,2.269016591525469630e+04,1.367399633894800034e-09
2.135861360434806144e+01,2.269662804919474729e+04,2.269662804919474729e+04,1.366569520763780009e-09
2.139030169216209032e+01,2.270307877266590003e+04,2.270307877266590003e+04,1.365741838753990555e-09
2.142198977997611919e+01,2.270951872054322666e+04,2.270951872054322666e+04,1.364916678696213194e-09
2.145367786779014807e+01,2.271594658338527370e+04,2.271594658338527370e+04,1.364093902601405885e-09
2.148361995513966249e+01,2.272200372852119472e+04,2.272200372852119472e+04,1.363318748310420544e-09
2.151112144547324334e+01,2.272759946741331078e+04,2.272759946741331078e+04,1.362608682922296781e-09
2.153901366644686277e+01,2.273327035836757568e+04,2.273327035836757568e+04,1.361890369871414291e-09
2.157070175426089165e+01,2.273969290900391934e+04,2.273969290900391934e+04,1.361076560134715253e-09
2.160238984207492052e+01,2.274610294150634218e+04,2.274610294150634218e+04,1.360265191774195682e-09
2.163407792988894940e+01,2.275250461737739170e+04,2.275250461737739170e+04,1.359456151375763683e-09
2.166576601770297827e+01,2.275893023768682542e+04,2.275893023768682542e+04,1.358649563990066945e-09
2.169584220084067638e+01,2.276503375331182542e+04,2.276503375331182542e+04,1.357886160696404400e-09
2.172329561502165163e+01,2.277057704286496664e+04,2.277057704286496664e+04,1.357191164969105283e-09
2.175072743851715273e+01,2.277612033241810786e+04,2.277612033241810786e+04,1.356498517420711929e-09
2.178241552633118161e+01,2.278250396107903725e+04,2.278250396107903725e+04,1.355700593411668101e-09
2.181410361414521049e+01,2.278892191210652527e+04,2.278892191210652527e+04,1.354904943202705222e-09
2.184579170195923936e+01,2.279533179328190090e+04,2.279533179328190090e+04,1.354111695042890755e-09
2.187747978977326824e+01,2.280172680234318250e+04,2.280172680234318250e+04,1.353320711477258439e-09
2.190709184615213800e+01,2.280768754277877451e+04,2.280768754277877451e+04,1.352583632308533224e-09
2.193387539597848956e+01,2.281307387299878974e+04,2.281307387299878974e+04,1.351918717097118731e-09
2.196120643170441511e+01,2.281858920025581392e+04,2.281858920025581392e+04,1.351241882433178943e-09
2.199289451951844399e+01,2.282498078741473728e+04,2.282498078741473728e+04,1.350459232298162297e-09
2.202458260733247286e+01,2.283136373802451635e+04,2.283136373802451635e+04,1.349678909319517326e-09
2.205627069514650174e+01,2.283773395428113145e+04,2.283773395428113145e+04,1.348900819316176713e-09
2.208795878296053061e+01,2.284408053026287962e+04,2.284408053026287962e+04,1.348124970914987805e-09
2.211483732755548104e+01,2.284951029316968561e+04,2.284951029316968561e+04,1.347468668423065538e-09
2.214116757828887216e+01,2.285480585704858822e+04,2.285480585704858822e+04,1.346827300897069060e-09
2.217265690148639834e+01,2.286113861445836301e+04,2.286113861445836301e+04,1.346062252633036137e-09
2.220434498930042722e+01,2.286749644323440225e+04,2.286749644323440225e+04,1.345294631626877696e-09
2.223603307711445609e+01,2.287383913432288318e+04,2.287383913432288318e+04,1.344529203854793654e-09
2.226772116492848497e+01,2.288020629306203409e+04,2.288020629306203409e+04,1.343765952986021462e-09
2.229452640966695043e+01,2.288558045774902712e+04,2.288558045774902712e+04,1.343122063197609435e-09
2.232074789474934562e+01,2.289084473997558962e+04,2.289084473997558962e+04,1.342493696408235911e-09
2.235208511149762245e+01,2.289711610228027712e+04,2.289711610228027712e+04,1.341744665508662268e-09
2.238377319931165133e+01,2.290344854907128683e+04,2.290344854907128683e+04,1.340989426480726462e-09
2.241546128712568020e+01,2.290981663240987109e+04,2.290981663240987109e+04,1.340236353366632321e-09
2.244714937493970908e+01,2.291615395206082758e+04,2.291615395206082758e+04,1.339485383461466095e-09
2.247349784233205838e+01,2.292142992448868972e+04,2.292142992448868972e+04,1.338862640894062550e-09
2.249927160934715786e+01,2.292656746032223236e+04,2.292656746032223236e+04,1.338254899483462844e-09
2.253075494355441322e+01,2.293285008578806810e+04,2.293285008578806810e+04,1.337514421059986366e-09
2.256244303136844209e+01,2.293919563202758218e+04,2.293919563202758218e+04,1.336771222528564763e-09
2.259413111918247097e+01,2.294554117826709626e+04,2.294554117826709626e+04,1.336030180856155470e-09
2.262581920699649984e+01,2.295185569494064839e+04,2.295185569494064839e+04,1.335291188622494445e-09
2.265209656514906911e+01,2.295708417680547791e+04,2.295708417680547791e+04,1.334679983463016967e-09
2.267776477494088638e+01,2.296218854040645965e+04,2.296218854040645965e+04,1.334084356193625006e-09
2.270909716307861714e+01,2.296846087926683322e+04,2.296846087926683322e+04,1.333359138017999906e-09
2.274078525089264602e+01,2.297478349545273159e+04,2.297478349545273159e+04,1.332627696854124875e-09
2.277247333870667489e+01,2.298109046159856371e+04,2.298109046159856371e+04,1.331898386145250856e-09
2.280416142652070377e+01,2.298739450812366340e+04,2.298739450812366340e+04,1.331171093616650733e-09
2.282998900764538064e+01,2.299251499084535681e+04,2.299251499084535681e+04,1.330579815425197173e-09
2.285522145007104911e+01,2.299754622219601515e+04,2.299754622219601515e+04,1.330003469588443222e-09
2.288669585290818276e+01,nan,nan,1.329286412839574972e-09
2.291838394072221163e+01,nan,nan,1.328566462062701046e-09
2.295007202853624051e+01,nan,nan,1.327848530268695547e-09
2.298176011635026939e+01,nan,nan,1.327132637659625758e-09
2.300750389487352976e+01,nan,nan,1.326552492493309580e-09
2.303262088124584750e+01,nan,nan,1.325987739471809147e-09
2.306395610376604211e+01,nan,nan,1.325284923956528735e-09
2.309564419158007098e+01,nan,nan,1.324576194171488141e-09
2.312733227939409986e+01,nan,nan,1.323869389944445176e-09
2.315902036720812873e+01,nan,nan,1.323164605717703619e-09
2.318433466306454349e+01,nan,nan,1.322602977168720824e-09
2.324050002345749277e+01,nan,nan,1.321361293366391242e-09
2.327218811127152165e+01,nan,nan,1.320663462782330324e-09
2.330387619908555052e+01,nan,nan,1.319967556225706625e-09
2.333556428689957940e+01,nan,nan,1.319273537563687143e-09
2.336077190784149948e+01,nan,nan,1.318722859728584560e-09
2.341668443955525802e+01,nan,nan,1.317505714207080559e-09
2.344837252736928690e+01,nan,nan,1.316818486760011195e-09
2.348006061518331578e+01,nan,nan,1.316133213312427716e-09
2.351174870299734465e+01,nan,nan,1.315449789891163439e-09
2.356074771208488272e+01,nan,nan,1.314396704047765638e-09
2.359219103672696249e+01,nan,nan,1.313723293562829504e-09
2.362387912454099137e+01,nan,nan,1.313046492279878521e-09
2.365556721235502025e+01,nan,nan,1.312371496748377363e-09
2.368725530016904912e+01,nan,nan,1.311698417612149314e-09
2.373596512779801770e+01,nan,nan,1.310667311577756436e-09
2.376731321556291832e+01,nan,nan,1.310005987299536574e-09
2.379900130337694719e+01,nan,nan,1.309339329294198694e-09
2.383068939119097607e+01,nan,nan,1.308674483997986713e-09
2.386237747900500494e+01,nan,nan,1.308011400252640963e-09
2.391038020739202352e+01,nan,nan,1.307010414843324243e-09
2.394180125577279128e+01,nan,nan,1.306357447130529107e-09
2.397348934358682015e+01,nan,nan,1.305700662098650471e-09
2.400517743140085258e+01,nan,nan,1.305045668042173403e-09
2.403686551921488146e+01,nan,nan,1.304392455687324800e-09
2.408453003516120816e+01,nan,nan,1.303413201470672470e-09
2.411587914522172937e+01,nan,nan,1.302771272029319831e-09
2.414756723303575825e+01,nan,nan,1.302124206677752097e-09
2.417925532084978713e+01,nan,nan,1.301478839853389205e-09
2.421094340866381600e+01,nan,nan,1.300835197420436585e-09
2.425796886478282843e+01,nan,nan,1.299883229558517141e-09
2.428936318754868751e+01,nan,nan,1.299249814598732347e-09
2.432105127536271638e+01,nan,nan,1.298612134388959639e-09
2.435273936317674526e+01,nan,nan,1.297976191488403032e-09
2.438442745099077413e+01,nan,nan,1.297341941246134097e-09
2.443107026791534508e+01,nan,nan,1.296411429257197636e-09
2.446241138043015440e+01,nan,nan,1.295788197804968685e-09
2.449409946824418327e+01,nan,nan,1.295159799238462208e-09
2.452578755605821215e+01,nan,nan,1.294533032795777547e-09
2.455419334795845643e+01,nan,nan,1.293972583138527087e-09
2.458156471968392154e+01,nan,nan,1.293433835774059251e-09
2.460936517769904697e+01,nan,nan,1.292887909682462801e-09
2.463961411171329274e+01,nan,nan,1.292295326441551572e-09
2.467130219952732162e+01,nan,nan,1.291676119766593737e-09
2.469635508050029316e+01,nan,nan,1.291187764293963127e-09
2.475036695055748126e+01,nan,nan,1.290138376344387856e-09
2.478205503837151014e+01,nan,nan,1.289524882547739793e-09
2.481374312618553901e+01,nan,nan,1.288913006586126781e-09
2.484048570300688752e+01,nan,nan,1.288397895522622687e-09
2.486594494880504413e+01,nan,nan,1.287908557794690318e-09
2.489432376225136778e+01,nan,nan,1.287364316207015000e-09
2.492601185006539666e+01,nan,nan,1.286758090007917961e-09
2.495769993787942553e+01,nan,nan,1.286153511777642023e-09
2.500621021268134925e+01,nan,nan,1.285231004486741199e-09
2.503605349163732541e+01,nan,nan,1.284665309022907444e-09
2.506774157945135428e+01,nan,nan,1.284066152089294555e-09
2.509942966726538316e+01,nan,nan,1.283468603928622234e-09
2.512591276615125935e+01,nan,nan,1.282970380279550655e-09
2.515105687490122222e+01,nan,nan,1.282498347868913038e-09
2.517930219840304673e+01,nan,nan,1.281969245700439706e-09
2.521099028621707561e+01,nan,nan,1.281377135706207652e-09
2.524267837403110448e+01,nan,nan,1.280786565977406931e-09
2.529067232504493390e+01,nan,nan,1.279895002486493914e-09
2.532038223077224259e+01,nan,nan,1.279344826589278176e-09
2.535207031858627147e+01,nan,nan,1.278759528109081676e-09
2.538375840640030034e+01,nan,nan,1.278175731336122746e-09
2.540994114677615912e+01,nan,nan,1.277694487909793282e-09
2.546286685135584094e+01,nan,nan,1.276724823949474211e-09
2.549455493916986981e+01,nan,nan,1.276146300361159920e-09
2.552624302698389869e+01,nan,nan,1.275569230407350318e-09
2.557384880623877876e+01,nan,nan,1.274705076546158678e-09
2.560336805880742261e+01,nan,nan,1.274170889480052661e-09
2.563505614662145149e+01,nan,nan,1.273598926204562427e-09
2.566674423443548037e+01,nan,nan,1.273028393996661228e-09
2.569258428785699166e+01,nan,nan,1.272564231387182530e-09
2.574503475476366532e+01,nan,nan,1.271625052576023189e-09
2.577672284257769419e+01,nan,nan,1.271059596566715761e-09
2.580841093039172307e+01,nan,nan,1.270495549363035706e-09
2.585575819884657633e+01,nan,nan,1.269655461288525067e-09
2.588502752362414228e+01,nan,nan,1.269137718511794338e-09
2.591671561143817115e+01,nan,nan,1.268578600572965620e-09
2.594840369925220003e+01,nan,nan,1.268020869861998645e-09
2.597386032736854133e+01,nan,nan,1.267573842229030213e-09
2.602583669179739445e+01,nan,nan,1.266663950319072788e-09
2.605752477961142333e+01,nan,nan,1.266111106660404136e-09
2.608921286742545220e+01,nan,nan,1.265559628984527983e-09
2.613640311283204198e+01,nan,nan,1.264740956531048792e-09
2.616537401336062629e+01,nan,nan,1.264239862661968920e-09
2.619706210117465517e+01,nan,nan,1.263693147245619025e-09
2.622875018898868404e+01,nan,nan,1.263147777157417153e-09
2.627723501178379095e+01,nan,nan,1.262315981903856600e-09
2.630534259886790949e+01,nan,nan,1.261835222560140813e-09
2.633703068668193836e+01,nan,nan,1.261294550767996147e-09
2.636871877449596724e+01,nan,nan,1.260755213253009624e-09
2.641567928797458720e+01,nan,nan,1.259958419528314166e-09
2.644438827963393024e+01,nan,nan,1.259472745938443768e-09
2.647607636744795911e+01,nan,nan,1.258937977364927955e-09
2.650776445526198799e+01,nan,nan,1.258404546647635004e-09
2.655542361012725294e+01,nan,nan,1.257604754001191473e-09
2.658357419049237791e+01,nan,nan,1.257133744669341183e-09
2.661526227830640678e+01,nan,nan,1.256604797012894950e-09
2.664695036612043566e+01,nan,nan,1.256077190805155856e-09
2.669359653620640316e+01,nan,nan,1.255302892628884055e-09
2.672208730633438378e+01,nan,nan,1.254831352814541296e-09
2.675377539414841266e+01,nan,nan,1.254308106175005428e-09
2.678546348196244153e+01,nan,nan,1.253786213473972189e-09
2.683239270196570203e+01,nan,nan,1.253015635202797364e-09
2.686054108310429456e+01,nan,nan,1.252554796693350528e-09
2.689222917091832343e+01,nan,nan,1.252037196764394202e-09
2.692391725873235231e+01,nan,nan,1.251520898455266587e-09
2.697017168124293107e+01,nan,nan,1.250769541744728879e-09
2.699848528208495679e+01,nan,nan,1.250310962820302628e-09
2.703017336989898567e+01,nan,nan,1.249798909603354974e-09
2.706186145771301454e+01,nan,nan,1.249288098488250657e-09
2.710813647198883203e+01,nan,nan,1.248544425351045191e-09
2.713624631217699346e+01,nan,nan,1.248094003279254360e-09
2.716793439999102233e+01,nan,nan,1.247587410124816045e-09
2.719962248780505121e+01,nan,nan,1.247082029818905705e-09
2.724542624285173531e+01,nan,nan,1.246353739810414604e-09
2.727359549287329799e+01,nan,nan,1.245907098802390743e-09
2.730528358068732686e+01,nan,nan,1.245405871207154454e-09
2.733697166850135574e+01,nan,nan,1.244905840709283669e-09
2.738264652331361759e+01,nan,nan,1.244187249432734191e-09
2.741069282024004039e+01,nan,nan,1.243747244407026274e-09
2.744238090805406927e+01,nan,nan,1.243251246680000605e-09
2.747406899586809814e+01,nan,nan,1.242756481168577275e-09
2.751938452484617059e+01,nan,nan,1.242051002717287666e-09
2.754743272764267559e+01,nan,nan,1.241615574383404201e-09
2.757912081545670446e+01,nan,nan,1.241124744262802259e-09
2.761080890327073334e+01,nan,nan,1.240635128427389849e-09
2.765591943418166565e+01,nan,nan,1.239940145620842358e-09
2.768388767585599197e+01,nan,nan,1.239510479600523526e-09
2.771557576367002085e+01,nan,nan,1.239024762865475688e-09
2.774726385148404972e+01,nan,nan,1.238540191909348504e-09
2.779207163450566753e+01,nan,nan,1.237857034074465989e-09
2.782001407374815116e+01,nan,nan,1.237432170938197231e-09
2.785170216156218004e+01,nan,nan,1.236951485317756729e-09
2.788339024937620891e+01,nan,nan,1.236471929471663082e-09
2.792795892450151740e+01,nan,nan,1.235799399311810988e-09
2.795584254096970866e+01,nan,nan,1.235379788677011902e-09
2.798753062878373754e+01,nan,nan,1.234903992508666058e-09
2.801921871659776642e+01,nan,nan,1.234429372623631338e-09
2.806351104430881449e+01,nan,nan,1.233767837209294098e-09
2.809135743549871123e+01,nan,nan,1.233353074706117859e-09
2.812304552331274010e+01,nan,nan,1.232882136697754587e-09
2.815473361112676898e+01,nan,nan,1.232412319071913571e-09
2.819877353107140294e+01,nan,nan,1.231761242825118374e-09
2.822657101064755025e+01,nan,nan,1.231351407802801464e-09
2.825825909846157913e+01,nan,nan,1.230885267747382980e-09
2.828994718627560800e+01,nan,nan,1.230420211746065654e-09
2.833372195612593458e+01,nan,nan,1.229779606404320930e-09
2.836147862151254984e+01,nan,nan,1.229374489480781841e-09
2.839316670932657871e+01,nan,nan,1.228913018795507217e-09
2.842485479714060759e+01,nan,nan,1.228452671238779622e-09
2.846837243664662509e+01,nan,nan,1.227822215362139308e-09
2.849608491197751547e+01,nan,nan,1.227421813184135903e-09
2.852777299979154435e+01,nan,nan,1.226964971854007969e-09
2.855946108760557323e+01,nan,nan,1.226509199728143876e-09
2.860271747071458748e+01,nan,nan,1.225888803446385800e-09
2.863038879991789543e+01,nan,nan,1.225492967489904994e-09
2.866207688773192430e+01,nan,nan,1.225040705532829506e-09
2.869376497554595318e+01,nan,nan,1.224589484585214923e-09
2.873676221901628125e+01,nan,nan,1.223978930346398773e-09
2.876439187695718047e+01,nan,nan,1.223587616623730867e-09
2.879607996477120935e+01,nan,nan,1.223139791228571527e-09
2.882776805258523822e+01,nan,nan,1.222693057789795351e-09
2.887050464994001331e+01,nan,nan,1.222092182049270130e-09
2.889809395430299332e+01,nan,nan,1.221705306843754758e-09
2.892978204211702220e+01,nan,nan,1.221261922954223498e-09
2.896147012993105108e+01,nan,nan,1.220819552888313684e-09
2.900394627688843485e+01,nan,nan,1.220228235068022918e-09
2.903149554731770365e+01,nan,nan,1.219845690208794565e-09
2.906318363513173253e+01,nan,nan,1.219406637350609107e-09
2.909487172294576141e+01,nan,nan,1.218968628294269905e-09
2.913708672404576205e+01,nan,nan,1.218386666485144783e-09
2.916459675176057686e+01,nan,nan,1.218008406139804264e-09
2.919628483957460574e+01,nan,nan,1.217573634823152637e-09
2.922797292738863462e+01,nan,nan,1.217139852105937682e-09
2.926992661818021446e+01,nan,nan,1.216567141143158174e-09
2.929739794635354500e+01,nan,nan,1.216193059047977669e-09
2.932908603416757387e+01,nan,nan,1.215762510970871358e-09
2.936077412198160275e+01,nan,nan,1.215332959324611510e-09
2.940246625982564055e+01,nan,nan,1.214769294772238503e-09
2.942989955007154990e+01,nan,nan,1.214399348509667929e-09
2.946158763788557877e+01,nan,nan,1.213972935007866944e-09
2.949327572569960765e+01,nan,nan,1.213547497789315395e-09
2.953470632168924226e+01,nan,nan,1.212992769167412211e-09
2.956210219014342755e+01,nan,nan,1.212626856257123793e-09
2.959379027795745642e+01,nan,nan,1.212204548681987384e-09
2.962547836577148530e+01,nan,nan,1.211783205909832122e-09
2.966664752390362381e+01,nan,nan,1.211237231798036617e-09
2.969400661887664938e+01,nan,nan,1.210875311582755771e-09
2.972569470669067826e+01,nan,nan,1.210457011422202950e-09
2.975738279450470714e+01,nan,nan,1.210039661995643358e-09
2.979829073734820355e+01,nan,nan,1.209502328090534257e-09
2.982561369624340841e+01,nan,nan,1.209144302365177946e-09
2.985730178405743729e+01,nan,nan,1.208729981980514132e-09
2.988898987187146616e+01,nan,nan,1.208316609521902030e-09
2.992963684039704830e+01,nan,nan,1.207787732051903652e-09
2.995692429839429849e+01,nan,nan,1.207433561856266473e-09
2.998861238620832737e+01,nan,nan,1.207023140364610422e-09
3.002030047402235624e+01,nan,nan,1.206613633883427969e-09
3.006068667004678829e+01,nan,nan,1.206093122634419043e-09
3.008793923461041686e+01,nan,nan,1.205742714442661019e-09
3.011962732242444574e+01,nan,nan,1.205336138397819258e-09
3.015131541023847461e+01,nan,nan,1.204930507240133902e-09
3.019144091304168498e+01,nan,nan,1.204418157727817096e-09
3.021865914935397512e+01,nan,nan,1.204071474942028509e-09
3.025034723716800400e+01,nan,nan,1.203668706801228137e-09
3.028203532498203288e+01,nan,nan,1.203266831220273037e-09
3.032190002982352439e+01,nan,nan,1.202762579009380292e-09
3.034908444138097039e+01,nan,nan,1.202419533435284853e-09
3.038077252919499927e+01,nan,nan,1.202020478485199054e-09
3.041246061700902814e+01,nan,nan,1.201622358947761121e-09
3.045206420073887799e+01,nan,nan,1.201126024890505215e-09
3.047921520854292510e+01,nan,nan,1.200786564568810235e-09
3.051090329635695397e+01,nan,nan,1.200391233272071243e-09
3.054259138417098285e+01,nan,nan,1.199996772913093416e-09
3.058193328979686498e+01,nan,nan,1.199508269932393777e-09
3.060905121666712958e+01,nan,nan,1.199172349583532791e-09
3.064073930448115846e+01,nan,nan,1.198780627010731378e-09
3.067242739229518733e+01,nan,nan,1.198389772704793794e-09
3.071150685773559630e+01,nan,nan,1.197908996225900509e-09
3.073859191275006708e+01,nan,nan,1.197576543564870929e-09
3.077028000056409596e+01,nan,nan,1.197188397185283031e-09
3.080196808837812483e+01,nan,nan,1.196801144616430638e-09
3.084078419756103173e+01,nan,nan,1.196327921296320215e-09
3.086783646550665594e+01,nan,nan,1.195998908466529060e-09
3.089952455332068482e+01,nan,nan,1.195614313971482034e-09
3.093121264113471369e+01,nan,nan,1.195230559558952705e-09
3.096976439575038498e+01,nan,nan,1.194764848944396577e-09
3.099678383202698839e+01,nan,nan,1.194439203135896726e-09
3.102847191984101727e+01,nan,nan,1.194058068303028629e-09
3.106016000765504614e+01,nan,nan,1.193677779642918323e-09
3.109844640810003114e+01,nan,nan,1.193219459514797581e-09
3.112543283459157806e+01,nan,nan,1.192897134507367460e-09
3.115712092240560693e+01,nan,nan,1.192519428997648463e-09
3.118880901021963581e+01,nan,nan,1.192142586188153358e-09
3.122682915077767518e+01,nan,nan,1.191691506210476909e-09
3.125378224723664999e+01,nan,nan,1.191372474239955801e-09
3.128547033505067887e+01,nan,nan,1.190998175642772854e-09
3.131715842286470775e+01,nan,nan,1.190624687910992147e-09
3.135491154319031892e+01,nan,nan,1.190180796007866269e-09
3.138183085270235395e+01,nan,nan,1.189865004900028530e-09
3.141351894051638283e+01,nan,nan,1.189494024957078875e-09
3.144520702833041170e+01,nan,nan,1.189123846566277853e-09
3.148269256423742846e+01,nan,nan,1.188687042820058477e-09
3.150957748758157351e+01,nan,nan,1.188374447863861359e-09
3.154126557539560238e+01,nan,nan,1.188006741493587786e-09
3.157295366320963126e+01,nan,nan,1.187639875897951505e-09
3.161017127139663785e+01,nan,nan,1.187210005633847203e-09
3.163702105937857567e+01,nan,nan,1.186900570250144134e-09
3.166870914719260455e+01,nan,nan,1.186536131764873016e-09
3.170039723500663342e+01,nan,nan,1.186172495091693280e-09
3.173734677775349056e+01,nan,nan,1.185749459564916686e-09
3.176416052731046946e+01,nan,nan,1.185443169031991526e-09
3.179584861512449834e+01,nan,nan,1.185081934358173856e-09
3.182753670293852721e+01,nan,nan,1.184721474031971285e-09
3.186421822632546963e+01,nan,nan,1.184305205176765870e-09
3.189099486757703517e+01,nan,nan,1.184002007604253238e-09
3.192268295539106404e+01,nan,nan,1.183643915419915783e-09
3.195437104320509292e+01,nan,nan,1.183286588912076615e-09
3.199078472198501899e+01,nan,nan,1.182876980439772374e-09
3.201752300798568029e+01,nan,nan,1.182576846511042229e-09
3.204921109579971272e+01,nan,nan,1.182221854885660654e-09
3.208089918361373805e+01,nan,nan,1.181867654621961059e-09
3.211704526727612574e+01,nan,nan,1.181464567167100853e-09
3.214374375870639255e+01,nan,nan,1.181167470125786736e-09
3.217543184652042498e+01,nan,nan,1.180815552090451558e-09
3.220711993433445031e+01,nan,nan,1.180464423402624943e-09
3.224299869355911596e+01,nan,nan,1.180067752905956574e-09
3.226965574217945232e+01,nan,nan,1.179773668649423297e-09
3.230134382999347764e+01,nan,nan,1.179424801640562950e-09
3.233303191780751007e+01,nan,nan,1.179076683040952012e-09
3.236864358565524924e+01,nan,nan,1.178686336217737558e-09
3.239525732280782222e+01,nan,nan,1.178395260126874785e-09
3.242694541062184754e+01,nan,nan,1.178049379757035144e-09
3.245863349843587997e+01,nan,nan,1.177704231627440426e-09
3.249397825386235894e+01,nan,nan,1.177320135230223292e-09
3.252054657287596484e+01,nan,nan,1.177032031312387558e-09
3.255223466068999727e+01,nan,nan,1.176689090419072111e-09
3.258392274850402259e+01,nan,nan,1.176346873828364230e-09
3.261900069295799653e+01,nan,nan,1.175968931744165964e-09
3.264552124592422189e+01,nan,nan,1.175683784107360268e-09
3.267720933373824721e+01,nan,nan,1.175343744280522265e-09
3.270889742155227964e+01,nan,nan,1.175004422128741054e-09
3.274370860250591164e+01,nan,nan,1.174632539331268573e-09
3.277017879433265080e+01,nan,nan,1.174350334797799552e-09
3.280186688214668322e+01,nan,nan,1.174013158252522822e-09
3.283355496996070855e+01,nan,nan,1.173676712128723302e-09
3.286809941196458595e+01,nan,nan,1.173310777429390368e-09
3.289451640701536661e+01,nan,nan,1.173031505353323183e-09
3.292620449482939904e+01,nan,nan,1.172697154937208861e-09
3.295789258264342436e+01,nan,nan,1.172363544836646145e-09
3.299217035179498225e+01,nan,nan,1.172003470402565473e-09
3.301853108345802212e+01,nan,nan,1.171727122497240110e-09
3.305021917127204745e+01,nan,nan,1.171395563990656950e-09
3.308190725908607988e+01,nan,nan,1.171064748233242250e-09
3.311591851066321368e+01,nan,nan,1.170710446815714178e-09
3.314221970394996220e+01,nan,nan,1.170437016833109354e-09
3.317390779176398752e+01,nan,nan,1.170108224081548752e-09
3.320559587957801995e+01,nan,nan,1.169780154152365108e-09
3.323934093245481591e+01,nan,nan,1.169431538315101540e-09
3.326557912662678262e+01,nan,nan,1.169161021749937724e-09
3.329726721444081505e+01,nan,nan,1.168834956536578598e-09
3.332895530225484038e+01,nan,nan,1.168509597185087219e-09
3.336243467745202196e+01,nan,nan,1.168166578937275546e-09
3.338860625811135918e+01,nan,nan,1.167898972635635486e-09
3.342029434592539161e+01,nan,nan,1.167575597360790980e-09
3.345198243373941693e+01,nan,nan,1.167252913916012414e-09
3.348519688569309238e+01,nan,nan,1.166915404420949006e-09
3.351129811559687255e+01,nan,nan,1.166650706243002069e-09
3.354298620341089787e+01,nan,nan,1.166329983911002950e-09
3.357467429122493030e+01,nan,nan,1.166009942251413915e-09
3.360762482726704548e+01,nan,nan,1.165677851695664615e-09
3.363365187729834815e+01,nan,nan,1.165416060154368569e-09
3.366533996511237348e+01,nan,nan,1.165097954376955908e-09
3.369702805292640591e+01,nan,nan,1.164780520935240618e-09
3.372971591261084967e+01,nan,nan,1.164453758775668929e-09
3.375566488946778065e+01,nan,nan,1.164194872758552497e-09
3.378735297728180598e+01,nan,nan,1.163879347736598425e-09
3.381904106509583841e+01,nan,nan,1.163564489490668507e-09
3.385146770240744019e+01,nan,nan,1.163242964683794372e-09
3.387733467250516384e+01,nan,nan,1.162986983189234062e-09
3.390902276031918916e+01,nan,nan,1.162674003711999170e-09
3.394071084813322159e+01,nan,nan,1.162361688181923175e-09
3.397287788662677599e+01,nan,nan,1.162045309654581296e-09
3.399865889429045751e+01,nan,nan,1.161792231630329544e-09
3.403034698210448994e+01,nan,nan,1.161481763068731699e-09
3.406203506991851526e+01,nan,nan,1.161171958294614012e-09
3.409394426069395934e+01,nan,nan,1.160860635387369195e-09
3.411963534223397687e+01,nan,nan,1.160610459579389379e-09
3.415132343004800930e+01,nan,nan,1.160302467874554925e-09
3.418301151786203462e+01,nan,nan,1.159995142426399070e-09
3.421466469506895436e+01,nan,nan,1.159688785319792801e-09
3.424026188915859592e+01,nan,nan,1.159441510192674338e-09
3.427194997697262835e+01,nan,nan,1.159135961847155090e-09
3.430363806478665367e+01,nan,nan,1.158831084802213457e-09
3.433503710367164530e+01,nan,nan,1.158529604918273654e-09
3.436053645975656679e+01,nan,nan,1.158285228571427430e-09
3.439222454757059921e+01,nan,nan,1.157982103044646088e-09
3.442391263538462454e+01,nan,nan,1.157679631582960322e-09
3.445505942972675939e+01,nan,nan,1.157382941773114639e-09
3.448045701791473050e+01,nan,nan,1.157141461871581633e-09
3.451214510572876293e+01,nan,nan,1.156840730837274339e-09
3.454383319354278825e+01,nan,nan,1.156540630954069223e-09
3.457472963360763174e+01,nan,nan,1.156248645687070771e-09
3.460002155503921273e+01,nan,nan,1.156010059361236325e-09
3.463170964285324516e+01,nan,nan,1.155711693272137507e-09
3.466339773066727048e+01,nan,nan,1.155413935339831952e-09
3.469404570013439582e+01,nan,nan,1.155126568547119648e-09
3.471922810110377355e+01,nan,nan,1.154890872289001776e-09
3.475091618891780598e+01,nan,nan,1.154594842072073882e-09
3.478260427673183131e+01,nan,nan,1.154299414167341606e-09
3.481300565979225325e+01,nan,nan,1.154016564105171743e-09
3.483807474852817165e+01,nan,nan,1.153783753623235210e-09
3.486976283634219698e+01,nan,nan,1.153490030675880638e-09
3.490145092415622941e+01,nan,nan,1.153196904288393553e-09
3.493160760988091340e+01,nan,nan,1.152918499905044342e-09
3.498824776236275369e+01,nan,nan,1.152397113991830141e-09
3.501993585017678612e+01,nan,nan,1.152106261064631857e-09
3.504984973872856813e+01,nan,nan,1.151832236018877932e-09
3.510636925160387989e+01,nan,nan,1.151315948179123453e-09
3.513805733941790521e+01,nan,nan,1.151027341105823479e-09
3.516773034552946342e+01,nan,nan,1.150757616998110076e-09
3.522412571391657821e+01,nan,nan,1.150246415303118979e-09
3.525581380173060353e+01,nan,nan,1.149960002073075116e-09
3.528524784281331961e+01,nan,nan,1.149694501873687518e-09
3.534151567867483124e+01,nan,nan,1.149188356974480589e-09
3.537320376648885656e+01,nan,nan,1.148904117247884885e-09
3.540240075193872116e+01,nan,nan,1.148642750842666595e-09
3.545853778717100369e+01,nan,nan,1.148141626603475378e-09
3.549022587498503611e+01,nan,nan,1.147859552779510353e-09
3.551918767856893311e+01,nan,nan,1.147602248868173256e-09
3.557519075791766028e+01,nan,nan,1.147106085076749348e-09
3.560687884573169271e+01,nan,nan,1.146826151210335917e-09
3.563560727533775463e+01,nan,nan,1.146572851160143950e-09
3.569147334341199240e+01,nan,nan,1.146081617437797109e-09
3.572316143122602483e+01,nan,nan,1.145803775589742633e-09
3.575165821269114019e+01,nan,nan,1.145554409244842250e-09
3.580738430439759412e+01,nan,nan,1.145068085370603701e-09
3.583907239221162655e+01,nan,nan,1.144792313267549831e-09
3.586733913636157212e+01,nan,nan,1.144546791118428955e-09
3.592292235839398984e+01,nan,nan,1.144065338176399155e-09
3.595461044620802227e+01,nan,nan,1.143791630693512630e-09
3.598264864502429106e+01,nan,nan,1.143549909936038733e-09
3.603808616967425849e+01,nan,nan,1.143073255133411605e-09
3.606977425748828381e+01,nan,nan,1.142801577611052171e-09
3.609758528358658936e+01,nan,nan,1.142563594493535944e-09
3.615287434456227089e+01,nan,nan,1.142091735674795030e-09
3.618456243237630332e+01,nan,nan,1.141822043323600205e-09
3.621214754956519499e+01,nan,nan,1.141587719030941743e-09
3.626728544666446652e+01,nan,nan,1.141120616719183270e-09
3.629897353447849184e+01,nan,nan,1.140852916475159063e-09
3.632633392712007492e+01,nan,nan,1.140622209188490591e-09
3.638131804206723530e+01,nan,nan,1.140159792810795720e-09
3.641300612988126062e+01,nan,nan,1.139894041175033723e-09
3.644014292638154018e+01,nan,nan,1.139666892049878520e-09
3.649497073817924786e+01,nan,nan,1.139209154672761661e-09
3.652665882599327318e+01,nan,nan,1.138945327822184781e-09
3.655357314121733481e+01,nan,nan,1.138721666247847083e-09
3.660824225535431253e+01,nan,nan,1.138268545526186825e-09
3.663993034316834496e+01,nan,nan,1.138006640410460261e-09
3.666662329407745347e+01,nan,nan,1.137786423350505652e-09
3.672113145494085273e+01,nan,nan,1.137337891770022202e-09
3.675281954275487806e+01,nan,nan,1.137077846097630397e-09
3.677929228634835113e+01,nan,nan,1.136861006974006324e-09
3.683363740649782869e+01,nan,nan,1.136417029082030416e-09
3.686532549431186112e+01,nan,nan,1.136158859182795829e-09
3.689157922233214748e+01,nan,nan,1.135945353122639029e-09
3.694575938130366666e+01,nan,nan,1.135505860390427289e-09
3.697744746911769909e+01,nan,nan,1.135249507419970391e-09
3.700348341804598107e+01,nan,nan,1.135039278753937337e-09
3.705749687060526298e+01,nan,nan,1.134604252615475718e-09
3.708918495841928831e+01,nan,nan,1.134349727629272192e-09
3.711500439599696222e+01,nan,nan,1.134142715103846706e-09
3.716884956328180323e+01,nan,nan,1.133712085250340101e-09
3.720053765109583566e+01,nan,nan,1.133459336860355841e-09
3.722614184975669360e+01,nan,nan,1.133255493483547944e-09
3.727981729770301200e+01,nan,nan,1.132829238281350950e-09
3.731150538551703733e+01,nan,nan,1.132578269343850330e-09
3.733689559825869253e+01,nan,nan,1.132377538115006317e-09
3.739040001612409014e+01,nan,nan,1.131955588389735244e-09
3.742208810393812257e+01,nan,nan,1.131706347521683431e-09
3.744726553650026801e+01,nan,nan,1.131508681143129141e-09
3.750059771139020626e+01,nan,nan,1.131091012301944405e-09
3.753228579920423158e+01,nan,nan,1.130843512488221029e-09
3.757872227910251439e+01,nan,nan,1.130481698356898288e-09
3.761041036691653972e+01,nan,nan,1.130235404096280697e-09
3.764209845473057214e+01,nan,nan,1.129989588643258335e-09
3.768814982790842549e+01,nan,nan,1.129633241695652339e-09
3.771983791572245792e+01,nan,nan,1.129388621714103538e-09
3.775057407031564338e+01,nan,nan,1.129151832244692791e-09
3.777689226937565081e+01,nan,nan,1.128949432497987697e-09
3.783063647116219386e+01,nan,nan,1.128537144552339895e-09
3.786072239882695811e+01,nan,nan,1.128306945445063022e-09
3.788773269808893218e+01,nan,nan,1.128100647030031857e-09
3.794074446620562213e+01,nan,nan,1.127696763607215522e-09
3.797067346527430942e+01,nan,nan,1.127469342450555023e-09
3.799936277163764231e+01,nan,nan,1.127251736383394625e-09
3.805201252921796140e+01,nan,nan,1.126853394135065642e-09
3.808129044607854752e+01,nan,nan,1.126632442055433371e-09
3.811213682167429795e+01,nan,nan,1.126400080670613627e-09
3.816424706796924227e+01,nan,nan,1.126008559447087372e-09
3.819266194392179159e+01,nan,nan,1.125795612656330960e-09
3.822563267566817302e+01,nan,nan,1.125548992374833837e-09
3.827706063428825445e+01,nan,nan,1.125165304210120297e-09
3.830505852187254590e+01,nan,nan,1.124956931767409295e-09
3.833809669242327089e+01,nan,nan,1.124711500450200079e-09
3.838977384002053839e+01,1.633250908791749134e+04,1.633250908791749134e+04,1.124328634011003631e-09
3.841712756996805211e+01,1.633209540424234183e+04,1.633209540424234183e+04,1.124126471457420395e-09
3.845033462992070383e+01,1.633207017856307357e+04,1.633207017856307357e+04,1.123881507072211134e-09
3.850133535067627122e+01,nan,nan,1.123506247889612061e-09
3.852847241524063548e+01,nan,nan,1.123307054465567016e-09
3.856339084864218592e+01,nan,nan,1.123051227719626899e-09
3.861341979721089501e+01,nan,nan,1.122685663634967115e-09
3.864022594943706679e+01,nan,nan,1.122490254935885765e-09
3.867504704845296715e+01,nan,nan,1.122236900410293876e-09
3.872489145966740409e+01,nan,nan,1.121875172456601358e-09
3.875120427454603345e+01,nan,nan,1.121684661389435411e-09
3.878735279331274199e+01,nan,nan,1.121423433469700295e-09
3.883685681444315918e+01,nan,nan,1.121066637830297251e-09
3.886323538777849507e+01,nan,nan,1.120876960675232769e-09
3.889708269007696373e+01,1.630174887230545937e+04,1.630174887230545937e+04,1.120634029292621040e-09
3.894664817226707498e+01,1.630113406595781998e+04,1.630113406595781998e+04,1.120279182281719248e-09
3.897302508361349282e+01,1.630124196105781448e+04,1.630124196105781448e+04,1.120090782847275368e-09
3.901035540479518460e+01,1.630182707595751890e+04,1.630182707595751890e+04,1.119824659093864422e-09
3.905875200641736456e+01,nan,nan,1.119480553754050761e-09
3.908417525363947220e+01,nan,nan,1.119300200494613799e-09
3.911959797727879362e+01,nan,nan,1.119049383923994803e-09
3.916909581053812417e+01,nan,nan,1.118699797617393526e-09
3.919512398781333928e+01,nan,nan,1.118516391118245233e-09
3.922953056041202302e+01,nan,nan,1.118274379908793180e-09
3.927799361027102520e+01,nan,nan,1.117934373786038040e-09
3.930367403445215047e+01,nan,nan,1.117754607572042977e-09
3.934303407097127803e+01,nan,nan,1.119349222131111017e-09
3.939017432530545904e+01,nan,nan,1.117151167553643380e-09
3.943251192603875666e+01,1.627098252164887163e+04,1.627098252164887163e+04,1.116995004374755836e-09
3.947330041582159765e+01,1.627046057603170084e+04,1.627046057603170084e+04,1.126071638757852121e-09
3.949830394153271840e+01,1.627045753283863451e+04,1.627045753283863451e+04,1.122654278409455227e-09
3.952353387727312395e+01,1.627067311302460257e+04,1.627067311302460257e+04,1.116226978486898031e-09
3.956157260000997411e+01,1.627136800255718117e+04,1.627136800255718117e+04,1.129667116115935466e-09
3.960836619090299138e+01,nan,nan,1.133770421894189747e-09
3.965228616994001243e+01,nan,nan,1.115341751223917048e-09
3.969289523478360593e+01,nan,nan,1.140204070870454759e-09
3.974250022346482325e+01,nan,nan,1.140265561374132393e-09
3.977884774065925200e+01,nan,nan,1.134380636697221383e-09
3.982571675285996093e+01,nan,nan,1.149477545847568721e-09
3.987085586741719823e+01,nan,nan,1.139392871083737397e-09
3.991120090900695772e+01,1.624408334632833976e+04,1.624408334632833976e+04,1.148170257416075636e-09
3.993620969995943426e+01,1.624363267267690935e+04,1.624363267267690935e+04,1.138266982425508446e-09
3.997832643796564156e+01,1.624346042599995781e+04,1.624346042599995781e+04,1.154246484899025211e-09
4.001926494347549834e+01,1.624389755907351173e+04,1.624389755907351173e+04,1.157232737990835935e-09
4.006736535491189244e+01,nan,nan,1.139612095013071607e-09
4.010719353903369466e+01,nan,nan,1.167432764732878753e-09
4.015293922019935025e+01,nan,nan,1.160536199384045576e-09
4.019494074463557354e+01,nan,nan,1.162991833748496556e-09
4.023600410594340104e+01,nan,nan,1.175073454269561409e-09
4.028378418303456243e+01,nan,nan,1.156409192240841638e-09
4.032236701285131630e+01,nan,nan,1.180856692001042064e-09
4.036789351038157037e+01,nan,nan,1.178464383114502461e-09
4.041129978872963591e+01,nan,nan,1.172493522912822969e-09
4.045248810097294978e+01,1.621391660623955431e+04,1.621391660623955431e+04,1.191413105573528574e-09
4.050018444007922369e+01,1.621285436870486956e+04,1.621285436870486956e+04,1.177204457507941226e-09
4.053476634627437392e+01,1.621267597517180184e+04,1.621267597517180184e+04,1.195938292541157303e-09
4.058122156070829334e+01,1.621308687718566398e+04,1.621308687718566398e+04,1.194082642010824008e-09
4.062736875748342413e+01,1.621407226934070968e+04,1.621407226934070968e+04,1.183704320330138297e-09
4.066652398125754786e+01,nan,nan,1.207154143140690169e-09
4.071185972621481142e+01,nan,nan,1.189649849294623052e-09
4.075593920590382169e+01,nan,nan,1.207922727644019695e-09
4.079437323616361510e+01,nan,nan,1.209166113329789617e-09
4.083958861985218647e+01,nan,nan,1.201637840206454451e-09
4.088213886506585482e+01,nan,nan,1.223693738912359913e-09
4.092289352618590925e+01,nan,nan,1.199532718829776225e-09
4.096752795303802230e+01,nan,nan,1.226328448517453458e-09
4.100976803915803970e+01,1.618364802307579339e+04,1.618364802307579339e+04,1.226226495281817553e-09
4.105030975930532833e+01,1.618242462201199669e+04,1.618242462201199669e+04,1.222973929812265464e-09
4.109531600223203185e+01,1.618190876594742440e+04,1.618190876594742440e+04,1.240359610139284565e-09
4.113920299926203228e+01,1.618210396732090339e+04,1.618210396732090339e+04,1.217667808506634550e-09
4.117745996966193900e+01,1.618273496393312598e+04,1.618273496393312598e+04,1.245925018621989067e-09
4.122152583831761063e+01,1.618382999288468454e+04,1.618382999288468454e+04,1.239106442387883421e-09
4.126552262492798206e+01,nan,nan,1.240724422609640759e-09
4.130614614745916668e+01,nan,nan,1.256064593105743782e-09
4.134657476224763428e+01,nan,nan,1.235113419220737156e-09
4.138997636033381866e+01,nan,nan,1.264554265111929962e-09
4.143456920349374428e+01,nan,nan,1.252479454553300087e-09
4.147579748581802761e+01,nan,nan,1.264293260270555713e-09
4.151665997415059195e+01,nan,nan,1.270047295661546400e-09
4.155984896675275309e+01,nan,nan,1.257378262453139101e-09
4.160277453089859279e+01,1.615226892196897825e+04,1.615226892196897825e+04,1.283027201366252771e-09
4.164318405304051396e+01,1.615136999849299173e+04,1.615136999849299173e+04,1.256633656033611681e-09
4.168542044855225726e+01,1.615111860745793092e+04,1.615111860745793092e+04,1.287370036392267520e-09
4.172868380650170650e+01,1.615147458750812621e+04,1.615147458750812621e+04,1.283565176226300900e-09
4.176980527856586889e+01,1.615226354228106356e+04,1.615226354228106356e+04,1.284230463055880015e-09
4.181121790517022418e+01,nan,nan,1.298945856983677532e-09
4.185379951621907679e+01,nan,nan,1.274577029729709596e-09
4.189550095287170706e+01,nan,nan,1.308313805840536784e-09
4.193785135447433277e+01,nan,nan,1.290711040688557408e-09
4.197887216111747932e+01,nan,nan,1.310365219106239311e-09
4.202085814308340161e+01,nan,nan,1.311721481364946933e-09
4.206234719068169170e+01,nan,nan,1.305794999324610791e-09
4.210410815726004330e+01,nan,nan,1.326190684429562807e-09
4.214603795287908383e+01,nan,nan,1.294711172799226766e-09
4.218673088689731543e+01,1.612134780502877220e+04,1.612134780502877220e+04,1.333861711442476585e-09
4.222887983849182092e+01,1.612051980709583040e+04,1.612051980709583040e+04,1.317921928376704214e-09
4.226929644407100284e+01,1.612035641943653900e+04,1.612035641943653900e+04,1.335556220753655012e-09
4.231082824628398242e+01,1.612073543282684477e+04,1.612073543282684477e+04,1.337466407076059293e-09
4.235142962321439342e+01,1.612151955058651583e+04,1.612151955058651583e+04,1.332077539848600736e-09
4.239244116409584962e+01,1.612255768962839466e+04,1.612255768962839466e+04,1.351338356665581125e-09
4.243340660755264793e+01,nan,nan,1.323915988983783221e-09
4.247336083940012941e+01,nan,nan,1.360088665590113082e-09
4.251505970654337574e+01,nan,nan,1.336219984290192593e-09
4.255454354671753947e+01,nan,nan,1.364351345115423586e-09
4.259536192152211243e+01,nan,nan,1.356057811817547968e-09
4.263486190806602139e+01,nan,nan,1.364929946827124951e-09
4.267550754903269450e+01,nan,nan,1.371904716416467805e-09
4.271512297007691217e+01,nan,nan,1.361989033655228811e-09
4.275498402636419826e+01,1.609095640009993076e+04,1.609095640009993076e+04,1.383662866410002353e-09
4.279492501495739276e+01,1.608996110872195095e+04,1.608996110872195095e+04,1.356475721360538414e-09
4.283392799626020064e+01,1.608960403494867569e+04,1.608960403494867569e+04,1.392220937241297883e-09
4.287458748096029382e+01,1.608977482349221827e+04,1.608977482349221827e+04,1.361061575599863251e-09
4.291308485250175409e+01,1.609036621419963376e+04,1.609036621419963376e+04,1.398018660345267177e-09
4.295318706978916623e+01,1.609126998720957818e+04,1.609126998720957818e+04,1.379763074316158360e-09
4.299149189533805071e+01,1.609227716199042516e+04,1.609227716199042516e+04,1.401464128160313126e-09
4.303115894536402664e+01,nan,nan,1.395123969305969555e-09
4.306948673927094973e+01,nan,nan,1.403066063435898595e-09
4.310906073199269173e+01,nan,nan,1.408417482917861749e-09
4.314744189713763944e+01,nan,nan,1.402766490635055491e-09
4.318653387743604810e+01,nan,nan,1.419402106225309929e-09
4.322500764101766890e+01,nan,nan,1.401214716163406967e-09
4.326330444178925916e+01,nan,nan,1.428348503220192899e-09
4.330202677269279832e+01,1.606164534096723764e+04,1.606164534096723764e+04,1.399093017329480051e-09
4.333975816871946307e+01,1.606020965840274403e+04,1.606020965840274403e+04,1.435939151461260093e-09
4.337887248762739034e+01,1.605938967504899301e+04,1.605938967504899301e+04,1.396060934800257144e-09
4.341618165102301674e+01,1.605910100189474724e+04,1.605910100189474724e+04,1.442402746199446246e-09
4.345548946619680208e+01,1.605924480511363072e+04,1.605924480511363072e+04,1.411787232847606490e-09
4.349249831958213264e+01,1.605974566178427267e+04,1.605974566178427267e+04,1.447773050476577004e-09
4.353127788967290712e+01,1.606052667382252366e+04,1.606052667382252366e+04,1.424904688625443285e-09
4.356810219140918150e+01,1.606141949692301023e+04,1.606141949692301023e+04,1.452453436965165017e-09
4.360654216973933472e+01,nan,nan,1.436291660628921924e-09
4.364324456971997535e+01,nan,nan,1.456719298427430906e-09
4.368145862458193562e+01,nan,nan,1.446534842094368806e-09
4.371807792402677961e+01,nan,nan,1.460687444513183883e-09
4.375614365151128737e+01,nan,nan,1.455979403436127276e-09
4.379270795826066376e+01,nan,nan,1.464397596720799718e-09
4.383068562588317008e+01,1.603376011127862876e+04,1.603376011127862876e+04,1.464847151806819178e-09
4.386721914438179226e+01,1.603265538278330678e+04,1.603265538278330678e+04,1.467840020302932003e-09
4.390516268618542739e+01,1.603210782782513343e+04,1.603210782782513343e+04,1.473291000484920877e-09
4.394161646408639399e+01,1.603205202333867783e+04,1.603205202333867783e+04,1.471057212401245622e-09
4.397939190696037315e+01,1.603242585840693755e+04,1.603242585840693755e+04,1.481129558520082415e-09
4.401575588943284600e+01,1.603310350358743926e+04,1.603310350358743926e+04,1.474300635431716317e-09
4.405310568453177922e+01,1.603397348070203770e+04,1.603397348070203770e+04,1.488182353699261351e-09
4.408938503592828084e+01,1.603489494871974784e+04,1.603489494871974784e+04,1.478047392326689113e-09
4.412641046586495008e+01,nan,nan,1.494692222338032722e-09
4.416259560868014944e+01,nan,nan,1.482288421364437367e-09
4.419936838474588114e+01,nan,nan,1.500792905725408198e-09
4.423544408075800050e+01,nan,nan,1.487011707567492999e-09
4.427201976509321923e+01,nan,nan,1.506560911963389840e-09
4.430796824070220907e+01,nan,nan,1.492200396896149094e-09
4.434439354484759832e+01,nan,nan,1.512038341669389164e-09
4.438019675757539773e+01,1.600450045990744547e+04,1.600450045990744547e+04,1.497828756377860516e-09
4.441651376506477078e+01,1.600282889325323777e+04,1.600282889325323777e+04,1.517245614062860320e-09
4.445215529371263585e+01,1.600186559179283722e+04,1.600186559179283722e+04,1.503858259014689668e-09
4.448840396716869350e+01,1.600141477436952118e+04,1.600141477436952118e+04,1.522189984275598779e-09
4.452387063066348816e+01,1.600140056515551441e+04,1.600140056515551441e+04,1.510235062227040351e-09
4.456009018028208857e+01,1.600177949105101652e+04,1.600177949105101652e+04,1.526872516177633316e-09
4.459537330552018375e+01,1.600243706508530340e+04,1.600243706508530340e+04,1.516889896515210802e-09
4.463160266165050416e+01,1.600326488991909173e+04,1.600326488991909173e+04,1.531294562982561039e-09
4.466669884611246744e+01,1.600412844481263892e+04,1.600412844481263892e+04,1.523740992420309812e-09
4.470297635175986528e+01,nan,nan,1.535463755721847710e-09
4.473788758325858339e+01,nan,nan,1.530699994297275924e-09
4.477425001810037486e+01,nan,nan,1.539398769467139120e-09
4.480898310685256547e+01,nan,nan,1.537679942316208027e-09
4.484540377093711783e+01,nan,nan,1.543048365363349856e-09
4.487996836098940889e+01,nan,nan,1.544680010326827464e-09
4.491616119777845029e+01,nan,nan,1.545964145044377891e-09
4.495050478920971671e+01,nan,nan,1.552054339199024810e-09
4.498648299383126670e+01,1.597250190325164840e+04,1.597250190325164840e+04,1.547925705676228883e-09
4.502058829985139710e+01,1.597143641587942875e+04,1.597143641587942875e+04,1.559638176433623985e-09
4.505638694307929626e+01,1.597085448539284698e+04,1.597085448539284698e+04,1.548748481534890396e-09
4.509027033637055837e+01,1.597071366969877090e+04,1.597071366969877090e+04,1.567169831929189445e-09
4.512595459551032206e+01,1.597095173159294609e+04,1.597095173159294609e+04,1.548351461374030981e-09
4.515965397137418336e+01,1.597148556963943884e+04,1.597148556963943884e+04,1.574352027835196365e-09
4.519531852362784008e+01,1.597224155147649435e+04,1.597224155147649435e+04,1.546815421411341256e-09
4.522889033872848330e+01,1.597302907974776281e+04,1.597302907974776281e+04,1.580931161730159338e-09
4.526464661353525543e+01,1.597389396177468188e+04,1.597389396177468188e+04,1.544429864992468034e-09
4.529815675367326122e+01,nan,nan,1.586781138903449557e-09
4.533411030609755699e+01,nan,nan,1.541663756450322762e-09
4.536762117447054266e+01,nan,nan,1.591942342988313489e-09
4.540294102285909617e+01,nan,nan,1.549612799127176441e-09
4.543655186163262982e+01,nan,nan,1.596263123797462807e-09
4.547117182241802880e+01,nan,nan,1.564087644083055068e-09
4.550502109353453761e+01,nan,nan,1.599360086995965738e-09
4.553902632448601651e+01,1.594306900333134763e+04,1.594306900333134763e+04,1.578278927231835989e-09
4.557328267125988930e+01,1.594153734220393926e+04,1.594153734220393926e+04,1.601068449184588157e-09
4.560681089360508622e+01,1.594062510564399054e+04,1.594062510564399054e+04,1.591295915523614402e-09
4.564164711595545754e+01,1.594015964375519252e+04,1.594015964375519252e+04,1.601610024445041861e-09
4.567485405668002585e+01,1.594009030915922267e+04,1.594009030915922267e+04,1.602587328881313538e-09
4.570986620035444048e+01,1.594038179114720697e+04,1.594038179114720697e+04,1.600657630999807335e-09
4.574276058238677223e+01,1.594093380185132628e+04,1.594093380185132628e+04,1.612732828939322912e-09
4.577748263330136780e+01,1.594167307406870714e+04,1.594167307406870714e+04,1.597101893220275066e-09
4.581011707519238030e+01,1.594242428125049810e+04,1.594242428125049810e+04,1.621809064007871382e-09
4.584481567414108127e+01,1.594323583496755600e+04,1.594323583496755600e+04,1.591040352873176523e-09
4.587733970863905597e+01,nan,nan,1.629082574331650594e-09
4.591230815238613161e+01,nan,nan,1.583426505420453034e-09
4.594488557991892463e+01,nan,nan,1.634465450500226349e-09
4.597915067942594902e+01,nan,nan,1.594257868268925070e-09
4.601198684076261003e+01,nan,nan,1.637864411624243339e-09
4.604533905139842176e+01,nan,nan,1.612950264599901774e-09
4.607870491119151524e+01,nan,nan,1.638775997629663050e-09
4.611140376877046521e+01,1.591269148824695185e+04,1.591269148824695185e+04,1.629403996306968208e-09
4.614560209345581399e+01,1.591106795677365153e+04,1.591106795677365153e+04,1.637536432574333441e-09
4.617793292148378015e+01,1.591011383053546342e+04,1.591011383053546342e+04,1.642620775617383517e-09
4.621210886958966313e+01,1.590958132787211071e+04,1.590958132787211071e+04,1.633250936256446869e-09
4.624407974504247676e+01,1.590944107676363092e+04,1.590944107676363092e+04,1.653743849532509267e-09
4.627809928423835828e+01,1.590963743187263390e+04,1.590963743187263390e+04,1.625024622715969314e-09
4.630992088111709393e+01,1.591010619421741649e+04,1.591010619421741649e+04,1.662149817611797552e-09
4.634424634237151963e+01,1.591079602238848929e+04,1.591079602238848929e+04,1.614107687406974864e-09
4.637617103486822145e+01,1.591150515995923524e+04,1.591150515995923524e+04,1.667557235843496922e-09
4.640954792683691466e+01,1.591226145100711437e+04,1.591226145100711437e+04,1.630806826915082451e-09
4.644189014427706752e+01,1.591298879062920059e+04,1.591298879062920059e+04,1.669812368168993794e-09
4.647427472936048787e+01,nan,nan,1.651897889744547149e-09
4.650743358109905046e+01,nan,nan,1.668551366820140600e-09
4.653923220425735963e+01,nan,nan,1.668798035641714623e-09
4.657301142721964027e+01,nan,nan,1.663885546239864160e-09
4.660443124572179130e+01,nan,nan,1.681697738478465532e-09
4.663790558383785623e+01,nan,nan,1.654039043035710943e-09
4.666914502211552929e+01,nan,nan,1.691065870334368572e-09
4.670295334846743174e+01,1.588115824018450076e+04,1.588115824018450076e+04,1.640416503650144483e-09
4.673434554568551391e+01,1.587995707120366751e+04,1.587995707120366751e+04,1.696385236281989683e-09
4.676696419657363180e+01,1.587920025272937710e+04,1.587920025272937710e+04,1.662959525209369616e-09
4.679892794645285647e+01,1.587885372415911479e+04,1.587885372415911479e+04,1.697418892126975971e-09
4.683053309548643739e+01,1.587882965581366261e+04,1.587882965581366261e+04,1.685520019282804292e-09
4.686358900188012910e+01,1.587912825012619760e+04,1.587912825012619760e+04,1.694163463460550187e-09
4.689470323633935323e+01,1.587965135007408935e+04,1.587965135007408935e+04,1.702175564388229215e-09
4.692777757349197287e+01,1.588033570549070100e+04,1.588033570549070100e+04,1.685492864439823964e-09
4.695853670283343462e+01,1.588101107077091729e+04,1.588101107077091729e+04,1.714327212350275712e-09
4.699166258219068482e+01,1.588173673273169152e+04,1.588173673273169152e+04,1.670935032537292993e-09
4.702246589569053725e+01,1.588239964407047046e+04,1.588239964407047046e+04,1.721321342954639910e-09
4.705490453320703637e+01,nan,nan,1.682464044168311177e-09
4.708623482745515787e+01,nan,nan,1.723103363732004057e-09
4.711746510066203086e+01,nan,nan,1.708211966511858069e-09
4.714992103571147908e+01,nan,nan,1.719474786041516730e-09
4.718055731856529889e+01,nan,nan,1.726908505568798387e-09
4.721321228994012387e+01,nan,nan,1.709509934423837109e-09
4.724349778970820068e+01,nan,nan,1.739734529310365942e-09
4.727623506952208743e+01,1.585042381066075177e+04,1.585042381066075177e+04,1.692683101371075178e-09
4.730662307429743407e+01,1.584928360779938885e+04,1.584928360779938885e+04,1.746382281585597643e-09
4.733838476922299776e+01,1.584855398908713505e+04,1.584855398908713505e+04,1.711511079111192229e-09
4.736945697402326516e+01,1.584821460911936992e+04,1.584821460911936992e+04,1.746741481692873188e-09
4.740003151558934036e+01,1.584817848649473490e+04,1.584817848649473490e+04,1.737806041728281350e-09
4.743250601792041010e+01,1.584845291545360305e+04,1.584845291545360305e+04,1.741121121206523890e-09
4.746256426343816059e+01,1.584894253921660675e+04,1.584894253921660675e+04,1.755526812583348635e-09
4.749473903672457453e+01,1.584959313026257587e+04,1.584959313026257587e+04,1.727225882096596683e-09
4.752457617788679300e+01,1.585023314271243544e+04,1.585023314271243544e+04,1.766723404970616524e-09
4.755683831994257105e+01,1.585092095542540301e+04,1.585092095542540301e+04,1.715997987069617357e-09
4.758703106675555716e+01,1.585154417409979578e+04,1.585154417409979578e+04,1.770777338160418043e-09
4.761772120368916461e+01,nan,nan,1.748245428955982414e-09
4.764899413598276823e+01,nan,nan,1.767365521745831857e-09
4.767881746612314231e+01,nan,nan,1.771629669995225710e-09
4.771077008387796070e+01,nan,nan,1.755984860177538920e-09
4.774022416236068267e+01,nan,nan,1.786228413956548689e-09
4.777220605364286143e+01,nan,nan,1.735563049352872093e-09
4.780182282519122339e+01,nan,nan,1.792697035993169239e-09
4.783252292728413124e+01,1.582039693879697006e+04,1.582039693879697006e+04,1.762181298432618894e-09
4.786306320726866659e+01,1.581919341976435499e+04,1.581919341976435499e+04,1.790822459056126975e-09
4.789261740918177424e+01,1.581843350878219280e+04,1.581843350878219280e+04,1.789517269176101307e-09
4.792436377905238487e+01,1.581798058675262109e+04,1.581798058675262109e+04,1.780628531255789157e-09
4.795347659028751508e+01,1.581782753624438192e+04,1.581782753624438192e+04,1.806242368020142966e-09
4.798501525453394834e+01,1.581792695718202231e+04,1.581792695718202231e+04,1.759899819888643206e-09
4.801420616890615634e+01,1.581825423530532680e+04,1.581825423530532680e+04,1.814000313532050956e-09
4.804468059191744089e+01,1.581875046712714175e+04,1.581875046712714175e+04,1.780552576751518771e-09
4.807477119943495580e+01,1.581929979643433762e+04,1.581929979643433762e+04,1.812416401690194196e-09
4.810398791582438349e+01,1.581985018919018330e+04,1.581985018919018330e+04,1.810009502434160192e-09
4.813536035018423576e+01,1.582044162361319286e+04,1.582044162361319286e+04,1.801501293250976962e-09
4.816411673573362151e+01,1.582099820734990317e+04,1.582099820734990317e+04,1.827535681564155594e-09
4.819533893916967315e+01,nan,nan,1.779109282408978214e-09
4.822420684437427241e+01,nan,nan,1.835031290706247405e-09
4.825421798048845545e+01,nan,nan,1.803784526678693720e-09
4.828410326031347211e+01,nan,nan,1.832214915672722106e-09
4.831289324709407396e+01,1.579410148318006395e+04,1.579410148318006395e+04,1.833272420225047766e-09
4.834392413522963494e+01,1.579253307382092680e+04,1.579253307382092680e+04,1.818834816394732039e-09
4.837231279856382571e+01,1.579158869801642868e+04,1.579158869801642868e+04,1.849869634723766829e-09
4.840167985299973452e+01,1.579099810034709299e+04,1.579099810034709299e+04,1.795665978573938085e-09
4.843044570480471123e+01,1.579072950124213821e+04,1.579072950124213821e+04,1.854326659244899861e-09
4.845958311782105454e+01,1.579072058917436152e+04,1.579072058917436152e+04,1.834966164144931304e-09
4.848982759900572859e+01,1.579099096116929832e+04,1.579099096116929832e+04,1.847283516533324330e-09
4.851812002284084002e+01,1.579145210509670142e+04,1.579145210509670142e+04,1.859963592407288856e-09
4.854866446692175685e+01,1.579205726527654770e+04,1.579205726527654770e+04,1.827445766411821515e-09
4.857677043157581664e+01,1.579263973369127598e+04,1.579263973369127598e+04,1.872210704546461241e-09
4.860678923959432751e+01,1.579325042266801029e+04,1.579325042266801029e+04,1.828726483682142163e-09
4.863564350801883052e+01,1.579380603705637623e+04,1.579380603705637623e+04,1.872264171088176435e-09
4.866403659372350177e+01,1.579433744679584379e+04,1.579433744679584379e+04,1.864910457697421900e-09
4.869443517095372442e+01,nan,nan,1.860268621040677048e-09
4.872227178875803588e+01,nan,nan,1.885264475796648488e-09
4.875262031058230150e+01,nan,nan,1.833958021462995278e-09
4.878060696459373702e+01,nan,nan,1.892521350255727034e-09
4.880951451309800859e+01,nan,nan,1.864750013708236252e-09
4.883878211602792163e+01,nan,nan,1.886715598285784108e-09
4.886653447477507228e+01,1.576358233119846227e+04,1.576358233119846227e+04,1.894612412701961605e-09
4.889659204781316504e+01,1.576200131703982879e+04,1.576200131703982879e+04,1.866691992242491879e-09
4.892410572768786636e+01,1.576103903915650699e+04,1.576103903915650699e+04,1.908708709468399931e-09
4.895358228454929161e+01,1.576040173289503582e+04,1.576040173289503582e+04,1.862515892713427228e-09
4.898184039471124862e+01,1.576010567147258917e+04,1.576010567147258917e+04,1.908648745492367797e-09
4.900966239411286551e+01,1.576005988910826818e+04,1.576005988910826818e+04,1.901440974436029398e-09
4.903949020286239602e+01,1.576028295677047390e+04,1.576028295677047390e+04,1.894572617521321956e-09
4.906675995496119214e+01,1.576069953490213811e+04,1.576069953490213811e+04,1.922121828133768932e-09
4.909505637578403281e+01,1.576124402236971400e+04,1.576124402236971400e+04,1.864322505498724068e-09
4.912270524085440115e+01,1.576180712462712290e+04,1.576180712462712290e+04,1.926492323878797160e-09
4.915063116422064127e+01,1.576236961721670195e+04,1.576236961721670195e+04,1.909137722858432273e-09
4.918006397173245148e+01,1.576292822670956593e+04,1.576292822670956593e+04,1.915849616520898319e-09
4.920718722035798010e+01,1.576341443359295772e+04,1.576341443359295772e+04,1.934544365641049389e-09
4.923673074588305809e+01,1.576394674571684482e+04,1.576394674571684482e+04,1.888261367485565691e-09
4.926388070778625661e+01,nan,nan,1.943554490582591493e-09
4.929210444870552976e+01,nan,nan,1.912945353638041935e-09
4.932058234076362169e+01,nan,nan,1.936692212154327778e-09
4.934755521376226284e+01,nan,nan,1.945364107005575058e-09
4.937691071573734547e+01,nan,nan,1.912821094558537879e-09
4.940371470409215959e+01,nan,nan,1.958662592320555632e-09
4.943220160616345993e+01,1.573199170336830502e+04,1.573199170336830502e+04,1.917420131122346513e-09
4.946001572160758997e+01,1.573081843099598882e+04,1.573081843099598882e+04,1.955082015358461423e-09
4.948690953310359220e+01,1.573005829659778828e+04,1.573005829659778828e+04,1.955629599076916971e-09
4.951604711321227370e+01,1.572959445437016257e+04,1.572959445437016257e+04,1.934162061273423815e-09
4.954259582316856836e+01,1.572942648515576548e+04,1.572942648515576548e+04,1.972624032531584735e-09
4.957114151862733564e+01,1.572949215126199852e+04,1.572949215126199852e+04,1.922954958868449215e-09
4.959846062417881996e+01,1.572979601428941896e+04,1.572979601428941896e+04,1.971639747441856223e-09
4.962530076501106180e+01,1.573025981873363162e+04,1.573025981873363162e+04,1.965800197747170331e-09
4.965419958153583480e+01,1.573083111283414837e+04,1.573083111283414837e+04,1.952851896661082685e-09
4.968054433041913143e+01,1.573136116734237839e+04,1.573136116734237839e+04,1.985814777559035905e-09
4.970912654569630007e+01,1.573191395811889197e+04,1.573191395811889197e+04,1.929533567574391738e-09
4.973606369260599536e+01,1.573239596614254333e+04,1.573239596614254333e+04,1.986844932310751351e-09
4.976285076763939941e+01,1.573285186834234628e+04,1.573285186834234628e+04,1.976057602114693397e-09
4.979154964968463304e+01,1.573334786767424157e+04,1.573334786767424157e+04,1.969608748050775563e-09
4.981771686495859797e+01,nan,nan,1.998454135142491555e-09
4.984630409476233837e+01,nan,nan,1.937046338860877044e-09
4.987293488505258665e+01,nan,nan,2.000961594391524139e-09
4.989965573717252312e+01,nan,nan,1.986475703046408820e-09
4.992817689438786033e+01,nan,nan,1.984702164539378281e-09
4.995418051527465764e+01,1.570270149921387383e+04,1.570270149921387383e+04,2.010654053247194614e-09
4.998272961736502396e+01,1.570103685748065982e+04,1.570103685748065982e+04,1.946577108790250279e-09
5.000911328278436940e+01,1.570001546747397151e+04,1.570001546747397151e+04,2.014078793856275406e-09
5.003574113502095599e+01,1.569933253151742429e+04,1.569933253151742429e+04,1.997184864446465607e-09
5.006409725389586640e+01,1.569893913432024056e+04,1.569893913432024056e+04,1.998153315011139387e-09
5.008994319861326971e+01,1.569881239158207791e+04,1.569881239158207791e+04,2.022490180461148733e-09
5.011689568945394058e+01,1.569890535781805556e+04,1.569890535781805556e+04,1.961319999674015571e-09
5.014319376870145106e+01,1.569921761198462264e+04,1.569921761198462264e+04,2.024740599177960279e-09
5.016951874198196037e+01,1.569968018759921506e+04,1.569968018759921506e+04,2.011841107275366877e-09
5.019770851999059857e+01,1.570023545548400944e+04,1.570023545548400944e+04,2.005729980465964668e-09
5.022337442250500317e+01,1.570074518903646640e+04,1.570074518903646640e+04,2.034850738474314006e-09
5.025136080030029717e+01,1.570127545909955916e+04,1.570127545909955916e+04,1.974347846034262101e-09
5.027759448641850781e+01,1.570173120685309550e+04,1.570173120685309550e+04,2.035285670799502172e-09
5.030369690264937077e+01,1.570215851236948583e+04,1.570215851236948583e+04,2.024429546882518470e-09
5.033174029298193375e+01,1.570261912062256670e+04,1.570261912062256670e+04,2.014158676931112276e-09
5.035725399790739232e+01,1.570306640170078026e+04,1.570306640170078026e+04,2.046051319002807373e-09
5.038491732807471379e+01,nan,nan,1.989400668736758784e-09
5.041114822104224658e+01,nan,nan,2.044238721068522189e-09
5.043698155780604253e+01,nan,nan,2.037623828552165654e-09
5.046490452387705972e+01,nan,nan,2.019718028297880513e-09
5.049028833544812755e+01,1.567236695567434799e+04,1.567236695567434799e+04,2.056502372892517935e-09
5.051755033591565791e+01,1.567066254064711029e+04,1.567066254064711029e+04,2.006342692082562137e-09
5.054389870260484940e+01,1.566958122813206865e+04,1.566958122813206865e+04,2.051239068752020031e-09
5.056944385832004940e+01,1.566886602928695356e+04,1.566886602928695356e+04,2.050938828527285478e-09
5.059729665450609559e+01,1.566842084319420428e+04,1.566842084319420428e+04,2.022099879589175124e-09
5.062259769971831247e+01,1.566824950829927911e+04,1.566824950829927911e+04,2.065737217957448668e-09
5.064942274334367767e+01,1.566828517529327110e+04,1.566828517529327110e+04,2.024215027347312274e-09
5.067603330696901764e+01,1.566855189847089969e+04,1.566855189847089969e+04,2.056039840047283273e-09
5.070131632914980457e+01,1.566896998840628294e+04,1.566896998840628294e+04,2.063519641919012258e-09
5.072917724847285825e+01,1.566950836364918905e+04,1.566950836364918905e+04,2.021484664582013157e-09
5.075446754464263677e+01,1.567000762899991241e+04,1.567000762899991241e+04,2.073310446455767532e-09
5.078080676615620348e+01,1.567050996963622856e+04,1.567050996963622856e+04,2.041675631713936115e-09
5.080783169466729987e+01,1.567098325447927164e+04,1.567098325447927164e+04,2.058648064195923869e-09
5.083291794410842357e+01,1.567138762899978246e+04,1.567138762899978246e+04,2.074548478328744322e-09
5.085929031722992022e+01,1.567180232689341210e+04,1.567180232689341210e+04,2.011961253073535288e-09
5.088476088745505166e+01,1.567221463825523097e+04,1.567221463825523097e+04,2.077728833425818943e-09
5.091043855972161936e+01,1.567267435469437078e+04,1.567267435469437078e+04,2.061279386575929397e-09
5.093795805118774922e+01,nan,nan,2.055077970348473568e-09
5.097590434835211681e+01,nan,nan,2.068327973639872509e-09
5.100339070729370405e+01,nan,nan,2.053116389302646094e-09
5.104114459551855276e+01,1.564086411863310423e+04,1.564086411863310423e+04,2.075171870801756634e-09
5.106862867241839865e+01,1.563951095905032525e+04,1.563951095905032525e+04,2.049818479104829806e-09
5.110624043976166320e+01,1.563834148456456023e+04,1.563834148456456023e+04,2.081501701289006739e-09
5.113376464105593300e+01,1.563789642737674512e+04,1.563789642737674512e+04,2.045313598481466538e-09
5.117130099476700167e+01,1.563770184328814139e+04,1.563770184328814139e+04,2.087040917877008517e-09
5.119891356043596176e+01,1.563784193611776209e+04,1.563784193611776209e+04,2.039895210963408078e-09
5.122396393234075163e+01,1.563817262798890806e+04,1.563817262798890806e+04,2.094037351150787235e-09
5.124979538425569814e+01,1.563863833445231830e+04,1.563863833445231830e+04,2.066543422284720947e-09
5.127553091634854354e+01,1.563914081959494615e+04,1.563914081959494615e+04,2.071148100160340320e-09
5.131328154397426999e+01,1.563986709283295932e+04,1.563986709283295932e+04,2.077945675613142368e-09
5.134061053661302054e+01,1.564034818728644132e+04,1.564034818728644132e+04,2.066657440900294431e-09
5.137815643787734388e+01,1.564094242057767224e+04,1.564094242057767224e+04,2.084652589071342102e-09
5.140549979768730537e+01,1.564136413313183039e+04,1.564136413313183039e+04,2.060451431303020618e-09
5.144289118972148600e+01,1.564197971964822682e+04,1.564197971964822682e+04,2.090537947195985386e-09
5.147030953441787204e+01,nan,nan,2.052649586400957393e-09
5.150765088871603581e+01,nan,nan,2.095192231076314061e-09
5.153521634555671227e+01,nan,nan,2.043739816857432741e-09
5.156021904616844864e+01,nan,nan,2.099596923906078372e-09
5.158579731357382769e+01,1.561017139379932996e+04,1.561017139379932996e+04,2.075291090225397486e-09
5.161165196916572029e+01,1.560911545739392022e+04,1.560911545739392022e+04,2.072636723815470518e-09
5.164915931815245642e+01,1.560812553064785425e+04,1.560812553064785425e+04,2.085408826908687599e-09
5.167645907191120358e+01,1.560775209283123331e+04,1.560775209283123331e+04,2.064292970090203537e-09
5.171379802665308745e+01,1.560758049714152367e+04,1.560758049714152367e+04,2.090881503334254397e-09
5.174119009135942093e+01,1.560770107038902461e+04,1.560770107038902461e+04,2.053978123386217150e-09
5.177848254309675724e+01,1.560817485227009456e+04,1.560817485227009456e+04,2.094785330116522080e-09
5.180605945895366915e+01,1.560862624101963047e+04,1.560862624101963047e+04,2.042260252916571440e-09
5.183107328445257878e+01,1.560904029627755517e+04,1.560904029627755517e+04,2.097804752218130512e-09
5.185659112903879731e+01,1.560944945055607604e+04,1.560944945055607604e+04,2.074368181721562518e-09
5.188391007097017393e+01,1.560985492610520487e+04,1.560985492610520487e+04,2.071976360794227838e-09
5.192144451254193172e+01,1.561034842101472896e+04,1.561034842101472896e+04,2.080510859185169597e-09
5.194878430185425344e+01,1.561068927664988405e+04,1.561068927664988405e+04,2.061349703675390965e-09
5.198617620740441225e+01,1.561140055404153100e+04,1.561140055404153100e+04,2.085318262399892178e-09
5.201362963489371793e+01,nan,nan,2.048509822575821419e-09
5.205098686974756106e+01,1.558399863569778427e+04,1.558399863569778427e+04,2.088221965005049956e-09
5.207866759996213091e+01,1.558257488550787457e+04,1.558257488550787457e+04,2.034038914229874960e-09
5.210377913702352259e+01,1.558168281183016006e+04,1.558168281183016006e+04,2.089494493900896018e-09
5.212929907350699210e+01,1.558107411212809893e+04,1.558107411212809893e+04,2.067320200882906440e-09
5.215672334561109835e+01,1.558071924044079969e+04,1.558071924044079969e+04,2.060927245762255896e-09
5.219432031372519276e+01,1.558060287212182084e+04,1.558060287212182084e+04,2.072529396803056836e-09
5.222180778694644943e+01,1.558078964720409022e+04,1.558078964720409022e+04,2.047415187958379101e-09
5.225931261630451985e+01,1.558136716232292929e+04,1.558136716232292929e+04,2.075943579799702756e-09
5.228698239009546711e+01,1.558189385242368735e+04,1.558189385242368735e+04,2.031713212527690076e-09
5.231207984620991169e+01,1.558237772525135733e+04,1.558237772525135733e+04,2.080435634930815439e-09
5.233794941410013735e+01,1.558285964336829602e+04,1.558285964336829602e+04,2.051971361216283227e-09
5.236398112453682785e+01,1.558330689363554484e+04,1.558330689363554484e+04,2.050993775281208456e-09
5.240176418281167514e+01,1.558389736152381374e+04,1.558389736152381374e+04,2.060910523552677773e-09
5.242939831716611110e+01,1.558432413422697391e+04,1.558432413422697391e+04,2.036293749490956528e-09
5.245444019326324536e+01,1.558473168560380509e+04,1.558473168560380509e+04,2.073203890593720874e-09
5.248089742632424048e+01,nan,nan,2.031512422553452137e-09
5.250771478701886252e+01,nan,nan,2.053093923288531880e-09
5.254614332338097427e+01,nan,nan,2.040294788542019962e-09
5.257238151270823323e+01,nan,nan,2.037719435697511300e-09
5.259741115015462753e+01,1.555406167698850186e+04,1.555406167698850186e+04,2.064021460629055928e-09
5.262451985384873154e+01,1.555250746922881444e+04,1.555250746922881444e+04,2.009425871141231897e-09
5.265083787888021760e+01,1.555149796295279157e+04,1.555149796295279157e+04,2.050367804241119966e-09
5.267605766627230679e+01,1.555082130309298554e+04,1.555082130309298554e+04,2.052264055576872941e-09
5.270410905310163940e+01,1.555038465207863010e+04,1.555038465207863010e+04,2.005155635313262217e-09
5.272954307761449400e+01,1.555020669492010165e+04,1.555020669492010165e+04,2.055243811232950591e-09
5.275555925346005637e+01,1.555020756265847740e+04,1.555020756265847740e+04,2.030397615861811112e-09
5.278347430211562852e+01,1.555043468473540270e+04,1.555043468473540270e+04,2.027762474510137436e-09
5.280860477042487844e+01,1.555081219611657798e+04,1.555081219611657798e+04,2.052381654535005723e-09
5.283597595340602027e+01,1.555131515648034110e+04,1.555131515648034110e+04,1.996327232097384828e-09
5.286235752978215885e+01,1.555181861679813301e+04,1.555181861679813301e+04,2.040782211593184373e-09
5.288773398038640039e+01,1.555229394314143792e+04,1.555229394314143792e+04,2.041640790463370446e-09
5.291591445364112190e+01,1.555278824812739003e+04,1.555278824812739003e+04,1.997900131633702656e-09
5.294143748599658039e+01,1.555319710565412970e+04,1.555319710565412970e+04,2.046930410990380089e-09
5.296763626079539478e+01,1.555359785617930902e+04,1.555359785617930902e+04,2.021452605916085785e-09
5.299420305556174071e+01,1.555401074303972382e+04,1.555401074303972382e+04,2.018486161878459324e-09
5.301944870239422869e+01,nan,nan,2.046570310766207715e-09
5.304674899193216930e+01,nan,nan,1.995372098227922862e-09
5.307337523150118130e+01,nan,nan,2.035016786159825835e-09
5.309874450014623193e+01,nan,nan,2.039785693243970003e-09
5.312707064989870531e+01,nan,nan,1.992357947348058234e-09
5.315269340504764983e+01,nan,nan,2.045115961205416661e-09
5.317878371620128775e+01,1.552251634717188062e+04,1.552251634717188062e+04,2.023879201363198611e-09
5.320686298340962850e+01,1.552131802961277754e+04,1.552131802961277754e+04,2.020345162208328119e-09
5.323207348431006380e+01,1.552055370158589540e+04,1.552055370158589540e+04,2.048278965448615743e-09
5.325945370780786448e+01,1.552003249253186368e+04,1.552003249253186368e+04,1.996544338291753864e-09
5.328599699105008369e+01,1.551977674847806338e+04,1.551977674847806338e+04,2.039365931556191456e-09
5.331134842583032452e+01,1.551970950844055915e+04,1.551970950844055915e+04,2.043850647933718887e-09
5.333962121477355822e+01,1.551985285309361279e+04,1.551985285309361279e+04,1.999038063943240495e-09
5.336515474630652989e+01,1.552017668350612621e+04,1.552017668350612621e+04,2.051395516816667034e-09
5.339123646650597976e+01,1.552062639021373616e+04,1.552062639021373616e+04,2.029474529558722035e-09
5.341925476906589410e+01,1.552115012528228544e+04,1.552115012528228544e+04,2.028213572392132247e-09
5.344436163560752817e+01,1.552161743824694349e+04,1.552161743824694349e+04,2.055384808315400477e-09
5.347172632318759611e+01,1.552210254175291266e+04,1.552210254175291266e+04,2.002211196268497501e-09
5.349812453959243186e+01,1.552253039052893109e+04,1.552253039052893109e+04,2.046758690981973225e-09
5.352339452978582557e+01,1.552291272686329285e+04,1.552291272686329285e+04,2.050090703332802625e-09
5.355156525023787850e+01,1.552333697792650128e+04,1.552333697792650128e+04,2.005253577715254048e-09
5.357700126994313905e+01,1.552373958332332222e+04,1.552373958332332222e+04,2.056211306530434885e-09
5.360300130046142186e+01,nan,nan,2.032916323953811030e-09
5.363095388528212482e+01,nan,nan,2.029527889720944034e-09
5.365600402659371326e+01,nan,nan,2.055173616909721932e-09
5.368326201937723141e+01,nan,nan,2.001010440653047715e-09
5.370972391324626471e+01,nan,nan,2.040287452193025590e-09
5.373496624103700725e+01,1.549257889817286377e+04,1.549257889817286377e+04,2.042426715151441772e-09
5.376323261044930746e+01,1.549127535547436310e+04,1.549127535547436310e+04,1.989799314647213097e-09
5.378883822318069008e+01,1.549044829719236259e+04,1.549044829719236259e+04,2.039074593294272893e-09
5.381475688545629055e+01,1.548988542684911408e+04,1.548988542684911408e+04,2.015865748177596080e-09
5.384288456171188386e+01,1.548955948567660562e+04,1.548955948567660562e+04,1.999638278472054020e-09
5.386822264187737375e+01,1.548945133493024150e+04,1.548945133493024150e+04,2.024876340874398949e-09
5.389534337687668142e+01,1.548951942810687433e+04,1.548951942810687433e+04,1.974482847540416156e-09
5.392261329766900246e+01,1.548979704058176503e+04,1.548979704058176503e+04,1.993988865783485073e-09
5.394814251614018019e+01,1.549020541690581013e+04,1.549020541690581013e+04,1.997687116149562702e-09
5.397692091795416758e+01,1.549073883435129937e+04,1.549073883435129937e+04,1.924195970878810818e-09
5.400343831490711466e+01,1.549124259644198355e+04,1.549124259644198355e+04,1.974774770265841111e-09
5.402956469857158339e+01,1.549173069605551973e+04,1.549173069605551973e+04,1.956709273268036551e-09
5.405852270686805383e+01,1.549224238515946126e+04,1.549224238515946126e+04,1.913250649608729907e-09
5.408498292270575547e+01,1.549268095618161169e+04,1.549268095618161169e+04,1.942115559296475011e-09
5.411225583477685319e+01,1.549312729187750301e+04,1.549312729187750301e+04,1.903207469692983423e-09
5.414169940810180748e+01,nan,nan,1.888030103108935765e-09
5.416834299331557645e+01,nan,nan,1.897426224479061263e-09
5.419705571859481807e+01,nan,nan,1.837320580675331054e-09
5.422596402279653205e+01,nan,nan,1.849098481812813054e-09
5.425327384317142076e+01,nan,nan,1.842477929067156693e-09
5.428385339389122777e+01,nan,nan,1.762486770719339902e-09
5.431270930407379183e+01,nan,nan,1.799844042243451616e-09
5.434088883186198160e+01,1.546283872040171809e+04,1.546283872040171809e+04,1.778232683190527974e-09
5.437249329405550213e+01,1.546166460427981838e+04,1.546166460427981838e+04,1.719348862847624836e-09
5.440181245334671445e+01,1.546090924980171803e+04,1.546090924980171803e+04,1.741776357882893545e-09
5.443128723587878426e+01,1.546040593274104867e+04,1.546040593274104867e+04,1.706780501032283486e-09
5.446381758708943011e+01,1.546013651459840003e+04,1.546013651459840003e+04,1.668061707304576237e-09
5.449387708283988729e+01,1.546007857514877287e+04,1.546007857514877287e+04,1.676957757183579796e-09
5.452502254683221850e+01,1.546018541548815665e+04,1.546018541548815665e+04,1.629666738949146413e-09
5.455884356379542055e+01,1.546051826288154916e+04,1.546051826288154916e+04,1.609896091718144034e-09
5.458982238666389719e+01,1.546098888857601924e+04,1.546098888857601924e+04,1.606737307070792550e-09
5.462300364871501301e+01,1.546157324926105139e+04,1.546157324926105139e+04,1.547316474830179305e-09
5.465714514481600617e+01,1.546219506794212066e+04,1.546219506794212066e+04,1.545986674379868204e-09
5.468946213262375267e+01,1.546278613632130327e+04,1.546278613632130327e+04,1.533075523538283416e-09
5.472507581081281813e+01,nan,nan,1.462810286165577684e-09
5.475998278126141372e+01,nan,nan,1.478535110606771593e-09
5.479376465453290024e+01,nan,nan,1.456828832728489561e-09
5.483193359018475377e+01,nan,nan,1.393027279200454021e-09
5.486799056761677917e+01,nan,nan,1.408621499439213218e-09
5.490361099601513928e+01,nan,nan,1.378439706812621843e-09
5.494342666867961356e+01,nan,nan,1.331674563162364896e-09
5.497428247955569702e+01,nan,nan,1.339602037769106704e-09
5.500950744978293017e+01,nan,nan,1.313058846299009952e-09
5.504284176957438746e+01,nan,nan,1.255044096592195069e-09
5.507278083748541775e+01,nan,nan,1.272088999644242430e-09
5.511136113156111094e+01,nan,nan,1.257353682692922942e-09
5.513700489639133195e+01,nan,nan,1.226250539504476943e-09
5.517644981319013908e+01,nan,nan,1.202130224194512957e-09
5.520633228591329100e+01,nan,nan,1.203654035699092066e-09
5.524470940785537465e+01,1.543193868790451234e+04,1.543193868790451234e+04,1.176325994124692216e-09
5.528796108929621766e+01,1.543168251078650792e+04,1.543168251078650792e+04,1.132417737380045583e-09
5.532423844884876729e+01,1.543164168528587288e+04,1.543164168528587288e+04,1.139677099376666928e-09
5.535566206540100609e+01,1.543170532625178021e+04,1.543170532625178021e+04,1.125024410868184274e-09
5.539038947652863243e+01,1.543188701538508576e+04,1.543188701538508576e+04,1.087195862402332979e-09
5.541990293844869342e+01,1.543214181666446166e+04,1.543214181666446166e+04,1.072137095794304490e-09
5.545742951959651634e+01,nan,nan,1.075786986811823921e-09
5.548835500268787513e+01,nan,nan,1.061220423579758509e-09
5.551370389632091928e+01,nan,nan,1.043299690372395440e-09
5.555159430792399178e+01,nan,nan,1.043188068976118607e-09
5.557672785968566842e+01,nan,nan,1.043114127378738798e-09
5.560416569180563329e+01,nan,nan,1.043033494365708004e-09
5.564482324534654367e+01,nan,nan,1.042914193549111602e-09
5.568673063406929913e+01,nan,nan,1.042791435226813913e-09
5.571347773781619850e+01,nan,nan,1.042713198458191584e-09
5.575120891662074030e+01,nan,nan,1.042602979831969153e-09
5.577789221852125223e+01,nan,nan,1.042525143255359766e-09
5.581906422618218500e+01,nan,nan,1.042405209239513394e-09
5.584440616050534345e+01,nan,nan,1.042331491461857972e-09
5.588639720156180601e+01,nan,nan,1.042209522113257035e-09
5.591416435948409003e+01,nan,nan,1.042128980650127777e-09
5.594924677318416428e+01,nan,nan,1.042027361222692881e-09
5.597792592697071967e+01,nan,nan,1.041944398224573426e-09
5.601667115262540619e+01,nan,nan,1.041832470639139041e-09
5.605428299781762291e+01,nan,nan,1.041723993587859084e-09
5.608525725388885519e+01,nan,nan,1.041634783961236270e-09
5.612093082095581309e+01,nan,nan,1.041532190521825913e-09
5.615079449952647650e+01,nan,nan,1.041446417677454201e-09
5.618732910266970748e+01,nan,nan,1.041341632504171914e-09
5.621740611656605324e+01,nan,nan,1.041255487693483531e-09
5.625341495599680997e+01,nan,nan,1.041152489887138439e-09
5.628421334634199980e+01,nan,nan,1.041064524508279296e-09
5.632085440285726463e+01,nan,nan,1.040960010712313282e-09
5.635029156564061736e+01,nan,nan,1.040876162563611062e-09
5.638552766775533343e+01,nan,nan,1.040775933234345123e-09
5.641686726086722103e+01,nan,nan,1.040686903677883951e-09
5.645217339371221499e+01,nan,nan,1.040586751995999453e-09
5.648323806185424445e+01,nan,nan,1.040498748738811048e-09
5.651787582112171293e+01,nan,nan,1.040400754554440815e-09
5.654584176319429645e+01,nan,nan,1.040321740881389768e-09
5.658231958401442796e+01,nan,nan,1.040218809860792353e-09
5.661604998750886608e+01,nan,nan,1.040123772431267418e-09
5.664842861335020530e+01,nan,nan,1.040032666683481454e-09
5.667821023657472779e+01,nan,nan,1.039948970765694907e-09
5.671445800366267065e+01,nan,nan,1.039847247957311634e-09
5.674761445216045530e+01,nan,nan,1.039754327590375010e-09
5.678009066341862621e+01,nan,nan,1.039663437117766214e-09
5.680875127327385599e+01,nan,nan,1.039583327910555409e-09
5.684508327512791936e+01,nan,nan,1.039481904546423907e-09
5.687742342330676593e+01,nan,nan,1.039391756998453809e-09
5.691236962107647201e+01,nan,nan,1.039294475825864584e-09
5.694276939064509691e+01,nan,nan,1.039209959494278937e-09
5.697817892452022193e+01,nan,nan,1.039111656175684391e-09
5.700750522221105143e+01,nan,nan,1.039030342427884227e-09
5.704276210305536665e+01,nan,nan,1.038932714810437755e-09
5.707393953548685772e+01,nan,nan,1.038846501323107967e-09
5.710009450468747616e+01,nan,nan,1.038774258069162211e-09
5.713268123413675426e+01,nan,nan,1.038684353586143231e-09
5.715893509860394772e+01,nan,nan,1.038612012587013212e-09
5.720216263758721453e+01,nan,nan,1.038493063147597781e-09
5.723792555128947868e+01,nan,nan,1.038394818218202022e-09
5.726879232773506345e+01,nan,nan,1.038310131121169562e-09
5.730256690666201536e+01,nan,nan,1.038217589498090561e-09
5.733237688296961920e+01,nan,nan,1.038136017107247394e-09
5.736919977604222964e+01,nan,nan,1.038035382920460374e-09
5.740129138026064481e+01,nan,nan,1.037947808717063429e-09
5.743452494925315222e+01,nan,nan,1.037857231054689441e-09
5.746572423105726557e+01,nan,nan,1.037772309130432768e-09
5.750056349079336826e+01,nan,nan,1.037677608737691140e-09
5.753078698766444177e+01,nan,nan,1.037595556495908538e-09
5.756579074950086294e+01,nan,nan,1.037500657954252094e-09
5.759560913929695403e+01,nan,nan,1.037419919759353076e-09
5.763204429376997950e+01,nan,nan,1.037321395040873891e-09
5.765850972925588991e+01,nan,nan,1.037249921959573465e-09
5.770274348673326159e+01,nan,nan,1.037130629128244929e-09
5.773507507659275007e+01,nan,nan,1.037043570768705508e-09
5.776103458476639929e+01,nan,nan,1.036973750061394941e-09
5.778605413677484393e+01,nan,nan,1.036906525555194341e-09
5.782491495884612931e+01,nan,nan,1.036802246714932714e-09
5.785003787384603413e+01,nan,nan,1.036734917649136769e-09
5.788783875356310205e+01,nan,nan,1.036633734768884867e-09
5.791544038631690938e+01,nan,nan,1.036559953845282430e-09
5.795564133772793269e+01,nan,nan,1.036452631940426755e-09
5.799094166354080926e+01,nan,nan,1.036358542502078082e-09
5.802570272694880060e+01,nan,nan,1.036266010337643535e-09
5.805125532674285438e+01,nan,nan,1.036198075943983277e-09
5.809180207020847320e+01,nan,nan,1.036090420627214348e-09
5.812897366442819447e+01,nan,nan,1.035991878471306283e-09
5.815981325264378654e+01,nan,nan,1.035910231073401866e-09
5.819563191591047513e+01,nan,nan,1.035815526771138517e-09
5.822647722800869019e+01,nan,nan,1.035734081749203146e-09
5.826010980984597865e+01,nan,nan,1.035645383846472082e-09
5.829110325098599787e+01,nan,nan,1.035563759585551586e-09
5.832493771495754231e+01,nan,nan,1.035474762067034447e-09
5.835331750642338733e+01,nan,nan,1.035400201287419174e-09
5.838888857900022344e+01,nan,nan,1.035306874603270790e-09
5.842338417254198646e+01,nan,nan,1.035216485262094891e-09
5.845520578444253346e+01,nan,nan,1.035133220759777795e-09
5.848209203121637501e+01,nan,nan,1.035062948287413377e-09
5.851903505128572647e+01,nan,nan,1.034966508179931501e-09
5.855089594159322530e+01,nan,nan,1.034883453746516590e-09
5.859283453723585211e+01,nan,nan,1.034774282723757666e-09
5.862404737522651033e+01,nan,nan,1.034693150927057752e-09
5.866156307606568987e+01,nan,nan,1.034595765524993729e-09
5.869526690575893468e+01,nan,nan,1.034508399605839840e-09
5.872873919074428528e+01,nan,nan,1.034421745596361911e-09
5.875814557838479857e+01,nan,nan,1.034345716261363466e-09
5.879286450002560116e+01,nan,nan,1.034256058747518198e-09
5.882365498252745084e+01,nan,nan,1.034176652008853620e-09
5.885828406239328103e+01,nan,nan,1.034087459739196105e-09
5.888888893627348864e+01,nan,nan,1.034008729059827713e-09
5.892367474982689401e+01,nan,nan,1.033919366441204895e-09
5.895453476706436646e+01,nan,nan,1.033840184290299214e-09
5.898955663270671579e+01,nan,nan,1.033750444884565798e-09
5.901873828824138712e+01,nan,nan,1.033675762491505254e-09
5.905454855966451078e+01,nan,nan,1.033584231080644144e-09
5.908525647673047132e+01,nan,nan,1.033505846946894352e-09
5.912128843083485208e+01,nan,nan,1.033413987150468298e-09
5.915196686577276353e+01,nan,nan,1.033335883980044576e-09
5.918741109572481207e+01,nan,nan,1.033245757287248626e-09
5.921507062888862549e+01,nan,nan,1.033175516026557735e-09
5.925607785017979268e+01,nan,nan,1.033071515367589818e-09
5.929364938878939029e+01,nan,nan,1.032976378733122525e-09
5.932977579824854075e+01,nan,nan,1.032885027049639824e-09
5.936311015589988216e+01,nan,nan,1.032800855444005090e-09
5.939749688918869452e+01,nan,nan,1.032714134575412285e-09
5.942720596285825252e+01,nan,nan,1.032639310702497498e-09
5.946503013473815713e+01,nan,nan,1.032544165670004176e-09
5.950573334294507788e+01,nan,nan,1.032441943310787881e-09
5.953373295223679662e+01,nan,nan,1.032371713679806003e-09
5.956958544915936216e+01,nan,nan,1.032281907646895639e-09
5.959590712447781158e+01,nan,nan,1.032216051107911196e-09
5.963691056911653732e+01,nan,nan,1.032113597435608554e-09
5.967342616274773803e+01,nan,nan,1.032022491255657323e-09
5.970329845056166818e+01,nan,nan,1.031948062322984736e-09
5.973888559278724131e+01,nan,nan,1.031859500783807229e-09
5.977023927416442461e+01,nan,nan,1.031781582388061056e-09
5.980367335343628810e+01,nan,nan,1.031698594569131867e-09
5.983097163757963699e+01,nan,nan,1.031630915593522279e-09
5.986701857963043238e+01,nan,nan,1.031541665525006996e-09
5.990035621508641128e+01,nan,nan,1.031459233073830407e-09
5.993471333499304876e+01,nan,nan,1.031374405365126833e-09
5.996465860592233099e+01,nan,nan,1.031300520701621405e-09
6.000079402174469578e+01,nan,nan,1.031211503426431142e-09
6.002653099154895244e+01,nan,nan,1.031148190966314566e-09
6.006733832977502630e+01,nan,nan,1.031047916496604015e-09
6.010811450072252882e+01,nan,nan,1.030947876540235309e-09
6.014507352161042064e+01,nan,nan,1.030857332330065207e-09
6.017422681460499234e+01,nan,nan,1.030786018968951800e-09
6.020936535625084929e+01,nan,nan,1.030700165092711828e-09
6.024144053489883532e+01,nan,nan,1.030621888401910473e-09
6.028144824423554127e+01,nan,nan,1.030524391590619088e-09
6.031723556376906714e+01,nan,nan,1.030437316309122862e-09
6.034326013540277245e+01,nan,nan,1.030374079035452820e-09
6.038461857789036458e+01,nan,nan,1.030273696377445371e-09
6.041968427042031919e+01,nan,nan,1.030188705853852283e-09
6.045186591066667603e+01,nan,nan,1.030110817162719219e-09
6.049138979772205715e+01,nan,nan,1.030015294004602858e-09
6.052817338456931395e+01,nan,nan,1.029926523718280030e-09
6.056498694601169319e+01,nan,nan,1.029837802801032651e-09
6.059650102613053946e+01,nan,nan,1.029761941984676495e-09
6.063809927048718151e+01,nan,nan,1.029661968905468230e-09
6.066987677694500292e+01,nan,nan,1.029585718084295733e-09
6.069512776238403262e+01,nan,nan,1.029525180069941734e-09
6.072038728811201480e+01,nan,nan,1.029464686674797306e-09
6.075775380970833339e+01,nan,nan,1.029375309956389187e-09
6.078932685828630156e+01,nan,nan,1.029299885284989939e-09
6.081601328390694761e+01,nan,nan,1.029236201161436112e-09
6.085260244326013890e+01,nan,nan,1.029149010100370760e-09
6.088442905159302398e+01,nan,nan,1.029073263824373081e-09
6.092468508823230877e+01,nan,nan,1.028977584940187183e-09
6.095995143248499915e+01,nan,nan,1.028893880362010494e-09
6.098878665025652168e+01,nan,nan,1.028825542895229584e-09
6.102549742048562109e+01,nan,nan,1.028738642200610464e-09
6.105125364077016314e+01,nan,nan,1.028677733224953692e-09
6.109286035039982465e+01,nan,nan,1.028579482651060033e-09
6.112773779682301267e+01,nan,nan,1.028497258261874031e-09
6.116022133061999710e+01,nan,nan,1.028420774908052144e-09
6.118613130957128021e+01,nan,nan,1.028359822059274384e-09
6.121339097984728994e+01,nan,nan,1.028295780325299813e-09
6.125079335254671520e+01,nan,nan,1.028208011763687345e-09
6.128292803660688293e+01,nan,nan,1.028132699570261968e-09
6.131277540450876273e+01,nan,nan,1.028062827896635271e-09
6.135121008878280691e+01,nan,nan,1.027972990021353047e-09
6.137650676113246107e+01,nan,nan,1.027913933295779505e-09
6.141811129970423622e+01,nan,nan,1.027816923108980050e-09
6.145732794384426256e+01,nan,nan,1.027725621048085250e-09
6.149212000927024491e+01,nan,nan,1.027644737111679690e-09
6.152720857426685797e+01,nan,nan,1.027563287566794969e-09
6.155898008522970599e+01,nan,nan,1.027489627534135863e-09
6.158923299995838363e+01,nan,nan,1.027419559647237101e-09
6.162310387091851283e+01,nan,nan,1.027341224616383895e-09
6.165383173576648801e+01,nan,nan,1.027270253742861357e-09
6.168677804278775056e+01,nan,nan,1.027194240993944477e-09
6.171752492630548659e+01,nan,nan,1.027123381797870059e-09
6.175114941720590878e+01,nan,nan,1.027046012031192343e-09
6.177787142887004990e+01,nan,nan,1.026984589040618637e-09
6.181390759711882765e+01,nan,nan,1.026901848961731798e-09
6.184641521577759704e+01,nan,nan,1.026827316658144741e-09
6.188367278295617524e+01,nan,nan,1.026742015467374101e-09
6.192413541845076708e+01,nan,nan,1.026649511508004494e-09
6.195994100722649733e+01,nan,nan,1.026567774379886080e-09
6.199045742882653087e+01,nan,nan,1.026498190910248492e-09
6.203453378339978741e+01,nan,nan,1.026397848262014774e-09
6.207453850599901557e+01,nan,nan,1.026306919287992579e-09
6.211015361726318673e+01,nan,nan,1.026226101806841093e-09
6.214276387949220748e+01,nan,nan,1.026152197546273451e-09
6.217939005749607873e+01,nan,nan,1.026069296367692289e-09
6.222062439350253271e+01,nan,nan,1.025976106381080320e-09
6.224773059094876970e+01,nan,nan,1.025914921247578226e-09
6.228284669271624097e+01,nan,nan,1.025835769955251206e-09
6.231156197764621396e+01,nan,nan,1.025771120914691452e-09
6.234780328615701706e+01,nan,nan,1.025689624524922139e-09
6.237334542020861505e+01,nan,nan,1.025632264614169422e-09
6.241480615200511295e+01,nan,nan,1.025539273933362732e-09
6.245188826025286488e+01,nan,nan,1.025456232090713113e-09
6.248134432999441401e+01,nan,nan,1.025390345852355750e-09
6.251500777192891434e+01,nan,nan,1.025315142388796479e-09
6.254583302742791773e+01,nan,nan,1.025246383868218478e-09
6.259621397331797255e+01,nan,nan,1.025134160323551777e-09
6.263714572124645485e+01,nan,nan,1.025043153491696849e-09
6.267174279345460519e+01,nan,nan,1.024966346030878782e-09
6.270445563062526162e+01,nan,nan,1.024893810593528330e-09
6.272966861354759516e+01,nan,nan,1.024837968934122363e-09
6.275598902943911384e+01,nan,nan,1.024779742391845403e-09
6.279314552513006475e+01,nan,nan,1.024697634681275418e-09
6.282605511029935741e+01,nan,nan,1.024625003110539142e-09
6.285245605414015557e+01,nan,nan,1.024566827266069488e-09
6.287752604053909522e+01,nan,nan,1.024511621512473271e-09
6.291928804203605807e+01,nan,nan,1.024419786596023111e-09
6.296368947630644897e+01,nan,nan,1.024322315858452081e-09
6.300454796518763345e+01,nan,nan,1.024232769544978928e-09
6.303928672732105554e+01,nan,nan,1.024156753536644319e-09
6.307244946449812772e+01,nan,nan,1.024084289282137020e-09
6.310642970796495632e+01,nan,nan,1.024010129797770287e-09
6.313608114828062412e+01,nan,nan,1.023945488395830166e-09
6.316903399235818739e+01,nan,nan,1.023873753111899226e-09
6.320010724565395321e+01,nan,nan,1.023806199188680195e-09
6.322604657379602600e+01,nan,nan,1.023749856721978878e-09
6.326236983132422154e+01,nan,nan,1.023671060915916629e-09
6.329312236327443486e+01,nan,nan,1.023604455808880022e-09
6.333378569500677457e+01,nan,nan,1.023516495554504657e-09
6.336695546175465665e+01,nan,nan,1.023444848903732394e-09
6.339405623907703813e+01,nan,nan,1.023386367297312749e-09
6.343290491230428074e+01,nan,nan,1.023302670682586211e-09
6.346737794416353751e+01,nan,nan,1.023228511453603841e-09
6.350097627275104628e+01,nan,nan,1.023156326702740825e-09
6.353335013609408577e+01,nan,nan,1.023086856928715714e-09
6.356424200082715714e+01,nan,nan,1.023020651797744764e-09
6.359318802246265534e+01,nan,nan,1.022958704826479089e-09
6.362747950230677674e+01,nan,nan,1.022885398577589269e-09
6.365769799481756763e+01,nan,nan,1.022820872796351826e-09
6.369969572222320409e+01,nan,nan,1.022731337432238456e-09
6.372593912339601729e+01,nan,nan,1.022675479112016189e-09
6.376262599175669976e+01,nan,nan,1.022597474217085944e-09
6.379471773798476164e+01,nan,nan,1.022529328282676783e-09
6.382438419659660411e+01,nan,nan,1.022466410399113632e-09
6.385874810461508844e+01,nan,nan,1.022393636665638781e-09
6.388897210883705213e+01,nan,nan,1.022329708588748476e-09
6.392202527628109721e+01,nan,nan,1.022259877707465651e-09
6.394818873311435681e+01,nan,nan,1.022204676873959984e-09
6.398335227977919004e+01,nan,nan,1.022130578797168303e-09
6.401558991471790705e+01,nan,nan,1.022062734053128801e-09
6.405028268169098737e+01,nan,nan,1.021989816806829851e-09
6.407739086945096574e+01,nan,nan,1.021932922241028307e-09
6.411639807821192960e+01,nan,nan,1.021851159435284561e-09
6.415442802078084128e+01,nan,nan,1.021771569195747844e-09
6.418813997639875879e+01,nan,nan,1.021701115932428387e-09
6.422344596714847853e+01,nan,nan,1.021627431616710285e-09
6.425140716907881711e+01,nan,nan,1.021569159355899479e-09
6.428879484165423719e+01,nan,nan,1.021491345356548603e-09
6.432850484194506180e+01,nan,nan,1.021408826231255167e-09
6.436406007782927929e+01,nan,nan,1.021335054062590443e-09
6.439524154230188913e+01,nan,nan,1.021270438512762579e-09
6.442766330838520616e+01,nan,nan,1.021203348828289131e-09
6.445744594353060108e+01,nan,nan,1.021141807401840637e-09
6.448909003501729842e+01,nan,nan,1.021076492511723416e-09
6.452037233401829042e+01,nan,nan,1.021012000315864076e-09
6.454779346923270111e+01,nan,nan,1.020955556953080244e-09
6.458192663443449533e+01,nan,nan,1.020885376108282384e-09
6.461361320952364906e+01,nan,nan,1.020820308804076676e-09
6.464900763582143384e+01,nan,nan,1.020747727365116285e-09
6.469106729220082741e+01,nan,nan,1.020661625846020241e-09
6.471710736454450341e+01,nan,nan,1.020608407888392982e-09
6.474732425908642597e+01,nan,nan,1.020546711571762260e-09
6.478284849676701640e+01,nan,nan,1.020474275522489266e-09
6.481581723544607598e+01,nan,nan,1.020407148713853175e-09
6.484718165049979177e+01,nan,nan,1.020343387750810528e-09
6.487876481730515366e+01,nan,nan,1.020279260052954374e-09
6.490489988260590337e+01,nan,nan,1.020226246159771350e-09
6.493949721442649547e+01,nan,nan,1.020156182716889883e-09
6.497095400989465475e+01,nan,nan,1.020092567829803374e-09
6.500633192711650565e+01,nan,nan,1.020021119301725957e-09
6.504794112266931450e+01,nan,nan,1.019937226023995046e-09
6.508127176881257014e+01,nan,nan,1.019870127318281359e-09
6.510876811817148280e+01,nan,nan,1.019814854605320525e-09
6.514261845542628748e+01,nan,nan,1.019746900885729246e-09
6.517628237875295838e+01,nan,nan,1.019679416387997816e-09
6.520524164441759751e+01,nan,nan,1.019621433114720888e-09
6.523743418952601303e+01,nan,nan,1.019557080409824114e-09
6.526743769860368616e+01,nan,nan,1.019497185179021548e-09
6.529311528864386105e+01,nan,nan,1.019445976402294880e-09
6.532722773229498614e+01,nan,nan,1.019378046489522045e-09
6.535924924265685831e+01,nan,nan,1.019314383173332773e-09
6.539220764585932955e+01,nan,nan,1.019248945979059375e-09
6.542312092222515219e+01,nan,nan,1.019187650591598073e-09
6.545114313255369609e+01,nan,nan,1.019132167305934912e-09
6.549026329389073453e+01,nan,nan,1.019054830593513795e-09
6.552215184352489530e+01,nan,nan,1.018991893590498379e-09
6.554789560075271027e+01,nan,nan,1.018941140461778654e-09
6.558659641204678792e+01,nan,nan,1.018864964865339986e-09
6.562196593004563283e+01,nan,nan,1.018795475957703346e-09
6.565236587548928071e+01,nan,nan,1.018735843231315733e-09
6.568079161579038328e+01,nan,nan,1.018680150831333977e-09
6.571411715137365661e+01,nan,nan,1.018614949592919592e-09
6.574273529532302973e+01,nan,nan,1.018559058274285344e-09
6.577729968596801768e+01,nan,nan,1.018491645655072712e-09
6.581722006205089315e+01,nan,nan,1.018413924379708438e-09
6.585132603370600179e+01,nan,nan,1.018347639794021002e-09
6.587694594822042404e+01,nan,nan,1.018297919150465170e-09
6.591002862424164732e+01,nan,nan,1.018233819147851940e-09
6.594295273665895252e+01,nan,nan,1.018170126125584208e-09
6.597217418287034718e+01,nan,nan,1.018113675999583918e-09
6.600388079287812104e+01,nan,nan,1.018052529005364856e-09
6.603051707696590711e+01,nan,nan,1.018001242449244925e-09
6.606266458086264493e+01,nan,nan,1.017939426824942540e-09
6.609668018880687157e+01,nan,nan,1.017874128129278224e-09
6.612285498076423096e+01,nan,nan,1.017823975189300627e-09
6.615453473034214937e+01,nan,nan,1.017763358078852022e-09
6.618713171076072399e+01,nan,nan,1.017701087949854986e-09
6.621650637346537849e+01,nan,nan,1.017645069775717893e-09
6.624747301165176339e+01,nan,nan,1.017586123485051593e-09
6.627343338583553134e+01,nan,nan,1.017536776585025488e-09
6.630545751030388146e+01,nan,nan,1.017475998898862393e-09
6.633969408638405696e+01,nan,nan,1.017411162397077911e-09
6.636475599598522024e+01,nan,nan,1.017363781052315782e-09
6.639662410576673324e+01,nan,nan,1.017303623186124345e-09
6.643045455575808944e+01,nan,nan,1.017239890762278389e-09
6.645619124052264226e+01,nan,nan,1.017191506926867052e-09
6.648762686913369180e+01,nan,nan,1.017132501446732018e-09
6.651982565378899892e+01,nan,nan,1.017072180879645863e-09
6.654905712035967724e+01,nan,nan,1.017017543914391820e-09
6.657964677643182938e+01,nan,nan,1.016960478378618920e-09
6.662652469494003071e+01,nan,nan,1.016873256605473557e-09
6.666863898198154459e+01,nan,nan,1.016795148576141285e-09
6.669789176047351020e+01,nan,nan,1.016741036156711280e-09
6.672850217288457486e+01,nan,nan,1.016684538983677518e-09
6.677601388669634730e+01,nan,nan,1.016597140407791215e-09
6.681460462050688420e+01,nan,nan,1.016526407517904093e-09
6.685029283095394703e+01,nan,nan,1.016461226304717151e-09
6.688725807707932347e+01,1.562030085953085472e+04,1.562030085953085472e+04,1.057487002889595731e-09
6.691788498607344593e+01,1.558371065866464050e+04,1.558371065866464050e+04,1.135087408678133636e-09
6.695007068343309697e+01,1.555715842490887553e+04,1.555715842490887553e+04,1.232353056288638673e-09
6.697729853416076651e+01,1.553927982094419531e+04,1.553927982094419531e+04,1.330994662445735100e-09
6.700919936368657659e+01,1.551862266212128270e+04,1.551862266212128270e+04,1.472253496793224497e-09
6.705547898670444340e+01,1.549255731899016064e+04,1.549255731899016064e+04,1.750356991541520735e-09
6.709543954074126759e+01,1.547269076733782822e+04,1.547269076733782822e+04,2.106546506301821782e-09
6.712547976507163128e+01,1.545732365468403259e+04,1.545732365468403259e+04,2.500072715586257464e-09
6.715202375458217432e+01,1.544415766023730794e+04,1.544415766023730794e+04,3.007114706011367410e-09
6.718651600886640551e+01,1.542679682261261769e+04,1.542679682261261769e+04,4.102002116843613234e-09
6.721579388856719106e+01,1.541024131581124857e+04,1.541024131581124857e+04,5.894383028981689094e-09
6.724309767115121872e+01,1.539421894870645883e+04,1.539421894870645883e+04,9.337838655863054186e-09
6.726640494066309373e+01,1.537744636998990973e+04,1.537744636998990973e+04,1.498123895979979683e-08
6.729252070559921606e+01,1.534969102338541597e+04,1.534969102338541597e+04,2.339177576857625883e-08
6.731831823173794760e+01,1.531841757673397115e+04,1.531841757673397115e+04,3.027077365792805470e-08
6.734390270333739181e+01,1.528784894801010705e+04,1.528784894801010705e+04,4.251373360532491283e-08
6.736893037061466316e+01,1.527012935101100265e+04,1.527012935101100265e+04,4.299403342251761828e-08
6.739412159715644179e+01,1.526620251931409257e+04,1.526620251931409257e+04,3.092582891551853877e-08
6.741997051295953725e+01,1.524139775473728878e+04,1.524139775473728878e+04,2.575233781668542382e-08
6.744499044525458942e+01,1.524140374508746936e+04,1.524140374508746936e+04,2.439295896495894738e-08
6.745831489237988876e+01,1.524020647454292157e+04,1.524020647454292157e+04,3.979969016393285689e-08
6.747081291749655918e+01,1.523519191964220408e+04,1.523519191964220408e+04,6.398876857748577870e-08
6.749608423165508952e+01,1.521243627993800692e+04,1.521243627993800692e+04,7.625799210993686060e-08
6.752135749945426824e+01,1.521190590650355261e+04,1.521190590650355261e+04,6.504148271609539936e-08
6.754673683232788051e+01,1.521213974321059140e+04,1.521213974321059140e+04,5.562945620588452768e-08
6.757232990292641261e+01,1.520944107404322131e+04,1.520944107404322131e+04,4.703482284993786012e-08
6.759781435081369239e+01,1.518509677311279120e+04,1.518509677311279120e+04,4.023711777126299055e-08
6.762289148384607529e+01,1.518321480170176619e+04,1.518321480170176619e+04,3.514942674897005971e-08
6.764826553725548308e+01,1.518321146825427422e+04,1.518321146825427422e+04,3.067717954572234217e-08
6.767433422957977029e+01,1.518415757797288097e+04,1.518415757797288097e+04,2.698225807243523930e-08
6.769934060245448393e+01,1.518485911782817493e+04,1.518485911782817493e+04,2.409375399556596273e-08
6.772505441398460846e+01,1.518512344838887111e+04,1.584127125138286283e+04,2.150380458309107081e-08
6.775130721980822557e+01,1.518500243242571742e+04,1.594748953621901092e+04,1.915234779001434519e-08
6.777767409269161192e+01,1.518175680992525486e+04,1.602697459861167408e+04,1.726832915327705571e-08
6.780370253948046866e+01,1.515983284864232701e+04,1.609836967299555909e+04,1.558574424135630681e-08
6.783095935485788175e+01,1.515756604223929389e+04,1.616797418761175686e+04,1.405131614855853546e-08
6.785655923916993970e+01,1.515685453194525326e+04,1.622940326822154384e+04,1.278794491238947389e-08
6.788245262052349460e+01,1.515657364576731379e+04,1.628826572355930693e+04,1.160274898664917501e-08
6.790832575066460208e+01,1.515663321251689558e+04,1.634426658807533022e+04,1.063268913634654787e-08
6.793382446642371519e+01,1.515688118213110829e+04,1.639707354001347267e+04,9.737229917765786762e-09
6.796276876259301503e+01,1.515749149441850386e+04,1.645455999557807809e+04,8.873940294189955919e-09
6.799119572798313982e+01,1.515819223697307280e+04,1.650883993902715883e+04,8.102102226927561049e-09
6.801827972295278357e+01,1.515883332233422334e+04,1.655882899616312352e+04,7.445494693308033106e-09
6.804954708080380499e+01,1.515955862985820750e+04,1.661470886616058488e+04,6.771371182602800973e-09
6.807874740115383361e+01,1.516020988259897422e+04,1.666537224421535939e+04,6.226808957504871975e-09
6.810400662499181124e+01,1.516077795736478220e+04,1.670820790604336435e+04,5.800016792167473318e-09
6.813290797541071697e+01,1.516148596901368728e+04,1.675618652860208022e+04,5.361348333983494729e-09
6.816505847095714898e+01,1.680845707166465581e+04,1.680845707166465581e+04,4.931797581046825440e-09
6.820080584605341301e+01,1.686538974312223218e+04,1.686538974312223218e+04,4.510001601510531919e-09
6.822697995972802687e+01,1.690636213611879430e+04,1.690636213611879430e+04,4.237297288455025101e-09
6.825538478663935393e+01,1.695027295267273803e+04,1.695027295267273803e+04,3.967399326269596883e-09
6.828340610353751572e+01,1.699302228186536740e+04,1.699302228186536740e+04,3.728135530976284936e-09
6.831577556973057597e+01,1.704186748357464239e+04,1.704186748357464239e+04,3.478358052616544920e-09
6.834735199832734054e+01,1.708897259149331148e+04,1.708897259149331148e+04,3.262122509296284898e-09
6.838157504689071686e+01,1.513451006103633335e+04,1.713956702608300111e+04,3.052290366363585615e-09
6.841426096933237488e+01,1.513420557790614112e+04,1.718755495842123128e+04,2.872113128661580829e-09
6.844492224182113205e+01,1.513407211831960012e+04,1.723233571342691357e+04,2.720530249888467506e-09
6.847546208256692069e+01,1.513407570542130998e+04,1.727693695295225552e+04,2.582953347492585081e-09
6.850132135960630819e+01,1.513415177566423881e+04,1.731470722409684458e+04,2.476090374461382164e-09
6.853992229253259438e+01,1.513434442521638994e+04,1.737129998501047885e+04,2.331058281872136170e-09
6.857075142375300913e+01,1.513456372797618678e+04,1.741674169608158991e+04,2.226552603512686919e-09
6.859674809703084009e+01,1.513480501499576712e+04,1.745518658923544353e+04,2.145153188637756082e-09
6.863347146403977206e+01,1.750932008265531840e+04,1.750932008265531840e+04,2.039537754831613116e-09
6.866537162052880205e+01,1.755548604951684320e+04,1.755548604951684320e+04,1.956287692102131380e-09
6.869693995909892692e+01,1.759957630776995575e+04,1.759957630776995575e+04,1.880256562162061791e-09
6.872772225632705556e+01,1.764039358615043966e+04,1.764039358615043966e+04,1.811909132855280498e-09
6.875717861337655279e+01,1.767741097134140728e+04,1.767741097134140728e+04,1.751192991311484429e-09
6.878411662334518439e+01,1.770924473300745740e+04,1.770924473300745740e+04,1.699269886842460101e-09
6.881753371883412740e+01,1.774640521485027421e+04,1.774640521485027421e+04,1.639539032314523243e-09
6.884277657384596694e+01,1.777296697821882844e+04,1.777296697821882844e+04,1.597331158775095751e-09
6.887587386257256128e+01,1.780609523341381282e+04,1.780609523341381282e+04,1.545540119540811298e-09
6.890320974956698308e+01,1.783226337405150480e+04,1.783226337405150480e+04,1.505644896919352435e-09
6.893218195097271916e+01,1.785882289960472190e+04,1.785882289960472190e+04,1.465789041595656450e-09
6.896472128130098156e+01,1.788782959308560748e+04,1.788782959308560748e+04,1.423958427105596756e-09
6.900117356251809042e+01,1.791950230093349455e+04,1.791950230093349455e+04,1.380342949429134040e-09
6.903356333887724361e+01,1.794684642368061395e+04,1.794684642368061395e+04,1.344237332087578666e-09
6.906968459281152661e+01,1.797694275434125666e+04,1.797694275434125666e+04,1.306649821229628853e-09
6.910228978913374931e+01,1.800375737959523394e+04,1.800375737959523394e+04,1.274919269637868634e-09
6.913930113000822075e+01,1.803412213373215491e+04,1.803412213373215491e+04,1.241235282534647258e-09
6.917359730956931685e+01,1.806212545408874212e+04,1.806212545408874212e+04,1.212039710010591256e-09
6.920009593431150563e+01,1.808390657795608422e+04,1.808390657795608422e+04,1.190723141047168601e-09
6.923207168801346256e+01,1.811037450532897128e+04,1.811037450532897128e+04,1.166322926808097976e-09
6.926388854003300821e+01,1.813701081973950568e+04,1.813701081973950568e+04,1.143362172346494489e-09
6.928903642458979562e+01,1.815842949344038061e+04,1.815842949344038061e+04,1.126128726604058640e-09
6.931676514764815522e+01,1.818272543709985985e+04,1.818272543709985985e+04,1.107956734426561798e-09
6.935318442110138903e+01,1.821560212128872445e+04,1.821560212128872445e+04,1.085346378809997895e-09
6.938549678290229394e+01,1.824634515517521868e+04,1.824634515517521868e+04,1.066421346529515702e-09
6.942521369654147634e+01,1.828707642241311623e+04,1.828707642241311623e+04,1.044475519244245187e-09
6.945170873378170029e+01,1.831746071153632147e+04,1.831746071153632147e+04,1.030608723974434415e-09
6.947805899969013410e+01,1.835298983420518562e+04,1.835298983420518562e+04,1.017389168305165203e-09
6.951274756593348059e+01,1.842993245799283977e+04,1.842993245799283977e+04,1.012337326823089543e-09
6.954431324375299539e+01,nan,nan,1.012285265341692932e-09
6.957279476328137946e+01,nan,nan,1.012238296000532198e-09
6.960848766788946307e+01,nan,nan,1.012179427673213995e-09
6.964183367443044403e+01,nan,nan,1.012124429599660198e-09
6.967875053113128558e+01,nan,nan,1.012063546349127537e-09
6.970912175239318742e+01,nan,nan,1.012013464712554873e-09
6.973841762297446678e+01,nan,nan,1.011965166426874811e-09
6.976499298146751471e+01,nan,nan,1.011921350372627674e-09
6.979800842165835206e+01,nan,nan,1.011866920877732589e-09
6.983367873356901612e+01,nan,nan,1.011808133005722456e-09
6.986071175712486081e+01,nan,nan,1.011763592910158392e-09
6.989678863440786927e+01,nan,nan,1.011704154811155423e-09
6.993127580215647754e+01,nan,nan,1.011647347562928529e-09
6.996765434890239987e+01,nan,nan,1.011587439721774481e-09
6.999985541566186953e+01,nan,nan,1.011534421707612387e-09
7.003158573069674731e+01,nan,nan,1.011482204961130479e-09
7.006074125383049989e+01,nan,nan,1.011434235035752232e-09
7.009413324268241752e+01,nan,nan,1.011379305997784941e-09
7.013166610518931066e+01,nan,nan,1.011317586931323498e-09
7.016154152397015764e+01,nan,nan,1.011268470903892486e-09
7.018690934052560237e+01,nan,nan,1.011226792315402200e-09
7.022914459785242514e+01,nan,nan,1.011157411596670850e-09
7.026308723239858978e+01,nan,nan,1.011101679240200270e-09
7.028931129649228637e+01,nan,nan,1.011058630559277615e-09
7.032203457862230778e+01,nan,nan,1.011004933269065513e-09
7.034828307578659690e+01,nan,nan,1.010961888970099478e-09
7.038104938209049521e+01,nan,nan,1.010908167001770021e-09
7.041285200643621067e+01,nan,nan,1.010856044494095327e-09
7.044214990540989163e+01,nan,nan,1.010808042143567113e-09
7.047636513055883256e+01,nan,nan,1.010752020934622639e-09
7.051307123625672091e+01,nan,nan,1.010691948843948457e-09
7.054518430189575895e+01,nan,nan,1.010639421197680845e-09
7.058263763182594630e+01,nan,nan,1.010578187658386765e-09
7.061079326042383286e+01,nan,nan,1.010532175659108156e-09
7.064549034855146203e+01,nan,nan,1.010475501726910364e-09
7.067544149634599648e+01,nan,nan,1.010426607821869654e-09
7.070457037814269086e+01,nan,nan,1.010379083893004387e-09
7.073007386563730847e+01,nan,nan,1.010337487610408008e-09
7.075640253441540040e+01,nan,nan,1.010294560780769865e-09
7.079056277089570415e+01,nan,nan,1.010238904037463482e-09
7.081619530674018392e+01,nan,nan,1.010197163514661731e-09
7.085049686440757455e+01,nan,nan,1.010141329910718797e-09
7.088233155827728638e+01,nan,nan,1.010089539317742043e-09
7.091122379755162797e+01,nan,nan,1.010042564114685040e-09
7.094781849242569649e+01,nan,nan,1.009983103769133058e-09
7.097608098111859931e+01,nan,nan,1.009937211887679624e-09
7.101224658385898181e+01,nan,nan,1.009878517822620802e-09
7.104521514181759301e+01,nan,nan,1.009825046181972821e-09
7.107469390880564220e+01,nan,nan,1.009777258915832566e-09
7.111146383082721911e+01,nan,nan,1.009717695615745672e-09
7.114817285345102960e+01,nan,nan,1.009658275959567017e-09
7.118341384673912842e+01,nan,nan,1.009601276068716215e-09
7.122173152945210006e+01,nan,nan,1.009539342954150206e-09
7.125438472985767646e+01,nan,nan,1.009486606710174274e-09
7.128027193840294728e+01,nan,nan,1.009444821619194620e-09
7.131544081071557173e+01,nan,nan,1.009388088077501497e-09
7.134385426665342322e+01,nan,nan,1.009342277207209096e-09
7.137597304089680961e+01,nan,nan,1.009290535255492249e-09
7.140335174321360512e+01,nan,nan,1.009246459918227564e-09
7.144225191835336375e+01,nan,nan,1.009183874477583763e-09
7.147543807026465856e+01,nan,nan,1.009130524336038222e-09
7.151482180867608918e+01,nan,nan,1.009067260870611840e-09
7.154927642658346088e+01,nan,nan,1.009011959945386080e-09
7.157513183154470937e+01,nan,nan,1.008970483090364500e-09
7.161416917694299400e+01,nan,nan,1.008907915493983887e-09
7.164906444568545396e+01,nan,nan,1.008852030099036506e-09
7.169202356667634035e+01,nan,nan,1.008783298486379960e-09
7.172050490976440074e+01,nan,nan,1.008737763955447948e-09
7.174911766121213930e+01,nan,nan,1.008692055487186335e-09
7.178689994220555093e+01,nan,nan,1.008631739131144329e-09
7.181888607114652245e+01,nan,nan,1.008580718324109484e-09
7.185252111112868079e+01,nan,nan,1.008527107547209699e-09
7.188382049712687660e+01,nan,nan,1.008477255978905689e-09
7.191117829514531934e+01,nan,nan,1.008433711144558424e-09
7.193880059061405063e+01,nan,nan,1.008389783819343443e-09
7.196433815901629316e+01,nan,nan,1.008349192728216245e-09
7.200218684020252624e+01,nan,nan,1.008289079479473931e-09
7.203478670236157200e+01,nan,nan,1.008237345059895410e-09
7.206834101269276971e+01,nan,nan,1.008184138672874696e-09
7.210173119390128704e+01,nan,nan,1.008131235269276792e-09
7.213350929166027470e+01,nan,nan,1.008080933831034175e-09
7.216488376577729014e+01,nan,nan,1.008031309361108159e-09
7.219258578155624662e+01,nan,nan,1.007987524334008959e-09
7.222153324626064830e+01,nan,nan,1.007941799352102400e-09
7.225816114073685981e+01,nan,nan,1.007883993363205971e-09
7.228837791316345829e+01,nan,nan,1.007836340848903552e-09
7.232218158251070861e+01,nan,nan,1.007783083386210742e-09
7.235313847956102506e+01,nan,nan,1.007734352810503021e-09
7.238861366927139329e+01,nan,nan,1.007678553733821870e-09
7.241694121730841971e+01,nan,nan,1.007634034642634657e-09
7.245900232370021854e+01,nan,nan,1.007567989969523778e-09
7.249241839279538624e+01,nan,nan,1.007515571863399656e-09
7.252303766895568060e+01,nan,nan,1.007467579836926936e-09
7.254900316382493486e+01,nan,nan,1.007426906753069381e-09
7.259034994456970935e+01,nan,nan,1.007362210495687615e-09
7.262710263911993991e+01,nan,nan,1.007304759043677400e-09
7.265521118972958448e+01,nan,nan,1.007260855798084201e-09
7.269664543341257001e+01,nan,nan,1.007196200978583228e-09
7.272376395546021399e+01,nan,nan,1.007153927906762915e-09
7.275012702985556245e+01,nan,nan,1.007112860801222621e-09
7.277797466072198063e+01,nan,nan,1.007069508033017036e-09
7.280397822613110748e+01,nan,nan,1.007029051339607518e-09
7.282991476290536070e+01,nan,nan,1.006988739369056020e-09
7.285848903922153852e+01,nan,nan,1.006944354575397543e-09
7.290169862946046919e+01,nan,nan,1.006877299570233255e-09
7.293883141075367860e+01,nan,nan,1.006819738454147008e-09
7.296619486989239078e+01,nan,nan,1.006777359551870289e-09
7.299424880787715608e+01,nan,nan,1.006733940698313185e-09
7.303684326744323130e+01,nan,nan,1.006668088393359000e-09
7.307928919824819047e+01,nan,nan,1.006602540859740883e-09
7.312039646470030618e+01,nan,nan,1.006539132671720558e-09
7.316434454365925433e+01,nan,nan,1.006471419838963504e-09
7.320258079016559805e+01,nan,nan,1.006412576890524842e-09
7.323049599632962270e+01,nan,nan,1.006369663058307835e-09
7.325903591600923903e+01,nan,nan,1.006325820248605586e-09
7.329660586379775111e+01,nan,nan,1.006268157162879018e-09
7.332338730829611961e+01,nan,nan,1.006227088700657674e-09
7.335342191870729778e+01,nan,nan,1.006181067022043857e-09
7.340036491466855750e+01,nan,nan,1.006109223986049361e-09
7.343371429998285294e+01,nan,nan,1.006058240021703105e-09
7.346337833918784099e+01,nan,nan,1.006012928984252965e-09
7.349646044159992186e+01,nan,nan,1.005962443237379591e-09
7.354061055527533597e+01,nan,nan,1.005895147285937191e-09
7.358252045179514766e+01,nan,nan,1.005831341979262263e-09
7.360778863400419425e+01,nan,nan,1.005792907655150002e-09
7.363836039507044973e+01,nan,nan,1.005746443322761803e-09
7.366633852997409804e+01,nan,nan,1.005703959583192387e-09
7.370195631347844767e+01,nan,nan,1.005649925044522493e-09
7.373770934158264367e+01,nan,nan,1.005595741462660224e-09
7.376991584299761939e+01,nan,nan,1.005546983084759469e-09
7.380069887054270339e+01,nan,nan,1.005500422636645752e-09
7.382984047516266912e+01,nan,nan,1.005456382658932958e-09
7.385655540087330451e+01,nan,nan,1.005416040364489452e-09
7.389451904016408434e+01,nan,nan,1.005358769196264820e-09
7.392293733190214766e+01,nan,nan,1.005315936042445460e-09
7.395563279910375343e+01,nan,nan,1.005266702367816669e-09
7.398857981528620087e+01,nan,nan,1.005217137939984695e-09
7.401501997395371291e+01,nan,nan,1.005177403957914304e-09
7.404603775974298685e+01,nan,nan,1.005130825517588702e-09
7.407531152327480584e+01,nan,nan,1.005086904611728716e-09
7.411124812080448976e+01,nan,nan,1.005033038733801849e-09
7.414881471850142702e+01,nan,nan,1.004976791111018487e-09
7.418304967383961923e+01,nan,nan,1.004925587034244171e-09
7.421288191812193702e+01,nan,nan,1.004881010443228497e-09
7.424204072259540510e+01,nan,nan,1.004837477119909680e-09
7.427353939438397390e+01,nan,nan,1.004790493355371624e-09
7.430230137414726244e+01,nan,nan,1.004747629367475726e-09
7.433436752467154918e+01,nan,nan,1.004699889966601529e-09
7.436272596362691445e+01,nan,nan,1.004657710456775397e-09
7.439433298152387408e+01,nan,nan,1.004610738951652277e-09
7.442385011786250004e+01,nan,nan,1.004566913379795321e-09
7.445177615439880014e+01,nan,nan,1.004525484489264871e-09
7.448414314235151323e+01,nan,nan,1.004477511974578041e-09
7.451415458844351747e+01,nan,nan,1.004433071068367910e-09
7.455175956914678181e+01,nan,nan,1.004377448265184928e-09
7.458862532818940849e+01,nan,nan,1.004322980069249018e-09
7.462142573048733141e+01,nan,nan,1.004274568057955879e-09
7.465627423664146534e+01,nan,nan,1.004223187416878538e-09
7.468234034148200351e+01,nan,nan,1.004184787912380158e-09
7.471769680314588413e+01,nan,nan,1.004132755093066396e-09
7.474914519205067620e+01,nan,nan,1.004086523933000829e-09
7.477807533551371932e+01,nan,nan,1.004044035195658265e-09
7.481337006748924523e+01,nan,nan,1.003992246385419513e-09
7.485390154750682257e+01,nan,nan,1.003932839878170049e-09
7.487912951774541170e+01,nan,nan,1.003895908345868314e-09
7.491541015078941257e+01,nan,nan,1.003842839511074793e-09
7.494973574813812434e+01,nan,nan,1.003792686006003177e-09
7.498318977026751497e+01,nan,nan,1.003743857776988210e-09
7.501432046060655523e+01,nan,nan,1.003698466990322952e-09
7.504551382139396765e+01,nan,nan,1.003653028565641104e-09
7.507455211091749447e+01,nan,nan,1.003610768692396123e-09
7.511174514481905362e+01,nan,nan,1.003556696957137926e-09
7.513847624527068092e+01,nan,nan,1.003517873013390525e-09
7.517861043354409389e+01,nan,nan,1.003459645487738918e-09
7.521605052609822906e+01,nan,nan,1.003405391569145172e-09
7.525100619408236469e+01,nan,nan,1.003354795512941328e-09
7.528471312546314209e+01,nan,nan,1.003306059893794918e-09
7.531807670022082846e+01,nan,nan,1.003257871773615576e-09
7.534787698121893129e+01,nan,nan,1.003214873648098188e-09
7.538233394585118674e+01,nan,nan,1.003165206223911326e-09
7.541101455140555743e+01,nan,nan,1.003123906332186029e-09
7.544864513167186715e+01,nan,nan,1.003069775638266066e-09
7.549010833002941467e+01,nan,nan,1.003010204464288694e-09
7.552683336554635218e+01,nan,nan,1.002957506356666542e-09
7.555722466699234019e+01,nan,nan,1.002913946330190280e-09
7.559315881955922123e+01,nan,nan,1.002862492924504414e-09
7.561930036731094162e+01,nan,nan,1.002825102326495134e-09
7.566125124719245321e+01,nan,nan,1.002765156149014946e-09
7.569941539722482560e+01,nan,nan,1.002710693960678413e-09
7.573549317292074079e+01,nan,nan,1.002659272595420190e-09
7.576907096663346408e+01,nan,nan,1.002611466498904133e-09
7.580289493091926545e+01,nan,nan,1.002563362191682423e-09
7.583210573615110661e+01,nan,nan,1.002521858289952750e-09
7.586831534024744883e+01,nan,nan,1.002470469048789836e-09
7.589786458345251674e+01,nan,nan,1.002428573181335044e-09
7.593387108839881705e+01,nan,nan,1.002377580380727434e-09
7.596300108208639301e+01,nan,nan,1.002336365770569109e-09
7.600066163968148203e+01,nan,nan,1.002283145173008781e-09
7.602926790559259018e+01,nan,nan,1.002242758572179697e-09
7.605742785512696003e+01,nan,nan,1.002203041863691490e-09
7.609375891319514551e+01,nan,nan,1.002151851909683000e-09
7.612341071996773678e+01,nan,nan,1.002110120169614711e-09
7.615996835326944847e+01,nan,nan,1.002058722598167104e-09
7.618662116763637471e+01,nan,nan,1.002021291538519520e-09
7.622828380051386432e+01,nan,nan,1.001962842993878440e-09
7.625610681669054713e+01,nan,nan,1.001923851720719284e-09
7.629350776461940598e+01,nan,nan,1.001871500237569206e-09
7.633133255785904225e+01,nan,nan,1.001818620189673770e-09
7.636340291614722275e+01,nan,nan,1.001773834420282428e-09
7.641266446017159808e+01,nan,nan,1.001705132236022913e-09
7.644299307428512691e+01,nan,nan,1.001662891794487569e-09
7.648301942563992384e+01,nan,nan,1.001607204034155665e-09
7.651617615897981750e+01,nan,nan,1.001561133012122026e-09
7.654729442668389083e+01,nan,nan,1.001517940584082773e-09
7.658620912928471114e+01,nan,nan,1.001463992046874932e-09
7.662694665119379067e+01,nan,nan,1.001407590082546189e-09
7.666395735453443194e+01,nan,nan,1.001356411805808355e-09
7.669742076885323456e+01,nan,nan,1.001336734606277756e-09
7.672368588865521133e+01,nan,nan,1.001326242720186645e-09
7.675254744006323904e+01,nan,nan,1.001314711270082913e-09
7.679175906540464780e+01,nan,nan,1.001299159569046580e-09
7.682593459741170250e+01,nan,nan,1.001285604867374129e-09
7.685604917159795946e+01,nan,nan,1.001273672444157005e-09
7.689295191005973606e+01,nan,nan,1.001259143694741802e-09
7.692250673456457832e+01,nan,nan,1.001247504890805523e-09
7.695035839746100237e+01,nan,nan,1.001236539980605966e-09
7.698793271622301404e+01,nan,nan,1.001221852264987145e-09
7.701463071147350092e+01,nan,nan,1.001211413502036807e-09
7.705775650685588118e+01,nan,nan,1.001194585255735901e-09
7.709631128166384428e+01,nan,nan,1.001179620069502003e-09
7.712702908227448972e+01,nan,nan,1.001167693661174199e-09
7.716288579672803394e+01,nan,nan,1.001153833164213896e-09
7.719449696013757034e+01,nan,nan,1.001141649795596254e-09
7.722896805703415168e+01,nan,nan,1.001128360787585307e-09
7.726154140856364450e+01,nan,nan,1.001115872667597049e-09
7.729293414024562026e+01,nan,nan,1.001103859111595218e-09
7.731859401224261319e+01,nan,nan,1.001094037273422562e-09
7.735598597236213436e+01,nan,nan,1.001079790191004395e-09
7.738162826791045745e+01,nan,nan,1.001070047150794116e-09
7.740796948005754530e+01,nan,nan,1.001060036532548236e-09
7.745414934759578784e+01,nan,nan,1.001042559339181661e-09
7.748710839701644204e+01,nan,nan,1.001030124362140810e-09
7.751344760487758379e+01,nan,nan,1.001020184664761089e-09
7.754011836312480455e+01,nan,nan,1.001010169579019220e-09
7.758310648758806849e+01,nan,nan,1.000994066156431880e-09
7.762347009305835854e+01,nan,nan,1.000978960879653756e-09
7.766094094522607350e+01,nan,nan,1.000965025133492449e-09
7.769405184314474866e+01,nan,nan,1.000952707488909841e-09
7.772059945101526068e+01,nan,nan,1.000942859039975195e-09
7.775044918539073535e+01,nan,nan,1.000931836275753402e-09
7.778950711947791774e+01,nan,nan,1.000917409247155974e-09
7.782649666740246630e+01,nan,nan,1.000903808473483201e-09
7.785286465106258902e+01,nan,nan,1.000894139487046567e-09
7.789802857740565400e+01,nan,nan,1.000877578729228414e-09
7.793333714544085922e+01,nan,nan,1.000864724537745678e-09
7.796219873260332633e+01,nan,nan,1.000854214725102211e-09
7.800175018388635806e+01,nan,nan,1.000839846210110706e-09
7.803902069997167246e+01,nan,nan,1.000826372329596728e-09
7.807227434937654209e+01,nan,nan,1.000814347269382832e-09
7.809898831108941408e+01,nan,nan,1.000804737790211312e-09
7.812757409833291433e+01,nan,nan,1.000794476483033089e-09
7.816657588533524859e+01,nan,nan,1.000780472457709685e-09
7.820043220274976647e+01,nan,nan,1.000768393526971689e-09
7.822991970485028901e+01,nan,nan,1.000757882375480773e-09
7.825599608860224521e+01,nan,nan,1.000748585119998147e-09
7.829556341418749810e+01,nan,nan,1.000734566673612907e-09
7.833251597202524863e+01,nan,nan,1.000721486624581618e-09
7.836599908546243398e+01,nan,nan,1.000709668641794383e-09
7.839924182021439947e+01,nan,nan,1.000697986740082042e-09
7.842677101426841091e+01,nan,nan,1.000688310323089410e-09
7.846416994327809391e+01,nan,nan,1.000675221253747427e-09
7.849687373810964175e+01,nan,nan,1.000663809010379055e-09
7.853091712564105364e+01,nan,nan,1.000651926182848885e-09
7.856144472138554136e+01,nan,nan,1.000641348878571377e-09
7.859705594067301604e+01,nan,nan,1.000629008688538042e-09
7.862813901054018118e+01,nan,nan,1.000618255992064164e-09
7.866366809549926131e+01,nan,nan,1.000606033085755727e-09
7.869455214434952950e+01,nan,nan,1.000595405408774400e-09
7.871959627498839041e+01,nan,nan,1.000586814955794158e-09
7.875629501369814989e+01,nan,nan,1.000574278133209518e-09
7.879385727800524819e+01,nan,nan,1.000561442576106894e-09
7.882527037814109860e+01,nan,nan,1.000550781873613288e-09
7.887072163229136379e+01,nan,nan,1.000535361575027522e-09
7.890823250128524080e+01,nan,nan,1.000522695699073792e-09
7.893548374188348760e+01,nan,nan,1.000513516104953379e-09
7.897650148247960544e+01,nan,nan,1.000499711620689969e-09
7.901312530895570774e+01,nan,nan,1.000487462880506125e-09
7.904530927045543365e+01,nan,nan,1.000476696160997314e-09
7.907791999883161793e+01,nan,nan,1.000465838752852591e-09
7.910896254804218586e+01,nan,nan,1.000455528584846606e-09
7.914193210485568386e+01,nan,nan,1.000444575698952027e-09
7.917293806144390089e+01,nan,nan,1.000434350451272073e-09
7.920648897106555353e+01,nan,nan,1.000423284525392920e-09
7.923345657471465131e+01,nan,nan,1.000414402289435156e-09
7.926929281604266464e+01,nan,nan,1.000402667683998181e-09
7.930234333316705886e+01,nan,nan,1.000391842421503645e-09
7.933819981702552582e+01,nan,nan,1.000380159157985663e-09
7.936350448918577172e+01,nan,nan,1.000371930330812941e-09
7.940658346521678368e+01,nan,nan,1.000357941572057966e-09
7.944169735989443382e+01,nan,nan,1.000346603909388250e-09
7.947039738340190240e+01,nan,nan,1.000337334958559595e-09
7.950609871847142074e+01,nan,nan,1.000325863912539236e-09
7.953152449410470126e+01,nan,nan,1.000317711269881110e-09
7.957266355709766970e+01,nan,nan,1.000304536765974967e-09
7.961166640457618371e+01,nan,nan,1.000292119286436160e-09
7.965102886332375931e+01,nan,nan,1.000279591751660844e-09
7.968494091095082865e+01,nan,nan,1.000268871260238648e-09
7.971877684023726829e+01,nan,nan,1.000258172221024130e-09
7.974960436084090531e+01,nan,nan,1.000248468154102770e-09
7.978226838488643580e+01,nan,nan,1.000238213409354906e-09
7.981004835300711875e+01,nan,nan,1.000229490142218581e-09
7.984390867171234163e+01,nan,nan,1.000218929211774916e-09
7.987381481082140056e+01,nan,nan,1.000209605385414261e-09
7.991464610598738716e+01,nan,nan,1.000196918995499833e-09
7.994341942803114875e+01,nan,nan,1.000188011921538560e-09
7.997874081730742546e+01,nan,nan,1.000177080566529770e-09
8.001356861813813737e+01,nan,nan,1.000166375837555684e-09
8.004049937337408949e+01,nan,nan,1.000158096665836992e-09
8.007990027126450627e+01,nan,nan,1.000146032115240414e-09
8.011508618980286656e+01,nan,nan,1.000135291692020618e-09
8.014939551836438625e+01,nan,nan,1.000124840287320677e-09
8.018068615490999207e+01,nan,nan,1.000115356658015237e-09
8.021520508561161478e+01,nan,nan,1.000104892470497278e-09
8.024102667521532339e+01,nan,nan,1.000097111439006447e-09
8.027926953310235092e+01,nan,nan,1.000085601016977256e-09
8.031650255253086357e+01,nan,nan,1.000074428066714431e-09
8.035001992256169956e+01,nan,nan,1.000064411190571558e-09
8.038055701827822475e+01,nan,nan,1.000055283351962513e-09
8.041568296274873262e+01,nan,nan,1.000044859493585481e-09
8.045554588015041020e+01,nan,nan,1.000033028536226527e-09
8.048056100158277104e+01,nan,nan,1.000025645807716480e-09
8.051301438246534303e+01,nan,nan,1.000016082667971946e-09
8.053956816273877450e+01,nan,nan,1.000008256840970819e-09
8.057424251250853331e+01,nan,nan,9.999981083461647765e-10
8.060635115673416351e+01,nan,nan,9.999887128765514129e-10
8.063949297378829328e+01,nan,nan,9.999790530764335921e-10
8.066639639907909043e+01,nan,nan,9.999712369139739615e-10
8.069740474881989201e+01,nan,nan,9.999622270748802178e-10
8.072633457108396726e+01,nan,nan,9.999538740661214016e-10
8.076284966666649723e+01,nan,nan,9.999433400091374012e-10
8.079887009326981229e+01,nan,nan,9.999329850869582302e-10
8.082966744207007537e+01,nan,nan,1.025612811338098896e-09
8.086377511658552919e+01,1.629854217102277471e+04,1.629854217102277471e+04,1.076515673557621371e-09
8.090806143026169650e+01,1.629068824455531467e+04,1.629068824455531467e+04,1.149987291984717103e-09
8.095298414153255351e+01,1.627074540010447163e+04,1.627074540010447163e+04,1.232675602100591841e-09
8.099595868194596449e+01,1.626347656528856533e+04,1.626347656528856533e+04,1.322470658578233203e-09
8.102361623961515136e+01,1.625864932268489429e+04,1.625864932268489429e+04,1.385437796774718202e-09
8.105363360847535148e+01,1.625091155461638846e+04,1.625091155461638846e+04,1.460344000630619315e-09
8.108137516575573045e+01,1.624171737150075023e+04,1.624171737150075023e+04,1.529918842659040972e-09
8.111116154359822872e+01,1.623631216011384640e+04,1.623631216011384640e+04,1.616721831768794281e-09
8.113674777823436557e+01,1.623256062436697175e+04,1.623256062436697175e+04,1.692245028601813107e-09
8.116982063125608704e+01,1.622790751686983458e+04,1.622790751686983458e+04,1.794051742979939580e-09
8.119711215735146936e+01,1.622171086853141242e+04,1.622171086853141242e+04,1.890926740167080722e-09
8.122748597792474357e+01,1.621031144011929973e+04,1.621031144011929973e+04,1.996942483676860234e-09
8.125400615168157969e+01,1.620474872946198593e+04,1.620474872946198593e+04,2.085730459132686626e-09
8.128332566536796833e+01,1.620061719696178079e+04,1.620061719696178079e+04,2.200832619014527858e-09
8.131122175961201037e+01,1.619766515706150676e+04,1.619766515706150676e+04,2.295412809904454790e-09
8.133739717488228393e+01,1.619378854891595802e+04,1.619378854891595802e+04,2.399179698939626718e-09
8.136255266617945381e+01,1.618331501761578329e+04,1.618331501761578329e+04,2.475071089082290581e-09
8.139807562544157804e+01,1.617379656524954589e+04,1.617379656524954589e+04,2.598757105820830405e-09
8.143184450194092960e+01,1.616937462859231346e+04,1.616937462859231346e+04,2.699856551032409869e-09
8.146393887462502903e+01,1.616698076240311275e+04,1.616698076240311275e+04,2.817309380320715494e-09
8.149485498224110813e+01,1.616217971557419332e+04,1.616217971557419332e+04,2.919466802582087982e-09
8.152468922617867975e+01,1.614831402360737775e+04,1.614831402360737775e+04,2.980664008115351485e-09
8.155400568888256885e+01,1.614158485622591434e+04,1.614158485622591434e+04,3.052923344820473839e-09
8.158227156269458646e+01,1.613878149006607418e+04,1.613878149006607418e+04,3.126014217055194651e-09
8.161021938731589387e+01,1.613740486150811194e+04,1.613740486150811194e+04,3.160351970985431469e-09
8.163731754388054185e+01,1.613495705373613964e+04,1.613495705373613964e+04,3.227710312791924559e-09
8.166406826684129783e+01,1.612258240878329343e+04,1.612258240878329343e+04,3.264708045259759804e-09
8.169018168965779125e+01,1.611388970058289124e+04,1.611388970058289124e+04,3.284121437399856419e-09
8.171614565998282842e+01,1.610990059335444312e+04,1.610990059335444312e+04,3.352686320604174865e-09
8.174191429968517753e+01,1.610830571365806645e+04,1.610830571365806645e+04,3.353676273638156304e-09
8.176714259172926802e+01,1.610752900448554828e+04,1.610752900448554828e+04,3.382762948077698141e-09
8.179217092569413694e+01,1.610564272254416028e+04,1.610564272254416028e+04,3.439215841205618759e-09
8.182528194948334033e+01,1.609025244670602660e+04,1.609025244670602660e+04,3.437751440147485319e-09
8.185794002925941015e+01,1.608140134318514356e+04,1.608140134318514356e+04,3.471178070995518367e-09
8.189022688773877690e+01,1.607857569546617560e+04,1.607857569546617560e+04,3.525632163450624933e-09
8.192230137060056450e+01,1.607781177044833021e+04,1.607781177044833021e+04,3.489331751972301871e-09
8.195413185173994464e+01,1.607588050025459779e+04,1.607588050025459779e+04,3.565977996197464691e-09
8.198573436649573409e+01,1.606052340218841891e+04,1.606052340218841891e+04,3.566238326677911228e-09
8.201690047179718590e+01,1.605236058850715926e+04,1.605236058850715926e+04,3.595039151299365254e-09
8.204819649960461447e+01,1.604949549236947314e+04,1.604949549236947314e+04,3.614664260160509393e-09
8.207889645580236504e+01,1.604826610220016846e+04,1.604826610220016846e+04,3.628512123641619476e-09
8.210983947077109235e+01,1.604504781755974545e+04,1.604504781755974545e+04,3.647178094902100803e-09
8.214015962886391264e+01,1.603033814827142487e+04,1.603033814827142487e+04,3.670319744263208928e-09
8.217063943286495942e+01,1.602393884380565942e+04,1.602393884380565942e+04,3.661663576584298873e-09
8.220077068017349120e+01,1.602194927194761476e+04,1.602194927194761476e+04,3.715021633109905331e-09
8.223077377460789705e+01,1.602159674549979900e+04,1.602159674549979900e+04,3.647501954195751099e-09
8.226054472661174088e+01,1.602074957389293013e+04,1.602074957389293013e+04,3.748533213118327093e-09
8.229021092448944330e+01,1.601359956935983428e+04,1.601359956935983428e+04,3.732055071386723416e-09
8.232016708163722285e+01,1.599711812884713436e+04,1.599711812884713436e+04,3.751358331523336193e-09
8.234944528135947905e+01,1.599284072073064635e+04,1.599284072073064635e+04,3.796702406474794574e-09
8.237870801170767265e+01,1.599156051002226195e+04,1.599156051002226195e+04,3.747371599226355911e-09
8.240788377973586876e+01,1.599144188289993690e+04,1.599144188289993690e+04,3.812455721528805802e-09
8.243664480820558538e+01,1.599049849792297937e+04,1.599049849792297937e+04,3.842469403800801116e-09
8.246546160250515811e+01,1.598267757322566831e+04,1.598267757322566831e+04,3.793700071113854055e-09
8.249424748051158929e+01,1.596665618516735776e+04,1.596665618516735776e+04,3.854775778962572016e-09
8.252264141911381046e+01,1.596256969018336531e+04,1.596256969018336531e+04,3.895217794027338498e-09
8.255112114641806897e+01,1.596130145522196835e+04,1.596130145522196835e+04,3.865538274875517735e-09
8.257985709662050056e+01,1.596123868688500806e+04,1.596123868688500806e+04,3.880096340860541740e-09
8.260799292107880376e+01,1.596068450000204757e+04,1.596068450000204757e+04,3.945405412136199672e-09
8.263593151448377228e+01,1.595587308253283300e+04,1.595587308253283300e+04,3.948035770162413111e-09
8.266385822726640242e+01,1.593808398765724087e+04,1.593808398765724087e+04,3.897067429806158075e-09
8.269166995851615809e+01,1.593287709842173172e+04,1.593287709842173172e+04,3.964849936741757648e-09
8.271925195755746074e+01,1.593114429917773487e+04,1.593114429917773487e+04,4.016919241436109358e-09
8.274672799162856052e+01,1.593090594042790872e+04,1.593090594042790872e+04,4.018835858633581084e-09
8.277411135565340317e+01,1.593086276851879666e+04,1.593086276851879666e+04,3.977514198293125983e-09
8.280153790836156702e+01,1.592897357459412888e+04,1.592897357459412888e+04,4.020351658709856356e-09
8.282858077389957430e+01,1.591322290095758945e+04,1.591322290095758945e+04,4.084420602816142630e-09
8.285533452016009903e+01,1.590444503384570635e+04,1.590444503384570635e+04,4.108092302582744838e-09
8.288213413733585355e+01,1.590144080997316632e+04,1.590144080997316632e+04,4.096761934450298636e-09
8.290908375565790323e+01,1.590053631480536569e+04,1.590053631480536569e+04,4.050604476002252801e-09
8.293571740995925268e+01,1.590061113114215368e+04,1.590061113114215368e+04,4.117780105618841293e-09
8.296209997808240644e+01,1.590029154768861372e+04,1.590029154768861372e+04,4.178819633968117391e-09
8.298819146310813721e+01,1.589720348526138150e+04,1.589720348526138150e+04,4.209504365942568066e-09
8.301440261963368528e+01,1.587961390374159964e+04,1.587961390374159964e+04,4.213816209627280382e-09
8.304043001201284824e+01,1.587300645622810771e+04,1.587300645622810771e+04,4.194574572933560692e-09
8.306656520196909810e+01,1.587068870519296433e+04,1.587068870519296433e+04,4.156016507431761621e-09
8.309233775471312811e+01,1.587008796138764410e+04,1.587008796138764410e+04,4.238824193248809243e-09
8.311790760174473291e+01,1.587023225467917291e+04,1.587023225467917291e+04,4.297431157426919372e-09
8.314326036438704648e+01,1.586984465756398276e+04,1.586984465756398276e+04,4.335407892739617984e-09
8.316854042460293783e+01,1.586662270212286785e+04,1.586662270212286785e+04,4.356184577138132798e-09
8.319372423687853768e+01,1.584910063460150741e+04,1.584910063460150741e+04,4.361241433593756158e-09
8.321884079005324963e+01,1.584259466036374943e+04,1.584259466036374943e+04,4.351986731377049849e-09
8.324399318004931558e+01,1.584028791017442563e+04,1.584028791017442563e+04,4.328038022788891700e-09
8.326905198023908383e+01,1.583963284290964475e+04,1.583963284290964475e+04,4.353786248147929539e-09
8.329964161269603551e+01,1.583980672185733602e+04,1.583980672185733602e+04,4.477733151802836604e-09
8.333018251521622233e+01,1.583892316610423404e+04,1.583892316610423404e+04,4.457626647969072462e-09
8.336091705602950697e+01,1.582889951965910768e+04,1.582889951965910768e+04,4.489423628830063278e-09
8.339086710321129203e+01,1.581384364100313906e+04,1.581384364100313906e+04,4.568241099681266500e-09
8.342101529891782263e+01,1.581080908143502347e+04,1.581080908143502347e+04,4.515306278441861145e-09
8.345091439750797235e+01,1.580989318929176079e+04,1.580989318929176079e+04,4.597527337208952907e-09
8.348033618985846260e+01,1.580930552186077693e+04,1.580930552186077693e+04,4.659226364511366718e-09
8.350983656059801774e+01,1.580442303633672054e+04,1.580442303633672054e+04,4.601090700126471879e-09
8.353908732988838892e+01,1.578781090072116058e+04,1.578781090072116058e+04,4.690213963987850492e-09
8.356784646835279773e+01,1.578363253122391870e+04,1.578363253122391870e+04,4.758515431518266372e-09
8.359671293830673733e+01,1.578246810213022763e+04,1.578246810213022763e+04,4.718375022195024403e-09
8.362546331669092581e+01,1.578260575407526812e+04,1.578260575407526812e+04,4.765573933789692870e-09
8.365352921586050172e+01,1.578225951076895944e+04,1.578225951076895944e+04,4.859683939175387461e-09
8.368152874048881529e+01,1.577809187733914041e+04,1.577809187733914041e+04,4.859754735141935915e-09
8.370991975541066665e+01,1.575849120149956070e+04,1.575849120149956070e+04,4.805091523824005253e-09
8.373767512875333807e+01,1.575349660189657516e+04,1.575349660189657516e+04,4.946433449921361710e-09
8.376503384915081085e+01,1.575202346676427260e+04,1.575202346676427260e+04,4.995230918168987624e-09
8.379243395542431472e+01,1.575200384112178835e+04,1.575200384112178835e+04,4.959423063300490148e-09
8.381984861318265700e+01,1.575197341967238935e+04,1.575197341967238935e+04,4.985355761770000631e-09
8.384660435212484231e+01,1.574972703716759861e+04,1.574972703716759861e+04,5.098734519580856938e-09
8.387313255789929656e+01,1.573191150876580832e+04,1.573191150876580832e+04,5.137723384122958595e-09
8.389972340283033247e+01,1.572408329806225993e+04,1.572408329806225993e+04,5.104108086453170754e-09
8.392639233724781889e+01,1.572179636322979241e+04,1.572179636322979241e+04,5.119649191907351631e-09
8.395246664794041180e+01,1.572134493998498874e+04,1.572134493998498874e+04,5.241131465789097927e-09
8.397830535759565862e+01,1.572154904215220995e+04,1.572154904215220995e+04,5.295938357961402574e-09
8.400415229807970263e+01,1.572073294166966662e+04,1.572073294166966662e+04,5.286536497448972455e-09
8.403012206182566501e+01,1.571425582534713067e+04,1.571425582534713067e+04,5.214389364286114373e-09
8.405548530597397416e+01,1.569613631137045013e+04,1.569613631137045013e+04,5.363455241648658123e-09
8.408529428056019128e+01,1.569176192347558936e+04,1.569176192347558936e+04,5.450377127468701373e-09
8.411558497257291833e+01,1.569075444175441589e+04,1.569075444175441589e+04,5.403532070494262099e-09
8.414505228065230824e+01,1.569095991370910269e+04,1.569095991370910269e+04,5.564048292734228211e-09
8.417461147709630609e+01,1.568978542880138775e+04,1.568978542880138775e+04,5.472649310867461977e-09
8.420364175475819479e+01,1.567601100995667548e+04,1.567601100995667548e+04,5.654080624729013329e-09
8.423233843285935052e+01,1.566308884444714386e+04,1.566308884444714386e+04,5.665661514642315815e-09
8.426126891549411368e+01,1.566052926215573098e+04,1.566052926215573098e+04,5.702252494584695651e-09
8.428923700288471821e+01,1.566019336370627934e+04,1.566019336370627934e+04,5.821295116837766194e-09
8.431707879649364656e+01,1.566026024730673998e+04,1.566026024730673998e+04,5.729039452361902289e-09
8.434484736861948306e+01,1.565802675681086293e+04,1.565802675681086293e+04,5.914777999363833489e-09
8.437218404815384076e+01,1.563902019646674671e+04,1.563902019646674671e+04,5.958214414993726419e-09
8.439980952721336394e+01,1.563154375918192090e+04,1.563154375918192090e+04,5.923462004965391873e-09
8.442658187587109353e+01,1.562971703210002124e+04,1.562971703210002124e+04,6.105250332678143444e-09
8.445318627690943458e+01,1.562960653830387128e+04,1.562960653830387128e+04,6.091475430811643111e-09
8.447958477246406517e+01,1.562948717648733145e+04,1.562948717648733145e+04,6.133038778878351044e-09
8.450515777849324195e+01,1.562672037584992358e+04,1.562672037584992358e+04,6.285903300332930057e-09
8.453101367241258401e+01,1.560762093418972290e+04,1.560762093418972290e+04,6.268402661683949729e-09
8.455664441035250434e+01,1.560176199781184005e+04,1.560176199781184005e+04,6.310453535279719385e-09
8.458191633246717345e+01,1.560007994977220187e+04,1.560007994977220187e+04,6.476724256987259625e-09
8.460698778162094413e+01,1.559960893677587956e+04,1.559960893677587956e+04,6.469877126405341304e-09
8.463231216049413774e+01,1.559824269234273015e+04,1.559824269234273015e+04,6.500638871640606176e-09
8.466073860739375334e+01,1.558199275027597469e+04,1.558199275027597469e+04,6.670906989437479243e-09
8.468948569287104533e+01,1.557376523695551077e+04,1.557376523695551077e+04,6.700417433582990556e-09
8.471681564858147340e+01,1.557209885662726265e+04,1.557209885662726265e+04,6.827542227709033118e-09
8.474486305622944826e+01,1.557212823373701576e+04,1.557212823373701576e+04,6.879412257399558874e-09
8.477191397396859429e+01,1.557121087791074206e+04,1.557121087791074206e+04,6.993658089121623517e-09
8.479927359843533452e+01,1.555999512674448306e+04,1.555999512674448306e+04,7.067944093939858484e-09
8.482561655228046504e+01,1.554425484229861104e+04,1.554425484229861104e+04,7.179040593716490230e-09
8.485225898308914338e+01,1.554164865710423146e+04,1.554164865710423146e+04,7.254108559052791843e-09
8.487751777321020086e+01,1.554131446808150031e+04,1.554131446808150031e+04,7.392675449019378574e-09
8.490343760386417671e+01,1.554106211858564893e+04,1.554106211858564893e+04,7.421681339115806512e-09
8.493199373427333398e+01,1.553544418219600993e+04,1.553544418219600993e+04,7.534086326138352364e-09
8.496005908184270083e+01,1.551422390342601648e+04,1.551422390342601648e+04,7.776390685715644734e-09
8.498816309071216324e+01,1.551093245562714219e+04,1.551093245562714219e+04,7.800281405597536897e-09
8.501529221237278477e+01,1.551054244570251649e+04,1.551054244570251649e+04,7.939931983231581687e-09
8.504171439444704106e+01,1.550990859436454230e+04,1.550990859436454230e+04,8.182931142693617817e-09
8.506773597593031866e+01,1.550159271740975419e+04,1.550159271740975419e+04,8.113647295610411360e-09
8.509309885861740952e+01,1.548282870516840558e+04,1.548282870516840558e+04,8.463561785270740425e-09
8.511828676606951660e+01,1.548005905409779189e+04,1.548005905409779189e+04,8.576241807989351558e-09
8.514586198007017970e+01,1.547969608273781887e+04,1.547969608273781887e+04,8.586920355664914646e-09
8.517285683183732203e+01,1.547827356423574747e+04,1.547827356423574747e+04,8.914388168067783617e-09
8.519956046106553060e+01,1.545914122974923703e+04,1.545914122974923703e+04,9.232191394814033517e-09
8.522610831734805004e+01,1.545015514993956822e+04,1.545015514993956822e+04,9.461357304928270184e-09
8.525202918026961640e+01,1.544877065139731894e+04,1.544877065139731894e+04,9.606431353133513501e-09
8.527707089744508551e+01,1.544839722539745344e+04,1.544839722539745344e+04,9.637180668300736821e-09
8.530409328269273317e+01,1.544041590637262561e+04,1.544041590637262561e+04,9.977102672334057925e-09
8.533029141865057454e+01,1.542021918975230074e+04,1.542021918975230074e+04,1.035193046403619205e-08
8.535793767135061216e+01,1.541782743599659261e+04,1.541782743599659261e+04,1.059400233478336779e-08
8.538502341426369924e+01,1.541712768583268007e+04,1.541712768583268007e+04,1.114578846047352326e-08
8.541085889878682735e+01,1.540328958708498430e+04,1.540328958708498430e+04,1.166263282521828547e-08
8.543589509074357125e+01,1.538959446643211777e+04,1.538959446643211777e+04,1.220309164012113787e-08
8.546175881411006969e+01,1.538764586200236590e+04,1.538764586200236590e+04,1.282843441711655588e-08
8.548878829296380388e+01,1.537979176325360822e+04,1.537979176325360822e+04,1.310291182027312142e-08
8.551429927127692565e+01,1.536092480164618064e+04,1.536092480164618064e+04,1.421178478006809320e-08
8.554026719881294127e+01,1.535921227516463841e+04,1.535921227516463841e+04,1.478672945479800087e-08
8.556610729502462220e+01,1.535306021367675930e+04,1.535306021367675930e+04,1.621087702214822003e-08
8.559189367402758819e+01,1.532945408207293440e+04,1.532945408207293440e+04,1.755334564812898719e-08
8.561707882116481017e+01,1.532748403869369940e+04,1.532748403869369940e+04,1.918489441621627586e-08
8.564257562945526558e+01,1.530424597271223138e+04,1.530424597271223138e+04,2.117056719543001154e-08
8.566773388573251680e+01,1.529642475513836507e+04,1.529642475513836507e+04,2.415428826591734967e-08
8.569335267366830067e+01,1.527511638861706524e+04,1.527511638861706524e+04,2.855093833608571506e-08
8.571843452278916686e+01,1.526403733599985026e+04,1.526403733599985026e+04,3.500194358235501322e-08
8.574350623340278332e+01,1.523359591455768168e+04,1.523359591455768168e+04,4.749505910123243304e-08
8.576601425206087015e+01,1.520207860743893434e+04,1.520207860743893434e+04,7.548215651108867949e-08
8.577878604461464818e+01,1.517247363493153898e+04,1.517247363493153898e+04,1.197027313746088973e-07
8.578568026275263492e+01,1.516421433045935191e+04,1.516421433045935191e+04,1.907586722236698981e-07
8.578992188505030470e+01,1.513923337528743468e+04,1.513923337528743468e+04,3.046856056073938294e-07
8.579230724001014607e+01,1.511429332515737042e+04,1.511429332515737042e+04,4.845998063335167044e-07
8.579376146729364905e+01,1.510727936686756766e+04,1.510727936686756766e+04,7.737731813710807115e-07
8.579465941187099531e+01,1.508316068626169545e+04,1.508316068626169545e+04,1.251540719138682385e-06
8.579514140093284880e+01,1.507585942332743070e+04,1.507585942332743070e+04,2.033889062270123090e-06
8.579543091183020920e+01,1.506103661575354454e+04,1.506103661575354454e+04,3.285249095255485266e-06
8.579558735463061225e+01,1.504673085739612179e+04,1.504673085739612179e+04,5.224304180318821108e-06
8.579568781770517205e+01,1.504372071849643362e+04,1.504372071849643362e+04,8.413761156220665570e-06
8.579574028141185238e+01,1.503930512869160157e+04,1.503930512869160157e+04,1.357639419696311019e-05
8.579576995446207377e+01,1.503335627763770208e+04,1.503335627763770208e+04,2.154952130078798106e-05
8.579578654932329584e+01,1.502498273968774447e+04,1.502498273968774447e+04,3.503858773680007072e-05
8.579580135632072313e+01,1.502082900669566516e+04,1.502082900669566516e+04,5.670266248852272642e-05
8.579581220038342337e+01,1.501891932658426231e+04,1.501891932658426231e+04,9.285381437237870959e-05
8.579581672665325698e+01,1.501689804828536580e+04,1.501689804828536580e+04,1.505185463345435888e-04
8.579581838100996549e+01,1.501544693171851213e+04,1.501544693171851213e+04,2.483011402922335391e-04
8.579581907879635594e+01,1.501425414239095699e+04,1.501425414239095699e+04,3.969370236597422269e-04
8.579581993943382656e+01,1.501088537459141844e+04,1.501088537459141844e+04,6.311139151046565345e-04
8.579582167364941370e+01,1.499128928479828392e+04,1.499128928479828392e+04,1.011342373271932821e-03
8.579582170478175840e+01,1.499085226301866533e+04,1.499085226301866533e+04,1.028222825470678651e-03
8.579582173323423433e+01,1.499048894815407220e+04,1.499048894815407220e+04,1.042833657483418575e-03
8.579582175814111622e+01,1.499020244066290070e+04,1.499020244066290070e+04,1.055439745645458168e-03
8.579582178328521991e+01,1.498994661074850592e+04,1.498994661074850592e+04,1.068556503327603140e-03
8.579582180595429008e+01,1.498974716862662899e+04,1.498974716862662899e+04,1.081207177707013646e-03
8.579582182715466843e+01,1.498958796406345937e+04,1.498958796406345937e+04,1.110503523231845752e-03
8.579582184776327836e+01,1.498945705351860306e+04,1.498945705351860306e+04,1.148648361660687452e-03
8.579582186853949111e+01,1.498934574796441484e+04,1.498934574796441484e+04,1.193197841977203895e-03
8.579582188977630608e+01,1.498924926565895112e+04,1.498924926565895112e+04,1.243095179111864280e-03
8.579582191155020610e+01,1.498916417054606427e+04,1.498916417054606427e+04,1.295414343721661967e-03
8.579582193285943958e+01,1.498909100912520444e+04,1.498909100912520444e+04,1.343914206628149576e-03
8.579582195407371614e+01,1.498902571560325123e+04,1.498902571560325123e+04,1.386346872893951671e-03
8.579582197576202418e+01,1.498896505353354587e+04,1.498896505353354587e+04,1.421730640070622111e-03
8.579582199853034297e+01,1.498890663049377144e+04,1.498890663049377144e+04,1.449680121037522735e-03
8.579582202311985384e+01,1.498884821824727442e+04,1.498884821824727442e+04,1.470281306318134851e-03
8.579582205054013855e+01,1.498878706153657367e+04,1.498878706153657367e+04,1.483873523870261110e-03
8.579582207608241617e+01,1.498873194049617996e+04,1.498873194049617996e+04,1.489965537838652300e-03
8.579582210103184536e+01,1.498867745967430346e+04,1.498867745967430346e+04,1.491724214437735408e-03
8.579582212018306109e+01,1.498863317111910328e+04,1.498863317111910328e+04,1.491311080029077271e-03
8.579582213733357321e+01,1.498858988162714195e+04,1.498858988162714195e+04,1.490455987670266224e-03
8.579582215465308082e+01,1.498854099044391660e+04,1.498854099044391660e+04,1.489950982434509914e-03
8.579582218542374505e+01,1.498843822409324457e+04,1.498843822409324457e+04,1.530755059839303397e-03
8.579582221504193740e+01,1.498832380304543221e+04,1.498832380304543221e+04,1.610614769307797600e-03
8.579582224651987588e+01,1.498819851098048821e+04,1.498819851098048821e+04,1.712462165038986048e-03
8.579582226243475418e+01,1.498813722656497521e+04,1.498813722656497521e+04,1.759197242099780649e-03
8.579582227843219755e+01,1.498807788830406935e+04,1.498807788830406935e+04,1.797380745482087417e-03
8.579582229493655632e+01,1.498801919335370258e+04,1.498801919335370258e+04,1.825488373468785305e-03
8.579582231241205648e+01,1.498795968723443366e+04,1.498795968723443366e+04,1.842820821166572028e-03
8.579582233143997883e+01,1.498789755369261184e+04,1.498789755369261184e+04,1.849286092558802535e-03
8.579582235282293823e+01,1.498783028438938345e+04,1.498783028438938345e+04,1.845062043500533214e-03
8.579582237492611796e+01,1.498776262931088604e+04,1.498776262931088604e+04,1.832217112231582234e-03
8.579582239376050268e+01,1.498770568647008440e+04,1.498770568647008440e+04,1.817146651529727040e-03
8.579582240989169861e+01,1.498765678642553758e+04,1.498765678642553758e+04,1.802700300172234687e-03
8.579582243884631509e+01,1.498756626475061239e+04,1.498756626475061239e+04,1.777216349379250439e-03
8.579582246464026696e+01,1.498747870435184268e+04,1.498747870435184268e+04,1.808597803438824047e-03
8.579582248934877953e+01,1.498738604006133755e+04,1.498738604006133755e+04,1.880580777286361763e-03
8.579582251579790864e+01,1.498727980685075818e+04,1.498727980685075818e+04,1.980002212157028728e-03
8.579582254312475698e+01,1.498716901043749385e+04,1.498716901043749385e+04,2.064826194621591053e-03
8.579582257212675245e+01,1.498705520838626944e+04,1.498705520838626944e+04,2.104565583740165662e-03
8.579582258830787111e+01,1.498699364159299876e+04,1.498699364159299876e+04,2.105268095362586734e-03
8.579582260641933544e+01,1.498692591516979701e+04,1.498692591516979701e+04,2.093248418000228425e-03
8.579582262655469549e+01,1.498685145435813865e+04,1.498685145435813865e+04,2.069747668852625882e-03
8.579582264413035375e+01,1.498678651084080047e+04,1.498678651084080047e+04,2.044305579171033782e-03
8.579582267227138459e+01,1.498668015024375927e+04,1.498668015024375927e+04,2.000539030735754183e-03
8.579582269773787573e+01,1.498657617750666395e+04,1.498657617750666395e+04,1.982738849256163172e-03
8.579582272010601685e+01,1.498647313391117495e+04,1.498647313391117495e+04,2.029870203732423752e-03
8.579582274276209830e+01,1.498635525614758262e+04,1.498635525614758262e+04,2.116642739553383119e-03
8.579582276713202305e+01,1.498621602466871809e+04,1.498621602466871809e+04,2.220535072811180306e-03
8.579582279213819618e+01,1.498606436874812789e+04,1.498606436874812789e+04,2.291823282843041213e-03
8.579582281976446723e+01,1.498588927529839202e+04,1.498588927529839202e+04,2.309711612410815084e-03
8.579582285038536327e+01,1.498568739177179123e+04,1.498568739177179123e+04,2.277616745874555364e-03
8.579582288088356279e+01,1.498548022606060294e+04,1.498548022606060294e+04,2.222438815015451586e-03
8.579582290563051572e+01,1.498530803198667491e+04,1.498530803198667491e+04,2.174823638653596795e-03
8.579582292826235346e+01,1.498514504372071679e+04,1.498514504372071679e+04,2.167561474299405013e-03
8.579582294860962577e+01,1.498499027801814918e+04,1.498499027801814918e+04,2.225404308071395922e-03
8.579582296961241639e+01,1.498481917614706435e+04,1.498481917614706435e+04,2.326317734992380381e-03
8.579582299207243068e+01,1.498462354406655140e+04,1.498462354406655140e+04,2.439240065515890527e-03
8.579582301517262977e+01,1.498441229986412873e+04,1.498441229986412873e+04,2.511654868646431144e-03
8.579582304011726990e+01,1.498417699362543681e+04,1.498417699362543681e+04,2.526251722362953932e-03
8.579582306259372615e+01,1.498396018635916698e+04,1.498396018635916698e+04,2.500962534540342782e-03
8.579582308484576458e+01,1.498374011963453449e+04,1.498374011963453449e+04,2.477099121937388539e-03
8.579582310803873213e+01,1.498349901797057282e+04,1.498349901797057282e+04,2.570612727106925781e-03
8.579582312897426277e+01,1.498325728220726160e+04,1.498325728220726160e+04,2.601606403549449296e-03
8.579582314792264697e+01,1.498300081823038454e+04,1.498300081823038454e+04,2.738786769051054608e-03
8.579582316643995910e+01,1.498270285263419464e+04,1.498270285263419464e+04,2.897982775670711591e-03
8.579582318549930164e+01,1.498234568186459728e+04,1.498234568186459728e+04,3.023337001144670803e-03
8.579582320452637134e+01,1.498144021963937303e+04,1.498144021963937303e+04,3.080093474315995661e-03
8.579582322153298435e+01,1.498042190017373105e+04,1.498042190017373105e+04,3.175915130695003939e-03
8.579582324520990255e+01,1.497905146847827018e+04,1.497905146847827018e+04,3.444212823768692464e-03
8.579582326148542393e+01,1.497815772560921323e+04,1.497815772560921323e+04,3.570898251180945268e-03
8.579582327768885364e+01,1.497731145510504393e+04,1.497731145510504393e+04,3.612327634005316375e-03
8.579582329855958278e+01,1.497628120031578692e+04,1.497628120031578692e+04,3.816748720203716125e-03
8.579582331895876735e+01,1.497532255240352606e+04,1.497532255240352606e+04,4.074585020050768697e-03
8.579582334017503342e+01,1.497434234198656668e+04,1.497434234198656668e+04,4.151490706556680219e-03
8.579582335835098661e+01,1.497349072265569885e+04,1.497349072265569885e+04,4.339888847099194688e-03
8.579582337612995957e+01,1.497264503115878688e+04,1.497264503115878688e+04,4.604106729864903061e-03
8.579582339485979503e+01,1.497175834097349070e+04,1.497175834097349070e+04,4.672909680384308186e-03
8.579582341078905472e+01,1.497102323936191169e+04,1.497102323936191169e+04,4.801026880132031396e-03
8.579582343195649230e+01,1.497008165229641781e+04,1.497008165229641781e+04,5.136467116448028766e-03
8.579582344901254487e+01,1.496933339072716808e+04,1.496933339072716808e+04,5.137577126849132703e-03
8.579582346823767125e+01,1.496841809129388821e+04,1.496841809129388821e+04,5.406681993772046411e-03
8.579582348843673856e+01,1.496716921550182815e+04,1.496716921550182815e+04,5.629461788372681907e-03
8.579582350709192440e+01,1.496563330608685828e+04,1.496563330608685828e+04,5.667225068347904286e-03
8.579582352472421292e+01,1.496402324397448865e+04,1.496402324397448865e+04,6.018341569438090399e-03
8.579582354346109696e+01,1.496240317619255256e+04,1.496240317619255256e+04,5.976165764357135174e-03
8.579582355976152996e+01,1.496117479678088966e+04,1.496117479678088966e+04,6.281973391650479133e-03
8.579582357727927899e+01,1.496006568977476127e+04,1.496006568977476127e+04,6.491718489087536584e-03
8.579582359351462628e+01,1.495922536679704172e+04,1.495922536679704172e+04,6.495283792825265641e-03
8.579582361291285508e+01,1.495847315948363939e+04,1.495847315948363939e+04,6.933750264279189487e-03
8.579582362963442677e+01,1.495807263897776465e+04,1.495807263897776465e+04,6.834764748865292810e-03
8.579582364744507572e+01,1.495781631115761957e+04,1.495781631115761957e+04,7.356298114325908813e-03
8.579582366691619200e+01,1.495761202143194714e+04,1.495761202143194714e+04,7.301170933779229343e-03
8.579582368351127286e+01,1.495745877906793066e+04,1.495745877906793066e+04,7.880716008439312900e-03
8.579582370133539371e+01,1.495727773999364399e+04,1.495727773999364399e+04,7.887148147610736210e-03
8.579582371996349366e+01,1.495698802602591604e+04,1.495698802602591604e+04,8.586557328304602124e-03
8.579582373667733464e+01,1.495667603721749401e+04,1.495667603721749401e+04,9.115366614838200932e-03
8.579582375374795333e+01,1.495636545549403672e+04,1.495636545549403672e+04,1.001089072553720295e-02
8.579582377024493667e+01,1.495604000789136444e+04,1.495604000789136444e+04,1.067960047011480389e-02
8.579582378734505710e+01,1.495558933623777193e+04,1.495558933623777193e+04,1.425428165393823055e-02
8.579582380367878613e+01,1.495511687231208271e+04,1.495511687231208271e+04,1.540329879714868490e-02
8.579582382060978318e+01,1.495442164046554353e+04,1.495442164046554353e+04,1.956032509472967196e-02
8.579582383737221107e+01,1.495340330920989072e+04,1.495340330920989072e+04,2.046127045927608260e-02
8.579582385464868821e+01,1.495191905612433038e+04,1.495191905612433038e+04,2.626423130648813595e-02
8.579582387074597705e+01,1.494547529123674212e+04,1.494547529123674212e+04,3.364776946844765665e-02
8.579582388696300654e+01,1.493806193313771473e+04,1.493806193313771473e+04,4.729253047356192508e-02
8.579582389315866919e+01,1.493476432758405826e+04,1.493476432758405826e+04,7.542759237353852120e-02
8.579582389816486909e+01,1.493030796041544454e+04,1.493030796041544454e+04,1.219390848133413557e-01
8.579582390540306847e+01,1.492749307021287677e+04,1.492749307021287677e+04,1.980992911231378162e-01
8.579582391023231480e+01,1.492372287435624094e+04,1.492372287435624094e+04,3.201094668683528988e-01
8.579582392609376029e+01,1.488307292330550081e+04,1.488307292330550081e+04,4.336443709390718215e-01
8.579582394194173389e+01,1.483619065894291271e+04,1.483619065894291271e+04,6.720190333772557700e-01
8.579582395779394233e+01,1.477348712281964436e+04,1.477348712281964436e+04,8.674118571697279068e-01
8.579582397365484780e+01,1.468722687872128517e+04,1.468722687872128517e+04,9.664783519356530128e-01
8.579582398953381528e+01,1.459487635133533877e+04,1.459487635133533877e+04,1.073647456936585920e+00
8.579582400539943876e+01,1.449145202612695357e+04,1.449145202612695357e+04,1.158388865512418375e+00
8.579582402126246166e+01,1.438664517245071875e+04,1.438664517245071875e+04,1.134390709179877943e+00
8.579582403711792438e+01,1.429207380796151301e+04,1.429207380796151301e+04,1.107515710070580139e+00
8.579582405296916647e+01,1.419142166565221487e+04,1.419142166565221487e+04,1.009129450012560714e+00
8.579582406883793055e+01,1.411244266494644762e+04,1.411244266494644762e+04,8.824826433871006959e-01
8.579582408472869304e+01,1.402962077228664930e+04,1.402962077228664930e+04,7.595321988701302374e-01
8.579582410058634423e+01,1.396892958077820367e+04,1.396892958077820367e+04,5.889100803080270508e-01
8.579582411651820451e+01,1.393174788067140616e+04,1.393174788067140616e+04,4.062990934876588578e-01
8.579582413147510067e+01,1.390426203977328623e+04,1.390426203977328623e+04,2.559778210068293092e-01
8.579582414739959972e+01,1.387817400209372863e+04,1.387817400209372863e+04,2.057519916490994083e-01
8.579582416335188100e+01,1.387499241410535251e+04,1.387499241410535251e+04,1.619369570258796798e-01
8.579582417940747519e+01,1.386440612528813108e+04,1.386440612528813108e+04,1.369005251746935048e-01
8.579582419533498694e+01,1.385134840308108323e+04,1.385134840308108323e+04,1.124143935902939540e-01
8.579582421141498116e+01,1.384943730757090088e+04,1.384943730757090088e+04,9.722056082774112318e-02
8.579582422730267410e+01,1.384899820673280010e+04,1.384899820673280010e+04,8.219789802847561611e-02
8.579582424347303515e+01,1.384870357452610006e+04,1.384870357452610006e+04,7.276191018071437311e-02
8.579582425939690893e+01,1.384842479005825953e+04,1.384842479005825953e+04,6.422282940647587590e-02
8.579582427561901170e+01,1.384820243771826608e+04,1.384820243771826608e+04,5.818523288394201326e-02
8.579582429159076185e+01,1.384801461404481415e+04,1.384801461404481415e+04,5.243591071767195883e-02
8.579582430766768653e+01,1.384773984556825235e+04,1.384773984556825235e+04,4.771208527761044982e-02
8.579582432367038791e+01,1.384745606538972606e+04,1.384745606538972606e+04,4.271915875248142452e-02
8.579582433995177837e+01,1.384720323049131548e+04,1.384720323049131548e+04,3.955929346771812349e-02
8.579582435629427550e+01,1.384696894283458096e+04,1.384696894283458096e+04,3.662301682383724971e-02
8.579582437256966898e+01,1.384672232481592982e+04,1.384672232481592982e+04,3.433988380421863773e-02
8.579582438872510863e+01,1.384647810182718058e+04,1.384647810182718058e+04,3.113093454390962814e-02
8.579582440498316487e+01,1.384624213024166602e+04,1.384624213024166602e+04,2.941946765667378949e-02
8.579582442109949625e+01,1.384600945582784516e+04,1.384600945582784516e+04,2.798202288317129180e-02
8.579582443720796903e+01,1.384573681814320844e+04,1.384573681814320844e+04,2.654899820548567435e-02
8.579582445316883366e+01,1.384539669719072117e+04,1.384539669719072117e+04,2.513264943333950313e-02
8.579582447000022682e+01,1.384499264853563363e+04,1.384499264853563363e+04,2.378733403047520595e-02
8.579582448653692950e+01,1.384458207356811363e+04,1.384458207356811363e+04,2.247200605077029345e-02
8.579582450267784566e+01,1.384418240284649801e+04,1.384418240284649801e+04,2.118216672583091154e-02
8.579582451950398081e+01,1.384377272215785888e+04,1.384377272215785888e+04,2.003995180936074191e-02
8.579582453688871624e+01,1.384335929251552625e+04,1.384335929251552625e+04,1.910114368664326406e-02
8.579582455465511259e+01,1.384294702271557435e+04,1.384294702271557435e+04,1.859495316989094940e-02
8.579582457089837533e+01,1.384257504105297267e+04,1.384257504105297267e+04,1.799959626247410460e-02
8.579582458796899402e+01,1.384217947040670697e+04,1.384217947040670697e+04,1.697031593916966188e-02
8.579582460540036948e+01,1.384176127355458084e+04,1.384176127355458084e+04,1.607019310131418618e-02
8.579582462172521673e+01,1.384116592160320761e+04,1.384116592160320761e+04,1.595450549518253464e-02
8.579582463817928328e+01,1.384050342549508605e+04,1.384050342549508605e+04,1.518252348196515861e-02
8.579582465582360840e+01,1.383984092507156311e+04,1.383984092507156311e+04,1.437635334008833220e-02
8.579582467400021528e+01,1.383920958313758638e+04,1.383920958313758638e+04,1.428995952074216952e-02
8.579582469066576778e+01,1.383867256436567550e+04,1.383867256436567550e+04,1.354115221000110753e-02
8.579582470677030415e+01,1.383818641376471896e+04,1.383818641376471896e+04,1.330784849643424674e-02
8.579582472305646945e+01,1.383772052895885827e+04,1.383772052895885827e+04,1.282327996346731974e-02
8.579582474143876425e+01,1.383721290293789571e+04,1.383721290293789571e+04,1.230328394686839785e-02
8.579582475778644834e+01,1.383676009202339628e+04,1.383676009202339628e+04,1.214380876343535386e-02
8.579582477503518589e+01,1.383625385863216616e+04,1.383625385863216616e+04,1.153815471693867174e-02
8.579582479206229095e+01,1.383569193149367493e+04,1.383569193149367493e+04,1.147715299827367988e-02
8.579582481061822818e+01,1.383497523819653361e+04,1.383497523819653361e+04,1.083964205147701539e-02
8.579582482872092442e+01,1.383416609662976043e+04,1.383416609662976043e+04,1.084145683248556244e-02
8.579582484532917874e+01,1.383335700466932212e+04,1.383335700466932212e+04,1.030209112824173948e-02
8.579582486167771549e+01,1.383253935662560616e+04,1.383253935662560616e+04,1.024112426998348598e-02
8.579582487844346872e+01,1.383171611915689755e+04,1.383171611915689755e+04,9.964687511122581609e-03
8.579582489686002589e+01,1.383085894267362346e+04,1.383085894267362346e+04,9.658664159127102952e-03
8.579582491655997956e+01,1.383001406192298782e+04,1.383001406192298782e+04,9.473623702370509436e-03
8.579582493344577188e+01,1.382935312271221846e+04,1.382935312271221846e+04,9.116425987108121853e-03
8.579582495217481153e+01,1.382868626729108655e+04,1.382868626729108655e+04,9.089944378407169290e-03
8.579582496828859917e+01,1.382816437547592614e+04,1.382816437547592614e+04,8.640169400036642328e-03
8.579582498437555671e+01,1.382768692934211504e+04,1.382768692934211504e+04,8.637989759072239523e-03
8.579582500370747766e+01,1.382716501715432969e+04,1.382716501715432969e+04,8.433083376404545625e-03
8.579582502257220256e+01,1.382670433663835684e+04,1.382670433663835684e+04,8.141949344893598811e-03
8.579582503969002971e+01,1.382632330431468472e+04,1.382632330431468472e+04,8.143056335562963780e-03
8.579582505777464974e+01,1.382595508189938664e+04,1.382595508189938664e+04,7.751787071664410084e-03
8.579582507628302324e+01,1.382561139915606145e+04,1.382561139915606145e+04,7.707582360984554896e-03
8.579582509665095813e+01,1.382526877321904067e+04,1.382526877321904067e+04,7.588501317757601582e-03
8.579582511510413667e+01,1.382498852864171567e+04,1.382498852864171567e+04,7.276344520539906012e-03
8.579582513370263541e+01,1.382473394551659476e+04,1.382473394551659476e+04,7.292279247636587053e-03
8.579582515356926820e+01,1.382449239441964528e+04,1.382449239441964528e+04,7.075600882919252065e-03
8.579582517168562106e+01,1.382429942857927017e+04,1.382429942857927017e+04,6.871840161576616389e-03
8.579582519161301946e+01,1.382411716931492083e+04,1.382411716931492083e+04,6.881053748326930626e-03
8.579582520819624847e+01,1.382398896420751043e+04,1.382398896420751043e+04,6.691155520722695711e-03
8.579582522743025663e+01,1.382386548938051419e+04,1.382386548938051419e+04,6.494700451284146289e-03
8.579582524397861221e+01,1.382377893325975492e+04,1.382377893325975492e+04,6.511839793402683998e-03
8.579582526597970116e+01,1.382368788190723171e+04,1.382368788190723171e+04,6.324563749872599838e-03
8.579582528633505945e+01,1.382362337379503151e+04,1.382362337379503151e+04,6.138478599746750690e-03
8.579582530384496408e+01,1.382357959802346159e+04,1.382357959802346159e+04,6.153835345237898026e-03
8.579582531990858740e+01,1.382354681383695788e+04,1.382354681383695788e+04,6.066896537725135694e-03
8.579582533861139382e+01,1.382351552897755937e+04,1.382351552897755937e+04,5.815401590789774297e-03
8.579582535778230579e+01,1.382348935340083699e+04,1.382348935340083699e+04,5.808827630955589773e-03
8.579582537781860196e+01,1.382346680612041564e+04,1.382346680612041564e+04,5.780606434077690224e-03
8.579582539792659190e+01,1.382344791626758342e+04,1.382344791626758342e+04,5.547785512142941293e-03
8.579582541447803123e+01,1.382343453577639048e+04,1.382343453577639048e+04,5.484292101635973929e-03
8.579582543410634798e+01,1.382342064934390692e+04,1.382342064934390692e+04,5.496323529098750930e-03
8.579582545235459179e+01,1.382340927182018095e+04,1.382340927182018095e+04,5.409803134963955297e-03
8.579582547242782198e+01,1.382339810625235623e+04,1.382339810625235623e+04,5.195300034736091525e-03
8.579582548870745029e+01,1.382338988748135853e+04,1.382338988748135853e+04,5.185746629535570133e-03
8.579582551004702395e+01,1.382338002686826621e+04,1.382338002686826621e+04,5.185305055381647481e-03
8.579582553135311684e+01,1.382337101346260533e+04,1.382337101346260533e+04,5.038988147690894558e-03
8.579582555088587981e+01,1.382336333605743675e+04,1.382336333605743675e+04,4.904320294736260778e-03
8.579582556737712196e+01,1.382335720845836477e+04,1.382335720845836477e+04,4.906868009084156164e-03
8.579582558458095320e+01,1.382335110495510889e+04,1.382335110495510889e+04,4.900717422084986501e-03
8.579582560709033601e+01,1.382334347658831030e+04,1.382334347658831030e+04,4.760085754369104347e-03
8.579582562763941667e+01,1.382333679181396110e+04,1.382333679181396110e+04,4.636499519962157187e-03
8.579582564506354458e+01,1.382333127454248097e+04,1.382333127454248097e+04,4.639213633501191279e-03
8.579582566331831117e+01,1.382332559426280204e+04,1.382332559426280204e+04,4.631712327775952716e-03
8.579582568711350632e+01,1.382331825232942720e+04,1.382331825232942720e+04,4.495362556329561554e-03
8.579582570868807068e+01,1.382331155781374218e+04,1.382331155781374218e+04,4.383585981845057253e-03
8.579582572709048804e+01,1.382330572956887590e+04,1.382330572956887590e+04,4.386586432733455450e-03
8.579582574648449622e+01,1.382329937951294050e+04,1.382329937951294050e+04,4.377436598718526320e-03
8.579582576297705998e+01,1.382329373063404091e+04,1.382329373063404091e+04,4.307171204306211969e-03
8.579582577939794419e+01,1.382328780339895093e+04,1.382328780339895093e+04,4.171260427531267752e-03
8.579582580088160171e+01,1.382327946822495869e+04,1.382327946822495869e+04,4.142977740386408377e-03
8.579582582019897075e+01,1.382327128814425487e+04,1.382327128814425487e+04,4.150578112275374147e-03
8.579582584252371191e+01,1.382326087212741913e+04,1.382326087212741913e+04,4.111974370849806604e-03
8.579582586103414599e+01,1.382325136994795321e+04,1.382325136994795321e+04,4.005440140658788305e-03
8.579582587727014698e+01,1.382324235260473506e+04,1.382324235260473506e+04,3.923503581162810644e-03
8.579582589844005724e+01,1.382322964428516934e+04,1.382322964428516934e+04,3.919813102554555416e-03
8.579582591933720437e+01,1.382321611796053367e+04,1.382321611796053367e+04,3.921702916488495338e-03
8.579582593598757967e+01,1.382320474752976588e+04,1.382320474752976588e+04,3.883656580331547661e-03
8.579582595558804314e+01,1.382319084137671052e+04,1.382319084137671052e+04,3.777975415558874894e-03
8.579582597252141341e+01,1.382317852970269814e+04,1.382317852970269814e+04,3.709950386204601772e-03
8.579582599474528593e+01,1.382316219763465051e+04,1.382316219763465051e+04,3.707655164461067833e-03
8.579582601697538280e+01,1.382314595923422894e+04,1.382314595923422894e+04,3.707444045433778111e-03
8.579582603491766690e+01,1.382313311006986805e+04,1.382313311006986805e+04,3.666784892853978874e-03
8.579582605573146736e+01,1.382311866153929986e+04,1.382311866153929986e+04,3.560426036198370905e-03
8.579582607419214924e+01,1.382310635981993983e+04,1.382310635981993983e+04,3.507867435258080029e-03
8.579582609741727595e+01,1.382309166681534953e+04,1.382309166681534953e+04,3.507750496246821430e-03
8.579582612125302887e+01,1.382307755262256251e+04,1.382307755262256251e+04,3.503499377430750045e-03
8.579582614099638249e+01,1.382306660918255329e+04,1.382306660918255329e+04,3.455802238246130295e-03
8.579582616216575275e+01,1.382305560772624085e+04,1.382305560772624085e+04,3.349774784922984489e-03
8.579582618107296810e+01,1.382304639414875419e+04,1.382304639414875419e+04,3.317459554542108013e-03
8.579582619747371552e+01,1.382303884158644905e+04,1.382303884158644905e+04,3.316509610853982885e-03
8.579582621352864180e+01,1.382303181870061781e+04,1.382303181870061781e+04,3.320618852597635295e-03
8.579582623102312766e+01,1.382302455532264139e+04,1.382302455532264139e+04,3.310613320237226504e-03
8.579582625272993823e+01,1.382301606772793093e+04,1.382301606772793093e+04,3.256562574258180676e-03
8.579582627413894613e+01,1.382300820777063200e+04,1.382300820777063200e+04,3.152496870722863026e-03
8.579582629362107582e+01,1.382300145415982115e+04,1.382300145415982115e+04,3.137943805372753105e-03
8.579582631081922273e+01,1.382299578136038326e+04,1.382299578136038326e+04,3.138148520597262674e-03
8.579582632786535612e+01,1.382299040103912193e+04,1.382299040103912193e+04,3.141359341946875581e-03
8.579582634673128894e+01,1.382298470183273639e+04,1.382298470183273639e+04,3.128106940201103026e-03
8.579582637063251127e+01,1.382297783458197409e+04,1.382297783458197409e+04,3.067779168920622794e-03
8.579582639364494412e+01,1.382297155221086541e+04,1.382297155221086541e+04,2.973256523643199624e-03
8.579582641359856154e+01,1.382296634278599595e+04,1.382296634278599595e+04,2.968450871765147131e-03
8.579582643159760380e+01,1.382296181354951841e+04,1.382296181354951841e+04,2.970049924776549822e-03
8.579582644981095996e+01,1.382295738237924525e+04,1.382295738237924525e+04,2.971531792273195745e-03
8.579582647046954946e+01,1.382295252792187603e+04,1.382295252792187603e+04,2.952639300981740791e-03
8.579582649761809421e+01,1.382294639744477718e+04,1.382294639744477718e+04,2.879391720887816263e-03
8.579582652051503544e+01,1.382294143008974243e+04,1.382294143008974243e+04,2.812377401740451689e-03
8.579582654082543058e+01,1.382293716593167846e+04,1.382293716593167846e+04,2.808785760645406745e-03
8.579582655974279248e+01,1.382293330683558634e+04,1.382293330683558634e+04,2.811403796220344944e-03
8.579582657936308010e+01,1.382292941554143181e+04,1.382292941554143181e+04,2.810022606316938624e-03
8.579582660230541080e+01,1.382292499546585350e+04,1.382292499546585350e+04,2.783475312753260454e-03
8.579582662930121728e+01,1.382291996870713047e+04,1.382291996870713047e+04,2.708431644994834311e-03
8.579582665278152831e+01,1.382291574037157807e+04,1.382291574037157807e+04,2.660728471657128509e-03
8.579582667376377003e+01,1.382291206894627976e+04,1.382291206894627976e+04,2.658384465704117811e-03
8.579582669371521320e+01,1.382290866750214991e+04,1.382290866750214991e+04,2.661174025200502367e-03
8.579582671483454703e+01,1.382290515963155485e+04,1.382290515963155485e+04,2.657129282148467612e-03
8.579582674012310406e+01,1.382290107743956287e+04,1.382290107743956287e+04,2.624679008554151299e-03
8.579582675611020193e+01,1.382289856040153791e+04,1.382289856040153791e+04,2.585888220613999453e-03
8.579582678207883362e+01,1.382289457008313184e+04,1.382289457008313184e+04,2.519344155270767348e-03
8.579582680499740377e+01,1.382289114313416758e+04,1.382289114313416758e+04,2.516233742337919965e-03
8.579582682614127975e+01,1.382288805028430215e+04,1.382288805028430215e+04,2.518177356625294749e-03
8.579582684791806457e+01,1.382288492951769877e+04,1.382288492951769877e+04,2.517315194833617126e-03
8.579582687318118417e+01,1.382288137534081761e+04,1.382288137534081761e+04,2.495235381428591564e-03
8.579582690313408477e+01,1.382287723143028779e+04,1.382287723143028779e+04,2.430269641261329720e-03
8.579582692949063016e+01,1.382287362001659676e+04,1.382287362001659676e+04,2.384112035495484453e-03
8.579582695303118101e+01,1.382287039860698678e+04,1.382287039860698678e+04,2.382053518005759242e-03
8.579582697529446023e+01,1.382286733288183314e+04,1.382286733288183314e+04,2.384304158318429397e-03
8.579582699878287144e+01,1.382286405796455074e+04,1.382286405796455074e+04,2.380782367413204585e-03
8.579582702679908834e+01,1.382286005932998887e+04,1.382286005932998887e+04,2.352387830532818788e-03
8.579582704443362218e+01,1.382285747157691003e+04,1.382285747157691003e+04,2.318338066669634739e-03
8.579582707345520021e+01,1.382285305786513891e+04,1.382285305786513891e+04,2.257744141253372177e-03
8.579582709905194804e+01,1.382284897011274734e+04,1.382284897011274734e+04,2.255305479322439362e-03
8.579582712263849942e+01,1.382284500905677123e+04,1.382284500905677123e+04,2.256905930463838812e-03
8.579582714693245293e+01,1.382284071171953110e+04,1.382284071171953110e+04,2.255846073916143325e-03
8.579582717511785006e+01,1.382283542031893921e+04,1.382283542031893921e+04,2.235688780488497614e-03
8.579582719231672172e+01,1.382283202137320950e+04,1.382283202137320950e+04,2.210335318962127881e-03
8.579582720842482502e+01,1.382282871529302975e+04,1.382282871529302975e+04,2.176905475851240168e-03
8.579582723768291430e+01,1.382282240031996844e+04,1.382282240031996844e+04,2.137170154871928084e-03
8.579582726388471769e+01,1.382281640655131923e+04,1.382281640655131923e+04,2.135637614939632327e-03
8.579582728871211827e+01,1.382281043607695574e+04,1.382281043607695574e+04,2.137505201717012498e-03
8.579582731500754278e+01,1.382280382080323943e+04,1.382280382080323943e+04,2.133640166245264966e-03
8.579582734651842202e+01,1.382279552127679563e+04,1.382279552127679563e+04,2.106628224891393848e-03
8.579582736647662955e+01,1.382279007606817686e+04,1.382279007606817686e+04,2.074397115819914383e-03
8.579582738233747818e+01,1.382278565162147243e+04,1.382278565162147243e+04,2.039445866835101935e-03
8.579582739835112193e+01,1.382278110835564803e+04,1.382278110835564803e+04,2.024287182787041194e-03
8.579582742663316708e+01,1.382277291179606254e+04,1.382277291179606254e+04,2.022524109275991404e-03
8.579582745288773538e+01,1.382276513703248020e+04,1.382276513703248020e+04,2.024002916485450037e-03
8.579582748015292282e+01,1.382275692833642825e+04,1.382275692833642825e+04,2.022131468337048325e-03
8.579582751208361913e+01,1.382274718173535075e+04,1.382274718173535075e+04,2.001713940202504843e-03
8.579582753177056986e+01,1.382274111994485793e+04,1.382274111994485793e+04,1.976639383402570196e-03
8.579582754924740584e+01,1.382273571607411395e+04,1.382273571607411395e+04,1.945637367658299916e-03
8.579582756694111367e+01,1.382273022883239719e+04,1.382273022883239719e+04,1.917338655335312477e-03
8.579582758288917432e+01,1.382272527618099593e+04,1.382272527618099593e+04,1.916622629121790241e-03
8.579582761165146110e+01,1.382271633311430742e+04,1.382271633311430742e+04,1.915915957133431345e-03
8.579582763936542733e+01,1.382270772896868220e+04,1.382270772896868220e+04,1.917380862157774422e-03
8.579582766926817783e+01,1.382269846884879553e+04,1.382269846884879553e+04,1.911573151052700908e-03
8.579582768633159162e+01,1.382269320468497790e+04,1.382269320468497790e+04,1.901062971640875635e-03
8.579582770593218299e+01,1.382268717893592111e+04,1.382268717893592111e+04,1.881447634637815241e-03
8.579582772530315538e+01,1.382268124877965420e+04,1.382268124877965420e+04,1.853634527132106899e-03
8.579582774261123745e+01,1.382267597409599875e+04,1.382267597409599875e+04,1.820795004674283148e-03
8.579582776004203026e+01,1.382267068511929756e+04,1.382267068511929756e+04,1.815972896131405091e-03
8.579582777603317822e+01,1.382266585442118048e+04,1.382266585442118048e+04,1.815115157897491263e-03
8.579582780571006140e+01,1.382265695228306322e+04,1.382265695228306322e+04,1.815435064573255389e-03
8.579582783527101242e+01,1.382264816392647845e+04,1.382264816392647845e+04,1.815955736896910635e-03
8.579582786831332442e+01,1.382263844152813363e+04,1.382263844152813363e+04,1.805564599069975004e-03
8.579582788776262703e+01,1.382263276897475407e+04,1.382263276897475407e+04,1.790881976081813275e-03
8.579582791084058613e+01,1.382262608832012120e+04,1.382262608832012120e+04,1.764318143306015238e-03
8.579582792954138881e+01,1.382262071511056274e+04,1.382262071511056274e+04,1.734772832990151125e-03
8.579582794842576732e+01,1.382261532454181361e+04,1.382261532454181361e+04,1.720590707508439779e-03
8.579582796565394176e+01,1.382261044091042822e+04,1.382261044091042822e+04,1.719929733479958660e-03
8.579582798174494940e+01,1.382260590476809375e+04,1.382260590476809375e+04,1.719507589924966842e-03
8.579582801261999236e+01,1.382259727860608291e+04,1.382259727860608291e+04,1.720621545309197623e-03
8.579582804468486756e+01,1.382258842600360731e+04,1.382258842600360731e+04,1.718715269003297718e-03
8.579582806241755577e+01,1.382258357611997963e+04,1.382258357611997963e+04,1.712867043064670832e-03
8.579582808224037649e+01,1.382257819438551815e+04,1.382257819438551815e+04,1.700914053196983912e-03
8.579582810540863136e+01,1.382257195457351736e+04,1.382257195457351736e+04,1.679144650930685040e-03
8.579582812576005324e+01,1.382256652283924086e+04,1.382256652283924086e+04,1.652484371553625394e-03
8.579582814635186594e+01,1.382256107258998782e+04,1.382256107258998782e+04,1.630280030361254103e-03
8.579582816494576036e+01,1.382255618950262397e+04,1.382255618950262397e+04,1.629962611759836789e-03
8.579582818216083240e+01,1.382255170197476400e+04,1.382255170197476400e+04,1.629464336107970188e-03
8.579582819863266252e+01,1.382254743821460761e+04,1.382254743821460761e+04,1.629639837171228609e-03
8.579582821484218869e+01,1.382254326995860902e+04,1.382254326995860902e+04,1.630303507196693763e-03
8.579582823124289348e+01,1.382253908327206045e+04,1.382253908327206045e+04,1.630612389720269978e-03
8.579582824831544485e+01,1.382253475978084680e+04,1.382253475978084680e+04,1.629293118373223090e-03
8.579582826662345951e+01,1.382253015475893153e+04,1.382253015475893153e+04,1.624756379031205280e-03
8.579582828690949725e+01,1.382252510104474459e+04,1.382252510104474459e+04,1.615009995783925735e-03
8.579582831032428203e+01,1.382251932308799951e+04,1.382251932308799951e+04,1.597012614696682528e-03
8.579582833247084750e+01,1.382251391959492139e+04,1.382251391959492139e+04,1.572816573734610920e-03
8.579582835250781159e+01,1.382250908025727949e+04,1.382250908025727949e+04,1.544590421628540223e-03
8.579582837269104800e+01,1.382250425309930142e+04,1.382250425309930142e+04,1.544929362149762009e-03
8.579582839124414306e+01,1.382249986090608763e+04,1.382249986090608763e+04,1.544432008983915488e-03
8.579582840881592176e+01,1.382249573936356137e+04,1.382249573936356137e+04,1.544391473069056577e-03
8.579582842595441150e+01,1.382249175788720640e+04,1.382249175788720640e+04,1.544917325884586495e-03
8.579582844314101919e+01,1.382248780252493816e+04,1.382248780252493816e+04,1.545395925663497214e-03
8.579582846086832149e+01,1.382248376219653801e+04,1.382248376219653801e+04,1.544742599910606425e-03
8.579582847969503234e+01,1.382247951724117411e+04,1.382247951724117411e+04,1.541546474039035431e-03
8.579582850032859653e+01,1.382247491833378444e+04,1.382247491833378444e+04,1.534064850601241916e-03
8.579582852380244162e+01,1.382246975835778539e+04,1.382246975835778539e+04,1.519842673848085385e-03
8.579582854849934392e+01,1.382246441118193252e+04,1.382246441118193252e+04,1.497823436976571804e-03
8.579582857013367914e+01,1.382245979655789233e+04,1.382245979655789233e+04,1.471875263271448572e-03
8.579582859194033517e+01,1.382245521809421189e+04,1.382245521809421189e+04,1.464425093406726249e-03
8.579582861188428922e+01,1.382245108964227438e+04,1.382245108964227438e+04,1.464065212498372051e-03
8.579582863062159959e+01,1.382244726654313672e+04,1.382244726654313672e+04,1.463900941201377003e-03
8.579582864876769577e+01,1.382244361421600661e+04,1.382244361421600661e+04,1.464287744880009767e-03
8.579582866683720965e+01,1.382244002853422171e+04,1.382244002853422171e+04,1.464805358766774548e-03
8.579582868534158990e+01,1.382243640915457581e+04,1.382243640915457581e+04,1.464531810743150168e-03
8.579582870484625801e+01,1.382243265438549133e+04,1.382243265438549133e+04,1.462205697091091940e-03
8.579582872604650845e+01,1.382242864517810631e+04,1.382242864517810631e+04,1.456265254799559913e-03
8.579582874991731956e+01,1.382242421685372574e+04,1.382242421685372574e+04,1.444610723295121314e-03
8.579582877813867015e+01,1.382241910566270963e+04,1.382241910566270963e+04,1.423479411004128798e-03
8.579582880125138900e+01,1.382241502266329917e+04,1.382241502266329917e+04,1.399590026835956669e-03
8.579582882458934989e+01,1.382241099010162907e+04,1.382241099010162907e+04,1.388236843009071778e-03
8.579582884585990143e+01,1.382240739914744518e+04,1.382240739914744518e+04,1.388048850266608005e-03
8.579582886575174427e+01,1.382240411392345777e+04,1.382240411392345777e+04,1.387862326445961315e-03
8.579582888494236670e+01,1.382240100719172733e+04,1.382240100719172733e+04,1.388165734584874932e-03
8.579582890398080508e+01,1.382239799290355950e+04,1.382239799290355950e+04,1.388656693730942748e-03
8.579582892340332023e+01,1.382239498446725702e+04,1.382239498446725702e+04,1.388524450756590612e-03
8.579582894379501568e+01,1.382239189792105390e+04,1.382239189792105390e+04,1.386616179518077290e-03
8.579582896586440199e+01,1.382238864198229021e+04,1.382238864198229021e+04,1.381492463259027066e-03
8.579582899058590328e+01,1.382238509804084242e+04,1.382238509804084242e+04,1.371249904238609936e-03
8.579582901958228547e+01,1.382238107833955837e+04,1.382238107833955837e+04,1.352629178967939801e-03
8.579582904430978374e+01,1.382237776614639915e+04,1.382237776614639915e+04,1.330530601984305410e-03
8.579582906930036756e+01,1.382237452731215672e+04,1.382237452731215672e+04,1.316168529444538497e-03
8.579582909196562923e+01,1.382237168212219512e+04,1.382237168212219512e+04,1.316171140180051038e-03
8.579582911307002746e+01,1.382236910959587476e+04,1.382236910959587476e+04,1.315991889631951735e-03
8.579582913336265904e+01,1.382236670368282103e+04,1.382236670368282103e+04,1.316230675832956920e-03
8.579582915342977856e+01,1.382236438947441820e+04,1.382236438947441820e+04,1.316686182544363594e-03
8.579582917383505958e+01,1.382236210188311270e+04,1.382236210188311270e+04,1.316646046338474383e-03
8.579582919518618667e+01,1.382235977300317245e+04,1.382235977300317245e+04,1.315055090676350196e-03
8.579582921820991714e+01,1.382235733706595238e+04,1.382235733706595238e+04,1.310581641595177710e-03
8.579582924388977005e+01,1.382235470605178853e+04,1.382235470605178853e+04,1.301483239618318657e-03
8.579582927382048751e+01,1.382235174618947167e+04,1.382235174618947167e+04,1.284879094909632726e-03
8.579582930021504694e+01,1.382234922501894835e+04,1.382234922501894835e+04,1.264339718313077380e-03
8.579582932691306496e+01,1.382234675553848683e+04,1.382234675553848683e+04,1.248009099377398899e-03
8.579582935101535668e+01,1.382234458744541735e+04,1.382234458744541735e+04,1.248197106875744734e-03
8.579582937337727344e+01,1.382234262195394331e+04,1.382234262195394331e+04,1.248048638848589997e-03
8.579582939482347115e+01,1.382234077755209728e+04,1.382234077755209728e+04,1.248244240639467687e-03
8.579582941597918477e+01,1.382233899059439682e+04,1.382233899059439682e+04,1.248661673067793642e-03
8.579582943743794488e+01,1.382233720884185641e+04,1.382233720884185641e+04,1.248670785093525899e-03
8.579582945983364084e+01,1.382233537354101099e+04,1.382233537354101099e+04,1.247301148451369392e-03
8.579582948391738739e+01,1.382233342927502963e+04,1.382233342927502963e+04,1.243314061011478126e-03
8.579582951069362196e+01,1.382233128881547418e+04,1.382233128881547418e+04,1.235096641589740083e-03
8.579582954176062515e+01,1.382232883105045948e+04,1.382232883105045948e+04,1.220044326949810531e-03
8.579582956983402653e+01,1.382232661941531114e+04,1.382232661941531114e+04,1.200837005534072070e-03
8.579582959539172293e+01,1.382232460742819421e+04,1.382232460742819421e+04,1.183428377825347655e-03
8.579582962112274913e+01,1.382232257474894504e+04,1.382232257474894504e+04,1.183918522379865659e-03
8.579582964494690600e+01,1.382232068271836033e+04,1.382232068271836033e+04,1.183810664191516223e-03
8.579582966766922425e+01,1.382231886515759834e+04,1.382231886515759834e+04,1.183945350833481890e-03
8.579582968997965509e+01,1.382231706182864764e+04,1.382231706182864764e+04,1.184324020663204058e-03
8.579582971250475509e+01,1.382231522269754350e+04,1.382231522269754350e+04,1.184425795513286122e-03
8.579582973590129313e+01,1.382231328352324635e+04,1.382231328352324635e+04,1.183382234623833349e-03
8.579582976093345792e+01,1.382231117732872008e+04,1.382231117732872008e+04,1.180061938979839239e-03
8.579582978860136677e+01,1.382230880468661599e+04,1.382230880468661599e+04,1.173006661451791869e-03
8.579582982044314576e+01,1.382230600975812558e+04,1.382230600975812558e+04,1.159963313937012854e-03
8.579582985062627642e+01,1.382230329079027797e+04,1.382230329079027797e+04,1.142263866963729672e-03
8.579582987792085191e+01,1.382230076841508344e+04,1.382230076841508344e+04,1.122315641908602259e-03
8.579582990541673837e+01,1.382229816751973704e+04,1.382229816751973704e+04,1.123102885442658818e-03
8.579582993074706110e+01,1.382229571072224280e+04,1.382229571072224280e+04,1.123063616365549628e-03
8.579582995480600971e+01,1.382229332343769056e+04,1.382229332343769056e+04,1.123163348524123997e-03
8.579582997834138780e+01,1.382229093735905371e+04,1.382229093735905371e+04,1.123502458791123329e-03
8.579583000201527909e+01,1.382228848673103130e+04,1.382228848673103130e+04,1.123651509029086493e-03
8.579583002651139623e+01,1.382228589185019337e+04,1.382228589185019337e+04,1.122830179575535874e-03
8.579583005261456208e+01,1.382228306771954885e+04,1.382228306771954885e+04,1.119999082332011862e-03
8.579583008133468525e+01,1.382227988356161404e+04,1.382227988356161404e+04,1.113822941299718499e-03
8.579583011418689864e+01,1.382227614462538259e+04,1.382227614462538259e+04,1.102299780173947091e-03
8.579583014659634443e+01,1.382227235410051071e+04,1.382227235410051071e+04,1.085815745626738694e-03
8.579583017563824399e+01,1.382226887631649879e+04,1.382226887631649879e+04,1.066118835415193417e-03
8.579583020491010359e+01,1.382226529276206566e+04,1.382226529276206566e+04,1.065567796745804652e-03
8.579583023177451651e+01,1.382226193448980848e+04,1.382226193448980848e+04,1.065607285595835492e-03
8.579583025721544232e+01,1.382225869752336257e+04,1.382225869752336257e+04,1.065695892114335063e-03
8.579583028203933281e+01,1.382225548394193356e+04,1.382225548394193356e+04,1.066001770796356878e-03
8.579583030694621471e+01,1.382225220784122757e+04,1.382225220784122757e+04,1.066164909214872098e-03
8.579583033265144820e+01,1.382224877406549786e+04,1.382224877406549786e+04,1.065476680268759172e-03
8.579583035996843421e+01,1.382224506833278610e+04,1.382224506833278610e+04,1.062974065077625964e-03
8.579583038993251876e+01,1.382224093814528896e+04,1.382224093814528896e+04,1.057418030281558801e-03
8.579583042407267612e+01,1.382223615079149931e+04,1.382223615079149931e+04,1.046981330789708339e-03
8.579583045867126145e+01,1.382223121870817340e+04,1.382223121870817340e+04,1.031495787165928905e-03
8.579583048944047619e+01,1.382222676542102090e+04,1.382222676542102090e+04,1.013000567002412481e-03
8.579583052045133229e+01,1.382222221652388725e+04,1.382222221652388725e+04,1.011145408659708473e-03
8.579583054885999616e+01,1.382221800258271287e+04,1.382221800258271287e+04,1.011257596778346573e-03
8.579583057571848315e+01,1.382221397388947844e+04,1.382221397388947844e+04,1.011351584334705149e-03
8.579583060188922161e+01,1.382221001191754476e+04,1.382221001191754476e+04,1.011632528292038744e-03
8.579583062811181549e+01,1.382220601028166857e+04,1.382220601028166857e+04,1.011788426803107623e-03
8.579583065513749318e+01,1.382220184885753042e+04,1.382220184885753042e+04,1.011166489423460718e-03
8.579583068381602118e+01,1.382219739757018397e+04,1.382219739757018397e+04,1.008865933062054769e-03
8.579583071522306170e+01,1.382219248529230026e+04,1.382219248529230026e+04,1.003722946376778020e-03
8.579583075093501066e+01,1.382218685444839321e+04,1.382218685444839321e+04,9.940305079055788365e-04
8.579583455008621229e+01,1.382155290444578532e+04,1.382155290444578532e+04,6.234086055151736921e-04
8.579584041370578973e+01,1.381997846187311552e+04,1.381997846187311552e+04,3.917288069114634153e-04
8.579585027122659824e+01,1.381745443010450617e+04,1.381745443010450617e+04,2.441656922742807784e-04
8.579586559856775807e+01,1.380697069457721955e+04,1.380697069457721955e+04,1.527451679754062916e-04
8.579589108100731210e+01,1.379899677055664870e+04,1.379899677055664870e+04,9.605203663617374414e-05
8.579593098599596601e+01,1.379880690241656521e+04,1.379880690241656521e+04,5.999133077551198372e-05
8.579599671183628118e+01,1.379869491128175832e+04,1.379869491128175832e+04,3.761640086941082711e-05
8.579609777643776169e+01,1.379896082852965264e+04,1.379896082852965264e+04,2.371485008073102746e-05
8.579626174529786908e+01,1.379936840703518828e+04,1.379936840703518828e+04,1.492601322360153581e-05
8.579652827122143322e+01,1.379992201597400344e+04,1.379992201597400344e+04,9.323476399115838756e-06
8.579695630150409613e+01,1.380053319938013919e+04,1.380053319938013919e+04,5.858967564013548091e-06
8.579768318052180121e+01,1.380097176896904421e+04,1.380097176896904421e+04,3.662054411587302535e-06
8.579884514060688616e+01,1.380112156288247206e+04,1.458578457226773207e+04,2.277423665944965389e-06
8.580085141449315245e+01,1.380113236579076874e+04,1.496443524809816336e+04,1.422928172596438339e-06
8.580397368072746644e+01,1.379786266279967822e+04,1.526875344938055605e+04,8.918448887759284162e-07
8.580907010998058126e+01,1.377926746273556091e+04,1.554307330748387903e+04,5.626221176500867703e-07
8.581747328164668431e+01,1.377765677066127864e+04,1.578766699121606325e+04,3.519409571854629369e-07
8.583116035535036303e+01,1.377804176054038544e+04,1.599720717027060709e+04,2.199052701855124010e-07
8.585171762849017796e+01,1.377909909241634705e+04,1.616828657940406629e+04,1.387053551400685852e-07
8.587682936200775430e+01,1.378030431385747579e+04,1.629703601264599820e+04,9.128255946944057434e-08
8.590221725688802223e+01,1.378173691977585622e+04,1.639025417672390904e+04,6.394239398568841647e-08
8.592734091992026890e+01,1.378298633832070300e+04,1.646373247690142671e+04,4.673041272171994285e-08
8.595256268707552749e+01,1.378399488830596238e+04,1.652602001825452680e+04,3.527501705550797355e-08
8.597760202077718361e+01,1.658016267224530020e+04,1.658016267224530020e+04,2.716340601270475321e-08
8.600265684783379072e+01,1.662887711356802538e+04,1.662887711356802538e+04,2.139456440969223152e-08
8.601420883129723904e+01,1.664995241796941627e+04,1.664995241796941627e+04,3.411444308504160089e-08
8.601520764165037747e+01,1.665172586145629975e+04,1.665172586145629975e+04,5.406944282856658468e-08
8.601582907635760478e+01,1.665282303947360560e+04,1.665282303947360560e+04,8.640846456817685415e-08
8.601620624431437534e+01,1.665348531391967845e+04,1.665348531391967845e+04,1.378498551650954667e-07
8.601643450178042372e+01,1.665388385665481837e+04,1.665388385665481837e+04,2.188532559012402563e-07
8.601657550687447440e+01,1.665412814866210101e+04,1.665412814866210101e+04,3.483316979344154713e-07
8.601666261835418936e+01,1.665427693357929456e+04,1.665427693357929456e+04,5.552203991328868528e-07
8.601671606804659120e+01,1.665436702286495711e+04,1.665436702286495711e+04,8.806086302415920628e-07
8.601674961537455033e+01,1.665442210461969080e+04,1.665442210461969080e+04,1.400797388595472895e-06
8.601677062097337512e+01,1.665445453644786539e+04,1.665445453644786539e+04,2.231944666843399386e-06
8.601678363325514454e+01,1.665447332275279405e+04,1.665447332275279405e+04,3.538921612684134699e-06
8.601679182392244627e+01,1.665448336092180398e+04,1.665448336092180398e+04,5.613734615791388840e-06
8.601679704461058407e+01,1.665448851264880795e+04,1.665448851264880795e+04,8.970468970507249716e-06
8.601680029994892607e+01,1.665449031042342904e+04,1.665449031042342904e+04,1.430973351918317142e-05
8.601680232097903911e+01,1.665448953825658100e+04,1.665448953825658100e+04,2.268990287547383337e-05
8.601680360276657211e+01,1.665448774046242397e+04,1.665448774046242397e+04,3.606373398482095070e-05
8.601680441771290475e+01,1.665448490525550005e+04,1.665448490525550005e+04,5.759123510948266171e-05
8.601680492361286667e+01,1.665448181658811154e+04,1.665448181658811154e+04,9.129613358973024881e-05
8.601680524547366247e+01,1.665447847422580162e+04,1.665447847422580162e+04,1.449942106515294106e-04
8.601680545106147235e+01,1.665447461329387806e+04,1.665447461329387806e+04,2.311628198963066975e-04
8.601680558186585301e+01,1.665447075236195087e+04,1.665447075236195087e+04,3.691222251852394813e-04
8.601680566484061785e+01,1.665446637325117263e+04,1.665446637325117263e+04,5.878919993496267054e-04
8.601680571883308346e+01,1.665446225831171614e+04,1.665446225831171614e+04,9.423073913354536009e-04
8.601680572589769724e+01,1.665446148612533216e+04,1.665446148612533216e+04,1.021097190061119511e-03
8.601680574302059767e+01,1.665445916956617657e+04,1.665445916956617657e+04,1.276388468384280408e-03
8.601680576006945955e+01,1.665445685300702098e+04,1.665445685300702098e+04,1.685083628235004146e-03
8.601680577719695009e+01,1.665445299207509379e+04,1.665445299207509379e+04,2.435840503361912796e-03
8.601680579301404350e+01,1.665444758677039863e+04,1.665444758677039863e+04,3.940819797723947582e-03
8.601680580423411016e+01,1.665444140927931949e+04,1.665444140927931949e+04,6.451421202741773608e-03
8.601680581192385944e+01,1.665443445960185272e+04,1.665443445960185272e+04,1.031258999237374616e-02
8.601680581806029124e+01,1.665442596555161799e+04,1.665442596555161799e+04,1.706373222983974258e-02
8.601680582291159283e+01,1.665441515494222404e+04,1.665441515494222404e+04,2.757857575327691060e-02
8.601680582761898108e+01,1.665440048340091016e+04,1.665440048340091016e+04,4.470018658973085729e-02
8.601680583333468633e+01,1.665437551713012363e+04,1.665437551713012363e+04,7.144164720888372677e-02
8.601680584926903350e+01,1.665427590256589974e+04,1.665427590256589974e+04,9.700286370660259061e-02
8.601680586512436832e+01,1.665416598770985365e+04,1.665416598770985365e+04,1.015673167650091857e-01
8.601680588108234815e+01,1.665405143382100141e+04,1.665405143382100141e+04,1.049993367778584430e-01
8.601680589693182810e+01,1.665393428984289130e+04,1.665393428984289130e+04,1.076294450790560991e-01
8.601680591285190758e+01,1.665381458580884282e+04,1.665381458580884282e+04,1.093845501386819380e-01
8.601680592872732234e+01,1.665369433462071902e+04,1.665369433462071902e+04,1.101540410340387799e-01
8.601680594458187556e+01,1.665357385220467768e+04,1.665357385220467768e+04,1.108878639531976074e-01
8.601680596051259897e+01,1.665345309009245830e+04,1.665345309009245830e+04,1.103183063380695217e-01
8.601680597640051928e+01,1.665333386659210009e+04,1.665333386659210009e+04,1.090615120172050562e-01
8.601680599230010671e+01,1.665321744090252105e+04,1.665321744090252105e+04,1.068138087440237138e-01
8.601680600825325484e+01,1.665310438175219679e+04,1.665310438175219679e+04,1.034225764476326137e-01
8.601680602412872645e+01,1.665299701524432749e+04,1.665299701524432749e+04,9.865707449992557054e-02
8.601680604004819486e+01,1.665289630670058978e+04,1.665289630670058978e+04,9.276470712019398157e-02
8.601680605598495788e+01,1.665280409011884331e+04,1.665280409011884331e+04,8.494542798177723286e-02
8.601680607185268457e+01,1.665272452673648513e+04,1.665272452673648513e+04,7.482333798493727428e-02
8.601680608774472603e+01,1.665266011273703043e+04,1.665266011273703043e+04,6.210867195092115156e-02
8.601680610369477620e+01,1.665261299148289982e+04,1.665261299148289982e+04,4.696137282676488001e-02
8.601680611955809752e+01,1.665258333549043891e+04,1.665258333549043891e+04,3.267745425247357838e-02
8.601680613541424236e+01,1.665256634050958382e+04,1.665256634050958382e+04,2.177502859641863853e-02
8.601680615160574916e+01,1.665255552552176596e+04,1.665255552552176596e+04,1.459803304679565226e-02
8.601680616765987963e+01,1.665254934552872510e+04,1.665254934552872510e+04,1.027925236179922514e-02
8.601680618398762590e+01,1.665254548303307820e+04,1.665254548303307820e+04,7.598954734680724889e-03
8.601680620019607204e+01,1.665254239303655777e+04,1.665254239303655777e+04,5.835140512276647262e-03
8.601680621705121155e+01,1.665254007553916745e+04,1.665254007553916745e+04,4.610495908533893128e-03
8.601680623309145801e+01,1.665253853054090723e+04,1.665253853054090723e+04,3.826374925353894646e-03
8.601680624988621560e+01,1.665253698554264702e+04,1.665253698554264702e+04,3.205544635966128125e-03
8.601680626592681733e+01,1.665253621304351691e+04,1.665253621304351691e+04,2.740340885840006346e-03
8.601680628322088751e+01,1.665253513754812593e+04,1.665253513754812593e+04,2.368132466372120399e-03
8.601680630014504914e+01,1.665253436502944169e+04,1.665253436502944169e+04,2.083595778780668577e-03
8.601680631916921982e+01,1.665253389554613022e+04,1.665253389554613022e+04,1.827766062275312927e-03
8.601680633649272067e+01,1.665253312304700012e+04,1.665253312304700012e+04,1.635991795061367271e-03
8.601680635277260478e+01,1.665253235054787001e+04,1.665253235054787001e+04,1.490684509039262064e-03
8.601680637057231138e+01,1.665253204747338532e+04,1.665253204747338532e+04,1.355183296860379199e-03
8.601680638824207392e+01,1.665253157804873990e+04,1.665253157804873990e+04,1.240413423592275077e-03
8.601680640713762216e+01,1.665253127495470108e+04,1.665253127495470108e+04,1.135836681282388887e-03
8.601680642472064164e+01,1.665253080554960979e+04,1.665253080554960979e+04,1.052949604427220586e-03
8.601680643903578982e+01,1.665253080554960979e+04,1.665253080554960979e+04,9.947511839235865291e-04
8.601680658749054942e+01,1.665252895739864834e+04,1.665252895739864834e+04,6.139384572718291962e-04
8.601680681187852429e+01,1.665252771555308937e+04,1.665252771555308937e+04,3.782963377877013723e-04
8.601680712961015729e+01,1.665252663984259198e+04,1.665252663984259198e+04,2.384678934368020720e-04
8.601680763926437123e+01,1.665252617055482915e+04,1.665252617055482915e+04,1.475654227304765739e-04
8.601680841777715614e+01,1.665252617055482915e+04,1.665252617055482915e+04,9.120419847669849892e-05
8.601680955540801676e+01,1.665252741236127986e+04,1.665252741236127986e+04,5.728943392729687894e-05
8.601681130672500331e+01,1.665252926055134958e+04,1.665252926055134958e+04,3.600121829716021113e-05
8.601681409631575548e+01,1.665253312304700012e+04,1.665253312304700012e+04,2.221866373928210628e-05
8.601681846005824639e+01,1.665254007553916745e+04,1.665254007553916745e+04,1.371765525039898476e-05
8.601682507367630137e+01,1.665255058792182172e+04,1.665255058792182172e+04,8.549700876225099709e-06
8.601683566931266967e+01,1.665256788550784404e+04,1.665256788550784404e+04,5.291401043976228698e-06
8.601685251545832500e+01,1.665259646797564710e+04,1.665259646797564710e+04,3.222361288800384749e-06
8.601688017049936263e+01,1.665264359042256910e+04,1.665264359042256910e+04,1.929867490976485796e-06
8.601692294265596672e+01,2.166709785860220109e+03,1.665271650374606907e+04,1.179121796723430448e-06
8.601699226099695750e+01,2.264078617512715027e+03,1.665283576097978585e+04,7.139599120625645207e-07
8.601709667836196616e+01,2.315423477881525741e+03,1.665301555334640580e+04,4.386974019891806661e-07
8.601725648980855965e+01,2.352107494967686762e+03,1.665329081903266342e+04,2.734463747717189390e-07
8.601750104850758305e+01,2.380402853909770784e+03,1.665371209805385297e+04,1.709091470916862236e-07
8.601792212814712002e+01,2.407057086516499567e+03,1.665443574919221282e+04,1.027068698808453468e-07
8.601851829361322643e+01,2.429235545526335045e+03,1.665545843671312832e+04,6.427911721020445113e-08
8.601947679034753946e+01,2.451199666743646958e+03,1.665709607450314070e+04,3.967588927836088586e-08
8.602090590864507647e+01,2.471675194725726215e+03,1.665952345064434485e+04,2.485199300436071177e-08
8.604176514009917298e+01,2.555343565521303844e+03,1.669407242800668973e+04,1.553595239373935350e-08
8.606820168096066936e+01,2.584980347946193888e+03,1.673530194154255150e+04,1.283440209628385977e-08
8.609596438460070544e+01,1.677578128480159285e+04,1.677578128480159285e+04,1.072150954867841021e-08
8.612691934940754379e+01,1.681842884437224711e+04,1.681842884437224711e+04,8.974956956080887220e-09
8.615851766837946002e+01,1.685993243455025367e+04,1.685993243455025367e+04,7.652251117224903285e-09
8.618734809840928790e+01,1.689626235772787913e+04,1.689626235772787913e+04,6.727590487123860998e-09
8.622167643811762616e+01,1.693815671796201059e+04,1.693815671796201059e+04,5.872631950356714212e-09
8.624831487633773008e+01,1.696991104324784465e+04,1.696991104324784465e+04,5.345162501783453252e-09
8.627853827921184404e+01,1.700534048218514727e+04,1.700534048218514727e+04,4.852528359896737799e-09
8.631247609091043671e+01,1.704450642467234502e+04,1.704450642467234502e+04,4.401792785191369739e-09
8.635107616082704851e+01,1.708855679321828211e+04,1.708855679321828211e+04,3.988143300216575799e-09
8.639129872447375647e+01,1.713429105758186051e+04,1.713429105758186051e+04,3.640633801295339240e-09
8.643521126231219398e+01,1.718403622924792944e+04,1.718403622924792944e+04,3.332875967619364075e-09
8.646260708317254284e+01,1.721507142563460002e+04,1.721507142563460002e+04,3.170657652106889781e-09
8.649710034662439284e+01,1.725416360921728483e+04,1.725416360921728483e+04,2.991827640179695713e-09
8.654564189641047278e+01,1.730929197003290028e+04,1.730929197003290028e+04,2.779596821750723317e-09
8.657732998422450521e+01,1.734527187872498689e+04,1.734527187872498689e+04,2.662220792797069819e-09
8.661653242512691975e+01,1.738976286387668733e+04,1.738976286387668733e+04,2.531636953988195506e-09
8.664471139836861369e+01,1.742169799564497225e+04,1.742169799564497225e+04,2.448988986019957293e-09
8.667639948618264611e+01,1.745751212393398237e+04,1.745751212393398237e+04,2.364858481293653704e-09
8.672361222638538436e+01,1.751051356883837070e+04,1.751051356883837070e+04,2.259619606068290420e-09
8.677798197530226787e+01,1.757098516777029727e+04,1.757098516777029727e+04,2.164038498755258451e-09
8.680967006311630030e+01,1.760593318025707049e+04,1.760593318025707049e+04,2.113717910843378890e-09
8.685290189968478103e+01,1.765299390086485801e+04,1.765299390086485801e+04,2.049023447525788519e-09
8.688180149315766698e+01,1.768421096573776958e+04,1.768421096573776958e+04,2.009193660381467921e-09
8.691348958097168520e+01,1.771816895786957684e+04,1.771816895786957684e+04,1.968020841567923345e-09
8.694517766878571763e+01,1.775180933063297925e+04,1.775180933063297925e+04,1.929221698968160642e-09
8.697686575659975006e+01,1.778513575287802450e+04,1.778513575287802450e+04,1.892588844083184545e-09
8.700855384441378249e+01,1.781814000430352098e+04,1.781814000430352098e+04,1.857939083581811511e-09
8.704024193222780070e+01,1.785088695196108165e+04,1.785088695196108165e+04,1.825112258662641946e-09
8.707193002004183313e+01,1.788333659603243359e+04,1.788333659603243359e+04,1.793968494509755048e-09
8.710361810785586556e+01,1.791552606955702504e+04,1.791552606955702504e+04,1.764386906525738269e-09
8.713530619566989799e+01,1.794746908153934419e+04,1.794746908153934419e+04,1.736254364089415782e-09
8.716699428348393042e+01,1.797918143906359910e+04,1.797918143906359910e+04,1.709466857330997698e-09
8.719868237129794863e+01,1.801067845291922640e+04,1.801067845291922640e+04,1.683930300988310523e-09
8.723037045911198106e+01,1.804194221734317398e+04,1.804194221734317398e+04,1.659558388917763073e-09
8.726205854692601349e+01,1.807306331936843708e+04,1.807306331936843708e+04,1.636272310958348223e-09
8.729374663474004592e+01,1.810400652905099560e+04,1.810400652905099560e+04,1.614000305221840145e-09
8.732543472255406414e+01,1.813478667962782856e+04,1.813478667962782856e+04,1.592677028233940574e-09
8.735712281036809657e+01,1.816541670312030328e+04,1.816541670312030328e+04,1.572242857858005322e-09
8.738881089818212899e+01,1.819590816767258002e+04,1.819590816767258002e+04,1.552643233488797852e-09
8.742049898599616142e+01,1.822626982517357465e+04,1.822626982517357465e+04,1.533828081385945453e-09
8.745218707381017964e+01,1.825651356824369577e+04,1.825651356824369577e+04,1.515751329042466055e-09
8.748387516162421207e+01,1.828668788400445555e+04,1.828668788400445555e+04,1.498370790310008548e-09
8.751556324943824450e+01,1.831672661026426795e+04,1.831672661026426795e+04,1.481646915281564790e-09
8.754725133725227693e+01,1.834666695812346734e+04,1.834666695812346734e+04,1.465543307656692397e-09
8.757893942506629514e+01,1.837652247359515241e+04,1.837652247359515241e+04,1.450026317586472211e-09
8.761062751288032757e+01,1.840629774982496747e+04,1.840629774982496747e+04,1.435064711398327419e-09
8.764231560069436000e+01,1.843600084147090456e+04,1.843600084147090456e+04,1.420629457125802513e-09
8.767400368850839243e+01,1.846563618797915115e+04,1.846563618797915115e+04,1.406693532489240033e-09
8.770569177632241065e+01,1.849525377055326680e+04,1.849525377055326680e+04,1.393231752816101959e-09
8.773737986413644308e+01,1.852478422169555779e+04,1.852478422169555779e+04,1.380220616392678054e-09
8.776906795195047550e+01,1.855426526744472358e+04,1.855426526744472358e+04,1.367638165270069754e-09
8.780075603976450793e+01,1.858370915370232251e+04,1.858370915370232251e+04,1.355463876240823844e-09
8.783244412757852615e+01,1.861314079670560386e+04,1.861314079670560386e+04,1.343678797130834179e-09
8.786413221539255858e+01,1.864255433760145024e+04,1.864255433760145024e+04,1.332264629355272741e-09
8.789582030320659101e+01,1.867195370160192761e+04,1.867195370160192761e+04,1.321204445976985294e-09
8.792750839102062343e+01,1.870130508991536772e+04,1.870130508991536772e+04,1.310482345043632961e-09
8.795919647883464165e+01,1.873069881125829124e+04,1.873069881125829124e+04,1.300083372749069668e-09
8.799088456664867408e+01,1.876009009419167705e+04,1.876009009419167705e+04,1.289993453424283172e-09
8.802257265446270651e+01,1.878949562857993442e+04,1.878949562857993442e+04,1.280199325673821509e-09
8.805426074227673894e+01,1.881891866418555583e+04,1.881891866418555583e+04,1.270688484030978857e-09
8.808594883009075716e+01,1.884836776493138314e+04,1.884836776493138314e+04,1.261449125595751351e-09
8.811763691790478958e+01,1.887784964799245063e+04,1.887784964799245063e+04,1.252470101140700830e-09
8.814932500571882201e+01,1.890737014359123714e+04,1.890737014359123714e+04,1.243741175454547379e-09
8.818101309353285444e+01,1.893690759158456058e+04,1.893690759158456058e+04,1.235252379660197827e-09
8.821270118134687266e+01,1.896654360387911584e+04,1.896654360387911584e+04,1.226993964207475879e-09
8.824438926916090509e+01,1.899623323998611158e+04,1.899623323998611158e+04,1.218956979631141435e-09
8.827607735697493752e+01,1.902599418669707666e+04,1.902599418669707666e+04,1.211132939361657484e-09
8.830776544478896994e+01,1.905583539815925542e+04,1.905583539815925542e+04,1.203513790075015192e-09
8.833945353260298816e+01,1.908576856236535605e+04,1.908576856236535605e+04,1.196091927313702079e-09
8.837114162041702059e+01,1.911580362292932477e+04,1.911580362292932477e+04,1.188860687639928126e-09
8.840282970823105302e+01,1.914590929986116680e+04,1.914590929986116680e+04,1.181812507852470891e-09
8.843451779604508545e+01,1.917617409818349188e+04,1.917617409818349188e+04,1.174940812586429960e-09
8.846620588385910366e+01,1.920655678070824433e+04,1.920655678070824433e+04,1.168239341699001936e-09
8.849789397167313609e+01,1.923708478227274099e+04,1.923708478227274099e+04,1.161702131588502973e-09
8.852958205948716852e+01,1.926775952735666942e+04,1.926775952735666942e+04,1.155324049080440628e-09
8.856127014730120095e+01,1.929859315118350787e+04,1.929859315118350787e+04,1.149099276132752782e-09
8.859295823511521917e+01,1.932960351178266501e+04,1.932960351178266501e+04,1.143022472040318829e-09
8.862464632292925160e+01,1.936075591125357823e+04,1.936075591125357823e+04,1.137088696643445054e-09
8.865633441074328402e+01,1.939215461945165225e+04,1.939215461945165225e+04,1.131293269032933444e-09
8.868802249855731645e+01,1.942379557390752962e+04,1.942379557390752962e+04,1.125632316690491485e-09
8.871971058637134888e+01,1.945567458205874209e+04,1.945567458205874209e+04,1.120100834141831740e-09
8.875139867418536710e+01,1.948780907052028124e+04,1.948780907052028124e+04,1.114694694128753338e-09
8.878308676199939953e+01,1.952021593407579348e+04,1.952021593407579348e+04,1.109409945969716303e-09
8.881477484981343196e+01,1.955291590213906602e+04,1.955291590213906602e+04,1.104243288136417582e-09
8.884646293762746438e+01,1.958590823181495580e+04,1.958590823181495580e+04,1.099190821668202168e-09
8.887815102544148260e+01,1.961927341161634104e+04,1.961927341161634104e+04,1.094248846366424146e-09
8.890983911325551503e+01,1.965296595887894000e+04,1.965296595887894000e+04,1.089414029962452025e-09
8.894152720106954746e+01,1.968703105317179143e+04,1.968703105317179143e+04,1.084683535753799095e-09
8.897321528888357989e+01,1.972150727184143398e+04,1.972150727184143398e+04,1.080054242816964894e-09
8.900490337669759811e+01,1.975648613217610909e+04,1.975648613217610909e+04,1.075522878293632515e-09
8.903659146451163053e+01,1.979203032084823644e+04,1.979203032084823644e+04,1.071086612082222532e-09
8.906827955232566296e+01,1.982812348197253959e+04,1.982812348197253959e+04,1.066743050935665887e-09
8.909996764013969539e+01,1.986473907340920414e+04,1.986473907340920414e+04,1.062489564012077044e-09
8.913165572795371361e+01,1.990195646390703405e+04,1.990195646390703405e+04,1.058323307049904994e-09
8.916334381576774604e+01,1.994005994265027039e+04,1.994005994265027039e+04,1.054241861152738723e-09
8.919503190358177847e+01,1.997895462152100299e+04,1.997895462152100299e+04,1.050243227385510593e-09
8.922671999139581089e+01,2.001864091486459438e+04,2.001864091486459438e+04,1.046325103996748054e-09
8.925840807920982911e+01,2.005938061678043232e+04,2.005938061678043232e+04,1.042485043182235591e-09
8.929009616702386154e+01,2.010129939536884922e+04,2.010129939536884922e+04,1.038720965363431071e-09
8.932178425483789397e+01,2.014432126562617850e+04,2.014432126562617850e+04,1.035031193802485396e-09
8.935347234265192640e+01,2.018915046315011568e+04,2.018915046315011568e+04,1.031413694588043869e-09
8.938516043046594461e+01,2.023536020525725689e+04,2.023536020525725689e+04,1.027866357394257620e-09
8.941684851827997704e+01,2.028398925650147794e+04,2.028398925650147794e+04,1.024387384603943492e-09
8.944853660609400947e+01,2.033500198124301096e+04,2.033500198124301096e+04,1.020975331950447014e-09
8.948022469390804190e+01,2.038898917771486958e+04,2.038898917771486958e+04,1.017628448864456436e-09
8.951191278172206012e+01,2.044696343196063026e+04,2.044696343196063026e+04,1.014344882599356613e-09
8.954360086953609255e+01,2.051063540561875197e+04,2.051063540561875197e+04,1.011123071365101278e-09
8.957528895735012497e+01,2.058209265164228782e+04,2.058209265164228782e+04,1.007961697369415959e-09
8.960697704516415740e+01,2.066677143396350220e+04,2.066677143396350220e+04,1.004859373414694697e-09
8.963866513297817562e+01,2.078166348471001402e+04,2.078166348471001402e+04,1.001814405814932710e-09
8.967035322079220805e+01,nan,nan,9.988254311704792447e-10
8.970204130860624048e+01,nan,nan,9.987318246812882262e-10
8.973372939642027291e+01,nan,nan,9.987258559618772204e-10
8.976541748423429112e+01,nan,nan,9.987198796879257689e-10
8.979710557204832355e+01,nan,nan,9.987138959000575389e-10
8.982879365986235598e+01,nan,nan,9.987079046381153390e-10
8.986048174767638841e+01,nan,nan,9.987019059412062005e-10
8.989216983549040663e+01,nan,nan,9.986958998477059272e-10
8.992385792330443905e+01,nan,nan,9.986898863952868057e-10
8.995554601111847148e+01,nan,nan,9.986838656209355968e-10
8.998723409893250391e+01,nan,nan,9.986778503273695961e-10
9.001892218674652213e+01,nan,nan,9.986718349946686466e-10
9.005061027456055456e+01,nan,nan,9.986658124504133499e-10
9.008229836237458699e+01,nan,nan,9.986597827289190867e-10
9.011398645018861941e+01,nan,nan,9.986537458639116652e-10
9.014567453800263763e+01,nan,nan,9.986477018885448977e-10
9.017736262581667006e+01,nan,nan,9.986416508353977063e-10
9.020905071363070249e+01,nan,nan,9.986355927365295437e-10
9.024073880144473492e+01,nan,nan,9.986295276234429630e-10
9.027242688925876735e+01,nan,nan,9.986234620244984078e-10
9.030411497707278556e+01,nan,nan,9.986174025711428784e-10
9.033580306488681799e+01,nan,nan,9.986113361977091157e-10
9.036749115270085042e+01,nan,nan,9.986052629336319282e-10
9.039917924051488285e+01,nan,nan,9.985991828078663596e-10
9.043086732832890107e+01,nan,nan,9.985930958489340111e-10
9.046255541614293350e+01,nan,nan,9.985870020848949170e-10
9.049424350395696592e+01,nan,nan,9.985809015433756689e-10
9.052593159177099835e+01,nan,nan,9.985747942516085003e-10
9.055761967958501657e+01,nan,nan,9.985686802363994396e-10
9.058930776739904900e+01,nan,nan,9.985625739693944855e-10
9.062099585521308143e+01,nan,nan,9.985564658196524244e-10
9.065268394302711386e+01,nan,nan,9.985503510265904263e-10
9.068437203084113207e+01,nan,nan,9.985442296154124774e-10
9.071606011865516450e+01,nan,nan,9.985381016109420612e-10
9.074774820646919693e+01,nan,nan,9.985319670376579336e-10
9.077943629428322936e+01,nan,nan,9.985258259197019811e-10
9.081112438209724758e+01,nan,nan,9.985196782808707423e-10
9.084281246991128000e+01,nan,nan,9.985135241446557332e-10
9.087450055772531243e+01,nan,nan,9.985073636313532097e-10
9.090618864553934486e+01,nan,nan,9.985012154572333375e-10
9.093787673335336308e+01,nan,nan,9.984950608558756448e-10
9.096956482116739551e+01,nan,nan,9.984888998494640816e-10
9.100125290898142794e+01,nan,nan,9.984827324598699237e-10
9.103294099679546036e+01,nan,nan,9.984765587087049191e-10
9.106462908460947858e+01,nan,nan,9.984703786172896480e-10
9.109631717242351101e+01,nan,nan,9.984641922066713074e-10
9.112800526023754344e+01,nan,nan,9.984579994976373598e-10
9.115969334805157587e+01,nan,nan,9.984518005107231843e-10
9.119138143586559409e+01,nan,nan,9.984455993155864639e-10
9.122306952367962651e+01,nan,nan,9.984394063965129540e-10
9.125475761149365894e+01,nan,nan,9.984332072608402715e-10
9.128644569930769137e+01,nan,nan,9.984270019280518285e-10
9.131813378712170959e+01,nan,nan,9.984207904174145226e-10
9.134982187493574202e+01,nan,nan,9.984145727479607458e-10
9.138150996274977445e+01,nan,nan,9.984083489384918997e-10
9.141319805056380687e+01,nan,nan,9.984024485508496093e-10
9.144488613837782509e+01,nan,nan,9.983966492619348147e-10
9.147657422619185752e+01,nan,nan,9.983908437769982061e-10
9.150826231400588995e+01,nan,nan,9.983850321137621279e-10
9.153995040181992238e+01,nan,nan,9.983792142897648772e-10
9.157163848963394059e+01,nan,nan,9.983733903223526381e-10
9.160332657744797302e+01,nan,nan,9.983675602286904424e-10
9.163501466526200545e+01,nan,nan,9.983617240257443848e-10
9.166670275307603788e+01,nan,nan,9.983558817303099541e-10
9.169839084089007031e+01,nan,nan,9.983500333589979708e-10
9.173007892870408853e+01,nan,nan,9.983441789282738788e-10
9.176176701651812095e+01,nan,nan,9.983383184543752335e-10
9.179345510433215338e+01,nan,nan,9.983324519534229577e-10
9.182514319214618581e+01,nan,nan,9.983265794413489637e-10
9.185683127996020403e+01,nan,nan,9.983207009339474381e-10
9.188851936777423646e+01,nan,nan,9.983148164468305878e-10
9.192020745558826889e+01,nan,nan,9.983089259954799251e-10
9.195189554340230131e+01,nan,nan,9.983030295951879516e-10
9.198358363121631953e+01,nan,nan,9.982971272611340519e-10
9.201527171903035196e+01,nan,nan,9.982912190083303134e-10
9.204695980684438439e+01,nan,nan,9.982853048516541998e-10
9.207864789465841682e+01,nan,nan,9.982793848058367637e-10
9.211033598247243503e+01,nan,nan,9.982734588854783635e-10
9.214202407028646746e+01,nan,nan,9.982675271050441133e-10
9.217371215810049989e+01,nan,nan,9.982615894788531298e-10
9.220540024591453232e+01,nan,nan,9.982556460211043819e-10
9.223708833372855054e+01,nan,nan,9.982496967458682117e-10
9.226877642154258297e+01,nan,nan,9.982437416670873690e-10
9.230046450935661539e+01,nan,nan,9.982377807985912795e-10
9.233215259717064782e+01,nan,nan,9.982318141540701960e-10
9.236384068498466604e+01,nan,nan,9.982258417471115940e-10
9.239552877279869847e+01,nan,nan,9.982198635911751497e-10
9.242721686061273090e+01,nan,nan,9.982138796996241727e-10
9.245890494842676333e+01,nan,nan,9.982078900856981022e-10
9.249059303624078154e+01,nan,nan,9.982018947625296712e-10
9.252228112405481397e+01,nan,nan,9.981958937431449064e-10
9.255396921186884640e+01,nan,nan,9.981898870404594060e-10
9.258565729968287883e+01,nan,nan,9.981838746673004664e-10
9.261734538749689705e+01,nan,nan,9.981778566363744091e-10
9.264903347531092948e+01,nan,nan,9.981718329602982200e-10
9.268072156312496190e+01,nan,nan,9.981658036515900368e-10
9.271240965093899433e+01,nan,nan,9.981597687226718376e-10
9.274409773875301255e+01,nan,nan,9.981537281858694407e-10
9.277578582656704498e+01,nan,nan,9.981476820534164338e-10
9.280747391438107741e+01,nan,nan,9.981416303374612049e-10
9.283916200219510984e+01,nan,nan,9.981355730500632202e-10
9.287085009000912805e+01,nan,nan,9.981295102031750328e-10
9.290253817782316048e+01,nan,nan,9.981234418086927406e-10
9.293422626563719291e+01,nan,nan,9.981173678784020130e-10
9.296591435345122534e+01,nan,nan,9.981112884240105575e-10
9.299760244126524356e+01,nan,nan,9.981052034571584599e-10
9.302929052907927598e+01,nan,nan,9.980991129893931614e-10
9.306097861689330841e+01,nan,nan,9.980930170321878638e-10
9.309266670470734084e+01,nan,nan,9.980869155969299492e-10
9.312435479252135906e+01,nan,nan,9.980808086949362823e-10
9.315604288033539149e+01,nan,nan,9.980746963374486612e-10
9.318773096814942392e+01,nan,nan,9.980685785356271999e-10
9.321941905596345634e+01,nan,nan,9.980624553005718350e-10
9.325110714377748877e+01,nan,nan,9.980563266433076434e-10
9.328279523159150699e+01,nan,nan,9.980501925747848420e-10
9.331448331940553942e+01,nan,nan,9.980440531058831306e-10
9.334617140721957185e+01,nan,nan,9.980379082474176889e-10
9.337785949503360428e+01,nan,nan,9.980317580101397969e-10
9.340954758284762249e+01,nan,nan,9.980256024047370417e-10
9.344123567066165492e+01,nan,nan,9.980194414418076750e-10
9.347292375847568735e+01,nan,nan,9.980132751319185155e-10
9.350461184628971978e+01,nan,nan,9.980071034855646239e-10
9.353629993410373800e+01,nan,nan,9.980009265131705440e-10
9.356798802191777042e+01,nan,nan,9.979947442250998148e-10
9.359967610973180285e+01,nan,nan,9.979885566316702738e-10
9.363136419754583528e+01,nan,nan,9.979823637431319294e-10
9.366305228535985350e+01,nan,nan,9.979761655696779216e-10
9.369474037317388593e+01,nan,nan,9.979699621214374906e-10
9.372642846098791836e+01,nan,nan,9.979637534085038942e-10
9.375811654880195078e+01,nan,nan,9.979575394408893265e-10
9.378980463661596900e+01,nan,nan,9.979513202285627615e-10
9.382149272443000143e+01,nan,nan,9.979450957814578112e-10
9.385318081224403386e+01,nan,nan,9.979388661094367431e-10
9.388486890005806629e+01,nan,nan,9.979326312223086787e-10
9.391655698787208451e+01,nan,nan,9.979263911298401393e-10
9.394824507568611693e+01,nan,nan,9.979201458417370556e-10
9.397993316350014936e+01,nan,nan,9.979138953676697892e-10
9.401162125131418179e+01,nan,nan,9.979076397172481110e-10
9.404330933912820001e+01,nan,nan,9.979013789000323675e-10
9.407499742694223244e+01,nan,nan,9.978951129255541612e-10
9.410668551475626487e+01,nan,nan,9.978888418032845030e-10
9.413837360257029729e+01,nan,nan,9.978825655426412580e-10
9.417006169038431551e+01,nan,nan,9.978762841530174756e-10
9.420174977819834794e+01,nan,nan,9.978699976437418919e-10
9.423343786601238037e+01,nan,nan,9.978637060241010569e-10
9.426512595382641280e+01,nan,nan,9.978574093033343711e-10
9.429681404164043101e+01,nan,nan,9.978511074906609694e-10
9.432850212945446344e+01,nan,nan,9.978448005952387751e-10
9.436019021726849587e+01,nan,nan,9.978384886261760807e-10
9.439187830508252830e+01,nan,nan,9.978321715925561566e-10
9.442356639289654652e+01,nan,nan,9.978258495034165712e-10
9.445525448071057895e+01,nan,nan,9.978195223677514662e-10
9.448694256852461137e+01,nan,nan,9.978131901945090747e-10
9.451863065633864380e+01,nan,nan,9.978068529926198453e-10
9.455031874415266202e+01,nan,nan,9.978005107709430892e-10
9.458200683196669445e+01,nan,nan,9.977941635383308798e-10
9.461369491978072688e+01,nan,nan,9.977878113035713906e-10
9.464538300759475931e+01,nan,nan,9.977814540754488662e-10
9.467707109540877752e+01,nan,nan,9.977750918626770339e-10
9.470875918322280995e+01,nan,nan,9.977687246739474940e-10
9.474044727103684238e+01,nan,nan,9.977623525179204140e-10
9.477213535885087481e+01,nan,nan,9.977559754032201857e-10
9.480382344666490724e+01,nan,nan,9.977495933384281876e-10
9.483551153447892546e+01,nan,nan,9.977432063321049118e-10
9.486719962229295788e+01,nan,nan,9.977368143927713527e-10
9.489888771010699031e+01,nan,nan,9.977304175289164512e-10
9.493057579792102274e+01,nan,nan,9.977240157490082620e-10
9.496226388573504096e+01,nan,nan,9.977176090614641752e-10
9.499395197354907339e+01,nan,nan,9.977111974746811079e-10
9.502564006136310581e+01,nan,nan,9.977047809970338501e-10
9.505732814917713824e+01,nan,nan,9.976983596368655525e-10
9.508901623699115646e+01,nan,nan,9.976919334024835897e-10
9.512070432480518889e+01,nan,nan,9.976855023021703146e-10
9.515239241261922132e+01,nan,nan,9.976790663441801625e-10
9.518408050043325375e+01,nan,nan,9.976726255367419260e-10
9.521576858824727196e+01,nan,nan,9.976661798880523448e-10
9.524745667606130439e+01,nan,nan,9.976597294062982320e-10
9.527914476387533682e+01,nan,nan,9.976532740996155294e-10
9.531083285168936925e+01,nan,nan,9.976468139761407992e-10
9.534252093950338747e+01,nan,nan,9.976403490439677967e-10
9.537420902731741990e+01,nan,nan,9.976338793111791106e-10
9.540589711513145232e+01,nan,nan,9.976274047858258965e-10
9.543758520294548475e+01,nan,nan,9.976209254759411122e-10
9.546927329075950297e+01,nan,nan,9.976144413895291777e-10
9.550096137857353540e+01,nan,nan,9.976079525345804509e-10
9.553264946638756783e+01,nan,nan,9.976014589190457919e-10
9.556433755420160026e+01,nan,nan,9.975949605508725451e-10
9.559602564201561847e+01,nan,nan,9.975884574379869620e-10
9.562771372982965090e+01,nan,nan,9.975819495882828272e-10
9.565940181764368333e+01,nan,nan,9.975754370096468942e-10
9.569108990545771576e+01,nan,nan,9.975689197099305546e-10
9.572277799327173398e+01,nan,nan,9.975623976969773418e-10
9.575446608108576640e+01,nan,nan,9.975558709786063873e-10
9.578615416889979883e+01,nan,nan,9.975493395626188315e-10
9.581784225671383126e+01,nan,nan,9.975428034568050614e-10
9.584953034452784948e+01,nan,nan,9.975362626689271330e-10
9.588121843234188191e+01,nan,nan,9.975297172067251822e-10
9.591290652015591434e+01,nan,nan,9.975231670779469961e-10
9.594459460796994676e+01,nan,nan,9.975166122902863884e-10
9.597628269578396498e+01,nan,nan,9.975100528514516485e-10
9.600797078359799741e+01,nan,nan,9.975034887691260434e-10
9.603965887141202984e+01,nan,nan,9.974969200509609939e-10
9.607134695922606227e+01,nan,nan,9.974903467046211554e-10
9.610303504704008049e+01,nan,nan,9.974837687377333401e-10
9.613472313485411291e+01,nan,nan,9.974771861579088504e-10
9.616641122266814534e+01,nan,nan,9.974705989727563002e-10
9.619809931048217777e+01,nan,nan,9.974640071898654854e-10
9.622978739829621020e+01,nan,nan,9.974574108168092444e-10
9.626147548611022842e+01,nan,nan,9.974508098611453197e-10
9.629316357392426085e+01,nan,nan,9.974442043304320742e-10
9.632485166173829327e+01,nan,nan,9.974375942321954037e-10
9.635653974955232570e+01,nan,nan,9.974309795739574822e-10
9.638822783736634392e+01,nan,nan,9.974243603632262143e-10
9.641991592518037635e+01,nan,nan,9.974177366075097117e-10
9.645160401299440878e+01,nan,nan,9.974111083142798968e-10
9.648329210080844121e+01,nan,nan,9.974044754910163436e-10
9.651498018862245942e+01,nan,nan,9.973978381451624369e-10
9.654666827643649185e+01,nan,nan,9.973911962841938213e-10
9.657835636425052428e+01,nan,nan,9.973845499155255507e-10
9.661004445206455671e+01,nan,nan,9.973778990466041118e-10
9.664173253987857493e+01,nan,nan,9.973712436848340118e-10
9.667342062769260735e+01,nan,nan,9.973645838376118998e-10
9.670510871550663978e+01,nan,nan,9.973579195123524159e-10
9.673679680332067221e+01,nan,nan,9.973512507164344249e-10
9.676848489113469043e+01,nan,nan,9.973445774572297603e-10
9.680017297894872286e+01,nan,nan,9.973378997421028112e-10
9.683186106676275529e+01,nan,nan,9.973312175784072131e-10
9.686354915457678771e+01,nan,nan,9.973245309735003241e-10
9.689523724239080593e+01,nan,nan,9.973178399347142731e-10
9.692692533020483836e+01,nan,nan,9.973111444693774667e-10
9.695861341801887079e+01,nan,nan,9.973044445848077650e-10
9.699030150583290322e+01,nan,nan,9.972977402883085525e-10
9.702198959364692143e+01,nan,nan,9.972910315871904514e-10
9.705367768146095386e+01,nan,nan,9.972843184887349257e-10
9.708536576927498629e+01,nan,nan,9.972776010002420514e-10
9.711705385708901872e+01,nan,nan,9.972708791289753012e-10
9.714874194490303694e+01,nan,nan,9.972641528822126238e-10
9.718043003271706937e+01,nan,nan,9.972574222672108747e-10
9.721211812053110179e+01,nan,nan,9.972506872912194649e-10
9.724380620834513422e+01,nan,nan,9.972439479614871848e-10
9.727549429615915244e+01,nan,nan,9.972372042852564142e-10
9.730718238397318487e+01,nan,nan,9.972304562697581593e-10
9.733887047178721730e+01,nan,nan,9.972237039222130865e-10
9.737055855960124973e+01,nan,nan,9.972169472498414485e-10
9.740224664741526794e+01,nan,nan,9.972101862598630845e-10
9.743393473522930037e+01,nan,nan,9.972034209594738454e-10
9.746562282304333280e+01,nan,nan,9.971966513558896414e-10
9.749731091085736523e+01,nan,nan,9.971898774562916408e-10
9.752899899867138345e+01,nan,nan,9.971830992678742472e-10
9.756068708648541588e+01,nan,nan,9.971763167978254532e-10
9.759237517429944830e+01,nan,nan,9.971695300533291156e-10
9.762406326211348073e+01,nan,nan,9.971627390415618534e-10
9.765575134992749895e+01,nan,nan,9.971559437696932546e-10
9.768743943774153138e+01,nan,nan,9.971491442448960091e-10
9.771912752555556381e+01,nan,nan,9.971423404743289515e-10
9.775081561336959624e+01,nan,nan,9.971355324651610494e-10
9.778250370118362866e+01,nan,nan,9.971287202245434859e-10
9.781419178899764688e+01,nan,nan,9.971219037596452287e-10
9.784587987681167931e+01,nan,nan,9.971150830776203560e-10
9.787756796462571174e+01,nan,nan,9.971082581856167423e-10
9.790925605243974417e+01,nan,nan,9.971014290907810213e-10
9.794094414025376238e+01,nan,nan,9.970945958002745092e-10
9.797263222806779481e+01,nan,nan,9.970877583212440465e-10
9.800432031588182724e+01,nan,nan,9.970809166608114514e-10
9.803600840369585967e+01,nan,nan,9.970740708261552041e-10
9.806769649150987789e+01,nan,nan,9.970672208244006384e-10
9.809938457932391032e+01,nan,nan,9.970603666627045209e-10
9.813107266713794274e+01,nan,nan,9.970535083482128650e-10
9.816276075495197517e+01,nan,nan,9.970466458880541064e-10
9.819444884276599339e+01,nan,nan,9.970397792893848049e-10
9.822613693058002582e+01,nan,nan,9.970329085593503535e-10
9.825782501839405825e+01,nan,nan,9.970260337051035898e-10
9.828951310620809068e+01,nan,nan,9.970191547337793600e-10
9.832120119402210889e+01,nan,nan,9.970122716525406348e-10
9.835288928183614132e+01,nan,nan,9.970053844685218468e-10
9.838457736965017375e+01,nan,nan,9.969984931888716978e-10
9.841626545746420618e+01,nan,nan,9.969915978207595689e-10
9.844795354527822440e+01,nan,nan,9.969846983713442947e-10
9.847964163309225682e+01,nan,nan,9.969777948477671323e-10
9.851132972090628925e+01,nan,nan,9.969708872571902250e-10
9.854301780872032168e+01,nan,nan,9.969639756067858490e-10
9.857470589653433990e+01,nan,nan,9.969570599037053944e-10
9.860639398434837233e+01,nan,nan,9.969501401551283753e-10
9.863808207216240476e+01,nan,nan,9.969432163682125923e-10
9.866977015997643718e+01,nan,nan,9.969362885501441770e-10
9.870145824779045540e+01,nan,nan,9.969293567080914766e-10
9.873314633560448783e+01,nan,nan,9.969224208492335916e-10
9.876483442341852026e+01,nan,nan,9.969154809807558264e-10
9.879652251123255269e+01,nan,nan,9.969085371098438990e-10
9.882821059904657091e+01,nan,nan,9.969015892436938672e-10
9.885989868686060333e+01,nan,nan,9.968946373894982731e-10
9.889158677467463576e+01,nan,nan,9.968876815544527609e-10
9.892327486248866819e+01,nan,nan,9.968807217457633145e-10
9.895496295030268641e+01,nan,nan,9.968737579706328159e-10
9.898665103811671884e+01,nan,nan,9.968667902362740732e-10
9.901833912593075127e+01,nan,nan,9.968598185498963791e-10
9.905002721374478369e+01,nan,nan,9.968528429187303260e-10
9.908171530155880191e+01,nan,nan,9.968458633499988552e-10
9.911340338937283434e+01,nan,nan,9.968388798509288368e-10
9.914509147718686677e+01,nan,nan,9.968318924287568604e-10
9.917677956500089920e+01,nan,nan,9.968249010907133118e-10
9.920846765281491741e+01,nan,nan,9.968179058440449134e-10
9.924015574062894984e+01,nan,nan,9.968109066959923908e-10
9.927184382844298227e+01,nan,nan,9.968039036538198374e-10
9.930353191625701470e+01,nan,nan,9.967968967247748028e-10
9.933522000407104713e+01,nan,nan,9.967898859161317201e-10
9.936690809188506535e+01,nan,nan,9.967828712351447566e-10
9.939859617969909777e+01,nan,nan,9.967758526890918609e-10
9.943028426751313020e+01,nan,nan,9.967688302852441573e-10
9.946197235532716263e+01,nan,nan,9.967618040308868323e-10
9.949366044314118085e+01,nan,nan,9.967547739332905966e-10
9.952534853095521328e+01,nan,nan,9.967477399997540785e-10
9.955703661876924571e+01,nan,nan,9.967407022375692886e-10
9.958872470658327813e+01,nan,nan,9.967336606540238949e-10
9.962041279439729635e+01,nan,nan,9.967266152564237633e-10
9.965210088221132878e+01,nan,nan,9.967195660520596638e-10
9.968378897002536121e+01,nan,nan,9.967125130482546264e-10
9.971547705783939364e+01,nan,nan,9.967054562523101742e-10
9.974716514565341186e+01,nan,nan,9.966983956715383772e-10
9.977885323346744428e+01,nan,nan,9.966913313132544070e-10
9.981054132128147671e+01,nan,nan,9.966842631847769510e-10
9.984222940909550914e+01,nan,nan,9.966771912934137363e-10
9.987391749690952736e+01,nan,nan,9.966701156464977190e-10
9.990560558472355979e+01,nan,nan,9.966630362513329038e-10
9.993729367253759222e+01,nan,nan,9.966559531152617596e-10
9.996898176035162464e+01,nan,nan,9.966488662455953221e-10
1.000006698481656429e+02,nan,nan,9.966417756496547601e-10
1.000323579359796753e+02,nan,nan,9.966346813347684804e-10
1.000640460237937077e+02,nan,nan,9.966275833082464847e-10
1.000957341116077401e+02,nan,nan,9.966204815774240040e-10
1.001274221994217584e+02,nan,nan,9.966133761496108332e-10
1.001591102872357908e+02,nan,nan,9.966062670321167676e-10
1.001907983750498232e+02,nan,nan,9.965991542322551176e-10
1.002224864628638556e+02,nan,nan,9.965920377573493269e-10
1.002541745506778739e+02,nan,nan,9.965849176146914061e-10
1.002858626384919063e+02,nan,nan,9.965777938115758474e-10
1.003175507263059387e+02,nan,nan,9.965706663553050014e-10
1.003492388141199712e+02,nan,nan,9.965635352531590913e-10
1.003809269019339894e+02,nan,nan,9.965564005124220629e-10
1.004126149897480218e+02,nan,nan,9.965492621403633861e-10
1.004443030775620542e+02,nan,nan,9.965421201442314379e-10
1.004759911653760867e+02,nan,nan,9.965349745312810058e-10
1.005076792531901049e+02,nan,nan,9.965278253087670842e-10
1.005393673410041373e+02,nan,nan,9.965206724838840765e-10
1.005710554288181697e+02,nan,nan,9.965135160638619548e-10
1.006027435166322022e+02,nan,nan,9.965063560558911934e-10
1.006344316044462204e+02,nan,nan,9.964991924671341424e-10
1.006661196922602528e+02,nan,nan,9.964920253047562539e-10
1.006978077800742852e+02,nan,nan,9.964848545758981645e-10
1.007294958678883177e+02,nan,nan,9.964776802876579111e-10
1.007611839557023501e+02,nan,nan,9.964705024471364255e-10
1.007928720435163683e+02,nan,nan,9.964633210613785984e-10
1.008245601313304007e+02,nan,nan,9.964561361374251842e-10
1.008562482191444332e+02,nan,nan,9.964489476822602758e-10
1.008879363069584656e+02,nan,nan,9.964417557028567987e-10
1.009196243947724838e+02,nan,nan,9.964345602061316374e-10
1.009513124825865162e+02,nan,nan,9.964273611989685889e-10
1.009830005704005487e+02,nan,nan,9.964201586882030602e-10
1.010146886582145811e+02,nan,nan,9.964129526806264109e-10
1.010463767460285993e+02,nan,nan,9.964057431829743727e-10
1.010780648338426317e+02,nan,nan,9.963985302019216728e-10
1.011097529216566642e+02,nan,nan,9.963913137441113987e-10
1.011414410094706966e+02,nan,nan,9.963840938160762093e-10
1.011731290972847148e+02,nan,nan,9.963768704243245684e-10
1.012048171850987472e+02,nan,nan,9.963696435752545113e-10
1.012365052729127797e+02,nan,nan,9.963624132752001736e-10
1.012681933607268121e+02,nan,nan,9.963551795304040804e-10
1.012998814485408303e+02,nan,nan,9.963479423470231439e-10
1.013315695363548627e+02,nan,nan,9.963407017311152214e-10
1.013632576241688952e+02,nan,nan,9.963334576886103705e-10
1.013949457119829276e+02,nan,nan,9.963262102253608943e-10
1.014266337997969458e+02,nan,nan,9.963189593470633786e-10
1.014583218876109783e+02,nan,nan,9.963117050593074967e-10
1.014900099754250107e+02,nan,nan,9.963044473675418870e-10
1.015216980632390431e+02,nan,nan,9.962971862770447892e-10
1.015533861510530613e+02,nan,nan,9.962899217929705723e-10
1.015850742388670938e+02,nan,nan,9.962826539202819066e-10
1.016167623266811262e+02,nan,nan,9.962753826637652726e-10
1.016484504144951586e+02,nan,nan,9.962681080280470914e-10
1.016801385023091768e+02,nan,nan,9.962608300175095592e-10
1.017118265901232093e+02,nan,nan,9.962535486363686088e-10
1.017435146779372417e+02,nan,nan,9.962462638885885032e-10
1.017752027657512741e+02,nan,nan,9.962389757779109940e-10
1.018068908535652923e+02,nan,nan,9.962316843078259561e-10
1.018385789413793248e+02,nan,nan,9.962243894815720084e-10
1.018702670291933572e+02,nan,nan,9.962170913021257604e-10
1.019019551170073896e+02,nan,nan,9.962097897721774102e-10
1.019336432048214078e+02,nan,nan,9.962024848941301243e-10
1.019653312926354403e+02,nan,nan,9.961951766700899046e-10
1.019970193804494727e+02,nan,nan,9.961878651018581436e-10
1.020287074682635051e+02,nan,nan,9.961805501909144605e-10
1.020603955560775233e+02,nan,nan,9.961732319384446190e-10
1.020920836438915558e+02,nan,nan,9.961659103452695956e-10
1.021237717317055882e+02,nan,nan,9.961585854119169249e-10
1.021554598195196206e+02,nan,nan,9.961512571385849233e-10
1.021871479073336388e+02,nan,nan,9.961439255251356586e-10
1.022188359951476713e+02,nan,nan,9.961365905711307250e-10
1.022505240829617037e+02,nan,nan,9.961292522757989833e-10
1.022822121707757361e+02,nan,nan,9.961219106380928094e-10
1.023139002585897686e+02,nan,nan,9.961145656566576949e-10
1.023455883464037868e+02,nan,nan,9.961072173298905639e-10
1.023772764342178192e+02,nan,nan,9.960998656559128891e-10
1.024089645220318516e+02,nan,nan,9.960925106326269406e-10
1.024406526098458841e+02,nan,nan,9.960851522577188873e-10
1.024723406976599023e+02,nan,nan,9.960777905286945730e-10
1.025040287854739347e+02,nan,nan,9.960704254428973003e-10
1.025357168732879671e+02,nan,nan,9.960630569975431928e-10
1.025674049611019996e+02,nan,nan,9.960556851897453902e-10
1.025990930489160178e+02,nan,nan,9.960483100165152890e-10
1.026307811367300502e+02,nan,nan,9.960409314748283032e-10
1.026624692245440826e+02,nan,nan,9.960335495616143520e-10
1.026935302904901732e+02,nan,nan,9.960263104415070573e-10
1.027252183783041914e+02,nan,nan,9.960189218429242697e-10
1.027555758141469227e+02,nan,nan,9.960118403371254035e-10
1.027856397482014188e+02,nan,nan,9.960048242363989307e-10
1.028159818137742150e+02,nan,nan,1.000486496562201440e-09
1.028452294977515606e+02,nan,nan,1.011962078477661195e-09
1.028751991647935000e+02,nan,nan,1.007197711703754382e-09
1.029041064302535204e+02,nan,nan,1.024783734945277291e-09
1.029330083444387043e+02,1.642390583909520865e+04,1.642390583909520865e+04,1.021000829443266364e-09
1.029618870707804774e+02,1.642372800533664849e+04,1.642372800533664849e+04,1.033806197399061671e-09
1.029901406396771932e+02,1.642398025457382391e+04,1.642398025457382391e+04,1.033946136336689935e-09
1.030190741695516863e+02,nan,nan,1.040315759270423096e-09
1.030469097780317043e+02,nan,nan,1.043784939216804480e-09
1.030755093608766941e+02,nan,nan,1.045319271703180101e-09
1.031030762484326431e+02,nan,nan,1.050953086880936920e-09
1.031313875399189044e+02,nan,nan,1.049455332156373927e-09
1.031587663134987167e+02,nan,nan,1.056020475081233464e-09
1.031868106848949367e+02,nan,nan,1.053119508434096506e-09
1.032140392560907713e+02,nan,nan,1.059281967451024717e-09
1.032418279571133297e+02,nan,nan,1.056524614107104407e-09
1.032689240438039349e+02,nan,nan,1.060807815386218762e-09
1.032964707204522341e+02,nan,nan,1.059703993497587389e-09
1.033234523005609020e+02,nan,nan,1.060467255975661221e-09
1.033507855254473498e+02,1.639347914056716036e+04,1.639347914056716036e+04,1.062495981956444568e-09
1.033776917988745083e+02,1.639300345513365755e+04,1.639300345513365755e+04,1.057967530858116109e-09
1.034048676332528771e+02,1.639291237188368541e+04,1.639291237188368541e+04,1.064543603524474973e-09
1.034317791606043215e+02,1.639316016741988278e+04,1.639316016741988278e+04,1.052946992446450769e-09
1.034588919987160978e+02,nan,nan,1.065348295360750837e-09
1.034859457184051905e+02,nan,nan,1.046391469647125036e-09
1.035131340487182143e+02,nan,nan,1.064407099462805288e-09
1.035405273446089183e+02,nan,nan,1.050828625223517597e-09
1.035677436778352387e+02,nan,nan,1.061345751554920209e-09
1.035948566033953426e+02,nan,nan,1.054621175048067865e-09
1.036218104613071773e+02,nan,nan,1.055224028704196098e-09
1.036487386530173467e+02,nan,nan,1.057055623311967891e-09
1.036756183759861045e+02,nan,nan,1.044998902462054983e-09
1.037025637837128613e+02,nan,nan,1.056833294742200534e-09
1.037297003094067520e+02,nan,nan,1.038792101054159733e-09
1.037569618480018221e+02,nan,nan,1.053049781041983546e-09
1.037841373154446529e+02,nan,nan,1.044174982161681206e-09
1.038113282424757386e+02,nan,nan,1.044954318484572451e-09
1.038382736599980518e+02,nan,nan,1.046921755657054583e-09
1.038653357009711584e+02,1.636281384703737240e+04,1.636281384703737240e+04,1.031078179398010085e-09
1.038924041367626359e+02,1.636265590137721847e+04,1.636265590137721847e+04,1.045477457480647374e-09
1.039198816070491489e+02,1.636280430780654024e+04,1.636280430780654024e+04,1.030473567336997732e-09
1.039475348631953153e+02,nan,nan,1.038944262425856748e-09
1.039746532716686858e+02,nan,nan,1.035372643883143641e-09
1.040019512155709549e+02,nan,nan,1.025918103550392080e-09
1.040290604036645021e+02,nan,nan,1.035712294624976288e-09
1.040565418408296949e+02,nan,nan,1.017888740100714057e-09
1.040841777757099749e+02,nan,nan,1.029792130881539815e-09
1.041115135734679740e+02,nan,nan,1.024446023216248586e-09
1.041390847807401059e+02,nan,nan,1.016430529859219710e-09
1.041663409427106473e+02,nan,nan,1.025358759439446914e-09
1.041940211471216173e+02,nan,nan,1.007558101254641080e-09
1.042218647133510103e+02,nan,nan,1.018933697836364203e-09
1.042493558358571875e+02,nan,nan,1.014602591229288980e-09
1.042771506384308253e+02,nan,nan,1.003824341030744438e-09
1.043046223088229709e+02,nan,nan,1.014803743063238988e-09
1.043326273752092987e+02,nan,nan,9.993062206928477737e-10
1.043608857664263070e+02,nan,nan,1.006588024983046650e-09
1.043884880729245879e+02,nan,nan,1.005530675415932002e-09
1.044164767758435346e+02,nan,nan,9.956196232458650820e-10
1.044442658729042108e+02,1.633258886639864977e+04,1.633258886639864977e+04,1.003621719538837611e-09
1.044724581135857164e+02,nan,nan,9.956062389398289119e-10
1.045010542586881002e+02,nan,nan,9.955993978712651382e-10
1.045288073848219028e+02,nan,nan,9.965625557493365346e-10
1.045570544303204770e+02,nan,nan,9.955859927846410756e-10
1.045853613991304201e+02,nan,nan,9.955792126795461138e-10
1.046134630332559539e+02,nan,nan,9.955724790317106370e-10
1.046419933678914305e+02,nan,nan,9.955656398822249096e-10
1.046700717076858922e+02,nan,nan,9.955589063501349548e-10
1.046987966376684085e+02,nan,nan,9.955520149524345519e-10
1.047280219306544922e+02,nan,nan,9.955450006006284558e-10
1.047561460441261971e+02,nan,nan,9.955382477690842902e-10
1.047848264409661283e+02,nan,nan,9.955313585677285321e-10
1.048135396185853807e+02,nan,nan,9.955244586582256819e-10
1.048420098723509852e+02,nan,nan,9.955176143245740625e-10
1.048709735835143420e+02,nan,nan,9.955106485013021810e-10
1.048994962887683897e+02,nan,nan,9.955037859206494701e-10
1.049284782823431499e+02,nan,nan,9.954968099684932920e-10
1.049580192030949348e+02,nan,nan,9.954896965093302300e-10
1.049865426813374825e+02,nan,nan,9.954828252019193683e-10
1.050157258079523217e+02,nan,nan,9.954757920886767706e-10
1.050452065513295139e+02,nan,nan,9.954686842754794404e-10
1.050739245352939122e+02,nan,nan,9.954617574892201980e-10
1.051032261956478209e+02,nan,nan,9.954546869962167689e-10
1.051324375553227384e+02,nan,nan,9.954476353533281527e-10
1.051614866753081117e+02,nan,nan,9.954406199648643647e-10
1.051910999156435338e+02,nan,nan,9.954334653536817222e-10
1.052202103230120827e+02,nan,nan,9.954264292885812089e-10
1.052496721260658887e+02,nan,nan,9.954193053233605840e-10
1.052797532717216455e+02,nan,nan,9.954120285198803637e-10
1.053088686502242410e+02,nan,nan,9.954049823784897650e-10
1.053387683773299415e+02,nan,nan,9.953977433861188024e-10
1.053692711344397992e+02,nan,nan,9.953903552285903718e-10
1.053984818139702213e+02,nan,nan,9.953832770317221986e-10
1.054284039886426285e+02,nan,nan,9.953760233888905025e-10
1.054586203168451277e+02,nan,nan,9.953686953169523715e-10
1.054880350168243268e+02,nan,nan,9.953615586437812250e-10
1.055181073733432271e+02,nan,nan,9.953542593365610657e-10
1.055481907857359261e+02,nan,nan,9.953469542391115670e-10
1.055778466600417715e+02,nan,nan,9.953397499192058789e-10
1.056081436694804410e+02,nan,nan,9.953323867310862492e-10
1.056381832659363909e+02,nan,nan,9.953250829935471133e-10
1.056680993084602136e+02,nan,nan,9.953178062202434757e-10
1.056986671166925618e+02,nan,nan,9.953103677413708707e-10
1.057287186904115828e+02,nan,nan,9.953030517620890986e-10
1.057589045718244023e+02,nan,nan,9.952956999698812581e-10
1.057897735705173687e+02,nan,nan,9.952881785751525902e-10
1.058198742271683273e+02,nan,nan,9.952808412479580006e-10
1.058503342586873117e+02,nan,nan,9.952734131614186523e-10
1.058815251129304045e+02,nan,nan,9.952658035628713382e-10
1.059117005651724384e+02,nan,nan,9.952584385227342285e-10
1.059424356364171587e+02,nan,nan,9.952509336924886125e-10
1.059739623912029174e+02,nan,nan,9.952432321947302819e-10
1.060042309617579122e+02,nan,nan,9.952358348555009811e-10
1.060352395194282167e+02,nan,nan,9.952282534249838699e-10
1.060669276072422491e+02,nan,nan,9.952205024606424540e-10
1.060973105289629785e+02,nan,nan,9.952130675236865081e-10
1.061285623127175626e+02,nan,nan,9.952054166835307834e-10
1.061602504005315950e+02,nan,nan,9.951976556297791637e-10
1.061907663981020704e+02,nan,nan,9.951901784095791422e-10
1.062221299502328975e+02,nan,nan,9.951824902103379656e-10
1.062538180380469299e+02,nan,nan,9.951747190554891141e-10
1.062844765043767552e+02,nan,nan,9.951671971514126103e-10
1.063159725399194713e+02,nan,nan,9.951594664244932124e-10
1.063476606277334895e+02,nan,nan,9.951516851549931543e-10
1.063784662701265944e+02,nan,nan,9.951441173068025876e-10
1.064101094055101413e+02,nan,nan,9.951363403614950608e-10
1.064417974933241737e+02,nan,nan,9.951285489631109129e-10
1.064727542354239915e+02,nan,nan,9.951209340980299566e-10
1.065044423232380240e+02,nan,nan,9.951131359695662059e-10
1.065361304110520564e+02,nan,nan,9.951053344400575496e-10
1.065672457895236107e+02,nan,nan,9.950976706029927135e-10
1.065989338773376431e+02,nan,nan,9.950898623396306495e-10
1.066306219651516756e+02,nan,nan,9.950820506821291906e-10
1.066619097501189515e+02,nan,nan,9.950743343784367741e-10
1.066935978379329839e+02,nan,nan,9.950665159827613364e-10
1.067252859257470163e+02,nan,nan,9.950586942002794598e-10
1.067567695480559848e+02,nan,nan,9.950509195358544365e-10
1.067884576358700173e+02,nan,nan,9.950430910093214629e-10
1.068201457236840497e+02,nan,nan,9.950352591037678879e-10
1.068518338114980679e+02,nan,nan,9.950274238219047960e-10
1.068835218993121003e+02,nan,nan,9.950195851664498891e-10
1.069152099871261328e+02,nan,nan,9.950117431401599534e-10
1.069468980749401652e+02,nan,nan,9.950038977459046852e-10
1.069785861627541834e+02,nan,nan,9.949960489865289655e-10
1.070102742505682158e+02,nan,nan,9.949881968649167594e-10
1.070419623383822483e+02,nan,nan,9.949803413840614268e-10
1.070736504261962807e+02,nan,nan,9.949724825469629450e-10
1.071053385140102989e+02,nan,nan,9.949646203566254271e-10
1.071370266018243314e+02,nan,nan,9.949567548161658965e-10
1.071687146896383638e+02,nan,nan,9.949488859287253649e-10
1.072004027774523962e+02,nan,nan,9.949410136974140312e-10
1.072320908652664144e+02,nan,nan,9.949331381254789930e-10
1.072637789530804469e+02,nan,nan,9.949252592161855458e-10
1.072954670408944793e+02,nan,nan,9.949173769727983646e-10
1.073271551287085117e+02,nan,nan,9.949094913986323758e-10
1.073588432165225299e+02,nan,nan,9.949016024971110731e-10
1.073905313043365624e+02,nan,nan,9.948937102716054242e-10
1.074222193921505948e+02,nan,nan,9.948858147255358211e-10
1.074539074799646272e+02,nan,nan,9.948779158624494210e-10
1.074855955677786454e+02,nan,nan,9.948700136858476794e-10
1.075172836555926779e+02,nan,nan,9.948621081992601760e-10
1.075489717434067103e+02,nan,nan,9.948541994063120299e-10
1.075806598312207427e+02,nan,nan,9.948462873106562773e-10
1.076123479190347751e+02,nan,nan,9.948383719159105928e-10
1.076440360068487934e+02,nan,nan,9.948304532258055608e-10
1.076757240946628258e+02,nan,nan,9.948225312440932727e-10
1.077074121824768582e+02,nan,nan,9.948146059745289216e-10
1.077391002702908906e+02,nan,nan,9.948066774208960317e-10
1.077707883581049089e+02,nan,nan,9.947987455870697373e-10
1.078024764459189413e+02,nan,nan,9.947908104769185554e-10
1.078341645337329737e+02,nan,nan,9.947828720942959068e-10
1.078658526215470062e+02,nan,nan,9.947749304431761875e-10
1.078975407093610244e+02,nan,nan,9.947669855275366889e-10
1.079292287971750568e+02,nan,nan,9.947590373513336089e-10
1.079609168849890892e+02,nan,nan,9.947510859185793938e-10
1.079926049728031217e+02,nan,nan,9.947431312333747917e-10
1.080242930606171399e+02,nan,nan,9.947351732997785709e-10
1.080559811484311723e+02,nan,nan,9.947272121218519815e-10
1.080876692362452047e+02,nan,nan,9.947192477037807642e-10
1.081193573240592372e+02,nan,nan,9.947112800497430082e-10
1.081510454118732554e+02,nan,nan,9.947033091638636564e-10
1.081827334996872878e+02,nan,nan,9.946953350503739445e-10
1.082144215875013202e+02,nan,nan,9.946873577135541186e-10
1.082461096753153527e+02,nan,nan,9.946793771576316920e-10
1.082777977631293709e+02,nan,nan,9.946713933868651972e-10
1.083094858509434033e+02,nan,nan,9.946634064055985733e-10
1.083411739387574357e+02,nan,nan,9.946554162181896145e-10
1.083728620265714682e+02,nan,nan,9.946474228289216688e-10
1.084045501143854864e+02,nan,nan,9.946394262421982323e-10
1.084362382021995188e+02,nan,nan,9.946314264624505114e-10
1.084679262900135512e+02,nan,nan,9.946234234940609090e-10
1.084996143778275837e+02,nan,nan,9.946154173414430542e-10
1.085313024656416019e+02,nan,nan,9.946074080090953618e-10
1.085629905534556343e+02,nan,nan,9.945993955015057002e-10
1.085946786412696667e+02,nan,nan,9.945913798231152023e-10
1.086263667290836992e+02,nan,nan,9.945833609784260052e-10
1.086580548168977174e+02,nan,nan,9.945753389720345448e-10
1.086897429047117498e+02,nan,nan,9.945673138084603293e-10
1.087214309925257822e+02,nan,nan,9.945592854922150084e-10
1.087531190803398147e+02,nan,nan,9.945512540279092869e-10
1.087848071681538329e+02,nan,nan,9.945432194201784782e-10
1.088164952559678653e+02,nan,nan,9.945351816735764182e-10
1.088481833437818977e+02,nan,nan,9.945271407926993362e-10
1.088798714315959302e+02,nan,nan,9.945190967822387937e-10
1.089115595194099484e+02,nan,nan,9.945110496468472681e-10
1.089432476072239808e+02,nan,nan,9.945029993911135438e-10
1.089749356950380133e+02,nan,nan,9.944949460197393154e-10
1.090066237828520457e+02,nan,nan,9.944868895374616396e-10
1.090383118706660639e+02,nan,nan,9.944788299489323732e-10
1.090699999584800963e+02,nan,nan,9.944707672588070956e-10
1.091016880462941288e+02,nan,nan,9.944627014718576050e-10
1.091333761341081612e+02,nan,nan,9.944546325928275752e-10
1.091650642219221936e+02,nan,nan,9.944465606263965739e-10
1.091967523097362118e+02,nan,nan,9.944384855772869752e-10
1.092284403975502443e+02,nan,nan,9.944304074502980810e-10
1.092601284853642767e+02,nan,nan,9.944223262501979671e-10
1.092918165731783091e+02,nan,nan,9.944142419816800564e-10
1.093235046609923273e+02,nan,nan,9.944061546495223508e-10
1.093551927488063598e+02,nan,nan,9.943980642585559987e-10
1.093868808366203922e+02,nan,nan,9.943899708135374954e-10
1.094185689244344246e+02,nan,nan,9.943818743191914898e-10
1.094502570122484428e+02,nan,nan,9.943737747803311391e-10
1.094819451000624753e+02,nan,nan,9.943656722018010334e-10
1.095136331878765077e+02,nan,nan,9.943575665883502232e-10
1.095453212756905401e+02,nan,nan,9.943494579447277594e-10
1.095770093635045583e+02,nan,nan,9.943413462757811271e-10
1.096086974513185908e+02,nan,nan,9.943332315863406475e-10
1.096403855391326232e+02,nan,nan,9.943251138811582664e-10
1.096720736269466556e+02,nan,nan,9.943169931649966830e-10
1.097037617147606738e+02,nan,nan,9.943088694427137222e-10
1.097354498025747063e+02,nan,nan,9.943007427191281247e-10
1.097671378903887387e+02,nan,nan,9.942926129989738451e-10
1.097988259782027711e+02,nan,nan,9.942844802870309534e-10
1.098305140660167893e+02,nan,nan,9.942763445881707163e-10
1.098622021538308218e+02,nan,nan,9.942682059071723764e-10
1.098938902416448542e+02,nan,nan,9.942600642487628575e-10
1.099255783294588866e+02,nan,nan,9.942519196177245042e-10
1.099572664172729048e+02,nan,nan,9.942437720189037678e-10
1.099889545050869373e+02,nan,nan,9.942356214570654153e-10
1.100206425929009697e+02,nan,nan,9.942274679369247899e-10
1.100523306807150021e+02,nan,nan,9.942193114632323897e-10
1.100840187685290203e+02,nan,nan,9.942111520408408699e-10
1.101157068563430528e+02,nan,nan,9.942029896744651600e-10
1.101473949441570852e+02,nan,nan,9.941948243687848275e-10
1.101790830319711176e+02,nan,nan,9.941866561285673278e-10
1.102107711197851359e+02,nan,nan,9.941784849586051386e-10
1.102424592075991683e+02,nan,nan,9.941703108635842381e-10
1.102741472954132007e+02,nan,nan,9.941621338481482114e-10
1.103058353832272331e+02,nan,nan,9.941539539170394919e-10
1.103375234710412514e+02,nan,nan,9.941457710750218126e-10
1.103692115588552838e+02,nan,nan,9.941375853267273849e-10
1.104008996466693162e+02,nan,nan,9.941293966767712564e-10
1.104325877344833486e+02,nan,nan,9.941212051298528468e-10
1.104642758222973669e+02,nan,nan,9.941130106906893604e-10
1.104959639101113993e+02,nan,nan,9.941048133638811622e-10
1.105276519979254317e+02,nan,nan,9.940966131539862241e-10
1.105593400857394641e+02,nan,nan,9.940884100656537148e-10
1.105910281735534824e+02,nan,nan,9.940802041035580319e-10
1.106227162613675148e+02,nan,nan,9.940719952722530115e-10
1.106544043491815472e+02,nan,nan,9.940637835762397569e-10
1.106860924369955796e+02,nan,nan,9.940555690201281457e-10
1.107177805248096121e+02,nan,nan,9.940473516085319844e-10
1.107494686126236303e+02,nan,nan,9.940391313459447251e-10
1.107811567004376627e+02,nan,nan,9.940309082368174265e-10
1.108128447882516951e+02,nan,nan,9.940226822856993752e-10
1.108445328760657276e+02,nan,nan,9.940144534971475093e-10
1.108762209638797458e+02,nan,nan,9.940062218755979983e-10
1.109079090516937782e+02,nan,nan,9.939979874254485480e-10
1.109395971395078107e+02,nan,nan,9.939897501511706900e-10
1.109712852273218431e+02,nan,nan,9.939815100572814508e-10
1.110029733151358613e+02,nan,nan,9.939732671481568226e-10
1.110346614029498937e+02,nan,nan,9.939650214281093116e-10
1.110663494907639262e+02,nan,nan,9.939567729015531672e-10
1.110980375785779586e+02,nan,nan,9.939485215729344850e-10
1.111297256663919768e+02,nan,nan,9.939402674465831420e-10
1.111614137542060092e+02,nan,nan,9.939320105267328554e-10
1.111931018420200417e+02,nan,nan,9.939237508177343885e-10
1.112247899298340741e+02,nan,nan,9.939154883239589771e-10
1.112564780176480923e+02,nan,nan,9.939072230496688761e-10
1.112881661054621247e+02,nan,nan,9.938989549990446565e-10
1.113198541932761572e+02,nan,nan,9.938906841763446439e-10
1.113515422810901896e+02,nan,nan,9.938824105858900299e-10
1.113832303689042078e+02,nan,nan,9.938741342318686231e-10
1.114149184567182402e+02,nan,nan,9.938658551183898569e-10
1.114466065445322727e+02,nan,nan,9.938575732496266506e-10
1.114782946323463051e+02,nan,nan,9.938492886298226475e-10
1.115099827201603233e+02,nan,nan,9.938410012631292604e-10
1.115416708079743557e+02,nan,nan,9.938327111535676210e-10
1.115733588957883882e+02,nan,nan,9.938244183052182112e-10
1.116050469836024206e+02,nan,nan,9.938161227222605680e-10
1.116367350714164388e+02,nan,nan,9.938078244087857198e-10
1.116684231592304712e+02,nan,nan,9.937995233687368366e-10
1.117001112470445037e+02,nan,nan,9.937912196061017561e-10
1.117317993348585361e+02,nan,nan,9.937829131249754360e-10
1.117634874226725543e+02,nan,nan,9.937746039294056845e-10
1.117951755104865867e+02,nan,nan,9.937662920232645342e-10
1.118268635983006192e+02,nan,nan,9.937579774104269126e-10
1.118585516861146516e+02,nan,nan,9.937496600949195350e-10
1.118902397739286698e+02,nan,nan,9.937413400807198992e-10
1.119219278617427022e+02,nan,nan,9.937330173716355177e-10
1.119536159495567347e+02,nan,nan,9.937246919714668719e-10
1.119853040373707671e+02,nan,nan,9.937163638841310754e-10
1.120169921251847853e+02,nan,nan,9.937080331135307664e-10
1.120486802129988178e+02,nan,nan,9.936996996634273419e-10
1.120803683008128502e+02,nan,nan,9.936913635375220217e-10
1.121120563886268826e+02,nan,nan,9.936830247396216977e-10
1.121437444764409150e+02,nan,nan,9.936746832735830994e-10
1.121754325642549333e+02,nan,nan,9.936663391431035175e-10
1.122071206520689657e+02,nan,nan,9.936579923517778788e-10
1.122388087398829981e+02,nan,nan,9.936496429033140205e-10
1.122704968276970305e+02,nan,nan,9.936412908015008434e-10
1.123021849155110488e+02,nan,nan,9.936329360499824916e-10
1.123338730033250812e+02,nan,nan,9.936245786522544236e-10
1.123655610911391136e+02,nan,nan,9.936162186119113596e-10
1.123972491789531460e+02,nan,nan,9.936078559326640318e-10
1.124289372667671643e+02,nan,nan,9.935994906180997158e-10
1.124606253545811967e+02,nan,nan,9.935911226716609303e-10
1.124923134423952291e+02,nan,nan,9.935827520968001206e-10
1.125240015302092615e+02,nan,nan,9.935743788971256552e-10
1.125556896180232798e+02,nan,nan,9.935660030761890342e-10
1.125873777058373122e+02,nan,nan,9.935576246373438544e-10
1.126190657936513446e+02,nan,nan,9.935492435839300644e-10
1.126507538814653770e+02,nan,nan,9.935408599194489130e-10
1.126824419692793953e+02,nan,nan,9.935324736473919296e-10
1.127141300570934277e+02,nan,nan,9.935240847710525336e-10
1.127458181449074601e+02,nan,nan,9.935156932936461831e-10
1.127775062327214926e+02,nan,nan,9.935072992185682475e-10
1.128091943205355108e+02,nan,nan,9.934989025492498721e-10
1.128408824083495432e+02,nan,nan,9.934905032888852148e-10
1.128725704961635756e+02,nan,nan,9.934821014406256269e-10
1.129042585839776081e+02,nan,nan,9.934736970077113818e-10
1.129359466717916263e+02,nan,nan,9.934652899934811870e-10
1.129676347596056587e+02,nan,nan,9.934568804011215493e-10
1.129993228474196911e+02,nan,nan,9.934484682336463011e-10
1.130310109352337236e+02,nan,nan,9.934400534941644007e-10
1.130626990230477418e+02,nan,nan,9.934316361859365941e-10
1.130943871108617742e+02,nan,nan,9.934232163120788708e-10
1.131260751986758066e+02,nan,nan,9.934147938755159344e-10
1.131577632864898391e+02,nan,nan,9.934063688792159160e-10
1.131894513743038573e+02,nan,nan,9.933979413263502259e-10
1.132211394621178897e+02,nan,nan,9.933895112199573054e-10
1.132528275499319221e+02,nan,nan,9.933810785628946498e-10
1.132845156377459546e+02,nan,nan,9.933726433579953528e-10
1.133162037255599728e+02,nan,nan,9.933642056082864817e-10
1.133478918133740052e+02,nan,nan,9.933557653167669800e-10
1.133795799011880376e+02,nan,nan,9.933473224862093503e-10
1.134112679890020701e+02,nan,nan,9.933388771193124760e-10
1.134429560768160883e+02,nan,nan,9.933304292189690078e-10
1.134746441646301207e+02,nan,nan,9.933219787881170912e-10
1.135063322524441531e+02,nan,nan,9.933135258294591253e-10
1.135380203402581856e+02,nan,nan,9.933050703455659874e-10
1.135697084280722038e+02,nan,nan,9.932966123391855716e-10
1.136013965158862362e+02,nan,nan,9.932881518131714441e-10
1.136330846037002686e+02,nan,nan,9.932796887701649994e-10
1.136647726915143011e+02,nan,nan,9.932712232126384736e-10
1.136964607793283335e+02,nan,nan,9.932627551431666731e-10
1.137281488671423517e+02,nan,nan,9.932542845645177579e-10
1.137598369549563841e+02,nan,nan,9.932458114792731518e-10
1.137915250427704166e+02,nan,nan,9.932373358897851498e-10
1.138232131305844490e+02,nan,nan,9.932288577984900055e-10
1.138549012183984672e+02,nan,nan,9.932203772080324221e-10
1.138865893062124997e+02,nan,nan,9.932118941209551528e-10
1.139182773940265321e+02,nan,nan,9.932034085395070950e-10
1.139499654818405645e+02,nan,nan,9.931949204659660972e-10
1.139816535696545827e+02,nan,nan,9.931864299028529924e-10
1.140133416574686152e+02,nan,nan,9.931779368526393962e-10
1.140450297452826476e+02,nan,nan,9.931694413175074110e-10
1.140767178330966800e+02,nan,nan,9.931609432995791689e-10
1.141084059209106982e+02,nan,nan,9.931524428012199926e-10
1.141400940087247307e+02,nan,nan,9.931439398248483515e-10
1.141717820965387631e+02,nan,nan,9.931354343725719019e-10
1.142034701843527955e+02,nan,nan,9.931269264463502345e-10
1.142351582721668137e+02,nan,nan,9.931184160484252157e-10
1.142668463599808462e+02,nan,nan,9.931099031811268064e-10
1.142985344477948786e+02,nan,nan,9.931013878464849079e-10
1.143302225356089110e+02,nan,nan,9.930928700463565407e-10
1.143619106234229292e+02,nan,nan,9.930843497827997300e-10
1.143935987112369617e+02,nan,nan,9.930758270580488975e-10
1.144252867990509941e+02,nan,nan,9.930673018740952738e-10
1.144569748868650265e+02,nan,nan,9.930587742326577402e-10
1.144886629746790447e+02,nan,nan,9.930502441356321947e-10
1.145203510624930772e+02,nan,nan,9.930417115851540039e-10
1.145520391503071096e+02,nan,nan,9.930331765831502919e-10
1.145837272381211420e+02,nan,nan,9.930246391312379900e-10
1.146154153259351602e+02,nan,nan,9.930160992311467330e-10
1.146471034137491927e+02,nan,nan,9.930075568848919462e-10
1.146787915015632251e+02,nan,nan,9.929990120943614628e-10
1.147104795893772575e+02,nan,nan,9.929904648610559951e-10
1.147421676771912757e+02,nan,nan,9.929819151865494610e-10
1.147738557650053082e+02,nan,nan,9.929733630727338295e-10
1.148055438528193406e+02,nan,nan,9.929648085214334472e-10
1.148372319406333730e+02,nan,nan,9.929562515340671358e-10
1.148689200284473912e+02,nan,nan,9.929476921120541305e-10
1.149006081162614237e+02,nan,nan,9.929391302571447453e-10
1.149322962040754561e+02,nan,nan,9.929305659710998411e-10
1.149639842918894885e+02,nan,nan,9.929219992552747532e-10
1.149956723797035067e+02,nan,nan,9.929134301109119069e-10
1.150273604675175392e+02,nan,nan,9.929048585396590461e-10
1.150590485553315716e+02,nan,nan,9.928962845431893502e-10
1.150907366431456040e+02,nan,nan,9.928877081227938415e-10
1.151224247309596223e+02,nan,nan,9.928791292795987263e-10
1.151541128187736547e+02,nan,nan,9.928705480150650124e-10
1.151858009065876871e+02,nan,nan,9.928619643308226592e-10
1.152174889944017195e+02,nan,nan,9.928533782280857611e-10
1.152491770822157520e+02,nan,nan,9.928447897078672007e-10
1.152808651700297702e+02,nan,nan,9.928361987714797135e-10
1.153125532578438026e+02,nan,nan,9.928276054204755042e-10
1.153441237361585792e+02,nan,nan,9.928190415634354169e-10
1.153758118239726116e+02,nan,nan,9.928104433953670374e-10
1.154074999117866298e+02,nan,nan,9.928018428159110420e-10
1.154391879996006622e+02,nan,nan,9.927932398265451888e-10
1.154705390364362785e+02,nan,nan,9.927847259725501761e-10
1.155022271242502967e+02,nan,nan,9.927761181919778188e-10
1.155339152120643291e+02,nan,nan,9.927675080044238230e-10
1.155656032998783616e+02,nan,nan,9.927588954112784727e-10
1.155967646046355952e+02,nan,nan,9.927504236490755488e-10
1.156284059996232259e+02,nan,nan,9.927418189871227865e-10
1.156600940874372583e+02,nan,nan,9.927331992262154780e-10
1.156917821752512765e+02,nan,nan,9.927245770636637073e-10
1.157227852576617977e+02,nan,nan,9.927161389642119131e-10
1.157542136366972869e+02,nan,nan,9.927075827671058349e-10
1.157859017245113193e+02,nan,nan,9.926989534763768342e-10
1.158175898123253518e+02,nan,nan,9.926903217876533058e-10
1.158484703369982185e+02,nan,nan,9.926819077693124265e-10
1.158797287587200628e+02,nan,nan,9.926733884675931671e-10
1.159114168465340811e+02,nan,nan,9.926647496833341965e-10
1.159431049343481135e+02,nan,nan,9.926561085044196126e-10
1.159739031490190655e+02,nan,nan,9.926477076956164824e-10
1.160050403571386965e+02,nan,nan,9.926392121217722378e-10
1.160367284449527148e+02,nan,nan,9.926305638723826823e-10
1.160684165327667472e+02,nan,nan,9.926219132314179342e-10
1.160991760702133462e+02,nan,nan,9.926135137921485861e-10
1.161300499675383122e+02,nan,nan,9.926050808603294114e-10
1.161617380553523446e+02,nan,nan,9.925964231806397789e-10
1.161934261431663629e+02,nan,nan,9.925877631122225228e-10
1.162241989357799525e+02,nan,nan,9.925793509005233039e-10
1.162548430732466898e+02,nan,nan,9.925709716215486195e-10
1.162863159660809202e+02,nan,nan,9.925623634056240747e-10
1.163180040538949527e+02,nan,nan,9.925536939533115739e-10
1.163488576670270476e+02,nan,nan,9.925452505109103653e-10
1.163793087192159845e+02,nan,nan,9.925369150174352882e-10
1.164104256372910839e+02,nan,nan,9.925283949792971886e-10
1.164421137251051164e+02,nan,nan,9.925197161886608908e-10
1.164731319098092115e+02,nan,nan,9.925112185648306506e-10
1.165034360263972388e+02,nan,nan,9.925029143603746235e-10
1.165342669893531422e+02,nan,nan,9.924944635494822259e-10
1.165659550771671604e+02,nan,nan,9.924857754505084624e-10
1.165972279265452869e+02,nan,nan,9.924771988662246929e-10
1.166274439420666056e+02,nan,nan,9.924689099175392853e-10
1.166580776359622860e+02,nan,nan,9.924605041817541572e-10
1.166897657237763184e+02,nan,nan,9.924518067862077111e-10
1.167213834306824225e+02,nan,nan,9.924431263381506540e-10
1.167515775261425830e+02,nan,nan,9.924348345249160376e-10
1.167821109158614377e+02,nan,nan,9.924264473413041580e-10
1.168137990036754701e+02,nan,nan,9.924177406417695618e-10
1.168454870914894883e+02,nan,nan,9.924090315667006662e-10
1.168757420642295557e+02,nan,nan,9.924007141494862623e-10
1.169061633230299435e+02,nan,nan,9.923923488362077985e-10
1.169376456079200324e+02,nan,nan,9.923836894554898922e-10
1.169693336957340648e+02,nan,nan,9.923749711019569518e-10
1.169997383848532309e+02,nan,nan,9.923666036202482937e-10
1.170299634400945479e+02,nan,nan,9.923582834102033081e-10
1.170609758974997732e+02,nan,nan,9.923497442050694971e-10
1.170926639853138056e+02,nan,nan,9.923410166210518827e-10
1.171233355764297528e+02,nan,nan,9.923325667451393091e-10
1.171534288772065651e+02,nan,nan,9.923242740281190904e-10
1.171840856266427267e+02,nan,nan,9.923158238462787303e-10
1.172157737144567591e+02,nan,nan,9.923070870577929265e-10
1.172468430684747744e+02,nan,nan,9.922985185631208944e-10
1.172768923345570613e+02,nan,nan,9.922902292301652177e-10
1.173073390656251149e+02,nan,nan,9.922818280828508295e-10
1.173390271534391331e+02,nan,nan,9.922730820890398772e-10
1.173706273438647827e+02,nan,nan,9.922643580000042803e-10
1.174007327703986903e+02,nan,nan,9.922560443943405318e-10
1.174311253624083093e+02,nan,nan,9.922476493239389126e-10
1.174628134502223276e+02,nan,nan,9.922388940954269398e-10
1.174945015380363600e+02,nan,nan,9.922301365045874333e-10
1.175247866293498333e+02,nan,nan,9.922217644511762270e-10
1.175550811672489289e+02,nan,nan,9.922133876290400449e-10
1.175863025949559528e+02,nan,nan,9.922047522527699543e-10
1.176179906827699853e+02,nan,nan,9.921959854631760084e-10
1.176485965973906502e+02,nan,nan,9.921875158275272604e-10
1.176787539594127594e+02,nan,nan,9.921791681695572561e-10
1.177095258855408701e+02,nan,nan,9.921706481974422314e-10
1.177412139733549026e+02,nan,nan,9.921618722407281280e-10
1.177723079941123814e+02,nan,nan,9.921532585203628706e-10
1.178024394646378568e+02,nan,nan,9.921449092847282412e-10
1.178329604973736764e+02,nan,nan,9.921364499341615456e-10
1.178646485851876946e+02,nan,nan,9.921276648072478980e-10
1.178963366730017270e+02,nan,nan,9.921188773283557800e-10
1.179265772378727206e+02,nan,nan,9.921104890724357579e-10
1.179570603939285149e+02,nan,nan,9.921020313593082399e-10
1.179887484817425474e+02,nan,nan,9.920932370264287924e-10
1.180204365695565798e+02,nan,nan,9.920844403450564068e-10
1.180509514898120784e+02,nan,nan,9.920759671191861335e-10
1.180813625426183222e+02,nan,nan,9.920675205700064204e-10
1.181126103842047286e+02,nan,nan,9.920588393555038668e-10
1.181442984720187468e+02,nan,nan,9.920500335042046998e-10
1.181752674434436301e+02,nan,nan,9.920414252252454768e-10
1.182055912504770419e+02,nan,nan,9.920329941115674274e-10
1.182364142114721375e+02,nan,nan,9.920244220175209098e-10
1.182681022992861699e+02,nan,nan,9.920156070165881834e-10
1.182997379968061011e+02,nan,nan,9.920068042563432311e-10
1.183301260082492092e+02,nan,nan,9.919983464758432999e-10
1.183607903033407496e+02,nan,nan,9.919898096197994444e-10
1.183924783911547820e+02,nan,nan,9.919809854442099111e-10
1.184241664789688002e+02,nan,nan,9.919721589339907800e-10
1.184548219267779245e+02,nan,nan,9.919636178387203179e-10
1.184855237003891233e+02,nan,nan,9.919550616488748174e-10
1.185171965374928931e+02,nan,nan,9.919462325427675027e-10
1.185488846253069255e+02,nan,nan,9.919373968560721809e-10
1.185799975264588824e+02,nan,nan,9.919287192854166513e-10
1.186105832865244452e+02,nan,nan,9.919201865511492681e-10
1.186417167945582918e+02,nan,nan,9.919114987820878066e-10
1.186734048823723242e+02,nan,nan,9.919026539538111150e-10
1.187050929701863424e+02,nan,nan,9.918938068027531540e-10
1.187357414895919447e+02,nan,nan,9.918852476856498826e-10
1.187666510336574390e+02,nan,nan,9.918766134747412038e-10
1.187983391214714715e+02,nan,nan,9.918677594963615278e-10
1.188300272092855039e+02,nan,nan,9.918589032007509643e-10
1.188609759297658428e+02,nan,nan,9.918502513111862396e-10
1.188919503539907510e+02,nan,nan,9.918415900259554901e-10
1.189236384418047692e+02,nan,nan,9.918327268941895430e-10
1.189553265296188016e+02,nan,nan,9.918238614511697087e-10
1.189868043701149531e+02,nan,nan,9.918150525433271293e-10
1.190176697538736477e+02,nan,nan,9.918064128173712146e-10
1.190490248538245197e+02,nan,nan,9.917976337713410097e-10
1.190807129416385521e+02,nan,nan,9.917887592000706484e-10
1.191124010294525846e+02,nan,nan,9.917798823262146322e-10
1.191433972744530507e+02,nan,nan,9.917711970344941716e-10
1.191745577980276636e+02,nan,nan,9.917624634936954354e-10
1.192062458858416960e+02,nan,nan,9.917535798106916895e-10
1.192379339736557284e+02,nan,nan,9.917446938319838112e-10
1.192693259976849305e+02,nan,nan,9.917358886142073861e-10
1.193005276259124940e+02,nan,nan,9.917271345723393552e-10
1.193322157137265265e+02,nan,nan,9.917182417748700473e-10
1.193639038015405589e+02,nan,nan,9.917093466890469337e-10
1.193955918893545913e+02,nan,nan,9.917004493173920883e-10
1.194267762717574044e+02,nan,nan,9.916916911464197989e-10
1.194582600886667620e+02,nan,nan,9.916828466367182786e-10
1.194899481764807803e+02,nan,nan,9.916739424696154687e-10
1.195216362642948127e+02,nan,nan,9.916650360245695417e-10
1.195530925448159536e+02,nan,nan,9.916561924821132659e-10
1.195845632193110077e+02,nan,nan,9.916473426509040934e-10
1.196162513071250402e+02,nan,nan,9.916384294169457560e-10
1.196479393949390726e+02,nan,nan,9.916295139133372006e-10
1.196796274827530908e+02,nan,nan,9.916205961428399697e-10
1.197110696141180171e+02,nan,nan,9.916117453518773275e-10
1.197427577019320495e+02,nan,nan,9.916028230713271128e-10
1.197744457897460677e+02,nan,nan,9.915938985299655185e-10
1.198061338775601001e+02,nan,nan,9.915849717306101287e-10
1.198377494722077898e+02,nan,nan,9.915760631055793281e-10
1.198694075379680015e+02,nan,nan,9.915671402654852695e-10
1.199010956257820339e+02,nan,nan,9.915582067133454098e-10
1.199327837135960522e+02,nan,nan,9.915492709124966500e-10
1.199644718014100846e+02,nan,nan,9.915403328659356588e-10
1.199961598892241170e+02,nan,nan,9.915313925760494726e-10
1.200278479770381495e+02,nan,nan,9.915224500448022318e-10
1.200595360648521677e+02,nan,nan,9.915135052746554192e-10
1.200912241526662001e+02,nan,nan,9.915045582686962794e-10
1.201229122404802325e+02,nan,nan,9.914956090297771381e-10
1.201546003282942650e+02,nan,nan,9.914866575600873356e-10
1.201862884161082974e+02,nan,nan,9.914777038618689449e-10
1.202179765039223156e+02,nan,nan,9.914687479380830659e-10
1.202496645917363480e+02,nan,nan,9.914597897919437087e-10
1.202813526795503805e+02,nan,nan,9.914508294260734495e-10
1.203130407673644129e+02,nan,nan,9.914418668426614219e-10
1.203447288551784311e+02,nan,nan,9.914329020444073365e-10
1.203764169429924635e+02,nan,nan,9.914239350346451448e-10
1.204081050308064960e+02,nan,nan,9.914149658164614712e-10
1.204397931186205284e+02,nan,nan,9.914059943922954646e-10
1.204714812064345466e+02,nan,nan,9.913970207646001291e-10
1.205031692942485790e+02,nan,nan,9.913880449365607305e-10
1.205348573820626115e+02,nan,nan,9.913790669116336428e-10
1.205665454698766439e+02,nan,nan,9.913700866926908373e-10
1.205982335576906621e+02,nan,nan,9.913611042821708423e-10
1.206299216455046945e+02,nan,nan,9.913521196829485241e-10
1.206616097333187270e+02,nan,nan,9.913431328985507740e-10
1.206932978211327594e+02,nan,nan,9.913341439323593132e-10
1.207249859089467776e+02,nan,nan,9.913251527870732319e-10
1.207566739967608100e+02,nan,nan,9.913161594653345451e-10
1.207883620845748425e+02,nan,nan,9.913071639704724479e-10
1.208200501723888749e+02,nan,nan,9.912981663061782339e-10
1.208517382602028931e+02,nan,nan,9.912891664756506104e-10
1.208834263480169255e+02,nan,nan,9.912801644815351078e-10
1.209151144358309580e+02,nan,nan,9.912711603268430772e-10
1.209468025236449904e+02,nan,nan,9.912621540152587810e-10
1.209784906114590086e+02,nan,nan,9.912531455504770283e-10
1.210101786992730410e+02,nan,nan,9.912441349354876632e-10
1.210418667870870735e+02,nan,nan,9.912351221730871768e-10
1.210735548749011059e+02,nan,nan,9.912261072666881025e-10
1.211052429627151241e+02,nan,nan,9.912170902202067271e-10
1.211369310505291566e+02,nan,nan,9.912080710371819359e-10
1.211686191383431890e+02,nan,nan,9.911990497205295407e-10
1.212003072261572214e+02,nan,nan,9.911900262733130048e-10
1.212319953139712396e+02,nan,nan,9.911810006993350843e-10
1.212636834017852721e+02,nan,nan,9.911719730025503229e-10
1.212953714895993045e+02,nan,nan,9.911629431863315496e-10
1.213270595774133369e+02,nan,nan,9.911539112536258021e-10
1.213587476652273551e+02,nan,nan,9.911448772078656731e-10
1.213904357530413876e+02,nan,nan,9.911358410531210981e-10
1.214221238408554200e+02,nan,nan,9.911268027932752764e-10
1.214538119286694524e+02,nan,nan,9.911177624315846113e-10
1.214855000164834706e+02,nan,nan,9.911087199711468942e-10
1.215171881042975031e+02,nan,nan,9.910996754157706714e-10
1.215488761921115355e+02,nan,nan,9.910906287696667059e-10
1.215805642799255679e+02,nan,nan,9.910815800365833666e-10
1.216122523677395861e+02,nan,nan,9.910725292197094347e-10
1.216439404555536186e+02,nan,nan,9.910634763224311809e-10
1.216756285433676510e+02,nan,nan,9.910544213488559706e-10
1.217073166311816834e+02,nan,nan,9.910453643032146256e-10
1.217390047189957158e+02,nan,nan,9.910363051891250274e-10
1.217706928068097341e+02,nan,nan,9.910272440097999453e-10
1.218023808946237665e+02,nan,nan,9.910181807689521796e-10
1.218340689824377989e+02,nan,nan,9.910091154709281507e-10
1.218657570702518314e+02,nan,nan,9.910000481198875431e-10
1.218974451580658496e+02,nan,nan,9.909909787192925215e-10
1.219291332458798820e+02,nan,nan,9.909819072725353533e-10
1.219608213336939144e+02,nan,nan,9.909728337836307597e-10
1.219925094215079469e+02,nan,nan,9.909637582570508928e-10
1.220241975093219651e+02,nan,nan,9.909546806968179182e-10
1.220558855971359975e+02,nan,nan,9.909456011063547093e-10
1.220875736849500299e+02,nan,nan,9.909365194892425445e-10
1.221192617727640624e+02,nan,nan,9.909274358498055106e-10
1.221509498605780806e+02,nan,nan,9.909183501925329235e-10
1.221826379483921130e+02,nan,nan,9.909092625212771701e-10
1.222143260362061454e+02,nan,nan,9.909001728394708431e-10
1.222460141240201779e+02,nan,nan,9.908910811509799780e-10
1.222777022118341961e+02,nan,nan,9.908819874603391789e-10
1.223093902996482285e+02,nan,nan,9.908728917719597999e-10
1.223410783874622609e+02,nan,nan,9.908637940895664286e-10
1.223727664752762934e+02,nan,nan,9.908546944166721010e-10
1.224044545630903116e+02,nan,nan,9.908455927574100318e-10
1.224361426509043440e+02,nan,nan,9.908364891164546188e-10
1.224678307387183764e+02,nan,nan,9.908273834980968613e-10
1.224995188265324089e+02,nan,nan,9.908182759059376833e-10
1.225312069143464271e+02,nan,nan,9.908091663436549367e-10
1.225628950021604595e+02,nan,nan,9.908000548156517038e-10
1.225945830899744919e+02,nan,nan,9.907909413266164443e-10
1.226262711777885244e+02,nan,nan,9.907818258806664498e-10
1.226579592656025426e+02,nan,nan,9.907727084813879617e-10
1.226896473534165750e+02,nan,nan,9.907635891326344010e-10
1.227213354412306074e+02,nan,nan,9.907544678390193676e-10
1.227530235290446399e+02,nan,nan,9.907453446051949251e-10
1.227847116168586581e+02,nan,nan,9.907362194350953515e-10
1.228163997046726905e+02,nan,nan,9.907270923323126784e-10
1.228480877924867229e+02,nan,nan,9.907179633009356597e-10
1.228797758803007554e+02,nan,nan,9.907088323457286489e-10
1.229114639681147736e+02,nan,nan,9.906996994712055706e-10
1.229431520559288060e+02,nan,nan,9.906905646811449858e-10
1.229748401437428384e+02,nan,nan,9.906814279791912456e-10
1.230065282315568709e+02,nan,nan,9.906722893697000762e-10
1.230382163193708891e+02,nan,nan,9.906631488574769834e-10
1.230699044071849215e+02,nan,nan,9.906540064468733508e-10
1.231015924949989540e+02,nan,nan,9.906448621415194673e-10
1.231332805828129864e+02,nan,nan,9.906357159452067153e-10
1.231649686706270188e+02,nan,nan,9.906265678625044405e-10
1.231966567584410370e+02,nan,nan,9.906174178981685178e-10
1.232283448462550695e+02,nan,nan,9.906082660563456036e-10
1.232600329340691019e+02,nan,nan,9.905991123405876115e-10
1.232917210218831343e+02,nan,nan,9.905899567548610792e-10
1.233234091096971525e+02,nan,nan,9.905807993038933440e-10
1.233550971975111850e+02,nan,nan,9.905716399923548745e-10
1.233867852853252174e+02,nan,nan,9.905624788241168759e-10
1.234184733731392498e+02,nan,nan,9.905533158027591791e-10
1.234501614609532680e+02,nan,nan,9.905441509324269929e-10
1.234818495487673005e+02,nan,nan,9.905349842179593239e-10
1.235135376365813329e+02,nan,nan,9.905258156638043359e-10
1.235452257243953653e+02,nan,nan,9.905166452736462913e-10
1.235769138122093835e+02,nan,nan,9.905074730510881820e-10
1.236086019000234160e+02,nan,nan,9.904982990005252323e-10
1.236402899878374484e+02,nan,nan,9.904891231267672907e-10
1.236719780756514808e+02,nan,nan,9.904799454340011317e-10
1.237036661634654990e+02,nan,nan,9.904707659257486836e-10
1.237353542512795315e+02,nan,nan,9.904615846057390835e-10
1.237670423390935639e+02,nan,nan,9.904524014785387820e-10
1.237987304269075963e+02,nan,nan,9.904432165488269328e-10
1.238304185147216145e+02,nan,nan,9.904340298205400886e-10
1.238621066025356470e+02,nan,nan,9.904248412970618317e-10
1.238937946903496794e+02,nan,nan,9.904156509822966613e-10
1.239254827781637118e+02,nan,nan,9.904064588809268334e-10
1.239571708659777300e+02,nan,nan,9.903972649974331853e-10
1.239888589537917625e+02,nan,nan,9.903880693354242923e-10
1.240205470416057949e+02,nan,nan,9.903788718982694680e-10
1.240522351294198273e+02,nan,nan,9.903696726900800068e-10
1.240839232172338455e+02,nan,nan,9.903604717155406461e-10
1.241156113050478780e+02,nan,nan,9.903512689788435372e-10
1.241472993928619104e+02,nan,nan,9.903420644833110511e-10
1.241789874806759428e+02,nan,nan,9.903328582323790891e-10
1.242106755684899611e+02,nan,nan,9.903236502303338946e-10
1.242423636563039935e+02,nan,nan,9.903144404817785207e-10
1.242740517441180259e+02,nan,nan,9.903052289905000072e-10
1.243057398319320583e+02,nan,nan,9.902960157596410199e-10
1.243374279197460766e+02,nan,nan,9.902868007927627782e-10
1.243691160075601090e+02,nan,nan,9.902775840942954547e-10
1.244008040953741414e+02,nan,nan,9.902683656685881582e-10
1.244322916797196967e+02,nan,nan,9.902592038641093021e-10
1.244639797675337292e+02,nan,nan,9.902499820046050905e-10
1.244956678553477616e+02,nan,nan,9.902407584280294372e-10
1.245273559431617940e+02,nan,nan,9.902315331388257496e-10
1.245589370525161002e+02,nan,nan,9.902223372940368246e-10
1.245902681674375714e+02,nan,nan,9.902132125689792389e-10
1.246219562552516038e+02,nan,nan,9.902039821877805338e-10
1.246536443430656362e+02,nan,nan,9.901947501078878587e-10
1.246853324308796545e+02,nan,nan,9.901855163336422574e-10
1.247166569189120366e+02,nan,nan,9.901763868489468952e-10
1.247481592078065944e+02,nan,nan,9.901672038806847988e-10
1.247798472956206268e+02,nan,nan,9.901579650716325524e-10
1.248115353834346450e+02,nan,nan,9.901487245816487989e-10
1.248430167941508984e+02,nan,nan,9.901395426997498843e-10
1.248739435831633813e+02,nan,nan,9.901305209702777016e-10
1.249056316709774137e+02,nan,nan,9.901212755090985261e-10
1.249373197587914319e+02,nan,nan,9.901120283798052138e-10
1.249690078466054644e+02,nan,nan,9.901027795865127815e-10
1.250000258709485763e+02,nan,nan,9.900937247562950023e-10
1.250307999217602344e+02,nan,nan,9.900847395773142005e-10
1.250624880095742668e+02,nan,nan,9.900754858929718757e-10
1.250941760973882992e+02,nan,nan,9.900662305566355100e-10
1.251257269808255330e+02,nan,nan,9.900570136570665175e-10
1.251564602704104061e+02,nan,nan,9.900480340316295238e-10
1.251874086493931628e+02,nan,nan,9.900389899998530453e-10
1.252190967372071952e+02,nan,nan,9.900297281820311137e-10
1.252507848250212277e+02,nan,nan,9.900204647274877904e-10
1.252816573094349195e+02,nan,nan,9.900114381295686322e-10
1.253119735149633414e+02,nan,nan,9.900025726719165933e-10
1.253434794728412669e+02,nan,nan,9.899933577115999618e-10
1.253751675606552993e+02,nan,nan,9.899840878598634654e-10
1.254068556484693318e+02,nan,nan,9.899748163856062004e-10
1.254372387705992224e+02,nan,nan,9.899659252045013693e-10
1.254674207817952407e+02,nan,nan,9.899570914031127909e-10
1.254991088696092731e+02,nan,nan,9.899478152192348796e-10
1.255307969574232914e+02,nan,nan,9.899385374224598257e-10
1.255616824736569583e+02,nan,nan,9.899294930577460458e-10
1.255917858120207882e+02,nan,nan,9.899206762729085793e-10
1.256221595566457694e+02,nan,nan,9.899117788216460785e-10
1.256538476444598018e+02,nan,nan,9.899024947862010188e-10
1.256855357322738342e+02,nan,nan,9.898932091500208532e-10
1.257157411658657793e+02,nan,nan,9.898843564921593381e-10
1.257454106918777370e+02,nan,nan,9.898756594870533081e-10
1.257763709272253294e+02,nan,nan,9.898665826464887663e-10
1.258080590150393618e+02,nan,nan,9.898572908414710434e-10
1.258391866911799752e+02,nan,nan,9.898481618164517348e-10
1.258689297256785409e+02,nan,nan,9.898394374435668360e-10
1.258984883333354929e+02,nan,nan,9.898307657829877429e-10
1.259301764211495254e+02,nan,nan,9.898214678610043385e-10
1.259618645089635578e+02,nan,nan,9.898121683560491182e-10
1.259920780701629610e+02,nan,nan,9.898033001089219557e-10
1.260214944582534002e+02,nan,nan,9.897946644682599191e-10
1.260512721864849084e+02,nan,nan,9.897859213655328888e-10
1.260829602742989266e+02,nan,nan,9.897766158287663021e-10
1.261145790019949118e+02,nan,nan,9.897673290912013547e-10
1.261441207704443883e+02,nan,nan,9.897586509631247335e-10
1.261731445370485147e+02,nan,nan,9.897501236723729021e-10
1.262035294706264068e+02,nan,nan,9.897411950537834746e-10
1.262352175584404392e+02,nan,nan,9.897318819659832745e-10
1.262657059596499209e+02,nan,nan,9.897229199854579072e-10
1.262948208260590519e+02,nan,nan,9.897143603990727404e-10
1.263237537661076146e+02,nan,nan,9.897058529890252169e-10
1.263550665761758012e+02,nan,nan,9.896966443347230872e-10
1.263867546639898336e+02,nan,nan,9.896873237626967226e-10
1.264163518540003395e+02,nan,nan,9.896786167868002566e-10
1.264451227993121591e+02,nan,nan,9.896701515730934203e-10
1.264742802134767032e+02,nan,nan,9.896615713371728602e-10
1.265059683012907357e+02,nan,nan,9.896522448950385991e-10
1.265370383248039161e+02,nan,nan,9.896430988488657457e-10
1.265659892621182223e+02,nan,nan,9.896345752488728324e-10
1.265943964468885525e+02,nan,nan,9.896262104752372809e-10
1.266241204523314963e+02,nan,nan,9.896174566113911323e-10
1.266558085401455287e+02,nan,nan,9.896081228077983718e-10
1.266857892980866751e+02,nan,nan,9.895992904713660970e-10
1.267143282504517714e+02,nan,nan,9.895908815992578476e-10
1.267426440401176677e+02,nan,nan,9.895825372353332143e-10
1.267732217307350879e+02,nan,nan,9.895735249191673034e-10
1.268049098185491204e+02,nan,nan,9.895641838036995241e-10
1.268340290302358966e+02,nan,nan,9.895555985813102724e-10
1.268622507626304952e+02,nan,nan,9.895472767124397680e-10
1.268907496659266201e+02,nan,nan,9.895388718630318126e-10
1.269219746890557445e+02,nan,nan,9.895296615885136462e-10
1.269527349875208273e+02,nan,nan,9.895205869176533637e-10
1.269812224965927498e+02,nan,nan,9.895121814443677992e-10
1.270090786641924296e+02,nan,nan,9.895039610409495250e-10
1.270380431676494197e+02,nan,nan,9.894954122931011711e-10
1.270697312554634522e+02,nan,nan,9.894860582047960634e-10
1.270994314837368080e+02,nan,nan,9.894772895089391669e-10
1.271274957558098606e+02,nan,nan,9.894690025604573373e-10
1.271552293870064432e+02,nan,nan,9.894608120487809002e-10
1.271849473053624422e+02,nan,nan,9.894520342008537770e-10
1.272166353931764746e+02,nan,nan,9.894426729140139380e-10
1.272454842846206873e+02,nan,nan,9.894341490314426857e-10
1.272732894244296631e+02,nan,nan,9.894259323243461192e-10
1.273011277428907420e+02,nan,nan,9.894177046133837371e-10
1.273314754689839532e+02,nan,nan,9.894087338701761787e-10
1.273622563921765476e+02,nan,nan,9.893996336170171329e-10
1.273904722647900059e+02,nan,nan,9.893912904215769319e-10
1.274179010881264844e+02,nan,nan,9.893831787674999051e-10
1.274460697155184761e+02,nan,nan,9.893748471128478349e-10
1.274770332920416820e+02,nan,nan,9.893656873529956714e-10
1.275067921601254568e+02,nan,nan,9.893568825722266221e-10
1.275345690965587124e+02,nan,nan,9.893486629472109469e-10
1.275618108037025991e+02,nan,nan,9.893406005407726371e-10
1.275905067982992591e+02,nan,nan,9.893321064776838254e-10
1.276221793488500396e+02,nan,nan,9.893227298612743807e-10
1.276510946580739159e+02,nan,nan,9.893141681598295398e-10
1.276785666957173362e+02,nan,nan,9.893060325998620265e-10
1.277058091531616526e+02,nan,nan,9.892979638665247656e-10
1.277352226019723958e+02,nan,nan,9.892892508240904434e-10
1.277665259953323869e+02,nan,nan,9.892799764470194217e-10
1.277947557048532587e+02,nan,nan,9.892716114111789897e-10
1.278219714972715764e+02,nan,nan,9.892635456416935565e-10
1.278494041330125270e+02,nan,nan,9.892554144357795878e-10
1.278793521072575174e+02,nan,nan,9.892465363226802486e-10
1.279095855684765297e+02,nan,nan,9.892375721524032795e-10
1.279373338773481095e+02,nan,nan,9.892293435663381964e-10
1.279642834365445623e+02,nan,nan,9.892213506895870156e-10
1.279920539662776804e+02,nan,nan,9.892131131314753653e-10
1.280225545420771596e+02,nan,nan,9.892040643649805467e-10
1.280519679941433537e+02,nan,nan,9.891953367368684154e-10
1.280793830372382729e+02,nan,nan,9.891872008573200860e-10
1.281062178501363746e+02,nan,nan,9.891792360257383853e-10
1.281344719327487667e+02,nan,nan,9.891708487146730693e-10
1.281655982454494449e+02,nan,nan,9.891616073156254740e-10
1.281943250262302456e+02,nan,nan,9.891530769815138348e-10
1.282215079281902206e+02,nan,nan,9.891450038987815038e-10
1.282483664564539083e+02,nan,nan,9.891370260053495690e-10
1.282772843945068360e+02,nan,nan,9.891284351208666313e-10
1.283054196709421433e+02,nan,nan,9.891200754768253852e-10
1.283337144630751823e+02,nan,nan,9.891116671727321363e-10
1.283608327350363822e+02,nan,nan,9.891036073021491703e-10
1.283877396133327693e+02,nan,nan,9.890956091066558089e-10
1.284168937246566884e+02,nan,nan,9.890869416115074380e-10
1.284477818423613655e+02,nan,nan,9.890777571227692958e-10
1.284756737774607984e+02,nan,nan,9.890694622362456159e-10
1.285025175441532497e+02,nan,nan,9.890614778990512735e-10
1.285296810225455602e+02,nan,nan,9.890533972980247241e-10
1.285593340863025276e+02,nan,nan,9.890445747490922760e-10
1.285894103009909202e+02,nan,nan,9.890356248672106077e-10
1.286169685028417007e+02,nan,nan,9.890274230105552004e-10
1.286436618027012173e+02,nan,nan,9.890194774076957031e-10
1.286711689308475570e+02,nan,nan,9.890112883642017807e-10
1.287013362884437413e+02,nan,nan,9.890023059584628897e-10
1.287307852483879458e+02,nan,nan,9.889935360493555801e-10
1.287581194394128659e+02,nan,nan,9.889853946740339434e-10
1.287847707278920097e+02,nan,nan,9.889774555427431505e-10
1.288127221643902089e+02,nan,nan,9.889691278832756248e-10
1.288434548126977006e+02,nan,nan,9.889599701559580139e-10
1.288723802533575622e+02,nan,nan,9.889513495512902915e-10
1.288995667679759549e+02,nan,nan,9.889432459670562127e-10
1.289262734127796648e+02,nan,nan,9.889352842580515458e-10
1.289548157958381580e+02,nan,nan,9.889267740093999540e-10
1.289862116411148349e+02,nan,nan,9.889174114452089947e-10
1.290146699411414488e+02,nan,nan,9.889089235097258887e-10
1.290417736879843176e+02,nan,nan,9.889008383630188593e-10
1.290686504195608393e+02,nan,nan,9.888928197599966821e-10
1.290977524388606810e+02,nan,nan,9.888841359257953442e-10
1.291258318750067815e+02,nan,nan,9.888757559192251483e-10
1.291540653309380957e+02,nan,nan,9.888673286562817134e-10
1.291811006141502389e+02,nan,nan,9.888592578160786228e-10
1.292081165395478877e+02,nan,nan,9.888511915665740763e-10
1.292374651112940001e+02,nan,nan,9.888424275018423152e-10
1.292684337374787447e+02,nan,nan,9.888331781342491369e-10
1.292964405135355719e+02,nan,nan,9.888248120333973294e-10
1.293233417838885941e+02,nan,nan,9.888167749613190796e-10
1.293506852692519544e+02,nan,nan,9.888086045607006210e-10
1.293805485746320016e+02,nan,nan,9.887996798252466795e-10
1.294109338736019197e+02,nan,nan,9.887905975932634549e-10
1.294387522066097347e+02,nan,nan,9.887822813090362681e-10
1.294656245451145651e+02,nan,nan,9.887742466268587906e-10
1.294933581389357471e+02,nan,nan,9.887659531926427888e-10
1.295237536060319030e+02,nan,nan,9.887568623039844976e-10
1.295536875769735161e+02,nan,nan,9.887479079613467080e-10
1.295813976783518058e+02,nan,nan,9.887396175490545420e-10
1.296083204796542816e+02,nan,nan,9.887315614765391874e-10
1.296365225370374503e+02,nan,nan,9.887231213356833964e-10
1.296674937524390998e+02,nan,nan,9.887138509499999534e-10
1.296970522378788360e+02,nan,nan,9.887050019547361993e-10
1.297247114623013999e+02,nan,nan,9.886967202442477993e-10
1.297517578028489140e+02,nan,nan,9.886886208249793604e-10
1.297805399644871329e+02,nan,nan,9.886800002641230524e-10
1.298121643597231696e+02,nan,nan,9.886705268487730925e-10
1.298413875749259319e+02,nan,nan,9.886617712660098555e-10
1.298690439443435594e+02,nan,nan,9.886534838300305795e-10
1.298962979879162276e+02,nan,nan,9.886453157190122809e-10
1.299257220100485029e+02,nan,nan,9.886364958816610124e-10
1.299574100978625211e+02,nan,nan,9.886269957915548543e-10
1.299863533137775278e+02,nan,nan,9.886183171651521652e-10
1.300139044519320066e+02,nan,nan,9.886100546681083564e-10
1.300414634263007372e+02,nan,nan,9.886017885654283049e-10
1.300714070222703356e+02,nan,nan,9.885928057890361920e-10
1.301030951100843538e+02,nan,nan,9.885832980669942275e-10
1.301318476560346369e+02,nan,nan,9.885746696909412823e-10
1.301593559324607554e+02,nan,nan,9.885664134291750048e-10
1.301872969613980899e+02,nan,nan,9.885580259998468494e-10
1.302177988170093670e+02,nan,nan,9.885488683767386929e-10
1.302491925404204096e+02,nan,nan,9.885394413780756295e-10
1.302778343200809843e+02,nan,nan,9.885308393187387175e-10
1.303053857748867586e+02,nan,nan,9.885225634385313287e-10
1.303337729157777005e+02,nan,nan,9.885140352206328669e-10
1.303648628356678216e+02,nan,nan,9.885046934872975660e-10
1.303958799634697812e+02,nan,nan,9.884953720313581997e-10
1.304244794853755707e+02,nan,nan,9.884867757186983272e-10
1.304521436924194120e+02,nan,nan,9.884784592508227756e-10
1.304810454965662814e+02,nan,nan,9.884697693802452749e-10
1.305127335843802996e+02,nan,nan,9.884602401710406338e-10
1.305434434300743476e+02,nan,nan,9.884510035524085580e-10
1.305720520124115751e+02,nan,nan,9.884423975291487384e-10
1.305998919474523348e+02,nan,nan,9.884340214305883835e-10
1.306294024336222321e+02,nan,nan,9.884251413190359872e-10
1.306610905214362504e+02,nan,nan,9.884156043328461106e-10
1.306915610332943061e+02,nan,nan,9.884064322286968381e-10
1.307202422121800112e+02,nan,nan,9.883977973412911099e-10
1.307483129529861969e+02,nan,nan,9.883893449195802746e-10
1.307784935178305830e+02,nan,nan,9.883802557531219450e-10
1.308101816056446012e+02,nan,nan,9.883707109627309363e-10
1.308404848005557142e+02,nan,nan,9.883615817677617874e-10
1.308691512699367365e+02,nan,nan,9.883529442627841631e-10
1.308975142424490343e+02,nan,nan,9.883443968714642441e-10
1.309282205614775307e+02,nan,nan,9.883351418001213915e-10
1.309599086492915774e+02,nan,nan,9.883255891891589328e-10
1.309901170285218370e+02,nan,nan,9.883164811096725008e-10
1.310187817767750857e+02,nan,nan,9.883078370610985931e-10
1.310474810765677205e+02,nan,nan,9.882991812402140779e-10
1.310786814276044367e+02,nan,nan,9.882897695565198484e-10
1.311103695154184550e+02,nan,nan,9.882802091094998780e-10
1.311405389762983020e+02,nan,nan,9.882711053099379592e-10
1.311692586331543851e+02,nan,nan,9.882624376116578114e-10
1.311983299946608952e+02,nan,nan,9.882536623917269212e-10
1.312300180824749418e+02,nan,nan,9.882440957339453985e-10
1.312617061702889600e+02,nan,nan,9.882345274342124279e-10
1.312918771425490831e+02,nan,nan,9.882254157082286852e-10
1.313206959515335654e+02,nan,nan,9.882167109534159751e-10
1.313501773505495862e+02,nan,nan,9.882078046610624192e-10
1.313818654383636328e+02,nan,nan,9.881982301512358447e-10
1.314135535261776511e+02,nan,nan,9.881886540074638965e-10
1.314437846487702473e+02,nan,nan,9.881795166386321833e-10
1.314727461273034805e+02,nan,nan,9.881707616293470611e-10
1.315026448606190570e+02,nan,nan,9.881617218619060500e-10
1.315343329484331036e+02,nan,nan,9.881521395082139990e-10
1.315660210362471219e+02,nan,nan,9.881425555298676739e-10
1.315963519904769328e+02,nan,nan,9.881333804942320831e-10
1.316254854535960988e+02,nan,nan,9.881245662992460361e-10
1.316558027236931423e+02,nan,nan,9.881153924957189220e-10
1.316874908115071605e+02,nan,nan,9.881058023093914054e-10
1.317191788993211787e+02,nan,nan,9.880962105089952518e-10
1.317496387405526264e+02,nan,nan,9.880869889734476416e-10
1.317789635767928758e+02,nan,nan,9.880781096493186626e-10
1.318096954874262678e+02,nan,nan,9.880688027965875441e-10
1.318413835752402861e+02,nan,nan,9.880592047934338446e-10
1.318730716630543327e+02,nan,nan,9.880496051880846517e-10
1.319036817374902739e+02,nan,nan,9.880403306386608300e-10
1.319332100250092026e+02,nan,nan,9.880313824480576643e-10
1.319643479770552403e+02,nan,nan,9.880219449673190720e-10
1.319960360648692586e+02,nan,nan,9.880123391688804203e-10
1.320277241526833052e+02,nan,nan,9.880027317814557291e-10
1.320584999211989441e+02,nan,nan,9.879933994790772868e-10
1.320882380041418003e+02,nan,nan,9.879843804210504463e-10
1.321197687631297981e+02,nan,nan,9.879748161532364908e-10
1.321514568509438448e+02,nan,nan,9.879652025878001890e-10
1.321831449387578630e+02,nan,nan,9.879555874478990035e-10
1.322140971722197662e+02,nan,nan,9.879461940725394468e-10
1.322440466407926749e+02,nan,nan,9.879371035916716850e-10
1.322757347286066931e+02,nan,nan,9.879274838689930370e-10
1.323074228164207113e+02,nan,nan,9.879178625830995751e-10
1.323391109042347580e+02,nan,nan,9.879082397385769821e-10
1.323702294836650140e+02,nan,nan,9.878987883259784057e-10
1.324003861998602645e+02,nan,nan,9.878896276248447494e-10
1.324320742876743111e+02,nan,nan,9.878800002267906984e-10
1.324637623754883293e+02,nan,nan,9.878703712823665395e-10
1.324954504633023475e+02,nan,nan,9.878607407963887387e-10
1.325267364807289425e+02,nan,nan,9.878512309975411015e-10
1.325570879096400176e+02,nan,nan,9.878420038498484864e-10
1.325887759974540359e+02,nan,nan,9.878323688443578575e-10
1.326204640852680541e+02,nan,nan,9.878227323106061723e-10
1.326521521730821007e+02,nan,nan,9.878130942536375783e-10
1.326836439613053642e+02,nan,nan,9.878035143974058355e-10
1.327141713577542248e+02,nan,nan,9.877942264820105557e-10
1.327458594455682714e+02,nan,nan,9.877845839428002376e-10
1.327775475333822897e+02,nan,nan,9.877749398946987449e-10
1.328092356211963079e+02,nan,nan,9.877652943429665326e-10
1.328409237090103545e+02,nan,nan,9.877556472924258570e-10
1.328716120800279441e+02,nan,nan,9.877463031680201503e-10
1.329033001678419623e+02,nan,nan,9.877366531766948192e-10
1.329349882556560090e+02,nan,nan,9.877270016970624962e-10
1.329666763434700272e+02,nan,nan,9.877173487345972558e-10
1.329983644312840738e+02,nan,nan,9.877076942944218276e-10
1.330292152171711280e+02,nan,nan,9.876982935397064780e-10
1.330587391567077304e+02,nan,nan,9.876892957919228568e-10
1.330869588282220946e+02,nan,nan,9.876806943440264799e-10
1.331160612446244613e+02,nan,nan,9.876718226182814140e-10
1.331477493324384795e+02,nan,nan,9.876621612663847582e-10
1.331788198305719959e+02,nan,nan,9.876526868006934710e-10
1.332105079183860141e+02,nan,nan,9.876430225757956817e-10
1.332408334917203376e+02,nan,nan,9.876337725372213011e-10
1.332682341553769731e+02,nan,nan,9.876254135335166972e-10
1.332948832947533333e+02,nan,nan,9.876172827653551872e-10
1.333257972107973899e+02,nan,nan,9.876078495283378942e-10
1.333571774941196395e+02,nan,nan,9.875982725933333621e-10
1.333888655819336577e+02,nan,nan,9.875886003041876746e-10
1.334205536697477044e+02,nan,nan,9.875789265979242266e-10
1.334476341177374081e+02,nan,nan,9.875706583889364855e-10
1.334740912928729131e+02,nan,nan,9.875625794860668592e-10
1.335051649626358312e+02,nan,nan,9.875530896527800599e-10
1.335368530504498779e+02,nan,nan,9.875434107927318231e-10
1.335685411382638961e+02,nan,nan,9.875337305391059385e-10
1.336002292260779143e+02,nan,nan,9.875240488981130850e-10
1.336260655094938556e+02,nan,nan,9.875161541329964855e-10
1.336513665209807868e+02,nan,nan,9.875084220432409869e-10
1.336830546087948051e+02,nan,nan,9.874987368026862915e-10
1.337147426966088517e+02,nan,nan,9.874890501931367222e-10
1.337464307844228699e+02,nan,nan,9.874793622203600026e-10
1.337781188722369166e+02,nan,nan,9.874696728910705644e-10
1.338046048207170884e+02,nan,nan,9.874615731940063381e-10
1.338304179007778600e+02,nan,nan,9.874536783623486418e-10
1.338614071041453997e+02,nan,nan,9.874441992562630402e-10
1.338930951919594179e+02,nan,nan,9.874345050495320715e-10
1.339247832797734645e+02,nan,nan,9.874248095117179843e-10
1.339564713675874827e+02,nan,nan,9.874151126495550627e-10
1.339815587253935121e+02,nan,nan,9.874074347394178975e-10
1.340377899892650362e+02,nan,nan,9.873902223398821814e-10
1.340694780770790828e+02,nan,nan,9.873805207979585928e-10
1.341011661648931010e+02,nan,nan,9.873708179580721975e-10
1.341328542527071193e+02,nan,nan,9.873611138267666144e-10
1.341587491075286209e+02,nan,nan,9.873531828548987075e-10
1.341839313708884447e+02,nan,nan,9.873454693114238294e-10
1.342148458639516662e+02,nan,nan,9.873359988337963025e-10
1.342465339517656844e+02,nan,nan,9.873262901146889619e-10
1.342782220395797026e+02,nan,nan,9.873165801321463672e-10
1.343099101273937492e+02,nan,nan,9.873068688923847808e-10
1.343580842716985728e+02,nan,nan,9.872921028829571383e-10
1.343897723595125910e+02,nan,nan,9.872823884990241410e-10
1.344214604473266377e+02,nan,nan,9.872726728796888338e-10
1.344531485351406559e+02,nan,nan,9.872629560321830500e-10
1.344847557436527552e+02,nan,nan,9.872532627679898545e-10
1.345101193734146818e+02,nan,nan,9.872454834020910867e-10
1.345655960177089696e+02,nan,nan,9.872284652687025896e-10
1.345972841055229878e+02,nan,nan,9.872187429122692588e-10
1.346289721933370345e+02,nan,nan,9.872090193642675731e-10
1.346570168653934161e+02,nan,nan,9.872004128159106055e-10
1.346840294592294072e+02,nan,nan,9.871921221246131072e-10
1.347126054797479640e+02,nan,nan,9.871833506579577915e-10
1.347442935675620106e+02,nan,nan,9.871736228258386141e-10
1.347759816553760288e+02,nan,nan,9.871638938338544332e-10
1.348245574012138093e+02,nan,nan,9.871489776950410127e-10
1.348554672113032211e+02,nan,nan,9.871394848281998046e-10
1.348871552991172678e+02,nan,nan,9.871297518175887807e-10
1.349188433869312860e+02,nan,nan,9.871200176782691314e-10
1.349468317319809785e+02,nan,nan,9.871114191159898398e-10
1.349737403692501516e+02,nan,nan,9.871031514404744504e-10
1.350019668890029152e+02,nan,nan,9.870944779853871957e-10
1.350336549768169334e+02,nan,nan,9.870847398147407926e-10
1.350653430646309516e+02,nan,nan,9.870750005480804915e-10
1.351123554852337065e+02,nan,nan,9.870605493792268731e-10
1.351434324202207620e+02,nan,nan,9.870509953232189686e-10
1.351751205080347802e+02,nan,nan,9.870412523183224774e-10
1.352068085958488268e+02,nan,nan,9.870315082497337570e-10
1.352347329566814551e+02,nan,nan,9.870229206503824920e-10
1.352615265278354855e+02,nan,nan,9.870146800389170378e-10
1.352894042558484671e+02,nan,nan,9.870061051947048805e-10
1.353207675638738579e+02,nan,nan,9.869964572711100167e-10
1.353524556516878761e+02,nan,nan,9.869867084156558360e-10
1.353988551828038567e+02,nan,nan,9.869724317392707193e-10
1.354297092240890947e+02,nan,nan,9.869629370584201532e-10
1.354606678481806341e+02,nan,nan,9.869534092409793595e-10
1.354923559359946523e+02,nan,nan,9.869436559412469089e-10
1.355240440238086990e+02,nan,nan,9.869339016546855060e-10
1.355693170014738484e+02,nan,nan,9.869199639482287764e-10
1.356003278829772398e+02,nan,nan,9.869104158218198048e-10
1.356311149798269469e+02,nan,nan,9.869009356898869346e-10
1.356628030676409935e+02,nan,nan,9.868911771816694819e-10
1.356944911554550117e+02,nan,nan,9.868814177297770896e-10
1.357398585591781170e+02,nan,nan,9.868674436320161656e-10
1.357705610399364957e+02,nan,nan,9.868579855597608349e-10
1.358014592584333684e+02,nan,nan,9.868484663219258630e-10
1.358331473462474150e+02,nan,nan,9.868387028413210211e-10
1.358612752242725605e+02,nan,nan,9.868300355504217415e-10
1.358882090360147572e+02,nan,nan,9.868217355398694410e-10
1.359151460554587914e+02,nan,nan,9.868134339026455796e-10
1.359442740548853408e+02,nan,nan,9.868044563210372558e-10
1.359759621426993590e+02,nan,nan,9.867946888556575238e-10
1.360010195773222677e+02,nan,nan,9.867869645970630414e-10
1.360533583112794815e+02,nan,nan,9.867708288276760758e-10
1.360836585388252615e+02,nan,nan,9.867614863698519471e-10
1.361137329372615739e+02,nan,nan,9.867522127887772424e-10
1.361454210250756205e+02,nan,nan,9.867424408140823717e-10
1.361908523020523205e+02,nan,nan,9.867284292911299960e-10
1.362207607530946802e+02,nan,nan,9.867192042814757187e-10
1.362502936668812765e+02,nan,nan,9.867100944079199445e-10
1.362806206414686585e+02,nan,nan,9.867007388812414297e-10
1.363123087292827051e+02,nan,nan,9.866909627019531774e-10
1.363606121895084584e+02,nan,nan,9.866760589869680070e-10
1.363887830473163092e+02,nan,nan,9.866673662395442238e-10
1.364180638879683158e+02,nan,nan,9.866583303533043368e-10
1.364492502094066424e+02,nan,nan,9.866487057486294949e-10
1.364809382972206606e+02,nan,nan,9.866389255605431663e-10
1.365241518068721689e+02,nan,nan,9.866255870073287183e-10
1.365535150146928629e+02,nan,nan,9.866165228166100164e-10
1.365826017877483025e+02,nan,nan,9.866075433604212070e-10
1.366140845985379713e+02,nan,nan,9.865978235518778708e-10
1.366457726863519895e+02,nan,nan,9.865880396782120156e-10
1.366933108740706757e+02,nan,nan,9.865733607235505072e-10
1.367215467816803027e+02,nan,nan,9.865646412581755678e-10
1.367517045432345526e+02,nan,nan,9.865553277278105789e-10
1.367833926310485992e+02,nan,nan,9.865455409516182054e-10
1.368088564710814410e+02,nan,nan,9.865376760485828141e-10
1.368598760120475220e+02,nan,nan,9.865219166342720806e-10
1.368885364977044787e+02,nan,nan,9.865130629888139896e-10
1.369193558201792484e+02,nan,nan,9.865035418805344352e-10
1.369474548404210736e+02,nan,nan,9.864948606592942887e-10
1.369741568970955257e+02,nan,nan,9.864866105922199257e-10
1.369995832823010460e+02,nan,nan,9.864787542728387848e-10
1.370260433954047414e+02,nan,nan,9.864705781450525482e-10
1.370557565999292819e+02,nan,nan,9.864613963308017050e-10
1.370874446877433002e+02,nan,nan,9.864516036884696272e-10
1.371301738839688937e+02,nan,nan,9.864383980890283902e-10
1.371574976620301811e+02,nan,nan,9.864299530516618671e-10
1.371852844217778227e+02,nan,nan,9.864213644967980875e-10
1.372153111986750389e+02,nan,nan,9.864120831055272594e-10
1.372430400059527074e+02,nan,nan,9.864035115947324091e-10
1.372710956908514959e+02,nan,nan,9.863948386253263191e-10
1.372973132870783388e+02,nan,nan,9.863867334991279031e-10
1.373243645075487791e+02,nan,nan,9.863783702845894603e-10
1.373534576609081626e+02,nan,nan,9.863693753605460923e-10
1.373811282088061603e+02,nan,nan,9.863608198737410400e-10
1.374090028959998335e+02,nan,nan,9.863522008815690707e-10
1.374347727271041038e+02,nan,nan,9.863442323794209647e-10
1.374610151327714220e+02,nan,nan,9.863361174129651425e-10
1.374891970635700034e+02,nan,nan,9.863274023106445067e-10
1.375167163210376202e+02,nan,nan,9.863188917667990376e-10
1.375444154134551411e+02,nan,nan,9.863103252446287184e-10
1.375697990142404876e+02,nan,nan,9.884152843387282140e-10
1.375952746797945565e+02,nan,nan,9.946273509620746318e-10
1.376225654450426816e+02,nan,nan,9.912251621798689094e-10
1.376522245604401462e+02,nan,nan,9.862769796089284648e-10
1.376797004292131987e+02,nan,nan,9.929062558641696504e-10
1.377293673442045190e+02,nan,nan,1.015687389991288330e-09
1.377559376406742047e+02,nan,nan,1.013390408727719413e-09
1.377846509605463154e+02,nan,nan,9.990024159841450285e-10
1.378118920440662123e+02,nan,nan,1.011686770711393455e-09
1.378606762886743127e+02,nan,nan,1.037173769960627743e-09
1.378864889587655966e+02,nan,nan,1.036220714370029943e-09
1.379142305012891256e+02,nan,nan,1.023316975997722720e-09
1.379630634957638051e+02,nan,nan,1.047334340538931577e-09
1.380114406890854752e+02,nan,nan,1.059887217669522611e-09
1.380379605281964359e+02,nan,nan,1.050192435803333471e-09
1.380870617441884178e+02,nan,nan,1.065123162862234916e-09
1.381338695178237401e+02,nan,nan,1.083019245940871724e-09
1.381592753343186075e+02,nan,nan,1.076735150219803241e-09
1.382089830413101481e+02,nan,nan,1.082035953732807889e-09
1.382546072693618839e+02,nan,nan,1.105222620545241811e-09
1.383054839150021564e+02,nan,nan,1.086081429655075815e-09
1.383507710151197045e+02,nan,nan,1.116031607431912590e-09
1.383964634182967188e+02,nan,nan,1.126480187101713858e-09
1.384215739689967961e+02,nan,nan,1.114536019081362176e-09
1.384672834381674136e+02,nan,nan,1.131942496314973953e-09
1.385113543678879751e+02,1.534445617317862889e+04,1.534445617317862889e+04,1.149097943812140246e-09
1.385586360202364062e+02,1.534400272077713998e+04,1.534400272077713998e+04,1.122838736412910174e-09
1.386035980583732510e+02,1.534378447310723641e+04,1.534378447310723641e+04,1.162148860625198464e-09
1.386481244993674125e+02,1.534375312729804318e+04,1.534375312729804318e+04,1.166017890788231760e-09
1.386943403637827146e+02,1.534394060853232986e+04,1.534394060853232986e+04,1.156151958358966338e-09
1.387368520984717009e+02,1.534429186090688563e+04,1.534429186090688563e+04,1.187017317524719873e-09
1.387824989162328677e+02,nan,nan,1.176204922423584941e-09
1.388265067009875509e+02,nan,nan,1.187266747598610282e-09
1.388681367216263141e+02,nan,nan,1.206513668183135644e-09
1.389151422895601229e+02,nan,nan,1.179124987061763739e-09
1.389563293670630060e+02,nan,nan,1.212837688654006092e-09
1.389983501679566018e+02,nan,nan,1.219780612447402572e-09
1.390424338244480396e+02,nan,nan,1.197131525814700371e-09
1.390836190082489736e+02,nan,nan,1.232548082541391846e-09
1.391263594682480118e+02,nan,nan,1.226668059219514877e-09
1.391726226965157878e+02,nan,nan,1.225689720172258840e-09
1.392125823688965909e+02,nan,nan,1.247076662326937862e-09
1.392570798390622429e+02,nan,nan,1.222762284265847602e-09
1.392976536703833688e+02,nan,nan,1.243990258160917849e-09
1.393378307948019028e+02,nan,nan,1.254598617036894335e-09
1.393808926116583393e+02,nan,nan,1.218312184076222288e-09
1.394219451048700193e+02,1.531386555746661725e+04,1.531386555746661725e+04,1.256946344726420601e-09
1.394628473663976820e+02,1.531328975831644311e+04,1.531328975831644311e+04,1.255624515098746551e-09
1.395055866672699096e+02,1.531295757619166397e+04,1.531295757619166397e+04,1.235513902638241288e-09
1.395451450730882357e+02,1.531282175418001316e+04,1.531282175418001316e+04,1.264132899128324258e-09
1.395872047955042774e+02,1.531286012351731915e+04,1.531286012351731915e+04,1.250314663236580176e-09
1.396296349248872843e+02,1.531311014551393782e+04,1.531311014551393782e+04,1.247955588408994296e-09
1.396687223961387190e+02,1.531349975338534205e+04,1.531349975338534205e+04,1.265830508571251831e-09
1.397123355297750606e+02,1.531404043255471879e+04,1.531404043255471879e+04,1.237665361820738407e-09
1.397524555667215509e+02,nan,nan,1.253885847793367730e-09
1.397920324756343859e+02,nan,nan,1.261775791453551987e-09
1.398349394749543535e+02,nan,nan,1.222647792093198314e-09
1.398760433703533579e+02,nan,nan,1.254958590237634620e-09
1.399166784303247653e+02,nan,nan,1.251491416205271205e-09
1.399594291314397196e+02,nan,nan,1.224037074722204980e-09
1.399993043866552682e+02,nan,nan,1.250558119192584425e-09
1.400412736139808203e+02,nan,nan,1.235835378605484578e-09
1.400869076257455390e+02,nan,nan,1.227035172028026341e-09
1.401264960836939224e+02,nan,nan,1.241089153098125410e-09
1.401707589351303795e+02,nan,nan,1.210054813821676273e-09
1.402117827313215344e+02,nan,nan,1.221596618673731112e-09
1.402521833762197332e+02,nan,nan,1.226237746243900641e-09
1.402986554228623390e+02,nan,nan,1.181635457920806987e-09
1.403407355490758164e+02,1.528354417248849313e+04,1.528354417248849313e+04,1.212680822211762595e-09
1.403828235391621320e+02,1.528300121475528613e+04,1.528300121475528613e+04,1.204228130753390137e-09
1.404271197007891772e+02,1.528270295236919810e+04,1.528270295236919810e+04,1.177307679698381975e-09
1.404683617736804422e+02,1.528259907199589361e+04,1.528259907199589361e+04,1.197990196240239720e-09
1.405122882885655144e+02,1.528267170523879940e+04,1.528267170523879940e+04,1.178592135202921734e-09
1.405574268508344744e+02,1.528296446641305920e+04,1.528296446641305920e+04,1.168388578888682038e-09
1.405988414267753512e+02,1.528339895716017963e+04,1.528339895716017963e+04,1.179088688419333604e-09
1.406452134778178333e+02,nan,nan,1.146743746479168452e-09
1.406884512850784859e+02,nan,nan,1.154456811262710663e-09
1.407310294852330514e+02,nan,nan,1.156008393739930965e-09
1.407801394665979444e+02,nan,nan,1.111273067204007992e-09
1.408247332165235548e+02,nan,nan,1.137543790056910141e-09
1.408695056418492300e+02,nan,nan,1.126398366095302951e-09
1.408945960429425099e+02,nan,nan,1.102539315275521815e-09
1.409390934821869621e+02,nan,nan,1.112115686083523669e-09
1.409834547306907098e+02,nan,nan,1.110641769128266642e-09
1.410316998337058294e+02,nan,nan,1.067321947451857294e-09
1.410779850634591241e+02,nan,nan,1.091573452725286579e-09
1.411245702463184273e+02,nan,nan,1.079703227464660424e-09
1.411506970892008894e+02,nan,nan,1.056117159645245224e-09
1.411970426965529839e+02,nan,nan,1.064718583309699043e-09
1.412433575823862668e+02,nan,nan,1.061862322755991769e-09
1.412689108928854580e+02,nan,nan,1.044924067323620816e-09
1.413187909861147205e+02,nan,nan,1.035911908830546135e-09
1.413653982616607721e+02,nan,nan,1.040477861242417101e-09
1.413907483637631799e+02,nan,nan,1.028940131900646938e-09
1.414182298474685808e+02,nan,nan,1.005183466484610389e-09
1.414665701877292747e+02,1.525298665383088337e+04,1.525298665383088337e+04,1.014695196681735754e-09
1.415153224776129548e+02,1.525301273682262035e+04,1.525301273682262035e+04,1.009755853822988243e-09
1.415423014329141438e+02,nan,nan,9.921248429453212601e-10
1.415679592929015200e+02,nan,nan,9.850603605036198781e-10
1.415940313479658528e+02,nan,nan,9.856808707638524923e-10
1.416430773914929944e+02,nan,nan,9.877764476653203377e-10
1.416698953984067657e+02,nan,nan,9.850284309768456011e-10
1.416991088280109636e+02,nan,nan,9.850192770180451946e-10
1.417242126495060290e+02,nan,nan,9.850114095771382067e-10
1.417495919284760362e+02,nan,nan,9.850034546634501894e-10
1.418013959430975035e+02,nan,nan,9.849872135589587584e-10
1.418301671460872910e+02,nan,nan,9.849781913959870660e-10
1.418567553008646769e+02,nan,nan,9.849698524734252470e-10
1.418837289681112281e+02,nan,nan,9.849613913394046247e-10
1.419239547418835912e+02,nan,nan,9.849487708279613638e-10
1.419498701009271144e+02,nan,nan,9.849406385414444922e-10
1.419800003784857836e+02,nan,nan,9.849311820742905404e-10
1.420239670387132094e+02,nan,nan,9.849173800692528625e-10
1.420756870480399243e+02,nan,nan,9.849011396467406205e-10
1.421045140378831775e+02,nan,nan,9.848920856718567529e-10
1.421400864350310087e+02,nan,nan,9.848809110172499000e-10
1.421665131357395637e+02,nan,nan,9.848726078873850339e-10
1.421941523086039183e+02,nan,nan,9.848639224479603079e-10
1.422212730515412602e+02,nan,nan,9.848553985720641964e-10
1.422470258773435319e+02,nan,nan,9.848473033846108259e-10
1.422891848368786896e+02,nan,nan,9.848340484589789058e-10
1.423147315935249537e+02,nan,nan,9.848260148961008742e-10
1.423436681994955677e+02,nan,nan,9.848169139128310676e-10
1.423878324172576981e+02,nan,nan,9.848030206938982020e-10
1.424401878458804447e+02,nan,nan,9.847865460865890878e-10
1.424844223264996685e+02,nan,nan,9.847726230130130221e-10
1.425379627126505397e+02,nan,nan,9.847557661142177378e-10
1.425779895331372131e+02,nan,nan,9.847431605024481853e-10
1.426042282299644626e+02,nan,nan,9.847348956020859075e-10
1.426359163177784808e+02,nan,nan,9.847249125496513113e-10
1.426730547065430414e+02,nan,nan,9.847132101309156359e-10
1.427001009902615181e+02,nan,nan,9.847046862062206245e-10
1.427317890780755363e+02,nan,nan,9.846946976972130170e-10
1.427719041031328686e+02,nan,nan,9.846820503245157626e-10
1.427978488190901771e+02,nan,nan,9.846738690025475108e-10
1.428295369069041953e+02,nan,nan,9.846638749570236081e-10
1.428666108038459583e+02,nan,nan,9.846521800246999218e-10
1.428936087368035430e+02,nan,nan,9.846436620105540807e-10
1.429252968246175897e+02,nan,nan,9.846336625740953958e-10
1.429651085111704845e+02,nan,nan,9.846210971523829682e-10
1.429910736971664562e+02,nan,nan,9.846129004775618375e-10
1.430227617849805029e+02,nan,nan,9.846028955943537383e-10
1.430599065990173244e+02,nan,nan,9.845911656155221832e-10
1.430867095666891942e+02,nan,nan,9.845826999919535573e-10
1.431183976545032124e+02,nan,nan,9.845726898012303931e-10
1.431580402534742973e+02,nan,nan,9.845601643393076534e-10
1.431839762704551902e+02,nan,nan,9.845519681292772409e-10
1.432156643582692368e+02,nan,nan,9.845419525903665411e-10
1.432526989176662653e+02,nan,nan,9.845302450158068698e-10
1.432794516364023139e+02,nan,nan,9.845217863259622690e-10
1.433111397242163605e+02,nan,nan,9.845117655799618140e-10
1.433506080446472595e+02,nan,nan,9.844992820874661283e-10
1.433765209843018624e+02,nan,nan,9.844910846041605280e-10
1.434082090721158806e+02,nan,nan,9.844810586204648421e-10
1.434451485306707639e+02,nan,nan,9.844693689794370702e-10
1.434718503773887335e+02,nan,nan,9.844609176385923880e-10
1.435035384652027517e+02,nan,nan,9.844508865596359755e-10
1.435428277137692987e+02,nan,nan,9.844384469502459686e-10
1.435687228114844913e+02,nan,nan,9.844302467386697859e-10
1.436004108992985095e+02,nan,nan,9.844202105431874877e-10
1.436372681399230373e+02,nan,nan,9.844085350922975403e-10
1.436639184976839658e+02,nan,nan,9.844000915307080841e-10
1.436956065854979840e+02,nan,nan,9.843900503611875509e-10
1.437347124436365391e+02,nan,nan,9.843776564232189034e-10
1.437605939769493943e+02,nan,nan,9.843694523422518747e-10
1.437922820647634410e+02,nan,nan,9.843594061867848076e-10
1.438290676230596432e+02,nan,nan,9.843477419338910734e-10
1.438556658546853271e+02,nan,nan,9.843393066025456392e-10
1.438873539424993737e+02,nan,nan,9.843292556022463625e-10
1.439262726529794634e+02,nan,nan,9.843169089665648547e-10
1.439521439237180118e+02,nan,nan,9.843087001937791403e-10
1.439838320115320585e+02,nan,nan,9.842986443462490369e-10
1.440205541431248264e+02,nan,nan,9.842869890294441220e-10
1.440470996151770748e+02,nan,nan,9.842785623904148990e-10
1.440787877029911215e+02,nan,nan,9.842685018342824085e-10
1.441175162207451876e+02,nan,nan,9.842562039224347327e-10
1.441433795822423178e+02,nan,nan,9.842479899449663588e-10
1.441750676700563361e+02,nan,nan,9.842379246872314972e-10
1.442117325444904736e+02,nan,nan,9.842262767140080543e-10
1.442382246574462954e+02,nan,nan,9.842178592291327260e-10
1.442699127452603136e+02,nan,nan,9.842077894054555953e-10
1.443084488204673619e+02,nan,nan,9.841955413997359640e-10
1.443343057591570471e+02,nan,nan,9.841873219882398000e-10
1.443659938469710937e+02,nan,nan,9.841772476144331983e-10
1.444026056878672080e+02,nan,nan,9.841656060179618480e-10
1.444290439122209762e+02,nan,nan,9.841571981359184815e-10
1.444607320000349944e+02,nan,nan,9.841471193449446614e-10
1.444990741918324488e+02,nan,nan,9.841349221811766227e-10
1.445249253770818427e+02,nan,nan,9.841266973741120175e-10
1.445566134648958609e+02,nan,nan,9.841166141894986839e-10
1.445931745968656230e+02,nan,nan,9.841049786147981749e-10
1.446195584784674111e+02,nan,nan,9.840965807682258052e-10
1.446512465662814577e+02,nan,nan,9.840864933210484115e-10
1.446893940559587861e+02,nan,nan,9.840743477457295879e-10
1.447152394018176267e+02,nan,nan,9.840661178301087754e-10
1.447469274896316733e+02,nan,nan,9.840560261504510533e-10
1.447834383122259965e+02,nan,nan,9.840443968640571771e-10
1.448097674365873218e+02,nan,nan,9.840360094800732018e-10
1.448414555244013400e+02,nan,nan,9.840259136978233937e-10
1.448794078750035794e+02,nan,nan,9.840138203429317673e-10
1.449052465577961186e+02,nan,nan,9.840055858492252607e-10
1.449369346456101368e+02,nan,nan,9.839954860006595794e-10
1.449733936102097687e+02,nan,nan,9.839838638998844228e-10
1.449996675436332509e+02,nan,nan,9.839754874184922658e-10
1.450313556314472692e+02,nan,nan,9.839653836318706486e-10
1.450691124822326117e+02,nan,nan,9.839533431109521359e-10
1.450949429982753713e+02,nan,nan,9.839451047951616561e-10
1.451266310860893896e+02,nan,nan,9.839349971141950148e-10
1.451630347416352436e+02,nan,nan,9.839233837148981287e-10
1.451892529894998916e+02,nan,nan,9.839150186026237265e-10
1.452209410773139098e+02,nan,nan,9.839049071521369244e-10
1.452585020338290178e+02,nan,nan,9.838929200949307432e-10
1.452843222452650309e+02,nan,nan,9.838846789242161283e-10
1.453160103330790491e+02,nan,nan,9.838745637576086369e-10
1.453523535358963557e+02,nan,nan,9.838629611292552932e-10
1.453785155338835011e+02,nan,nan,9.838546078825937494e-10
1.454102036216975478e+02,nan,nan,9.838444891195821781e-10
1.454475682389346503e+02,nan,nan,9.838325561780325894e-10
1.454733754736724904e+02,nan,nan,9.838243132994795227e-10
1.455050635614865371e+02,nan,nan,9.838141910040835150e-10
1.455413397582477160e+02,nan,nan,9.838026016805388610e-10
1.455674449030381084e+02,nan,nan,9.837942608166064781e-10
1.455991329908521550e+02,nan,nan,9.837841351045688676e-10
1.456363008357407693e+02,nan,nan,9.837722569346077632e-10
1.456620920081444694e+02,nan,nan,9.837640136381574676e-10
1.456937800959584877e+02,nan,nan,9.837538845818170600e-10
1.457299816552902030e+02,nan,nan,9.837423114562834273e-10
1.457560293373439890e+02,nan,nan,9.837339835022951426e-10
1.457877174251580072e+02,nan,nan,9.837238512174396461e-10
1.458246881106384762e+02,nan,nan,9.837120284697004124e-10
1.458504598295114079e+02,nan,nan,9.837037861557324418e-10
1.458821479173254545e+02,nan,nan,9.836936507197425348e-10
1.459182663397385511e+02,nan,nan,9.836820969798948306e-10
1.459442559491673421e+02,nan,nan,9.836737824717644192e-10
1.459759440369813603e+02,nan,nan,9.836636440032972993e-10
1.460127171372174928e+02,nan,nan,9.836518773505395772e-10
1.460384657829295634e+02,nan,nan,9.836436375065140973e-10
1.460701538707435816e+02,nan,nan,9.836334960884054922e-10
1.461061798839410528e+02,nan,nan,9.836219651897497801e-10
1.461321107837715942e+02,nan,nan,9.836136646830574433e-10
1.461637988715856409e+02,nan,nan,9.836035204352377886e-10
1.462003737244119463e+02,nan,nan,9.835918106363001146e-10
1.462260954757424258e+02,nan,nan,9.835835748284794794e-10
1.462577835635564441e+02,nan,nan,9.835734278433053515e-10
1.462937071123211865e+02,nan,nan,9.835619235153128090e-10
1.463195785612234090e+02,nan,nan,9.835536376132688415e-10
1.463512666490374272e+02,nan,nan,9.835434880098891971e-10
1.463876420819638327e+02,nan,nan,9.835318360014107196e-10
1.464133329113165018e+02,nan,nan,9.835236058781348997e-10
1.464450209991305201e+02,nan,nan,9.835134537597537551e-10
1.464808311786418074e+02,nan,nan,9.835019800281823493e-10
1.465066422577620813e+02,nan,nan,9.834937094068162366e-10
1.465383303455760995e+02,nan,nan,9.834835548951923032e-10
1.465745044768319758e+02,nan,nan,9.834719618613813307e-10
1.466001601313954268e+02,nan,nan,9.834637391633840965e-10
1.466318482192094450e+02,nan,nan,9.834535823692543176e-10
1.466675333229973432e+02,nan,nan,9.834421435435766940e-10
1.466932828581626609e+02,nan,nan,9.834338889781359616e-10
1.467249709459766791e+02,nan,nan,9.834237300310591550e-10
1.467609410221658948e+02,nan,nan,9.834121974594316880e-10
1.467865570456921773e+02,nan,nan,9.834039840170178555e-10
1.468182451335061955e+02,nan,nan,9.833938230350945265e-10
1.468537927779029815e+02,nan,nan,9.833824236758169299e-10
1.468794792929749633e+02,nan,nan,9.833741860605586798e-10
1.469111673807889815e+02,nan,nan,9.833640231808898789e-10
1.469469297788923825e+02,nan,nan,9.833525528647650067e-10
1.469725015363664227e+02,nan,nan,9.833443505921688594e-10
1.470041896241804693e+02,nan,nan,9.833341859456602613e-10
1.470395869202558572e+02,nan,nan,9.833228308158536814e-10
1.470652086292099625e+02,nan,nan,9.833146111735970808e-10
1.470968967170239807e+02,nan,nan,9.833044449036662940e-10
1.471324469798329346e+02,nan,nan,9.832930389395390694e-10
1.471579696917376623e+02,nan,nan,9.832848498286495726e-10
1.471896577795517089e+02,nan,nan,9.832746820814046107e-10
1.472248914966946529e+02,nan,nan,9.832633760984414815e-10
1.472504462949301285e+02,nan,nan,9.832551755885663923e-10
1.472821343827441751e+02,nan,nan,9.832450065193670772e-10
1.473174672021605716e+02,nan,nan,9.832336673240131639e-10
1.473429359600731061e+02,nan,nan,9.832254934488254373e-10
1.473746240478871528e+02,nan,nan,9.832153232172758545e-10
1.474096806172901211e+02,nan,nan,9.832040714608270294e-10
1.474351660539349780e+02,nan,nan,9.831958913946366139e-10
1.474668541417489962e+02,nan,nan,9.831857201742860802e-10
1.475019632243581782e+02,nan,nan,9.831744505373402476e-10
1.475273729758151831e+02,nan,nan,9.831662940680734705e-10
1.475590610636292013e+02,nan,nan,9.831561220364134386e-10
1.475939264781184761e+02,nan,nan,9.831449297966519343e-10
1.476193396727404092e+02,nan,nan,9.831367716771166150e-10
1.476510277605544559e+02,nan,nan,9.831265990267045987e-10
1.476859055608941276e+02,nan,nan,9.831154022097675058e-10
1.477112510260597844e+02,nan,nan,9.831072654495015734e-10
1.477429391138738026e+02,nan,nan,9.830970923846336063e-10
1.477775986891867888e+02,nan,nan,9.830859652551242968e-10
1.478029362173171819e+02,nan,nan,9.830778308296318917e-10
1.478346243051312285e+02,nan,nan,9.830676575668682008e-10
1.478692616911610287e+02,nan,nan,9.830565374351064891e-10
1.478945372354986887e+02,nan,nan,9.830484228787788088e-10
1.479262253233127353e+02,nan,nan,9.830382496536069612e-10
1.479606633261099944e+02,nan,nan,9.830271936712225246e-10
1.479859210814475148e+02,nan,nan,9.830190849935725387e-10
1.480176091692615614e+02,nan,nan,9.830089120595091233e-10
1.480519950312135222e+02,nan,nan,9.829978732366967741e-10
1.480771945142745949e+02,nan,nan,9.829897836456074569e-10
1.481088826020886131e+02,nan,nan,9.829796112764267158e-10
1.481430818982872211e+02,nan,nan,9.829686330701367462e-10
1.481682549159912980e+02,nan,nan,9.829605525858638451e-10
1.481999430038053447e+02,nan,nan,9.829503810834904242e-10
1.482340638708174367e+02,nan,nan,9.829394291122328159e-10
1.482591804653203269e+02,nan,nan,9.829313676042737447e-10
1.482908685531343451e+02,nan,nan,9.829211972993819861e-10
1.483248101709658897e+02,nan,nan,9.829103042813147585e-10
1.483498924448554988e+02,nan,nan,9.829022549308113075e-10
1.483815805326695170e+02,nan,nan,9.828920861879959553e-10
1.484154201161325659e+02,nan,nan,9.828812277374646940e-10
1.484404460784960804e+02,nan,nan,9.828731979106173822e-10
1.484721341663101271e+02,nan,nan,9.828630311410757092e-10
1.485057966866140191e+02,nan,nan,9.828522317722954463e-10
1.485624690238434198e+02,nan,nan,9.828340527899415036e-10
1.485960075532623250e+02,nan,nan,9.828232959641255530e-10
1.486526219919404355e+02,nan,nan,9.828051406981029061e-10
1.486859806457521813e+02,nan,nan,9.827944448934977303e-10
1.487425460180874950e+02,nan,nan,9.827763115557223091e-10
1.487757590750799750e+02,nan,nan,9.827656664139189830e-10
1.488322631885467615e+02,nan,nan,9.827475601198431996e-10
1.488652882783216569e+02,nan,nan,9.827369799508644881e-10
1.489217354511293081e+02,nan,nan,9.827189007345795574e-10
1.489545919495018609e+02,nan,nan,9.827083801925873248e-10
1.490109724206276098e+02,nan,nan,9.826903328774508138e-10
1.490436265350354006e+02,nan,nan,9.826798838090491010e-10
1.490999408558131449e+02,nan,nan,9.826618702708289132e-10
1.491323994073023584e+02,nan,nan,9.826514917445970476e-10
1.491886387526473072e+02,nan,nan,9.826335173648820649e-10
1.492208716661436938e+02,nan,nan,9.826232205624124410e-10
1.492770329548670816e+02,nan,nan,9.826052895784473454e-10
1.493090347805933220e+02,nan,nan,9.825950782453111774e-10
1.493651083372837718e+02,nan,nan,9.825771980251030503e-10
1.493968466209569783e+02,nan,nan,9.825670851894863893e-10
1.494528247823548384e+02,nan,nan,9.825492640373625826e-10
1.494842780420879649e+02,nan,nan,9.825392602606237375e-10
1.495401472351781251e+02,nan,nan,9.825215109402489026e-10
1.495712689818844296e+02,1.550566742822473498e+04,1.550566742822473498e+04,1.026241397397143643e-09
1.496270131078405825e+02,1.540686587717198745e+04,1.540686587717198745e+04,1.171310572665968804e-09
1.496577490178391088e+02,1.537252868023753763e+04,1.537252868023753763e+04,1.274279844596427989e-09
1.497133421733556133e+02,1.532262555626771427e+04,1.532262555626771427e+04,1.526331605811809794e-09
1.497435918542837499e+02,1.529862436165291365e+04,1.529862436165291365e+04,1.718704243885402103e-09
1.497905710695595474e+02,1.526377475288875394e+04,1.526377475288875394e+04,2.157430365351914827e-09
1.498281903856773170e+02,1.523681125812756545e+04,1.523681125812756545e+04,2.744550130184958370e-09
1.498565242911010102e+02,1.521659605572077089e+04,1.521659605572077089e+04,3.487990659272090689e-09
1.498866602291679442e+02,1.519436663430047338e+04,1.519436663430047338e+04,4.975597780147427261e-09
1.499119106503164289e+02,1.517187038028350980e+04,1.517187038028350980e+04,7.872070428239521162e-09
1.499295199963519849e+02,1.515387292374532808e+04,1.515387292374532808e+04,1.312767628032928724e-08
1.499410224355778496e+02,1.510380093907611445e+04,1.513816480184471220e+04,2.168303839597231400e-08
1.499498891126383455e+02,1.510311835369625624e+04,1.510311835369625624e+04,3.546648275467481349e-08
1.499584358935994146e+02,1.510192952844605679e+04,1.510192952844605679e+04,5.651838807971998965e-08
1.499685511927150401e+02,1.509820970970682902e+04,1.509820970970682902e+04,8.966071584416972090e-08
1.499752806269511893e+02,1.508694158168281683e+04,1.508694158168281683e+04,1.426669074796829601e-07
1.499972478961395268e+02,1.503211651001033715e+04,1.503211651001033715e+04,2.303298485579647458e-07
1.499982237088783847e+02,1.502890808116241533e+04,1.502890808116241533e+04,3.677164481401534522e-07
1.499995607309953414e+02,1.502751923397926112e+04,1.502751923397926112e+04,5.904150298107799197e-07
1.500057539518517160e+02,1.499445425972692101e+04,1.499445425972692101e+04,9.431883320963804396e-07
1.500129097416837567e+02,1.492366719450724486e+04,1.492366719450724486e+04,1.509831040363855577e-06
1.500183784036993870e+02,1.488314076128749730e+04,1.488314076128749730e+04,9.506749420497718768e-07
1.500232112261843156e+02,1.487589079526930436e+04,1.487589079526930436e+04,5.983633927921439832e-07
1.500311486459571313e+02,1.484820492632955211e+04,1.484820492632955211e+04,3.739153685631944119e-07
1.500439221542634698e+02,1.482181339272033802e+04,1.482181339272033802e+04,2.346059268256634966e-07
1.500629260516325019e+02,1.482047524711442020e+04,1.482047524711442020e+04,1.470261208878656207e-07
1.500881091761050641e+02,1.479692829169128709e+04,1.479692829169128709e+04,9.903913360453960083e-08
1.501132453090496028e+02,1.479292426562977380e+04,1.530884841367066474e+04,7.418517360243359313e-08
1.501383840697926360e+02,1.479376618958520521e+04,1.561901803368156834e+04,5.824200296443012587e-08
1.501637572269120255e+02,1.479490379138862045e+04,1.576510522213276636e+04,4.714341459057947541e-08
1.501890104048359262e+02,1.479525784524284609e+04,1.588865637682182751e+04,3.872655261852388887e-08
1.502146910513088187e+02,1.479402146757898481e+04,1.599207163533848689e+04,3.310031540025100950e-08
1.502405690721180349e+02,1.477149272719809960e+04,1.608082974453367024e+04,2.813834106078257119e-08
1.502666591595163084e+02,1.476800196238562239e+04,1.615960896395674354e+04,2.411222429733353844e-08
1.502918932611613911e+02,1.476720867032552269e+04,1.622847127899056250e+04,2.103238602861115826e-08
1.503183473196675664e+02,1.476696648125681531e+04,1.629488992509189484e+04,1.827026827566946032e-08
1.503434814459257893e+02,1.476709479553029996e+04,1.635382279335921885e+04,1.617318609658467057e-08
1.503706088573334796e+02,1.476750543617744006e+04,1.641386338565767437e+04,1.419379838367624392e-08
1.503971794785386464e+02,1.476818824063011016e+04,1.646982976506907289e+04,1.254451320093591963e-08
1.504254317369154421e+02,1.476905611911297638e+04,1.652686530343621052e+04,1.105191245782734678e-08
1.504513933118027751e+02,1.476985485329631410e+04,1.657742328715274562e+04,9.900665561113765986e-09
1.504775696739114039e+02,1.477062477314403259e+04,1.662699552779725127e+04,8.874584338076716643e-09
1.505032386165402443e+02,1.477136012321535600e+04,1.667442321902279582e+04,8.030936032100548937e-09
1.505339944187223580e+02,1.477221614816108740e+04,1.672993953950497234e+04,7.161275479062542184e-09
1.505639404614796035e+02,1.678281067055034509e+04,1.678281067055034509e+04,6.444111479724470240e-09
1.505906788049235843e+02,1.682934288057182494e+04,1.682934288057182494e+04,5.886866298161031521e-09
1.506210056576146883e+02,1.688123488213852761e+04,1.688123488213852761e+04,5.343584222981097767e-09
1.506553394712368004e+02,1.693914925173696975e+04,1.693914925173696975e+04,4.819121375004545590e-09
1.506809848213965211e+02,1.698189778853878670e+04,1.698189778853878670e+04,4.479565299223165551e-09
1.507092111147994729e+02,1.702845649425375450e+04,1.702845649425375450e+04,4.148943988255941104e-09
1.507404807361305359e+02,1.707955954295582706e+04,1.707955954295582706e+04,3.829792720965107174e-09
1.507754047047904749e+02,1.713611036885508656e+04,1.713611036885508656e+04,3.521524348959890066e-09
1.508121864800924357e+02,1.719508184413924755e+04,1.719508184413924755e+04,3.241170533670652814e-09
1.508412303934757972e+02,1.724129595232850988e+04,1.724129595232850988e+04,3.047184541126046114e-09
1.508681162045382678e+02,1.728382481612089759e+04,1.728382481612089759e+04,2.886272917566805610e-09
1.509016492189998928e+02,1.733655195841243039e+04,1.733655195841243039e+04,2.707495687869819711e-09
1.509271073888144485e+02,1.737634337240802051e+04,1.737634337240802051e+04,2.585166380198688453e-09
1.509622954809125588e+02,1.743115420694912609e+04,1.743115420694912609e+04,2.433101458763873798e-09
1.509901394045091649e+02,1.747426241056690196e+04,1.747426241056690196e+04,2.325038891302695195e-09
1.510223332710836246e+02,1.752403104330558199e+04,1.752403104330558199e+04,2.211739230654878206e-09
1.510501366894075375e+02,1.756679420434869826e+04,1.756679420434869826e+04,2.122745293508151812e-09
1.510836057887256345e+02,1.761819278572541589e+04,1.761819278572541589e+04,2.025083716196623365e-09
1.511117095248325199e+02,1.766126876759384322e+04,1.766126876759384322e+04,1.950382462582441162e-09
1.511448902828659584e+02,1.771200025067959723e+04,1.771200025067959723e+04,1.869515618419541471e-09
1.511732907097393479e+02,1.775553444957754982e+04,1.775553444957754982e+04,1.805980510150727197e-09
1.512088358490669009e+02,1.781014286836903193e+04,1.781014286836903193e+04,1.732971666348184805e-09
1.512366038783906959e+02,1.785327841407731466e+04,1.785327841407731466e+04,1.680569529436813970e-09
1.512703193407023434e+02,1.790656848394270492e+04,1.790656848394270492e+04,1.621702778948188846e-09
1.512980190853585896e+02,1.795141408675638013e+04,1.795141408675638013e+04,1.576861162309565476e-09
1.513339529937191230e+02,1.801202156873655622e+04,1.801202156873655622e+04,1.522971075907850881e-09
1.513744324992283055e+02,1.808322736800431812e+04,1.808322736800431812e+04,1.467404485486967164e-09
1.514094458111031258e+02,1.814446528305569882e+04,1.814446528305569882e+04,1.423339051250688272e-09
1.514383259065564005e+02,1.819216960994292458e+04,1.819216960994292458e+04,1.389428851467102914e-09
1.514723406580511380e+02,1.824244244675873779e+04,1.824244244675873779e+04,1.352100739527522191e-09
1.515009870468500139e+02,1.828149826757924529e+04,1.828149826757924529e+04,1.322639187968605928e-09
1.515408157548837949e+02,1.832983704303935883e+04,1.832983704303935883e+04,1.284466060813915362e-09
1.515732972464208501e+02,1.836690051655857314e+04,1.836690051655857314e+04,1.255487801781613342e-09
1.515994819267464493e+02,1.839523594873982802e+04,1.839523594873982802e+04,1.233422503624315054e-09
1.516395158352040653e+02,1.843724832759923811e+04,1.843724832759923811e+04,1.201741941028560200e-09
1.516746451612596616e+02,1.847282861903082812e+04,1.847282861903082812e+04,1.175826128915527948e-09
1.517050835137970921e+02,1.850330688188290515e+04,1.850330688188290515e+04,1.154662161214697904e-09
1.517475054569938493e+02,1.854580335904776803e+04,1.854580335904776803e+04,1.127003546206032341e-09
1.517732921592743196e+02,1.857187267114126735e+04,1.857187267114126735e+04,1.111169572556733742e-09
1.518111010114909902e+02,1.861077769690481000e+04,1.861077769690481000e+04,1.089155234753876918e-09
1.518435146023708739e+02,1.864531754891371020e+04,1.864531754891371020e+04,1.071374828616430412e-09
1.518695025689615079e+02,1.867425036465067387e+04,1.867425036465067387e+04,1.057776938629718093e-09
1.518953927086750753e+02,1.870495469002610480e+04,1.870495469002610480e+04,1.044784475544225870e-09
1.519369108625438400e+02,1.875978738961077033e+04,1.875978738961077033e+04,1.025040489820023820e-09
1.519723891527685851e+02,1.882032661876291240e+04,1.882032661876291240e+04,1.009149472524910391e-09
1.520040921654224348e+02,nan,nan,9.956550314722080311e-10
1.520476731344677148e+02,nan,nan,9.817990788119340286e-10
1.520750625158794094e+02,nan,nan,9.817903565611960873e-10
1.521137494568151851e+02,nan,nan,9.817780300471790814e-10
1.521465406125320214e+02,nan,nan,9.817675762173750091e-10
1.521735859336272085e+02,nan,nan,9.817589502106853892e-10
1.521991517225977475e+02,nan,nan,9.817507928698382530e-10
1.522248913814289040e+02,nan,nan,9.817425769369790175e-10
1.522672864609623389e+02,nan,nan,9.817290380153630763e-10
1.523093248434472002e+02,nan,nan,9.817156049718952590e-10
1.523459352452097448e+02,nan,nan,9.817039000347916650e-10
1.523797644706024812e+02,nan,nan,9.816930791327429189e-10
1.524123155796143863e+02,nan,nan,9.816826624789611639e-10
1.524626140578659204e+02,nan,nan,9.816665578601773941e-10
1.524913644232657361e+02,nan,nan,9.816573479202331061e-10
1.525353443147004953e+02,nan,nan,9.816432529702727505e-10
1.525721663097396288e+02,nan,nan,9.816314462298595546e-10
1.526025022850314201e+02,nan,nan,9.816217152950698584e-10
1.526412385336067814e+02,nan,nan,9.816092847667463420e-10
1.526676040827381655e+02,nan,nan,9.816008208466910471e-10
1.526939540113293106e+02,nan,nan,9.815923594158867065e-10
1.527359397716136868e+02,nan,nan,9.815788719047251881e-10
1.527653448173288098e+02,nan,nan,9.815694221259489423e-10
1.528086280052687869e+02,nan,nan,9.815555069433448413e-10
1.528504486063362720e+02,nan,nan,9.815420559259507934e-10
1.528770564415525257e+02,nan,nan,9.815334948442532421e-10
1.529033863599022993e+02,nan,nan,9.815250208900341026e-10
1.529466280299047014e+02,nan,nan,9.815110992223691544e-10
1.529770331414358111e+02,nan,nan,9.815013067122073037e-10
1.530172756393706948e+02,nan,nan,9.814883414304880362e-10
1.530470254039785516e+02,nan,nan,9.814787534633915977e-10
1.530928887945108556e+02,nan,nan,9.814639670026969305e-10
1.531328694756906827e+02,nan,nan,9.814510720038011593e-10
1.531645575635047010e+02,nan,nan,9.814408482753571015e-10
1.532053933432891029e+02,nan,nan,9.814276688764225341e-10
1.532370814311031495e+02,nan,nan,9.814174385302200744e-10
1.532778066177671121e+02,nan,nan,9.814042864494207178e-10
1.533094947055811588e+02,nan,nan,9.813940496854483469e-10
1.533507463699135087e+02,nan,nan,9.813807193145696878e-10
1.533824344577275554e+02,nan,nan,9.813704762678327942e-10
1.534243423016493182e+02,nan,nan,9.813569256244746914e-10
1.534560303894633364e+02,nan,nan,9.813466764135212850e-10
1.534979976307567142e+02,nan,nan,9.813330985095774082e-10
1.535296857185707324e+02,nan,nan,9.813228432969848754e-10
1.535728537772959328e+02,nan,nan,9.813088687544570010e-10
1.536045418651099794e+02,nan,nan,9.812986076051807333e-10
1.536464770278408594e+02,nan,nan,9.812850244920311734e-10
1.536781651156548776e+02,nan,nan,9.812747576563402486e-10
1.537217460262689883e+02,nan,nan,9.812606336672166289e-10
1.537534341140830065e+02,nan,nan,9.812503611662370331e-10
1.537966058716305611e+02,nan,nan,9.812363621786081686e-10
1.538282939594446077e+02,nan,nan,9.812260841847752130e-10
1.538725312986991014e+02,nan,nan,9.812117320424073869e-10
1.539042193865131196e+02,nan,nan,9.812014486149008812e-10
1.539484512621969543e+02,nan,nan,9.811870907540076602e-10
1.539801393500109725e+02,nan,nan,9.811768020253684084e-10
1.540251413590102345e+02,nan,nan,9.811621867007260062e-10
1.540568294468242527e+02,nan,nan,9.811518927453396724e-10
1.541020310149642683e+02,nan,nan,9.811372052334068392e-10
1.541337191027782865e+02,nan,nan,9.811269061613823299e-10
1.541795321568231145e+02,nan,nan,9.811120126175228816e-10
1.542112202446371327e+02,nan,nan,9.811017085080240698e-10
1.542362781667595186e+02,nan,nan,9.810935589145443469e-10
1.542890252317279760e+02,nan,nan,9.810763998744610500e-10
1.543144171407514307e+02,nan,nan,9.810681377233408646e-10
1.543673518753334690e+02,nan,nan,9.810509094951180699e-10
1.543929569559000470e+02,nan,nan,9.810425740791516773e-10
1.544460329308640780e+02,nan,nan,9.810252918664383199e-10
1.544719398665023107e+02,nan,nan,9.810168543050551065e-10
1.545251812921106591e+02,nan,nan,9.809995103095828005e-10
1.545513218186207212e+02,nan,nan,9.809909928198454794e-10
1.546047048996672117e+02,nan,nan,9.809735948817778612e-10
1.546311267833546310e+02,nan,nan,9.809649818887750571e-10
1.546846598259122629e+02,nan,nan,9.809475273851592137e-10
1.547113240143752080e+02,nan,nan,9.809388316061887959e-10
1.547649939662172187e+02,nan,nan,9.809213248786881403e-10
1.547919249749676851e+02,nan,nan,9.809125383087353734e-10
1.548457327647782336e+02,nan,nan,9.808949791375665693e-10
1.548729075184250235e+02,nan,nan,9.808861092949151251e-10
1.549268450698901063e+02,nan,nan,9.808685003995771250e-10
1.549542748611802665e+02,nan,nan,9.808595435901058030e-10
1.550083398691911611e+02,nan,nan,9.808418858053470948e-10
1.550360101662920727e+02,nan,nan,9.808328467665823066e-10
1.550901968159495254e+02,nan,nan,9.808151420740538413e-10
1.551181114056195156e+02,nan,nan,9.808060195632547373e-10
1.551724161101085144e+02,nan,nan,9.807882692164426472e-10
1.552005648274764553e+02,nan,nan,9.807790665508750060e-10
1.552549828010763235e+02,nan,nan,9.807612721958037763e-10
1.552833651160286763e+02,nan,nan,9.807519895460525060e-10
1.553378923581803690e+02,nan,nan,9.807341525721289332e-10
1.553665002043046570e+02,nan,nan,9.807247925750923847e-10
1.554211324160285130e+02,nan,nan,9.807069144700206527e-10
1.554499626937181915e+02,nan,nan,9.806974781404219628e-10
1.555046958187019470e+02,nan,nan,9.806795603127442439e-10
1.555337413519174561e+02,nan,nan,9.806700500016029739e-10
1.555885713491995261e+02,nan,nan,9.806520938553967329e-10
1.556178274705198135e+02,nan,nan,9.806425110950151299e-10
1.556727503612310670e+02,nan,nan,9.806245180143594996e-10
1.557022101488836086e+02,nan,nan,9.806148650777990744e-10
1.557572220562581151e+02,nan,nan,9.805968364138547079e-10
1.557868798351049691e+02,nan,nan,9.805871151683669192e-10
1.558419768997345614e+02,nan,nan,9.805690522670677221e-10
1.558718257290121301e+02,nan,nan,9.805592649972790996e-10
1.559270042048451330e+02,nan,nan,9.805411691679645072e-10
1.559570377471551694e+02,nan,nan,9.805313179633876653e-10
1.560122939051245226e+02,nan,nan,9.805131905104224488e-10
1.560425050877311151e+02,nan,nan,9.805032777043645303e-10
1.560978353044683615e+02,nan,nan,9.804851198980789076e-10
1.561282173620968763e+02,nan,nan,9.804751477257120018e-10
1.561836180413666000e+02,nan,nan,9.804569608281443258e-10
1.562141637681715736e+02,nan,nan,9.804469316719028660e-10
1.562696314082721187e+02,nan,nan,9.804287169147039756e-10
1.563003337643598343e+02,nan,nan,9.804186331051889832e-10
1.563558648988765185e+02,nan,nan,9.804003917090297220e-10
1.563867165676946627e+02,nan,nan,9.803902556703266557e-10
1.564423078156451936e+02,nan,nan,9.803719888284040971e-10
1.564733015691252263e+02,nan,nan,9.803618029581333924e-10
1.565289495883771451e+02,nan,nan,9.803435118515276547e-10
1.565600780438158495e+02,nan,nan,9.803332786006804740e-10
1.566157795652442815e+02,nan,nan,9.803149643870802485e-10
1.566470353522776122e+02,nan,nan,9.803046862051569682e-10
1.567027871500177412e+02,nan,nan,9.802863500286827026e-10
1.567341628587134323e+02,nan,nan,9.802760293806790664e-10
1.567899617592638890e+02,nan,nan,9.802576723689241398e-10
1.568214499193199174e+02,nan,nan,9.802473117422171242e-10
1.568772928004610208e+02,nan,nan,9.802289350065894727e-10
1.569088859445278104e+02,nan,nan,9.802185368900139601e-10
1.569647697250436238e+02,nan,nan,9.802001415291364093e-10
1.569964603588389878e+02,nan,nan,9.801897084227932752e-10
1.570523820003622006e+02,nan,nan,9.801712955219092112e-10
1.570841626289026465e+02,nan,nan,9.801608299285190120e-10
1.571401191330024858e+02,nan,nan,9.801424005604128265e-10
1.571719822588758007e+02,nan,nan,9.801319049857856383e-10
1.572279706658957821e+02,nan,nan,9.801134602111735715e-10
1.572599088088905148e+02,nan,nan,9.801029371576808805e-10
1.573159262004475067e+02,nan,nan,9.800844780243453764e-10
1.573479319016775264e+02,nan,nan,9.800739299895415827e-10
1.574039754007441445e+02,nan,nan,9.800554575323778183e-10
1.574360412371914890e+02,nan,nan,9.800448870041146999e-10
1.574921080080458466e+02,nan,nan,9.800264022450619290e-10
1.575242266353103275e+02,nan,nan,9.800158116873570888e-10
1.575803138806383856e+02,nan,nan,9.799973156364001509e-10
1.576124780041685369e+02,nan,nan,9.799867074988112474e-10
1.576685829763228526e+02,nan,nan,9.799682011502781076e-10
1.577007853881041797e+02,nan,nan,9.799575778557962395e-10
1.577569053817604754e+02,nan,nan,9.799390621907758370e-10
1.577891389551575401e+02,nan,nan,9.799284261374428882e-10
1.578452713131845258e+02,nan,nan,9.799099021218722814e-10
1.578775290343907614e+02,nan,nan,9.798992556723094349e-10
1.579336711429992874e+02,nan,nan,9.798807242585712938e-10
1.579659460840450720e+02,nan,nan,9.798700697488147680e-10
1.580220953775847761e+02,nan,nan,9.798515318741653177e-10
1.580543807401254526e+02,nan,nan,9.798408715991880175e-10
1.581105346913556673e+02,nan,nan,9.798223281889772519e-10
1.581428237695413088e+02,nan,nan,9.798116644148113072e-10
1.581989799003601433e+02,nan,nan,9.797931163789434838e-10
1.582312661006554890e+02,nan,nan,9.797824513361126424e-10
1.582874219685691060e+02,nan,nan,9.797638995735192607e-10
1.583196988235169727e+02,nan,nan,9.797532354524097789e-10
1.583758520243948453e+02,nan,nan,9.797346808501814549e-10
1.584081131505723192e+02,nan,nan,9.797240198148692482e-10
1.584642613188113955e+02,nan,nan,9.797054632482193183e-10
1.584965004885966380e+02,nan,nan,9.796948074126878988e-10
1.585526412869004389e+02,nan,nan,9.796762497483486165e-10
1.585848523130772776e+02,nan,nan,9.796656012145989580e-10
1.586409834484483099e+02,nan,nan,9.796470433055881291e-10
1.586731603498178629e+02,nan,nan,9.796364041088499454e-10
1.587292795432124990e+02,nan,nan,9.796178468045776275e-10
1.587614163638454556e+02,nan,nan,9.796072189729555056e-10
1.588175213838521813e+02,nan,nan,9.795886631080634803e-10
1.588496123856472764e+02,nan,nan,9.795780485989281386e-10
1.589057010134055190e+02,nan,nan,9.795594950050178852e-10
1.589377404726185432e+02,nan,nan,9.795488957722015701e-10
1.589938105376270698e+02,nan,nan,9.795303452660033083e-10
1.590257929881925065e+02,nan,nan,9.795197631792361251e-10
1.590818423310306855e+02,nan,nan,9.795012165750624320e-10
1.591137623101696761e+02,nan,nan,9.794906535041964953e-10
1.591697888215415446e+02,nan,nan,9.794721116010755118e-10
1.592016411307180874e+02,nan,nan,9.794615693296658709e-10
1.592576427098327656e+02,nan,nan,9.794430329252428986e-10
1.592894221750983377e+02,nan,nan,9.794325132298526521e-10
1.593453967729617489e+02,nan,nan,9.794139831061516868e-10
1.593770984596278595e+02,nan,nan,9.794034876852953065e-10
1.594330440395445976e+02,nan,nan,9.793849646219214609e-10
1.594646630751116163e+02,nan,nan,9.793744951546860480e-10
1.595205776400999582e+02,nan,nan,9.793559799199389440e-10
1.595521093685886740e+02,nan,nan,9.793455380149422222e-10
1.596079909382337405e+02,nan,nan,9.793270313736136154e-10
1.596394307505912593e+02,nan,nan,9.793166186251891398e-10
1.596952773818863420e+02,nan,nan,9.792981213319181778e-10
1.597266208956441460e+02,nan,nan,9.792877392606462192e-10
1.597824306530133072e+02,nan,nan,9.792692520700743242e-10
1.598136735184856718e+02,nan,nan,9.792589021870769633e-10
1.598694444990423449e+02,nan,nan,9.792404258457495275e-10
1.599005825737940825e+02,nan,nan,9.792301095949910851e-10
1.599563128776676137e+02,nan,nan,9.792116448515392365e-10
1.599873420645719477e+02,nan,nan,9.792013636635663366e-10
1.600430298146887935e+02,nan,nan,9.791829112624592439e-10
1.600739461508495936e+02,nan,nan,9.791726665251258581e-10
1.601295894730156704e+02,nan,nan,9.791542272137619433e-10
1.601603891016598880e+02,nan,nan,9.791440202816735184e-10
1.602159861269022372e+02,nan,nan,9.791255948100508256e-10
1.602466652825672497e+02,nan,nan,9.791154270097343691e-10
1.603022141454919449e+02,nan,nan,9.790970161315006699e-10
1.603327691239196326e+02,nan,nan,9.790868887715805196e-10
1.603882679581726052e+02,nan,nan,9.790684932462156224e-10
1.604186952033748241e+02,nan,nan,9.790584075888308404e-10
1.604741421312975547e+02,nan,nan,9.790400281857502338e-10
1.605044380789885281e+02,nan,nan,9.790299854987805153e-10
1.605598312200295936e+02,nan,nan,9.790116229953073276e-10
1.605899924802546366e+02,nan,nan,9.790016244921867199e-10
1.606453299342531693e+02,nan,nan,9.789832796799933882e-10
1.606753530911912549e+02,nan,nan,9.789733265864474288e-10
1.607306329456537242e+02,nan,nan,9.789550002701104079e-10
1.607605147128310534e+02,nan,nan,9.789450937731416215e-10
1.608157350279674063e+02,nan,nan,9.789267867761119733e-10
1.608454721366877891e+02,nan,nan,9.789169280614953484e-10
1.609006309500734062e+02,nan,nan,9.788986412257285788e-10
1.609302201939566714e+02,nan,nan,9.788888314636781824e-10
1.609853155079698865e+02,nan,nan,9.788705656549670746e-10
1.610147537084057490e+02,nan,nan,9.788608060121460940e-10
1.610697834834425919e+02,nan,nan,9.788425621236269203e-10
1.610990674988030946e+02,nan,nan,9.788328537604992378e-10
1.611540296491735376e+02,nan,nan,9.788146327147422518e-10
1.611831563467653154e+02,nan,nan,9.788049767948935293e-10
1.612380487296489946e+02,nan,nan,9.787867795480967716e-10
1.612670149764843188e+02,nan,nan,9.787771772415479294e-10
1.613218353860244747e+02,nan,nan,9.787590047855079855e-10
1.613506380864415632e+02,nan,nan,9.787494572552100311e-10
1.614053842446355418e+02,nan,nan,9.787313106187584305e-10
1.614340202261348338e+02,nan,nan,9.787218190591692674e-10
1.614886897736667208e+02,nan,nan,9.787036993161225164e-10
1.615171559363808740e+02,nan,nan,9.786942649041214262e-10
1.615717464264306500e+02,nan,nan,9.786761731698765393e-10
1.616000395466653572e+02,nan,nan,9.786667971280616964e-10
1.616516428176894919e+02,nan,nan,9.786496973555255372e-10
1.616860647622330305e+02,nan,nan,9.786382917275351486e-10
1.617318151130348554e+02,nan,nan,9.786231334798085912e-10
1.617709780260439345e+02,nan,nan,1.002980435708453682e-09
1.618099502087694646e+02,nan,nan,1.049219843352423780e-09
1.618363642594256930e+02,nan,nan,1.065754130295683112e-09
1.618672526301080268e+02,nan,nan,1.080311578404416132e-09
1.619090926845843512e+02,nan,nan,1.151862048027459847e-09
1.619541709963912695e+02,nan,nan,1.188303407866196220e-09
1.619931233289742920e+02,nan,nan,1.217283935420592816e-09
1.620298372192745830e+02,nan,nan,1.278256211284518186e-09
1.620713361354368942e+02,nan,nan,1.300584530651318692e-09
1.621059844455844825e+02,nan,nan,1.328700598842587129e-09
1.621392940332786452e+02,nan,nan,1.382295381193694177e-09
1.621774324283638009e+02,1.369265239280498645e+04,1.369265239280498645e+04,1.394507302800834736e-09
1.622093753267742215e+02,1.369246593898306492e+04,1.369246593898306492e+04,1.410477876409384674e-09
1.622402010227152687e+02,1.369231384799800799e+04,1.369231384799800799e+04,1.458975386644940753e-09
1.622751165229916808e+02,1.369220010827627630e+04,1.369220010827627630e+04,1.467028649744750502e-09
1.623061482364679193e+02,1.369217431509827838e+04,1.383576670147971345e+04,1.458778830998390416e-09
1.623352956868397712e+02,1.369221680096999808e+04,1.383111428105123196e+04,1.503459903251395180e-09
1.623676174412582611e+02,1.369232516635497814e+04,1.382901829129414546e+04,1.512411194829693852e-09
1.623992097622529229e+02,1.369247680546930860e+04,1.382830875484306307e+04,1.472141649537971190e-09
1.624278204390682845e+02,1.369264489261872586e+04,1.382814247561842967e+04,1.513168387097418393e-09
1.624573386348909594e+02,1.369284289376815286e+04,1.382833905320539998e+04,1.524465468819957056e-09
1.624911597854902539e+02,1.382917025272237515e+04,1.382917025272237515e+04,1.483031325363070255e-09
1.625207725407023247e+02,1.383047497802396538e+04,1.383047497802396538e+04,1.488334553241410184e-09
1.625493076701767166e+02,1.383222875608000868e+04,1.383222875608000868e+04,1.498962671978401646e-09
1.625830544296581195e+02,1.383495447003622030e+04,1.383495447003622030e+04,1.464996301905394480e-09
1.626134526870556840e+02,1.383799834574142915e+04,1.383799834574142915e+04,1.429056163527485750e-09
1.626421698887566265e+02,1.384128092299212221e+04,1.384128092299212221e+04,1.438386857229462458e-09
1.626736493506207921e+02,nan,nan,1.417832415493122645e-09
1.627071596811367442e+02,nan,nan,1.351038917373414179e-09
1.627383203296024590e+02,nan,nan,1.347948933816576060e-09
1.627692696315443754e+02,nan,nan,1.334614870567840038e-09
1.628019037305632253e+02,nan,nan,1.289106120924290574e-09
1.628372747870700721e+02,nan,nan,1.235086449578133987e-09
1.628698506948974796e+02,nan,nan,1.225164007494466629e-09
1.629051675339129019e+02,nan,nan,1.192427316721879965e-09
1.629398463424944907e+02,nan,nan,1.131941559167257055e-09
1.629764434549573195e+02,nan,nan,1.103306917465975536e-09
1.630127888784448658e+02,nan,nan,1.077413117388686084e-09
1.630543475308007828e+02,nan,nan,1.030133334212035717e-09
1.630931626206485419e+02,nan,nan,1.000621738872220403e-09
1.631331658473216066e+02,nan,nan,9.800458771559975355e-10
1.631755235427494028e+02,nan,nan,9.781454074626284373e-10
1.632221417696433718e+02,nan,nan,9.781299908021815282e-10
1.632671885780870298e+02,nan,nan,9.781150943744801241e-10
1.633053638164418260e+02,nan,nan,9.781024708346262771e-10
1.633403173436156806e+02,nan,nan,9.780909131263049311e-10
1.633680561510347786e+02,nan,nan,9.780817413921121876e-10
1.633941905823622847e+02,nan,nan,9.780731004489502821e-10
1.634429967255019562e+02,nan,nan,9.780569643363402310e-10
1.634720585286322034e+02,nan,nan,9.780473566322461927e-10
1.635207361207424412e+02,nan,nan,9.780312651623601817e-10
1.635468288766226692e+02,nan,nan,9.780226402376087410e-10
1.635995386757605274e+02,nan,nan,9.780052184867959295e-10
1.636412448810966680e+02,nan,nan,9.779914350772463992e-10
1.636729329689106862e+02,nan,nan,9.779809634276607898e-10
1.637182919852498060e+02,nan,nan,9.779659755124971647e-10
1.637499800730638242e+02,nan,nan,1.003510330183900245e-09
1.637926583983336855e+02,1.636139497608224156e+04,1.636139497608224156e+04,1.059455147060217147e-09
1.638243464861477037e+02,nan,nan,1.103955574378700937e-09
1.638688387345544299e+02,1.632760143925476586e+04,1.632760143925476586e+04,1.172370166557188768e-09
1.638992072218984504e+02,1.632450799261720567e+04,1.632450799261720567e+04,1.221592966829370920e-09
1.639436242475388781e+02,1.631815359504853041e+04,1.631815359504853041e+04,1.298133197687435786e-09
1.639698543698843309e+02,1.630673944563477016e+04,1.630673944563477016e+04,1.347039126532938415e-09
1.640016816654609499e+02,1.629775720720548270e+04,1.629775720720548270e+04,1.410593574714000120e-09
1.640434447880951438e+02,1.629296300009790502e+04,1.629296300009790502e+04,1.495706970047896387e-09
1.640772219803563701e+02,1.628992831164131348e+04,1.628992831164131348e+04,1.566469273327036771e-09
1.641144593608491391e+02,1.628491032836381601e+04,1.628491032836381601e+04,1.641263070299587864e-09
1.641524326686208610e+02,1.626954247466376182e+04,1.626954247466376182e+04,1.728521158944049707e-09
1.641876825939549747e+02,1.626397630482349086e+04,1.626397630482349086e+04,1.812249582733169159e-09
1.642213652379278130e+02,1.626056687103995137e+04,1.626056687103995137e+04,1.876924158176581762e-09
1.642532487457294792e+02,1.625763771411428752e+04,1.625763771411428752e+04,1.954715416842285901e-09
1.642839924627826065e+02,1.625152427702276327e+04,1.625152427702276327e+04,2.003158242384058970e-09
1.643132829688215963e+02,1.624080796851098421e+04,1.624080796851098421e+04,2.078051998673593648e-09
1.643419175935727310e+02,1.623610487939581981e+04,1.623610487939581981e+04,2.128918349686837296e-09
1.643696196048239813e+02,1.623359406146138463e+04,1.623359406146138463e+04,2.160530195344383748e-09
1.643964087524839499e+02,1.623226728521017867e+04,1.623226728521017867e+04,2.221925845881672373e-09
1.644229201050007418e+02,1.623112876300941389e+04,1.623112876300941389e+04,2.271853985212924185e-09
1.644487893153316520e+02,1.622858344392815161e+04,1.622858344392815161e+04,2.309592354376514195e-09
1.644742847046046563e+02,1.621794901943408877e+04,1.621794901943408877e+04,2.338618862946263304e-09
1.644992924924595172e+02,1.620888528912814218e+04,1.620888528912814218e+04,2.361601374174354445e-09
1.645359028642384942e+02,1.620399040663952292e+04,1.620399040663952292e+04,2.421270622742964542e-09
1.645718089116630551e+02,1.620225098585078194e+04,1.620225098585078194e+04,2.428214868247265715e-09
1.646073115103463635e+02,1.620143877433721718e+04,1.620143877433721718e+04,2.489250955981546242e-09
1.646419175104444435e+02,1.619815254500978881e+04,1.619815254500978881e+04,2.490301659802778144e-09
1.646763084267735167e+02,1.618079682013659294e+04,1.618079682013659294e+04,2.542821872479460620e-09
1.647101443035612647e+02,1.617487322053118623e+04,1.617487322053118623e+04,2.526370470245261594e-09
1.647440936666731375e+02,1.617259521801696246e+04,1.617259521801696246e+04,2.582032288150126460e-09
1.647774477742043757e+02,1.617202573457383005e+04,1.617202573457383005e+04,2.584984818423428356e-09
1.648103671520855187e+02,1.617150194750765331e+04,1.617150194750765331e+04,2.589403013965415493e-09
1.648430676068432206e+02,1.616748335454713015e+04,1.616748335454713015e+04,2.627094932562077913e-09
1.648757217728977196e+02,1.614961540370013608e+04,1.614961540370013608e+04,2.621584306087754919e-09
1.649080817169648299e+02,1.614446894958829762e+04,1.614446894958829762e+04,2.614423376737967673e-09
1.649403523096672188e+02,1.614250686408171168e+04,1.614250686408171168e+04,2.654828123326006309e-09
1.649723481664000815e+02,1.614210356261046036e+04,1.614210356261046036e+04,2.661445419098866147e-09
1.650041779201867769e+02,1.614204047211317993e+04,1.614204047211317993e+04,2.642132934402315478e-09
1.650361958785883019e+02,1.614031413371822237e+04,1.614031413371822237e+04,2.651175819087558915e-09
1.650678626984272341e+02,1.612329671332476209e+04,1.612329671332476209e+04,2.682031022329416381e-09
1.650993401780844465e+02,1.611591886218117907e+04,1.611591886218117907e+04,2.690412945723254680e-09
1.651307177842335250e+02,1.611302745697035607e+04,1.611302745697035607e+04,2.681040183667392569e-09
1.651621796293998159e+02,1.611210550200818216e+04,1.611210550200818216e+04,2.656737012230164738e-09
1.651936562811993667e+02,1.611217566121157870e+04,1.611217566121157870e+04,2.676982440921995059e-09
1.652249065902495033e+02,1.611210540887390744e+04,1.611210540887390744e+04,2.702630188737710413e-09
1.652559098808744977e+02,1.610974856849518619e+04,1.610974856849518619e+04,2.714228192385831298e-09
1.652870459710276805e+02,1.609103148758298266e+04,1.609103148758298266e+04,2.714811562575880108e-09
1.653179456005395878e+02,1.608512184764219637e+04,1.608512184764219637e+04,2.706714849719171302e-09
1.653490076392894821e+02,1.608267480558104216e+04,1.608267480558104216e+04,2.690648274362794109e-09
1.653800442192596734e+02,1.608195404271888219e+04,1.608195404271888219e+04,2.671671712031334836e-09
1.654110566319876909e+02,1.608214292824909717e+04,1.608214292824909717e+04,2.700438132315539072e-09
1.654418917832823297e+02,1.608227064825384696e+04,1.608227064825384696e+04,2.720235523926138751e-09
1.654725039483726903e+02,1.608077290723647639e+04,1.608077290723647639e+04,2.732951930559678129e-09
1.655031016701017847e+02,1.606657593827771234e+04,1.606657593827771234e+04,2.740849092886954616e-09
1.655338540519423418e+02,1.605623942428602095e+04,1.605623942428602095e+04,2.744689955644066262e-09
1.655643625505836098e+02,1.605354022311004883e+04,1.605354022311004883e+04,2.745221770811576660e-09
1.655947532665234121e+02,1.605243417858003158e+04,1.605243417858003158e+04,2.743657060578722180e-09
1.656251276343287202e+02,1.605212861690952559e+04,1.605212861690952559e+04,2.740504194395734192e-09
1.656555588522116977e+02,1.605165417524018812e+04,1.605165417524018812e+04,2.735897673811575672e-09
1.656861113553245275e+02,1.604835644349150061e+04,1.604835644349150061e+04,2.729709405181624267e-09
1.657165087081603474e+02,1.603260743371626086e+04,1.603260743371626086e+04,2.723786508846086896e-09
1.657467618961439086e+02,1.602784849533937631e+04,1.602784849533937631e+04,2.718679665414266962e-09
1.657769205656074973e+02,1.602586070194518106e+04,1.602586070194518106e+04,2.714481124006255265e-09
1.658070126500570325e+02,1.602530018129810924e+04,1.602530018129810924e+04,2.711261990862837036e-09
1.658370530173313000e+02,1.602557582340097542e+04,1.602557582340097542e+04,2.713231880022414782e-09
1.658670480200236170e+02,1.602595207526188460e+04,1.602595207526188460e+04,2.720179950669396732e-09
1.658969981367158937e+02,1.602549882130602418e+04,1.602549882130602418e+04,2.725769988593851217e-09
1.659268997506098344e+02,1.602093980091398225e+04,1.602093980091398225e+04,2.730071536725515070e-09
1.659567465994213364e+02,1.600138777532867243e+04,1.600138777532867243e+04,2.733087207661706301e-09
1.659865312035021532e+02,1.599724356777383764e+04,1.599724356777383764e+04,2.734762120954825033e-09
1.660162464558370630e+02,1.599548698322266500e+04,1.599548698322266500e+04,2.734992413761687449e-09
1.660458874546558263e+02,1.599501716869531629e+04,1.599501716869531629e+04,2.733637158843295702e-09
1.660754535464001265e+02,1.599532957723199434e+04,1.599532957723199434e+04,2.738257540094313287e-09
1.661049504067192117e+02,1.599576529370286698e+04,1.599576529370286698e+04,2.747876543652546400e-09
1.661343918386416476e+02,1.599555690046343989e+04,1.599555690046343989e+04,2.758327703962143040e-09
1.661638008458201341e+02,1.599255484290782806e+04,1.599255484290782806e+04,2.769245234375126359e-09
1.661932095058192829e+02,1.597239110428053209e+04,1.597239110428053209e+04,2.780222757395640072e-09
1.662226572817848478e+02,1.596755083965845552e+04,1.596755083965845552e+04,2.790865013954620850e-09
1.662521876978645707e+02,1.596544572272227197e+04,1.596544572272227197e+04,2.800844275971376945e-09
1.662816328690732348e+02,1.596472139735391829e+04,1.596472139735391829e+04,2.810824774106019477e-09
1.663109248611097541e+02,1.596488565166581611e+04,1.596488565166581611e+04,2.820620837996676653e-09
1.663401092781438990e+02,1.596538947662649298e+04,1.596538947662649298e+04,2.829461564984198070e-09
1.663692594709292223e+02,1.596557888011847717e+04,1.596557888011847717e+04,2.836639149723829598e-09
1.663984712468225382e+02,1.596442653129346036e+04,1.596442653129346036e+04,2.841726966518267983e-09
1.664278210759772776e+02,1.595499949341511456e+04,1.595499949341511456e+04,2.844711723943075684e-09
1.664569369464727231e+02,1.593894381980545222e+04,1.593894381980545222e+04,2.844888783288358535e-09
1.664859077717917160e+02,1.593591476517220690e+04,1.593591476517220690e+04,2.841347107207633947e-09
1.665148636503646458e+02,1.593461437632659909e+04,1.593461437632659909e+04,2.833805966381484551e-09
1.665439672590772489e+02,1.593435937928111161e+04,1.593435937928111161e+04,2.822988501787699769e-09
1.665727340583575540e+02,1.593476035260207755e+04,1.593476035260207755e+04,2.805054169857757724e-09
1.666012863483022102e+02,1.593523944120760098e+04,1.593523944120760098e+04,2.809624660673617571e-09
1.666298079044150313e+02,1.593521613246452762e+04,1.593521613246452762e+04,2.835703433357884500e-09
1.666585270965710777e+02,1.593333260975103985e+04,1.593333260975103985e+04,2.856314319270450115e-09
1.666872243974542869e+02,1.591646335953230118e+04,1.591646335953230118e+04,2.872387412602761522e-09
1.667158117935049404e+02,1.590772138190219448e+04,1.590772138190219448e+04,2.883277938529887383e-09
1.667445534962368470e+02,1.590519166255177515e+04,1.590519166255177515e+04,2.887989144721964215e-09
1.667731790071032663e+02,1.590413220611082943e+04,1.590413220611082943e+04,2.886093196010134945e-09
1.668016560786502964e+02,1.590400843214422275e+04,1.590400843214422275e+04,2.876202844397656395e-09
1.668302979468474803e+02,1.590446171417473670e+04,1.590446171417473670e+04,2.859158318117699480e-09
1.668584749312122426e+02,1.590493650339427586e+04,1.590493650339427586e+04,2.829576295064347829e-09
1.668864844686685274e+02,1.590491595005614545e+04,1.590491595005614545e+04,2.864984590315347038e-09
1.669146970353136226e+02,1.590318295124933320e+04,1.590318295124933320e+04,2.892226085389983691e-09
1.669429658100908966e+02,1.588899563443162879e+04,1.588899563443162879e+04,2.910745998858350207e-09
1.669712146561518296e+02,1.587754091051212163e+04,1.587754091051212163e+04,2.919953887350381465e-09
1.669995864653734259e+02,1.587493505705801726e+04,1.587493505705801726e+04,2.919243788238686049e-09
1.670277226643705433e+02,1.587380130960870156e+04,1.587380130960870156e+04,2.907046443258755022e-09
1.670559157333605640e+02,1.587358530128297753e+04,1.587358530128297753e+04,2.883231755313562912e-09
1.670836238032048868e+02,1.587397876872012057e+04,1.587397876872012057e+04,2.871666980368986721e-09
1.671113055296293908e+02,1.587449735889914882e+04,1.587449735889914882e+04,2.909660270820609721e-09
1.671393736347091590e+02,1.587467017883948574e+04,1.587467017883948574e+04,2.934063230489458293e-09
1.671672930367541028e+02,1.587372672230417993e+04,1.587372672230417993e+04,2.946683107524738533e-09
1.671954224404979357e+02,1.586696906547495746e+04,1.586696906547495746e+04,2.946101128827092487e-09
1.672232839009305394e+02,1.584844616708093417e+04,1.584844616708093417e+04,2.930723196508593238e-09
1.672510474251241703e+02,1.584519201458483803e+04,1.584519201458483803e+04,2.898966281099843685e-09
1.672783841795159390e+02,1.584369630305386454e+04,1.584369630305386454e+04,2.910654984399937387e-09
1.673059127922400933e+02,1.584316984311994747e+04,1.584316984311994747e+04,2.946675808202196300e-09
1.673335886699425714e+02,1.584335868632011625e+04,1.584335868632011625e+04,2.966655518301663857e-09
1.673614788656227290e+02,1.584389919299768007e+04,1.584389919299768007e+04,2.970484350795057885e-09
1.673891296216385456e+02,1.584429912766680900e+04,1.584429912766680900e+04,2.956942673106772952e-09
1.674167545696763000e+02,1.584410550766872620e+04,1.584410550766872620e+04,2.924720489806424557e-09
1.674438436263109793e+02,1.584191841166497034e+04,1.584191841166497034e+04,2.929298481126678371e-09
1.674711257044806700e+02,1.582354551797631575e+04,1.582354551797631575e+04,2.968318437579490465e-09
1.674985848976443492e+02,1.581687154658166219e+04,1.581687154658166219e+04,2.988027388752898487e-09
1.675263829329549026e+02,1.581467726306107397e+04,1.581467726306107397e+04,2.988767146123002536e-09
1.675538288791837260e+02,1.581364010469217465e+04,1.581364010469217465e+04,2.968958429838169442e-09
1.675809975260492308e+02,1.581330445728475570e+04,1.581330445728475570e+04,2.924845976566155902e-09
1.676078497589648464e+02,1.581341835942912621e+04,1.581341835942912621e+04,2.965421255667659854e-09
1.676352817792400742e+02,1.581350976031464052e+04,1.581350976031464052e+04,2.996816506141205298e-09
1.676626289567620631e+02,1.581278393307285114e+04,1.581278393307285114e+04,3.007506644677161265e-09
1.676899764911964610e+02,1.580814101830399159e+04,1.580814101830399159e+04,2.995380920064673958e-09
1.677172825774671026e+02,1.579214851137681944e+04,1.579214851137681944e+04,2.959207421912775596e-09
1.677439587475392955e+02,1.578861650434057628e+04,1.578861650434057628e+04,2.965833684388676780e-09
1.677709562897785531e+02,1.578690971941603311e+04,1.578690971941603311e+04,3.006092054864531453e-09
1.677981081389131646e+02,1.578620074233727246e+04,1.578620074233727246e+04,3.021546740230333538e-09
1.678253743384123027e+02,1.578621786717590112e+04,1.578621786717590112e+04,3.011807356470452990e-09
1.678526344132855002e+02,1.578670485441534584e+04,1.578670485441534584e+04,2.976253745831330546e-09
1.678791632977712140e+02,1.578720657148984174e+04,1.578720657148984174e+04,2.976225591207399733e-09
1.679059992679231641e+02,1.578738105810059460e+04,1.578738105810059460e+04,3.018735004076182193e-09
1.679330376647031073e+02,1.578665288226668781e+04,1.578665288226668781e+04,3.033655994246411673e-09
1.679601571363217261e+02,1.578182692473917814e+04,1.578182692473917814e+04,3.020751067036478989e-09
1.679871378313855246e+02,1.576181136097068338e+04,1.576181136097068338e+04,2.978154116838711584e-09
1.680135075640024525e+02,1.575827990154439067e+04,1.575827990154439067e+04,2.997124813076126509e-09
1.680404391272315650e+02,1.575654770593252215e+04,1.575654770593252215e+04,3.034470648049772779e-09
1.680674719978399594e+02,1.575580711443437940e+04,1.575580711443437940e+04,3.042914605667090486e-09
1.680944316071838784e+02,1.575577936437051721e+04,1.575577936437051721e+04,3.020880775667324913e-09
1.681209917216471865e+02,1.575623199197666690e+04,1.575623199197666690e+04,2.963354393417970284e-09
1.681473057920866836e+02,1.575675755153252248e+04,1.575675755153252248e+04,3.023305688982196863e-09
1.681741491334360319e+02,1.575702223823137319e+04,1.575702223823137319e+04,3.049775375988142890e-09
1.682012779197521297e+02,1.575657873073842165e+04,1.575657873073842165e+04,3.044866090239969445e-09
1.682282590062960423e+02,1.575335146211259053e+04,1.575335146211259053e+04,3.007710371063647915e-09
1.682544550307996190e+02,1.573277203056176040e+04,1.573277203056176040e+04,3.002264639451503486e-09
1.682810374968436236e+02,1.572846896711092631e+04,1.572846896711092631e+04,3.046957804750464875e-09
1.683078957063199255e+02,1.572644937167745411e+04,1.572644937167745411e+04,3.057220300940839787e-09
1.683347238444081597e+02,1.572551571111583326e+04,1.572551571111583326e+04,3.032762151030332079e-09
1.683610611983160652e+02,1.572531162166511058e+04,1.572531162166511058e+04,2.981146245207005579e-09
1.683872668711360632e+02,1.572565096074872963e+04,1.572565096074872963e+04,3.040976227802580988e-09
1.684139794887897210e+02,1.572620914818840902e+04,1.572620914818840902e+04,3.062447224537434244e-09
1.684408466647836917e+02,1.572661073490602757e+04,1.572661073490602757e+04,3.047693624912498525e-09
1.684674020818033569e+02,1.572654268915058674e+04,1.572654268915058674e+04,2.993586494403739675e-09
1.684934422968371734e+02,1.572514167174091381e+04,1.572514167174091381e+04,3.033660529989485428e-09
1.685201434375544238e+02,1.571586861415036765e+04,1.571586861415036765e+04,3.064134089852893441e-09
1.685471279253582395e+02,1.569942372931956561e+04,1.569942372931956561e+04,3.057527014654277720e-09
1.685739455647934903e+02,1.569673534770357037e+04,1.569673534770357037e+04,3.012833453148266049e-09
1.685999221112482189e+02,1.569544314110235064e+04,1.569544314110235064e+04,3.024668459561025821e-09
1.686266389280326337e+02,1.569492452423343275e+04,1.569492452423343275e+04,3.063228079149992208e-09
1.686536116426474621e+02,1.569504084069678356e+04,1.569504084069678356e+04,3.063551296089579997e-09
1.686804051741160038e+02,1.569555861042652214e+04,1.569555861042652214e+04,3.024388028854068904e-09
1.687063733313738112e+02,1.569606898142388309e+04,1.569606898142388309e+04,3.017327219324664503e-09
1.687328714811247892e+02,1.569630741589141689e+04,1.569630741589141689e+04,3.062155472992921006e-09
1.687597414330445815e+02,1.569586725482262227e+04,1.569586725482262227e+04,3.065648112307126374e-09
1.687865022294490700e+02,1.569274975627258027e+04,1.569274975627258027e+04,3.027802055249599663e-09
1.688124574675692884e+02,1.567195207170507456e+04,1.567195207170507456e+04,3.015436572428545103e-09
1.688389063236925267e+02,1.566770793013876209e+04,1.566770793013876209e+04,3.061984650336611267e-09
1.688657740623958148e+02,1.566570075535661090e+04,1.566570075535661090e+04,3.065338101634304472e-09
1.688925434041492792e+02,1.566475008142804836e+04,1.566475008142804836e+04,3.025925394328329315e-09
1.689184688814996775e+02,1.566449942437719983e+04,1.566449942437719983e+04,3.017385249020019891e-09
1.689449784852056382e+02,1.566479346667289610e+04,1.566479346667289610e+04,3.062323178318484430e-09
1.689719168980633981e+02,1.566536198076647452e+04,1.566536198076647452e+04,3.063085102695478978e-09
1.689987318535887368e+02,1.566583075191666103e+04,1.566583075191666103e+04,3.020052430095014099e-09
1.690246257157356240e+02,1.566594382975483313e+04,1.566594382975483313e+04,3.021463567663397998e-09
1.690512887212268822e+02,1.566519024675838227e+04,1.566519024675838227e+04,3.062443582437720960e-09
1.690774501605879721e+02,1.566064727261086591e+04,1.566064727261086591e+04,3.056321097298804474e-09
1.691040867595049804e+02,1.564010865735280095e+04,1.564010865735280095e+04,3.001810769521263756e-09
1.691299775139406734e+02,1.563675271352889285e+04,1.563675271352889285e+04,3.033040276721995014e-09
1.691566339242298511e+02,1.563504944417780462e+04,1.563504944417780462e+04,3.063386622830517700e-09
1.691834917149501507e+02,1.563426061979299811e+04,1.563426061979299811e+04,3.046804646035134001e-09
1.692098195153820654e+02,1.563412303078986042e+04,1.563412303078986042e+04,2.978576139308819498e-09
1.692358161995890100e+02,1.563448456340180383e+04,1.563448456340180383e+04,3.041952454419935152e-09
1.692625097795716442e+02,1.563505833966145474e+04,1.563505833966145474e+04,3.060544001601632073e-09
1.692892980133842684e+02,1.563550709736409954e+04,1.563550709736409954e+04,3.030303602406633684e-09
1.693153366200864696e+02,1.563559446882129305e+04,1.563559446882129305e+04,2.994358711844477760e-09
1.693416477401493410e+02,1.563479794050116470e+04,1.563479794050116470e+04,3.049443203515623849e-09
1.693685588484048878e+02,1.562970798171938623e+04,1.562970798171938623e+04,3.053056362768131506e-09
1.693944979990259014e+02,1.560969532296465331e+04,1.560969532296465331e+04,3.000597143188483721e-09
1.694203908345326681e+02,1.560677446682388108e+04,1.560677446682388108e+04,3.019581355654114956e-09
1.694470866364623589e+02,1.560524726211963207e+04,1.560524726211963207e+04,3.053136047811457165e-09
1.694739927825307007e+02,1.560448779124624707e+04,1.560448779124624707e+04,3.035917983615385697e-09
1.695003259853189945e+02,1.560426721532267766e+04,1.560426721532267766e+04,2.964645794720655397e-09
1.695263971473576134e+02,1.560444804239272344e+04,1.560444804239272344e+04,3.034491866327244243e-09
1.695532112768210311e+02,1.560471927342143499e+04,1.560471927342143499e+04,3.048294919283906459e-09
1.695801098142358683e+02,1.560465243175721662e+04,1.560465243175721662e+04,3.010142316871566635e-09
1.696060474406629908e+02,1.560332501695916108e+04,1.560332501695916108e+04,2.996866305522781655e-09
1.696317860614543065e+02,1.559601284035953358e+04,1.559601284035953358e+04,3.043933833491270617e-09
1.696587885673163782e+02,1.558169490835356555e+04,1.558169490835356555e+04,3.031411860263417312e-09
1.696852776424422018e+02,1.557909380503577995e+04,1.557909380503577995e+04,2.962362960713522736e-09
1.697112901839145707e+02,1.557777535391560923e+04,1.557777535391560923e+04,3.024253111971068182e-09
1.697380964911041872e+02,1.557718459656952291e+04,1.557718459656952291e+04,3.040279008566235545e-09
1.697650552001470032e+02,1.557718510552869338e+04,1.557718510552869338e+04,3.002024852774894240e-09
1.697910100927417432e+02,1.557762281454446384e+04,1.557762281454446384e+04,2.989924859395687165e-09
1.698167771302567814e+02,1.557818148285252391e+04,1.557818148285252391e+04,3.036193427202699969e-09
1.698437765672601074e+02,1.557861719485115100e+04,1.557861719485115100e+04,3.020482117863642524e-09
1.698702021023870827e+02,1.557869873571477910e+04,1.557869873571477910e+04,2.949680067587181769e-09
1.698963133847769882e+02,1.557792354185300246e+04,1.557792354185300246e+04,3.020541357261912907e-09
1.699232073339534850e+02,1.557300595674930992e+04,1.557300595674930992e+04,3.030405574562987576e-09
1.699492588489285936e+02,1.555242784431188556e+04,1.555242784431188556e+04,2.977319699501652756e-09
1.699751960740098014e+02,1.554930006172385765e+04,1.554930006172385765e+04,2.998792213981295006e-09
1.700019751109672370e+02,1.554766885942634144e+04,1.554766885942634144e+04,3.029753175459764754e-09
1.700289189937811898e+02,1.554689195940019636e+04,1.554689195940019636e+04,3.002557611323119565e-09
1.700551019825208243e+02,1.554671999257974858e+04,1.554671999257974858e+04,2.964339637209518374e-09
1.700815091188223960e+02,1.554704057119821482e+04,1.554704057119821482e+04,3.021107307202073090e-09
1.701077123775976361e+02,1.554760157803917173e+04,1.554760157803917173e+04,3.014143784096225257e-09
1.701343568731053608e+02,1.554811088479145292e+04,1.554811088479145292e+04,2.944399477529350938e-09
1.701603950018306364e+02,1.554835756640522050e+04,1.554835756640522050e+04,3.007809226758385328e-09
1.701872508349919428e+02,1.554807609842188867e+04,1.554807609842188867e+04,3.021023435850693300e-09
1.702133530490148132e+02,1.554591969362386590e+04,1.554591969362386590e+04,2.968150725190831142e-09
1.702393021858345605e+02,1.553014087992396526e+04,1.553014087992396526e+04,2.990918980369320688e-09
1.702661078935791750e+02,1.551993546821548807e+04,1.551993546821548807e+04,3.021001084460739023e-09
1.702930658426706430e+02,1.551781392148084524e+04,1.551781392148084524e+04,2.989766240460612946e-09
1.703191647610157986e+02,1.551675044403578977e+04,1.551675044403578977e+04,2.965142255453719913e-09
1.703457429070829505e+02,1.551631787489861017e+04,1.551631787489861017e+04,3.016269691184539627e-09
1.703728652640984933e+02,1.551642708527951982e+04,1.551642708527951982e+04,3.004551640082357200e-09
1.703994083028807154e+02,1.551692342710699995e+04,1.551692342710699995e+04,2.932441454114326786e-09
1.704254820994844692e+02,1.551747916081530093e+04,1.551747916081530093e+04,3.006560405779755093e-09
1.704524158827870508e+02,1.551788242497244210e+04,1.551788242497244210e+04,3.012702990344547226e-09
1.704784608336564418e+02,1.551794075684873496e+04,1.551794075684873496e+04,2.949061851716776882e-09
1.705044038308342920e+02,1.551715441162569914e+04,1.551715441162569914e+04,2.996895722946994943e-09
1.705311789454891596e+02,1.551226871551047770e+04,1.551226871551047770e+04,3.015866531959274370e-09
1.705582070579324352e+02,1.549131250992804416e+04,1.549131250992804416e+04,2.971074301515532074e-09
1.705840868538261930e+02,1.548837324164649726e+04,1.548837324164649726e+04,2.982180160160736107e-09
1.706108686160393972e+02,1.548680384745526135e+04,1.548680384745526135e+04,3.017561604885312323e-09
1.706377804849262532e+02,1.548604568715243477e+04,1.548604568715243477e+04,2.987577310489971282e-09
1.706638299181248044e+02,1.548586097525020887e+04,1.548586097525020887e+04,2.965265635833249773e-09
1.706903454229357067e+02,1.548615609898987532e+04,1.548615609898987532e+04,3.016672740610124171e-09
1.707173395930346089e+02,1.548672362482478093e+04,1.548672362482478093e+04,3.000792109123167484e-09
1.707436848184784708e+02,1.548723635686191847e+04,1.548723635686191847e+04,2.946217348585499407e-09
1.707697610356546249e+02,1.548752162137459345e+04,1.548752162137459345e+04,3.014238888664606178e-09
1.707958346169791071e+02,1.548738965176460988e+04,1.548738965176460988e+04,3.007921622829364119e-09
1.708223177936791615e+02,1.548586036153518580e+04,1.548586036153518580e+04,2.937057547011184517e-09
1.708482288805565190e+02,1.547648578346841714e+04,1.547648578346841714e+04,3.013797795423847216e-09
1.708750531904085221e+02,1.545962475852247371e+04,1.545962475852247371e+04,3.016965190989215422e-09
1.709017870515875472e+02,1.545726228011274361e+04,1.545726228011274361e+04,2.952051216282575480e-09
1.709275592485534787e+02,1.545604649028718268e+04,1.545604649028718268e+04,3.010845551894849127e-09
1.709541637934514711e+02,1.545547546848206548e+04,1.545547546848206548e+04,3.024955834316318289e-09
1.709800270147119079e+02,1.545542848126244826e+04,1.545542848126244826e+04,2.962681150308382759e-09
1.710057353146146113e+02,1.545580306801588631e+04,1.545580306801588631e+04,3.012742416404095854e-09
1.710322487190026663e+02,1.545636871020563012e+04,1.545636871020563012e+04,3.031132736924599827e-09
1.710580803414513866e+02,1.545683362498937458e+04,1.545683362498937458e+04,2.972232841519394319e-09
1.710837128752799288e+02,1.545705613950408951e+04,1.545705613950408951e+04,3.016635118883820072e-09
1.711101447596911385e+02,1.545679650233344000e+04,1.545679650233344000e+04,3.037952831485692306e-09
1.711359279989699473e+02,1.545485179633743246e+04,1.545485179633743246e+04,2.980990555185490447e-09
1.711614833729132386e+02,1.544210371193494393e+04,1.544210371193494393e+04,3.022669296918523968e-09
1.711878311996933064e+02,1.542877289186414055e+04,1.542877289186414055e+04,3.045611914687817220e-09
1.712135442354059194e+02,1.542664798633558166e+04,1.542664798633558166e+04,2.989129614306976954e-09
1.712390155146649420e+02,1.542550008395507211e+04,1.542550008395507211e+04,3.031005700982793277e-09
1.712652709231903145e+02,1.542496240622319056e+04,1.542496240622319056e+04,3.054206797401265856e-09
1.712908894850465629e+02,1.542492849390944320e+04,1.542492849390944320e+04,2.996644267589740762e-09
1.713162683355772913e+02,1.542530081884812716e+04,1.542530081884812716e+04,3.041771183322521287e-09
1.713424226363538025e+02,1.542585246894183183e+04,1.542585246894183183e+04,3.063749320759418145e-09
1.713679234871280528e+02,1.542630178233302468e+04,1.542630178233302468e+04,3.003439406291525333e-09
1.713932044812537470e+02,1.542651166712998929e+04,1.542651166712998929e+04,3.054989596037807234e-09
1.714192546443344725e+02,1.542625647849101915e+04,1.542625647849101915e+04,3.074179081984762249e-09
1.714446201312842675e+02,1.542441636985531659e+04,1.542441636985531659e+04,3.009442618127792064e-09
1.714697953475385077e+02,1.541311000478333335e+04,1.541311000478333335e+04,3.070554461147525666e-09
1.714957501285504122e+02,1.539874018425490613e+04,1.539874018425490613e+04,3.085384624017950265e-09
1.715209934484581140e+02,1.539674912718051019e+04,1.539674912718051019e+04,3.014861730687633715e-09
1.715460330904577972e+02,1.539563576932351680e+04,1.539563576932351680e+04,3.088199761964720127e-09
1.715719174323846801e+02,1.539504654616199514e+04,1.539504654616199514e+04,3.097276789215392978e-09
1.715978019746133043e+02,1.539488223975309120e+04,1.539488223975309120e+04,3.026934881056424449e-09
1.716314067167378994e+02,1.539516595274308747e+04,1.539516595274308747e+04,3.059648956653540118e-09
1.716566743828911967e+02,1.539540587191726081e+04,1.539540587191726081e+04,3.122775264035073699e-09
1.716825025273094809e+02,1.539532152203345140e+04,1.539532152203345140e+04,3.101496424353457218e-09
1.717164382144663080e+02,1.539292787243595558e+04,1.539292787243595558e+04,3.081064031286386694e-09
1.717499445034652013e+02,1.537398129933078417e+04,1.537398129933078417e+04,3.059193823440822075e-09
1.717830684401437225e+02,1.536993565680366009e+04,1.536993565680366009e+04,3.108925632443377077e-09
1.718156432676621250e+02,1.536823993841577612e+04,1.536823993841577612e+04,3.148733482064487646e-09
1.718408689047007272e+02,1.536767651324463986e+04,1.536767651324463986e+04,3.164809776763196981e-09
1.718662463789925710e+02,1.536759096578365643e+04,1.536759096578365643e+04,3.096096324749713920e-09
1.718990312554863067e+02,1.536807456875217213e+04,1.536807456875217213e+04,3.130577279740174753e-09
1.719318550054867387e+02,1.536871696741356755e+04,1.536871696741356755e+04,3.174512590467457744e-09
1.719647453479704211e+02,1.536903792487231840e+04,1.536903792487231840e+04,3.205240504090962486e-09
1.719969551306724327e+02,1.536857616454898562e+04,1.536857616454898562e+04,3.222673010639110725e-09
1.720297074883393407e+02,1.536373773691299357e+04,1.536373773691299357e+04,3.225666414394634013e-09
1.720624791937710540e+02,1.534173917406592591e+04,1.534173917406592591e+04,3.216279072854437521e-09
1.720951145856766118e+02,1.533867073924949364e+04,1.533867073924949364e+04,3.194246071781035122e-09
1.721271557049946352e+02,1.533733382515651283e+04,1.533733382515651283e+04,3.196002143106310264e-09
1.721588749038877779e+02,1.533691834413131619e+04,1.533691834413131619e+04,3.252580627744704122e-09
1.721909116647399287e+02,1.533722956523984794e+04,1.533722956523984794e+04,3.291944962682856378e-09
1.722228632749243502e+02,1.533785557943815002e+04,1.533785557943815002e+04,3.316597552444176381e-09
1.722546144866257407e+02,1.533824604157300746e+04,1.533824604157300746e+04,3.325808009052992496e-09
1.722856681821606060e+02,1.533803499766220557e+04,1.533803499766220557e+04,3.315481813063471887e-09
1.723164298933268128e+02,1.533548339015338024e+04,1.533548339015338024e+04,3.284220152792030805e-09
1.723473485173827839e+02,1.531318639170127062e+04,1.531318639170127062e+04,3.315129267814390466e-09
1.723780998326096778e+02,1.530886684186894126e+04,1.530886684186894126e+04,3.373437861794944154e-09
1.724089304940830516e+02,1.530703974906357325e+04,1.530703974906357325e+04,3.412653073734107136e-09
1.724390796298105784e+02,1.530629900428070141e+04,1.530629900428070141e+04,3.431999823447382491e-09
1.724690968640317692e+02,1.530628259092842200e+04,1.530628259092842200e+04,3.428217385535071509e-09
1.724996549925098179e+02,1.530680279483595768e+04,1.530680279483595768e+04,3.408481143879622152e-09
1.725296515040265604e+02,1.530729384940760974e+04,1.530729384940760974e+04,3.410111117494701483e-09
1.725592080121877245e+02,1.530736448740034757e+04,1.530736448740034757e+04,3.482092952084664744e-09
1.725890039903601973e+02,1.530635858452165303e+04,1.530635858452165303e+04,3.530826061593368362e-09
1.726180532187923689e+02,1.529881518688835422e+04,1.529881518688835422e+04,3.556998188068464637e-09
1.726476478187487373e+02,1.527982270799932849e+04,1.527982270799932849e+04,3.560770882744219752e-09
1.726770680942627223e+02,1.527709653062765938e+04,1.527709653062765938e+04,3.543635570648428838e-09
1.727059603746043024e+02,1.527585051986141480e+04,1.527585051986141480e+04,3.540294142761075345e-09
1.727343200960398519e+02,1.527542324487425321e+04,1.527542324487425321e+04,3.622267983126962581e-09
1.727629119734918675e+02,1.527564405470585370e+04,1.527564405470585370e+04,3.677166897222101966e-09
1.727907585051955550e+02,1.527615191219675762e+04,1.527615191219675762e+04,3.705213221580852312e-09
1.728184707576808989e+02,1.527644651232366414e+04,1.527644651232366414e+04,3.702295414237451425e-09
1.728466794785680918e+02,1.527616926286788839e+04,1.527616926286788839e+04,3.677904532169594661e-09
1.728741201965858352e+02,1.527397853040592418e+04,1.527397853040592418e+04,3.726773023661343089e-09
1.729013978952224875e+02,1.525521179197997662e+04,1.525521179197997662e+04,3.805997552975895095e-09
1.729286866635774231e+02,1.524792596196603699e+04,1.524792596196603699e+04,3.855209242526335625e-09
1.729558132401929242e+02,1.524581198335318186e+04,1.524581198335318186e+04,3.874563445333676232e-09
1.729828511636375765e+02,1.524482783759615086e+04,1.524482783759615086e+04,3.865453245344661352e-09
1.730095000654496005e+02,1.524455138019244805e+04,1.524455138019244805e+04,3.844906345937322880e-09
1.730354001087626443e+02,1.524483847521623102e+04,1.524483847521623102e+04,3.951555907908010734e-09
1.730615279822238222e+02,1.524527138744198601e+04,1.524527138744198601e+04,4.022169257791980724e-09
1.730869182897068015e+02,1.524538375464453929e+04,1.524538375464453929e+04,4.056136596484420117e-09
1.731121885847157955e+02,1.524482301071143411e+04,1.524482301071143411e+04,4.049702802509317992e-09
1.731377531073142677e+02,1.524149808449153534e+04,1.524149808449153534e+04,4.016065366847696598e-09
1.731685189573559853e+02,1.521965333662366538e+04,1.521965333662366538e+04,4.071215760092754721e-09
1.731995648694352781e+02,1.521558715294265312e+04,1.521558715294265312e+04,4.120215800036709418e-09
1.732302059299378811e+02,1.521403171809101696e+04,1.521403171809101696e+04,4.172582426083631445e-09
1.732604405684043343e+02,1.521358997471473594e+04,1.521358997471473594e+04,4.228432668078099769e-09
1.732902552317724485e+02,1.521393228064316281e+04,1.521393228064316281e+04,4.288063662314172124e-09
1.733196364854500189e+02,1.521425176353941060e+04,1.521425176353941060e+04,4.351763064048369422e-09
1.733485727930841449e+02,1.521376970184181118e+04,1.521376970184181118e+04,4.419768483740162674e-09
1.733770568369670855e+02,1.521003673935567713e+04,1.521003673935567713e+04,4.492216608716741795e-09
1.734050881436577924e+02,1.518888470206265629e+04,1.518888470206265629e+04,4.569091283952416104e-09
1.734326754144547351e+02,1.518472883326331612e+04,1.518472883326331612e+04,4.650191028691790994e-09
1.734598376515330074e+02,1.518310514349965524e+04,1.518310514349965524e+04,4.735139012612572399e-09
1.734866031132197861e+02,1.518253844686593038e+04,1.518253844686593038e+04,4.823452034631308223e-09
1.735129584692049036e+02,1.518272307099064892e+04,1.518272307099064892e+04,4.915207730722836790e-09
1.735383553751255192e+02,1.518299369588792615e+04,1.518299369588792615e+04,5.015701119338752215e-09
1.735638960026846007e+02,1.518258193580780426e+04,1.518258193580780426e+04,5.113067106220608218e-09
1.735889476171447541e+02,1.518003383983983440e+04,1.518003383983983440e+04,5.213779662508193903e-09
1.736185988957716120e+02,1.515859630856445619e+04,1.515859630856445619e+04,5.271462049329745212e-09
1.736472551163047342e+02,1.515415581577518424e+04,1.515415581577518424e+04,5.312560600103028541e-09
1.736754265007374443e+02,1.515258943942456062e+04,1.515258943942456062e+04,5.486493590245663347e-09
1.737028596869143371e+02,1.515203539954444022e+04,1.515203539954444022e+04,5.671976108251788446e-09
1.737293507151948688e+02,1.515183474430840761e+04,1.515183474430840761e+04,5.839181191779810009e-09
1.737556289135373504e+02,1.515008801172043422e+04,1.515008801172043422e+04,5.999849090108373891e-09
1.737812697444075809e+02,1.513334848128042540e+04,1.513334848128042540e+04,6.145252710915419202e-09
1.738102372098680917e+02,1.512622205455706717e+04,1.512622205455706717e+04,6.217816485246814458e-09
1.738381616704225792e+02,1.512434818579039711e+04,1.512434818579039711e+04,6.434278638120475638e-09
1.738654220674214912e+02,1.512393727662575839e+04,1.512393727662575839e+04,6.737573845171479085e-09
1.738915817306913141e+02,1.512403126473139855e+04,1.512403126473139855e+04,6.924824803109756105e-09
1.739172164333937474e+02,1.512272788066951944e+04,1.512272788066951944e+04,6.994275538584582251e-09
1.739453006429224047e+02,1.510418464998821037e+04,1.510418464998821037e+04,7.476402627534301030e-09
1.739722642123162188e+02,1.509490549119711250e+04,1.509490549119711250e+04,7.684933706491843515e-09
1.739983282769250081e+02,1.509286346131194477e+04,1.509286346131194477e+04,8.065023028539897163e-09
1.740261533910369849e+02,1.509244967565559091e+04,1.509244967565559091e+04,8.410263467766260608e-09
1.740527828289810657e+02,1.509169150739447286e+04,1.509169150739447286e+04,8.974508547194943496e-09
1.740780871140549948e+02,1.508313254421048987e+04,1.508313254421048987e+04,9.182319514539878096e-09
1.741044705518902731e+02,1.506358345508445927e+04,1.506358345508445927e+04,1.000862962493430561e-08
1.741295339978494496e+02,1.506115235201888208e+04,1.506115235201888208e+04,1.071540297501730229e-08
1.741548234524569523e+02,1.506060943563580258e+04,1.506060943563580258e+04,1.142912964325429423e-08
1.741804096153488501e+02,1.505722588976722727e+04,1.505722588976722727e+04,1.239441240833164680e-08
1.742060654908782737e+02,1.503252424939306002e+04,1.503252424939306002e+04,1.372453390961861412e-08
1.742311815335603171e+02,1.502916887215528550e+04,1.502916887215528550e+04,1.523559182145351862e-08
1.742565914386535439e+02,1.502741745612375053e+04,1.502741745612375053e+04,1.729427299467405887e-08
1.742826858645113077e+02,1.500075963933320782e+04,1.500075963933320782e+04,2.040836324930726998e-08
1.743077858136842337e+02,1.499655505024781996e+04,1.499655505024781996e+04,2.521930799053403751e-08
1.743335080747497159e+02,1.496936670890349342e+04,1.496936670890349342e+04,3.295144067721376311e-08
1.743570216984915930e+02,1.496135454081697571e+04,1.496135454081697571e+04,5.263797256961447885e-08
1.743711457355884136e+02,1.493433828231592452e+04,1.493433828231592452e+04,8.343738068843552722e-08
1.743790504032943431e+02,1.491181041210677904e+04,1.491181041210677904e+04,1.349870300032873540e-07
1.743836284302445563e+02,1.490300857947888471e+04,1.490300857947888471e+04,2.141303204544560677e-07
1.743860842943032594e+02,1.489466447850214718e+04,1.489466447850214718e+04,3.446800179808111030e-07
1.743874616788943115e+02,1.487264300661909328e+04,1.487264300661909328e+04,5.529774663578276247e-07
1.743883133593421348e+02,1.486955048419315426e+04,1.486955048419315426e+04,8.939740585827913385e-07
1.743887746434311907e+02,1.486488899127469813e+04,1.486488899127469813e+04,1.426663158919994683e-06
1.743890642914361706e+02,1.484425400704714957e+04,1.484425400704714957e+04,2.354796843993799166e-06
1.743892297701499956e+02,1.483863774734839535e+04,1.483863774734839535e+04,3.802165854968938572e-06
1.743893121350715489e+02,1.483690308271330832e+04,1.483690308271330832e+04,6.180458850571677749e-06
1.743893692649599245e+02,1.483438349203628786e+04,1.483438349203628786e+04,9.876360284539903388e-06
1.743893985831791724e+02,1.482470802923492556e+04,1.482470802923492556e+04,1.607466691076184012e-05
1.743894158605561984e+02,1.481556054358838082e+04,1.481556054358838082e+04,2.594376732138703142e-05
1.743894265798909373e+02,1.480819846708069235e+04,1.480819846708069235e+04,4.238148287240654913e-05
1.743894327591544879e+02,1.480566895636640766e+04,1.480566895636640766e+04,6.738266426674372888e-05
1.743894365790130507e+02,1.480460514042645809e+04,1.480460514042645809e+04,1.082727980236846191e-04
1.743894388862021003e+02,1.480348447512197890e+04,1.480348447512197890e+04,1.746351529863064006e-04
1.743894401122704210e+02,1.479928789885988226e+04,1.479928789885988226e+04,2.797564732422653448e-04
1.743894408110599556e+02,1.479274946863426885e+04,1.479274946863426885e+04,4.471960694661268805e-04
1.743894413511059156e+02,1.478666846696763241e+04,1.478666846696763241e+04,7.200081159662067524e-04
1.743894415804040818e+02,1.478351253400835412e+04,1.478351253400835412e+04,1.030917247281097409e-03
1.743894416043567333e+02,1.478314249421145905e+04,1.478314249421145905e+04,1.061127644991211949e-03
1.743894416286078695e+02,1.478275109207382957e+04,1.478275109207382957e+04,1.094863094305795767e-03
1.743894416506764742e+02,1.478237701544915217e+04,1.478237701544915217e+04,1.131024572506739070e-03
1.743894416715996840e+02,1.478200486313512556e+04,1.478200486313512556e+04,1.172702212045525095e-03
1.743894416922887842e+02,1.478161991028652665e+04,1.478161991028652665e+04,1.223176965810278839e-03
1.743894417130285035e+02,1.478121807194507164e+04,1.478121807194507164e+04,1.284563952483767490e-03
1.743894417338988205e+02,1.478079923956289167e+04,1.478079923956289167e+04,1.381931089014649039e-03
1.743894417555615064e+02,1.478035108580964334e+04,1.478035108580964334e+04,1.498505649823584284e-03
1.743894417734805131e+02,1.477997141231030037e+04,1.477997141231030037e+04,1.604709128949857256e-03
1.743894417915358304e+02,1.477958181788462571e+04,1.477958181788462571e+04,1.718514708088200683e-03
1.743894418079041770e+02,1.477922355905930272e+04,1.477922355905930272e+04,1.824657785357821889e-03
1.743894418375668067e+02,1.477856570467853635e+04,1.477856570467853635e+04,2.012489852231907558e-03
1.743894418653538878e+02,1.477794461052177758e+04,1.477794461052177758e+04,2.172457553839476051e-03
1.743894418877325450e+02,1.477744208941618308e+04,1.477744208941618308e+04,2.303149462007705959e-03
1.743894419084630840e+02,1.477696979482417555e+04,1.477696979482417555e+04,2.462700752431786540e-03
1.743894419278734631e+02,1.477651385770075831e+04,1.477651385770075831e+04,2.687907224635986258e-03
1.743894419474281108e+02,1.477603456075840222e+04,1.477603456075840222e+04,3.091852836159064699e-03
1.743894419645586709e+02,1.477559555549811375e+04,1.477559555549811375e+04,3.572843280897955529e-03
1.743894419868267391e+02,1.477499639502322680e+04,1.477499639502322680e+04,4.276533101817409435e-03
1.743894420059101265e+02,1.477444814153099105e+04,1.477444814153099105e+04,4.829141467220311387e-03
1.743894420254609088e+02,1.477380523304225062e+04,1.477380523304225062e+04,5.468954576950891405e-03
1.743894420428525223e+02,1.477318089144536316e+04,1.477318089144536316e+04,6.828324994239958791e-03
1.743894420610976965e+02,1.477260509375432594e+04,1.477260509375432594e+04,9.654893208928797335e-03
1.743894420786901946e+02,1.476939589866269125e+04,1.476939589866269125e+04,1.239570784811245933e-02
1.743894420930066929e+02,1.476446205358495718e+04,1.476446205358495718e+04,2.033889837995902714e-02
1.743894421057048021e+02,1.475849811839870563e+04,1.475849811839870563e+04,3.234775427169515188e-02
1.743894421107370647e+02,1.475511607999531043e+04,1.475511607999531043e+04,5.154186901025296225e-02
1.743894421163648474e+02,1.475042988921899450e+04,1.475042988921899450e+04,8.293236166198740544e-02
1.743894421199325109e+02,1.474654083133700078e+04,1.474654083133700078e+04,1.338385091460884413e-01
1.743894421218170407e+02,1.474391169259545677e+04,1.474391169259545677e+04,2.136409496119562323e-01
1.743894421245628337e+02,1.473489083697526621e+04,1.473489083697526621e+04,3.436967813013990236e-01
1.743894421263255765e+02,1.472492147980890513e+04,1.472492147980890513e+04,5.477882069684553157e-01
1.743894421293913979e+02,1.470389543771914032e+04,1.470389543771914032e+04,8.732501559515439826e-01
1.743894421333429250e+02,1.465844831839687686e+04,1.465844831839687686e+04,1.388791979066603899e+00
1.743894421379317237e+02,1.463192227601414925e+04,1.463192227601414925e+04,2.207401316480846809e+00
1.743894421511413100e+02,1.441457327274748786e+04,1.441457327274748786e+04,3.499873377354947301e+00
1.743894421669878909e+02,1.402854041970251455e+04,1.402854041970251455e+04,5.177639973645329796e+00
1.743894421712277563e+02,1.382047678701099539e+04,1.382047678701099539e+04,8.218762950609148632e+00
1.743894421870747067e+02,1.306768418415472661e+04,1.306768418415472661e+04,8.717689308474128040e+00
1.743894422029211171e+02,1.232948709855218294e+04,1.232948709855218294e+04,8.096706471299661700e+00
1.743894422187721602e+02,1.160577647847519438e+04,1.160577647847519438e+04,7.842098895432070726e+00
1.743894422346214697e+02,1.088015102079608369e+04,1.088015102079608369e+04,7.509492838679463489e+00
1.743894422504693864e+02,1.014857227590374168e+04,1.014857227590374168e+04,7.224950289417616744e+00
1.743894422663205432e+02,9.395188613798172810e+03,9.395188613798172810e+03,6.977736330041932611e+00
1.743894422821692558e+02,8.616698392939857513e+03,8.616698392939857513e+03,6.708394332760999390e+00
1.743894422980137904e+02,7.794868310818174905e+03,7.794868310818174905e+03,6.382965423757442025e+00
1.743894423138592060e+02,2.583611960026043107e+03,6.914333814156039807e+03,6.184213133437623355e+00
1.743894423297067533e+02,5.926235596007618369e+03,5.926235596007618369e+03,5.840205985332834082e+00
1.743894423455523679e+02,4.660054924464920987e+03,4.660054924464920987e+03,5.756496568852910833e+00
1.743894423506275473e+02,nan,nan,9.146736594328535475e+00
1.743894423516490519e+02,nan,nan,5.717400440362588654e+00
1.743894423539709919e+02,nan,nan,3.596886806782831680e+00
1.743894423596793217e+02,nan,nan,2.267314631282026482e+00
1.743894423739776016e+02,nan,nan,1.429940142486855859e+00
1.743894423898239552e+02,nan,nan,1.121789647407407386e+00
1.743894424056908292e+02,nan,nan,9.692096115602397699e-01
1.743894424215492052e+02,nan,nan,8.656684936369970496e-01
1.743894424373998220e+02,nan,nan,7.969220570631730949e-01
1.743894424532508935e+02,nan,nan,7.383122220915906420e-01
1.743894424690952860e+02,nan,nan,6.759107992214787863e-01
1.743894424849504503e+02,nan,nan,6.113185852456841651e-01
1.743894425008527662e+02,nan,nan,5.473524162964645834e-01
1.743894425167282520e+02,nan,nan,4.829210249632345242e-01
1.743894425326220130e+02,nan,nan,4.224153844714605421e-01
1.743894425484765236e+02,nan,nan,3.681928435180632508e-01
1.743894425643746615e+02,nan,nan,3.116398225485958462e-01
1.743894425802341743e+02,nan,nan,2.637804041509819175e-01
1.743894425961113370e+02,nan,nan,2.205610771298898709e-01
1.743894426120229753e+02,nan,nan,1.845957307662270674e-01
1.743894426280940877e+02,nan,nan,1.593796554176271640e-01
1.743894426439509289e+02,nan,nan,1.384839109368699028e-01
1.743894426599742360e+02,nan,nan,1.225684761619410673e-01
1.743894426758193106e+02,nan,nan,1.090030230002834583e-01
1.743894426918141107e+02,nan,nan,9.743390974531322690e-02
1.743894427079430614e+02,nan,nan,8.802964062651789934e-02
1.743894427238693083e+02,nan,nan,8.014442319383724422e-02
1.743894427397990512e+02,nan,nan,7.417679954483075155e-02
1.743894427559122846e+02,nan,nan,6.881410927450683224e-02
1.743894427720761371e+02,nan,nan,6.369591015980501092e-02
1.743894427880673561e+02,nan,nan,5.912817120621214478e-02
1.743894428041767242e+02,nan,nan,5.500990550007062163e-02
1.743894428200378002e+02,nan,nan,5.211722001105528745e-02
1.743894428368394642e+02,nan,nan,4.921585472498480468e-02
1.743894428533705252e+02,nan,nan,4.665192552537071602e-02
1.743894428692654230e+02,nan,nan,4.436770230966635697e-02
1.743894428851706664e+02,nan,nan,4.204102130060589915e-02
1.743894429011802742e+02,nan,nan,4.030566481682765906e-02
1.743894429179213716e+02,nan,nan,3.822541971597286786e-02
1.743894429339045473e+02,nan,nan,3.672772066265540120e-02
1.743894429502192338e+02,nan,nan,3.521722647670328527e-02
1.743894429664899235e+02,nan,nan,3.365919652588197225e-02
1.743894429826702037e+02,nan,nan,3.230597698423723352e-02
1.743894429989786659e+02,nan,nan,3.135843107792531809e-02
1.743894430149726134e+02,nan,nan,3.025141434471990617e-02
1.743894430320668505e+02,nan,nan,2.910449780183426566e-02
1.743894430489544050e+02,nan,nan,2.806374340433047745e-02
1.743894430662787443e+02,nan,nan,2.701887660065102267e-02
1.743894430825389179e+02,nan,nan,2.615637920945803815e-02
1.743894430993233016e+02,nan,nan,2.531549256210040288e-02
1.743894431154059532e+02,nan,nan,2.463922199686412184e-02
1.743894431315160602e+02,nan,nan,2.398777941020857965e-02
1.743894431480034939e+02,nan,nan,2.333443987343994386e-02
1.743894431651079628e+02,nan,nan,2.268510078234417179e-02
1.743894431815036228e+02,nan,nan,2.211237927017705926e-02
1.743894431985969220e+02,nan,nan,2.153343687668731257e-02
1.743894432148932196e+02,nan,nan,2.090869994243995875e-02
1.743894432312464176e+02,nan,nan,2.016629197784786109e-02
1.743894432492866144e+02,nan,nan,1.982555490016955912e-02
1.743894432670475965e+02,nan,nan,1.938569132136376896e-02
1.743894432840393449e+02,nan,nan,1.896874063475634253e-02
1.743894433010459579e+02,nan,nan,1.848853219267565864e-02
1.743894433177504766e+02,nan,nan,1.792170702672324367e-02
1.743894433352239162e+02,nan,nan,1.766836377810346304e-02
1.743894433522156078e+02,nan,nan,1.733340397189015586e-02
1.743894433689616790e+02,nan,nan,1.680704595542194257e-02
1.743894433862669757e+02,nan,nan,1.654772691533124354e-02
1.743894434033752532e+02,nan,nan,1.626873846269740603e-02
1.743894434194181429e+02,nan,nan,1.580452715575466488e-02
1.743894434377133962e+02,nan,nan,1.557469052341843747e-02
1.743894434540424641e+02,nan,nan,1.534947013524360152e-02
1.743894434707301286e+02,nan,nan,1.480543787833009904e-02
1.743894434868958569e+02,nan,nan,1.477696704205179457e-02
1.743894435039225925e+02,nan,nan,1.447420084335504856e-02
1.743894435224673316e+02,nan,nan,1.417702805921180337e-02
1.743894435399863596e+02,nan,nan,1.399393523417950987e-02
1.743894435558657108e+02,nan,nan,1.358833056798865700e-02
1.743894435733317891e+02,nan,nan,1.351637066797455045e-02
1.743894435901189865e+02,nan,nan,1.317588158450293083e-02
1.743894436088167197e+02,nan,nan,1.303832682284367626e-02
1.743894436251771083e+02,nan,nan,1.283015408754781782e-02
1.743894436427787582e+02,nan,nan,1.261740790383399785e-02
1.743894436588128372e+02,nan,nan,1.245368493918407905e-02
1.743894436778130625e+02,nan,nan,1.220319127821344225e-02
1.743894436959267580e+02,nan,nan,1.206799310449430292e-02
1.743894437136975739e+02,nan,nan,1.179603259944939260e-02
1.743894437316819221e+02,nan,nan,1.169874930601570023e-02
1.743894437506622239e+02,nan,nan,1.138670314183341629e-02
1.743894437689275492e+02,nan,nan,1.133405822213490004e-02
1.743894437854884814e+02,nan,nan,1.108608542742592525e-02
1.743894438019782172e+02,nan,nan,1.103464806174564786e-02
1.743894438213370393e+02,nan,nan,1.078730694577378219e-02
1.743894438383808279e+02,nan,nan,1.071764041584466996e-02
1.743894438583048156e+02,nan,nan,1.049097362967597001e-02
1.743894438761801382e+02,nan,nan,1.040711632305497784e-02
1.743894438961224580e+02,nan,nan,1.020383684704249082e-02
1.743894439122265680e+02,nan,nan,1.010589157057922849e-02
1.743894439307175901e+02,nan,nan,9.969813963581273045e-03
1.743894439491030255e+02,nan,nan,9.790532879653547280e-03
1.743894439670326904e+02,nan,nan,9.723815620922244413e-03
1.743894439830179692e+02,nan,nan,9.508694448019093873e-03
1.743894440015864120e+02,nan,nan,9.505427980251453246e-03
1.743894440208646870e+02,nan,nan,9.323449529920313505e-03
1.743894440380269373e+02,nan,nan,9.250736813733371339e-03
1.743894440543336373e+02,nan,nan,9.151354279216823706e-03
1.743894440712083167e+02,nan,nan,8.910832510263845541e-03
1.743894440876498777e+02,nan,nan,8.969871561826206138e-03
1.743894441071421966e+02,nan,nan,8.815950036681204430e-03
1.743894441261292059e+02,nan,nan,8.720934993432388066e-03
1.743894441430571760e+02,nan,nan,8.641891475873793999e-03
1.743894441609168382e+02,nan,nan,8.442097993005524131e-03
1.743894441783348839e+02,nan,nan,8.465974119148721513e-03
1.743894441980644388e+02,nan,nan,8.335312937594279228e-03
1.743894442152439126e+02,nan,nan,8.197613653656088753e-03
1.743894442326068202e+02,nan,nan,8.190186893303750756e-03
1.743894442511808904e+02,nan,nan,8.054542222695620229e-03
1.743894442674993286e+02,nan,nan,7.982203420051162471e-03
1.743894442855711873e+02,nan,nan,7.933609566922572576e-03
1.743894443051614473e+02,nan,nan,7.773457094971317378e-03
1.743894443211474083e+02,nan,nan,7.762438496634393309e-03
1.743894443404481933e+02,nan,nan,7.683247122051923075e-03
1.743894443604209243e+02,nan,nan,7.483697308186703680e-03
1.743894443763381048e+02,nan,nan,7.540474450884155667e-03
1.743894443924039024e+02,nan,nan,7.466809942418098020e-03
1.743894444083691155e+02,nan,nan,7.350801327285326134e-03
1.743894444256372083e+02,nan,nan,7.324258479612586782e-03
1.743894444458606756e+02,nan,nan,7.256502907391536653e-03
1.743894444622344793e+02,nan,nan,7.146639447117813897e-03
1.743894444801420036e+02,nan,nan,7.115240828806838370e-03
1.743894444962213583e+02,nan,nan,7.075519718293244928e-03
1.743894445120681098e+02,nan,nan,6.992352567834034423e-03
1.743894445320501347e+02,nan,nan,6.898069919613175269e-03
1.743894445483817606e+02,nan,nan,6.895338532009171080e-03
1.743894445689461179e+02,nan,nan,6.795883217513960795e-03
1.743894445849946919e+02,nan,nan,6.672541553066523717e-03
1.743894446021921283e+02,nan,nan,6.714129003041389293e-03
1.743894446213271863e+02,nan,nan,6.635207799362189893e-03
1.743894446387800485e+02,nan,nan,6.503749472811266343e-03
1.743894446570751029e+02,nan,nan,6.530316957629466595e-03
1.743894446751975238e+02,nan,nan,6.474674295111866075e-03
1.743894446934239397e+02,nan,nan,6.382015458825374826e-03
1.743894447134013603e+02,nan,nan,6.340574581707685356e-03
1.743894447313033425e+02,nan,nan,6.314421948081891389e-03
1.743894447484250065e+02,nan,nan,6.244108618467732706e-03
1.743894447658712181e+02,nan,nan,6.112115391042585028e-03
1.743894447848204265e+02,nan,nan,6.164564713467598350e-03
1.743894448051738095e+02,nan,nan,6.096413477756948765e-03
1.743894448244733439e+02,nan,nan,5.982774123189704696e-03
1.743894448446586694e+02,nan,nan,5.994511588280716785e-03
1.743894448642156192e+02,nan,nan,5.947504964166019752e-03
1.743894448847425735e+02,nan,nan,5.859677019264121316e-03
1.743894449014655379e+02,nan,nan,5.805149181491844022e-03
1.743894449208938227e+02,nan,nan,5.813297091658733810e-03
1.743894449376992952e+02,nan,nan,5.758237613823696983e-03
1.743894449579722732e+02,nan,nan,5.648330627915846940e-03
1.743894449742771826e+02,nan,nan,5.658399555471048219e-03
1.743894449943287555e+02,nan,nan,5.636358658604670967e-03
1.743894450134774274e+02,nan,nan,5.573153737609226263e-03
1.743894450329075880e+02,nan,nan,5.455974419067815759e-03
1.743894450490632551e+02,nan,nan,5.506167557144395902e-03
1.743894450704357553e+02,nan,nan,5.461792803825999722e-03
1.743894450919195549e+02,nan,nan,5.383602755602468100e-03
1.743894451101454308e+02,nan,nan,5.332424133487878408e-03
1.743894451260190692e+02,nan,nan,5.350308973635882655e-03
1.743894451428478760e+02,nan,nan,5.309756258501466437e-03
1.743894451649225061e+02,nan,nan,5.233226370427067169e-03
1.743894451836182498e+02,nan,nan,5.184796487989626335e-03
1.743894451999327657e+02,nan,nan,5.201802450392618328e-03
1.743894452172728222e+02,nan,nan,5.162096270234265219e-03
1.743894452399544832e+02,nan,nan,5.086989731263607054e-03
1.743894452591124491e+02,nan,nan,5.041783023712648366e-03
1.743894452758750049e+02,nan,nan,5.057695595027936718e-03
1.743894452937529138e+02,nan,nan,5.018710162794799354e-03
1.743894453170603640e+02,nan,nan,4.944802400672135105e-03
1.743894453366744415e+02,nan,nan,4.903203751168810388e-03
1.743894453538930804e+02,nan,nan,4.917851744530726127e-03
1.743894453723365245e+02,nan,nan,4.879482281137176129e-03
1.743894453962912792e+02,nan,nan,4.806543977101121294e-03
1.743894454170227846e+02,nan,nan,4.770741981362387404e-03
1.743894454346637701e+02,nan,nan,4.781411958521781212e-03
1.743894454538534262e+02,nan,nan,4.742486331306213117e-03
1.743894454704521308e+02,nan,nan,4.700202633568174165e-03
1.743894454929558435e+02,nan,nan,4.621704572922832356e-03
1.743894455116240749e+02,nan,nan,4.653765501718099169e-03
1.743894455303529298e+02,nan,nan,4.625429660817667425e-03
1.743894455550084786e+02,nan,nan,4.566005711703650591e-03
1.743894455776157884e+02,nan,nan,4.498892906021713378e-03
1.743894455966616022e+02,nan,nan,4.525860363237911577e-03
1.743894456160884658e+02,nan,nan,4.496246004379637028e-03
1.743894456322103110e+02,nan,nan,4.461962622411531909e-03
1.743894456501164996e+02,nan,nan,4.399823168618809642e-03
1.743894456714522789e+02,nan,nan,4.395487333991423932e-03
1.743894456905156574e+02,nan,nan,4.395042747449557155e-03
1.743894457123285520e+02,nan,nan,4.354711273887104661e-03
1.743894457318455977e+02,nan,nan,4.305377052246430261e-03
1.743894457545069372e+02,nan,nan,4.264996509924110814e-03
1.743894457743240309e+02,nan,nan,4.280379170361119263e-03
1.743894457954347104e+02,nan,nan,4.247652739441303525e-03
1.743894458134325873e+02,nan,nan,4.211613365324408213e-03
1.743894458309511890e+02,nan,nan,4.145208232825868012e-03
1.743894458534980743e+02,nan,nan,4.163151028902464107e-03
1.743894458736976105e+02,nan,nan,4.154326540176478920e-03
1.743894458979444835e+02,nan,nan,4.112272150269363075e-03
1.743894459172437053e+02,nan,nan,4.061429855964902337e-03
1.743894459335792533e+02,nan,nan,4.025469111518307011e-03
1.743894459549198643e+02,nan,nan,4.052670519630139669e-03
1.743894459765358818e+02,nan,nan,4.027157137667072145e-03
1.743894459944075663e+02,nan,nan,3.996502017211129958e-03
1.743894460142974765e+02,nan,nan,3.941344063774685456e-03
1.743894460306223948e+02,nan,nan,3.921522011357600826e-03
1.743894460523290775e+02,nan,nan,3.942313978043262938e-03
1.743894460748692268e+02,nan,nan,3.914825961730174914e-03
1.743894460937777922e+02,nan,nan,3.883391815250397932e-03
1.743894461144420518e+02,nan,nan,3.821245693116854733e-03
1.743894461307069434e+02,nan,nan,3.820947080080575303e-03
1.743894461527972908e+02,nan,nan,3.834609309763272866e-03
1.743894461764546975e+02,nan,nan,3.804894317174235732e-03
1.743894461967052507e+02,nan,nan,3.771526561993759560e-03
1.743894462158985448e+02,nan,nan,3.709823177719262597e-03
1.743894462331556099e+02,nan,nan,3.721933349259471790e-03
1.743894462557217651e+02,nan,nan,3.729816604722036282e-03
1.743894462715886959e+02,nan,nan,3.711300838510147443e-03
1.743894462907325362e+02,nan,nan,3.683457230773989552e-03
1.743894463122090031e+02,nan,nan,3.634710973007390569e-03
1.743894463301050166e+02,nan,nan,3.610472898218709033e-03
1.743894463461240321e+02,nan,nan,3.631954335278553790e-03
1.743894463694725232e+02,nan,nan,3.619206320785123103e-03
1.743894463876433178e+02,nan,nan,3.595066864551265708e-03
1.743894464109311855e+02,nan,nan,3.554707919863195429e-03
1.743894464295160844e+02,nan,nan,3.498710015879874166e-03
1.743894464466856959e+02,nan,nan,3.530956800140751424e-03
1.743894464704366953e+02,nan,nan,3.527956053391076777e-03
1.743894464880035287e+02,nan,nan,3.507127562845830347e-03
1.743894465098077262e+02,nan,nan,3.476539135633755374e-03
1.743894465307079429e+02,nan,nan,3.419836842935286558e-03
1.743894465494565793e+02,nan,nan,3.429860152876453971e-03
1.743894465658648301e+02,nan,nan,3.440868934099828441e-03
1.743894465822831705e+02,nan,nan,3.430837957965166777e-03
1.743894466008906647e+02,nan,nan,3.409129214068534926e-03
1.743894466243814065e+02,nan,nan,3.375464714301814207e-03
1.743894466447739546e+02,nan,nan,3.312639373393006653e-03
1.743894466633872469e+02,nan,nan,3.341945478510754269e-03
1.743894466800948635e+02,nan,nan,3.348580481821909934e-03
1.743894466971802899e+02,nan,nan,3.336264073352760307e-03
1.743894467169759821e+02,nan,nan,3.313786282224949996e-03
1.743894467424362915e+02,nan,nan,3.274998577495824049e-03
1.743894467623746323e+02,nan,nan,3.227395436953606634e-03
1.743894467808553657e+02,nan,nan,3.256192266181573945e-03
1.743894467979233411e+02,nan,nan,3.258203347449019523e-03
1.743894468158327982e+02,nan,nan,3.243567197358252288e-03
1.743894468371590847e+02,nan,nan,3.220012249010952444e-03
1.743894468616204563e+02,nan,nan,3.180384830515828928e-03
1.743894468825187403e+02,nan,nan,3.149374514891589358e-03
1.743894469010462274e+02,nan,nan,3.171687103986370153e-03
1.743894469185724176e+02,nan,nan,3.169999612629469891e-03
1.743894469373981053e+02,nan,nan,3.153706646783744662e-03
1.743894469602321351e+02,nan,nan,3.129104844731320223e-03
1.743894469854533611e+02,nan,nan,3.083297929297566450e-03
1.743894470060038202e+02,nan,nan,3.072633223805243830e-03
1.743894470246175956e+02,nan,nan,3.088879086908969274e-03
1.743894470427030114e+02,nan,nan,3.083713707744335005e-03
1.743894470626248392e+02,nan,nan,3.065990540258761981e-03
1.743894470872232887e+02,nan,nan,3.039579981883386815e-03
1.743894471113319753e+02,nan,nan,2.990409653224225008e-03
1.743894471328538316e+02,nan,nan,2.996973815603030424e-03
1.743894471516434521e+02,nan,nan,3.007627664231227009e-03
1.743894471704150249e+02,nan,nan,2.999298680408919379e-03
1.743894471916588600e+02,nan,nan,2.980356198433604161e-03
1.743894472184746860e+02,nan,nan,2.950389871437804172e-03
1.743894472416560575e+02,nan,nan,2.894369440293522062e-03
1.743894472628479662e+02,nan,nan,2.922056712199202523e-03
1.743894472819380610e+02,nan,nan,2.927901930075340643e-03
1.743894473015273547e+02,nan,nan,2.916980604464646746e-03
1.743894473243083780e+02,nan,nan,2.897008900148216777e-03
1.743894473518128336e+02,nan,nan,2.864254861930551344e-03
1.743894473745993423e+02,nan,nan,2.821794593466252134e-03
1.743894473957029732e+02,nan,nan,2.847864156203422023e-03
1.743894474152162104e+02,nan,nan,2.849925911745415825e-03
1.743894474357194042e+02,nan,nan,2.837139145218475506e-03
1.743894474601744378e+02,nan,nan,2.816234875769059193e-03
1.743894474879976713e+02,nan,nan,2.780264600789022870e-03
1.743894475116337333e+02,nan,nan,2.756024365118802961e-03
1.743894475326903830e+02,nan,nan,2.775252642260104662e-03
1.743894475527361010e+02,nan,nan,2.773366083625114411e-03
1.743894475743992132e+02,nan,nan,2.758745941425459237e-03
1.743894476007869514e+02,nan,nan,2.736439137089086843e-03
1.743894476170094663e+02,nan,nan,2.717000768529245248e-03
1.743894476411191476e+02,nan,nan,2.674479393792518131e-03
1.743894476634384887e+02,nan,nan,2.700228523450668057e-03
1.743894476840224570e+02,nan,nan,2.702723248985226291e-03
1.743894477056002756e+02,nan,nan,2.690844643787124266e-03
1.743894477312729805e+02,nan,nan,2.671084060039098911e-03
1.743894477605628595e+02,nan,nan,2.637082115234357007e-03
1.743894477855107823e+02,nan,nan,2.613291583057925950e-03
1.743894478077238261e+02,nan,nan,2.631989514006072891e-03
1.743894478288599714e+02,nan,nan,2.630406102775473091e-03
1.743894478516927222e+02,nan,nan,2.616592671098970715e-03
1.743894478795008922e+02,nan,nan,2.595326557612319396e-03
1.743894478965992789e+02,nan,nan,2.576675604488191766e-03
1.743894479219509321e+02,nan,nan,2.536799687403164076e-03
1.743894479454376949e+02,nan,nan,2.561292678142035317e-03
1.743894479671353679e+02,nan,nan,2.563617587292385969e-03
1.743894479899188070e+02,nan,nan,2.552268427287420621e-03
1.743894480170772567e+02,nan,nan,2.533341915758630537e-03
1.743894480332614592e+02,nan,nan,2.519303011938895699e-03
1.743894480609042716e+02,nan,nan,2.473638916945374456e-03
1.743894480860292902e+02,nan,nan,2.491270956959033573e-03
1.743894481084644497e+02,nan,nan,2.497995353020607354e-03
1.743894481313194547e+02,nan,nan,2.489538574902674418e-03
1.743894481577038960e+02,nan,nan,2.472737025822326941e-03
1.743894481916149743e+02,nan,nan,2.442560090981693837e-03
1.743894482193901752e+02,nan,nan,2.410200801768522163e-03
1.743894482438120690e+02,nan,nan,2.431086487343772379e-03
1.743894482666651413e+02,nan,nan,2.431750497181875414e-03
1.743894482909791463e+02,nan,nan,2.420061413719255296e-03
1.743894483203059451e+02,nan,nan,2.401227981181806512e-03
1.743894483379624205e+02,nan,nan,2.386139120151109343e-03
1.743894483661612185e+02,nan,nan,2.339136303874943777e-03
1.743894483920528558e+02,nan,nan,2.365690421523038416e-03
1.743894484155882196e+02,nan,nan,2.370064558076547933e-03
1.743894484399452267e+02,nan,nan,2.360781855736748553e-03
1.743894484685316399e+02,nan,nan,2.343988622738700858e-03
1.743894484855069891e+02,nan,nan,2.332042585639154675e-03
1.743894485019099250e+02,nan,nan,2.315469767194504227e-03
1.743894485307727962e+02,nan,nan,2.289033576454750901e-03
1.743894485562904890e+02,nan,nan,2.307648761708520294e-03
1.743894485803780867e+02,nan,nan,2.307458712147512480e-03
1.743894486062135627e+02,nan,nan,2.295862554700629690e-03
1.743894486375386634e+02,nan,nan,2.277391033254048090e-03
1.743894486566163664e+02,nan,nan,2.261654245247476068e-03
1.743894486857144273e+02,nan,nan,2.223183015221245375e-03
1.743894487126063950e+02,nan,nan,2.246380010465694795e-03
1.743894487373530353e+02,nan,nan,2.249271454786597874e-03
1.743894487632517496e+02,nan,nan,2.239673029876989088e-03
1.743894487940169711e+02,nan,nan,2.223072584856262794e-03
1.743894488123449662e+02,nan,nan,2.210676704509723089e-03
1.743894488289880371e+02,nan,nan,2.193909327681045456e-03
1.743894488587170883e+02,nan,nan,2.175396014886795369e-03
1.743894488852855886e+02,nan,nan,2.191214783872068306e-03
1.743894489106967569e+02,nan,nan,2.189811737623490340e-03
1.743894489382870177e+02,nan,nan,2.178093805108929915e-03
1.743894489541463315e+02,nan,nan,2.169939899580929348e-03
1.743894489720214835e+02,nan,nan,2.159584639343662196e-03
1.743894489905317755e+02,nan,nan,2.144733374796503091e-03
1.743894490223180185e+02,nan,nan,2.114496598691961889e-03
1.743894490501749885e+02,nan,nan,2.133872545729024236e-03
1.743894490762114913e+02,nan,nan,2.134921543126935047e-03
1.743894491038911383e+02,nan,nan,2.124797592330095446e-03
1.743894491372697928e+02,nan,nan,2.108073861763541841e-03
1.743894491573720984e+02,nan,nan,2.094439636931399139e-03
1.743894491741279182e+02,nan,nan,2.076716467141036509e-03
1.743894492044958895e+02,nan,nan,2.068921011984431717e-03
1.743894492320596612e+02,nan,nan,2.081276472780866933e-03
1.743894492589402603e+02,nan,nan,2.078210795643334677e-03
1.743894492886696526e+02,nan,nan,2.066117126917409001e-03
1.743894493060234936e+02,nan,nan,2.057843701919617220e-03
1.743894493255441773e+02,nan,nan,2.046736211256383001e-03
1.743894493437490780e+02,nan,nan,2.031545625630364407e-03
1.743894493598596682e+02,nan,nan,2.010255637801828133e-03
1.743894493761216040e+02,nan,nan,2.011656105435919665e-03
1.743894494049428374e+02,nan,nan,2.027394564963742093e-03
1.743894494323901370e+02,nan,nan,2.026686344327963477e-03
1.743894494620755324e+02,nan,nan,2.016088753315316024e-03
1.743894494790869203e+02,nan,nan,2.008585897228269777e-03
1.743894494982803849e+02,nan,nan,1.999051049659039854e-03
1.743894495183999709e+02,nan,nan,1.985281205405390378e-03
1.743894495354986702e+02,nan,nan,1.966776840402209136e-03
1.743894495527995900e+02,nan,nan,1.956305105406565183e-03
1.743894495829200935e+02,nan,nan,1.974827079119793362e-03
1.743894496110537489e+02,nan,nan,1.976063052736382226e-03
1.743894496409496639e+02,nan,nan,1.966771708339589211e-03
1.743894496578452333e+02,nan,nan,1.959828418898453516e-03
1.743894496769966906e+02,nan,nan,1.951183244721766069e-03
1.743894496987107630e+02,nan,nan,1.938339602692664733e-03
1.743894497167225381e+02,nan,nan,1.921686634538286855e-03
1.743894497330064155e+02,nan,nan,1.901413067591964162e-03
1.743894497494096072e+02,nan,nan,1.915265724674324868e-03
1.743894497791343952e+02,nan,nan,1.926715309399265608e-03
1.743894498081981226e+02,nan,nan,1.923798104859350587e-03
1.743894498404258115e+02,nan,nan,1.912485431121100851e-03
1.743894498592815410e+02,nan,nan,1.904681758304422592e-03
1.743894498804999103e+02,nan,nan,1.894013505864483495e-03
1.743894498999030418e+02,nan,nan,1.879528642798838998e-03
1.743894499171500456e+02,nan,nan,1.859170194090032507e-03
1.743894499345513225e+02,nan,nan,1.863146585479806766e-03
1.743894499504689293e+02,nan,nan,1.872604786602657077e-03
1.743894499802889300e+02,nan,nan,1.878329629906948847e-03
1.743894500107514602e+02,nan,nan,1.872108748975301849e-03
1.743894500274639086e+02,nan,nan,1.866289069899589514e-03
1.743894500460309587e+02,nan,nan,1.859176708984043493e-03
1.743894500669635477e+02,nan,nan,1.849962374216941423e-03
1.743894500881061447e+02,nan,nan,1.836871231075137443e-03
1.743894501063414282e+02,nan,nan,1.819006031929907468e-03
1.743894501247758910e+02,nan,nan,1.812605507626529689e-03
1.743894501414494584e+02,nan,nan,1.823375580372737842e-03
1.743894501722472796e+02,nan,nan,1.831037157441965917e-03
1.743894502031896536e+02,nan,nan,1.826216567557101440e-03
1.743894502199609633e+02,nan,nan,1.820898294047194410e-03
1.743894502384248426e+02,nan,nan,1.814305212331183016e-03
1.743894502593190907e+02,nan,nan,1.805977803683406560e-03
1.743894502832629883e+02,nan,nan,1.792982968657547225e-03
1.743894503022813467e+02,nan,nan,1.776552381029322279e-03
1.743894503195993479e+02,nan,nan,1.763237788749348351e-03
1.743894503370327413e+02,nan,nan,1.775290487842093876e-03
1.743894503532708313e+02,nan,nan,1.782075879679394584e-03
1.743894503844519477e+02,nan,nan,1.784379513423904303e-03
1.743894504004075259e+02,nan,nan,1.781397154941301861e-03
1.743894504172885433e+02,nan,nan,1.776578252575624272e-03
1.743894504357191124e+02,nan,nan,1.770448323677524223e-03
1.743894504565765544e+02,nan,nan,1.762814796775616540e-03
1.743894504800828997e+02,nan,nan,1.751830833690845102e-03
1.743894505003278539e+02,nan,nan,1.737307533293728839e-03
1.743894505185319019e+02,nan,nan,1.716775077587169140e-03
1.743894505368782859e+02,nan,nan,1.728085187001579667e-03
1.743894505538017370e+02,nan,nan,1.735985088608451091e-03
1.743894505699446711e+02,nan,nan,1.739676496883634394e-03
1.743894505858679906e+02,nan,nan,1.740024057357546184e-03
1.743894506020749873e+02,nan,nan,1.737718918463220701e-03
1.743894506190839024e+02,nan,nan,1.733439460957620195e-03
1.743894506374967079e+02,nan,nan,1.727771188556392196e-03
1.743894506581208645e+02,nan,nan,1.720796094084978221e-03
1.743894506813439307e+02,nan,nan,1.711330192511802345e-03
1.743894507029750685e+02,nan,nan,1.698373291422006735e-03
1.743894507221447725e+02,nan,nan,1.680231996553032065e-03
1.743894507414913733e+02,nan,nan,1.681952686917677917e-03
1.743894507591595016e+02,nan,nan,1.690959340151407383e-03
1.743894507758600412e+02,nan,nan,1.695552646995761780e-03
1.743894507921997672e+02,nan,nan,1.696682891784032391e-03
1.743894508087012696e+02,nan,nan,1.695046299923720157e-03
1.743894508258863141e+02,nan,nan,1.691308002350077689e-03
1.743894508443424627e+02,nan,nan,1.686084082775846961e-03
1.743894508648266140e+02,nan,nan,1.679640300818615066e-03
1.743894508879366185e+02,nan,nan,1.671230765942665741e-03
1.743894509112457456e+02,nan,nan,1.659273535792085566e-03
1.743894509313703622e+02,nan,nan,1.642956829606314522e-03
1.743894509517126039e+02,nan,nan,1.637376622027132125e-03
1.743894509701272852e+02,nan,nan,1.647280371534085930e-03
1.743894509874008634e+02,nan,nan,1.652594336466042379e-03
1.743894510041895956e+02,nan,nan,1.654357738681774782e-03
1.743894510210381554e+02,nan,nan,1.653277778077855923e-03
1.743894510384766647e+02,nan,nan,1.650006226422518624e-03
1.743894510570878538e+02,nan,nan,1.645167368249918520e-03
1.743894510776001141e+02,nan,nan,1.639130235548684868e-03
1.743894511008074630e+02,nan,nan,1.631403412877666537e-03
1.743894511275190951e+02,nan,nan,1.619038160554278584e-03
1.743894511483061081e+02,nan,nan,1.603608188482749013e-03
1.743894511693541176e+02,nan,nan,1.595529683621944904e-03
1.743894511883554514e+02,nan,nan,1.605650636732388952e-03
1.743894512061300190e+02,nan,nan,1.611169697948724609e-03
1.743894512233643468e+02,nan,nan,1.613150788993429228e-03
1.743894512406212414e+02,nan,nan,1.612299024481808705e-03
1.743894512584432164e+02,nan,nan,1.609253304424985379e-03
1.743894512774215571e+02,nan,nan,1.604629363365208360e-03
1.743894512982880656e+02,nan,nan,1.598817868580672654e-03
1.743894513219258897e+02,nan,nan,1.591401183394715963e-03
1.743894513489421740e+02,nan,nan,1.579818829583838234e-03
1.743894513704521216e+02,nan,nan,1.565158085929411243e-03
1.743894513900530683e+02,nan,nan,1.553449022400529497e-03
1.743894514097830779e+02,nan,nan,1.564317144476306100e-03
1.743894514281781767e+02,nan,nan,1.570450524635189603e-03
1.743894514459057632e+02,nan,nan,1.572968717389124560e-03
1.743894514635590269e+02,nan,nan,1.572598922663608631e-03
1.743894514816933281e+02,nan,nan,1.569969921249482567e-03
1.743894515009011172e+02,nan,nan,1.565693980730310927e-03
1.743894515218982519e+02,nan,nan,1.560217314761863736e-03
1.743894515456997283e+02,nan,nan,1.553289569904275696e-03
1.743894515725652923e+02,nan,nan,1.543060159595476552e-03
1.743894515951744211e+02,nan,nan,1.529691889469774434e-03
1.743894516156035763e+02,nan,nan,1.512203985564914126e-03
1.743894516361828551e+02,nan,nan,1.523920259505004513e-03
1.743894516552434197e+02,nan,nan,1.530701981189287785e-03
1.743894516734978879e+02,nan,nan,1.533778969163950446e-03
1.743894516915716224e+02,nan,nan,1.533909080392567570e-03
1.743894517100347912e+02,nan,nan,1.531714065652314306e-03
1.743894517294826869e+02,nan,nan,1.527799225814504940e-03
1.743894517506176669e+02,nan,nan,1.522652101448887475e-03
1.743894517744027155e+02,nan,nan,1.516213235861125965e-03
1.743894518012065191e+02,nan,nan,1.507107858370758521e-03
1.743894518250193073e+02,nan,nan,1.494884596122170867e-03
1.743894518463355325e+02,nan,nan,1.477671951919912099e-03
1.743894518678272334e+02,nan,nan,1.484501247833654039e-03
1.743894518875971187e+02,nan,nan,1.491932439476046117e-03
1.743894519064116082e+02,nan,nan,1.495560084129476768e-03
1.743894519249335815e+02,nan,nan,1.496182988572554093e-03
1.743894519437507427e+02,nan,nan,1.494419944639233892e-03
1.743894519634636424e+02,nan,nan,1.490866833936333380e-03
1.743894519847648894e+02,nan,nan,1.486038188273092068e-03
1.743894520085757449e+02,nan,nan,1.480020992876051201e-03
1.743894520354124609e+02,nan,nan,1.471799537583140310e-03
1.743894520604888214e+02,nan,nan,1.460518173974447755e-03
1.743894520827188046e+02,nan,nan,1.444749454662991664e-03
1.743894521051528841e+02,nan,nan,1.446194659797225791e-03
1.743894521256552252e+02,nan,nan,1.454208883568572711e-03
1.743894521450530988e+02,nan,nan,1.458326263490284953e-03
1.743894521640504252e+02,nan,nan,1.459391445272997063e-03
1.743894521832549458e+02,nan,nan,1.458023639433025974e-03
1.743894522032753684e+02,nan,nan,1.454808129451685191e-03
1.743894522248000669e+02,nan,nan,1.450273228727157410e-03
1.743894522487213408e+02,nan,nan,1.444608087519487754e-03
1.743894522757151435e+02,nan,nan,1.437049886061932298e-03
1.743894523022011356e+02,nan,nan,1.426425510218345049e-03
1.743894523253182172e+02,nan,nan,1.411792880735209844e-03
1.743894523486692378e+02,nan,nan,1.409183554447235353e-03
1.743894523698937746e+02,nan,nan,1.417634112293395584e-03
1.743894523898800912e+02,nan,nan,1.422121522176453485e-03
1.743894524093733480e+02,nan,nan,1.423530882861344469e-03
1.743894524290022616e+02,nan,nan,1.422482532885953332e-03
1.743894524493867095e+02,nan,nan,1.419550934049981566e-03
1.743894524712171119e+02,nan,nan,1.415267629579217753e-03
1.743894524953713869e+02,nan,nan,1.409884110227336076e-03
1.743894525226692735e+02,nan,nan,1.402799322085413608e-03
1.743894525504922228e+02,nan,nan,1.392646124751518782e-03
1.743894525744394173e+02,nan,nan,1.378864308217508852e-03
1.743894525986481483e+02,nan,nan,1.373529083273836897e-03
1.743894526205637874e+02,nan,nan,1.382243321734359003e-03
1.743894526411308163e+02,nan,nan,1.386965793679800036e-03
1.743894526611323954e+02,nan,nan,1.388609393652978554e-03
1.743894526812182733e+02,nan,nan,1.387793706234160141e-03
1.743894527020216287e+02,nan,nan,1.385082486078005907e-03
1.743894527242403569e+02,nan,nan,1.381003750244824604e-03
1.743894527487506139e+02,nan,nan,1.375842301573186079e-03
1.743894527764868769e+02,nan,nan,1.369093609033198268e-03
1.743894528085634192e+02,nan,nan,1.357948315535448128e-03
1.743894528329206537e+02,nan,nan,1.344279054862738791e-03
1.743894528575659990e+02,nan,nan,1.340302692995032265e-03
1.743894528799430361e+02,nan,nan,1.348657198298238574e-03
1.743894529009828034e+02,nan,nan,1.353151660152891473e-03
1.743894529214761064e+02,nan,nan,1.354659169941951164e-03
1.743894529420862796e+02,nan,nan,1.353782198310224134e-03
1.743894529634638104e+02,nan,nan,1.351072348509978292e-03
1.743894529863298715e+02,nan,nan,1.347040806137941426e-03
1.743894530115962311e+02,nan,nan,1.341940902541427678e-03
1.743894530401709346e+02,nan,nan,1.335221157912475348e-03
1.743894530695048672e+02,nan,nan,1.325548272027333345e-03
1.743894530946888608e+02,nan,nan,1.312461088390261699e-03
1.743894531201510745e+02,nan,nan,1.306906780675612736e-03
1.743894531431908206e+02,nan,nan,1.315357195507918953e-03
1.743894531648068948e+02,nan,nan,1.319958303546340823e-03
1.743894531858251753e+02,nan,nan,1.321595076790740494e-03
1.743894532069290904e+02,nan,nan,1.320865541194341788e-03
1.743894532287842765e+02,nan,nan,1.318310840525423189e-03
1.743894532521239853e+02,nan,nan,1.314435294891906116e-03
1.743894532778684550e+02,nan,nan,1.309507089730305987e-03
1.743894533070077273e+02,nan,nan,1.303029517973986655e-03
1.743894533373344586e+02,nan,nan,1.293636174678675522e-03
1.743894533632335140e+02,nan,nan,1.281003030221896993e-03
1.743894533894265635e+02,nan,nan,1.274678510905529263e-03
1.743894534130955662e+02,nan,nan,1.283106998895683403e-03
1.743894534352780852e+02,nan,nan,1.287727089103204428e-03
1.743894534568281642e+02,nan,nan,1.289422154308716983e-03
1.743894534784483596e+02,nan,nan,1.288782890290501295e-03
1.743894535008204514e+02,nan,nan,1.286339926292166076e-03
1.743894535246930104e+02,nan,nan,1.282588305415124268e-03
1.743894535510023331e+02,nan,nan,1.277798538190960892e-03
1.743894535807950774e+02,nan,nan,1.271500540254630373e-03
1.743894536151680938e+02,nan,nan,1.261125087883750067e-03
1.743894536413702667e+02,nan,nan,1.248372875033311197e-03
1.743894536678811562e+02,nan,nan,1.244538723357088315e-03
1.743894536919560778e+02,nan,nan,1.252436042758822959e-03
1.743894537146003074e+02,nan,nan,1.256699181570631371e-03
1.743894537366651036e+02,nan,nan,1.258152588301481543e-03
1.743894537588647324e+02,nan,nan,1.257365180503248504e-03
1.743894537819007553e+02,nan,nan,1.254855300084346511e-03
1.743894538065518987e+02,nan,nan,1.251098007336695454e-03
1.743894538338055042e+02,nan,nan,1.246314825846640524e-03
1.743894538646298997e+02,nan,nan,1.239948543919691887e-03
1.743894538958716964e+02,nan,nan,1.230831745532565743e-03
1.743894539228352869e+02,nan,nan,1.218438925481685501e-03
1.743894539500875567e+02,nan,nan,1.214124433397002116e-03
1.743894539747942360e+02,nan,nan,1.221955719059868552e-03
1.743894539980160516e+02,nan,nan,1.226203226423979104e-03
1.743894540206323427e+02,nan,nan,1.227685417872716959e-03
1.743894540433765599e+02,nan,nan,1.226962685286749500e-03
1.743894540669672892e+02,nan,nan,1.224543099352624030e-03
1.743894540922010208e+02,nan,nan,1.220892171222994448e-03
1.743894541200854178e+02,nan,nan,1.216230058889783677e-03
1.743894541516319521e+02,nan,nan,1.210017119658758026e-03
1.743894541836635881e+02,nan,nan,1.201107943469400998e-03
1.743894542112931276e+02,nan,nan,1.189007982332336306e-03
1.743894542392190488e+02,nan,nan,1.184688277244763319e-03
1.743894542645355727e+02,nan,nan,1.192384565693879218e-03
1.743894542883311942e+02,nan,nan,1.196565398225010388e-03
1.743894543115076203e+02,nan,nan,1.198034820363685785e-03
1.743894543348165200e+02,nan,nan,1.197342930675967610e-03
1.743894543589945840e+02,nan,nan,1.194987468252062561e-03
1.743894543848585954e+02,nan,nan,1.191422975957342860e-03
1.743894544134423086e+02,nan,nan,1.186860852047383254e-03
1.743894544457818654e+02,nan,nan,1.180762216848495237e-03
1.743894544785054279e+02,nan,nan,1.172028720012751116e-03
1.743894545067722959e+02,nan,nan,1.160153142067014325e-03
1.743894545353397234e+02,nan,nan,1.156162604791665608e-03
1.743894545612521370e+02,nan,nan,1.163674403581264069e-03
1.743894545856207401e+02,nan,nan,1.167751100719145989e-03
1.743894546093666236e+02,nan,nan,1.169177009228314270e-03
1.743894546332594189e+02,nan,nan,1.168490688392610603e-03
1.743894546580548024e+02,nan,nan,1.166179517754754695e-03
1.743894546845918683e+02,nan,nan,1.162686022523845650e-03
1.743894547139356064e+02,nan,nan,1.158207303635791930e-03
1.743894547471314240e+02,nan,nan,1.152192539787165286e-03
1.743894547804684407e+02,nan,nan,1.143609047200282820e-03
1.743894548093508945e+02,nan,nan,1.131905384842500856e-03
1.743894548385351300e+02,nan,nan,1.128491214630780726e-03
1.743894548650339971e+02,nan,nan,1.135782879681153336e-03
1.743894548899772019e+02,nan,nan,1.139728167355411005e-03
1.743894549143030019e+02,nan,nan,1.141087948850241915e-03
1.743894549387987070e+02,nan,nan,1.140388407619168445e-03
1.743894549642396328e+02,nan,nan,1.138106555978420044e-03
1.743894549914895720e+02,nan,nan,1.134672040268205635e-03
1.743894550216492121e+02,nan,nan,1.130263240504008043e-03
1.743894550557602088e+02,nan,nan,1.124307133066206228e-03
1.743894550896480951e+02,nan,nan,1.115851454890792521e-03
1.743894551191293942e+02,nan,nan,1.104277750690543227e-03
1.743894551489113098e+02,nan,nan,1.101628019230343125e-03
1.743894551759905198e+02,nan,nan,1.108673694397572553e-03
1.743894552015119075e+02,nan,nan,1.112467417548139523e-03
1.743894552264290496e+02,nan,nan,1.113744131517604811e-03
1.743894552515467922e+02,nan,nan,1.113017130800702734e-03
1.743894552776610851e+02,nan,nan,1.110753063036427337e-03
1.743894553056624375e+02,nan,nan,1.107367899642803556e-03
1.743894553366916682e+02,nan,nan,1.103017450204036784e-03
1.743894553717757674e+02,nan,nan,1.097097463281031162e-03
1.743894554061628241e+02,nan,nan,1.088749029750378343e-03
1.743894554362292411e+02,nan,nan,1.077269638671539539e-03
1.743894554665932048e+02,nan,nan,1.075535502239520231e-03
1.743894554942488924e+02,nan,nan,1.082315765731263046e-03
1.743894555203534651e+02,nan,nan,1.085942393060011953e-03
1.743894555458743980e+02,nan,nan,1.087122783378254671e-03
1.743894555716341586e+02,nan,nan,1.086357065552188928e-03
1.743894555984502119e+02,nan,nan,1.084101519829209700e-03
1.743894556272419436e+02,nan,nan,1.080757615396711786e-03
1.743894556591949936e+02,nan,nan,1.076454897879562710e-03
1.743894556953116535e+02,nan,nan,1.070549151688033728e-03
1.743894557301525481e+02,nan,nan,1.062287632810527804e-03
1.743894557607918898e+02,nan,nan,1.050869987878886832e-03
1.743894557917241173e+02,nan,nan,1.050182961283701059e-03
1.743894558199535538e+02,nan,nan,1.056682206049815208e-03
1.743894558466473654e+02,nan,nan,1.060128888289569530e-03
1.743894558727856463e+02,nan,nan,1.061201840345651253e-03
1.743894558992085422e+02,nan,nan,1.060387913770287176e-03
1.743894559267561704e+02,nan,nan,1.058132994414003871e-03
1.743894559563791802e+02,nan,nan,1.054823100755387195e-03
1.743894559893132623e+02,nan,nan,1.050557612469823912e-03
1.743894560265268012e+02,nan,nan,1.044643059019681984e-03
1.743894560617823117e+02,nan,nan,1.036446017465505716e-03
1.743894560929819590e+02,nan,nan,1.025057521503566034e-03
1.743894561244683814e+02,nan,nan,1.025545905224945235e-03
1.743894561532689238e+02,nan,nan,1.031749928598488459e-03
1.743894561805585397e+02,nan,nan,1.035004699890774635e-03
1.743894562073288341e+02,nan,nan,1.035959813767413839e-03
1.743894562344378585e+02,nan,nan,1.035088836026883986e-03
1.743894562627496327e+02,nan,nan,1.032827180165542692e-03
1.743894562932487986e+02,nan,nan,1.029544227986937130e-03
1.743894563272271512e+02,nan,nan,1.025304650709192144e-03
1.743894563656103855e+02,nan,nan,1.019354852180289536e-03
1.743894564012906017e+02,nan,nan,1.011182555058661369e-03
1.743894564330310288e+02,nan,nan,9.997823342626219797e-04
