cycle_time_years,leading_front_depth_m,deepest_front_depth_m,maximum_velocity_m_s
0.000000000000000000e+00,nan,nan,9.962399346135448683e-04
3.658241532639284424e-06,nan,nan,6.247898327080649884e-04
9.521966766615429145e-06,nan,nan,3.934695660293467353e-04
1.895236440746521947e-05,nan,nan,2.471528778846244188e-04
3.438634646027418555e-05,nan,nan,1.554710553419059874e-04
5.913079007060475562e-05,3.030226849684240278e+03,3.030226849684240278e+03,9.774883569366205765e-05
9.941137957869697957e-05,4.575227629516871275e+03,4.575227629516871275e+03,6.137777804710785280e-05
1.646185986221518230e-04,6.255692299907883353e+03,6.255692299907883353e+03,3.862340270557126123e-05
2.695788317712827361e-04,8.098520748040807121e+03,8.098520748040807121e+03,2.432503638650585707e-05
4.410465982055973675e-04,9.815699260272698666e+03,1.017571480128489020e+04,1.529836251236251686e-05
7.140582480031576690e-04,1.211861193026758519e+04,1.211861193026758519e+04,9.639797281149585381e-06
1.159984020871693234e-03,1.352574221138012581e+04,1.352574221138012581e+04,6.050787915024807948e-06
1.868503105867968779e-03,1.390669869758320237e+04,1.390669869758320237e+04,3.810416523626268510e-06
2.999556568012396677e-03,1.424397938430414979e+04,1.424397938430414979e+04,2.400981927245426684e-06
4.744616223338965488e-03,1.453290483559620407e+04,1.453290483559620407e+04,1.511307872525285796e-06
7.393242109893776760e-03,1.477691447109039473e+04,1.477691447109039473e+04,9.525108523690930890e-07
1.119004363442149125e-02,1.497653612752237677e+04,1.497653612752237677e+04,5.988560869588455779e-07
1.627178359975149299e-02,1.514148216869021962e+04,1.514148216869021962e+04,3.765396816183244327e-07
2.244132190991872042e-02,1.528025070586161019e+04,1.528025070586161019e+04,2.375360173182875580e-07
2.981723918105983612e-02,1.540496502263347611e+04,1.540496502263347611e+04,1.480925441171816497e-07
3.849304919406409953e-02,1.552288611268171553e+04,1.552288611268171553e+04,9.243017009293786688e-08
4.916375109562327872e-02,1.565136320840203371e+04,1.565136320840203371e+04,5.823584718740687373e-08
6.446942521340735810e-02,1.584259814189488679e+04,1.584259814189488679e+04,3.647692750014646197e-08
8.957802231572839502e-02,1.619456396853833940e+04,1.619456396853833940e+04,2.573580836975742789e-08
1.155220838940533151e-01,1.654299398238871436e+04,1.654299398238871436e+04,1.964584324098561384e-08
1.405526217028532920e-01,1.684501096031477573e+04,1.684501096031477573e+04,1.598015354110510516e-08
1.671263948624543971e-01,1.713397990111685431e+04,1.713397990111685431e+04,1.335013041641876321e-08
1.924661397066642632e-01,1.738512101329107099e+04,1.738512101329107099e+04,1.156028223199776435e-08
2.186455791752417166e-01,1.762391963875685542e+04,1.762391963875685542e+04,1.017809705518989218e-08
2.448079746402672674e-01,1.784424168729467783e+04,1.784424168729467783e+04,9.115244999579762047e-09
2.705736233780289823e-01,1.804478408543147088e+04,1.804478408543147088e+04,8.286721638657677736e-09
2.980628845344572841e-01,1.824194937209727868e+04,1.824194937209727868e+04,7.574480307365404543e-09
3.255015878687099184e-01,1.842220654271665626e+04,1.842220654271665626e+04,6.995289360343676367e-09
3.529947063305303723e-01,1.858699315555745852e+04,1.858699315555745852e+04,6.514383158456704328e-09
3.798236066447642223e-01,1.873328073634946122e+04,1.873328073634946122e+04,6.119939055855214479e-09
4.082495845720747196e-01,1.887351944885393095e+04,1.887351944885393095e+04,5.763496367474640712e-09
4.366808889960053230e-01,1.899947111511241019e+04,1.899947111511241019e+04,5.459386848214821332e-09
4.653736406031176442e-01,1.911319946141382025e+04,1.911319946141382025e+04,5.194443617464670433e-09
4.955407468544066885e-01,1.921936329517436752e+04,1.921936329517436752e+04,4.952962409528220856e-09
5.209048504870446017e-01,1.929888987320993328e+04,1.929888987320993328e+04,4.774264654122766035e-09
5.499094949376160946e-01,1.937987549315981960e+04,1.937987549315981960e+04,4.592839714611757098e-09
5.762543941062403530e-01,1.944497454144743460e+04,1.944497454144743460e+04,4.445963450161466982e-09
6.024944391252000653e-01,1.950252887547572755e+04,1.950252887547572755e+04,4.314265745229919195e-09
6.310828529725580616e-01,1.955765095632984958e+04,1.955765095632984958e+04,4.184868166304743246e-09
6.584381244699472058e-01,1.960361392383647035e+04,1.960361392383647035e+04,4.073226743147435425e-09
6.879152547614452162e-01,1.964647912584886944e+04,1.964647912584886944e+04,3.964109522929165462e-09
7.185381543736351073e-01,1.968426096927983599e+04,1.968426096927983599e+04,3.861888197773755913e-09
7.475966500626421984e-01,1.971437510264663797e+04,1.971437510264663797e+04,3.773931369930325458e-09
7.751229177376651736e-01,1.973820306037088812e+04,1.973820306037088812e+04,3.697455024448912254e-09
8.028221280807735782e-01,1.975792159233253187e+04,1.975792159233253187e+04,3.626183735920919796e-09
8.291624511886278581e-01,1.977310661214587890e+04,1.977310661214587890e+04,3.563508140282805419e-09
8.576668464031123040e-01,1.978581337150352556e+04,1.978581337150352556e+04,3.500893788715890631e-09
8.878706083961181994e-01,1.979554323083644340e+04,1.979554323083644340e+04,3.439584315560398856e-09
9.131334600824969616e-01,1.980087960723192009e+04,1.980087960723192009e+04,3.391941523031543659e-09
9.430484733579850287e-01,1.980417694613823187e+04,1.980417694613823187e+04,3.339147096443920664e-09
9.791648879254770677e-01,1.980416375428899119e+04,1.980416375428899119e+04,3.281243556396275859e-09
1.008305167818195125e+00,1.980123610448927138e+04,1.980123610448927138e+04,3.236482305135248792e-09
1.036723139378696201e+00,1.979606115352017514e+04,1.979606115352017514e+04,3.196048651554310757e-09
1.063579405425217228e+00,1.978919433260684673e+04,1.978919433260684673e+04,3.160235458363553726e-09
1.091422026527998579e+00,1.978024166836683071e+04,1.978024166836683071e+04,3.125406642286762092e-09
1.124293333781089865e+00,1.976742634409544553e+04,1.976742634409544553e+04,3.086204558658327934e-09
1.153328876063667074e+00,1.975409756010869387e+04,1.975409756010869387e+04,3.053574745022670721e-09
1.180923956006876496e+00,1.974003976198909004e+04,1.974003976198909004e+04,3.024304282242199639e-09
1.206969553425178754e+00,1.972533680176694179e+04,1.972533680176694179e+04,2.997946416229605456e-09
1.237610637990622209e+00,1.970669201964719832e+04,1.970669201964719832e+04,2.968371022552727090e-09
1.263156253948777952e+00,1.968986312109488426e+04,1.968986312109488426e+04,2.944860696298319112e-09
1.289236086158482619e+00,1.967174875864350179e+04,1.967174875864350179e+04,2.921827356156761562e-09
1.315687171585385062e+00,1.965233653465722091e+04,1.965233653465722091e+04,2.899391252988540935e-09
1.344507760513260042e+00,1.963001961971059427e+04,1.963001961971059427e+04,2.875942224969713798e-09
1.371242610596340006e+00,1.960846942059628054e+04,1.960846942059628054e+04,2.855021721213139924e-09
1.402249181098677022e+00,1.958233132640988333e+04,1.958233132640988333e+04,2.831841574878851644e-09
1.441030123730311585e+00,1.954809139518022130e+04,1.954809139518022130e+04,2.804216428112133629e-09
1.475802102131145821e+00,1.951604905039873120e+04,1.951604905039873120e+04,2.780157100547681194e-09
1.507900699081567542e+00,1.948544643340197945e+04,1.948544643340197945e+04,2.758907814685053283e-09
1.544151489835584812e+00,1.944980139362993214e+04,1.944980139362993214e+04,2.738284856260660886e-09
1.581197229032538010e+00,1.941232360510548824e+04,1.941232360510548824e+04,2.713560351887599267e-09
1.606252816857640653e+00,1.938628518128364158e+04,1.938628518128364158e+04,2.698722716423736818e-09
1.636258053897823084e+00,1.935458923553241038e+04,1.935458923553241038e+04,2.681587224376047723e-09
1.663026514844416770e+00,1.932588924192566265e+04,1.932588924192566265e+04,2.666673654196280403e-09
1.692706457050163316e+00,1.929356356274027348e+04,1.929356356274027348e+04,2.650614210171965213e-09
1.723397221323364814e+00,1.925968062489184013e+04,1.925968062489184013e+04,2.634487060849579218e-09
1.751035476277154723e+00,1.922880988182328292e+04,1.922880988182328292e+04,2.620283474824907624e-09
1.784425214870736243e+00,1.919111782656670039e+04,1.919111782656670039e+04,2.603727509079494736e-09
1.823197224919302251e+00,1.914692487899039770e+04,1.914692487899039770e+04,2.584895564773761584e-09
1.861003550429650932e+00,1.910379043242105763e+04,1.910379043242105763e+04,2.567076253861107702e-09
1.886727904005008671e+00,1.907431742614269024e+04,1.907431742614269024e+04,2.555259363075861354e-09
1.918903201194753327e+00,1.903730849653101541e+04,1.903730849653101541e+04,2.540860352092834324e-09
1.947280351344685689e+00,1.900478245436799261e+04,1.900478245436799261e+04,2.528394476465615952e-09
1.977152880792500289e+00,1.897072883357873434e+04,1.897072883357873434e+04,2.515576884355277431e-09
2.005833125279835816e+00,1.893827153432741761e+04,1.893827153432741761e+04,2.503522840733015085e-09
2.033060067773702517e+00,1.890773913507637553e+04,1.890773913507637553e+04,2.492344565429198031e-09
2.071315550189279708e+00,1.886516167083073015e+04,1.886516167083073015e+04,2.476896990558088864e-09
2.098672758184174647e+00,1.883500643314100671e+04,1.883500643314100671e+04,2.466103358273375521e-09
2.133304269260322794e+00,1.879714076844876399e+04,1.879714076844876399e+04,2.452758692982071176e-09
2.171865935251794610e+00,1.875579218034092992e+04,1.875579218034092992e+04,2.438187089536445810e-09
2.198123250152232533e+00,1.872794273094056189e+04,1.872794273094056189e+04,2.428470419471446685e-09
2.229809673340307885e+00,1.869485209526246399e+04,1.869485209526246399e+04,2.416972487063633633e-09
2.263060835858492936e+00,1.866066089256576379e+04,1.866066089256576379e+04,2.405156995808610355e-09
2.288110341119818258e+00,1.863510769724629063e+04,1.863510769724629063e+04,2.396392210540183221e-09
2.317719032814811619e+00,1.860527332056807791e+04,1.860527332056807791e+04,2.386217938311256580e-09
2.347975068098994811e+00,1.857512711877542461e+04,1.857512711877542461e+04,2.376007208599680962e-09
2.384883715363483425e+00,1.853876064539297658e+04,1.853876064539297658e+04,2.363798429952738913e-09
2.414026333485658427e+00,1.851027912180966814e+04,1.851027912180966814e+04,2.354345479656858566e-09
2.443185839245647806e+00,1.848202356028092254e+04,1.848202356028092254e+04,2.496147254819219865e-09
2.473071477139594965e+00,1.845304709553665816e+04,1.845304709553665816e+04,2.672826128257352226e-09
2.503196257271325109e+00,1.842397702397267494e+04,1.842397702397267494e+04,2.882115685986491132e-09
2.531054387612980516e+00,1.839719392992540452e+04,1.839719392992540452e+04,3.110980158014100064e-09
2.558254823167475323e+00,1.837119348796914346e+04,1.837119348796914346e+04,3.365919988573146997e-09
2.585704272576308416e+00,1.834462400982606414e+04,1.834462400982606414e+04,3.656880155495406595e-09
2.615758078368646267e+00,1.831511105325671087e+04,1.831511105325671087e+04,4.019133368501754511e-09
2.644682655609113198e+00,1.828629586708498391e+04,1.828629586708498391e+04,4.404687764199308076e-09
2.670621251786293282e+00,1.826039425497683987e+04,1.826039425497683987e+04,4.771343583144013430e-09
2.697247070268215641e+00,1.823296642852729565e+04,1.823296642852729565e+04,5.165431932547935627e-09
2.724112212963816670e+00,1.820529821160146093e+04,1.820529821160146093e+04,5.543515569624731954e-09
2.751194600791602607e+00,1.817733915608525422e+04,1.817733915608525422e+04,5.924213175569925308e-09
2.776797649150662739e+00,1.815102830587413700e+04,1.815102830587413700e+04,6.258887776030459625e-09
2.802211015236061531e+00,1.812534550042082628e+04,1.812534550042082628e+04,6.561981410780071015e-09
2.827784248382645416e+00,1.810004333171723920e+04,1.810004333171723920e+04,6.835595651257144245e-09
2.854645980479469713e+00,1.807282151265615175e+04,1.807282151265615175e+04,7.093224969045319059e-09
2.879985592642564818e+00,1.804553142997965915e+04,1.804553142997965915e+04,7.335752216649364711e-09
2.906901755343826110e+00,1.801816254656718957e+04,1.801816254656718957e+04,7.554194226171895364e-09
2.934685664856772735e+00,1.798911717954855703e+04,1.798911717954855703e+04,7.759582859610339740e-09
2.961708476411001989e+00,1.796071372048817284e+04,1.796071372048817284e+04,7.951548768900837035e-09
2.987538541688403271e+00,1.793341896023670051e+04,1.793341896023670051e+04,8.124605092869843552e-09
3.012612027890583022e+00,1.790746868207689840e+04,1.790746868207689840e+04,8.278244716834491961e-09
3.038001849880979321e+00,1.788243375078328972e+04,1.788243375078328972e+04,8.444711867562811738e-09
3.064142311037056476e+00,1.785774346650109510e+04,1.785774346650109510e+04,8.564825002296939675e-09
3.089738952615044720e+00,1.783360894589495365e+04,1.783360894589495365e+04,8.707319354928694339e-09
3.115541842344049073e+00,1.780755792927965012e+04,1.780755792927965012e+04,8.838694203800437383e-09
3.141833421055903575e+00,1.778045124333510466e+04,1.778045124333510466e+04,8.970934794087397807e-09
3.167514972574590359e+00,1.775331561967457310e+04,1.775331561967457310e+04,9.084024885039300564e-09
3.195008609158024537e+00,1.772517545159780639e+04,1.772517545159780639e+04,9.176042000858955001e-09
3.221899544026856521e+00,1.769805384635270093e+04,1.769805384635270093e+04,9.298430885344445687e-09
3.248044851239009656e+00,1.767318114955648343e+04,1.767318114955648343e+04,9.368325972279048115e-09
3.274035494399348156e+00,1.765100758530967505e+04,1.765100758530967505e+04,9.468052965309004142e-09
3.300555025352634786e+00,1.762610799245451926e+04,1.762610799245451926e+04,9.561496595633004045e-09
3.326205536429775123e+00,1.759975247470283648e+04,1.759975247470283648e+04,9.615705807914730850e-09
3.352217667038354332e+00,1.757379245213202739e+04,1.757379245213202739e+04,9.642172581943954184e-09
3.377530153682271941e+00,1.754768456642544334e+04,1.754768456642544334e+04,9.728791423015576241e-09
3.403782528662109286e+00,1.752223765093242400e+04,1.752223765093242400e+04,9.741049229937109111e-09
3.431014833046214019e+00,1.749871974845649311e+04,1.749871974845649311e+04,9.771975847807362074e-09
3.456665180475505750e+00,1.747778990609518951e+04,1.747778990609518951e+04,9.831928735002781635e-09
3.481911516156453779e+00,1.745234039551013120e+04,1.745234039551013120e+04,9.855149127022917711e-09
3.507368417513168968e+00,1.742587286449110979e+04,1.742587286449110979e+04,9.847815212866642782e-09
3.532607181461470347e+00,1.740193177798939723e+04,1.740193177798939723e+04,9.839420168335960821e-09
3.559762016210090252e+00,1.738125467751820906e+04,1.738125467751820906e+04,9.823377850647455962e-09
3.586505775761114290e+00,1.735784949471240543e+04,1.735784949471240543e+04,9.843186761458817222e-09
3.612815347748249639e+00,1.733365760722260893e+04,1.733365760722260893e+04,9.855606458105207145e-09
3.637831931385422379e+00,1.730771069995721700e+04,1.730771069995721700e+04,9.846106749147427659e-09
3.662987240255838550e+00,1.728392669150752772e+04,1.728392669150752772e+04,9.793412846400183256e-09
3.689389371967383369e+00,1.726619766286325466e+04,1.726619766286325466e+04,9.819320566566863193e-09
3.714691597984677518e+00,1.724330423572141808e+04,1.724330423572141808e+04,9.727868401379597198e-09
3.741488668674552098e+00,1.721671899968343132e+04,1.721671899968343132e+04,9.703720553897992516e-09
3.766492418391135022e+00,1.719385178529508266e+04,1.719385178529508266e+04,9.625049363004341504e-09
3.792571538205375958e+00,1.717777734112592225e+04,1.717777734112592225e+04,9.556703499558698080e-09
3.819927359819865753e+00,1.715353833642102472e+04,1.715353833642102472e+04,9.565199079646728584e-09
3.846473395151007502e+00,1.712862393972670179e+04,1.712862393972670179e+04,9.434810493769808562e-09
3.872317294195329662e+00,1.710422570528726646e+04,1.710422570528726646e+04,9.395280758938770205e-09
3.899080458607429467e+00,1.708878748423049183e+04,1.708878748423049183e+04,9.321251270159269404e-09
3.924108300511518710e+00,1.706654960176927125e+04,1.706654960176927125e+04,9.234491078601290399e-09
3.949950828640307332e+00,1.704133054494406315e+04,1.704133054494406315e+04,9.188104674936556059e-09
3.975921923696555282e+00,1.702628925541002172e+04,1.702628925541002172e+04,9.075765563336849953e-09
4.001586804558763255e+00,1.700546601606113472e+04,1.700546601606113472e+04,9.004644375065493460e-09
4.026728382539781492e+00,1.698075785548378553e+04,1.698075785548378553e+04,8.931881512864546602e-09
4.051936476777454388e+00,1.696802756993242656e+04,1.696802756993242656e+04,8.845168464541084805e-09
4.079386780853642591e+00,1.694523229640878344e+04,1.694523229640878344e+04,8.795584420315088999e-09
4.104896711869019832e+00,1.692172753833926981e+04,1.692172753833926981e+04,8.641221012164702110e-09
4.130835981858614225e+00,1.690585091505275341e+04,1.690585091505275341e+04,8.551813406920482011e-09
4.157182841606248402e+00,1.688791805197186113e+04,1.688791805197186113e+04,8.467368170979751810e-09
4.184132054728645578e+00,1.686289328069970361e+04,1.686289328069970361e+04,8.350673818729213726e-09
4.211001084944979489e+00,1.685016187645770697e+04,1.685016187645770697e+04,8.259334890640026783e-09
4.236064394923837462e+00,1.682919184226054858e+04,1.682919184226054858e+04,8.147046092204901270e-09
4.262739413309681424e+00,1.680681839955595206e+04,1.680681839955595206e+04,8.060266629904817157e-09
4.287739824981905201e+00,1.679614025160931851e+04,1.679614025160931851e+04,7.922880659920837044e-09
4.313878491922220171e+00,1.677189268269314562e+04,1.677189268269314562e+04,7.826273137933197041e-09
4.340084587229906532e+00,1.676150020043850236e+04,1.676150020043850236e+04,7.728605139717676756e-09
4.365352974994392454e+00,1.673943478273721121e+04,1.673943478273721121e+04,7.632463255039081441e-09
4.391613949917990034e+00,1.672390919950218813e+04,1.745157490078112824e+04,7.510536477861807634e-09
4.417920503421443712e+00,1.670795562437301487e+04,1.747166976445467299e+04,7.386458920153167686e-09
4.443910733262772972e+00,1.668578315118610044e+04,1.748001750027570597e+04,7.296378510468744400e-09
4.469599325548793800e+00,1.667738952368414903e+04,1.748333844380992377e+04,7.192917345565162545e-09
4.494915814213653604e+00,1.665435204334946320e+04,1.748345839774721753e+04,7.077343357101249314e-09
4.520348767109006793e+00,1.664616688540246469e+04,1.748124819874520108e+04,6.963864479625364608e-09
4.546690106028600908e+00,1.662333626158252082e+04,1.747702092463520967e+04,6.859512256711128810e-09
4.572393763465694150e+00,1.661479379111487651e+04,1.747128598599929319e+04,6.756580611926329811e-09
4.597609762773981146e+00,1.659305055082437684e+04,1.746438457622126589e+04,6.650469926026351298e-09
4.623510871231321318e+00,1.658483542076619415e+04,1.745620522874708331e+04,6.543898808641319849e-09
4.649348048960678881e+00,1.656293790722683116e+04,1.744697605871236738e+04,6.434262701752010001e-09
4.674613282777547951e+00,1.655564349708423106e+04,1.743705403744227806e+04,6.337048157713309886e-09
4.702411094900379673e+00,1.653287381143548555e+04,1.742526556860291748e+04,6.234789614110996504e-09
4.727886024463384018e+00,1.652598366269828330e+04,1.741349104715976864e+04,6.137115396286150316e-09
4.753271927873629288e+00,1.650464086889329337e+04,1.740125854443377102e+04,6.041757976047990486e-09
4.779668627901306976e+00,1.649682085909233137e+04,1.738766921373442892e+04,5.930312281546415592e-09
4.806296147151020826e+00,1.647650668372750442e+04,1.737328332085764850e+04,5.822725496654940772e-09
4.832054565983356476e+00,1.647026557082862928e+04,1.735866556189621770e+04,5.741435478565663962e-09
4.859210248630569495e+00,1.644810114848077865e+04,1.734280161042220789e+04,5.623989245829093449e-09
4.885824720328741044e+00,1.644166458920634614e+04,1.732628789577102361e+04,5.544991171745161191e-09
4.911536222667534979e+00,1.642239695259155633e+04,1.731017026203625574e+04,5.436176734609014236e-09
4.936734421543710560e+00,1.641360766305363359e+04,1.729333926373464055e+04,5.360230923359689360e-09
4.962997165021628909e+00,1.640492531787229018e+04,1.727586347112383737e+04,5.272843658157833962e-09
4.989331227433476457e+00,1.638549510909906894e+04,1.725738240975123335e+04,5.165358788495313616e-09
5.015133344089558243e+00,1.638005366207846600e+04,1.723891979164627628e+04,5.087813839190484010e-09
5.041977057790600014e+00,1.635924460937610456e+04,1.721932529888223871e+04,5.008005178557367638e-09
5.070522777832248806e+00,1.635216608347092006e+04,1.719762576797512884e+04,4.898343732788587282e-09
5.095553689751906035e+00,1.634253500830967641e+04,1.717841294972125615e+04,4.823578236306018616e-09
5.121231787805518465e+00,1.632509036689736604e+04,1.715825809643785396e+04,4.738544571790888569e-09
5.149306508209248179e+00,1.631959880695654829e+04,1.713578222960856510e+04,4.665762392591470752e-09
5.175084149072169737e+00,1.630017669732721333e+04,1.711438018577878029e+04,4.587995832978227515e-09
5.200616145537652280e+00,1.629312092523736101e+04,1.709360500789142679e+04,4.516509646450218964e-09
5.226200222456944822e+00,1.628749038912899596e+04,1.707212096966706667e+04,4.435903101872290758e-09
5.252184893496273155e+00,1.626783042347124501e+04,1.704973395522596184e+04,4.373093836244996224e-09
5.277799058926949449e+00,1.626247923620966867e+04,1.702771202593236740e+04,4.306747726493823191e-09
5.305807091056443880e+00,1.624919717238044177e+04,1.700348322817981534e+04,4.238413377549104594e-09
5.330872215618092547e+00,1.623783977744984077e+04,1.698139025376956852e+04,4.164720537802851122e-09
5.358433294063328134e+00,1.623313950740188557e+04,1.695673126263442828e+04,4.093261698482014090e-09
5.385270903306844659e+00,1.621586461811565823e+04,1.693252209791007772e+04,4.036787010043444966e-09
5.413201006254436898e+00,1.620686497652323487e+04,1.690738660733744837e+04,3.962583208156730378e-09
5.440785284811067157e+00,1.620206791691697435e+04,1.688254503945150282e+04,3.917103356461747465e-09
5.466707596815616910e+00,1.618363509026884094e+04,1.685888098179402732e+04,3.849207602258936210e-09
5.491870824519523353e+00,1.617695586150451527e+04,1.683560538551592253e+04,3.808228015177359661e-09
5.517751248535718744e+00,1.617290991924358786e+04,1.681147929600605858e+04,3.748964806522792822e-09
5.543490863939284807e+00,1.616043442207573025e+04,1.678766884463610040e+04,3.713821031165824778e-09
5.569524264793860091e+00,1.614764495742067265e+04,1.676336332850253166e+04,3.658856107658265499e-09
5.595282082668646240e+00,1.614387243288498939e+04,1.673902302900467112e+04,3.618989833633743631e-09
5.620370180699224782e+00,1.613670528353269401e+04,1.671509634466232092e+04,3.577803353014968719e-09
5.649086911823824053e+00,1.611857005745727110e+04,1.668758510766770632e+04,3.541811071652187605e-09
5.676018565507383151e+00,1.611450390161207906e+04,1.666152176779842193e+04,3.502198782178130032e-09
5.705868344981246842e+00,1.610747959556020396e+04,1.663234174770667596e+04,3.464915576634758595e-09
5.731702657356810171e+00,1.608957053143521080e+04,1.660678312433384053e+04,3.436665726972367674e-09
5.758801050274974465e+00,1.608503737530496983e+04,1.657947192587063910e+04,3.408449720395174107e-09
5.788462505640299405e+00,1.607982772148406002e+04,1.654903764521507037e+04,3.414479605351785210e-09
5.814483425904671599e+00,1.606156180857704749e+04,1.652165978310934952e+04,3.364664888898829777e-09
5.842084315619480606e+00,1.605594296192238835e+04,1.649208152629445249e+04,3.357426091204347065e-09
5.867582184482346364e+00,1.605152403235082420e+04,1.646365700639574425e+04,3.353032097862872800e-09
5.894667878074120182e+00,1.603478009321817444e+04,1.643245475211278608e+04,3.345709548502795937e-09
5.921424091439840609e+00,1.602910022116157052e+04,1.640014849136604244e+04,3.361032656125442361e-09
5.946559237091913808e+00,1.602564009782738140e+04,1.636785562006404871e+04,3.402813131199372022e-09
5.971971636237452863e+00,1.601725767322898719e+04,1.633270327142245515e+04,3.391858922418629848e-09
6.000749235514177826e+00,1.600033816925991960e+04,1.628245548450107890e+04,3.421441153252517678e-09
6.026386351120754270e+00,1.599659371281125641e+04,1.599659371281125641e+04,3.477132758590073807e-09
6.053286858823213379e+00,1.599091391408013260e+04,1.599091391408013260e+04,3.537076648271748094e-09
6.078318582003320536e+00,1.597228858941496946e+04,1.597228858941496946e+04,3.616237996901021703e-09
6.106299155462823869e+00,1.596682508567959485e+04,1.596682508567959485e+04,3.780107953779545648e-09
6.134265716647903766e+00,1.596163922741224997e+04,1.596163922741224997e+04,3.881404900208302450e-09
6.160352623029350383e+00,1.594192216580414970e+04,1.594192216580414970e+04,4.051881539860746735e-09
6.185611729419624005e+00,1.593596932193963585e+04,1.593596932193963585e+04,4.294720318546963381e-09
6.211766191993366881e+00,1.593069997239382792e+04,1.593069997239382792e+04,4.598831426150014285e-09
6.237528343694540567e+00,1.590952238604345439e+04,1.590952238604345439e+04,5.001339611966828017e-09
6.263811168545935892e+00,1.590320704597773511e+04,1.590320704597773511e+04,5.503206939414093579e-09
6.289955404629123059e+00,1.589206843461429344e+04,1.589206843461429344e+04,6.153727276463439220e-09
6.316069321531208480e+00,1.587326179308713108e+04,1.587326179308713108e+04,6.694063884737304166e-09
6.342730653271474672e+00,1.586478620277693699e+04,1.586478620277693699e+04,7.149279770159096151e-09
6.368542450780840802e+00,1.584249899621357144e+04,1.584249899621357144e+04,7.341495091794126808e-09
6.394513991984540624e+00,1.583481650201524099e+04,1.583481650201524099e+04,7.315174814163596039e-09
6.420700474068955721e+00,1.581280575954048800e+04,1.581280575954048800e+04,7.143114666428515849e-09
6.447312407251740041e+00,1.579859026009567788e+04,1.579859026009567788e+04,6.893133216395242875e-09
6.473285800213928631e+00,1.578488771738482319e+04,1.652476691303120606e+04,6.637375847246270253e-09
6.498565648971324826e+00,1.577658964235513304e+04,1.661329425475374228e+04,6.372159431380407062e-09
6.523734932706984679e+00,1.575601675745332614e+04,1.666148130811165174e+04,6.139306451728166906e-09
6.549159200204583087e+00,1.575139540999504788e+04,1.669880594197830942e+04,5.902483000056851913e-09
6.576311756931342956e+00,1.572781113144778828e+04,1.673313366226564540e+04,5.669872249355466118e-09
6.601515171923927561e+00,1.572369547608018911e+04,1.676219642614403347e+04,5.458094805417209552e-09
6.628116262384091684e+00,1.570917971750277684e+04,1.679147304110706318e+04,5.253446935231065857e-09
6.655089319186703101e+00,1.569557399394667664e+04,1.682053919005066564e+04,5.044709956996620388e-09
6.681755631532730000e+00,1.569132089546536008e+04,1.684919146144490514e+04,4.856834431353319340e-09
6.707661409739061220e+00,1.566931067525752769e+04,1.687726959665249160e+04,4.685860341224963552e-09
6.734428389688092764e+00,1.566475988070899075e+04,1.690680671378810439e+04,4.516543271532274832e-09
6.762191984608354467e+00,1.565943651708329708e+04,1.693826275059731779e+04,4.340294544031251554e-09
6.787310422078815186e+00,1.563853351961678163e+04,1.696717541393410283e+04,4.176682537775307501e-09
6.813406203609064349e+00,1.563485766623584277e+04,1.699783518416963489e+04,4.040800402491806806e-09
6.839156277558164909e+00,1.563101595128235203e+04,1.702859270250805639e+04,3.886107479216576288e-09
6.866832887751009196e+00,1.560994608478714144e+04,1.706211272196369100e+04,3.748428245273367465e-09
6.893053061074774668e+00,1.560600004463564983e+04,1.709408461048629761e+04,3.605059759356514409e-09
6.920506837474023953e+00,1.560178845543040734e+04,1.712761942292535605e+04,3.477144736270098968e-09
6.949031063086645865e+00,1.558313858380138845e+04,1.716224625042804837e+04,3.341439924570253997e-09
6.974542768729317110e+00,1.557970599332385791e+04,1.719295244866392750e+04,3.222268219088598143e-09
7.000192942314070521e+00,1.557731771503567870e+04,1.722332187978372167e+04,3.106768648469232379e-09
7.029029006559586179e+00,1.556987949002672030e+04,1.725669636810777229e+04,2.979557366333622506e-09
7.055163936511546829e+00,1.555253124461998596e+04,1.728613190548453349e+04,2.874155745154752565e-09
7.080203373868990901e+00,1.554989161391237212e+04,1.731347654528774729e+04,2.778929861494166362e-09
7.108517265802258400e+00,1.554758165888926851e+04,1.734324538918115286e+04,2.674091596047408339e-09
7.134179438405772622e+00,1.554306850448192927e+04,1.736907644975139556e+04,2.583225654119147114e-09
7.160187223880382312e+00,1.552670979786007229e+04,1.739410738842278079e+04,2.492544213692976068e-09
7.191490785186183565e+00,1.552078472964754474e+04,1.742254376819978643e+04,2.389327036432162092e-09
7.222000927858625907e+00,1.551872060352447079e+04,1.744840331646300183e+04,2.296787540434733961e-09
7.248731840882436828e+00,1.551614142820833149e+04,1.746951050146282068e+04,2.213651500762522142e-09
7.273741194210925798e+00,1.550904007584457213e+04,1.748794125489013459e+04,2.130737153637137501e-09
7.300634848334373928e+00,1.549358309116400233e+04,1.750616480779679478e+04,2.054063805724929644e-09
7.329017022042823903e+00,1.549113775731055284e+04,1.752371729363279519e+04,1.983268583833048045e-09
7.356800226148738631e+00,1.548960615040567063e+04,1.753905427836972740e+04,1.907662501456780841e-09
7.382793161618675271e+00,1.548794193472752340e+04,1.755177680461469572e+04,1.846289769456107499e-09
7.408936098350404009e+00,1.548448380538808669e+04,1.756285857424690039e+04,1.782887648343657582e-09
7.436228478864127744e+00,1.547703064860254744e+04,1.757264652110997122e+04,1.721262446019758333e-09
7.464120687483701388e+00,1.546572157621597580e+04,1.758062642384364881e+04,1.661164159039587477e-09
7.493049220445718639e+00,1.546159400132417431e+04,1.758666344763315647e+04,1.618477930857509666e-09
7.527337204061551823e+00,1.546021794251489155e+04,1.759073764104022121e+04,1.616133678522300913e-09
7.560211468399724133e+00,1.545854320777311477e+04,1.759134609739064399e+04,1.613901913516139445e-09
7.593138866904909356e+00,1.545531046669898751e+04,1.758848366250539402e+04,1.611682409528946847e-09
7.627258777177436500e+00,1.545088403793846919e+04,1.758156118574062566e+04,1.609399615628377975e-09
7.662906712420700650e+00,1.544583408832653367e+04,1.756961333129636478e+04,1.607033556152699342e-09
7.699865739932606701e+00,1.543216669405904213e+04,1.755153377533288585e+04,1.604601405695452694e-09
7.726749855077387430e+00,1.543150127301748762e+04,1.753428433632676752e+04,1.602845864658866153e-09
7.763952497124753549e+00,1.543073400954300632e+04,1.750380634303509214e+04,1.600435874864948739e-09
7.795759150739447030e+00,1.542991617970226798e+04,1.747057193820493922e+04,1.598393548284347166e-09
7.823841918385321392e+00,1.542978114100325911e+04,1.743451154788378335e+04,1.596604486504831652e-09
7.852050705090504401e+00,1.543126578493687521e+04,1.739042236047939878e+04,1.594821005469118020e-09
7.881237787177397536e+00,1.611660176253598729e+04,1.733398267941052109e+04,1.592990288404294510e-09
7.906746668435625125e+00,1.608258474996528093e+04,1.727232507750433797e+04,1.591402661166839341e-09
7.945339506911147431e+00,1.603700307099593738e+04,1.714326914517582190e+04,1.589023138950106888e-09
7.976912895446857554e+00,1.600412994429362516e+04,1.696085059167265354e+04,1.587096950008856508e-09
8.010165879498368113e+00,1.597195190967203598e+04,1.597195190967203598e+04,1.585088858647502459e-09
8.041695111038162480e+00,1.594230704315075127e+04,1.594230704315075127e+04,1.583892406168144935e-09
8.070584078778676229e+00,1.591601794578783120e+04,1.591601794578783120e+04,1.746448899710870353e-09
8.102235096084919874e+00,1.588717609673860716e+04,1.588717609673860716e+04,1.971859344426668845e-09
8.129709988746558480e+00,1.586185457948354451e+04,1.586185457948354451e+04,2.220196674964084666e-09
8.155545442616842777e+00,1.583737765682989630e+04,1.583737765682989630e+04,2.514932128785233051e-09
8.181402085924322165e+00,1.581251478557347218e+04,1.581251478557347218e+04,2.886079459653001144e-09
8.207152078808748641e+00,1.578668110539719601e+04,1.578668110539719601e+04,3.358976810325842131e-09
8.234884638231172005e+00,1.575773419775448747e+04,1.575773419775448747e+04,3.988318757662575766e-09
8.262793027156750014e+00,1.572651057824786767e+04,1.572651057824786767e+04,4.777877985213047879e-09
8.289415039207574054e+00,1.569433967852240676e+04,1.569433967852240676e+04,5.667880569191229461e-09
8.315617272870653665e+00,1.565985634525664136e+04,1.565985634525664136e+04,6.618132623993218402e-09
8.342442661019656924e+00,1.562194227372874229e+04,1.562194227372874229e+04,7.624367960193174609e-09
8.367944687270972182e+00,1.558568475586288514e+04,1.558568475586288514e+04,8.619415363714002909e-09
8.393121560099315204e+00,1.553923780077605443e+04,1.553923780077605443e+04,9.516142368674635172e-09
8.418607808560670591e+00,1.537342414758643645e+04,1.549090092278332668e+04,1.067321993563978440e-08
8.443659027521759342e+00,1.534771578033983315e+04,1.534771578033983315e+04,1.238273349697059843e-08
8.469305133981197997e+00,1.533836594120629343e+04,1.533836594120629343e+04,1.620085216527449779e-08
8.494466300303212591e+00,1.530564212798781227e+04,1.530564212798781227e+04,2.410110192778773270e-08
8.519748327774454566e+00,1.527415440135941026e+04,1.527415440135941026e+04,1.619464920664039199e-08
8.545573488470688872e+00,1.525935283612497733e+04,1.525935283612497733e+04,1.169880192743319764e-08
8.571244298308588583e+00,1.524175904123703185e+04,1.524175904123703185e+04,9.652555670514890107e-09
8.596649154012524718e+00,1.521594205830606734e+04,1.521594205830606734e+04,8.442214806745035264e-09
8.622115246553935464e+00,1.521187420247498085e+04,1.521187420247498085e+04,7.582259498261883099e-09
8.647204335033023881e+00,1.518694345488197541e+04,1.566831252153765126e+04,6.924080830632825548e-09
8.672568835135747278e+00,1.518314175358205102e+04,1.576663591771851497e+04,6.396690902450645030e-09
8.697707604348325461e+00,1.517162362635119098e+04,1.584787639805278377e+04,5.948397918748088295e-09
8.722818136097201247e+00,1.515539452183303001e+04,1.592485285857162307e+04,5.554812580143235512e-09
8.749774283030328448e+00,1.515073457767662694e+04,1.600561035086601441e+04,5.182357961978699872e-09
8.776286348690353734e+00,1.512989790579150576e+04,1.608559830625763971e+04,4.857121757673208618e-09
8.801825591332830712e+00,1.512750027468322151e+04,1.616299025633839847e+04,4.582340401661964092e-09
8.828532778032107231e+00,1.512200690591353668e+04,1.624464671693737728e+04,4.294119146181513634e-09
8.855563246069364070e+00,1.510038292931986871e+04,1.632904390398140276e+04,4.044075790496515183e-09
8.883053462218098772e+00,1.509810663235912034e+04,1.641629700514372598e+04,3.802222489920425075e-09
8.909556641348215678e+00,1.509507383357048457e+04,1.650131427044503289e+04,3.594397653037747171e-09
8.937069972216965752e+00,1.507261581626505358e+04,1.658985183890865301e+04,3.385223761926050165e-09
8.963869459062340894e+00,1.506962622553447181e+04,1.667530578828665239e+04,3.195744148185480115e-09
8.991803117283041047e+00,1.506790154341241941e+04,1.676271854836994680e+04,3.010732504643919318e-09
9.017006567223164737e+00,1.506478082407989132e+04,1.683952490616540308e+04,2.858411067543093944e-09
9.045214196843973653e+00,1.504318434199988042e+04,1.692297819325130331e+04,2.698516429522312216e-09
9.072512666233549794e+00,1.504050261048190441e+04,1.700103537843455706e+04,2.548369091597213219e-09
9.098673876375137581e+00,1.503920673790632281e+04,1.707337238787193928e+04,2.408708047068818753e-09
9.126200428983963775e+00,1.503764436521665448e+04,1.714687809246964753e+04,2.284716915263530597e-09
9.155472791143118627e+00,1.503186245884650634e+04,1.722250105745053224e+04,2.154169246441345740e-09
9.186050588865619204e+00,1.501373595009661221e+04,1.729848466502432348e+04,2.022035823080865387e-09
9.212826705001305072e+00,1.501123358612336597e+04,1.736271951117233039e+04,1.924335322602973019e-09
9.241232388032011968e+00,1.501021571697175568e+04,1.742852168709590842e+04,1.817162552087128003e-09
9.271551249321111854e+00,1.500918318931794056e+04,1.749601388284508357e+04,1.715641194575934620e-09
9.296817525136146898e+00,1.500765347917738472e+04,1.755020912290170236e+04,1.635350254753445110e-09
9.325096009551010923e+00,1.500292307981363228e+04,1.760857891502243001e+04,1.547106010603901669e-09
9.354636993020660540e+00,1.499679804603721459e+04,1.766701016471551702e+04,1.519168345628163239e-09
9.383088762116413406e+00,1.499031374145695372e+04,1.772081140526205127e+04,1.517842281724104158e-09
9.411316679348029623e+00,1.498202045904097577e+04,1.777181507648748084e+04,1.516527821927773309e-09
9.438089078269380039e+00,1.498158871899494989e+04,1.781811062983670854e+04,1.515282481863725030e-09
9.464244724324796465e+00,1.498129140415900474e+04,1.786124172005607761e+04,1.514067257469737968e-09
9.497971397839435781e+00,1.498099762138207188e+04,1.791409178956967298e+04,1.512502707719612744e-09
9.523212359536236349e+00,1.498095236902201214e+04,1.795145275263071017e+04,1.511333821482338728e-09
9.561359316065885849e+00,1.800467587574015852e+04,1.800467587574015852e+04,1.509570970175645773e-09
9.588082534209988239e+00,1.803951584430576622e+04,1.803951584430576622e+04,1.508338988429548631e-09
9.613963307874158204e+00,1.807147518173623394e+04,1.807147518173623394e+04,1.507148369487896090e-09
9.644260706668795535e+00,1.810668982022442287e+04,1.810668982022442287e+04,1.505757990480173920e-09
9.673591695538727109e+00,1.813848794143363193e+04,1.813848794143363193e+04,1.504415728570144966e-09
9.698826256411958724e+00,1.816405794128351772e+04,1.816405794128351772e+04,1.503264119247393016e-09
9.739945763438711879e+00,1.820240000281617540e+04,1.820240000281617540e+04,1.501394303396539510e-09
9.768438995380524403e+00,1.822645361535367556e+04,1.822645361535367556e+04,1.500103841925323016e-09
9.809958653926734939e+00,1.825803739717039207e+04,1.825803739717039207e+04,1.498231596610092253e-09
9.843806276357252472e+00,1.828070891408657917e+04,1.828070891408657917e+04,1.496712878287356562e-09
9.870133907779509386e+00,1.829652289669429229e+04,1.829652289669429229e+04,1.495536528805810555e-09
9.895920894200543216e+00,1.831034591376179378e+04,1.831034591376179378e+04,1.494388711520170908e-09
9.923212972199033644e+00,1.832332444821469107e+04,1.832332444821469107e+04,1.493178780497110268e-09
9.958612680288432273e+00,1.833754559807914120e+04,1.833754559807914120e+04,1.491617179269278899e-09
9.984833491678083206e+00,1.834615555788532947e+04,1.834615555788532947e+04,1.490466331620661796e-09
1.001652157949211208e+01,1.835314839761233088e+04,1.835314839761233088e+04,1.489082471576973136e-09
1.005512660390932389e+01,1.836126352627612869e+04,1.836126352627612869e+04,1.487406830517902619e-09
1.009680484931535460e+01,1.836188011400573305e+04,1.836188011400573305e+04,1.485611651533475510e-09
1.012578731612137517e+01,1.836449985246198776e+04,1.836449985246198776e+04,1.484371188603049979e-09
1.016058694715293953e+01,1.836145082568705766e+04,1.836145082568705766e+04,1.482891641726134963e-09
1.019714508846289291e+01,1.835456755132972467e+04,1.835456755132972467e+04,1.481348770396086915e-09
1.023897590062305518e+01,1.834281837212565370e+04,1.834281837212565370e+04,1.479598011478995590e-09
1.028039861126493193e+01,1.832438279785561826e+04,1.832438279785561826e+04,1.477880629867299325e-09
1.030712200086769670e+01,1.831217205203122285e+04,1.831217205203122285e+04,1.476780893430292540e-09
1.034314008018742470e+01,1.828977623571406730e+04,1.828977623571406730e+04,1.475309993010891627e-09
1.037526488122751012e+01,1.826587543226239723e+04,1.826587543226239723e+04,1.474008983179037245e-09
1.040462075029851441e+01,1.824032717111629609e+04,1.824032717111629609e+04,1.472829236158605388e-09
1.043686781830578170e+01,1.820768751505863838e+04,1.820768751505863838e+04,1.471543593665256458e-09
1.046660335005706166e+01,1.817269377299898406e+04,1.817269377299898406e+04,1.470367861085387461e-09
1.050569226027792169e+01,1.811904646882710222e+04,1.811904646882710222e+04,1.468836943595532731e-09
1.054354079365364605e+01,1.805376462564497706e+04,1.805376462564497706e+04,1.467370663167845645e-09
1.057710792908626907e+01,1.798332605298138515e+04,1.798332605298138515e+04,1.466084104140613475e-09
1.061205607820606467e+01,1.788974458069478715e+04,1.788974458069478715e+04,1.464758805813915084e-09
1.064743853629613035e+01,1.615105496688163475e+04,1.775970156491212038e+04,1.463432371445051021e-09
1.068664239899149315e+01,1.584667014061625196e+04,1.745207401760687935e+04,1.461981505627139529e-09
1.072549665592056911e+01,1.572595886108202467e+04,1.572595886108202467e+04,1.460564248174609340e-09
1.075478229483627501e+01,1.567026011646372172e+04,1.567026011646372172e+04,1.459510559789763022e-09
1.078255986034850444e+01,1.563007589266044124e+04,1.563007589266044124e+04,1.521625694901985508e-09
1.080941252085800919e+01,1.559555742255315272e+04,1.559555742255315272e+04,1.776498588394241366e-09
1.083516443417072672e+01,1.556550521059662606e+04,1.556550521059662606e+04,2.115887689108565309e-09
1.086134095420196033e+01,1.553591067028541693e+04,1.553591067028541693e+04,2.653095814422246953e-09
1.088651148010962899e+01,1.550721693880160456e+04,1.550721693880160456e+04,3.508935597685167653e-09
1.091409484304076116e+01,1.547374330354062113e+04,1.547374330354062113e+04,5.318817024861691602e-09
1.093849274103516400e+01,1.543959325680401344e+04,1.543959325680401344e+04,8.748536814672446033e-09
1.095878635848653637e+01,1.540504697787568693e+04,1.540504697787568693e+04,1.398199816621720940e-08
1.098406008685070567e+01,1.534849461865630110e+04,1.534849461865630110e+04,2.131674595045813810e-08
1.100935148887456982e+01,1.528509572051299801e+04,1.528509572051299801e+04,2.507682088276010778e-08
1.103442510879115090e+01,1.521509975891452086e+04,1.521509975891452086e+04,2.660156952237927121e-08
1.105974398114178037e+01,1.514369847109674447e+04,1.514369847109674447e+04,2.743738564024675389e-08
1.108490888018524956e+01,1.507680405272470671e+04,1.507680405272470671e+04,2.830194740986237587e-08
1.110999026504173770e+01,1.499680646861306195e+04,1.499680646861306195e+04,3.005658296031796077e-08
1.113509012899701212e+01,1.489074520069024766e+04,1.489074520069024766e+04,4.025652111818193838e-08
1.114603463113566306e+01,1.485544998890722491e+04,1.485544998890722491e+04,6.392827106384946810e-08
1.116157238467025437e+01,1.481649800489321751e+04,1.481649800489321751e+04,4.015415199332522048e-08
1.117578961464190179e+01,1.478983084586249788e+04,1.478983084586249788e+04,2.530752300996014878e-08
1.120119392456741103e+01,1.476096196765313834e+04,1.476096196765313834e+04,1.657952541285886126e-08
1.122624236342912774e+01,1.473388220238309987e+04,1.473388220238309987e+04,1.306644146674462734e-08
1.125132555305460613e+01,1.471043521917404905e+04,1.471043521917404905e+04,1.104552320038473195e-08
1.127719727439409247e+01,1.470496111286786436e+04,1.534029758948619201e+04,9.685890767782592086e-09
1.130289657693651151e+01,1.467813268504883672e+04,1.549023764282629236e+04,8.659938560246331466e-09
1.132803197781102966e+01,1.467503329625173319e+04,1.564040570804813433e+04,7.849748523072620011e-09
1.135417105243496572e+01,1.464874839940580023e+04,1.587255089844871327e+04,7.167677795981748415e-09
1.137987436015493969e+01,1.464609553910615250e+04,1.613397954961334290e+04,6.578415455035636010e-09
1.140489276212367820e+01,1.462470436668465481e+04,1.634042912184374654e+04,6.078286507775876015e-09
1.143036118837083670e+01,1.461759983618603474e+04,1.650089614950098257e+04,5.621125714013292276e-09
1.145609320794018693e+01,1.461519279292896681e+04,1.663027650222203010e+04,5.201994291509068632e-09
1.148200989963733498e+01,1.459031891766434455e+04,1.674139427999682812e+04,4.813795844849750564e-09
1.150835498704881132e+01,1.458777610447108782e+04,1.684257641015242552e+04,4.478930819240697718e-09
1.153440539278373578e+01,1.458583446871024535e+04,1.693476795173546270e+04,4.148613840328039101e-09
1.156028908074952355e+01,1.456511737090191855e+04,1.702103618845563324e+04,3.872643059818913994e-09
1.158550455488025221e+01,1.455894122076751228e+04,1.710124983998542302e+04,3.617048337654079886e-09
1.161272543258974288e+01,1.455758619267704125e+04,1.718463468609251504e+04,3.361098786377776606e-09
1.163931045853635560e+01,1.455541558060126226e+04,1.726346821010931308e+04,3.131049731307766443e-09
1.166508177777275002e+01,1.453498182285357507e+04,1.733788369315150703e+04,2.924977388025417846e-09
1.169278765455363178e+01,1.452962085630325964e+04,1.741594086652575788e+04,2.718941616818063142e-09
1.171914146042506033e+01,1.452860232337959860e+04,1.748859439847921021e+04,2.535551753808086978e-09
1.174680063216209369e+01,1.452752059587719123e+04,1.756318563404551242e+04,2.367587516370321758e-09
1.177302066847414252e+01,1.452470499907194062e+04,1.763255606271127181e+04,2.210710941517045272e-09
1.180084719655027037e+01,1.450866578508546809e+04,1.770462185360301009e+04,2.065661246358595087e-09
1.182695846563265363e+01,1.450078970558728179e+04,1.777081529689643503e+04,1.930743369523736093e-09
1.185339521483685665e+01,1.450001724913753060e+04,1.783646047197021107e+04,1.811062003875776232e-09
1.188097376559803209e+01,1.449934257729021010e+04,1.790341736382113959e+04,1.695847404482763354e-09
1.191130274162956226e+01,1.449802683697341308e+04,1.797510811906192248e+04,1.571811937998875286e-09
1.194236272096150309e+01,1.449305699230588289e+04,1.804636421450516718e+04,1.459173608021792386e-09
1.197099868793165633e+01,1.448867273368802853e+04,1.811011074261722752e+04,1.426150661638531186e-09
1.200032428056032607e+01,1.448581549979014017e+04,1.817332313134971628e+04,1.425248636332786319e-09
1.203032694077320741e+01,1.448588414663965705e+04,1.823576171605387208e+04,1.424323788595548885e-09
1.205797001902385013e+01,1.829123279242912758e+04,1.829123279242912758e+04,1.423470219001752434e-09
1.208651612549310883e+01,1.834638884740018693e+04,1.834638884740018693e+04,1.422587641983709161e-09
1.211362047826185773e+01,1.839681638380462391e+04,1.839681638380462391e+04,1.421748854398113136e-09
1.214543123786835110e+01,1.845347694734853576e+04,1.845347694734853576e+04,1.420763826290640751e-09
1.217781464591139162e+01,1.850833512117878490e+04,1.850833512117878490e+04,1.419760789508661199e-09
1.220372298793973798e+01,1.855012320262852154e+04,1.855012320262852154e+04,1.418958409969022478e-09
1.223778924022539449e+01,1.860245004720129509e+04,1.860245004720129509e+04,1.417903861594225882e-09
1.226817810627012939e+01,1.864641270950902981e+04,1.864641270950902981e+04,1.416963947952885410e-09
1.229529372091057304e+01,1.868366195854271064e+04,1.868366195854271064e+04,1.416126183565380766e-09
1.232341770124047997e+01,1.872024862026048504e+04,1.872024862026048504e+04,1.415258393530627500e-09
1.236022011701364498e+01,1.876497289998724227e+04,1.876497289998724227e+04,1.414124925045019916e-09
1.239016009546874741e+01,1.879888694190115712e+04,1.879888694190115712e+04,1.413204882118339512e-09
1.242919234629501979e+01,1.883975438472672249e+04,1.883975438472672249e+04,1.412008634380588325e-09
1.245440093968154294e+01,1.886415115124127624e+04,1.886415115124127624e+04,1.411238206883960037e-09
1.248356972849698110e+01,1.889046794947620583e+04,1.889046794947620583e+04,1.410349061460165630e-09
1.253728373816283082e+01,1.893384908079950037e+04,1.893384908079950037e+04,1.408718814865169628e-09
1.256740477349152663e+01,1.895517545898594108e+04,1.895517545898594108e+04,1.407808987399524862e-09
1.261219797914725049e+01,1.898714219153147133e+04,1.898714219153147133e+04,1.406462646053728028e-09
1.263745229881063636e+01,1.899689723446049538e+04,1.899689723446049538e+04,1.405706578061254457e-09
1.268049181155234706e+01,1.901768494593613286e+04,1.901768494593613286e+04,1.404424821128417418e-09
1.272424851018128322e+01,1.903382572006181363e+04,1.903382572006181363e+04,1.403130011237832087e-09
1.276699708814711265e+01,1.904714993361146844e+04,1.904714993361146844e+04,1.401873709066301089e-09
1.280254343948225326e+01,1.905341272715914602e+04,1.905341272715914602e+04,1.400835620085482316e-09
1.283120936632407272e+01,1.905785574123490005e+04,1.905785574123490005e+04,1.400003159310176387e-09
1.287282966378726456e+01,1.906008686404461696e+04,1.906008686404461696e+04,1.398801913978576616e-09
1.290962908679781407e+01,1.905953620571254578e+04,1.905953620571254578e+04,1.397747443525836710e-09
1.294433700061093440e+01,1.905643512463820298e+04,1.905643512463820298e+04,1.396759608035363702e-09
1.297957481766764332e+01,1.905076237905869129e+04,1.905076237905869129e+04,1.395763509099311433e-09
1.301174487625023168e+01,1.904321859326534832e+04,1.904321859326534832e+04,1.394860210643460267e-09
1.304715084759745558e+01,1.903249100028668181e+04,1.903249100028668181e+04,1.393872907232446820e-09
1.307916208078185072e+01,1.902045791316199029e+04,1.902045791316199029e+04,1.392986564056238481e-09
1.310540266440576929e+01,1.900986773605719281e+04,1.900986773605719281e+04,1.392264586903506952e-09
1.314377623949588347e+01,1.898951937150569574e+04,1.898951937150569574e+04,1.391216037107260702e-09
1.317030902551898208e+01,1.897457975397325936e+04,1.897457975397325936e+04,1.390496341810269403e-09
1.319586651800098664e+01,1.895789553310110205e+04,1.895789553310110205e+04,1.389807137076196183e-09
1.323723253736490690e+01,1.892835487374289733e+04,1.892835487374289733e+04,1.388700278431738535e-09
1.326347638812361751e+01,1.890153892029344206e+04,1.890153892029344206e+04,1.388003906678698831e-09
1.329034508071408283e+01,1.888438615141142145e+04,1.888438615141142145e+04,1.387294969244043449e-09
1.333372340776241671e+01,1.884247195874259705e+04,1.884247195874259705e+04,1.386160723872064915e-09
1.336020601159526500e+01,1.881536788847111166e+04,1.881536788847111166e+04,1.385474284739049058e-09
1.340055671331153953e+01,1.876839263379317708e+04,1.876839263379317708e+04,1.384437415551612207e-09
1.343342335237675123e+01,1.872619215141465611e+04,1.872619215141465611e+04,1.383601001581579430e-09
1.348348695747673531e+01,1.865663751662342838e+04,1.865663751662342838e+04,1.382341348117389681e-09
1.351575667257229973e+01,1.860167594263258070e+04,1.860167594263258070e+04,1.381538816154894230e-09
1.354462880080470377e+01,1.645503168524481225e+04,1.854818439058658987e+04,1.380827254514459612e-09
1.357613423968898481e+01,1.634290847557755114e+04,1.848133884208767631e+04,1.380057946921621767e-09
1.360175073643956090e+01,1.627612557354754608e+04,1.841772979261521687e+04,1.379438103849235101e-09
1.362975271410221900e+01,1.621597175354092360e+04,1.833322526032567112e+04,1.378766555342395123e-09
1.366187290206848104e+01,1.615747269872798825e+04,1.819656799966285325e+04,1.378004318022696100e-09
1.369434714058114722e+01,1.610548906262359560e+04,1.610548906262359560e+04,1.542884224275129277e-09
1.372213052152819834e+01,1.606421056631876127e+04,1.606421056631876127e+04,1.735497787098533651e-09
1.374815494612459510e+01,1.602825240495092839e+04,1.602825240495092839e+04,1.978535830505824986e-09
1.377581919461773552e+01,1.599149742316173797e+04,1.599149742316173797e+04,2.340835824887365574e-09
1.380224711674306626e+01,1.595704997116464438e+04,1.595704997116464438e+04,2.858237867795928940e-09
1.383022807582054980e+01,1.592050326490229054e+04,1.592050326490229054e+04,3.720687812780842941e-09
1.385640777757476805e+01,1.588516971848073626e+04,1.588516971848073626e+04,5.135391284880638895e-09
1.388145522780897956e+01,1.584801929249966815e+04,1.584801929249966815e+04,7.642778455966882932e-09
1.390682769165515431e+01,1.580356742134303022e+04,1.580356742134303022e+04,1.216753034339270313e-08
1.393207050370744504e+01,1.574952254541310504e+04,1.574952254541310504e+04,1.781714455186876206e-08
1.395737772214810768e+01,1.568779759096402813e+04,1.568779759096402813e+04,2.190181598702486551e-08
1.398261172959740328e+01,1.562250245345469739e+04,1.562250245345469739e+04,2.428729535949122756e-08
1.400761826242766439e+01,1.555965754311536693e+04,1.555965754311536693e+04,2.586284617039960514e-08
1.403304179874455215e+01,1.549605063337784850e+04,1.549605063337784850e+04,2.722844000625965156e-08
1.405810109937058350e+01,1.543170062824250635e+04,1.543170062824250635e+04,2.778627785577025134e-08
1.408312185812329531e+01,1.536047439573963675e+04,1.536047439573963675e+04,2.857083741259674245e-08
1.410874663379720140e+01,1.529305587428729632e+04,1.529305587428729632e+04,2.955833776797562734e-08
1.413398781471111398e+01,1.522788148982942221e+04,1.522788148982942221e+04,3.109833829003210825e-08
1.415920565008990195e+01,1.515378308060199743e+04,1.515378308060199743e+04,3.367434731694991759e-08
1.418461660616865672e+01,1.507699165189423911e+04,1.507699165189423911e+04,3.679340701107848753e-08
1.420979974939831791e+01,1.498938426130401967e+04,1.498938426130401967e+04,3.940908594366129096e-08
1.423482570450030948e+01,1.490168680513111030e+04,1.490168680513111030e+04,4.150180995292877999e-08
1.425988693144226716e+01,1.481073762320103197e+04,1.481073762320103197e+04,4.273270908161174303e-08
1.428494722037556208e+01,1.472078584787918044e+04,1.472078584787918044e+04,4.321825279555617213e-08
1.431016490475495040e+01,1.462930872423762776e+04,1.462930872423762776e+04,4.295832314645567620e-08
1.433542622425965618e+01,1.453794445255676328e+04,1.453794445255676328e+04,4.247271950571755260e-08
1.436052805882042804e+01,1.443836206734071129e+04,1.443836206734071129e+04,4.638176261379598141e-08
1.437161821925897343e+01,1.438242209568323051e+04,1.438242209568323051e+04,7.488496089520774664e-08
1.438918052642775258e+01,1.431192960323911029e+04,1.431192960323911029e+04,4.675490408611535816e-08
1.440135892505660564e+01,1.430018464380853766e+04,1.430018464380853766e+04,2.944341075302125940e-08
1.442503349680061930e+01,1.425788449246770688e+04,1.425788449246770688e+04,1.853038155737971783e-08
1.445020413528344605e+01,1.424829015257443643e+04,1.610506683224599328e+04,1.412607215975238753e-08
1.447593300166204244e+01,1.422489996539037929e+04,1.629876018570116139e+04,1.176631853461177782e-08
1.450150667554982142e+01,1.419731160219231606e+04,1.642372877328004324e+04,1.019619267888345142e-08
1.452675128876469302e+01,1.419397804493491822e+04,1.653314498482042836e+04,9.030544715625271756e-09
1.455255824715262492e+01,1.416733154565926816e+04,1.664044337539723711e+04,8.101439060601897192e-09
1.457794837725435322e+01,1.416472550009117185e+04,1.674514256155002658e+04,7.351508751550823023e-09
1.460315044561230202e+01,1.413829720489792089e+04,1.684876263541177832e+04,6.702226864380267516e-09
1.462834371984586745e+01,1.413633973067770057e+04,1.695114894368021123e+04,6.135272239523842684e-09
1.465441501572246530e+01,1.412592208819572625e+04,1.705425474104342720e+04,5.621740580334365600e-09
1.468015049706829700e+01,1.410777535613765394e+04,1.715208819961046538e+04,5.174030320747827468e-09
1.470615863648020571e+01,1.410624876300842698e+04,1.724661545151978135e+04,4.768818153271941357e-09
1.473237936983175800e+01,1.409475433533645446e+04,1.733767132775392747e+04,4.380778187211322119e-09
1.475924492283450995e+01,1.407861256323672205e+04,1.742693564101908487e+04,4.046598805481893936e-09
1.478430369902775787e+01,1.407732339614198463e+04,1.750694789494513316e+04,3.751689273964130894e-09
1.481139259636065120e+01,1.407092136232809753e+04,1.759029371258082756e+04,3.456226745826443225e-09
1.483844150881370005e+01,1.405289431333540597e+04,1.767062357346250064e+04,3.189754204924429698e-09
1.486551301076339193e+01,1.405184321735469712e+04,1.774844799006420362e+04,2.949460397929697612e-09
1.489191030983311848e+01,1.405092466713905196e+04,1.782205665287113879e+04,2.735022439938116182e-09
1.491753829003773468e+01,1.404866327646730861e+04,1.789149053851536883e+04,2.534025137660543439e-09
1.494481046360729692e+01,1.402636926577655504e+04,1.796335093479607531e+04,2.350791178775548310e-09
1.497158878611763377e+01,1.402334844451465869e+04,1.803188334032797138e+04,2.178673594294265087e-09
1.499988284800890703e+01,1.402266845838986228e+04,1.810217208490648045e+04,2.015610516925004537e-09
1.502716456345648588e+01,1.402216584656181840e+04,1.816797263738680704e+04,1.865049287292734457e-09
1.505597862381740093e+01,1.402141009634041802e+04,1.823532979620830520e+04,1.728254905781841329e-09
1.508255266813457318e+01,1.401864157162615993e+04,1.829548549514267506e+04,1.608627535611115388e-09
1.511174440943049824e+01,1.401062110353615935e+04,1.835941162325617552e+04,1.486843068853127143e-09
1.514301338921902484e+01,1.400513498573936340e+04,1.842535727696279719e+04,1.366414100723726274e-09
1.517042429689720784e+01,1.400193004574488077e+04,1.848103250280607244e+04,1.352077722882068610e-09
1.520036808290040220e+01,1.399419419007421857e+04,1.853958056146078889e+04,1.351483894046863201e-09
1.523407457889339689e+01,1.399419998663288789e+04,1.860261996512779660e+04,1.350814785643418021e-09
1.526092693636102382e+01,1.865066745153426746e+04,1.865066745153426746e+04,1.350281420621702674e-09
1.529045799078027379e+01,1.870130757546775567e+04,1.870130757546775567e+04,1.349694701654034249e-09
1.532269321568456988e+01,1.875408711584927369e+04,1.875408711584927369e+04,1.349054279722368665e-09
1.535726318077288433e+01,1.880768220781370474e+04,1.880768220781370474e+04,1.348367744005754084e-09
1.539055947121586954e+01,1.885640551773194238e+04,1.885640551773194238e+04,1.347706993063752213e-09
1.541988311151395941e+01,1.889713040899637781e+04,1.889713040899637781e+04,1.347125648025097746e-09
1.545544206323685721e+01,1.894363883459636781e+04,1.894363883459636781e+04,1.346421615105779078e-09
1.548895318295915402e+01,1.898481928383717241e+04,1.898481928383717241e+04,1.345759251011534027e-09
1.552337949568434716e+01,1.902438677721440763e+04,1.902438677721440763e+04,1.345080126279583588e-09
1.555389117622253359e+01,1.905723366353146776e+04,1.905723366353146776e+04,1.344479512410847242e-09
1.559601434562201305e+01,1.909927419855716289e+04,1.909927419855716289e+04,1.343652539250807786e-09
1.563691483134857307e+01,1.913655762904217409e+04,1.913655762904217409e+04,1.342852290260323082e-09
1.567633836175660100e+01,1.916928689622831735e+04,1.916928689622831735e+04,1.342083718961520038e-09
1.570574053497647782e+01,1.919193853730338014e+04,1.919193853730338014e+04,1.341512432857714341e-09
1.573181505373168676e+01,1.921415425053793660e+04,1.921415425053793660e+04,1.341007269281592338e-09
1.575776910002619502e+01,1.922754334395124897e+04,1.922754334395124897e+04,1.340505797946432582e-09
1.580039883554769098e+01,1.925533229078014847e+04,1.925533229078014847e+04,1.339685351263363826e-09
1.583057225853713135e+01,1.926953222317528707e+04,1.926953222317528707e+04,1.339107130537237033e-09
1.587279689756120149e+01,1.929393562160397050e+04,1.929393562160397050e+04,1.338301615031970405e-09
1.591690626133267017e+01,1.930737142651579779e+04,1.930737142651579779e+04,1.337464830986177610e-09
1.594266112224265264e+01,1.931957043046278341e+04,1.931957043046278341e+04,1.336978569468755357e-09
1.596953981243162168e+01,1.932473243050638484e+04,1.932473243050638484e+04,1.336472923866296795e-09
1.601307973128252016e+01,1.933793673607799064e+04,1.933793673607799064e+04,1.335658020251678580e-09
1.604189508884908832e+01,1.934201968834012951e+04,1.934201968834012951e+04,1.335121561965464017e-09
1.609057070962850133e+01,1.934850152021625036e+04,1.934850152021625036e+04,1.334220810772988557e-09
1.612580555618390932e+01,1.935307873793061299e+04,1.935307873793061299e+04,1.333572979030462034e-09
1.615314857593446263e+01,1.935361240951130821e+04,1.935361240951130821e+04,1.333072843363153069e-09
1.618325028881514882e+01,1.935547406088232674e+04,1.935547406088232674e+04,1.332524847379889239e-09
1.622945739856415415e+01,1.935140460636335774e+04,1.935140460636335774e+04,1.331689106166213639e-09
1.626851773066777795e+01,1.935240065185628919e+04,1.935240065185628919e+04,1.330987798252805839e-09
1.630020581848180683e+01,1.934853900308235825e+04,1.934853900308235825e+04,1.330422485937724253e-09
1.634154880770570983e+01,1.934359653952590088e+04,1.934359653952590088e+04,1.329689751469825615e-09
1.637323689551973871e+01,1.934296622529652086e+04,1.934296622529652086e+04,1.329132005990616073e-09
1.641387070358704747e+01,1.932971141252969755e+04,1.932971141252969755e+04,1.328421657020210678e-09
1.644555879140107635e+01,1.933651514059918190e+04,1.933651514059918190e+04,1.327871648229525566e-09
1.648549562890330122e+01,1.931088596922030047e+04,1.931088596922030047e+04,1.327183370152243502e-09
1.651718371671733010e+01,1.931958597243036638e+04,1.931958597243036638e+04,1.326641306402032885e-09
1.655742069427137864e+01,1.928714576204156037e+04,1.928714576204156037e+04,1.325958129025108487e-09
1.658910878208540751e+01,1.929741578936177757e+04,1.929741578936177757e+04,1.325424344510665364e-09
1.662886516466960884e+01,1.925851908216226730e+04,1.925851908216226730e+04,1.324759904288777675e-09
1.666055325248363772e+01,1.926972610448178966e+04,1.926972610448178966e+04,1.324234724779107976e-09
1.669858419771581026e+01,1.922517452451305508e+04,1.922517452451305508e+04,1.323609618470767736e-09
1.672944167442205909e+01,1.920805346846712200e+04,1.920805346846712200e+04,1.323106795535900216e-09
1.676634899303499537e+01,1.614217411185442870e+04,1.918605676692477209e+04,1.322510716349249862e-09
1.680156204760704597e+01,1.601889213354019921e+04,1.916301779013894702e+04,1.321947660504357547e-09
1.682807487156060589e+01,1.596778444427293289e+04,1.914402860000857254e+04,1.321527567662776174e-09
1.685462558371677844e+01,1.592874623462583804e+04,1.912336303190325998e+04,1.354879264003154007e-09
1.688145999237276484e+01,1.589481414801378014e+04,1.910048039764962959e+04,1.528551685484110782e-09
1.690926328163547510e+01,1.586345149836772907e+04,1.907426980074100720e+04,1.772737980926965187e-09
1.693557757565898925e+01,1.583583515903785701e+04,1.904651422009153976e+04,2.098354166633018043e-09
1.696081266977211044e+01,1.581002139323853953e+04,1.901651874641741233e+04,2.553467495108387110e-09
1.698831804249336130e+01,1.578208846316058407e+04,1.897890932858399538e+04,3.327164999884508482e-09
1.701510234823032874e+01,1.575352824237272762e+04,1.893550820097544783e+04,4.600548736404027886e-09
1.704099963040141219e+01,1.572315517696552706e+04,1.888432402270648527e+04,6.727087512146189637e-09
1.706610958349013529e+01,1.568883374863131212e+04,1.882145099295525142e+04,9.911547848183017031e-09
1.709141340246761942e+01,1.564988270733202262e+04,1.873649797470858539e+04,1.342653751781973343e-08
1.711667384272169201e+01,1.560749220612022327e+04,1.860899552112399761e+04,1.592379667544052841e-08
1.714215064931433119e+01,1.556118888414109460e+04,1.556118888414109460e+04,1.732104619842575442e-08
1.716773273994932580e+01,1.551062835680356693e+04,1.551062835680356693e+04,1.807820143077153188e-08
1.719356864517655481e+01,1.546863246319143218e+04,1.546863246319143218e+04,1.857121926573029443e-08
1.721871115713656408e+01,1.541680952358103968e+04,1.541680952358103968e+04,1.881429168449830868e-08
1.724422153615753928e+01,1.537714867764594055e+04,1.537714867764594055e+04,1.904078246955013506e-08
1.726987443895228935e+01,1.532580958400273994e+04,1.532580958400273994e+04,1.904300975183335267e-08
1.729541788078087095e+01,1.528498689224795089e+04,1.528498689224795089e+04,1.904720977617609569e-08
1.732072289953507394e+01,1.523480772356919988e+04,1.523480772356919988e+04,1.901853856739173782e-08
1.734584735694286906e+01,1.519605266775626478e+04,1.519605266775626478e+04,1.896216886344323315e-08
1.737115119311886247e+01,1.514634622793850758e+04,1.514634622793850758e+04,1.885521517843839735e-08
1.739627675065979773e+01,1.510855799843676868e+04,1.510855799843676868e+04,1.857402324644317934e-08
1.742156209356189933e+01,1.505825423523836616e+04,1.505825423523836616e+04,1.831289737273060507e-08
1.744685434184703254e+01,1.502188003603165998e+04,1.502188003603165998e+04,1.815481171339867220e-08
1.747229283087993323e+01,1.497385536171267813e+04,1.497385536171267813e+04,1.790397571668339576e-08
1.749737201074682247e+01,1.493537834499876953e+04,1.621884015401121360e+04,1.777871442477635381e-08
1.752275067703196498e+01,1.489623716165791302e+04,1.637578483003284055e+04,1.767534098873682154e-08
1.754795340021656713e+01,1.484842940908184028e+04,1.648905811510680360e+04,1.786731352944102175e-08
1.757309539708658619e+01,1.481223578308189826e+04,1.658513384113244319e+04,1.820443981928164624e-08
1.759876879983907116e+01,1.476008973507930386e+04,1.667324926672521178e+04,1.894675188674357324e-08
1.762399126402521432e+01,1.472078569694415819e+04,1.675319587551636141e+04,2.037268214612247866e-08
1.764937789985328820e+01,1.466538914935724097e+04,1.682871054362332507e+04,2.261479574471845965e-08
1.767455595601664697e+01,1.460662536803065632e+04,1.689991106289176605e+04,2.544136219855249245e-08
1.769976304882125362e+01,1.454491097179433746e+04,1.696805437047502710e+04,2.834424050331784572e-08
1.772491467275338195e+01,1.448208223588268629e+04,1.703341086014923712e+04,3.091657005156277340e-08
1.775022999142244728e+01,1.441166425615624576e+04,1.709688964558564112e+04,3.315075069419697906e-08
1.777528272839711576e+01,1.433279876127289390e+04,1.715769920644906961e+04,3.493011391995690094e-08
1.780053417553338946e+01,1.425509289689074467e+04,1.721726118163682258e+04,3.640982947434704805e-08
1.782564279034823329e+01,1.418056585143332268e+04,1.727497917703315034e+04,3.645133697862664379e-08
1.785101834095690521e+01,1.409615903460778827e+04,1.733206568213421633e+04,3.591259815400116079e-08
1.787610502041005489e+01,1.402861705818753035e+04,1.738761663839927132e+04,3.438944396357018531e-08
1.790143820897077376e+01,1.393661479026666530e+04,1.744288896843737894e+04,4.177416233738306244e-08
1.790973219314458476e+01,1.390627090264481194e+04,1.746055445646489170e+04,6.666779824155131737e-08
1.792696326131817131e+01,1.385599435051845467e+04,1.749540150791292763e+04,4.173150605557499709e-08
1.794063506690592291e+01,1.383037518330501007e+04,1.752386251197565434e+04,2.611658321749939730e-08
1.796607839903130355e+01,1.380398777154359777e+04,1.757808105164355948e+04,1.642294727926751432e-08
1.799138984608448411e+01,1.377633503605907026e+04,1.763294855303122677e+04,1.253326661373142589e-08
1.801689187817009241e+01,1.374964783239125973e+04,1.768882721809992654e+04,1.031995926562591013e-08
1.804266120671013951e+01,1.374623436555671105e+04,1.774583094269868889e+04,8.820674269175945405e-09
1.806814176295124952e+01,1.371919351887461198e+04,1.780270023418128039e+04,7.708633973741560616e-09
1.809340095560979833e+01,1.371706713393244900e+04,1.785943228227709551e+04,6.836991231190931097e-09
1.811926751667378355e+01,1.370895941920282166e+04,1.791781590505914573e+04,6.104046425354524572e-09
1.814443162432296575e+01,1.368833059001631045e+04,1.797475616605878167e+04,5.513487682955229047e-09
1.816976315004745857e+01,1.368699372935452448e+04,1.803204655565485518e+04,5.003464770558983799e-09
1.819602855116918505e+01,1.367377577256902259e+04,1.809135744491482183e+04,4.527297142270185143e-09
1.822122591746419573e+01,1.365890295791322387e+04,1.814797042564000003e+04,4.146281071139713732e-09
1.824706915371903904e+01,1.365793408198151337e+04,1.820559087987238672e+04,3.789796289550535800e-09
1.827395013913690036e+01,1.365607166289651650e+04,1.826489542925892238e+04,3.453131447748778015e-09
1.830113869328935294e+01,1.363087461639934372e+04,1.832412864999868907e+04,3.153112139704431929e-09
1.832785403843693217e+01,1.362952972220162519e+04,1.838135451307264520e+04,2.893759485717150934e-09
1.835533368098490214e+01,1.362869025684276312e+04,1.843911645257330019e+04,2.651240626520573684e-09
1.838251562541617901e+01,1.362687364317655556e+04,1.849505034699798489e+04,2.425679377839486515e-09
1.840813698937401099e+01,1.360935351167411500e+04,1.854659245905704665e+04,2.245409415366624215e-09
1.843359386464460314e+01,1.360415389323931231e+04,1.859657483790826518e+04,2.071562416224191256e-09
1.846067373287654334e+01,1.360361603300430397e+04,1.864824741730782625e+04,1.910761132042659238e-09
1.848568617551330462e+01,1.360329500207102865e+04,1.869466903760942296e+04,1.773263260357244811e-09
1.851407616221723629e+01,1.360293741293872699e+04,1.874577032176503053e+04,1.628912870027343363e-09
1.853967646946392733e+01,1.360238029729515256e+04,1.879025677692729732e+04,1.510557100906368586e-09
1.856712124938565722e+01,1.359942342607609316e+04,1.883644417080777203e+04,1.394315658230186593e-09
1.859774001921015341e+01,1.359558045548320842e+04,1.888588435542155639e+04,1.300065936757571886e-09
1.862419368602315117e+01,1.359675017561819550e+04,1.892700002668986053e+04,1.299722040392026456e-09
1.865413207255286210e+01,1.897156419033911516e+04,1.897156419033911516e+04,1.299333297681901934e-09
1.868745323626479049e+01,1.901893723276977835e+04,1.901893723276977835e+04,1.298901294094440520e-09
1.871385704869788569e+01,1.905469365354950060e+04,1.905469365354950060e+04,1.298559543499147419e-09
1.874253684399221598e+01,1.909180090330629901e+04,1.909180090330629901e+04,1.298188958794895207e-09
1.877441483327994121e+01,1.913105687515207683e+04,1.913105687515207683e+04,1.297777882885141153e-09
1.880949912697470339e+01,1.917181976240484437e+04,1.917181976240484437e+04,1.297326566744744777e-09
1.884900245162961241e+01,1.921465420458126391e+04,1.921465420458126391e+04,1.296819904742527384e-09
1.887746762570997561e+01,1.924361582340341192e+04,1.924361582340341192e+04,1.296455865698414413e-09
1.891061147462899683e+01,1.927539818707027734e+04,1.927539818707027734e+04,1.296033165710995296e-09
1.894279140038167242e+01,1.930423279924515373e+04,1.930423279924515373e+04,1.295624023794126342e-09
1.897496975988937606e+01,1.933119669024950417e+04,1.933119669024950417e+04,1.295216215249368271e-09
1.901657001225592225e+01,1.936328584371843317e+04,1.936328584371843317e+04,1.294691018652596399e-09
1.905689635226070067e+01,1.939149501163803143e+04,1.939149501163803143e+04,1.294184182229469072e-09
1.910007147302457753e+01,1.941871240498490079e+04,1.941871240498490079e+04,1.293644136821198598e-09
1.914108258389760664e+01,1.944174782548056828e+04,1.944174782548056828e+04,1.293133742698501152e-09
1.917090344336013885e+01,1.945680039033601133e+04,1.945680039033601133e+04,1.292764248439388428e-09
1.920874681733916489e+01,1.947397506214878740e+04,1.947397506214878740e+04,1.292297394812786953e-09
1.923558084479202535e+01,1.948482130260716804e+04,1.948482130260716804e+04,1.291967775398792200e-09
1.926131825797324737e+01,1.949426619445841061e+04,1.949426619445841061e+04,1.291652763841138360e-09
1.930261295588333326e+01,1.950739294624786999e+04,1.950739294624786999e+04,1.291149708342226017e-09
1.933383723432456947e+01,1.951573837350322719e+04,1.951573837350322719e+04,1.290771317154985455e-09
1.937267185143153014e+01,1.952429278721953233e+04,1.952429278721953233e+04,1.290303162988210017e-09
1.939983698269796619e+01,1.952907452399048270e+04,1.952907452399048270e+04,1.289977342039237058e-09
1.944279232393714096e+01,1.953465547373040681e+04,1.953465547373040681e+04,1.289464996340296702e-09
1.946782291601827453e+01,1.953683174191950093e+04,1.953683174191950093e+04,1.289168105214458300e-09
1.950940962732516581e+01,1.953869220903715177e+04,1.953869220903715177e+04,1.288677634356990790e-09
1.953970547420774651e+01,1.953872774604522419e+04,1.953872774604522419e+04,1.288322587253700925e-09
1.956470947681701489e+01,1.953789645292581554e+04,1.953789645292581554e+04,1.288031039265949407e-09
1.960074097036714136e+01,1.953538196540625358e+04,1.953538196540625358e+04,1.287613350034565081e-09
1.963581953388676382e+01,1.573039084094314967e+04,1.953140388383257596e+04,1.287209592691556355e-09
1.966944228300136288e+01,1.568105624585194892e+04,1.952616231609920214e+04,1.286825404167692827e-09
1.970430760866275577e+01,1.563924625774431479e+04,1.951921386413676009e+04,1.385291957771473195e-09
1.973505532780040994e+01,1.560750208136341280e+04,1.951173874206134133e+04,1.587756447033822152e-09
1.976197339319770663e+01,1.558143114621266795e+04,1.950411238347796825e+04,1.829267003231998664e-09
1.978699969969962424e+01,1.555826335614528398e+04,1.949601093223704811e+04,2.122771023479657355e-09
1.981521910297833600e+01,1.553231025618392960e+04,1.948558829842995692e+04,2.595871713430387916e-09
1.984050192364359688e+01,1.550817877601713371e+04,1.947495502000126362e+04,3.205581511927451506e-09
1.986660248355572023e+01,1.548208644885461035e+04,1.946245831694230947e+04,4.122451956136948678e-09
1.989181993678407423e+01,1.545540004584958479e+04,1.944868426825131610e+04,5.396817662806555887e-09
1.991742030240834893e+01,1.542584392599586135e+04,1.943263903121350450e+04,7.112249358062819276e-09
1.994284660431623379e+01,1.539329112269508187e+04,1.941432538030652722e+04,8.996925926241693448e-09
1.996862817962311709e+01,1.535693279100442123e+04,1.939306243241809352e+04,1.064005941787735204e-08
1.999447427803610111e+01,1.532198853868845617e+04,1.936877419847277633e+04,1.178579612017374563e-08
2.001961032958258357e+01,1.528677261085917598e+04,1.934211627470438179e+04,1.243991467580608228e-08
2.004547054458042865e+01,1.524393996124562364e+04,1.931137723538209320e+04,1.277185356743808462e-08
2.007079095665766744e+01,1.520645250304277033e+04,1.927769613739178385e+04,1.292511869123629244e-08
2.009631378966326309e+01,1.517250507423095769e+04,1.923983298515431306e+04,1.300934177736485170e-08
2.012137131758176523e+01,1.513924236828418725e+04,1.919830527754313152e+04,1.308081799017971808e-08
2.014723205343013035e+01,1.509854491108176262e+04,1.915022509010748763e+04,1.302025965015789158e-08
2.017310396083223978e+01,1.506047663427449152e+04,1.909568790038441875e+04,1.287822573292580886e-08
2.019901361460646072e+01,1.502693022505822046e+04,1.903290020232944880e+04,1.280032296930084844e-08
2.022494901828416403e+01,1.499442007453846782e+04,1.895884690137016878e+04,1.275879201312915313e-08
2.025084696429976816e+01,1.496194439081367636e+04,1.886816978143237793e+04,1.256484877674709449e-08
2.027711856069490892e+01,1.492630526657610608e+04,1.874457976122500622e+04,1.245292432564538304e-08
2.030225652582247164e+01,1.489089436275252774e+04,1.852657464311747390e+04,1.224720277679513425e-08
2.032749204864304815e+01,1.485690506544860182e+04,1.595889736943637399e+04,1.205720462663871047e-08
2.035317042754694228e+01,1.482379572387910957e+04,1.602816706326654094e+04,1.191663228777419645e-08
2.037899640194087780e+01,1.479182964439442549e+04,1.609334038832657825e+04,1.171610166119098173e-08
2.040437077837313495e+01,1.476102592444308539e+04,1.615556589322984837e+04,1.153433225938365610e-08
2.042952210425100645e+01,1.473172601341550035e+04,1.621686953620099484e+04,1.154935780807911072e-08
2.045457921219750830e+01,1.470225438441644656e+04,1.627845117838110673e+04,1.119651361055097135e-08
2.047976216674573280e+01,1.467243855975201041e+04,1.634135532878302365e+04,1.103298556923125255e-08
2.050557979180851831e+01,1.464248249768698224e+04,1.640725216505023855e+04,1.098006654751438538e-08
2.053098311324764680e+01,1.461322264467161222e+04,1.647360113278092831e+04,1.064600941780658919e-08
2.055616226196035257e+01,1.458513601450249007e+04,1.654077856254800281e+04,1.045671777749596742e-08
2.058246417437832321e+01,1.455699956514510632e+04,1.661260983371407929e+04,1.027645867352137897e-08
2.060771298903226878e+01,1.453450687468847173e+04,1.668280942094137936e+04,1.005780711099525646e-08
2.063288431725623084e+01,1.451122745208849847e+04,1.675382760418827456e+04,9.835512797916103475e-09
2.065822757692419387e+01,1.448392583783182090e+04,1.682666355217821183e+04,9.593250766375972485e-09
2.068338810297522201e+01,1.445848280099591648e+04,1.689984683101172777e+04,9.331501958168505832e-09
2.070876853145724894e+01,1.443049514151320182e+04,1.697495277222311051e+04,9.087822811936374870e-09
2.073414130844827952e+01,1.440240840952169128e+04,1.705100949272145226e+04,8.893376853158073816e-09
2.075923913242530006e+01,1.437644370618713219e+04,1.712781141992015182e+04,8.600122867007390451e-09
2.078438741303189374e+01,1.436206052433485274e+04,1.720585626226746535e+04,8.373132910496911332e-09
2.080953524211566474e+01,1.433801312984334072e+04,1.728560734040343232e+04,8.184999446342591965e-09
2.083487324497955129e+01,1.431053026331018191e+04,1.736740338720884029e+04,8.045458846529591961e-09
2.086030625285590290e+01,1.428464999008743143e+04,1.745108451891119694e+04,7.939021320603786259e-09
2.088626338851872788e+01,1.426162332806079212e+04,1.753790459356028441e+04,7.900019205156317135e-09
2.091129216293879267e+01,1.424751496918625344e+04,1.762290381423619328e+04,7.952610215716231424e-09
2.093736769624302596e+01,1.422051435787315495e+04,1.771256910402949507e+04,8.072172878660186052e-09
2.096241941381507701e+01,1.419227248343842984e+04,1.779937380743137328e+04,8.332036753800644179e-09
2.098779512046725060e+01,1.416433531691356984e+04,1.788715218378250938e+04,8.752508775823851235e-09
2.101334227448483105e+01,1.413859390767412151e+04,1.797490499706934861e+04,9.369177914354749926e-09
2.103912530937533276e+01,1.411252529000727372e+04,1.806199484666406715e+04,1.019759802229792459e-08
2.106484902059209574e+01,1.408119741686600719e+04,1.814679032869097500e+04,1.116960617002339180e-08
2.109028856112028905e+01,1.404407219443733629e+04,1.822778297563279193e+04,1.223627847704257548e-08
2.111631615506583515e+01,1.401020085906059467e+04,1.830757893966046322e+04,1.323560504285605716e-08
2.114134827632536684e+01,1.397695057014529993e+04,1.838092219408813253e+04,1.414752544828023903e-08
2.116676246304193043e+01,1.394110967535069904e+04,1.845181315410697789e+04,1.489177782125197120e-08
2.119198011263228665e+01,1.389243470257476656e+04,1.851843325094813190e+04,1.551980417031680549e-08
2.121725779166308357e+01,1.385554411131978304e+04,1.858179534358996898e+04,1.596989744466209892e-08
2.124284930372811075e+01,1.381477468310480253e+04,1.864254962296253871e+04,1.621251351088916085e-08
2.126793587390151430e+01,1.376955488915350361e+04,1.869898289877538627e+04,1.641697013650840986e-08
2.129305750565011834e+01,1.373415786059913808e+04,1.875264142721619282e+04,1.640480478083372986e-08
2.131817675028771575e+01,1.368573594304128892e+04,1.880352123221213333e+04,1.632655323164903310e-08
2.134333150942808999e+01,1.364714191707587815e+04,1.885191305247351920e+04,1.600710263873782955e-08
2.136873483828922105e+01,1.361152922987038619e+04,1.889862184354166675e+04,1.621335075026523328e-08
2.139393046637716012e+01,1.355830330007853263e+04,1.894261703178186872e+04,1.674229529085325695e-08
2.141688859081831708e+01,1.351218202381705851e+04,1.898074770447884657e+04,2.661247798945702773e-08
2.144201281499644551e+01,1.346786749107064497e+04,1.901873040372688411e+04,2.853557752453623255e-08
2.146048620678243779e+01,1.344188511462886891e+04,1.904596051695889764e+04,1.785872381452847052e-08
2.148599364087833052e+01,1.341432515348774541e+04,1.908304986876896146e+04,1.202560260627330335e-08
2.151101822805105002e+01,1.339135440824396574e+04,1.911850892533614751e+04,9.217008762101279525e-09
2.153659275081005475e+01,1.338540505436823332e+04,1.915374060278031538e+04,7.471132876115152080e-09
2.156219500305525827e+01,1.336163391736452286e+04,1.918807921511170207e+04,6.281932990213360404e-09
2.158770222702630548e+01,1.335973684325860268e+04,1.922128384775133236e+04,5.402948135277102099e-09
2.161287954136041378e+01,1.335791450233397154e+04,1.925309598238928447e+04,4.741438631812245617e-09
2.163855205301507567e+01,1.333206481749729210e+04,1.928457608427320520e+04,4.169529115824906342e-09
2.166368237255752760e+01,1.333072103691561642e+04,1.931447785145354646e+04,3.732678618477713909e-09
2.168939936178052008e+01,1.332989330707894624e+04,1.934412951253158462e+04,3.351398345046232569e-09
2.171615427708382384e+01,1.332708406604083211e+04,1.937404922953459391e+04,3.009413971199629805e-09
2.174354438142893997e+01,1.330276583723062504e+04,1.940363256782371536e+04,2.703819246625403414e-09
2.177171251645897243e+01,1.330170051484135365e+04,1.943297829518758954e+04,2.441065378665694211e-09
2.179932254831404137e+01,1.330120544235287343e+04,1.946071390785678886e+04,2.215840540974104017e-09
2.182763368641408164e+01,1.330058147433316663e+04,1.948809049613773459e+04,2.006312847108936707e-09
2.185427976573091158e+01,1.329858310138696834e+04,1.951288134599174009e+04,1.835229971833323561e-09
2.187965625920942259e+01,1.328701628098846231e+04,1.953568831991811385e+04,1.689289176312805540e-09
2.190838524604770399e+01,1.327659722577841058e+04,1.956044153604967869e+04,1.540326558264777294e-09
2.193456316906450709e+01,1.327304760400765554e+04,1.958203690588623431e+04,1.418362718952125914e-09
2.196264525500060572e+01,1.327288012413925753e+04,1.960422837130599146e+04,1.300323524954749912e-09
2.198800753615191184e+01,1.327285716545872128e+04,1.962343444107168034e+04,1.265223248176614035e-09
2.201493306992884769e+01,1.327293921436305391e+04,1.964287495145740832e+04,1.264981924600423894e-09
2.204452773516856823e+01,1.327322210201441158e+04,1.966314053491120285e+04,1.264717549725092310e-09
2.207770930203420789e+01,1.968458942890830440e+04,1.968458942890830440e+04,1.264422281999840535e-09
2.210535373597125997e+01,1.970134905012626405e+04,1.970134905012626405e+04,1.264177262401616408e-09
2.213613401859732122e+01,1.971884616466952139e+04,1.971884616466952139e+04,1.263905552462823216e-09
2.216952174767207850e+01,1.973644279248311432e+04,1.973644279248311432e+04,1.263612198180961612e-09
2.220673961423448262e+01,1.975427733142563739e+04,1.975427733142563739e+04,1.263286971210492421e-09
2.223497958369006255e+01,1.976665048383674730e+04,1.976665048383674730e+04,1.263041516512974387e-09
2.226665100835347388e+01,1.977918176615430275e+04,1.977918176615430275e+04,1.262767667629307122e-09
2.229895689864637731e+01,1.979056794306466327e+04,1.979056794306466327e+04,1.262489980204325362e-09
2.232884239784679536e+01,1.541719978703515335e+04,1.979976397668695790e+04,1.262234672340028412e-09
2.235866321526870237e+01,1.537027539543460443e+04,1.980763610065207104e+04,1.261981533226245523e-09
2.239079115678140752e+01,1.533367635190258807e+04,1.981457240052035195e+04,1.378274366872620009e-09
2.241615849394041149e+01,1.530725011127876678e+04,1.981887723072011067e+04,1.569022889125109964e-09
2.244338644766637003e+01,1.528062107801131242e+04,1.982225548835202426e+04,1.847888051678296848e-09
2.247191613457398063e+01,1.525394805970568814e+04,1.982430599443806932e+04,2.261206279820418121e-09
2.250111670041152578e+01,1.522678363856355463e+04,1.982462830228629537e+04,2.914343162531037950e-09
2.252873430680617517e+01,1.519939010344602866e+04,1.982306147946615602e+04,3.875806183382560749e-09
2.255588497265680559e+01,1.516973244864394655e+04,1.981942890408818857e+04,5.403989510777566069e-09
2.258223859337865136e+01,1.513784361654283748e+04,1.981351559420382910e+04,7.665587988060860483e-09
2.260765684757670257e+01,1.510108348943250712e+04,1.980511488454692153e+04,1.043517313168360593e-08
2.263298443380455538e+01,1.505680105965270195e+04,1.979367598641410223e+04,1.312329892796037274e-08
2.265815511075819444e+01,1.501617031337641129e+04,1.977889464385663086e+04,1.509184611839957326e-08
2.268350527411471518e+01,1.496320874358620131e+04,1.976019304873144574e+04,1.664734142818705924e-08
2.270856292615306415e+01,1.491377145106059834e+04,1.973753684971348775e+04,1.763058650962712474e-08
2.273401208008559848e+01,1.486745945031307019e+04,1.970978065623467410e+04,1.849830887301420409e-08
2.275927674259432720e+01,1.481185782797205684e+04,1.967685615577707358e+04,1.928174448900802680e-08
2.278462666240013945e+01,1.475541930301890352e+04,1.963762325102727846e+04,1.991410802839209129e-08
2.280971732157607690e+01,1.470202212374661758e+04,1.959161903947228348e+04,2.042081804157819005e-08
2.283472355788991948e+01,1.465450367666118655e+04,1.953712273625396847e+04,2.068856566931300187e-08
2.285976657249578281e+01,1.459978503012875990e+04,1.947160142636239470e+04,2.097184715440391706e-08
2.288494282556159831e+01,1.454236265831887249e+04,1.939071776775842955e+04,2.113412910190276917e-08
2.291034540079696313e+01,1.448642435776058664e+04,1.928537435109349099e+04,2.111592961042673009e-08
2.293558000864213753e+01,1.443188136366999061e+04,1.913510223127240533e+04,2.075223031551739719e-08
2.296072438301123242e+01,1.438751137432415271e+04,1.438751137432415271e+04,2.018436093512381747e-08
2.298595723103627009e+01,1.433375958153927240e+04,1.433375958153927240e+04,1.927224624396392943e-08
2.301141517164078820e+01,1.428397557225262426e+04,1.428397557225262426e+04,1.841682568432927614e-08
2.303669163999957803e+01,1.424347502864156741e+04,1.546431363018214142e+04,1.754602810668363038e-08
2.306170675056374719e+01,1.419285324612540717e+04,1.568702860012763813e+04,1.679805076296119036e-08
2.308688204825476120e+01,1.415562816318237310e+04,1.587329923753806543e+04,1.595013621641890745e-08
2.311211524581164056e+01,1.411877429079871217e+04,1.602603104757429173e+04,1.527136625693798402e-08
2.313714335501038377e+01,1.407263978296878486e+04,1.614852382865322579e+04,1.466553053021416451e-08
2.316248113231286965e+01,1.403862122700924010e+04,1.625396644482049487e+04,1.409107936372393708e-08
2.318788663493497992e+01,1.400515785776612211e+04,1.634848487729024237e+04,1.366730301028448200e-08
2.321328543129122934e+01,1.396898932771658474e+04,1.643602764218637458e+04,1.317120888279266766e-08
2.323880207718504920e+01,1.392630990726551863e+04,1.651936866296522567e+04,1.282151482351232415e-08
2.326423004786034454e+01,1.389103963589127125e+04,1.659932122643934781e+04,1.254524571764431477e-08
2.328931490022694817e+01,1.385903755834663389e+04,1.667616041759956352e+04,1.218011364118431389e-08
2.331488994016914518e+01,1.382862439133942644e+04,1.675314998817603191e+04,1.172915431611926684e-08
2.333994546244479196e+01,1.379934788701443722e+04,1.682782244516333958e+04,1.121683898626556963e-08
2.336525690941486388e+01,1.376887620434348355e+04,1.690278957396306942e+04,1.077176741418154416e-08
2.339108069790489353e+01,1.373819382651405795e+04,1.697930247215959025e+04,1.059037893671070163e-08
2.341627245510002453e+01,1.370756339411529189e+04,1.705394815599302092e+04,1.051142807550940529e-08
2.344161337137451895e+01,1.367618610071911644e+04,1.712960238427184231e+04,1.096459062590950977e-08
2.346679258041246641e+01,1.364364528318334669e+04,1.720503683638769144e+04,1.185307166388092862e-08
2.349236332032119279e+01,1.360073334647809861e+04,1.728240877817333603e+04,1.329265580539592226e-08
2.351749853409804913e+01,1.355953351978827777e+04,1.735886855718511288e+04,1.495731007685208918e-08
2.354255918503635669e+01,1.352215545531641328e+04,1.743585156268301216e+04,1.658806695229327888e-08
2.356818481446016733e+01,1.346713005386374607e+04,1.751519830448202265e+04,1.800957440107512018e-08
2.359320826840756524e+01,1.342248173539740310e+04,1.759308251153020683e+04,1.882368132882047768e-08
2.361868845599082789e+01,1.337074501165698712e+04,1.767331144999292883e+04,1.943189385248957374e-08
2.364421523046647167e+01,1.331331986768800016e+04,1.775412276588673922e+04,2.015307903789076215e-08
2.366926135581790902e+01,1.324578638492250138e+04,1.783365637512238027e+04,2.452228991676323954e-08
2.368173541264016890e+01,1.320167539081438554e+04,1.787336971893617010e+04,3.890425739641697270e-08
2.370713885732406112e+01,1.314375014003071192e+04,1.795224023707680681e+04,2.768669930082361394e-08
2.372343661820274718e+01,1.311684499994440193e+04,1.800388696505490952e+04,1.745769418747993820e-08
2.374900529086074386e+01,1.309280784972468246e+04,1.808553834756347351e+04,1.162089749211066801e-08
2.377485212939285475e+01,1.308667180823954732e+04,1.816850854399687887e+04,8.974032497459877488e-09
2.380067616155244892e+01,1.305940052421201290e+04,1.825167527567440266e+04,7.395915386495985350e-09
2.382591880314549115e+01,1.305769262936746236e+04,1.833295661066391040e+04,6.351794924927056693e-09
2.385183086285606890e+01,1.305083459318047971e+04,1.841580079852133349e+04,5.537800031053588191e-09
2.387750758880208579e+01,1.302906160178318896e+04,1.849694408291352374e+04,4.905917745907824659e-09
2.390368509883780490e+01,1.302801941400251599e+04,1.857850404565059580e+04,4.357821077563123025e-09
2.392922668807696240e+01,1.302383203537879854e+04,1.865660764052853483e+04,3.940970063350603171e-09
2.395432977604624725e+01,1.300007280535395512e+04,1.873137161031689902e+04,3.574039092548687061e-09
2.398028577095151093e+01,1.299919187465619143e+04,1.880689071452010467e+04,3.242732829385938772e-09
2.400670211757789119e+01,1.299838648046027447e+04,1.888111657841552005e+04,2.948533276411829555e-09
2.403349137867367702e+01,1.299531347786958395e+04,1.895399993199820528e+04,2.682790933417816203e-09
2.406051510333029597e+01,1.297129489686083798e+04,1.902469584297704569e+04,2.442981426039056944e-09
2.408693230710742839e+01,1.297040619149992563e+04,1.909110773078643251e+04,2.241144984822229119e-09
2.411384720225462530e+01,1.296988525205941187e+04,1.915617111153485166e+04,2.050853299213764024e-09
2.414223024909670556e+01,1.296912958134111250e+04,1.922192722559249887e+04,1.873854962222377328e-09
2.417078072056228422e+01,1.296404596160830624e+04,1.928514814126056808e+04,1.713363553569286473e-09
2.419717656308765541e+01,1.295403571671858117e+04,1.934106723501034867e+04,1.578731631192940243e-09
2.422585208757680775e+01,1.294614496095841605e+04,1.939927398743399681e+04,1.444624053023324635e-09
2.425237853419068301e+01,1.294497299267474773e+04,1.945076306318696879e+04,1.333278398361387340e-09
2.428178187216371242e+01,1.294488914146637580e+04,1.950547066810533943e+04,1.248748529058639017e-09
2.430756819127443080e+01,1.294491960640388606e+04,1.955135799041270002e+04,1.248558718151005000e-09
2.433595344522662529e+01,1.294509664862022328e+04,1.959973831717003486e+04,1.248349978494996212e-09
2.436688612991501302e+01,1.965022126620254494e+04,1.965022126620254494e+04,1.248122785795491247e-09
2.439236616895821896e+01,1.968993186822978168e+04,1.968993186822978168e+04,1.247935889118142777e-09
2.441963582631964158e+01,1.973081162979294095e+04,1.973081162979294095e+04,1.247736138027577536e-09
2.444974490107291842e+01,1.977400858026008427e+04,1.977400858026008427e+04,1.247515941501144171e-09
2.448354323422485379e+01,1.982018150158385833e+04,1.982018150158385833e+04,1.247269247149633779e-09
2.452083410449855094e+01,1.986841404158033038e+04,1.986841404158033038e+04,1.246997695503485095e-09
2.454736655646450316e+01,1.990112149126712029e+04,1.990112149126712029e+04,1.246804922260233462e-09
2.457906744723828041e+01,1.993856223661146214e+04,1.993856223661146214e+04,1.246575097031815959e-09
2.461125905790794377e+01,1.997476898398748381e+04,1.997476898398748381e+04,1.246342299046034487e-09
2.464915685636760401e+01,2.001516703716778648e+04,2.001516703716778648e+04,1.246069030487357488e-09
2.467716062569033753e+01,2.004351344283819708e+04,2.004351344283819708e+04,1.245867681962331698e-09
2.472240078819896070e+01,2.008681247632026134e+04,2.008681247632026134e+04,1.245543486295902648e-09
2.476091990661952735e+01,2.012133901934753521e+04,2.012133901934753521e+04,1.245268554849108253e-09
2.479167275988049468e+01,2.014738730793246577e+04,2.014738730793246577e+04,1.245049811011985105e-09
2.481870657274420111e+01,2.016925275746504849e+04,2.016925275746504849e+04,1.244858093011880366e-09
2.485058018370651212e+01,2.019380132121638962e+04,2.019380132121638962e+04,1.244632759498639175e-09
2.487641559219174070e+01,2.021274568799924600e+04,2.021274568799924600e+04,1.244450691061583696e-09
2.490811835763892290e+01,2.023482747930172263e+04,2.023482747930172263e+04,1.244227995129969529e-09
2.493368271407786096e+01,2.025180402799201693e+04,2.025180402799201693e+04,1.244049010550907866e-09
2.496514076594883846e+01,2.027159715704741393e+04,2.027159715704741393e+04,1.243829510212462709e-09
2.499638664843688929e+01,2.029009265894135387e+04,2.029009265894135387e+04,1.243612335302676728e-09
2.502470344368570210e+01,2.030597955137336248e+04,2.030597955137336248e+04,1.243416216494568363e-09
2.505200544595827239e+01,2.032037251652519990e+04,2.032037251652519990e+04,1.243227824521431127e-09
2.508212812993597041e+01,2.033538820625099834e+04,2.033538820625099834e+04,1.243020744062074611e-09
2.510961504524650678e+01,2.034818536896450678e+04,2.034818536896450678e+04,1.242832522337853529e-09
2.513897783529242602e+01,2.036101621538368272e+04,2.036101621538368272e+04,1.242632244975416659e-09
2.518490702755306643e+01,2.037924400287384560e+04,2.037924400287384560e+04,1.242320656255670539e-09
2.522434046496480065e+01,2.039318389836172719e+04,2.039318389836172719e+04,1.242054817883807329e-09
2.525451322448327218e+01,2.040276334986956863e+04,2.040276334986956863e+04,1.241852510909519020e-09
2.528246248727688439e+01,2.041079069324156808e+04,2.041079069324156808e+04,1.241665971427414455e-09
2.531587775444970490e+01,2.041938964674474119e+04,2.041938964674474119e+04,1.241444080650577328e-09
2.534980642823147789e+01,2.042694619700647308e+04,2.042694619700647308e+04,1.241220080008173088e-09
2.538974625937693474e+01,2.043430231595065197e+04,2.043430231595065197e+04,1.240958143854465623e-09
2.542017612408774951e+01,2.043877796668226438e+04,2.043877796668226438e+04,1.240759898508513670e-09
2.544557076469484258e+01,2.044176046426485118e+04,2.044176046426485118e+04,1.240595377586085691e-09
2.547571475394730811e+01,2.044435604052501731e+04,2.044435604052501731e+04,1.240401219497189821e-09
2.550827040014504021e+01,1.582168972079311425e+04,2.044601315464662912e+04,1.240192997390849381e-09
2.555229668644993524e+01,1.567856420398560294e+04,2.044618546447269910e+04,1.239914040439775450e-09
2.557896153195208200e+01,1.561839965419222790e+04,2.044506600648233507e+04,1.312812196624260841e-09
2.561484846776814805e+01,1.555008390114028225e+04,2.044197595409761561e+04,1.543590436044839559e-09
2.564510006171703793e+01,1.549946963074552332e+04,2.043775553382403814e+04,1.827555400475665068e-09
2.567102150855951237e+01,1.545881259379563016e+04,2.043277107490031995e+04,2.193885238473651233e-09
2.569660373486245319e+01,1.542023333149213067e+04,2.042641768423208487e+04,2.757012431710698061e-09
2.572422831504418284e+01,1.537869779671098331e+04,2.041753831081379394e+04,3.827289120928120774e-09
2.574926762402702707e+01,1.533893196479079052e+04,2.040712477262388711e+04,5.826132664713082688e-09
2.576887863599347739e+01,1.530365522627328028e+04,2.039671187932540124e+04,9.273107494934216136e-09
2.578485958376480625e+01,1.526889086329016573e+04,2.038605247935113948e+04,1.515103468044359805e-08
2.579960286737119901e+01,1.522837586429478142e+04,2.037379006968409522e+04,2.415448697363061249e-08
2.582457519297693693e+01,1.513717084369062650e+04,2.034619185698064393e+04,3.836022936874170927e-08
2.584980344885244108e+01,1.502488313500580989e+04,2.030834704989452439e+04,4.665884200625025318e-08
2.587490301641389934e+01,1.491194317322104507e+04,2.025931803822268193e+04,5.068393883089101309e-08
2.589998087325310649e+01,1.480398379583851056e+04,2.019770005730290723e+04,5.152247839955250523e-08
2.592516206435596260e+01,1.469034125413930269e+04,2.012140231162137206e+04,5.132308407979028793e-08
2.595019947123774884e+01,1.457951489984324689e+04,2.002746662775642835e+04,5.127783456138286254e-08
2.597527576410779915e+01,1.447727742880813821e+04,1.990774300966072406e+04,5.133082191478527707e-08
2.600034542234632440e+01,1.436398350209812816e+04,1.974380105427475064e+04,5.123777686142976114e-08
2.602539733202625882e+01,1.426553417156937758e+04,1.945480899642662553e+04,5.044641509695559701e-08
2.605066803698688105e+01,1.415497435385165227e+04,1.415497435385165227e+04,4.939306961057559677e-08
2.607567286844845356e+01,1.406122054701910383e+04,1.406122054701910383e+04,4.715009614592234904e-08
2.610085167408617934e+01,1.396875005867380605e+04,1.396875005867380605e+04,4.438080496885880015e-08
2.612607830396782660e+01,1.388030345783006305e+04,1.388030345783006305e+04,3.990778373438426483e-08
2.615114122508526862e+01,1.379704208306180954e+04,1.573958277952070785e+04,3.641240367214299886e-08
2.617639651859275318e+01,1.372944772017592368e+04,1.593582678005828348e+04,3.416947112789292340e-08
2.620154808730354645e+01,1.365287503575389746e+04,1.610200564536285856e+04,3.189861818790975679e-08
2.622673178261322491e+01,1.358906246782765629e+04,1.626415098746081094e+04,2.879957192806676493e-08
2.625177600029134695e+01,1.352982177926543591e+04,1.641847995680679742e+04,2.571448903312028348e-08
2.627682670793557662e+01,1.347828296878436777e+04,1.655665511159504968e+04,2.373867112477205200e-08
2.630191690461404264e+01,1.343086642441239201e+04,1.667734519363864456e+04,2.356221300717000938e-08
2.632696311409362622e+01,1.337213104814842882e+04,1.678376841738033545e+04,2.604002318860224627e-08
2.635204698800203715e+01,1.330033637101456225e+04,1.687947537263148115e+04,3.431933592085659549e-08
2.637708157194586533e+01,1.320899133726130640e+04,1.696684687189987744e+04,4.786060629067756146e-08
2.640210791633860765e+01,1.309750557351772841e+04,1.704765566491018762e+04,5.581792301658552967e-08
2.642715762552980507e+01,1.297506130451474201e+04,1.712367954300431666e+04,5.665683123793834250e-08
2.644283847161390000e+01,1.287582335371745830e+04,1.716940704160018140e+04,9.019853430412607087e-08
2.644589355738975200e+01,1.285896922110581181e+04,1.717796035667207980e+04,1.431552384933363177e-07
2.645279305500730516e+01,1.281073239134360847e+04,1.719673192707215640e+04,9.024076430478796939e-08
2.645765402870534544e+01,1.280460807458225099e+04,1.721004426560330830e+04,5.664153224817864344e-08
2.646602717370737068e+01,1.278113321796102900e+04,1.723326652396772261e+04,3.554233255991031280e-08
2.648420192174468113e+01,1.275280345011252393e+04,1.728352585846872898e+04,2.227642141536654656e-08
2.650962359426526049e+01,1.272427879001179463e+04,1.735330879331954202e+04,1.646710855763324437e-08
2.653504844948100683e+01,1.269801838039379072e+04,1.742228464616419296e+04,1.365169259150773373e-08
2.656067756512807065e+01,1.267979448232829054e+04,1.749134070810161211e+04,1.189580574723676137e-08
2.658571028140152137e+01,1.266692377005290837e+04,1.755855345153391318e+04,1.059491048817447327e-08
2.661107305670581269e+01,1.263865404693879282e+04,1.762662421212377376e+04,9.544733283740868189e-09
2.663649372048283226e+01,1.263631493700924329e+04,1.769500918976714820e+04,8.645597713988275249e-09
2.666215435861828098e+01,1.260842015181532224e+04,1.776428473807168120e+04,7.867765579361042446e-09
2.668733925173611254e+01,1.260665676290050396e+04,1.783256602985349673e+04,7.229415070719146070e-09
2.671238488548789647e+01,1.257917036478315276e+04,1.790098646768250910e+04,6.610544440362976089e-09
2.673826607243577769e+01,1.257746381178771298e+04,1.797211617724512689e+04,6.092374656687847439e-09
2.676424880172368148e+01,1.257123749730562122e+04,1.804394408237826428e+04,5.603428404033612938e-09
2.678930359300954933e+01,1.254841340875561764e+04,1.811386400899394721e+04,5.167086583542499259e-09
2.681522590193249300e+01,1.254723135596021530e+04,1.818662580580225767e+04,4.742747183658829784e-09
2.684186355214180963e+01,1.253626978408768446e+04,1.826195805027246752e+04,4.370426452162849701e-09
2.686756195876094822e+01,1.251891859566390485e+04,1.833519875596870770e+04,4.037321878911569665e-09
2.689359068275141595e+01,1.251783378050857027e+04,1.840980108445076985e+04,3.735198769022907983e-09
2.691910779330000025e+01,1.251105484734878701e+04,1.848336966851310717e+04,3.452569510380702731e-09
2.694458519308099298e+01,1.249289968626652444e+04,1.855710117805352274e+04,3.196221274990558917e-09
2.697223967013351498e+01,1.249212487084298664e+04,1.863743354038198595e+04,2.940781225012963399e-09
2.699729650943282877e+01,1.249137884288394707e+04,1.871028975706794154e+04,2.730321374301209979e-09
2.702278910568912806e+01,1.248887287424630449e+04,1.878431856149943633e+04,2.531481066380500044e-09
2.704785121800848202e+01,1.246423121181004717e+04,1.885675992095917172e+04,2.350387209959037568e-09
2.707372730305413100e+01,1.246322498791116595e+04,1.893128058486129521e+04,2.180017819853320087e-09
2.710021311573762759e+01,1.246274783064049188e+04,1.900675251792581912e+04,2.016860752748315271e-09
2.712778591251797522e+01,1.246233414014629670e+04,1.908446800191653165e+04,1.864533783124051336e-09
2.715412025823754405e+01,1.246168996702377262e+04,1.915742060653132648e+04,1.724554399800906479e-09
2.717963925419069682e+01,1.245822508587689481e+04,1.922693984739253210e+04,1.603324037722633228e-09
2.720659127132957167e+01,1.244843399681341361e+04,1.929867475163182826e+04,1.486645853331484962e-09
2.723600293592983235e+01,1.244223612246331322e+04,1.937505364565768468e+04,1.369183564197358611e-09
2.726293021323034438e+01,1.243828109466112437e+04,1.944288766457656675e+04,1.269319057501769242e-09
2.729264084472799468e+01,1.245934981302296910e+04,1.951527847957678750e+04,1.231938419338046627e-09
2.731851721768140706e+01,1.957633342829978574e+04,1.957633342829978574e+04,1.231788279416446963e-09
2.734786684911036403e+01,1.964323938723395986e+04,1.964323938723395986e+04,1.231618014067017073e-09
2.737896233220328668e+01,1.971120200164504786e+04,1.971120200164504786e+04,1.231437677257142753e-09
2.740428239166988789e+01,1.976440215499597252e+04,1.976440215499597252e+04,1.231290904276850164e-09
2.743073715756404241e+01,1.981792270911578453e+04,1.981792270911578453e+04,1.231137632948482336e-09
2.746074415832683258e+01,1.987617860785978337e+04,1.987617860785978337e+04,1.230963917191902503e-09
2.749375240943249210e+01,1.993737646822865645e+04,1.993737646822865645e+04,1.230773009295764946e-09
2.753025527027658725e+01,2.000161305322762928e+04,2.000161305322762928e+04,1.230562157411488245e-09
2.755710995923431028e+01,2.004661561881024681e+04,2.004661561881024681e+04,1.230407236114534970e-09
2.758652046432663596e+01,2.009389710152093903e+04,2.009389710152093903e+04,1.230237787412728931e-09
2.761712079125900843e+01,2.014078391733115495e+04,2.014078391733115495e+04,1.230061740847128162e-09
2.764576258876826742e+01,2.018282365636179748e+04,2.018282365636179748e+04,1.229897215582787375e-09
2.768260407836143600e+01,2.023412367869544323e+04,2.023412367869544323e+04,1.229685994371233097e-09
2.770889879694643199e+01,2.026909148374789220e+04,2.026909148374789220e+04,1.229535520360499140e-09
2.775416569730251837e+01,2.032597871374725582e+04,2.032597871374725582e+04,1.229277077902829284e-09
2.777986872527343465e+01,2.035655378153811398e+04,2.035655378153811398e+04,1.229130689072849902e-09
2.780986392747679758e+01,2.039077796238046722e+04,2.039077796238046722e+04,1.228960188704072763e-09
2.783605615092108820e+01,2.041934882644141180e+04,2.041934882644141180e+04,1.228811615664973056e-09
2.786581987970977892e+01,2.045044677318918184e+04,2.045044677318918184e+04,1.228643148611863112e-09
2.790133779635165823e+01,2.048574802080483278e+04,2.048574802080483278e+04,1.228442630704717846e-09
2.792837123721486847e+01,2.051128020450322219e+04,2.051128020450322219e+04,1.228290410532628494e-09
2.795380107458838737e+01,2.053428988961970026e+04,2.053428988961970026e+04,1.228147536939939359e-09
2.798630911278870315e+01,2.056243973223261492e+04,2.056243973223261492e+04,1.227965359869257135e-09
2.801933295574176697e+01,2.058957084017035595e+04,2.058957084017035595e+04,1.227780838520068514e-09
2.804940472919856376e+01,2.061302724046666481e+04,2.061302724046666481e+04,1.227613307413567859e-09
2.807652017920183951e+01,2.063319419994475174e+04,2.063319419994475174e+04,1.227462653666623892e-09
2.810355588201936072e+01,2.065235519419655611e+04,2.065235519419655611e+04,1.227312845319603699e-09
2.812856926892149190e+01,2.066938157376123127e+04,2.066938157376123127e+04,1.227174596443861243e-09
2.815944060843169083e+01,2.068932299820451226e+04,2.068932299820451226e+04,1.227004465799095493e-09
2.819374934734136318e+01,2.071024898025253424e+04,2.071024898025253424e+04,1.226816030098857394e-09
2.822113073815307516e+01,2.072608052569004576e+04,2.072608052569004576e+04,1.226666146794846846e-09
2.824939078378333335e+01,2.074152653727359939e+04,2.074152653727359939e+04,1.226511916703080392e-09
2.827603206297917637e+01,2.075538360260121772e+04,2.075538360260121772e+04,1.226366974705767971e-09
2.830411685379273123e+01,2.076918269129477994e+04,2.076918269129477994e+04,1.226214651228954107e-09
2.832943342081572169e+01,2.078098519005827620e+04,2.078098519005827620e+04,1.226077775912393123e-09
2.835846087216862443e+01,2.079372693187202094e+04,2.079372693187202094e+04,1.225921339639008470e-09
2.840000750680206920e+01,2.081060620799667231e+04,2.081060620799667231e+04,1.225698407918252095e-09
2.844129529520843036e+01,2.082580964362030136e+04,2.082580964362030136e+04,1.225478026648066569e-09
2.847238253484612969e+01,2.083624603983880297e+04,2.083624603983880297e+04,1.225312875551105430e-09
2.851579636788898142e+01,2.084942092832302660e+04,2.084942092832302660e+04,1.225083402626322351e-09
2.855217569451932036e+01,2.085916898743529600e+04,2.085916898743529600e+04,1.224892192324032309e-09
2.857956200528471769e+01,2.086573840700845903e+04,2.086573840700845903e+04,1.224748915680903193e-09
2.860723639066314306e+01,2.087176975114632296e+04,2.087176975114632296e+04,1.224604747644033645e-09
2.863315984196970021e+01,2.087680072207233752e+04,2.087680072207233752e+04,1.224470264185452765e-09
2.866112063850232872e+01,2.088158418745631570e+04,2.088158418745631570e+04,1.224325852436979520e-09
2.870233339132022365e+01,2.088736365103173011e+04,2.088736365103173011e+04,1.224114263064717589e-09
2.873961452502471303e+01,1.612272891649281701e+04,2.089127184169579050e+04,1.223924237174250645e-09
2.876510734310073758e+01,1.605126804043183256e+04,2.089317784563901296e+04,1.223795107746737042e-09
2.879306404920543727e+01,1.599218598995771936e+04,2.089458588871970642e+04,1.234554538800989296e-09
2.881830401251792750e+01,1.594701500443233272e+04,2.089515265143655779e+04,1.350416472061047435e-09
2.884632644715437877e+01,1.590373111085073469e+04,2.089495010897723478e+04,1.516989845471398426e-09
2.887245876763977037e+01,1.586682215754780555e+04,2.089395622412822922e+04,1.723625874906116139e-09
2.890098298711338742e+01,1.582895795067928157e+04,2.089186594584125123e+04,2.044536042206782830e-09
2.892641678315905907e+01,1.579654487076876467e+04,2.088896378260062556e+04,2.446963571231844788e-09
2.895548216314292489e+01,1.576022779208759493e+04,2.088427884584718413e+04,3.179782372577417411e-09
2.898182623434239602e+01,1.572644947522711300e+04,2.087850327001379992e+04,4.322311389415642316e-09
2.900749931465310993e+01,1.569086575458427797e+04,2.087104855121309083e+04,6.372904563862443182e-09
2.903313750678200833e+01,1.565019845270000224e+04,2.086123689794688471e+04,1.023704775429762394e-08
2.905847533314851106e+01,1.560117900955820915e+04,2.084855349582547569e+04,1.591124481983133882e-08
2.908347960967006784e+01,1.554257200803696833e+04,2.083262456304872467e+04,2.070704931704373117e-08
2.910865226534276218e+01,1.547850135687662805e+04,2.081299888472627936e+04,2.362681937533226222e-08
2.913398326095173019e+01,1.541252829261219631e+04,2.078953868686149144e+04,2.565784783037415314e-08
2.915922012479062886e+01,1.535026592280384830e+04,2.076233861104091557e+04,2.674373387633836028e-08
2.918433000183012993e+01,1.528690670287721514e+04,2.073125383832147782e+04,2.757614337055216269e-08
2.920954158743155915e+01,1.522141145535738906e+04,2.069584362875052102e+04,2.828853172575395802e-08
2.923471968322122905e+01,1.515265714619283790e+04,2.065599059536472851e+04,2.847583566614681808e-08
2.925977475432747354e+01,1.508567291117213972e+04,2.061157063411697527e+04,2.862320808532901491e-08
2.928515786894084627e+01,1.502249119043455721e+04,2.056114989302338290e+04,2.868824455052028294e-08
2.931025681581821019e+01,1.496015071452873781e+04,2.050521007133558305e+04,2.876159638401684574e-08
2.933562704289213485e+01,1.489879217637025067e+04,2.044144837242873109e+04,2.870065561641251681e-08
2.936103048897443557e+01,1.483473261202335743e+04,2.036857061904772127e+04,2.870563509503110314e-08
2.938640334398676401e+01,1.476798451680860126e+04,2.028407605263058940e+04,2.884413945613118084e-08
2.941141558407274559e+01,1.470050484299702111e+04,2.018445113724162366e+04,2.888285519302677624e-08
2.943682979559141089e+01,1.463688187148846009e+04,2.005587415449635955e+04,2.918014612016870067e-08
2.946191060140718676e+01,1.457440311044003647e+04,1.986805004769826337e+04,2.946398500283855979e-08
2.948702246588690912e+01,1.451188712202591705e+04,1.627278391922000992e+04,2.984061008565815604e-08
2.951247875903847628e+01,1.444986217063426193e+04,1.638742404012937550e+04,3.027291753446812081e-08
2.953753007856053614e+01,1.438380120651708057e+04,1.648604931568256870e+04,3.062366681635906143e-08
2.956271863784355247e+01,1.431096309372113683e+04,1.657647206395831381e+04,3.100007588503467055e-08
2.958800025082539165e+01,1.424601243983845779e+04,1.666113114911828234e+04,3.137637837039820096e-08
2.961307692197869912e+01,1.418203098655942631e+04,1.674057366577936773e+04,3.190130833561869455e-08
2.963811942069413163e+01,1.411508207457458229e+04,1.681661624129189295e+04,3.254589216300296516e-08
2.966316144721004733e+01,1.403924214576681516e+04,1.689004134767600772e+04,3.247106717091595409e-08
2.968825956878324845e+01,1.397614928165152924e+04,1.696190686199260381e+04,3.077216847213782559e-08
2.971335264763880701e+01,1.391564111769359624e+04,1.703260398866108517e+04,2.784341374351743379e-08
2.973844255266078918e+01,1.385729579104659388e+04,1.710273569388376563e+04,2.521985139856448012e-08
2.976360570372028747e+01,1.380433149987450815e+04,1.717281576010382560e+04,2.326650320248755341e-08
2.978862410861659882e+01,1.376466746560595675e+04,1.724249137865896773e+04,2.191134806165172176e-08
2.981408035719854155e+01,1.370966809741609541e+04,1.731352945318612910e+04,2.103668073205082096e-08
2.983943468087217710e+01,1.367254527468953893e+04,1.738455235505809105e+04,2.010405637892044757e-08
2.986480814547962837e+01,1.362038511610673959e+04,1.745616670976892783e+04,1.931017268392122288e-08
2.989017729579219207e+01,1.358625489487269442e+04,1.752827717998389198e+04,1.834184422142019900e-08
2.991543613466708251e+01,1.353612668098470931e+04,1.760085520922061914e+04,1.736983910605585480e-08
2.994066467468393000e+01,1.350063261230250464e+04,1.767415661032405842e+04,1.637482188834692821e-08
2.996570855919376797e+01,1.346839263529128220e+04,1.774781606953016308e+04,1.548928936827170771e-08
2.999121934916824017e+01,1.343591082923666363e+04,1.782399176582290602e+04,1.467149718898803980e-08
3.001657934359042557e+01,1.340269079750500532e+04,1.790088600646933264e+04,1.401296948552740615e-08
3.004166993528342289e+01,1.335911940970545584e+04,1.797813910605085766e+04,1.344426763428018645e-08
3.006703127267919839e+01,1.332569978747287314e+04,1.805762553818379456e+04,1.305142773656885373e-08
3.009206275423002097e+01,1.329426886176612607e+04,1.813725987083563814e+04,1.281190643145839581e-08
3.011736371053632055e+01,1.326285156245049075e+04,1.821927056444705522e+04,1.274705056276724356e-08
3.014254632947175949e+01,1.323139580909398137e+04,1.830232239649078110e+04,1.287847358230292409e-08
3.016816232280622145e+01,1.319938409147074344e+04,1.838813426177901056e+04,1.337256845312204825e-08
3.019388481701662741e+01,1.316717284938975172e+04,1.847547401765496033e+04,1.441423153428227408e-08
3.021898971971690173e+01,1.312583410326451667e+04,1.856177827060753043e+04,1.679039859553835136e-08
3.024412831133247792e+01,1.307751215652592145e+04,1.864865748535641615e+04,2.037638463384131225e-08
3.026924124569464780e+01,1.301809817953931815e+04,1.873546657870073614e+04,2.555651212594961548e-08
3.029452497613288742e+01,1.295607897988429249e+04,1.882211586646651267e+04,2.984807743697605717e-08
3.031971748560430413e+01,1.288886121029482820e+04,1.890729993066286261e+04,3.336324487689916757e-08
3.034479049906239823e+01,1.280533935037345327e+04,1.899008602602837345e+04,3.581550742650414370e-08
3.036990834317361632e+01,1.272458154264329278e+04,1.907054548217064439e+04,3.752694912524277077e-08
3.039508176080605750e+01,1.264390525496743976e+04,1.914838437994608466e+04,3.852319528491077439e-08
3.042013755206113146e+01,1.256037894757639879e+04,1.922305932020573528e+04,3.766685910317085674e-08
3.044527075447830455e+01,1.247675305783606746e+04,1.929496829607382824e+04,3.467327245343929177e-08
3.047048872936188246e+01,1.238829541199198684e+04,1.936425685727971722e+04,3.761588198521527771e-08
3.047947592461351363e+01,1.235562405950918401e+04,1.938797038067761969e+04,6.014695297414648064e-08
3.050219123729593562e+01,1.227592679897384369e+04,1.944372863979646354e+04,3.782787258816181003e-08
3.052070221312164477e+01,1.224622630888394997e+04,1.948936134308192777e+04,2.382567509406386909e-08
3.054577402832907040e+01,1.221664804957813067e+04,1.955031193004956731e+04,1.709847744721447869e-08
3.057083540888114470e+01,1.218808365916485855e+04,1.960961231275258615e+04,1.382130415173417620e-08
3.059604635188316024e+01,1.218392024775473874e+04,1.966738979644747451e+04,1.174783689591129057e-08
3.062159374933008493e+01,1.215654412349716040e+04,1.972402197439708834e+04,1.024829335519765412e-08
3.064697836388622321e+01,1.212958007774858015e+04,1.977863205331102290e+04,9.082072367313206797e-09
3.067243180952594983e+01,1.212630884371776119e+04,1.983151535193520976e+04,8.171652390095255328e-09
3.069815363126251029e+01,1.209861938223145444e+04,1.988318004263940020e+04,7.386579644147410379e-09
3.072382314527745351e+01,1.209659370316630157e+04,1.993294061680182494e+04,6.694388553407870833e-09
3.074995454412348295e+01,1.208590461685899209e+04,1.998205735247139091e+04,6.116156632112212914e-09
3.077549916298376687e+01,1.206759716108490647e+04,2.002833844286183376e+04,5.593870985654458665e-09
3.080080060836618827e+01,1.206508798412298165e+04,2.007279108156980874e+04,5.150746427748882394e-09
3.082704635209631405e+01,1.204157209719204184e+04,2.011728803660769336e+04,4.741559981185296285e-09
3.085282133224340129e+01,1.204053827925876249e+04,2.015961406504025945e+04,4.377809624419811886e-09
3.087862161139192452e+01,1.203800008154446550e+04,2.020049150789232954e+04,4.035840340037782568e-09
3.090387005924743491e+01,1.201222012952102159e+04,2.023921615185174960e+04,3.740735635343268935e-09
3.092990626282549016e+01,1.201113935802323249e+04,2.027791135441015285e+04,3.462772074313067308e-09
3.095682486286564483e+01,1.201011381058952065e+04,2.031647776594853349e+04,3.196695381711641859e-09
3.098393625447559074e+01,1.200123259344666258e+04,2.035399757636516370e+04,2.952474904980241212e-09
3.101103904392225630e+01,1.198217583721739356e+04,2.039026898953248383e+04,2.729211950481317093e-09
3.103759115837601001e+01,1.198152223233521545e+04,2.042455895024629353e+04,2.530449911393244600e-09
3.106434298646577830e+01,1.198089131671249015e+04,2.045791555943310232e+04,2.349355543899275462e-09
3.109039318669270457e+01,1.197951150328658696e+04,2.048933438988339549e+04,2.177332288928830092e-09
3.111836118922779448e+01,1.196088503159052925e+04,2.052187252657397767e+04,2.016919408454225419e-09
3.114667372096892350e+01,1.195272687168167067e+04,2.055360774826355919e+04,1.861703011955051366e-09
3.117234951127408493e+01,1.195231484353034648e+04,2.058139747406845709e+04,1.736564817796886551e-09
3.120096074110957574e+01,1.195201428436711467e+04,2.061126622649920682e+04,1.602511882041986312e-09
3.122747346793982359e+01,1.195171794773373222e+04,2.063796543476855732e+04,1.488848909060544908e-09
3.125619494668234211e+01,1.195098789073984517e+04,2.066581564885754051e+04,1.378383147190020642e-09
3.128222837429522585e+01,1.194729401425933247e+04,2.069009423062960923e+04,1.284745746018917255e-09
3.131090598924717838e+01,1.194524107624615135e+04,2.071593020829261150e+04,1.213494367172637876e-09
3.134178816205824347e+01,1.194820362263247443e+04,2.074259690948989009e+04,1.213356808568879615e-09
3.137031509852020861e+01,2.076627258961741973e+04,2.076627258961741973e+04,1.213229969185741011e-09
3.140048114879359886e+01,2.079026636583147410e+04,2.079026636583147410e+04,1.213096086936201627e-09
3.143333461203719992e+01,2.081521298835688140e+04,2.081521298835688140e+04,1.212950580520654291e-09
3.146053616932397290e+01,2.083493752519968984e+04,2.083493752519968984e+04,1.212830364300463810e-09
3.148986007534605847e+01,2.085540273762841025e+04,2.085540273762841025e+04,1.212701041292200708e-09
3.152100880547745732e+01,2.087612455146156572e+04,2.087612455146156572e+04,1.212563992811208041e-09
3.155752343669379911e+01,2.089910497877307716e+04,2.089910497877307716e+04,1.212403796211413577e-09
3.159381524082082038e+01,2.092061416425004427e+04,2.092061416425004427e+04,1.212245091964217988e-09
3.162002912103593388e+01,2.093538940636075858e+04,2.093538940636075858e+04,1.212130797116291300e-09
3.165077762928489946e+01,2.095178430228358047e+04,2.095178430228358047e+04,1.211997113094911876e-09
3.167629245106450497e+01,2.096473626153296573e+04,2.096473626153296573e+04,1.211886520262596392e-09
3.170937167219551611e+01,2.098052352494262232e+04,2.098052352494262232e+04,1.211743620638036657e-09
3.174163888259810662e+01,1.589959024668990423e+04,2.099492783056067492e+04,1.211604788171242498e-09
3.176681232615952766e+01,1.581690623273429446e+04,2.100543821729034607e+04,1.211496895096848091e-09
3.179530395582111524e+01,1.576820330458956050e+04,2.101655203076056569e+04,1.211375257917698319e-09
3.183234843041113038e+01,1.572129014268206083e+04,2.102974087572131248e+04,1.405171120258619304e-09
3.186057865937176103e+01,1.569005745778818527e+04,2.103879773445140017e+04,1.617765392900253040e-09
3.188759140757945332e+01,1.566217318505605181e+04,2.104658362706032131e+04,1.896383425999490065e-09
3.191604203217376678e+01,1.563390546723959778e+04,2.105382770483249988e+04,2.318354069698787657e-09
3.194255545670497654e+01,1.560775545960116142e+04,2.105953990312549286e+04,2.902036374837426462e-09
3.196866393384922844e+01,1.558141637834762150e+04,2.106408721238660655e+04,3.790214496358651756e-09
3.199488337803522242e+01,1.555355051026232104e+04,2.106741433510237766e+04,5.200780715372752281e-09
3.202002759981470348e+01,1.552395235022013185e+04,2.106920497597903159e+04,7.244065698476093907e-09
3.204553106528762640e+01,1.548800964666632353e+04,2.106939834107529532e+04,9.921307718888797117e-09
3.207087580830739171e+01,1.544694611307968989e+04,2.106780181062546399e+04,1.244689370454782221e-08
3.209646149665982051e+01,1.540782671020508496e+04,2.106434831696699985e+04,1.424826457865325391e-08
3.212159899117961714e+01,1.536017575497744838e+04,2.105911188750943620e+04,1.534830370809585361e-08
3.214740375612390721e+01,1.532001885353322359e+04,2.105192625821963156e+04,1.610075775823700275e-08
3.217295790096466845e+01,1.526920522022510886e+04,2.104302468050606694e+04,1.666949573298198340e-08
3.219851735870376075e+01,1.522928029875507673e+04,2.103237551042150153e+04,1.709232760060105292e-08
3.222379112883258045e+01,1.517805500896040940e+04,2.102010452162427828e+04,1.738900188424819482e-08
3.224901597898082173e+01,1.513901365566537788e+04,2.100617278460207308e+04,1.774012339778348186e-08
3.227454360025797797e+01,1.508698771266727636e+04,2.099033536032144548e+04,1.798676062170609011e-08
3.229972404913469575e+01,1.504734329587781212e+04,2.097306329731135338e+04,1.826986055308544509e-08
3.232497834232619738e+01,1.499506923533066947e+04,2.095404789819936559e+04,1.852410877632816469e-08
3.235012271659608274e+01,1.495444637030101512e+04,2.093342128217208665e+04,1.870161135251607696e-08
3.237542196587361332e+01,1.490483220701179562e+04,2.091092579130936065e+04,1.890687280174450503e-08
3.240068446971431371e+01,1.485448665596780302e+04,2.088678875802390758e+04,1.912442828850496775e-08
3.242578859185028506e+01,1.481232983425529710e+04,2.086104104994139198e+04,1.921902901808878652e-08
3.245113677000765051e+01,1.475886907223633716e+04,2.083321107896162721e+04,1.941424625356144027e-08
3.247637225708097475e+01,1.471852291853876704e+04,2.080362084737110490e+04,1.961622565335456982e-08
3.250156375117645524e+01,1.466623938171502959e+04,2.077208544242208882e+04,1.993241051304246069e-08
3.252672394032955339e+01,1.461726585886220346e+04,2.073854385265694145e+04,2.016537605077636245e-08
3.255193241476707300e+01,1.457178354438248425e+04,2.070274823005243888e+04,2.050365279678461793e-08
3.257704642849351728e+01,1.451606617535964142e+04,2.066464859368707403e+04,2.099741488216942467e-08
3.260231002876966500e+01,1.446500101766638363e+04,2.062365610439830925e+04,2.161550193609892443e-08
3.262775186297150043e+01,1.441881270493893498e+04,2.057923454202352150e+04,2.239353514195081971e-08
3.265280108288805394e+01,1.436236817227176289e+04,2.053205439436645247e+04,2.332292599603186839e-08
3.267782895216208061e+01,1.430354197499908514e+04,2.048078222217663642e+04,2.419404059307786593e-08
3.270286799975534819e+01,1.424586883545015917e+04,2.042455386468263168e+04,2.526824240531066780e-08
3.272809327067015772e+01,1.418501072443022349e+04,2.036165724729895010e+04,2.624713150976155239e-08
3.275345056280272615e+01,1.412320318333426439e+04,2.029031723144534408e+04,2.732030273460005976e-08
3.277854981108664134e+01,1.406203536837817046e+04,2.020844576669430899e+04,2.794094088830340926e-08
3.280367573458416786e+01,1.399872560804981003e+04,2.010947657236066516e+04,2.865019115783113294e-08
3.282884586582701303e+01,1.392945928664582971e+04,1.997745327261518833e+04,2.904127079763159537e-08
3.285400995243915645e+01,1.385860404538528564e+04,1.721271837495900036e+04,2.917416011117457824e-08
3.287920802753860272e+01,1.379611087521646914e+04,1.728234322134812828e+04,2.913359691757612910e-08
3.290452451239237064e+01,1.373330161071810653e+04,1.735340930574130471e+04,2.860947062761859392e-08
3.292966717672897659e+01,1.367112066270971263e+04,1.742596188801022799e+04,2.809557380211615173e-08
3.295505558991639816e+01,1.360890538096863565e+04,1.750083734715090759e+04,2.734540363454435010e-08
3.298055123904060792e+01,1.354858898967411187e+04,1.757866347303174916e+04,2.646821901320194436e-08
3.300604171762591221e+01,1.349094159487551224e+04,1.765911092911685409e+04,2.562268124031189425e-08
3.303133490115610726e+01,1.343451737276933636e+04,1.774205690951078213e+04,2.323272406196018714e-08
3.305642468899061726e+01,1.337971218447135470e+04,1.782823977135565292e+04,2.121680277219585962e-08
3.308156171862322736e+01,1.334215336681150802e+04,1.791893312689025697e+04,1.940984232336508700e-08
3.310667644826173017e+01,1.329052320018191858e+04,1.801428222478608222e+04,1.816335232978251228e-08
3.313169971532759916e+01,1.325629413883321104e+04,1.811532776096310408e+04,1.716803416393211578e-08
3.315682696470248203e+01,1.321536289115034924e+04,1.822262202449534016e+04,1.631611362234746063e-08
3.318206865411347195e+01,1.317113677687888412e+04,1.833812987206214893e+04,1.561847379379241328e-08
3.320757376523230420e+01,1.313974146195837966e+04,1.846308074509513972e+04,1.490155089194277525e-08
3.323295674088146257e+01,1.310661677626643723e+04,1.859694624800339807e+04,1.428181659267810447e-08
3.325821988580178612e+01,1.307085730818193952e+04,1.873851123041825849e+04,1.371887029233163071e-08
3.328346185567424698e+01,1.302882333030314112e+04,1.888644177396016312e+04,1.317887975206553183e-08
3.330851061503551591e+01,1.299426862553794126e+04,1.903444428993756446e+04,1.272172018079645268e-08
3.333398094661176003e+01,1.296308314933798101e+04,1.917881096657269154e+04,1.232317751639257824e-08
3.335936282996844682e+01,1.293352654097045342e+04,1.931062856390766319e+04,1.196550534377773706e-08
3.338459041384323456e+01,1.290310197592454097e+04,1.942747292027535150e+04,1.157420885395743671e-08
3.340975954277931237e+01,1.287300229444926117e+04,1.953116443237307612e+04,1.114312939909424300e-08
3.343477708315079866e+01,1.284333356609156726e+04,1.962316199376761142e+04,1.064004393634027976e-08
3.346016248553667083e+01,1.281413295745921459e+04,1.970744985983592778e+04,1.008417168606584279e-08
3.348525675310092709e+01,1.278709738167647447e+04,1.978340154860777329e+04,9.531266751818916511e-09
3.351075005208131330e+01,1.277213894064715714e+04,1.985474784615580575e+04,8.969450580870504174e-09
3.353672950574546974e+01,1.274804587494991938e+04,1.992217175387412135e+04,8.483785195372488034e-09
3.356217013440929975e+01,1.272088234234482297e+04,1.998398195775594286e+04,8.109646201384683015e-09
3.358766784303015385e+01,1.269460273944487744e+04,2.004231742518644751e+04,7.837241533824760429e-09
3.361292250482223665e+01,1.266666132986900266e+04,2.009707213894518645e+04,7.679048669751865605e-09
3.363824048369245645e+01,1.265272293999030262e+04,2.014920112757394600e+04,7.636578321143729472e-09
3.366325463334779755e+01,1.263059577058718787e+04,2.019827941459550129e+04,7.748137148341730353e-09
3.368877685747781214e+01,1.260175069045235796e+04,2.024613413407189728e+04,8.073533842221811757e-09
3.371382154976656409e+01,1.257224241923487534e+04,2.029102041441539404e+04,8.632038161570439177e-09
3.373912778578971228e+01,1.254229748679959448e+04,2.033454975650122651e+04,9.522955058845570070e-09
3.376446458388414840e+01,1.251229816411646607e+04,2.037616330918923268e+04,1.074448960535656094e-08
3.378951250897677028e+01,1.248172145102329523e+04,2.041555541494442150e+04,1.215182376498299652e-08
3.381452547020400345e+01,1.244876642816556341e+04,2.045325822521487862e+04,1.349976212731759214e-08
3.383973915689667677e+01,1.241190824096138385e+04,2.048960776066006292e+04,1.474579245483557478e-08
3.386481706008804338e+01,1.236082765434306384e+04,2.052423566259992367e+04,1.583344019942374787e-08
3.389038498387710519e+01,1.232434838882731492e+04,2.055801164472362143e+04,1.706052015556301273e-08
3.391555538530225533e+01,1.227180302774942174e+04,2.058986964786736644e+04,1.733762159168630342e-08
3.394058015349866508e+01,1.223350885037142325e+04,2.062029072532553619e+04,1.802362852571682570e-08
3.396580295904043822e+01,1.217844459298264883e+04,2.064971478985238355e+04,1.870104878051608378e-08
3.399082366157875157e+01,1.212954847159294150e+04,2.067769557759545205e+04,1.934168520798062961e-08
3.401583758943998959e+01,1.208292607365460753e+04,2.070453344530321920e+04,1.984423737515458652e-08
3.404102212295044438e+01,1.202807388281851127e+04,2.073049041436461630e+04,2.007406845486600024e-08
3.406612397292622774e+01,1.197071074796850007e+04,2.075537546060733075e+04,2.021297456799866074e-08
3.409119409840149473e+01,1.191600230138985899e+04,2.077923834495011033e+04,2.189073212289292118e-08
3.410948055779991250e+01,1.186248443034580487e+04,2.079583942301433854e+04,3.499217745549198735e-08
3.411721022384488577e+01,1.183864689165661366e+04,2.080226525874781510e+04,5.564394830179115066e-08
3.413762863871960462e+01,1.178831453719078127e+04,2.081797432748728897e+04,3.485972529627475829e-08
3.415908369506847464e+01,1.174302847829100574e+04,2.083506399376822083e+04,2.193805941305294982e-08
3.418442193482007951e+01,1.171055874744993162e+04,2.085556555410048895e+04,1.609432634937161970e-08
3.420969090689684577e+01,1.170187765402970945e+04,2.087582548044288706e+04,1.318858147205795185e-08
3.423486085787614996e+01,1.167487806025055761e+04,2.089570275845615834e+04,1.131406416795901526e-08
3.425986179079487215e+01,1.164648183777991107e+04,2.091519573075256994e+04,1.000077958296645090e-08
3.428492799340286723e+01,1.164358180222577539e+04,2.093440453184514990e+04,8.939138395916395549e-09
3.431045091828807614e+01,1.161649274036341376e+04,2.095359615496463812e+04,8.135760808374183668e-09
3.433548003804675375e+01,1.160838315990511546e+04,2.097209687492613375e+04,7.442416174490534964e-09
3.436106951286920719e+01,1.158943198034285342e+04,2.099059935844970823e+04,6.823234294080103634e-09
3.438706680422385631e+01,1.158565183018350945e+04,2.100901254644693108e+04,6.269171869696121584e-09
3.441270887198431438e+01,1.155991007107545556e+04,2.102677004807486810e+04,5.807130889515486420e-09
3.443840119659627419e+01,1.155828718108781504e+04,2.104413206399795308e+04,5.385515087908978893e-09
3.446414528809886946e+01,1.153122861164365531e+04,2.106117294202551420e+04,4.996383948998464278e-09
3.449023347880624613e+01,1.152952157262355286e+04,2.107789978529809014e+04,4.634738708194647610e-09
3.451583570808229240e+01,1.152781060963547679e+04,2.109395730036887835e+04,4.315826563721069043e-09
3.454189311817465580e+01,1.150125689209782104e+04,2.110980732122775225e+04,4.011629310355941358e-09
3.456818283774207146e+01,1.149977992747642384e+04,2.112530869703687858e+04,3.738214339050881339e-09
3.459460872460343239e+01,1.149864262718200189e+04,2.114042108581967841e+04,3.477799390781752367e-09
3.462015164512241938e+01,1.149034604073643459e+04,2.115450488681858042e+04,3.241853624064020989e-09
3.464718003295895699e+01,1.147062592354460321e+04,2.116889319795657866e+04,3.011404662602757132e-09
3.467386155313764817e+01,1.146982566773194594e+04,2.118252228118219864e+04,2.805163116155122343e-09
3.470077066027293711e+01,1.146888018115492014e+04,2.119564519626992842e+04,2.614329576039170746e-09
3.472644887937527614e+01,1.146439329689505030e+04,2.120763448985878858e+04,2.446719591673181691e-09
3.475229047979719610e+01,1.144167537791559153e+04,2.121903620369513010e+04,2.282627635844903698e-09
3.478012996597042417e+01,1.144070821122249981e+04,2.123061803988481188e+04,2.121673681067335163e-09
3.480642625365462095e+01,1.144021967637181842e+04,2.124079425990318487e+04,2.255585233028106921e-09
3.483234884575102086e+01,1.143966940278502443e+04,2.124998744772155260e+04,2.826946201460391168e-09
3.485942445514661614e+01,1.143809296893335522e+04,2.125860256093083808e+04,3.753573917570069666e-09
3.488585796323944521e+01,1.142763855814505951e+04,2.126587995364464223e+04,5.201838180408343560e-09
3.491090309425721472e+01,1.141936346967083045e+04,2.127150347049218180e+04,7.289319477594455765e-09
3.493601849447140495e+01,1.141229733356950783e+04,2.127571438187238164e+04,9.933322689553265363e-09
3.496156832483499954e+01,1.141144852623829502e+04,2.127831652546381156e+04,1.246134685894528874e-08
3.498701198384000577e+01,1.141130410972130812e+04,2.127917468893447585e+04,1.422210377644653654e-08
3.501213309766309578e+01,1.141119062709672289e+04,2.127843524778675783e+04,1.526300040373369398e-08
3.503756816796154538e+01,1.141097355345345386e+04,2.127606683900180360e+04,1.593737958318494440e-08
3.506290906387804540e+01,1.141117706421334515e+04,2.127214846446351294e+04,1.641516171281779093e-08
3.508823622452123914e+01,1.496263977871974021e+04,2.126672839569093412e+04,1.676465088240604816e-08
3.511337208445242908e+01,1.491613523072484895e+04,2.125992764671899931e+04,1.696037925994080212e-08
3.513872967812628900e+01,1.487413466469460218e+04,2.125162795096893024e+04,1.712801532066836442e-08
3.516401707643468200e+01,1.482747520462918692e+04,2.124206733140900542e+04,1.719929641080676319e-08
3.518913610121573754e+01,1.478396986348230712e+04,2.123126899608925305e+04,1.728737250275943400e-08
3.521500685302105893e+01,1.473975671209287430e+04,2.121887625188500897e+04,1.735053195770509792e-08
3.524026935503468394e+01,1.469559064828579358e+04,2.120557345403709041e+04,1.730052882209998879e-08
3.526537717538426620e+01,1.465131932943488027e+04,2.119116749609222097e+04,1.723835705183015438e-08
3.529065244818237090e+01,1.460615003436723600e+04,2.117561614936375918e+04,1.720318546484439035e-08
3.531616131698673655e+01,1.456733791111696701e+04,2.115882231766593759e+04,1.714257160326016278e-08
3.534149423479683350e+01,1.451695532565650683e+04,2.114113565806409679e+04,1.705090985623699162e-08
3.536666580072621002e+01,1.448090603627785276e+04,2.112253273969981092e+04,1.696379527580367486e-08
3.539204135320408540e+01,1.443070104423802513e+04,2.110285787912087835e+04,1.688583607989904342e-08
3.541705184977637799e+01,1.439466808522821520e+04,2.108252847878351895e+04,1.674465010143958016e-08
3.544237299986887990e+01,1.435070339217546098e+04,2.106107618969254690e+04,1.665428472454063017e-08
3.546766438274315902e+01,1.430641609726970091e+04,2.103880468569092045e+04,1.662796649145019764e-08
3.549284645593114362e+01,1.427022231022905908e+04,2.101574613961262003e+04,1.690054004073693708e-08
3.551785939207505294e+01,1.422128708461110909e+04,2.099209803019284300e+04,1.649071191643706250e-08
3.554330067316543307e+01,1.418542260520959644e+04,2.096727310584293446e+04,1.649716330004780065e-08
3.556897088475743374e+01,1.414100192931904348e+04,2.094141797108611354e+04,1.651212561646766671e-08
3.559400223244502115e+01,1.409720081318101438e+04,2.091553178242021386e+04,1.651375411581012560e-08
3.561961694133086098e+01,1.406049084837003102e+04,2.088834594720511814e+04,1.664041835440458353e-08
3.564497396026521159e+01,1.401082832056237930e+04,2.086081165583446636e+04,1.672398643465773314e-08
3.567040909160155593e+01,1.397476583552664488e+04,2.083259354666347281e+04,1.691724652366572273e-08
3.569602037898393831e+01,1.392375037527781569e+04,2.080361618755488598e+04,1.745343465047161001e-08
3.572112023645100720e+01,1.388516744926120919e+04,2.077479467794865923e+04,1.746383580076359095e-08
3.574645358756313129e+01,1.383983802032721906e+04,2.074521997472154180e+04,1.785634343807458907e-08
3.577168921735917451e+01,1.379607325647006655e+04,2.071547055686972089e+04,1.853089315198563431e-08
3.579710085136115794e+01,1.374177332624891096e+04,2.068530466560189234e+04,1.916258304168001345e-08
3.582260135356563069e+01,1.370116692253153815e+04,2.065479084850434811e+04,2.007296423911685400e-08
3.584782817872812188e+01,1.364521414225662920e+04,2.062452671801827455e+04,2.101691121085676573e-08
3.587302666970663978e+01,1.358980287444391070e+04,2.059428300973522346e+04,2.211587451962469692e-08
3.589803730982804808e+01,1.353486367540797801e+04,2.056458910481774001e+04,2.329711067341771124e-08
3.592316699640353050e+01,1.348164965819483041e+04,2.053495704225855661e+04,2.490895781856557058e-08
3.594827427843262058e+01,1.342077802047028308e+04,2.050595546031608683e+04,2.651168232488383853e-08
3.597338114099722617e+01,1.335070872913676249e+04,2.047773573585093982e+04,2.775328595093984734e-08
3.599861330257334657e+01,1.328601688362023378e+04,2.045049494976555070e+04,2.895502423842785125e-08
3.602378671540764543e+01,1.322140825759629297e+04,2.042480972644588473e+04,2.964220566740362387e-08
3.604888993683887577e+01,1.314773617894933886e+04,2.040159061448321154e+04,2.988186978879764916e-08
3.607389141126797227e+01,1.307761134157348170e+04,2.038138049566632617e+04,2.935123205380339095e-08
3.609924843964012808e+01,1.301346069347956836e+04,2.036457543029142107e+04,2.857085406999914818e-08
3.612465020745807465e+01,1.294965124203058986e+04,2.035227476279266193e+04,2.766556458836141779e-08
3.614982485515991328e+01,1.288460875496664994e+04,2.034479384883844250e+04,2.661447116533792679e-08
3.617506002693039591e+01,1.282167552949411947e+04,2.034203319002030912e+04,2.544189820320500170e-08
3.620032208106924543e+01,1.276630705043419221e+04,2.034417228357223212e+04,2.386957355735938642e-08
3.622584362785752887e+01,1.271124665834703410e+04,2.035107077722609029e+04,2.238693887416266211e-08
3.625107751465436934e+01,1.265751697368560417e+04,2.036212929525760410e+04,2.053908237888883797e-08
3.627636527716951775e+01,1.260321192692997101e+04,2.037702857546168161e+04,1.919594373270770301e-08
3.630174700644555941e+01,1.256553354820046115e+04,2.039517001752406213e+04,1.803486459238876927e-08
3.632711795774618935e+01,1.251501059194412665e+04,2.041601552890737730e+04,1.706899155928733772e-08
3.635262283333865696e+01,1.247935737215080371e+04,2.043919661020338754e+04,1.597885654481719741e-08
3.637774384637273073e+01,1.244338942363167007e+04,2.046384989747924192e+04,1.512121834903218495e-08
3.640278324527402276e+01,1.239502948642664524e+04,2.048983713495107440e+04,1.436917167891937617e-08
3.642844511280395636e+01,1.236063917960024810e+04,2.051760362206555146e+04,1.370136382286591735e-08
3.645356501570511654e+01,1.232881685506139729e+04,2.054564346161182038e+04,1.317078517328764171e-08
3.647889983878690856e+01,1.229774754867293086e+04,2.057457152608755132e+04,1.257928833147727354e-08
3.650398820377439790e+01,1.226780787136802792e+04,2.060363706839899169e+04,1.190234961258652933e-08
3.652905225658469845e+01,1.223759940709888906e+04,2.063304110543657953e+04,1.110141458530915263e-08
3.655410957203547895e+01,1.220883642164915727e+04,2.066264578732991140e+04,1.020024446402335474e-08
3.657945794393554451e+01,1.218031404675597150e+04,2.069273184036550811e+04,9.429906742696412046e-09
3.660479458298620159e+01,1.215156269846212490e+04,2.072285002274629369e+04,8.826730986752294367e-09
3.663050016449634683e+01,1.212255466203521064e+04,2.075333139229069275e+04,8.376558899418425372e-09
3.665636843844548309e+01,1.209388229062794198e+04,2.078383573802021056e+04,8.142170262008030297e-09
3.668185333501042322e+01,1.207055097130297690e+04,2.081368744722004703e+04,8.098209314391086135e-09
3.670776440899021509e+01,1.204672258704028354e+04,2.084367877553442304e+04,8.330882420323744127e-09
3.673349111820828483e+01,1.202633511930794339e+04,2.087303166682637675e+04,8.826121006611488814e-09
3.675894015010247529e+01,1.199719584084298185e+04,2.090161754651400406e+04,9.647466187829913341e-09
3.678414837011463590e+01,1.196562182730819404e+04,2.092935903656007940e+04,1.078298183191339449e-08
3.680992324245953284e+01,1.192760017608694397e+04,2.095712088522468184e+04,1.220120395028326389e-08
3.683542834087059248e+01,1.188163555456062750e+04,2.098386206751983264e+04,1.354822322684379590e-08
3.686057704661159562e+01,1.184759804202230043e+04,2.100956116148825822e+04,1.476577654723863991e-08
3.688594350306474468e+01,1.180238277318199107e+04,2.103472894410035224e+04,1.580938106915252603e-08
3.691113979710572579e+01,1.175804877481840595e+04,2.105900451231216721e+04,1.680674832730673125e-08
3.693638174355436377e+01,1.170864337165186953e+04,2.108259123327702036e+04,1.778799442819491943e-08
3.696153683497884401e+01,1.166305776384773344e+04,2.110530483884087880e+04,1.902425754190630971e-08
3.698681049577047020e+01,1.160602921623231668e+04,2.112735258470075860e+04,2.031573056144614552e-08
3.701205242635654002e+01,1.154738485270747151e+04,2.114859306150701377e+04,2.178145077663725278e-08
3.703738783367599297e+01,1.148593055179059411e+04,2.116902908858818773e+04,2.324931772719569573e-08
3.706248500853729411e+01,1.142083222815104455e+04,2.118842096175213010e+04,2.575797586662794614e-08
3.708274156013958134e+01,1.133820444204340129e+04,2.120316595433842303e+04,4.088907453415296598e-08
3.708862034561721543e+01,1.131475705965792986e+04,2.120697076451587782e+04,6.489029136913215828e-08
3.710959082661888431e+01,1.124699864184243052e+04,2.121788529588244637e+04,4.091858615256988168e-08
3.712516086602651200e+01,1.121945005058265815e+04,2.122731158231281370e+04,2.577080197106221391e-08
3.715037886668442724e+01,1.117902748037467791e+04,2.124349962537757892e+04,1.788889989926740428e-08
3.717587405939478629e+01,1.116287580084966976e+04,2.126007768984026188e+04,1.444573354974330208e-08
3.720103550829684735e+01,1.113628807356808829e+04,2.127643213615554851e+04,1.241274754906525097e-08
3.722608100775300954e+01,1.110775592445649090e+04,2.129268001409449062e+04,1.104206619673109154e-08
3.725173759658363792e+01,1.109573305456174239e+04,2.130914551365305306e+04,9.909862963986941787e-09
3.727693780062032403e+01,1.107694056466029178e+04,2.132520633907792944e+04,8.968754410728550979e-09
3.730292800647622187e+01,1.104895426564590343e+04,2.134154484272658010e+04,8.190728275583719202e-09
3.732796962528762919e+01,1.104673951338594088e+04,2.135709131089432412e+04,7.521149167923182799e-09
3.735308653254259781e+01,1.101918570865231777e+04,2.137244986281025558e+04,6.931992636014613968e-09
3.737881762801614371e+01,1.101706993071814031e+04,2.138794851475141695e+04,6.373442132836509898e-09
3.740428747879391125e+01,1.100847395600401069e+04,2.140291747944204326e+04,5.901562029210819428e-09
3.743010694809650829e+01,1.098773575046889528e+04,2.141790500763963428e+04,5.453625584778693198e-09
3.745533265010689661e+01,1.098611533202305691e+04,2.143212095613221027e+04,5.057701516216045090e-09
3.748104444533064594e+01,1.095946705327378731e+04,2.144635116426219975e+04,4.688181338077000714e-09
3.750734691543110699e+01,1.095785541276571530e+04,2.146045404038374909e+04,4.351960787185111755e-09
3.753375908879976208e+01,1.095498937280222162e+04,2.147420475483595510e+04,4.027955124083807219e-09
3.755976950971926698e+01,1.093242234889841347e+04,2.148732232155965539e+04,3.747690589390878934e-09
3.758526822476141405e+01,1.093140361809243768e+04,2.149970230097845706e+04,3.480841082463182564e-09
3.761031415821384627e+01,1.093025462504442112e+04,2.151138383074582453e+04,3.243011679825313093e-09
3.763692248159414078e+01,1.091628690889265090e+04,2.152323393021311858e+04,3.010506768640592421e-09
3.766366613146584541e+01,1.090245326471328372e+04,2.153455609773791002e+04,2.797527054233095385e-09
3.769022251300060589e+01,1.090172523408766210e+04,2.154512057622675638e+04,2.603615361784670875e-09
3.771653912974509382e+01,1.090093752597828825e+04,2.155477087945401945e+04,2.426243214523966698e-09
3.774203226300356562e+01,1.089832936533011161e+04,2.156329282467326630e+04,2.575760550473572042e-09
3.776998083772225812e+01,1.087461860720337609e+04,2.157147119777779881e+04,3.636151177496638777e-09
3.779562164407621339e+01,1.087288514983465757e+04,2.157753107664440904e+04,5.560193723897522880e-09
3.781902481178217812e+01,1.087245552786508415e+04,2.158142235475669077e+04,9.147989161781789170e-09
3.784037613902390973e+01,1.087215433862329883e+04,2.158301837023548069e+04,1.476700429354326358e-08
3.786553514193430203e+01,1.087170956992352149e+04,2.158177028851962677e+04,2.163542970180784078e-08
3.789076531462561803e+01,1.087055688856377856e+04,2.157696931927057813e+04,2.533371303280651074e-08
3.791592614540283535e+01,1.086427830540936156e+04,2.156857045122026102e+04,2.721520464135261655e-08
3.794122170665389149e+01,1.085968733854926177e+04,2.155674748123374229e+04,2.855855489162483259e-08
3.796644266477035501e+01,1.085760459658758009e+04,2.154174987788071303e+04,2.960100101632143335e-08
3.799160724583601478e+01,1.085814881973478077e+04,2.152373182173222813e+04,3.014458752538821991e-08
3.801681857794068975e+01,1.086797262003059041e+04,2.150280755900897566e+04,3.060055056574022005e-08
3.804189486934618714e+01,1.450430521781543212e+04,2.147930320289010706e+04,3.089780468143237481e-08
3.806720229074275608e+01,1.442577130473626130e+04,2.145299602113405126e+04,3.094216816838649114e-08
3.809232532208907429e+01,1.435980742519119121e+04,2.142442396215779445e+04,3.091428985430029561e-08
3.811741244923265270e+01,1.428959753880780772e+04,2.139356825335444955e+04,3.052958084382633317e-08
3.814259158314575160e+01,1.421588608925824337e+04,2.136030893071715764e+04,3.014023872364442731e-08
3.816792157799670804e+01,1.415148258001042996e+04,2.132464661091220114e+04,2.947815424408816136e-08
3.819301168316428630e+01,1.408722699765998368e+04,2.128706866830290528e+04,2.887501996229507471e-08
3.821802796571143546e+01,1.401756808563680715e+04,2.124748235159268370e+04,2.807477277173742418e-08
3.824342590259938390e+01,1.395131145519170423e+04,2.120498783650718178e+04,2.734712966405281503e-08
3.826871148771087405e+01,1.388929639362408670e+04,2.116024826324652531e+04,2.643848933081865888e-08
3.829377822882564431e+01,1.383094515023369604e+04,2.111337311819305251e+04,2.562301693137740013e-08
3.831901799485444826e+01,1.377129777936384198e+04,2.106329801981520723e+04,2.492922603431158449e-08
3.834426192189403793e+01,1.371667283222440892e+04,2.100997560983285803e+04,2.421460846248126262e-08
3.836926454099918971e+01,1.366768327938748007e+04,2.095343957393908204e+04,2.366207243803482035e-08
3.839434948134461933e+01,1.361229873976967065e+04,2.089210319055654327e+04,2.326323855184931152e-08
3.841964735648225826e+01,1.355599970722693979e+04,2.082431672163034091e+04,2.291380671685568648e-08
3.844509749668398513e+01,1.349783571491093426e+04,2.074808803889726914e+04,2.336962963350434972e-08
3.847041667385464336e+01,1.344229276459305038e+04,2.066058988547589252e+04,2.307285747750754312e-08
3.849562470203890996e+01,1.339695164284356906e+04,2.055428889784311832e+04,2.255584250217833187e-08
3.852070512818846737e+01,1.334315705427089597e+04,2.040694961627401426e+04,2.245239156486284714e-08
3.854596331536544795e+01,1.328568072763930468e+04,1.703074784458371869e+04,2.241286943134472716e-08
3.857136478826347314e+01,1.322714490798109546e+04,1.710090522663770025e+04,2.248113136517681138e-08
3.859658583755653183e+01,1.317126869892186369e+04,1.717073638076688076e+04,2.276531710374668732e-08
3.862176210927673736e+01,1.311468362137752410e+04,1.724102906272726614e+04,2.331475017214134819e-08
3.864680244829879996e+01,1.306220150569517682e+04,1.731156573822649807e+04,2.398898680963352710e-08
3.867185245297685015e+01,1.300444476215796749e+04,1.738283795987166377e+04,2.497637436823922083e-08
3.869698136990344040e+01,1.293505106839146356e+04,1.745560448217025987e+04,2.616520848991493290e-08
3.872217068013949870e+01,1.286886888184880809e+04,1.752954647737940468e+04,2.766993787299866157e-08
3.874733551525690700e+01,1.280377726461157908e+04,1.760499951065565256e+04,2.919777421263276050e-08
3.877244561040661353e+01,1.273533095874765058e+04,1.768161469662591480e+04,3.064016984772642836e-08
3.879756142007457242e+01,1.265535719812191928e+04,1.776045327712398284e+04,3.199673934201825704e-08
3.882265217080634301e+01,1.258124115693487329e+04,1.784110876834212831e+04,3.235744084002841935e-08
3.884775901108041296e+01,1.250366129662941239e+04,1.792412098336378767e+04,3.211848699396257732e-08
3.887297624844813981e+01,1.242403308795082376e+04,1.801074501857798896e+04,3.117846428152973564e-08
3.889806676745360647e+01,1.235433245574113607e+04,1.810023368439467231e+04,3.014713058392990282e-08
3.892330708072228163e+01,1.228829456059049153e+04,1.819433411614298893e+04,2.848494847036639858e-08
3.894877149457079213e+01,1.221521352289265087e+04,1.829466175721487161e+04,2.670852626934581876e-08
3.897408140796486009e+01,1.215325310042170713e+04,1.839985263274893805e+04,2.455593939474021874e-08
3.899912326636992788e+01,1.210221608939487669e+04,1.851129548858096314e+04,2.330923416086064470e-08
3.902426733957560145e+01,1.205053881634634854e+04,1.863154083146231642e+04,2.179683517775029105e-08
3.904948422514401329e+01,1.199680635663088106e+04,1.876206637864833101e+04,2.090219467769153612e-08
3.907486667890132992e+01,1.194013644735699563e+04,1.890656768082701456e+04,1.992899205652798458e-08
3.910032496456876316e+01,1.190059917787600898e+04,1.906541293070412939e+04,1.906644761946083065e-08
3.912589102513005201e+01,1.184892017444223711e+04,1.924007036543500726e+04,1.773191437586201151e-08
3.915102660154167324e+01,1.181381553625151901e+04,1.942195851862705240e+04,1.575929225681886376e-08
3.917662765165923844e+01,1.176547273020522334e+04,1.960674235455231610e+04,1.374815285253308182e-08
3.920176276585147690e+01,1.173337342692865604e+04,1.977456702739354660e+04,1.216385564621053680e-08
3.922707015011142317e+01,1.170298445772656669e+04,1.992304865153516585e+04,1.097797590820467350e-08
3.925267226866011328e+01,1.167317548078158870e+04,2.005266197958377597e+04,1.014571640977117612e-08
3.927772667153415398e+01,1.164449055550858793e+04,2.016317587325249769e+04,9.564042301496633495e-09
3.930312881996272978e+01,1.161923446579945630e+04,2.026197150098211205e+04,9.212277381590270723e-09
3.932869458248465122e+01,1.159085305429853906e+04,2.035116410224897118e+04,9.083484795262956690e-09
3.935450106033808026e+01,1.157003338926902507e+04,2.043275645345885277e+04,9.141147681283513017e-09
3.937996621926323115e+01,1.154402270240682083e+04,2.050655540722177830e+04,9.570502608957210037e-09
3.940543989750781151e+01,1.151223756688135654e+04,2.057486987934133140e+04,1.043241042749170550e-08
3.943060479144782704e+01,1.147104809341802684e+04,2.063776774828432099e+04,1.197758008958400766e-08
3.945607562782637956e+01,1.142903106984592887e+04,2.069731759567146582e+04,1.440081527242704277e-08
3.948114432206612179e+01,1.139120583995638844e+04,2.075219533366595351e+04,1.740824787315069079e-08
3.950623152179500863e+01,1.133685858801183531e+04,2.080380222265627162e+04,1.957979867912221709e-08
3.953127255691706665e+01,1.127775734260265017e+04,2.085238081205319031e+04,2.142410623165254052e-08
3.955669402179374572e+01,1.121685016485815504e+04,2.089888838257407406e+04,2.317013381779299378e-08
3.958192266513972868e+01,1.115611449453593741e+04,2.094262143568252941e+04,2.468947257979790888e-08
3.960709891248578174e+01,1.109040389468211833e+04,2.098384990377875874e+04,2.668680701202307421e-08
3.963210483628476766e+01,1.100862776211562596e+04,2.102266903427037687e+04,2.900219830822808061e-08
3.965710796378116498e+01,1.093259283067540309e+04,2.105934960421371943e+04,3.176515658683664529e-08
3.968212126168802456e+01,1.082151815923266076e+04,2.109380577053343586e+04,4.094538877063392216e-08
3.969026955658502231e+01,1.077400765209171368e+04,2.110421251167709852e+04,6.497671743392553500e-08
3.969371939563082208e+01,1.075443403300871068e+04,2.110815196193133670e+04,1.031052482004636303e-07
3.970551690628254704e+01,1.068488925227384607e+04,2.111872300963196176e+04,6.477301349493737975e-08
3.971250024405181733e+01,1.067920791130667567e+04,2.112598424120736672e+04,4.061110909349669166e-08
3.972719070007538988e+01,1.065235159374318027e+04,2.114286988645667952e+04,2.548187993808623022e-08
3.975254018307865778e+01,1.062191184688635258e+04,2.117318783071087091e+04,1.824253980603956215e-08
3.977759827443621532e+01,1.059335390198831010e+04,2.120316599449544083e+04,1.540187444742324477e-08
3.980269526082033593e+01,1.056456204956064721e+04,2.123279031366840718e+04,1.358945656907428455e-08
3.982781695459228644e+01,1.053612496866498805e+04,2.126208757405456709e+04,1.231469800982750235e-08
3.985343978107545126e+01,1.051018362227829857e+04,2.129147271176305003e+04,1.131264224171639437e-08
3.987897910912988664e+01,1.050658972984866705e+04,2.132024436251982479e+04,1.038209500856517608e-08
3.990455327706430211e+01,1.047855855393602906e+04,2.134861050185461499e+04,9.606944502917219629e-09
3.993026915058079140e+01,1.046179937247195630e+04,2.137666726711182855e+04,8.935622260279333040e-09
3.995539111018183576e+01,1.044788703009829624e+04,2.140353766495489617e+04,8.298796017908645437e-09
3.998077894490617723e+01,1.042023067559713127e+04,2.143025491861704722e+04,7.745192320462358192e-09
4.000630284750549492e+01,1.041767294019760266e+04,2.145658723884403298e+04,7.227394921797738711e-09
4.003198402947768386e+01,1.039063622395674975e+04,2.148257226206411724e+04,6.751191249948986236e-09
4.005756507000868538e+01,1.038785122095264160e+04,2.150795399841310427e+04,6.310551128381601856e-09
4.008258040046239756e+01,1.038235955458767421e+04,2.153228558097222776e+04,5.919495189703633550e-09
4.010766232489442729e+01,1.035841452305555504e+04,2.155615321386390860e+04,5.550669641315664133e-09
4.013286447328530215e+01,1.035676680281577865e+04,2.157963182109572517e+04,5.202090190227522636e-09
4.015846056757180094e+01,1.032969588936452601e+04,2.160305295601224498e+04,4.876840499127498202e-09
4.018435119119210697e+01,1.032798540749000858e+04,2.162617078693302392e+04,4.573131800959573000e-09
4.020977408288812427e+01,1.032617924361900805e+04,2.164833790204555771e+04,4.286077049897800222e-09
4.023554329712387556e+01,1.029980713071251557e+04,2.167032852447257756e+04,4.014297938793992596e-09
4.026096119428021325e+01,1.029838031332558239e+04,2.169153345128582441e+04,3.773115053597101154e-09
4.028702529639545560e+01,1.029644537505152402e+04,2.171272231285275848e+04,3.537005431296105664e-09
4.031294733372119055e+01,1.027342650511713873e+04,2.173324576757328396e+04,3.311816787956990255e-09
4.033897560430726514e+01,1.027212105275409886e+04,2.175343327224936729e+04,3.104089998000039592e-09
4.036429304995258605e+01,1.027126863360109928e+04,2.177253640106144667e+04,2.916366052914532748e-09
4.039125474917301517e+01,1.026839892028827671e+04,2.179229792033152626e+04,2.728707900170663007e-09
4.041841207933428137e+01,1.024359702506322174e+04,2.181170472816838446e+04,2.552091297608130770e-09
4.044463244049686068e+01,1.024254149772466917e+04,2.182988164909620536e+04,2.391857504506465997e-09
4.047296169542388355e+01,1.024189022746311457e+04,2.184895329178061729e+04,2.229180273209980776e-09
4.049992229779331865e+01,1.024088672868725189e+04,2.186659491002846335e+04,2.085006417076937892e-09
4.052705972269514945e+01,1.023263289181082837e+04,2.188370167907716677e+04,1.949779804905347089e-09
4.055516358266898891e+01,1.021379166553776304e+04,2.190093165185959151e+04,1.816788482135096822e-09
4.058264487238994889e+01,1.021315520449571522e+04,2.191716374581120908e+04,1.698057361169715539e-09
4.061151358878581874e+01,1.021278211579815616e+04,2.193361965541178870e+04,1.581064128301173589e-09
4.063926127439059144e+01,1.021245687086472026e+04,2.194878173097777471e+04,1.472869876807910414e-09
4.066898623553220204e+01,1.021179383153098388e+04,2.196441177285752929e+04,1.369887331219339092e-09
4.069567393141799272e+01,1.020855550857282287e+04,2.197781329778158761e+04,1.282824291843638352e-09
4.072434810372738667e+01,1.020610304349248690e+04,2.199158486252430885e+04,1.193794254824178730e-09
4.075353504112701586e+01,1.020718041392289888e+04,2.200489438006552155e+04,1.180416559555314447e-09
4.077889355787227998e+01,1.021248028358091142e+04,2.201583567715276513e+04,1.244034169378775428e-09
4.080645913852878692e+01,1.570584110266813877e+04,2.202704969845290179e+04,1.388167034774830788e-09
4.083493586212883741e+01,1.565864385601194044e+04,2.203787705993865529e+04,1.589273167355946217e-09
4.086521339502232308e+01,1.561229391060662419e+04,2.204843677555284012e+04,1.896212681553665589e-09
4.089412674185710017e+01,1.557151351187013825e+04,2.205740406051135142e+04,2.345773233936631916e-09
4.092087267848249610e+01,1.553445205035461549e+04,2.206462123244412942e+04,3.020705506059955998e-09
4.094945189232502258e+01,1.549444557904964495e+04,2.207094297598000776e+04,4.352742690776797242e-09
4.097526602520514416e+01,1.545467986941890922e+04,2.207492705703710453e+04,6.865262316972472145e-09
4.099529128615767348e+01,1.541858132187056435e+04,2.207642480915697161e+04,1.100137902795623681e-08
4.101358977690599517e+01,1.537905423428274116e+04,2.207604269539029701e+04,1.758789058629231354e-08
4.103889059422550645e+01,1.530619656469206166e+04,2.207226062267156158e+04,2.729776451546569999e-08
4.106424622997904095e+01,1.522336841894159807e+04,2.206440558875149145e+04,3.324286296233850108e-08
4.108944903432448115e+01,1.513465202075176967e+04,2.205268070236235508e+04,3.703386338867189262e-08
4.111464063599943586e+01,1.504334828410565206e+04,2.203701252622187531e+04,3.980689685968237215e-08
4.113971067122525227e+01,1.495198454105515702e+04,2.201781387291896317e+04,4.051198829188275784e-08
4.116484145240895032e+01,1.485946421781042227e+04,2.199521218984700681e+04,4.060665470863385484e-08
4.119001655784935423e+01,1.477269314103555189e+04,2.196949059645504531e+04,4.055204607052997136e-08
4.121512815599989210e+01,1.468503000326815891e+04,2.194103439239675936e+04,4.039206561423803791e-08
4.124014035970224512e+01,1.459743307927858223e+04,2.190990344510683281e+04,4.081381068741171556e-08
4.126515720005455279e+01,1.450846175625999058e+04,2.187603714953827148e+04,4.107104358903101430e-08
4.129019541615783595e+01,1.442054262790384018e+04,2.183932701239987000e+04,4.190803917180620366e-08
4.131534035356310142e+01,1.432976786496456043e+04,2.179943311788618666e+04,4.348491778299366842e-08
4.134043496694577158e+01,1.423981166200150255e+04,2.175645153902075617e+04,4.417881214373048075e-08
4.136547708656868139e+01,1.414670067206063140e+04,2.171011673509062530e+04,4.548824398668533205e-08
4.139056250855820451e+01,1.404539532887954192e+04,2.165989769220718154e+04,4.669878872995625054e-08
4.141559744977276125e+01,1.394593533083534203e+04,2.160565969565960404e+04,4.767358927553218645e-08
4.144072850405905228e+01,1.385064646016355618e+04,2.154659478152489464e+04,4.805913712288172432e-08
4.146588411018196041e+01,1.375534855195813725e+04,2.148236028477637228e+04,4.856554392694920499e-08
4.149091961428578657e+01,1.365082679109688434e+04,2.141251115494467376e+04,4.773475968979981893e-08
4.151595453671004776e+01,1.355543622499255980e+04,2.133570591556654108e+04,4.701392682889310428e-08
4.154107348946865130e+01,1.346262954426675060e+04,2.124991672749958161e+04,4.601981443048978296e-08
4.156613982752188008e+01,1.337236412670527534e+04,2.115258445534733983e+04,4.375498519076726044e-08
4.159126841478427394e+01,1.328374886513844467e+04,2.103781018781588136e+04,4.092311720694907770e-08
4.161631342460813698e+01,1.319668520988706405e+04,2.089316458510116718e+04,3.861296382798269437e-08
4.164136148781170021e+01,1.312425552317196707e+04,2.066109779069581055e+04,3.641867001078749804e-08
4.166646197797663120e+01,1.304510005777495826e+04,1.701083380578986544e+04,3.488532030608251603e-08
4.169151099054756315e+01,1.297583084893267915e+04,1.708301622001600117e+04,3.375438515086192738e-08
4.171671466276153240e+01,1.289711575892274959e+04,1.715466385777882169e+04,3.312562018334726244e-08
4.174177142788428085e+01,1.283020091092146868e+04,1.722532066465193930e+04,3.283511639552802330e-08
4.176687321622888049e+01,1.274871048508780586e+04,1.729575154626094445e+04,3.295925729755493533e-08
4.179195319602217040e+01,1.268264020765787973e+04,1.736596433070540661e+04,3.360226454616512072e-08
4.181709953731407836e+01,1.259850152678581981e+04,1.743635854016526719e+04,3.479762298433173732e-08
4.184212251355140921e+01,1.252711723331649591e+04,1.750652771093093907e+04,3.663411586409376174e-08
4.186716870269693658e+01,1.244124312000794089e+04,1.757703916904442303e+04,3.959904467239845413e-08
4.189238418581219747e+01,1.234857268911080246e+04,1.764826933620873388e+04,4.347728382613375298e-08
4.191747618575013234e+01,1.224027706528276940e+04,1.771954830823928933e+04,4.779796472788138243e-08
4.194262599986627293e+01,1.213829323334822766e+04,1.779142747296543894e+04,5.191364731394514604e-08
4.196770877727547600e+01,1.202233635659225729e+04,1.786345147356368034e+04,5.360016570481297859e-08
4.199271749515136065e+01,1.190577628393843588e+04,1.793627759964860161e+04,5.130431945608346750e-08
4.201778190017054726e+01,1.181115539163053836e+04,1.801018960087476080e+04,4.515365869885110297e-08
4.204290143600246665e+01,1.172103338528047607e+04,1.808590748820720910e+04,3.930148195962346518e-08
4.206809156927055682e+01,1.163493228966924471e+04,1.816329639445859721e+04,3.532926151920723363e-08
4.209331625151220635e+01,1.155992255393848063e+04,1.824309902443623287e+04,3.421634648365737253e-08
4.211839930468461546e+01,1.148610464184717966e+04,1.832433449990654481e+04,3.297703011477684984e-08
4.214363014190596601e+01,1.142379930888381023e+04,1.840831691355345902e+04,2.765328299820275531e-08
4.216867892720658517e+01,1.136886189812324483e+04,1.849462119968414845e+04,2.212324839859155171e-08
4.219379257045067533e+01,1.131660753662559364e+04,1.858437454142368006e+04,1.858557391083785600e-08
4.221893690795049991e+01,1.128013864527651640e+04,1.867794678512685277e+04,1.640066760837428289e-08
4.224415764798295214e+01,1.124719327909938511e+04,1.877595408371411759e+04,1.502962415171924003e-08
4.226950090399310511e+01,1.121206093252382198e+04,1.887861546399174040e+04,1.407703516197817055e-08
4.229496208864560458e+01,1.116567334679807573e+04,1.898685991557678790e+04,1.346619360390537952e-08
4.231996500290814822e+01,1.113356864514295376e+04,1.909801822921015264e+04,1.307279347406201913e-08
4.234509376999981356e+01,1.110185707392834047e+04,1.921516781541239834e+04,1.295022073671268371e-08
4.237037744782846005e+01,1.106980071150882759e+04,1.933832536053202784e+04,1.303756260695055075e-08
4.239543788714088635e+01,1.103662872428012452e+04,1.946507721268026216e+04,1.360995664461138585e-08
4.242072050461431587e+01,1.099133267238402368e+04,1.959586549685560385e+04,1.495104590383535766e-08
4.244589721541517946e+01,1.094683314219753629e+04,1.972718379860144341e+04,1.799581179588599145e-08
4.247119979219139907e+01,1.088787929002502642e+04,1.985710562429168203e+04,2.417450187346399446e-08
4.249629810569379629e+01,1.082269778359554584e+04,1.998048577760567787e+04,3.039427333781622614e-08
4.252136546839941644e+01,1.073836085816355808e+04,2.009592291694092637e+04,3.432920384642946051e-08
4.254641448740218834e+01,1.065148836566077625e+04,2.020248267430457418e+04,3.713947190486723903e-08
4.257153347804926824e+01,1.055702073780178216e+04,2.030041087547601637e+04,4.109448105752110918e-08
4.259661815802564178e+01,1.045856311100493258e+04,2.038910040458070580e+04,4.688101141564627519e-08
4.262165570203328713e+01,1.033551086762339037e+04,2.046874637121615524e+04,5.547251521770504742e-08
4.264672085735789864e+01,1.015955331077173287e+04,2.053932605574710760e+04,8.241195169908402307e-08
4.265082295883416919e+01,1.011896017968733031e+04,2.054951428972364738e+04,1.320167104123090006e-07
4.265241036029222244e+01,1.010320507878866556e+04,2.055289054310828215e+04,2.111062194463211002e-07
4.265351846728457730e+01,1.008905099418554346e+04,2.055471995029384925e+04,3.354289433171943145e-07
4.266392790134990776e+01,9.961293859015146154e+03,2.055337316888233181e+04,2.108943448170196181e-07
4.266664401060985767e+01,9.953547272621970478e+03,2.055597881604319264e+04,1.323290207468702025e-07
4.268122513602423140e+01,9.869649770004685706e+03,2.058002671574999113e+04,8.305678213005452781e-08
4.270625455786554170e+01,9.778603233493009611e+03,2.062675097034616920e+04,6.734481928483144200e-08
4.273144070738304379e+01,9.688688908429270668e+03,2.067279005367118225e+04,6.133951306132847983e-08
4.275654848630239258e+01,9.603144609815113654e+03,2.071662815420775951e+04,5.606570747417213073e-08
4.278161614567196125e+01,9.536872924583763961e+03,2.075878495402824410e+04,5.208680457095742637e-08
4.280663750167711612e+01,9.453187125851954988e+03,2.079927612299011889e+04,4.910838446233124432e-08
4.283164086676204363e+01,9.392357026714678796e+03,2.083856461693673191e+04,4.578801906488655747e-08
4.285678046972913791e+01,9.330415178470821047e+03,2.087693885111998679e+04,4.303639741534076590e-08
4.288187036826180787e+01,9.269463777263241354e+03,2.091415000138873438e+04,4.049949700117563589e-08
4.290700585178404936e+01,9.209372739459202421e+03,2.095054574727000363e+04,3.820015966196203093e-08
4.293202590573153543e+01,9.152771110660547492e+03,2.098602271370993549e+04,3.608691826604666072e-08
4.295713331844654448e+01,9.093854322218447123e+03,2.102081289650432518e+04,3.412670593314577798e-08
4.298229212267185773e+01,9.053827307791985731e+03,2.105501965236890101e+04,3.238680229103817199e-08
4.300736563354283959e+01,9.000527715269283362e+03,2.108837669576420376e+04,3.067730472468510122e-08
4.303247084905243725e+01,8.946185087915906479e+03,2.112114399780275562e+04,2.905809785408298679e-08
4.305759580103351425e+01,8.912050253744304428e+03,2.115331225030794667e+04,2.793447772846984833e-08
4.308276567880390218e+01,8.856757717307998973e+03,2.118495692578302260e+04,2.609012185428892882e-08
4.310796112420522519e+01,8.822752094383038639e+03,2.121600564569965718e+04,2.477862069914063173e-08
4.313326901283180348e+01,8.789657420040448415e+03,2.124664461018447037e+04,2.346637530036419639e-08
4.315833937540686804e+01,8.737992037064366741e+03,2.127636001310194479e+04,2.227551192847087377e-08
4.318345581964167934e+01,8.705868596726993928e+03,2.130562865119691560e+04,2.117531202900297346e-08
4.320847112292484837e+01,8.674640504079599850e+03,2.133421081104124823e+04,2.008391601720116069e-08
4.323379932043428653e+01,8.643581545770553930e+03,2.136254692583128781e+04,1.906869997269232999e-08
4.325883459134468012e+01,8.612862799743557844e+03,2.139002193249231641e+04,1.813390443653260853e-08
4.328389929801284097e+01,8.582443228532978537e+03,2.141696196149431489e+04,1.723191387410418686e-08
4.330916341423054661e+01,8.552267883220576550e+03,2.144354149646910446e+04,1.635250720339660476e-08
4.333457574768392817e+01,8.522743449340430743e+03,2.146972620232949703e+04,1.550794174405952576e-08
4.335980367978969952e+01,8.495603169603409697e+03,2.149513467800517537e+04,1.472377943148750436e-08
4.338525193318509565e+01,8.466028583811563294e+03,2.152024533323903233e+04,1.397676500532901635e-08
4.341055956858876641e+01,8.436575579333184578e+03,2.154468784624683394e+04,1.327519672178249408e-08
4.343582427687909586e+01,8.407679918945486861e+03,2.156845546322590599e+04,1.259422514932106003e-08
4.346105632375213901e+01,8.400539004857311738e+03,2.159168091794266002e+04,1.195765802564357881e-08
4.348644380274503618e+01,8.374297904893230225e+03,2.161442756333682337e+04,1.134561712851238783e-08
4.351152831535654997e+01,8.345564567197654469e+03,2.163636464738810537e+04,1.079581492298799285e-08
4.353693623475394503e+01,8.318962212313163036e+03,2.165807456311037095e+04,1.022824124942224972e-08
4.356238258154805720e+01,8.313112129016726612e+03,2.167915239287673467e+04,9.718907913765643258e-09
4.358758421437254782e+01,8.288345640929230285e+03,2.169949881427732907e+04,9.229236658830463682e-09
4.361325458856657633e+01,8.260561137723367210e+03,2.171968571053251799e+04,8.746607966702919399e-09
4.363842913859207329e+01,8.257107881007543256e+03,2.173884018959971581e+04,8.280644511257167797e-09
4.366408199517108102e+01,8.228975250194847831e+03,2.175781898589158300e+04,7.872918600655257027e-09
4.368942717699867728e+01,8.225954172338164426e+03,2.177597712803109607e+04,7.453074762585113429e-09
4.371444906704074640e+01,8.198546998664065541e+03,2.179325594144178103e+04,7.069310403156122502e-09
4.373979821412926583e+01,8.195709613789442301e+03,2.181020073471708383e+04,6.705218192085167367e-09
4.376551540531573892e+01,8.168456053437477749e+03,2.182673159851521632e+04,6.356881240765312275e-09
4.379180885498180942e+01,8.166025257525529923e+03,2.184295450729844742e+04,6.017490910338328648e-09
4.381692238242199267e+01,8.138891501083406183e+03,2.185772332030356120e+04,5.698230301528502976e-09
4.384292595566490292e+01,8.136868119186749936e+03,2.187228216491365311e+04,5.400600563456368974e-09
4.386879525529273849e+01,8.111915601864021482e+03,2.188591036581383378e+04,5.102243582909400364e-09
4.389411494538691016e+01,8.107952761835733327e+03,2.189846114149707864e+04,4.837552214184388492e-09
4.392033888116289120e+01,8.103375406721580475e+03,2.191034160087784403e+04,4.572473530734002272e-09
4.394641345535693233e+01,8.081883760934862039e+03,2.192100985393469455e+04,4.326192571096391507e-09
4.397240479730884744e+01,8.080434338161453525e+03,2.193009354801586596e+04,5.911514673429659471e-09
4.399855872817564517e+01,8.070642440063807044e+03,2.193722382327871674e+04,9.488514893642697461e-09
4.402386827689615245e+01,8.051916630519809587e+03,2.194177872357054002e+04,1.454976599682682047e-08
4.404937753818919077e+01,8.050733128018850948e+03,2.194366675649756507e+04,1.882652122233390302e-08
4.407464258997368489e+01,8.048048181684823248e+03,2.194291322182397198e+04,2.110520553350070269e-08
4.409995343228221998e+01,8.022905025992517039e+03,2.193976779779577919e+04,2.234311536231899225e-08
4.412511537701131203e+01,8.021541860221640491e+03,2.193440462601032414e+04,2.310300272447637129e-08
4.415022967618762806e+01,8.020560318582573018e+03,2.192691837748685066e+04,2.367319844437484512e-08
4.417538452340090771e+01,8.017583701050453783e+03,2.191749398839784772e+04,2.411116965222082968e-08
4.420073209553208216e+01,7.993274558784354667e+03,2.190613247016699461e+04,2.433066080996239359e-08
4.422593025435802616e+01,7.992015956179106070e+03,2.189308656232563590e+04,2.442082514765560847e-08
4.425103285871401226e+01,7.991314364086189926e+03,2.187846678341561346e+04,2.455896932443874371e-08
4.427649771739984175e+01,7.990339904953618316e+03,2.186215518096061351e+04,2.466151858650063887e-08
4.430175251778938161e+01,7.985053945338788253e+03,2.184448403364160549e+04,2.462780958772494354e-08
4.432699398215836339e+01,7.967567449346179274e+03,2.182548338571384375e+04,2.470673570846639633e-08
4.435251415997720414e+01,7.962602265216239175e+03,2.180504714543822774e+04,2.473478257419481997e-08
4.437778161602673066e+01,7.962102941256619488e+03,2.178346671922588939e+04,2.490116628025087180e-08
4.440319152052421714e+01,7.961676660821104633e+03,2.176058128957705776e+04,2.500618756190291902e-08
4.442843859746761126e+01,7.961041073864788814e+03,2.173674070653014496e+04,2.519289949580321187e-08
4.445346309242068372e+01,7.958150702162984089e+03,2.171190348527328752e+04,2.542489287711968626e-08
4.447854597437284241e+01,7.952840154986307425e+03,2.168586529893420084e+04,2.574319023292895048e-08
4.450402663053485952e+01,7.949680004370449751e+03,2.165821865718148183e+04,2.612904992656367744e-08
4.452945333777091719e+01,7.948509651738562752e+03,2.162947031266125123e+04,2.653905074635689383e-08
4.455501611919552118e+01,7.950320442037846988e+03,2.159937068029139118e+04,2.701308062485480637e-08
4.458052739758239369e+01,7.962428722031885627e+03,2.156802685143080089e+04,2.746322048028961772e-08
4.460571742933790773e+01,1.409852206081283293e+04,2.153576891586693819e+04,2.800970863625863540e-08
4.463093068229250804e+01,1.403730884540855186e+04,2.150215076249645790e+04,2.873812626534156367e-08
4.465597987581913486e+01,1.397473865816050602e+04,2.146727234206133653e+04,2.960280300264921848e-08
4.468104993630755928e+01,1.391117495248707019e+04,2.143079129359269427e+04,3.047468001111973321e-08
4.470632363998971925e+01,1.384304320936417753e+04,2.139222163751013431e+04,3.163380378641399277e-08
4.473144599337914684e+01,1.376676550558937743e+04,2.135201029277297130e+04,3.288200983553693912e-08
4.475666860536489366e+01,1.369982257852940347e+04,2.130941399374393222e+04,3.408245167385812186e-08
4.478172228385136577e+01,1.361846944929675010e+04,2.126465970803329765e+04,3.538371851352707547e-08
4.480704529200548336e+01,1.354814252142058103e+04,2.121669120831092005e+04,3.644726948666483633e-08
4.483208766595774364e+01,1.346444448643183568e+04,2.116637394533016777e+04,3.757849418299579648e-08
4.485713072122749878e+01,1.338508856646391359e+04,2.111254001977435473e+04,3.789513857341566981e-08
4.488227271510629635e+01,1.331013714466549209e+04,2.105506525131166200e+04,3.739535811185171313e-08
4.490730446645883234e+01,1.322548285987598683e+04,2.099425901926174993e+04,3.663602044232990030e-08
4.493237124696863560e+01,1.315248227388473606e+04,2.092939771713872688e+04,3.549086737145513928e-08
4.495748332089195287e+01,1.307609542892730315e+04,2.086017229436069465e+04,3.418460994488312223e-08
4.498268677387844150e+01,1.300935584700463551e+04,2.078577944268925785e+04,3.274417221840097407e-08
4.500790306219091264e+01,1.293124379173470697e+04,2.070568452846466607e+04,3.123770467750530139e-08
4.503295958483388972e+01,1.286743702775211023e+04,2.061836892857154089e+04,3.000172618918498571e-08
4.505802566134969567e+01,1.280513767312200798e+04,2.051970383956488877e+04,2.904820587719270242e-08
4.508314563598853653e+01,1.274335943196028893e+04,2.039551947809741250e+04,2.810769041952483392e-08
4.510838781952281096e+01,1.268346951531794184e+04,1.841427809210376290e+04,2.749433064382077379e-08
4.513360926752284286e+01,1.262205063812188746e+04,1.854471420697756184e+04,2.721373380002369298e-08
4.515870837028133167e+01,1.256076045929213069e+04,1.869494513328098037e+04,2.723851964963216585e-08
4.518386792390597861e+01,1.249670106001269232e+04,2.029398603504295170e+04,2.757259387995559335e-08
4.520889686952012454e+01,1.242919707727702007e+04,2.036896327017786098e+04,2.849190349383948170e-08
4.523395416624102694e+01,1.235960494509715863e+04,2.042832156436262812e+04,2.992228311258901141e-08
4.525905828014859367e+01,1.229490127149815817e+04,2.048151022642538737e+04,3.204872282024072144e-08
4.528427603793367240e+01,1.221484477739412250e+04,2.053028098545000103e+04,3.504393535401265753e-08
4.530940684614977698e+01,1.213894343208196369e+04,2.057457460752505722e+04,3.912133897548051599e-08
4.533450151713703491e+01,1.204740880007095620e+04,2.061514280152745050e+04,4.366863602788093177e-08
4.535961118353432653e+01,1.194069189686277059e+04,2.065206718508381891e+04,4.782468897264814466e-08
4.538472920380602460e+01,1.184014846017648961e+04,2.068568680538038461e+04,5.228461861041466268e-08
4.540995262351985673e+01,1.172342115517624188e+04,2.071665805081141298e+04,5.431018580966154658e-08
4.543513631925385710e+01,1.160839551386024687e+04,2.074640921008305304e+04,5.407810328757201273e-08
4.546028988009321381e+01,1.150411019228275654e+04,2.077503290338211445e+04,5.065455933691395998e-08
4.548047992098765491e+01,1.143646387176218741e+04,2.080037676251039738e+04,3.181971396106819311e-08
4.550553343907942150e+01,1.138853808240312173e+04,2.083588620171836737e+04,2.217954430939054747e-08
4.553058124742967294e+01,1.134183886999332935e+04,2.087378938651673889e+04,1.824640699048232498e-08
4.555611994861420300e+01,1.130912643383226896e+04,2.091358553549255521e+04,1.611142810780927348e-08
4.558147452678236533e+01,1.127601765619796606e+04,2.095362882074621666e+04,1.465044152817702143e-08
4.560704400647368573e+01,1.124032886531503755e+04,2.099432968177587463e+04,1.354844593269684801e-08
4.563251467013530061e+01,1.120404361019608405e+04,2.103491291582383201e+04,1.264811154845573501e-08
4.565798719925554394e+01,1.116808606511420658e+04,2.107539517416313902e+04,1.184039592092167834e-08
4.568313403825631269e+01,1.114105505745075061e+04,2.111509761383650402e+04,1.111740721677610657e-08
4.570839331632585356e+01,1.112509259796847073e+04,2.115468881452290952e+04,1.046103202781286493e-08
4.573350841756398211e+01,1.110071596759633940e+04,2.119365596289065434e+04,9.855762627559632549e-09
4.575921508536023197e+01,1.107262109418273394e+04,2.123311165938122940e+04,9.294670496555847273e-09
4.578500935749379153e+01,1.104387628932698499e+04,2.127214877335425626e+04,8.751275366899769095e-09
4.581033223705799173e+01,1.101577895327122496e+04,2.130986184260040318e+04,8.248952259710728604e-09
4.583548826009516119e+01,1.100787083987190636e+04,2.134678069096359832e+04,7.797099529887556443e-09
4.586084060212971991e+01,1.098259644273464619e+04,2.138347585261142740e+04,7.341427903921005782e-09
4.588584893978560331e+01,1.095536968285326293e+04,2.141894697418883879e+04,6.944176020388670203e-09
4.591106737967933071e+01,1.093979417944485067e+04,2.145412918047205676e+04,6.568832770952590380e-09
4.593635362490718421e+01,1.092604067999963263e+04,2.148874618342986287e+04,6.201909871373264346e-09
4.596224563271795915e+01,1.089860068815883460e+04,2.152353096928394007e+04,5.850233844744256058e-09
4.598819582661992911e+01,1.089422568416169815e+04,2.155768133700848921e+04,5.543294834178061566e-09
4.601410362921175334e+01,1.086750571157765989e+04,2.159112227294360491e+04,5.232898324943032771e-09
4.604004075780635219e+01,1.086237649570350004e+04,2.162392751167631650e+04,4.953917182919321016e-09
4.606583032682243584e+01,1.083720323614755580e+04,2.165583103087000563e+04,4.693782699015394437e-09
4.609151878045083350e+01,1.083244915257209323e+04,2.168694577191233111e+04,4.447291518242548085e-09
4.611689488052140007e+01,1.080744347750065936e+04,2.171703072132658053e+04,4.223167559630235681e-09
4.614199276294977636e+01,1.080434306019977703e+04,2.174620062113717722e+04,4.015137843619014593e-09
4.616841878715941050e+01,1.077817061235827896e+04,2.177621669580265007e+04,3.804104092519628486e-09
4.619433164166885319e+01,1.077562051907920250e+04,2.180500371023080152e+04,3.616161666149050573e-09
4.621982126081860542e+01,1.075118990545070301e+04,2.183266358215067885e+04,3.441099427543090135e-09
4.624639457581526614e+01,1.074704609701432855e+04,2.186083082670592194e+04,3.267032216347270506e-09
4.627213961610211612e+01,1.073789394759240531e+04,2.188753891017957721e+04,3.109387064598714633e-09
4.629938527678619664e+01,1.072112586200803526e+04,2.191507419596356704e+04,2.951218798257932918e-09
4.632591261976499197e+01,1.071892830683845023e+04,2.194127411858469350e+04,2.809288241602665272e-09
4.635115038717500369e+01,1.069574474864571130e+04,2.196567516719210471e+04,2.678709922802664727e-09
4.637673193614712375e+01,1.069106454714808024e+04,2.198975086848474893e+04,2.552409954628945993e-09
4.640186563464559555e+01,1.068927941346683474e+04,2.201290368363951347e+04,2.444280338029633060e-09
4.642737801370480355e+01,1.067533563492459143e+04,2.203577937984119126e+04,2.330817008046659450e-09
4.645397480540775348e+01,1.066160163280598135e+04,2.205910829175734034e+04,2.221476731951330415e-09
4.647913752397436582e+01,1.066015685451080935e+04,2.208061223921251076e+04,2.123544725011825526e-09
4.650470586082381175e+01,1.065629684213089240e+04,2.210189695707679130e+04,2.029206128204316407e-09
4.653225675815565410e+01,1.063287283677362939e+04,2.212420323769781680e+04,1.935428412136995423e-09
4.655726338249046137e+01,1.063125409403723643e+04,2.214394262483999773e+04,1.853649715004956649e-09
4.658336487226735301e+01,1.062990840730884884e+04,2.216396698827099317e+04,1.772633620377069357e-09
4.661130331419564499e+01,1.062252914554668496e+04,2.218472040859748813e+04,1.691729136822419389e-09
4.664031688925784636e+01,1.060267900328075848e+04,2.220561890668085834e+04,1.611908985673036122e-09
4.666564230239974620e+01,1.060150558269419162e+04,2.222321573421324501e+04,1.543408127993496503e-09
4.669220410822335054e+01,1.060043133069219584e+04,2.224104307396704098e+04,1.475970677206482394e-09
4.672059961553801344e+01,1.059584172498592488e+04,2.225944140003366920e+04,1.523281755651098053e-09
4.674971606274547042e+01,1.058462341663748884e+04,2.227747959050305508e+04,1.797442365942419526e-09
4.677538741609033224e+01,1.057237972976635501e+04,2.229258759308119988e+04,2.141457231474555768e-09
4.680182549979392803e+01,1.057169660988992109e+04,2.230736332893228609e+04,2.664105091993363892e-09
4.682866357489270115e+01,1.057083601393611207e+04,2.232141359857115822e+04,3.505409476059292904e-09
4.685531700419416268e+01,1.056842083492159509e+04,2.233414301321368112e+04,4.900325656638334966e-09
4.688097637559647524e+01,1.056688340901436641e+04,2.234519705556063491e+04,7.191585894430896836e-09
4.690719334703161536e+01,1.056977920778998669e+04,2.235484945472509935e+04,1.070440629977604738e-08
4.693300206294345855e+01,1.532645979317265301e+04,2.236246525110432049e+04,1.426101063106515620e-08
4.695830972036257833e+01,1.528161562226202295e+04,2.236817859765419053e+04,1.663831691988466085e-08
4.698332446546715602e+01,1.522995509138166562e+04,2.237221290435728224e+04,1.795233336057348955e-08
4.700918103622517208e+01,1.517417332380462176e+04,2.237483951399324724e+04,1.887189248335633098e-08
4.703419717485959950e+01,1.512351744151126513e+04,2.237597436543305594e+04,1.941259168033284166e-08
4.705928899456101533e+01,1.507752715219567472e+04,2.237583043114711836e+04,1.989849020443754075e-08
4.708474542278683117e+01,1.502187927584511453e+04,2.237447547117038266e+04,2.025147256430517358e-08
4.711049021807554738e+01,1.496526088737113787e+04,2.237194612042582230e+04,2.050829916620777293e-08
4.713570948136959515e+01,1.491349469132945887e+04,2.236840995699085033e+04,2.067720821118320791e-08
4.716098226281709316e+01,1.486805849924523864e+04,2.236395660193648291e+04,2.082425722165370344e-08
4.718642106372224987e+01,1.481275352073940303e+04,2.235862537894038906e+04,2.090728015588188513e-08
4.721203625327610354e+01,1.475636063989555441e+04,2.235248865007943823e+04,2.105869055570428048e-08
4.723732210486355854e+01,1.470592639193630202e+04,2.234573032608980066e+04,2.103641438656280860e-08
4.726244708648238202e+01,1.466091819078913250e+04,2.233834953846525241e+04,2.100774890562586341e-08
4.728771184776688585e+01,1.460523585768135490e+04,2.233044766555788738e+04,2.096674418843688814e-08
4.731277615712399864e+01,1.455348234276886978e+04,2.232213144222921983e+04,2.095194864819390965e-08
4.733797386512301841e+01,1.450939016476354482e+04,2.231331223669353130e+04,2.084514873784634046e-08
4.736322111598961015e+01,1.445602927136707149e+04,2.230419191262114691e+04,2.071443066669809835e-08
4.738851674004217784e+01,1.440245604947744505e+04,2.229474625047038717e+04,2.062143072834190420e-08
4.741414179220161174e+01,1.436039140254052654e+04,2.228499524710198602e+04,2.039737206993412061e-08
4.743981907099279027e+01,1.430529398566144300e+04,2.227499067923575058e+04,2.031375917605735821e-08
4.746514621420091373e+01,1.425474699818637055e+04,2.226511822760786163e+04,2.013769522160130903e-08
4.749025382237388726e+01,1.421407985587203802e+04,2.225521690614820545e+04,1.988201032160405899e-08
4.751529727701805683e+01,1.415987987574169529e+04,2.224540898937437305e+04,1.969760262445407724e-08
4.754058544615080706e+01,1.412116360446916951e+04,2.223553297182525785e+04,1.955730870536609450e-08
4.756581317628880612e+01,1.406834310910657405e+04,2.222582293778824896e+04,1.939553311779444053e-08
4.759117428591297738e+01,1.402700515627333698e+04,2.221619107706708382e+04,1.922957507116407954e-08
4.761644300356199722e+01,1.397753028034358613e+04,2.220687684902250112e+04,1.911311662087371873e-08
4.764177734517787144e+01,1.393461932144022830e+04,2.219776331044973267e+04,1.897050226862576739e-08
4.766720895029714455e+01,1.388606412808355526e+04,2.218892664916381545e+04,1.891942185156192066e-08
4.769247044970158811e+01,1.384353927700446002e+04,2.218047254766910191e+04,1.889696566164892338e-08
4.771804839806955556e+01,1.379693244469255114e+04,2.217225840658385277e+04,1.888120507273180217e-08
4.774349319754993104e+01,1.374507540154065282e+04,2.216455520426225848e+04,1.893639528066180792e-08
4.776884283829890165e+01,1.370541657281187508e+04,2.215729460314785683e+04,1.900710227560740715e-08
4.779409798512546814e+01,1.365323696248692613e+04,2.215046005679618975e+04,1.913561936254644096e-08
4.781920856046592405e+01,1.361464084615060347e+04,2.214424943454464301e+04,1.927917835401058179e-08
4.784425295209459961e+01,1.356144537737968312e+04,2.213850660888027051e+04,1.944386602454494577e-08
4.786974931274750134e+01,1.352321394626473921e+04,2.213324283694020414e+04,1.962030525609655457e-08
4.789482337499912035e+01,1.346867148834001819e+04,2.212863425521977115e+04,1.999677689177946618e-08
4.792010985876053297e+01,1.342895039423827984e+04,2.212452779456991993e+04,2.003706673744269019e-08
4.794535229217466110e+01,1.337672850737558474e+04,2.212104181016639268e+04,2.020453357713410222e-08
4.797075671666656405e+01,1.332358578940069128e+04,2.211825619196968182e+04,1.996386831011333384e-08
4.799577921590605456e+01,1.328484759514606230e+04,2.211620485750822991e+04,1.983956244329465687e-08
4.802117271912540275e+01,1.322948095370319606e+04,2.211483252181714124e+04,1.970506109162450319e-08
4.804629729145572981e+01,1.319161803286447866e+04,2.211430027254234665e+04,1.947873207583663244e-08
4.807179511621617252e+01,1.313937968825671851e+04,2.211459076772000117e+04,1.926136753122238476e-08
4.809699881101867902e+01,1.309692721426563548e+04,2.211567755341006705e+04,1.884588904065050394e-08
4.812199956944490964e+01,1.304838340726932984e+04,2.211762767997830451e+04,1.851011333017241178e-08
4.814723925474016397e+01,1.300988017037753707e+04,2.212045655660225020e+04,1.815135754805428809e-08
4.817258000271252172e+01,1.295942178011733085e+04,2.212423342938959831e+04,1.764488628090548714e-08
4.819801946573116425e+01,1.292368462667435233e+04,2.212895897913460431e+04,1.712694471187760786e-08
4.822313807409885555e+01,1.287244491874869891e+04,2.213449216327907561e+04,1.670134022178730972e-08
4.824833938526240473e+01,1.283826918223814937e+04,2.214095775186488027e+04,1.613184148457715715e-08
4.827346253820963540e+01,1.280313631297723441e+04,2.214828541892879002e+04,1.557412539276252827e-08
4.829857302640833439e+01,1.275461798783405357e+04,2.215646778195150546e+04,1.500627067106051793e-08
4.832373374510105180e+01,1.272046951184482532e+04,2.216549410787580200e+04,1.445973164900737642e-08
4.834898044246848769e+01,1.268990371151870750e+04,2.217543045847834583e+04,1.391756210426092843e-08
4.837422724980789468e+01,1.265765736029416257e+04,2.218611588499270147e+04,1.334716281546983185e-08
4.839965989420975490e+01,1.262458314801210690e+04,2.219770428356322736e+04,1.282249081279104773e-08
4.842487443612846221e+01,1.259076734820276397e+04,2.220992201733401453e+04,1.230067632152743978e-08
4.845016067306406171e+01,1.255660320201789182e+04,2.222280721698679190e+04,1.184432145485859995e-08
4.847545871608607371e+01,1.252488002977729229e+04,2.223640353029272228e+04,1.138581084865676483e-08
4.850048818053581101e+01,1.248897345458125710e+04,2.225036943748120029e+04,1.101803936208109024e-08
4.852584174814561635e+01,1.246108636234261758e+04,2.226512027931028206e+04,1.063444123440401943e-08
4.855102708393250310e+01,1.243929318095211784e+04,2.228023140320827952e+04,1.032239579145364782e-08
4.857612871951224776e+01,1.241599841597158593e+04,2.229571362660646264e+04,1.000192933533243236e-08
4.860134806207381786e+01,1.238863417941215630e+04,2.231167539511086579e+04,9.711492347269801733e-09
4.862660864799225635e+01,1.236007556516621844e+04,2.232809176529425895e+04,9.443615471638148888e-09
4.865219801411954137e+01,1.233093559401700986e+04,2.234495952526760084e+04,9.214239773288276022e-09
4.867767248256181034e+01,1.230260584118850602e+04,2.236206773917971805e+04,8.997950694545195242e-09
4.870271311405215897e+01,1.227565240872412141e+04,2.237907538206391837e+04,8.811376548218888610e-09
4.872836214381521103e+01,1.224752637649106873e+04,2.239672215137757667e+04,8.637123324325397685e-09
4.875437383203466624e+01,1.222930369133359636e+04,2.241479775568767218e+04,8.483042468869657426e-09
4.877981923806085973e+01,1.220980197417687850e+04,2.243265975023327701e+04,8.357605810061055234e-09
4.880537710473586088e+01,1.218197825405610638e+04,2.245063788724266487e+04,8.267764671311486502e-09
4.883067953032350772e+01,1.215326714085117783e+04,2.246847980344509051e+04,8.196856944331430960e-09
4.885573484962616675e+01,1.212532698462049848e+04,2.248621932738628311e+04,8.111581020630201010e-09
4.888114658958888015e+01,1.211050693967624284e+04,2.250422997003788623e+04,8.057051203574004625e-09
4.890647913324629315e+01,1.208871435308840591e+04,2.252219533093923383e+04,8.031771459957106712e-09
4.893224699708542857e+01,1.206103601297351088e+04,2.254033776723436313e+04,8.004168722312549422e-09
4.895735501586513294e+01,1.203448343821812887e+04,2.255808778716421148e+04,8.019670395526450911e-09
4.898276015615380174e+01,1.200582891769983689e+04,2.257590943773112303e+04,8.079643111023391604e-09
4.900779295677705960e+01,1.198174089891887525e+04,2.259335778183102229e+04,8.170118207756160917e-09
4.903333898602663510e+01,1.196725921934828511e+04,2.261105025117437617e+04,8.316544717841923255e-09
4.905879766010460230e+01,1.193986548171658069e+04,2.262855613202735185e+04,8.600828782995299485e-09
4.908391214987698703e+01,1.191058866693936579e+04,2.264565517705718958e+04,8.926482803859715764e-09
4.910908946777183814e+01,1.188064067997208622e+04,2.266261899412847561e+04,9.412341517877804793e-09
4.913485171902296855e+01,1.185089734388486067e+04,2.267977911979983037e+04,1.009592557384471875e-08
4.916060767310277413e+01,1.182138600593708179e+04,2.269662782885318666e+04,1.094047750301507072e-08
4.918585287122849792e+01,1.178958463140087770e+04,2.271286131286927412e+04,1.185888156466620340e-08
4.921097855337234961e+01,1.175652915853874038e+04,2.272871132968801248e+04,1.275485882252352627e-08
4.923616929186183455e+01,1.171702780857100333e+04,2.274425626539780569e+04,1.365461610170865296e-08
4.926122285467373985e+01,1.167167699520803217e+04,2.275936397734087586e+04,1.428295620895734911e-08
4.928636070182417939e+01,1.163737421322978662e+04,2.277423668406646175e+04,1.473058378430897375e-08
4.931169897506378419e+01,1.159865466923292661e+04,2.278888567731243165e+04,1.530330337158840288e-08
4.933706870424644109e+01,1.155110190942096597e+04,2.280317964513833067e+04,1.603490317922363828e-08
4.936251115050875171e+01,1.151507155233179947e+04,2.281720961991035801e+04,1.626212641629878091e-08
4.938781889729609276e+01,1.146137521501511947e+04,2.283073132676071327e+04,1.708843049910044486e-08
4.941309970106172500e+01,1.142411607240642115e+04,2.284389781516771109e+04,1.748303173893236755e-08
4.943846632991422752e+01,1.137074797925215535e+04,2.285676102574968172e+04,1.811077968328843048e-08
4.946401102381184245e+01,1.132509712029879302e+04,2.286927950819362377e+04,1.900540437095581958e-08
4.948908793219889191e+01,1.127559524129456258e+04,2.288120212398595686e+04,1.973187473203374286e-08
4.951458170489832611e+01,1.121748678885913978e+04,2.289278786059709091e+04,2.076006870771580742e-08
4.953989989269963701e+01,1.116105288004704744e+04,2.290388375667799119e+04,2.176301019938701053e-08
4.956498666940863984e+01,1.110286991745758132e+04,2.291444180216275709e+04,2.282512418440543270e-08
4.959014729499934759e+01,1.104431739108351758e+04,2.292450867286109496e+04,2.381721182543423101e-08
4.961529952386548104e+01,1.098250469400979637e+04,2.293402251667799646e+04,2.489475361967369656e-08
4.964049176743653646e+01,1.091965715687596457e+04,2.294309855235330542e+04,2.591501257896144015e-08
4.966568052358106655e+01,1.085632687166315372e+04,2.295153640628566791e+04,2.714594294847712529e-08
4.969107236797623273e+01,1.079108077867278917e+04,2.295948886901265723e+04,2.811393306737934143e-08
4.971613544966590581e+01,1.071172101294936147e+04,2.296670393286075705e+04,2.948651385718095605e-08
4.974124434357593572e+01,1.064293501348513200e+04,2.297327006213948698e+04,3.176038401909566081e-08
4.976630203808493746e+01,1.055340413296905353e+04,2.297897531492952476e+04,3.707562781392044161e-08
4.978923519334300352e+01,1.044889311832367457e+04,2.298272225254479054e+04,5.892015944262499619e-08
4.979681223572831072e+01,1.038219826220459072e+04,2.298316776463420683e+04,9.405480814802637522e-08
4.980012223988038045e+01,1.033051920174364750e+04,2.298287075657459718e+04,1.499566625724360779e-07
4.980173826362852907e+01,1.029645530594679440e+04,2.298235099247027756e+04,2.395355802626832275e-07
4.980258913604119897e+01,1.027686826866871888e+04,2.298180377338988910e+04,3.796936749856905140e-07
4.980310633966559664e+01,1.026131440882052630e+04,2.298120830845086675e+04,6.121376349727033819e-07
4.980341697062600304e+01,1.024774626392195023e+04,2.298053841039446343e+04,9.729752773237862201e-07
4.980361735203083384e+01,1.023515123365919135e+04,2.297979407922068276e+04,1.551038200071580140e-06
4.980374562650835202e+01,1.022018140967983891e+04,2.297897531492952476e+04,2.463706056865068148e-06
4.980382669596480838e+01,1.021234554742549517e+04,2.297804542888765354e+04,3.919559918123205389e-06
4.980387748807108750e+01,1.019556200691507547e+04,2.297704005387769575e+04,6.293937103654519739e-06
4.980390641099512550e+01,1.018624254482282231e+04,2.297588159082988932e+04,1.015018424773333821e-05
4.980392121990162480e+01,1.017978054077153865e+04,2.297480706035635376e+04,1.614445316573728247e-05
4.980392884962618893e+01,1.016963706867095243e+04,2.297371775277212873e+04,2.567650744527315493e-05
4.980393237931089345e+01,1.016358613067098850e+04,2.297282237150684523e+04,4.070824249789379895e-05
4.980393436923732509e+01,1.015951075697689521e+04,2.297200160534700626e+04,6.576448795459506733e-05
4.980393564073665402e+01,1.015623138282189575e+04,2.297115983760482777e+04,1.045201554454649399e-04
4.980393646463826940e+01,1.015414172400443022e+04,2.297028545792188379e+04,1.660313554993474313e-04
4.980393699207728986e+01,1.015246143566923274e+04,2.296931546155116303e+04,2.674163377466080003e-04
4.980393730704744115e+01,1.014702969124883748e+04,2.296842008028587952e+04,4.320735436869796008e-04
4.980393749380950652e+01,1.014228427726707378e+04,2.296745008391515876e+04,7.079474739574459930e-04
4.980393757855018322e+01,1.013926711402610636e+04,2.296677854796619795e+04,1.017736309161950368e-03
4.980393759585398072e+01,1.013852329436876607e+04,2.296662931775531979e+04,1.123648245179552320e-03
4.980393761406423181e+01,1.013767156227687155e+04,2.296640547243899709e+04,1.264937442271737945e-03
4.980393763502027582e+01,1.013657992141083741e+04,2.296610701201723714e+04,1.481435738420335425e-03
4.980393765177851151e+01,1.013559299890487637e+04,2.296580855159547718e+04,1.720899037547516221e-03
4.980393767063571175e+01,1.013431087791818027e+04,2.296543547606827633e+04,2.119050241058119573e-03
4.980393768767471840e+01,1.013292140051105889e+04,2.296499371091358989e+04,2.721467671157116412e-03
4.980393770419548360e+01,1.013124100495632410e+04,2.296446547969755557e+04,3.851289799927659196e-03
4.980393772012487119e+01,1.012905853734591983e+04,2.296364471353771296e+04,6.329202625998676425e-03
4.980393773049547690e+01,1.012700238508697657e+04,2.296274933227243309e+04,1.053853545111787735e-02
4.980393773743963237e+01,1.012493408368154996e+04,2.296171102275962039e+04,1.769017871077983514e-02
4.980393774165132470e+01,1.012304146545992990e+04,2.296067401767770571e+04,2.820364804449581805e-02
4.980393774476009838e+01,1.011895984505664273e+04,2.295948137188025430e+04,4.612556649924361152e-02
4.980393774741517632e+01,1.011236737003946291e+04,2.295793336138977975e+04,7.402072624342546925e-02
4.980393775059620509e+01,1.010207600239936619e+04,2.295547176307551126e+04,1.203909002020237817e-01
4.980393775645884347e+01,1.007768163248375095e+04,2.294960585389819971e+04,1.916965763032779657e-01
4.980393776468627465e+01,1.002743690663604139e+04,2.293663404536839880e+04,3.044934154393486025e-01
4.980393777397787147e+01,9.930891797764890725e+03,2.290893375147677943e+04,4.838934406585623793e-01
4.980393778449063547e+01,9.753133782037130004e+03,2.284931922627027234e+04,7.680665648305059490e-01
4.980393779833289614e+01,9.384562709266516322e+03,2.269344749939996836e+04,1.217370329214009228e+00
4.980393781419186894e+01,8.770615827030445871e+03,2.233900400406750123e+04,1.683730566132095152e+00
4.980393783004806352e+01,7.827992219982677852e+03,2.166492615293059862e+04,2.074218919342293521e+00
4.980393784590521733e+01,7.232114636105346108e+03,2.032812377775557979e+04,2.135964806134853955e+00
4.980393786175887527e+01,6.443326152397624355e+03,1.524547389798003678e+04,2.149486979710709011e+00
4.980393787760696966e+01,5.597080505271732363e+03,5.597080505271732363e+03,2.142021613859188101e+00
4.980393789346044287e+01,4.658790641331955158e+03,4.658790641331955158e+03,2.097801226535028540e+00
4.980393790931484688e+01,3.508163616181224825e+03,3.508163616181224825e+03,2.040311774219313978e+00
4.980393792516669293e+01,nan,nan,1.622714307353042118e+00
4.980393794101771476e+01,nan,nan,1.105930057969807256e+00
4.980393795688097924e+01,nan,nan,9.292774290309872010e-01
4.980393797273907808e+01,nan,nan,7.928423677835455541e-01
4.980393798863548938e+01,nan,nan,6.756648361446452311e-01
4.980393800449576247e+01,nan,nan,5.814380098015032861e-01
4.980393802036329021e+01,nan,nan,5.047655059767810481e-01
4.980393803628016514e+01,nan,nan,4.393212916886852781e-01
4.980393805213834924e+01,nan,nan,3.834044706462327867e-01
4.980393806798792156e+01,nan,nan,3.374565662896768514e-01
4.980393808391558252e+01,nan,nan,2.965523567797299087e-01
4.980393809982424358e+01,nan,nan,2.614545435140455676e-01
4.980393811570666429e+01,nan,nan,2.324901449017363897e-01
4.980393813158519123e+01,nan,nan,2.058250238786167308e-01
4.980393814746030046e+01,nan,nan,1.821066194424567630e-01
4.980393816334964185e+01,nan,nan,1.621228543224821350e-01
4.980393817921831356e+01,nan,nan,1.436110746580057107e-01
4.980393819511548514e+01,nan,nan,1.269051628306981927e-01
4.980393821100111040e+01,nan,nan,1.116915290235566682e-01
4.980393822701889661e+01,nan,nan,9.752530222556744788e-02
4.980393824286317539e+01,nan,nan,8.527141170591563679e-02
4.980393825902238802e+01,nan,nan,7.490921142504385066e-02
4.980393827493515602e+01,nan,nan,6.608858648235207967e-02
4.980393829109333126e+01,nan,nan,5.873044135947801114e-02
4.980393830740872119e+01,nan,nan,5.227615945894471816e-02
4.980393832360975637e+01,nan,nan,4.712587431803067634e-02
4.980393833950432736e+01,nan,nan,4.302640112769627601e-02
4.980393835545861236e+01,nan,nan,3.934965210437553484e-02
4.980393837156240266e+01,nan,nan,3.607332268045599505e-02
4.980393838774883619e+01,nan,nan,3.337968545590231512e-02
4.980393840360004276e+01,nan,nan,3.093912789809038361e-02
4.980393841963655888e+01,nan,nan,2.881917194351544392e-02
4.980393843624115391e+01,nan,nan,2.697713339237999691e-02
4.980393845266603137e+01,nan,nan,2.537743603432845996e-02
4.980393846866939356e+01,nan,nan,2.386053209993043919e-02
4.980393848511702259e+01,nan,nan,2.260174973588362571e-02
4.980393850186534621e+01,nan,nan,2.128652210050616111e-02
4.980393851826558915e+01,nan,nan,2.020806639345328753e-02
4.980393853425894690e+01,nan,nan,1.927645527467475306e-02
4.980393855130605374e+01,nan,nan,1.836689629959921757e-02
4.980393856870117730e+01,nan,nan,1.751131160685661867e-02
4.980393858565907550e+01,nan,nan,1.671968220315179707e-02
4.980393860252885219e+01,nan,nan,1.598482221911657133e-02
4.980393861867225525e+01,nan,nan,1.545803434727844802e-02
4.980393863462040827e+01,nan,nan,1.484781261514601415e-02
4.980393865129091324e+01,nan,nan,1.428299639699510439e-02
4.980393866894124244e+01,nan,nan,1.377108908385915598e-02
4.980393868615048092e+01,nan,nan,1.321429930393867337e-02
4.980393870361523057e+01,nan,nan,1.282612071178358855e-02
4.980393871951115869e+01,nan,nan,1.238056529634285960e-02
4.980393873616594647e+01,nan,nan,1.198435740262168182e-02
4.980393875326358000e+01,nan,nan,1.165397527521420257e-02
4.980393877050772744e+01,nan,nan,1.125999746369429726e-02
4.980393878843937472e+01,nan,nan,1.090700493588336699e-02
4.980393880510353455e+01,nan,nan,1.063001674993077281e-02
4.980393882270671924e+01,nan,nan,1.032303254798260655e-02
4.980393884005835048e+01,nan,nan,1.002708560001811314e-02
4.980393885628794237e+01,nan,nan,9.753322106928799182e-03
4.980393887410379250e+01,nan,nan,9.470903947651331672e-03
4.980393889176620803e+01,nan,nan,9.256838853226747807e-03
4.980393890791982869e+01,nan,nan,9.032036063378181406e-03
4.980393892586393179e+01,nan,nan,8.818813074274779035e-03
4.980393894401841948e+01,nan,nan,8.601486791272988305e-03
4.980393896213716687e+01,nan,nan,8.402389561325251596e-03
4.980393898100412287e+01,nan,nan,8.194828182287594229e-03
4.980393899785758549e+01,nan,nan,8.022196689107956996e-03
4.980393901390935696e+01,nan,nan,7.842516692553522240e-03
4.980393903107616893e+01,nan,nan,7.666819036584683264e-03
4.980393904990710752e+01,nan,nan,7.484990637979319072e-03
4.980393906747871569e+01,nan,nan,7.321569354046470086e-03
4.980393908519912571e+01,nan,nan,7.193858136266883217e-03
4.980393910124666945e+01,nan,nan,7.082464106156268792e-03
4.980393911720310740e+01,nan,nan,6.960674932578606380e-03
4.980393913335182532e+01,nan,nan,6.819673340051269315e-03
4.980393915019981677e+01,nan,nan,6.675165595668035128e-03
4.980393916665031639e+01,nan,nan,6.592233569548966443e-03
4.980393918404803344e+01,nan,nan,6.478477719659389220e-03
4.980393920183574608e+01,nan,nan,6.357032509255568578e-03
4.980393922012490293e+01,nan,nan,6.215769558681698455e-03
4.980393923809937462e+01,nan,nan,6.113132657681007165e-03
4.980393925747807771e+01,nan,nan,6.027150242326015372e-03
4.980393927493624062e+01,nan,nan,5.918827556329264543e-03
4.980393929403432907e+01,nan,nan,5.804065765958255768e-03
4.980393931038316424e+01,nan,nan,5.723007927343093382e-03
4.980393932878824614e+01,nan,nan,5.633962995816603828e-03
4.980393934469523742e+01,nan,nan,5.542771367448547440e-03
4.980393936532073695e+01,nan,nan,5.429182660702161663e-03
4.980393938557057254e+01,nan,nan,5.354123253746166135e-03
4.980393940166081990e+01,nan,nan,5.285237969117255116e-03
4.980393941895945176e+01,nan,nan,5.185104242223765626e-03
4.980393943687735003e+01,nan,nan,5.134133446111215603e-03
4.980393945453266724e+01,nan,nan,5.055295685887094097e-03
4.980393947271087995e+01,nan,nan,4.973968050824659204e-03
4.980393949065428671e+01,nan,nan,4.917734622003042816e-03
4.980393950808809223e+01,nan,nan,4.833316781319350192e-03
4.980393952622517162e+01,nan,nan,4.781350859368055199e-03
4.980393954550920199e+01,nan,nan,4.713172705704436576e-03
4.980393956542943101e+01,nan,nan,4.619818747181926068e-03
4.980393958668526011e+01,nan,nan,4.577636736392890621e-03
4.980393960448916602e+01,nan,nan,4.508143613653326984e-03
4.980393962418159504e+01,nan,nan,4.434355745758807206e-03
4.980393964433656606e+01,nan,nan,4.390909622336991967e-03
4.980393966042065301e+01,nan,nan,4.313340599939320154e-03
4.980393968047810205e+01,nan,nan,4.279301771886695298e-03
4.980393969636146068e+01,nan,nan,4.219589379838897467e-03
4.980393971312619072e+01,nan,nan,4.188750545805274006e-03
4.980393973291759124e+01,nan,nan,4.122737470472745414e-03
4.980393975037979715e+01,nan,nan,4.081491232435170528e-03
4.980393976694184488e+01,nan,nan,4.032963984491175734e-03
4.980393978293293600e+01,nan,nan,4.000806939657949521e-03
4.980393980073965565e+01,nan,nan,3.941362969344449664e-03
4.980393981700527206e+01,nan,nan,3.915308758912178048e-03
4.980393983458576201e+01,nan,nan,3.857206768278420659e-03
4.980393985307028970e+01,nan,nan,3.831546697575669881e-03
4.980393986914485538e+01,nan,nan,3.770664526279919344e-03
4.980393988809271377e+01,nan,nan,3.748848766363128710e-03
4.980393990581750785e+01,nan,nan,3.688436215587226688e-03
4.980393992473714349e+01,nan,nan,3.671817579276255399e-03
4.980393994191503992e+01,nan,nan,3.614869663498703183e-03
4.980393996089085817e+01,nan,nan,3.592580641431425501e-03
4.980393997986760724e+01,nan,nan,3.537890398719061805e-03
4.980393999697119511e+01,nan,nan,3.519281216310622164e-03
4.980394002015462007e+01,nan,nan,3.461523025814988806e-03
4.980394003701212569e+01,nan,nan,3.441627024256780666e-03
4.980394005774354582e+01,nan,nan,3.392737557322788883e-03
4.980394007844994775e+01,nan,nan,3.366666121336065257e-03
4.980394009668204802e+01,nan,nan,3.327145971730456619e-03
4.980394011900555284e+01,nan,nan,3.292055268733115082e-03
4.980394013873672066e+01,nan,nan,3.253917243097382336e-03
4.980394015984683165e+01,nan,nan,3.223898629166200257e-03
4.980394018203773498e+01,nan,nan,3.184857661710279592e-03
4.980394020102536246e+01,nan,nan,3.154109936368462361e-03
4.980394021714589314e+01,nan,nan,3.131670318290683767e-03
4.980394023652735314e+01,nan,nan,3.088441429927465520e-03
4.980394025531658997e+01,nan,nan,3.079921452048068903e-03
4.980394027347001895e+01,nan,nan,3.038752477593452666e-03
4.980394029040567716e+01,nan,nan,3.017192013159010044e-03
4.980394031124831145e+01,nan,nan,2.991287547730480355e-03
4.980394032872227683e+01,nan,nan,2.958173986108793719e-03
4.980394034823075344e+01,nan,nan,2.942720317568416673e-03
4.980394036772901245e+01,nan,nan,2.906599425204149396e-03
4.980394038735954609e+01,nan,nan,2.886752470167884034e-03
4.980394040550500279e+01,nan,nan,2.861291674671524992e-03
4.980394042660269349e+01,nan,nan,2.828603284238092545e-03
4.980394044699894351e+01,nan,nan,2.815397482246029866e-03
4.980394046770177852e+01,nan,nan,2.771066357770001105e-03
4.980394048561514353e+01,nan,nan,2.761789182874243263e-03
4.980394050925416138e+01,nan,nan,2.729814954200450970e-03
4.980394052676913930e+01,nan,nan,2.708562374854105084e-03
4.980394055088355287e+01,nan,nan,2.687825723042789293e-03
4.980394056785568324e+01,nan,nan,2.654697257639074704e-03
4.980394059305451293e+01,nan,nan,2.639745008286489749e-03
4.980394060987717353e+01,nan,nan,2.616939248589265476e-03
4.980394063705053043e+01,nan,nan,2.590320006103547477e-03
4.980394065478780163e+01,nan,nan,2.573972501363948513e-03
4.980394067074837494e+01,nan,nan,2.546028945780781476e-03
4.980394069041281568e+01,nan,nan,2.533096967073355296e-03
4.980394070662161710e+01,nan,nan,2.520267214946544584e-03
4.980394072617756507e+01,nan,nan,2.487312593851355447e-03
4.980394074387697145e+01,nan,nan,2.481154096508965921e-03
4.980394076104556689e+01,nan,nan,2.467455704415496762e-03
4.980394078102873578e+01,nan,nan,2.436981693184589546e-03
4.980394079845528665e+01,nan,nan,2.427126932564808732e-03
4.980394081632115189e+01,nan,nan,2.414628102300001196e-03
4.980394083688575790e+01,nan,nan,2.383161482162344299e-03
4.980394085316505937e+01,nan,nan,2.376811564152911393e-03
4.980394087507999501e+01,nan,nan,2.362813744570893288e-03
4.980394089328616047e+01,nan,nan,2.336222080064012056e-03
4.980394091244323818e+01,nan,nan,2.324921234808566446e-03
4.980394093236430564e+01,nan,nan,2.311416161889435182e-03
4.980394095111428499e+01,nan,nan,2.286677623635011234e-03
4.980394097109132190e+01,nan,nan,2.276802444690230031e-03
4.980394099132163888e+01,nan,nan,2.264370341980443454e-03
4.980394100954092096e+01,nan,nan,2.241031716667357069e-03
4.980394103131965267e+01,nan,nan,2.227038743123398949e-03
4.980394105064574717e+01,nan,nan,2.216254955716977313e-03
4.980394107164643458e+01,nan,nan,2.190757553779006800e-03
4.980394109187100327e+01,nan,nan,2.181471260178943425e-03
4.980394111080357078e+01,nan,nan,2.171308090106256489e-03
4.980394113579896498e+01,nan,nan,2.143713903983477699e-03
4.980394115298027913e+01,nan,nan,2.135027483514290950e-03
4.980394117551529831e+01,nan,nan,2.123449754069632166e-03
4.980394119730115676e+01,nan,nan,2.099112317254455112e-03
4.980394121710618549e+01,nan,nan,2.090261585298726962e-03
4.980394124313525595e+01,nan,nan,2.078148191979613778e-03
4.980394126042970981e+01,nan,nan,2.057737902031263506e-03
4.980394128456283198e+01,nan,nan,2.044877417014017568e-03
4.980394130628774008e+01,nan,nan,2.034052558425542088e-03
4.980394132848202560e+01,nan,nan,2.011054492638704536e-03
4.980394135108688403e+01,nan,nan,2.003132636199690068e-03
4.980394137251055753e+01,nan,nan,1.992712261734454638e-03
4.980394139731816239e+01,nan,nan,1.968402848372022979e-03
4.980394141871106939e+01,nan,nan,1.960135815907590191e-03
4.980394144134330503e+01,nan,nan,1.949829984600190153e-03
4.980394146671155653e+01,nan,nan,1.924132017107829965e-03
4.980394148653319775e+01,nan,nan,1.919929146065686579e-03
4.980394151418914106e+01,nan,nan,1.908000246660306303e-03
4.980394153668242296e+01,nan,nan,1.885659007976512062e-03
4.980394156050230947e+01,nan,nan,1.878437137846930430e-03
4.980394158527077764e+01,nan,nan,1.866449161220139945e-03
4.980394160864113928e+01,nan,nan,1.844834129050954659e-03
4.980394163315618528e+01,nan,nan,1.840000566255615370e-03
4.980394165870913525e+01,nan,nan,1.828281072993575987e-03
4.980394168136071187e+01,nan,nan,1.807299688383661113e-03
4.980394170896872197e+01,nan,nan,1.799553774313227212e-03
4.980394173049215567e+01,nan,nan,1.790814417559777284e-03
4.980394175827686354e+01,nan,nan,1.766207170642479203e-03
4.980394177433072400e+01,nan,nan,1.767139968159993618e-03
4.980394179232728646e+01,nan,nan,1.760541989429588840e-03
4.980394182270396897e+01,nan,nan,1.741647982000461663e-03
4.980394184936886859e+01,nan,nan,1.727985257900239817e-03
4.980394187280091245e+01,nan,nan,1.722239327004578772e-03
4.980394190237422691e+01,nan,nan,1.702132008134506170e-03
4.980394192745362858e+01,nan,nan,1.693102489457950447e-03
4.980394195436648630e+01,nan,nan,1.685614686188969136e-03
4.980394197070653206e+01,nan,nan,1.677080887679015860e-03
4.980394199331009020e+01,nan,nan,1.657747549277485471e-03
4.980394202135332904e+01,nan,nan,1.654719719530523946e-03
4.980394204957087823e+01,nan,nan,1.641428030340690578e-03
4.980394207542098428e+01,nan,nan,1.623984112199289330e-03
4.980394209218465562e+01,nan,nan,1.623618779914498501e-03
4.980394210805577870e+01,nan,nan,1.620565496949654197e-03
4.980394213015629390e+01,nan,nan,1.608834519935202056e-03
4.980394216213488789e+01,nan,nan,1.589850103586462182e-03
4.980394218939642315e+01,nan,nan,1.585915783920547857e-03
4.980394221729240201e+01,nan,nan,1.572909523572529238e-03
4.980394223317742330e+01,nan,nan,1.560913281178020248e-03
4.980394226239936728e+01,nan,nan,1.557015792084682267e-03
4.980394228928140166e+01,nan,nan,1.548103322863727399e-03
4.980394232175402891e+01,nan,nan,1.527570616269102169e-03
4.980394234762655969e+01,nan,nan,1.524383902750807733e-03
4.980394237809393587e+01,nan,nan,1.514700624906952908e-03
4.980394239503304021e+01,nan,nan,1.504716481174135602e-03
4.980394242357883883e+01,nan,nan,1.494834256363839452e-03
4.980394245421454258e+01,nan,nan,1.489050795035965673e-03
4.980394247252137063e+01,nan,nan,1.482009412054719399e-03
4.980394249814540331e+01,nan,nan,1.464233753346337466e-03
4.980394253012263306e+01,nan,nan,1.461553618148977518e-03
4.980394254768892637e+01,nan,nan,1.456177952699697466e-03
4.980394257552129034e+01,nan,nan,1.443039635074969520e-03
4.980394261066299322e+01,nan,nan,1.434173591306607586e-03
4.980394264148276307e+01,nan,nan,1.426766666120285552e-03
4.980394267304057365e+01,nan,nan,1.410605023135197205e-03
4.980394269006232122e+01,nan,nan,1.404492499865347488e-03
4.980394270651174082e+01,nan,nan,1.403349003512973031e-03
4.980394273620055401e+01,nan,nan,1.396544050618232476e-03
4.980394276995757252e+01,nan,nan,1.379149315462912173e-03
4.980394278958726062e+01,nan,nan,1.377587420668089334e-03
4.980394281601121520e+01,nan,nan,1.372961781380388361e-03
4.980394283239432696e+01,nan,nan,1.368084012749509444e-03
4.980394285405634491e+01,nan,nan,1.358780083085361912e-03
4.980394287227641570e+01,nan,nan,1.347968910776300251e-03
4.980394290040666050e+01,nan,nan,1.347137189498101876e-03
4.980394291701596643e+01,nan,nan,1.343857181219967369e-03
4.980394293598797617e+01,nan,nan,1.337485341891176197e-03
4.980394295552419237e+01,nan,nan,1.327784654083770692e-03
4.980394297161132044e+01,nan,nan,1.321644306398303071e-03
4.980394300306834765e+01,nan,nan,1.319478045900461397e-03
4.980394302300549469e+01,nan,nan,1.315092210637209841e-03
4.980394304503206371e+01,nan,nan,1.308180980236141972e-03
4.980394307003887633e+01,nan,nan,1.294409617097431152e-03
4.980394308703581885e+01,nan,nan,1.294346985769010512e-03
4.980394310748985021e+01,nan,nan,1.291724726868268220e-03
4.980394312783270294e+01,nan,nan,1.286140183547364443e-03
4.980394314371491049e+01,nan,nan,1.280598380450561659e-03
4.980394317665311377e+01,nan,nan,1.268664903598702015e-03
4.980394319939837544e+01,nan,nan,1.267940609459716587e-03
4.980394321740333652e+01,nan,nan,1.264858924626361802e-03
4.980394323466165218e+01,nan,nan,1.259941504024938205e-03
4.980394325183589643e+01,nan,nan,1.253185061835391167e-03
4.980394326988981391e+01,nan,nan,1.244110111126101904e-03
4.980394328873435938e+01,nan,nan,1.242579512224027899e-03
4.980394330739267872e+01,nan,nan,1.240934176947961669e-03
4.980394332521242262e+01,nan,nan,1.237687771332351841e-03
4.980394334261210787e+01,nan,nan,1.232795497139014488e-03
4.980394336064535565e+01,nan,nan,1.225710313576277221e-03
4.980394338035068813e+01,nan,nan,1.218306321550645865e-03
4.980394340115908136e+01,nan,nan,1.218483274644611329e-03
4.980394341723294360e+01,nan,nan,1.216281852335714640e-03
4.980394345179423965e+01,nan,nan,1.207616650833161134e-03
4.980394347516439524e+01,nan,nan,1.198461901079579933e-03
4.980394349407946919e+01,nan,nan,1.193159376952010031e-03
4.980394351167092992e+01,nan,nan,1.192760874443684737e-03
4.980394352892326282e+01,nan,nan,1.190850817050291815e-03
4.980394354756197117e+01,nan,nan,1.186934339652879339e-03
4.980394356809124901e+01,nan,nan,1.180362372343370016e-03
4.980394358978648484e+01,nan,nan,1.170694225636944360e-03
4.980394360803369125e+01,nan,nan,1.170238433120471657e-03
4.980394362516928197e+01,nan,nan,1.169147051499781374e-03
4.980394364371494476e+01,nan,nan,1.166592583795138466e-03
4.980394366616764046e+01,nan,nan,1.161516576034369100e-03
4.980394368786792114e+01,nan,nan,1.154304254433707270e-03
4.980394370565741724e+01,nan,nan,1.145996149792174144e-03
4.980394372277173431e+01,nan,nan,1.146290875426455615e-03
4.980394374185597428e+01,nan,nan,1.145045981863761003e-03
4.980394376319246419e+01,nan,nan,1.141595209554555805e-03
4.980394378516272980e+01,nan,nan,1.135694068180106986e-03
4.980394380665887155e+01,nan,nan,1.127608008283276404e-03
4.980394382351928328e+01,nan,nan,1.123805584843889970e-03
4.980394383994654106e+01,nan,nan,1.123579310877428168e-03
4.980394386119279204e+01,nan,nan,1.121862264471029658e-03
4.980394388727166444e+01,nan,nan,1.117377099836264600e-03
4.980394391257965481e+01,nan,nan,1.110900779941631630e-03
4.980394394232205002e+01,nan,nan,1.101259636298997265e-03
4.980394396250449063e+01,nan,nan,1.100813992435681560e-03
4.980394398647992205e+01,nan,nan,1.098058768775473249e-03
4.980394401038261520e+01,nan,nan,1.092731028588389899e-03
4.980394402962944156e+01,nan,nan,1.087190956610429790e-03
4.980394404799088193e+01,nan,nan,1.080380647280567395e-03
4.980394406867286250e+01,nan,nan,1.079595550605439748e-03
4.980394409408556555e+01,nan,nan,1.078298775365003643e-03
4.980394411877189498e+01,nan,nan,1.075054621271874207e-03
4.980394413569896983e+01,nan,nan,1.070286777040356909e-03
4.980394415167489086e+01,nan,nan,1.065199168322229599e-03
4.980394417315332589e+01,nan,nan,1.057810766994048959e-03
4.980394419857677946e+01,nan,nan,1.057530389101426962e-03
4.980394422037225155e+01,nan,nan,1.055598614126582310e-03
4.980394424151440091e+01,nan,nan,1.052176572294040002e-03
4.980394426265242913e+01,nan,nan,1.047093657285187674e-03
4.980394428473360335e+01,nan,nan,1.039864876729407759e-03
4.980394430778287784e+01,nan,nan,1.037643078836646615e-03
4.980394433059982617e+01,nan,nan,1.036900089434227056e-03
4.980394435165626277e+01,nan,nan,1.034418304038936445e-03
4.980394437110786043e+01,nan,nan,1.030660848823374953e-03
4.980394439171743670e+01,nan,nan,1.025367949510193246e-03
4.980394441558105711e+01,nan,nan,1.017454489798639249e-03
4.980394444071593796e+01,nan,nan,1.016141295172561226e-03
4.980394446097641037e+01,nan,nan,1.015210145321904581e-03
4.980394448061924351e+01,nan,nan,1.012996471340004085e-03
4.980394450268512685e+01,nan,nan,1.008816945458329301e-03
4.980394452778435266e+01,nan,nan,1.001911505988194780e-03
4.980394455461368608e+01,nan,nan,9.973982147473473264e-04
