cycle_time_years,leading_front_depth_m,deepest_front_depth_m,maximum_velocity_m_s
0.000000000000000000e+00,nan,nan,9.980762287100806898e-04
6.478385640982122093e-06,nan,nan,6.291212428242005895e-04
1.737340265956248661e-05,nan,nan,3.960580572678295522e-04
3.459050796976451060e-05,2.379252083054884679e+03,2.379252083054884679e+03,2.486000016248902434e-04
6.236299965702982639e-05,3.980495422814707581e+03,3.980495422814707581e+03,1.558592552115263638e-04
1.071942407108699281e-04,5.839519194296555725e+03,5.839519194296555725e+03,9.752008417971083794e-05
1.827722319596366293e-04,7.883509849876574663e+03,7.883509849876574663e+03,6.148703041035980703e-05
2.994484561995885323e-04,9.992881727263418725e+03,9.992881727263418725e+03,3.872290734366374426e-05
4.934231498248858915e-04,1.230649733293935969e+04,1.230649733293935969e+04,2.406231328930194207e-05
8.141835320871356439e-04,1.365490577631782980e+04,1.365490577631782980e+04,1.503227805745564229e-05
1.318641546322739822e-03,1.401549792775362766e+04,1.401549792775362766e+04,9.472916114516134633e-06
2.165228650727483561e-03,1.436355839540817396e+04,1.436355839540817396e+04,5.927308938915474911e-06
3.573801357803481869e-03,1.469326112593504877e+04,1.469326112593504877e+04,3.697836762997746510e-06
5.802617363957913652e-03,1.498961867416916175e+04,1.498961867416916175e+04,2.316391062997894114e-06
9.453566450853536848e-03,1.525488912885595892e+04,1.525488912885595892e+04,1.461491290385194440e-06
1.524647595471603605e-02,1.549471767592334618e+04,1.549471767592334618e+04,9.159878197371656419e-07
2.433625876376192820e-02,1.570169352980715485e+04,1.570169352980715485e+04,5.779434039646303514e-07
3.782135657666768624e-02,1.586187579165441821e+04,1.586187579165441821e+04,3.602873553556372048e-07
5.525506712587885394e-02,1.597122886474806000e+04,1.597122886474806000e+04,2.271243878001839689e-07
7.435558530408976907e-02,1.604018245044901596e+04,1.604018245044901596e+04,1.423924026428545150e-07
9.435064673154808235e-02,1.608641363224491397e+04,1.608641363224491397e+04,8.979332572969544818e-08
1.155727068484652953e-01,1.612043711051283753e+04,1.612043711051283753e+04,5.639263955661865676e-08
1.411687635008269104e-01,1.614984662846314313e+04,1.614984662846314313e+04,3.529145632900829734e-08
1.676251686054221757e-01,1.617248116397311423e+04,1.617248116397311423e+04,2.479812801710292453e-08
1.929566809738634536e-01,1.618947005829488808e+04,1.618947005829488808e+04,2.199599913362613790e-08
2.192080948264389650e-01,1.620400029246553277e+04,1.620400029246553277e+04,1.974565623847936000e-08
2.467171781889358206e-01,1.621659179179352759e+04,1.621659179179352759e+04,1.787833465304912139e-08
2.727985951331558523e-01,1.622741263605812492e+04,1.622741263605812492e+04,1.644062932048415583e-08
2.986622819666125417e-01,1.623667368707602509e+04,1.623667368707602509e+04,1.524924630996059513e-08
3.256902182575148186e-01,1.624516608351813375e+04,1.624516608351813375e+04,1.419838929345825784e-08
3.527934552401883472e-01,1.625377313706439782e+04,1.625377313706439782e+04,1.329826279774177915e-08
3.800243089663065676e-01,1.626163411812853883e+04,1.626163411812853883e+04,1.251697148502002681e-08
4.073429059249764062e-01,1.626889808116453787e+04,1.626889808116453787e+04,1.183307875830502762e-08
4.380154220117502550e-01,1.627726086248046158e+04,1.627726086248046158e+04,1.116254640934783056e-08
4.634099425249179061e-01,1.628416568143458062e+04,1.628416568143458062e+04,1.066971405339662984e-08
4.896308707056454823e-01,1.629103026660793148e+04,1.629103026660793148e+04,1.021260060028242454e-08
5.242648136335008591e-01,1.629979974931212382e+04,1.629979974931212382e+04,9.676375620600593061e-09
5.510530270359302873e-01,1.630710346253780881e+04,1.630710346253780881e+04,9.302704510617168318e-09
5.783762128730809415e-01,1.631482418667813545e+04,1.631482418667813545e+04,8.956759920062287992e-09
6.078055913129752907e-01,1.632308102369042354e+04,1.632308102369042354e+04,8.616965638121542610e-09
6.337434957845614614e-01,1.633034350631320376e+04,1.633034350631320376e+04,8.342176263210289736e-09
6.607042349376983648e-01,1.633858239031133780e+04,1.633858239031133780e+04,8.078435080434893180e-09
6.930155428005243534e-01,1.634883361582832913e+04,1.634883361582832913e+04,7.787212358328510556e-09
7.254473150227040978e-01,1.635917165685516920e+04,1.635917165685516920e+04,7.519309571863494929e-09
7.562928130360923040e-01,1.636966736078388021e+04,1.636966736078388021e+04,7.284561834438608157e-09
7.851196878039858884e-01,1.637988469082346091e+04,1.637988469082346091e+04,7.080941765038736100e-09
8.156953465300621486e-01,1.639074210604430118e+04,1.639074210604430118e+04,6.879828772126979050e-09
8.510279886056574261e-01,1.640408700856649739e+04,1.640408700856649739e+04,6.664024054406940742e-09
8.856585240140445459e-01,1.641734658062103335e+04,1.641734658062103335e+04,6.468099750216420176e-09
9.135381602906732512e-01,1.642821831538205151e+04,1.642821831538205151e+04,6.321722178900746196e-09
9.389197938014374190e-01,1.643845825449386030e+04,1.643845825449386030e+04,6.193248023877255845e-09
9.710657240794626777e-01,1.645129573056861409e+04,1.645129573056861409e+04,6.040987404037311654e-09
9.972387233962546338e-01,1.646202245674509322e+04,1.646202245674509322e+04,5.923794319920621355e-09
1.031210221876665223e+00,1.647598935800246545e+04,1.647598935800246545e+04,5.779916330786046183e-09
1.063594863163937365e+00,1.648925472632565652e+04,1.648925472632565652e+04,5.650674790896481314e-09
1.090564424955706269e+00,1.650046813513828602e+04,1.650046813513828602e+04,5.548613298239574109e-09
1.120391982906559170e+00,1.651268951708269742e+04,1.651268951708269742e+04,5.440820484315812264e-09
1.145528546132119629e+00,1.652321748028353977e+04,1.652321748028353977e+04,5.354124164355512936e-09
1.173261159961086486e+00,1.653463530715647721e+04,1.653463530715647721e+04,5.262484850799248485e-09
1.215108926912180420e+00,1.655186327540741331e+04,1.655186327540741331e+04,5.131595582826520510e-09
1.247125122776278516e+00,1.656497348055886687e+04,1.656497348055886687e+04,5.036790243261237495e-09
1.278507268505622019e+00,1.657774526551303279e+04,1.657774526551303279e+04,4.948274829498509474e-09
1.314103892307896482e+00,1.659227768444614412e+04,1.659227768444614412e+04,4.852501361191783011e-09
1.343948702421630115e+00,1.660423839211711311e+04,1.660423839211711311e+04,4.775864772117345421e-09
1.371472363063771516e+00,1.661546159047540277e+04,1.661546159047540277e+04,4.707909229893829934e-09
1.398742000242239047e+00,1.662639552378787630e+04,1.662639552378787630e+04,4.643023640640691959e-09
1.446433250377346713e+00,1.664550312289423891e+04,1.664550312289423891e+04,4.535033382067835690e-09
1.482161372844676084e+00,1.665967720911858851e+04,1.665967720911858851e+04,4.458194276905549927e-09
1.513721351155365102e+00,1.667222646433561385e+04,1.667222646433561385e+04,4.393176415327450795e-09
1.548100774543114344e+00,1.668583272390225466e+04,1.668583272390225466e+04,4.325140934337821597e-09
1.575035064326017586e+00,1.669636250427782943e+04,1.669636250427782943e+04,4.273724080946489815e-09
1.608256059461852683e+00,1.670949735743673591e+04,1.670949735743673591e+04,4.212508149337435561e-09
1.641496593575878071e+00,1.672244226044222523e+04,1.672244226044222523e+04,4.153538765844706387e-09
1.676787303528544104e+00,1.673633838668960379e+04,1.673633838668960379e+04,4.093306773681041910e-09
1.703919096445074555e+00,1.674686296658360880e+04,1.674686296658360880e+04,4.048505419844359743e-09
1.744160166672011236e+00,1.676253542487876621e+04,1.676253542487876621e+04,3.984503765266732002e-09
1.788544055956393430e+00,1.677966686255915192e+04,1.677966686255915192e+04,3.916896557243329172e-09
1.827999036479945882e+00,1.679496404979531872e+04,1.679496404979531872e+04,3.859383244799032174e-09
1.858769975745832470e+00,1.680678210575639969e+04,1.680678210575639969e+04,3.816046910806989090e-09
1.898924256599601845e+00,1.682221914717268737e+04,1.682221914717268737e+04,3.761480522672622588e-09
1.928802025353201000e+00,1.683367267989975153e+04,1.683367267989975153e+04,3.722187158873045111e-09
1.973895904400214008e+00,1.685088512361351968e+04,1.685088512361351968e+04,3.665032361619729940e-09
2.000191749234639271e+00,1.686093599461291888e+04,1.686093599461291888e+04,3.632714628517437682e-09
2.051050790951189029e+00,1.688023564439630718e+04,1.688023564439630718e+04,3.572518647304619947e-09
2.095234238792378800e+00,1.689699754309914715e+04,1.689699754309914715e+04,3.522280024515301907e-09
2.126922326606408120e+00,1.690894329779224063e+04,1.690894329779224063e+04,3.487511763094275533e-09
2.153319463588609484e+00,1.691894004032587691e+04,1.691894004032587691e+04,3.459182896076246157e-09
2.206340537896720910e+00,1.693889741555050205e+04,1.693889741555050205e+04,3.404283252794389359e-09
2.233506174939611011e+00,1.694912147204410576e+04,1.694912147204410576e+04,3.377012913952399291e-09
2.286927180759359413e+00,1.696911074219147849e+04,1.696911074219147849e+04,3.325229079679744349e-09
2.316834531606738246e+00,1.698030984043419448e+04,1.698030984043419448e+04,3.297137151843951406e-09
2.370199647025257761e+00,1.700018382915392067e+04,1.700018382915392067e+04,3.248709033202558434e-09
2.400984309001286565e+00,1.701164932159195087e+04,1.701164932159195087e+04,3.221621082281793167e-09
2.455880617186739556e+00,1.703200436043714581e+04,1.703200436043714581e+04,3.174928886497419639e-09
2.487568705000768432e+00,1.704373544188604137e+04,1.704373544188604137e+04,3.149204868587382127e-09
2.516165430824436555e+00,1.705423646396246841e+04,1.705423646396246841e+04,3.125741356914520220e-09
2.564354518755043166e+00,1.707207546999509577e+04,1.707207546999509577e+04,3.087965454188327118e-09
2.596042606569072042e+00,1.708366039808724599e+04,1.708366039808724599e+04,3.063876115628830284e-09
2.622000999744181549e+00,1.709325860932308933e+04,1.709325860932308933e+04,3.044426691130161507e-09
2.675435311991497311e+00,1.711279734009590175e+04,1.711279734009590175e+04,3.005609170577368499e-09
2.707123399805526631e+00,1.712443743821900352e+04,1.712443743821900352e+04,2.983308137586602228e-09
2.753098877632086161e+00,1.714118752036768637e+04,1.714118752036768637e+04,2.951620265475420020e-09
2.784786965446115481e+00,1.715274254329886389e+04,1.715274254329886389e+04,2.930386477985761323e-09
2.816475053260144357e+00,1.716426929137288244e+04,1.716426929137288244e+04,2.909619794032601671e-09
2.845330193672904961e+00,1.717472704584575695e+04,1.717472704584575695e+04,2.891001978704126212e-09
2.901383289644363650e+00,1.719506998274487705e+04,1.719506998274487705e+04,2.855879320080888892e-09
2.933071377458392970e+00,1.720651276279196463e+04,1.720651276279196463e+04,2.836591949489310089e-09
2.963780327065742348e+00,1.721763749420014210e+04,1.721763749420014210e+04,2.818194740020112676e-09
2.989509973705991808e+00,1.722688907993212342e+04,1.722688907993212342e+04,2.803073986176997969e-09
3.021198061520021128e+00,1.723829612291334706e+04,1.723829612291334706e+04,2.784777408951031394e-09
3.052886149334050003e+00,1.724972052103019087e+04,1.724972052103019087e+04,2.766839981343493770e-09
3.086798130762085535e+00,1.726184251569849221e+04,1.726184251569849221e+04,2.747972286833767309e-09
3.114163058387658278e+00,1.727169141876246067e+04,1.727169141876246067e+04,2.733037286183188092e-09
3.145851146201687154e+00,1.728304535711411154e+04,1.728304535711411154e+04,2.716039834894046280e-09
3.177539234015716030e+00,1.729431708747945595e+04,1.729431708747945595e+04,2.699364422435270094e-09
3.213877340720162845e+00,1.730735035710785451e+04,1.730735035710785451e+04,2.680570962376906917e-09
3.242278181445412244e+00,1.731745675533652320e+04,1.731745675533652320e+04,2.666165323875375440e-09
3.273966269259441120e+00,1.732872472861659844e+04,1.732872472861659844e+04,2.650361889500242578e-09
3.305654357073469995e+00,1.734002004964172374e+04,1.734002004964172374e+04,2.634839905598965889e-09
3.345222626076810091e+00,1.735401235023191475e+04,1.735401235023191475e+04,2.615808011193007353e-09
3.374354427233060782e+00,1.736437143329317405e+04,1.736437143329317405e+04,2.602063735824194697e-09
3.406042515047089658e+00,1.737557603717206803e+04,1.737557603717206803e+04,2.587359768630448285e-09
3.437730602861118534e+00,1.738678037300111100e+04,1.738678037300111100e+04,2.572906725310094451e-09
3.479960717359030120e+00,1.740170479170099861e+04,1.740170479170099861e+04,2.553993872452888570e-09
3.509664277360657447e+00,1.741211957226333107e+04,1.741211957226333107e+04,2.540946876476594565e-09
3.541352365174686323e+00,1.742332734516010169e+04,1.742332734516010169e+04,2.527247594708371347e-09
3.573040452988715199e+00,1.743445797953353031e+04,1.743445797953353031e+04,2.513774339396721456e-09
3.598083874847232355e+00,1.744320912171666714e+04,1.744320912171666714e+04,2.503268989141412197e-09
3.647457907348965467e+00,1.746057179027657185e+04,1.746057179027657185e+04,2.482944717056335975e-09
3.679145995162994787e+00,1.747161848977880800e+04,1.747161848977880800e+04,2.470165432554119153e-09
3.710834082977023662e+00,1.748273416286516658e+04,1.748273416286516658e+04,2.457584940756943248e-09
3.738534045664261285e+00,1.749241141364130453e+04,1.749241141364130453e+04,2.446742759536458802e-09
3.764765246571988300e+00,1.750152542654791978e+04,1.750152542654791978e+04,2.436607938161432942e-09
3.791503609371755790e+00,1.751086593306164650e+04,1.751086593306164650e+04,2.426409026383991657e-09
3.821970196050766599e+00,1.752148623077232696e+04,1.752148623077232696e+04,2.414948235826571307e-09
3.853658283864795919e+00,1.753246052790984322e+04,1.753246052790984322e+04,2.403203373817135833e-09
3.881207996008438244e+00,1.754205770974401821e+04,1.754205770974401821e+04,2.393129058376493373e-09
3.907441027106678177e+00,1.755117423933653845e+04,1.755117423933653845e+04,2.383655319150594548e-09
3.935587243505928701e+00,1.756089769853755934e+04,1.756089769853755934e+04,2.373619431948981104e-09
3.967275331319957576e+00,1.757187818894168231e+04,1.757187818894168231e+04,2.362477862759174127e-09
3.998963419133986452e+00,1.758283788494132750e+04,1.758283788494132750e+04,2.351497023555700340e-09
4.030651506948015772e+00,1.759376366621415218e+04,1.759376366621415218e+04,2.340672884109659053e-09
4.055937051966540530e+00,1.760252490416676665e+04,1.760252490416676665e+04,2.332138410301988259e-09
4.112255026018809545e+00,1.762188126613719214e+04,1.762188126613719214e+04,2.313480455601006497e-09
4.143943113832838421e+00,1.763283116200209406e+04,1.763283116200209406e+04,2.303185719110847993e-09
4.175631201646867297e+00,1.764371552231614260e+04,1.764371552231614260e+04,2.293033525164168238e-09
4.207319289460896172e+00,1.765456473936605107e+04,1.765456473936605107e+04,2.283019407908863319e-09
4.239007377274925048e+00,1.766546567203902669e+04,1.766546567203902669e+04,2.273140472674703498e-09
4.270695465088954812e+00,1.767630751360005888e+04,1.767630751360005888e+04,2.263393892088403714e-09
4.302131354937061225e+00,1.768705217012824869e+04,1.768705217012824869e+04,2.253854222809145281e-09
4.332018282177342527e+00,1.769729392279679450e+04,1.769729392279679450e+04,2.244899280625827140e-09
4.360702267462217563e+00,1.770707424133087989e+04,1.770707424133087989e+04,2.236408500805496147e-09
4.390992529122376808e+00,1.771739721154288054e+04,1.771739721154288054e+04,2.227552413736828131e-09
4.422680616936405684e+00,1.772822414190340351e+04,1.772822414190340351e+04,2.218405422199087640e-09
4.454368704750434560e+00,1.773899155244557551e+04,1.773899155244557551e+04,2.209375850175949170e-09
4.486056792564463436e+00,1.774977149289790395e+04,1.774977149289790395e+04,2.200462344582829317e-09
4.517744880378492311e+00,1.776055826434783376e+04,1.776055826434783376e+04,2.191662470244356080e-09
4.549432968192521187e+00,1.777128458896071606e+04,1.777128458896071606e+04,2.182973201426845350e-09
4.581121056006550063e+00,1.778204652039827488e+04,1.778204652039827488e+04,2.174392413955394632e-09
4.612809143820579827e+00,1.779279243637156469e+04,1.779279243637156469e+04,2.165918040971277396e-09
4.644497231634608703e+00,1.780348135995446137e+04,1.780348135995446137e+04,2.157548069600953332e-09
4.676185319448637578e+00,1.781421835732171166e+04,1.781421835732171166e+04,2.149281943433630242e-09
4.707873407262666454e+00,1.782491857137526677e+04,1.782491857137526677e+04,2.141116412183558375e-09
4.739561495076695330e+00,1.783560077017365620e+04,1.783560077017365620e+04,2.133049485265624933e-09
4.771249582890724206e+00,1.784631283608327067e+04,1.784631283608327067e+04,2.125079340267519540e-09
4.802937670704753081e+00,1.785696856226911041e+04,1.785696856226911041e+04,2.117204197757997037e-09
4.834625758518781957e+00,1.786763205228793231e+04,1.786763205228793231e+04,2.109422684672204256e-09
4.866313846332810833e+00,1.787830392083845436e+04,1.787830392083845436e+04,2.101733151996866226e-09
4.898001934146839709e+00,1.788892372617644287e+04,1.788892372617644287e+04,2.094133628201446227e-09
4.929690021960868584e+00,1.789957064316984179e+04,1.789957064316984179e+04,2.086622730070838030e-09
4.961378109774898348e+00,1.791020597382484993e+04,1.791020597382484993e+04,2.079198508401888914e-09
4.993066197588927224e+00,1.792079370345750431e+04,1.792079370345750431e+04,2.071859425683448615e-09
5.024754285402956100e+00,1.793142200714725186e+04,1.793142200714725186e+04,2.064604068577092409e-09
5.056442373216984976e+00,1.794202325187607130e+04,1.794202325187607130e+04,2.057431352556709409e-09
5.088130461031013851e+00,1.795257769802576513e+04,1.795257769802576513e+04,2.050339355043481882e-09
5.119818548845042727e+00,1.796318804572732188e+04,1.796318804572732188e+04,2.043326682553979193e-09
5.151506636659071603e+00,1.797375862368603703e+04,1.797375862368603703e+04,2.036392104875220223e-09
5.183194724473100479e+00,1.798427984385366290e+04,1.798427984385366290e+04,2.029534505369399660e-09
5.214882812287129354e+00,1.799487137105667716e+04,1.799487137105667716e+04,2.022752222472733433e-09
5.246570900101158230e+00,1.800541018173775228e+04,1.800541018173775228e+04,2.016043986094398691e-09
5.278258987915187106e+00,1.801591137029376114e+04,1.801591137029376114e+04,2.009408554984513387e-09
5.309947075729215982e+00,1.802646846870831359e+04,1.802646846870831359e+04,2.002845090830761283e-09
5.341635163543245746e+00,1.803697108281858164e+04,1.803697108281858164e+04,1.996352065029150707e-09
5.373323251357274621e+00,1.804748635518345327e+04,1.804748635518345327e+04,1.989928269877210332e-09
5.405011339171303497e+00,1.805800399665025543e+04,1.805800399665025543e+04,1.983572571939079355e-09
5.436699426985332373e+00,1.806847349424691492e+04,1.806847349424691492e+04,1.977283862744948250e-09
5.468387514799361249e+00,1.807896538372112263e+04,1.807896538372112263e+04,1.971061416097457960e-09
5.500075602613390124e+00,1.808945244537956751e+04,1.808945244537956751e+04,1.964903800890809909e-09
5.531763690427419000e+00,1.809989242257227306e+04,1.809989242257227306e+04,1.958809978011087742e-09
5.563451778241447876e+00,1.811037304393911472e+04,1.811037304393911472e+04,1.952778932501915650e-09
5.595139866055476752e+00,1.812083156781339494e+04,1.812083156781339494e+04,1.946809671126700851e-09
5.626827953869505627e+00,1.813124222756935706e+04,1.813124222756935706e+04,1.940901336569056197e-09
5.658516041683534503e+00,1.814170616756039453e+04,1.814170616756039453e+04,1.935053039663225562e-09
5.690204129497563379e+00,1.815213713584022116e+04,1.815213713584022116e+04,1.929263659437330016e-09
5.721892217311593143e+00,1.816252538416321113e+04,1.816252538416321113e+04,1.923532284198969482e-09
5.753580305125622019e+00,1.817296850630236077e+04,1.817296850630236077e+04,1.917858021251207149e-09
5.785268392939650894e+00,1.818337511277419253e+04,1.818337511277419253e+04,1.912239996367689463e-09
5.816956480753679770e+00,1.819373853733661599e+04,1.819373853733661599e+04,1.906677353324905266e-09
5.848644568567708646e+00,1.820416064485420793e+04,1.820416064485420793e+04,1.901169411911196276e-09
5.880332656381737522e+00,1.821454619968007682e+04,1.821454619968007682e+04,1.895715257153976869e-09
5.912020744195766397e+00,1.822488544931517754e+04,1.822488544931517754e+04,1.890314008614555746e-09
5.943708832009795273e+00,1.823528920125094737e+04,1.823528920125094737e+04,1.884964877830772918e-09
5.975396919823824149e+00,1.824565060828947753e+04,1.824565060828947753e+04,1.879667092148889548e-09
6.007085007637853025e+00,1.825597071528420202e+04,1.825597071528420202e+04,1.874419894324839750e-09
6.038773095451881900e+00,1.826634685237878148e+04,1.826634685237878148e+04,1.869222542132802519e-09
6.070461183265910776e+00,1.827667683499339182e+04,1.827667683499339182e+04,1.864074308010847477e-09
6.102149271079940540e+00,1.828701018219613252e+04,1.828701018219613252e+04,1.858974485711715986e-09
6.133837358893969416e+00,1.829735959843324235e+04,1.829735959843324235e+04,1.853922520063522509e-09
6.165525446707998292e+00,1.830765879858102926e+04,1.830765879858102926e+04,1.848917565575064927e-09
6.197213534522027167e+00,1.831797276923208847e+04,1.831797276923208847e+04,1.843958949975002794e-09
6.228901622336056043e+00,1.832829717019735108e+04,1.832829717019735108e+04,1.839046013931152269e-09
6.260589710150084919e+00,1.833857850753051753e+04,1.833857850753051753e+04,1.834178110736191185e-09
6.292277797964113795e+00,1.834887633978895610e+04,1.834887633978895610e+04,1.829354605995925494e-09
6.323965885778142670e+00,1.835917512395015365e+04,1.835917512395015365e+04,1.824574877346365368e-09
6.355653973592171546e+00,1.836943575066269477e+04,1.836943575066269477e+04,1.819838314161514139e-09
6.387342061406200422e+00,1.837971502673910800e+04,1.837971502673910800e+04,1.815144317279863510e-09
6.419030149220229298e+00,1.839000074164472244e+04,1.839000074164472244e+04,1.810492298729231717e-09
6.450718237034258173e+00,1.840024228151421630e+04,1.840024228151421630e+04,1.805881681475005939e-09
6.482406324848287937e+00,1.841050403064991406e+04,1.841050403064991406e+04,1.801311899145938543e-09
6.514094412662316813e+00,1.842076831763892551e+04,1.842076831763892551e+04,1.796782395813770662e-09
6.545782500476345689e+00,1.843098784758713373e+04,1.843098784758713373e+04,1.792292625721105484e-09
6.577470588290374565e+00,1.844123390091407418e+04,1.844123390091407418e+04,1.787842111757479826e-09
6.609158676104403440e+00,1.845147530435370572e+04,1.845147530435370572e+04,1.783430270327016421e-09
6.640846763918432316e+00,1.846167763336301869e+04,1.846167763336301869e+04,1.779056577833598385e-09
6.672534851732461192e+00,1.847190796411407064e+04,1.847190796411407064e+04,1.774720527143454314e-09
6.704222939546490068e+00,1.848212339651473303e+04,1.848212339651473303e+04,1.770421620208999334e-09
6.735911027360518943e+00,1.849231062276522061e+04,1.849231062276522061e+04,1.766159367849786096e-09
6.767599115174547819e+00,1.850254386240405802e+04,1.850254386240405802e+04,1.761933289556781851e-09
6.799287202988576695e+00,1.851273866653652294e+04,1.851273866653652294e+04,1.757742913302593981e-09
6.830975290802605571e+00,1.852289412906881989e+04,1.852289412906881989e+04,1.753587775357728995e-09
6.862663378616635335e+00,1.853311343666903485e+04,1.853311343666903485e+04,1.749467420094021942e-09
6.894351466430664210e+00,1.854329393558202355e+04,1.854329393558202355e+04,1.745381399833057226e-09
6.926039554244693086e+00,1.855343447606581321e+04,1.855343447606581321e+04,1.741329274638189132e-09
6.957727642058721962e+00,1.856363727343821301e+04,1.856363727343821301e+04,1.737310612175984730e-09
6.989415729872750838e+00,1.857380057670465612e+04,1.857380057670465612e+04,1.733324987534430674e-09
7.021103817686779713e+00,1.858393027134384101e+04,1.858393027134384101e+04,1.729371983068630512e-09
7.052791905500808589e+00,1.859411092121675756e+04,1.859411092121675756e+04,1.725451188249190755e-09
7.084479993314837465e+00,1.860425904701293257e+04,1.860425904701293257e+04,1.721562199499852353e-09
7.116168081128866341e+00,1.861437224870633509e+04,1.861437224870633509e+04,1.717704620062095288e-09
7.147856168942895216e+00,1.862453787087131059e+04,1.862453787087131059e+04,1.713878059843575309e-09
7.179544256756924092e+00,1.863466759918737807e+04,1.863466759918737807e+04,1.710082135275571551e-09
7.211232344570952968e+00,1.864476622366575975e+04,1.864476622366575975e+04,1.706316469186202290e-09
7.242920432384982732e+00,1.865491867741492752e+04,1.865491867741492752e+04,1.702580690652349683e-09
7.274608520199011608e+00,1.866503498332506206e+04,1.866503498332506206e+04,1.698874434881368605e-09
7.306296608013040483e+00,1.867511781036732646e+04,1.867511781036732646e+04,1.695197343088187040e-09
7.337984695827069359e+00,1.868524841067761372e+04,1.868524841067761372e+04,1.691549062347343535e-09
7.369672783641098235e+00,1.869534395863311511e+04,1.869534395863311511e+04,1.687929245502686167e-09
7.401360871455127111e+00,1.870543997982475412e+04,1.870543997982475412e+04,1.684337551031372878e-09
7.433048959269155986e+00,1.871554831320610901e+04,1.871554831320610901e+04,1.680773650898045489e-09
7.464737047083184862e+00,1.872562404217364019e+04,1.872562404217364019e+04,1.677237254193458541e-09
7.496425134897213738e+00,1.873570280016119432e+04,1.873570280016119432e+04,1.673727990879512928e-09
7.528113222711242614e+00,1.874580025719670448e+04,1.874580025719670448e+04,1.670245540797030791e-09
7.559801310525271489e+00,1.875586491725233645e+04,1.875586491725233645e+04,1.666789588868269088e-09
7.591489398339300365e+00,1.876591813772057503e+04,1.876591813772057503e+04,1.663359825012955798e-09
7.623177486153330129e+00,1.877600915094634183e+04,1.877600915094634183e+04,1.659955944043910066e-09
7.654865573967359005e+00,1.878606059035319777e+04,1.878606059035319777e+04,1.656577645564438308e-09
7.686553661781387881e+00,1.879609998698655909e+04,1.879609998698655909e+04,1.653224633888913707e-09
7.718241749595416756e+00,1.880617432977331191e+04,1.880617432977331191e+04,1.649896617930810073e-09
7.749929837409445632e+00,1.881620968806661767e+04,1.881620968806661767e+04,1.646593311131687156e-09
7.781617925223474508e+00,1.882624016347266297e+04,1.882624016347266297e+04,1.643314431356503692e-09
7.813306013037503384e+00,1.883629930844511546e+04,1.883629930844511546e+04,1.640059700825261272e-09
7.844994100851532259e+00,1.884632735582033638e+04,1.884632735582033638e+04,1.636828846012914244e-09
7.876682188665561135e+00,1.885633810796820762e+04,1.885633810796820762e+04,1.633621597583462237e-09
7.908370276479590011e+00,1.886639001023307355e+04,1.886639001023307355e+04,1.630437690287681273e-09
7.940058364293618887e+00,1.887640220403261264e+04,1.887640220403261264e+04,1.627276865902073321e-09
7.971746452107647762e+00,1.888640027185399595e+04,1.888640027185399595e+04,1.624138960698228798e-09
8.003434539921677526e+00,1.889643869047291446e+04,1.889643869047291446e+04,1.621023626529497867e-09
8.035122627735706402e+00,1.890644357268577733e+04,1.890644357268577733e+04,1.617930613729997309e-09
8.066810715549735278e+00,1.891642497838876079e+04,1.891642497838876079e+04,1.614859676377434644e-09
8.098498803363764154e+00,1.892644469053401190e+04,1.892644469053401190e+04,1.611810572190925263e-09
8.130186891177793029e+00,1.893643452242479179e+04,1.893643452242479179e+04,1.608783062489602386e-09
8.161874978991821905e+00,1.894642588193249321e+04,1.894642588193249321e+04,1.605776912113282578e-09
8.193563066805850781e+00,1.895643421541014686e+04,1.895643421541014686e+04,1.602791889359693702e-09
8.225251154619879657e+00,1.896640902445826578e+04,1.896640902445826578e+04,1.599827765922494894e-09
8.256939242433908532e+00,1.897638393058038491e+04,1.897638393058038491e+04,1.596884316827298905e-09
8.288627330247937408e+00,1.898637666591289235e+04,1.898637666591289235e+04,1.593961371336808291e-09
8.320315418061966284e+00,1.899633792883995920e+04,1.899633792883995920e+04,1.591058731106932075e-09
8.352003505875995160e+00,1.900630292780320451e+04,1.900630292780320451e+04,1.588176110918008384e-09
8.383691593690024035e+00,1.901628925018346126e+04,1.901628925018346126e+04,1.585313298488575787e-09
8.415379681504052911e+00,1.902624091851819321e+04,1.902624091851819321e+04,1.582470084579687075e-09
8.447067769318081787e+00,1.903618153880202954e+04,1.903618153880202954e+04,1.579646262941715757e-09
8.478755857132110663e+00,1.904616164384406511e+04,1.904616164384406511e+04,1.576841630256505945e-09
8.510443944946139538e+00,1.905610731607692287e+04,1.905610731607692287e+04,1.574055986088875374e-09
8.542132032760168414e+00,1.906603517102245678e+04,1.906603517102245678e+04,1.571289132825728497e-09
8.573820120574199066e+00,1.907600151115255358e+04,1.907600151115255358e+04,1.568540977285501422e-09
8.605508208388227942e+00,1.908593704335527946e+04,1.908593704335527946e+04,1.565811260981099095e-09
8.637196296202256818e+00,1.909585549315531898e+04,1.909585549315531898e+04,1.563099760112018738e-09
8.668884384016285694e+00,1.910581347352661032e+04,1.910581347352661032e+04,1.560406287868572084e-09
8.700572471830314569e+00,1.911574009376284448e+04,1.911574009376284448e+04,1.557730660036942920e-09
8.732260559644343445e+00,1.912564196601833828e+04,1.912564196601833828e+04,1.555072694948465405e-09
8.763948647458372321e+00,1.913558671379521184e+04,1.913558671379521184e+04,1.552432213428333496e-09
8.795636735272401197e+00,1.914549934349465912e+04,1.914549934349465912e+04,1.549809061939823320e-09
8.827324823086430072e+00,1.915541073758141283e+04,1.915541073758141283e+04,1.547203166954255069e-09
8.859012910900458948e+00,1.916534468854387524e+04,1.916534468854387524e+04,1.544614233234561292e-09
8.890700998714487824e+00,1.917524518964617528e+04,1.917524518964617528e+04,1.542042091172044810e-09
8.922389086528516700e+00,1.918514136226258415e+04,1.918514136226258415e+04,1.539486573453297748e-09
8.954077174342545575e+00,1.919506491149093927e+04,1.919506491149093927e+04,1.536947515021766995e-09
8.985765262156574451e+00,1.920495604414219270e+04,1.920495604414219270e+04,1.534424753045697654e-09
9.017453349970603327e+00,1.921483583442279632e+04,1.921483583442279632e+04,1.531918171427094112e-09
9.049141437784632203e+00,1.922475298710085917e+04,1.922475298710085917e+04,1.529427677934716504e-09
9.080829525598661078e+00,1.923463762215248062e+04,1.923463762215248062e+04,1.526953005725833443e-09
9.112517613412689954e+00,1.924450216783354699e+04,1.924450216783354699e+04,1.524494000442808816e-09
9.144205701226718830e+00,1.925441573485790650e+04,1.925441573485790650e+04,1.522050509780008968e-09
9.175893789040747706e+00,1.926429412965828305e+04,1.926429412965828305e+04,1.519622383435072867e-09
9.207581876854776581e+00,1.927414026188487696e+04,1.927414026188487696e+04,1.517209473078128786e-09
9.239269964668805457e+00,1.928405083109382758e+04,1.928405083109382758e+04,1.514811783893167876e-09
9.270958052482834333e+00,1.929391915825625983e+04,1.929391915825625983e+04,1.512429030309495974e-09
9.302646140296863209e+00,1.930376446596395544e+04,1.930376446596395544e+04,1.510061059448488723e-09
9.334334228110893861e+00,1.931365739586629570e+04,1.931365739586629570e+04,1.507707730535713161e-09
9.366022315924922736e+00,1.932352220226462305e+04,1.932352220226462305e+04,1.505368904615057363e-09
9.397710403738951612e+00,1.933335409110112960e+04,1.933335409110112960e+04,1.503044444519159768e-09
9.429398491552980488e+00,1.934322903005466651e+04,1.934322903005466651e+04,1.500734379402759382e-09
9.461086579367009364e+00,1.935308467204184126e+04,1.935308467204184126e+04,1.498438413687966560e-09
9.492774667181038240e+00,1.936291986746972179e+04,1.936291986746972179e+04,1.496156412798230690e-09
9.524462754995067115e+00,1.937279278569494636e+04,1.937279278569494636e+04,1.493888246430557829e-09
9.556150842809095991e+00,1.938263908708061717e+04,1.938263908708061717e+04,1.491633785907477262e-09
9.587838930623124867e+00,1.939245197738390198e+04,1.939245197738390198e+04,1.489392964295413176e-09
9.619527018437153743e+00,1.940232486223678279e+04,1.940232486223678279e+04,1.487165707429416576e-09
9.651215106251182618e+00,1.941216385356770843e+04,1.941216385356770843e+04,1.484951780020221665e-09
9.682903194065211494e+00,1.942196873133785266e+04,1.942196873133785266e+04,1.482751059730063710e-09
9.714591281879240370e+00,1.943182628682938230e+04,1.943182628682938230e+04,1.480563425751220368e-09
9.746279369693269246e+00,1.944166488217518781e+04,1.944166488217518781e+04,1.478388758772228180e-09
9.777967457507298121e+00,1.945146866896428401e+04,1.945146866896428401e+04,1.476227112069177545e-09
9.809655545321326997e+00,1.946131393550232315e+04,1.946131393550232315e+04,1.474078201974817597e-09
9.841343633135355873e+00,1.947113847897914820e+04,1.947113847897914820e+04,1.471941909569997412e-09
9.873031720949384749e+00,1.948093781714165016e+04,1.948093781714165016e+04,1.469818121302813908e-09
9.904719808763413624e+00,1.949077006715743119e+04,1.949077006715743119e+04,1.467706725015048361e-09
9.936407896577442500e+00,1.950059068272325385e+04,1.950059068272325385e+04,1.465607756544400897e-09
9.968095984391471376e+00,1.951038672995861998e+04,1.951038672995861998e+04,1.463520991024346756e-09
9.999784072205500252e+00,1.952020211980401655e+04,1.952020211980401655e+04,1.461446288881252253e-09
1.003147216001952913e+01,1.953002082902675829e+04,1.953002082902675829e+04,1.459383543289435940e-09
1.006316024783355978e+01,1.953981260225590813e+04,1.953981260225590813e+04,1.457332648701825217e-09
1.009484833564758866e+01,1.954961224264296106e+04,1.954961224264296106e+04,1.455293655556905648e-09
1.012653642346161753e+01,1.955942852675849645e+04,1.955942852675849645e+04,1.453266331658060455e-09
1.015822451127564641e+01,1.956921768591802538e+04,1.956921768591802538e+04,1.451250549353000933e-09
1.018991259908967528e+01,1.957899781462200554e+04,1.957899781462200554e+04,1.449246208046268676e-09
1.022160068690370416e+01,1.958880747423031426e+04,1.958880747423031426e+04,1.447253217981881566e-09
1.025328877471773303e+01,1.959858363427764198e+04,1.959858363427764198e+04,1.445271644178123374e-09
1.028497686253176191e+01,1.960838042572682753e+04,1.960838042572682753e+04,1.443301216293638828e-09
1.031666495034579079e+01,1.961817959090840304e+04,1.961817959090840304e+04,1.441341838394385392e-09
1.034835303815981966e+01,1.962794391544342579e+04,1.962794391544342579e+04,1.439393415664834157e-09
1.038004112597384854e+01,1.963773639505628671e+04,1.963773639505628671e+04,1.437455926498280578e-09
1.041172921378787741e+01,1.964752603231553439e+04,1.964752603231553439e+04,1.435529318160853218e-09
1.044341730160190629e+01,1.965728990594806965e+04,1.965728990594806965e+04,1.433613386697767795e-09
1.047510538941593516e+01,1.966706013804817849e+04,1.966706013804817849e+04,1.431708041614961958e-09
1.050679347722996404e+01,1.967684962907596855e+04,1.967684962907596855e+04,1.429813193470129780e-09
1.053848156504399292e+01,1.968661457440656886e+04,1.968661457440656886e+04,1.427928912703111630e-09
1.057016965285802179e+01,1.969636949477441158e+04,1.969636949477441158e+04,1.426054979442147438e-09
1.060185774067205067e+01,1.970615520446933806e+04,1.970615520446933806e+04,1.424191280419210104e-09
1.063354582848607954e+01,1.971591568137202194e+04,1.971591568137202194e+04,1.422337730212980905e-09
1.066523391630010842e+01,1.972566471878603988e+04,1.972566471878603988e+04,1.420494325273998673e-09
1.069692200411413729e+01,1.973544788083413732e+04,1.973544788083413732e+04,1.418661006852988352e-09
1.072861009192816617e+01,1.974520379540637077e+04,1.974520379540637077e+04,1.416837586235630752e-09
1.076029817974219505e+01,1.975492639140858591e+04,1.975492639140858591e+04,1.415023981796975318e-09
1.079198626755622392e+01,1.976471204285806380e+04,1.976471204285806380e+04,1.413220133825941495e-09
1.082367435537025457e+01,1.977447103827244064e+04,1.977447103827244064e+04,1.411426108138835139e-09
1.085536244318428345e+01,1.978419176789514677e+04,1.978419176789514677e+04,1.409641658657572984e-09
1.088705053099831233e+01,1.979395926880093248e+04,1.979395926880093248e+04,1.407866707346491495e-09
1.091873861881234120e+01,1.980371012723087188e+04,1.980371012723087188e+04,1.406101177036180244e-09
1.095042670662637008e+01,1.981344162513157062e+04,1.981344162513157062e+04,1.404345157723208486e-09
1.098211479444039895e+01,1.982320932814428306e+04,1.982320932814428306e+04,1.402598429177138440e-09
1.101380288225442783e+01,1.983293808892134257e+04,1.983293808892134257e+04,1.400860894617374182e-09
1.104549097006845670e+01,1.984265548897933331e+04,1.984265548897933331e+04,1.399132480225751228e-09
1.107717905788248558e+01,1.985242251762416709e+04,1.985242251762416709e+04,1.397413252380137392e-09
1.110886714569651446e+01,1.986216212640119193e+04,1.986216212640119193e+04,1.395703048538040560e-09
1.114055523351054333e+01,1.987186269092022121e+04,1.987186269092022121e+04,1.394001747578940248e-09
1.117224332132457221e+01,1.988162227759394227e+04,1.988162227759394227e+04,1.392309278852616760e-09
1.120393140913860108e+01,1.989136112437958582e+04,1.989136112437958582e+04,1.390625699199974547e-09
1.123561949695262996e+01,1.990107205674199213e+04,1.990107205674199213e+04,1.388950874903227433e-09
1.126730758476665883e+01,1.991080821445717447e+04,1.991080821445717447e+04,1.387284674761463065e-09
1.129899567258068771e+01,1.992054627895328667e+04,1.992054627895328667e+04,1.385627031129221587e-09
1.133068376039471659e+01,1.993024557176627786e+04,1.993024557176627786e+04,1.383978004359524512e-09
1.136237184820874546e+01,1.993997744202069953e+04,1.993997744202069953e+04,1.382337462786807530e-09
1.139405993602277434e+01,1.994971658233751441e+04,1.994971658233751441e+04,1.380705278376127356e-09
1.142574802383680321e+01,1.995941771351803254e+04,1.995941771351803254e+04,1.379081386315044319e-09
1.145743611165083209e+01,1.996913304821870042e+04,1.996913304821870042e+04,1.377465862577742286e-09
1.148912419946486096e+01,1.997886804625857621e+04,1.997886804625857621e+04,1.375858552708732365e-09
1.152081228727888984e+01,1.998857628420692708e+04,1.998857628420692708e+04,1.374259344123896045e-09
1.155250037509291872e+01,1.999828548221699020e+04,1.999828548221699020e+04,1.372668174698562578e-09
1.158418846290694937e+01,2.000801768536036252e+04,2.000801768536036252e+04,1.371085147251141277e-09
1.161587655072097824e+01,2.001772089078527642e+04,2.001772089078527642e+04,1.369510061479381318e-09
1.164756463853500712e+01,2.002741131531214705e+04,2.002741131531214705e+04,1.367942831647414279e-09
1.167925272634903600e+01,2.003713033223102684e+04,2.003713033223102684e+04,1.366383407604981339e-09
1.171094081416306487e+01,2.004683359417408064e+04,2.004683359417408064e+04,1.364831901175718661e-09
1.174262890197709375e+01,2.005654381384018052e+04,2.005654381384018052e+04,1.363288073072787625e-09
1.177431698979112262e+01,2.006625849296508022e+04,2.006625849296508022e+04,1.361751865560278703e-09
1.180600507760515150e+01,2.007595535114660743e+04,2.007595535114660743e+04,1.360223275747354264e-09
1.183769316541918037e+01,2.008564275362994522e+04,2.008564275362994522e+04,1.358702327842443002e-09
1.186938125323320925e+01,2.009536148668833994e+04,2.009536148668833994e+04,1.357188830066545133e-09
1.190106934104723813e+01,2.010505500902544372e+04,2.010505500902544372e+04,1.355682727013145498e-09
1.193275742886126700e+01,2.011473920381254720e+04,2.011473920381254720e+04,1.354184072018891559e-09
1.196444551667529588e+01,2.012445801568728712e+04,2.012445801568728712e+04,1.352692783271156029e-09
1.199613360448932475e+01,2.013414748342532039e+04,2.013414748342532039e+04,1.351208725585930427e-09
1.202782169230335363e+01,2.014382218657767226e+04,2.014382218657767226e+04,1.349731845766205924e-09
1.205950978011738250e+01,2.015354530102046192e+04,2.015354530102046192e+04,1.348262261628550907e-09
1.209119786793141138e+01,2.016322975131770727e+04,2.016322975131770727e+04,1.346799768368304300e-09
1.212288595574544026e+01,2.017290088377673237e+04,2.017290088377673237e+04,1.345344295779147923e-09
1.215457404355946913e+01,2.018261394489765371e+04,2.018261394489765371e+04,1.343895844868140876e-09
1.218626213137349801e+01,2.019230592038214672e+04,2.019230592038214672e+04,1.342454449241085387e-09
1.221795021918752688e+01,2.020196830699631028e+04,2.020196830699631028e+04,1.341019921720519175e-09
1.224963830700155576e+01,2.021166833683282675e+04,2.021166833683282675e+04,1.339592212721889550e-09
1.228132639481558464e+01,2.022136538888712676e+04,2.022136538888712676e+04,1.338171403209617293e-09
1.231301448262961351e+01,2.023103626806138709e+04,2.023103626806138709e+04,1.336757372075348297e-09
1.234470257044364416e+01,2.024071638482222988e+04,2.024071638482222988e+04,1.335350012810459856e-09
1.237639065825767304e+01,2.025041251206757806e+04,2.025041251206757806e+04,1.333949304800142241e-09
1.240807874607170191e+01,2.026007943036088545e+04,2.026007943036088545e+04,1.332555334373140197e-09
1.243976683388573079e+01,2.026977207362310219e+04,2.026977207362310219e+04,1.331167893401584408e-09
1.247145492169975967e+01,2.027946526597694174e+04,2.027946526597694174e+04,1.329786935615085621e-09
1.250314300951378854e+01,2.028911851385679620e+04,2.028911851385679620e+04,1.328412533758470131e-09
1.253483109732781742e+01,2.029881545696849935e+04,2.029881545696849935e+04,1.327044592005228468e-09
1.256651918514184629e+01,2.030850709377193562e+04,2.030850709377193562e+04,1.325682996446778306e-09
1.259820727295587517e+01,2.031816693786137694e+04,2.031816693786137694e+04,1.324327731735600221e-09
1.262989536076990404e+01,2.032783712943576757e+04,2.032783712943576757e+04,1.322978882008251932e-09
1.266158344858393292e+01,2.033753493759549019e+04,2.033753493759549019e+04,1.321636245393984596e-09
1.269327153639796180e+01,2.034719205565104494e+04,2.034719205565104494e+04,1.320299778655187061e-09
1.272495962421199067e+01,2.035686557387164066e+04,2.035686557387164066e+04,1.318969571464445720e-09
1.275664771202601955e+01,2.036655615397281872e+04,2.036655615397281872e+04,1.317645501843614883e-09
1.278833579984004842e+01,2.037621777287696750e+04,2.037621777287696750e+04,1.316327473993049842e-09
1.282002388765407730e+01,2.038587027680465690e+04,2.038587027680465690e+04,1.315015501741519682e-09
1.285171197546810617e+01,2.039556940549713545e+04,2.039556940549713545e+04,1.313709618134363165e-09
1.288340006328213505e+01,2.040523998253991522e+04,2.040523998253991522e+04,1.312409651767876991e-09
1.291508815109616393e+01,2.041488753198131235e+04,2.041488753198131235e+04,1.311115562201775901e-09
1.294677623891019280e+01,2.042458626913884655e+04,2.042458626913884655e+04,1.309827478328076446e-09
1.297846432672422168e+01,2.043425228809397231e+04,2.043425228809397231e+04,1.308545206497907495e-09
1.301015241453825055e+01,2.044389969058940551e+04,2.044389969058940551e+04,1.307268691519845456e-09
1.304184050235227943e+01,2.045357973070286607e+04,2.045357973070286607e+04,1.305997997201077669e-09
1.307352859016630831e+01,2.046325407616429584e+04,2.046325407616429584e+04,1.304733063011830459e-09
1.310521667798033896e+01,2.047289678151444241e+04,2.047289678151444241e+04,1.303473769032220697e-09
1.313690476579436783e+01,2.048259210127175902e+04,2.048259210127175902e+04,1.302220119239830110e-09
1.316859285360839671e+01,2.049225907214089602e+04,2.049225907214089602e+04,1.300972175510985216e-09
1.320028094142242558e+01,2.050189760454936913e+04,2.050189760454936913e+04,1.299729758533241460e-09
1.323196902923645446e+01,2.051159627019740583e+04,2.051159627019740583e+04,1.298492831466163701e-09
1.326365711705048334e+01,2.052125373162936739e+04,2.052125373162936739e+04,1.297261526464641764e-09
1.329534520486451221e+01,2.053089688571105944e+04,2.053089688571105944e+04,1.296035651796155970e-09
1.332703329267854109e+01,2.054058245842449833e+04,2.054058245842449833e+04,1.294815157649335950e-09
1.335872138049256996e+01,2.055025453853033832e+04,2.055025453853033832e+04,1.293600125573524435e-09
1.339040946830659884e+01,2.055989774675526860e+04,2.055989774675526860e+04,1.292390467508118762e-09
1.342209755612062771e+01,2.056958457024025483e+04,2.056958457024025483e+04,1.291186083513683202e-09
1.345378564393465659e+01,2.057925696731662538e+04,2.057925696731662538e+04,1.289987008957551348e-09
1.348547373174868547e+01,2.058890023066686626e+04,2.058890023066686626e+04,1.288793250437048171e-09
1.351716181956271434e+01,2.059857126865437021e+04,2.059857126865437021e+04,1.287604662378253094e-09
1.354884990737674322e+01,2.060824636233762067e+04,2.060824636233762067e+04,1.286421238328588858e-09
1.358053799519077209e+01,2.061790438200434801e+04,2.061790438200434801e+04,1.285243070660827587e-09
1.361222608300480097e+01,2.062754931384022711e+04,2.062754931384022711e+04,1.284069972584996452e-09
1.364391417081882985e+01,2.063723719838841498e+04,2.063723719838841498e+04,1.282901911369621685e-09
1.367560225863285872e+01,2.064689541100843417e+04,2.064689541100843417e+04,1.281739022607723421e-09
1.370729034644688760e+01,2.065654024445433606e+04,2.065654024445433606e+04,1.280581116593619534e-09
1.373897843426091647e+01,2.066622385065682465e+04,2.066622385065682465e+04,1.279428150079392201e-09
1.377066652207494535e+01,2.067589248992546345e+04,2.067589248992546345e+04,1.278280224178479706e-09
1.380235460988897422e+01,2.068553387087651208e+04,2.068553387087651208e+04,1.277137220065347495e-09
1.383404269770300310e+01,2.069520989381539403e+04,2.069520989381539403e+04,1.275999060626639037e-09
1.386573078551703375e+01,2.070487063081370070e+04,2.070487063081370070e+04,1.274865816137350009e-09
1.389741887333106263e+01,2.071453677722692009e+04,2.071453677722692009e+04,1.273737431218558137e-09
1.392910696114509150e+01,2.072421848179600420e+04,2.072421848179600420e+04,1.272613798612801346e-09
1.396079504895912038e+01,2.073388364993035430e+04,2.073388364993035430e+04,1.271494961364962461e-09
1.399248313677314925e+01,2.074351300081143199e+04,2.074351300081143199e+04,1.270380920181467374e-09
1.402417122458717813e+01,2.075321421447140528e+04,2.075321421447140528e+04,1.269271541318333718e-09
1.405585931240120701e+01,2.076288022074883702e+04,2.076288022074883702e+04,1.268166843983408348e-09
1.408754740021523588e+01,2.077251007554721582e+04,2.077251007554721582e+04,1.267066878121670740e-09
1.411923548802926476e+01,2.078220388157321213e+04,2.078220388157321213e+04,1.265971486875693892e-09
1.415092357584329363e+01,2.079187998044147753e+04,2.079187998044147753e+04,1.264880668726919371e-09
1.418261166365732251e+01,2.080152037332809414e+04,2.080152037332809414e+04,1.263794516550005554e-09
1.421429975147135139e+01,2.081120829825359397e+04,2.081120829825359397e+04,1.262712853510631400e-09
1.424598783928538026e+01,2.082087408720923850e+04,2.082087408720923850e+04,1.261635660436622634e-09
1.427767592709940914e+01,2.083053590241479833e+04,2.083053590241479833e+04,1.260563066842675243e-09
1.430936401491343801e+01,2.084020512510851404e+04,2.084020512510851404e+04,1.259494879069510511e-09
1.434105210272746689e+01,2.084988873904585125e+04,2.084988873904585125e+04,1.258431070101811433e-09
1.437274019054149576e+01,2.085954081026678250e+04,2.085954081026678250e+04,1.257371779564737190e-09
1.440442827835552464e+01,2.086921868315791653e+04,2.086921868315791653e+04,1.256316820418908829e-09
1.443611636616955352e+01,2.087890017480571260e+04,2.087890017480571260e+04,1.255266159512718659e-09
1.446780445398358239e+01,2.088856327857299038e+04,2.088856327857299038e+04,1.254219923695952054e-09
1.449949254179761127e+01,2.089822018640151873e+04,2.089822018640151873e+04,1.253177952664093544e-09
1.453118062961164014e+01,2.090791281863653421e+04,2.090791281863653421e+04,1.252140201305087977e-09
1.456286871742566902e+01,2.091757335606282140e+04,2.091757335606282140e+04,1.251106786194763426e-09
1.459455680523969789e+01,2.092724758045508497e+04,2.092724758045508497e+04,1.250077568648705364e-09
1.462624489305372855e+01,2.093694006682670442e+04,2.093694006682670442e+04,1.249052494145761682e-09
1.465793298086775742e+01,2.094660019097337863e+04,2.094660019097337863e+04,1.248031671540916791e-09
1.468962106868178630e+01,2.095626436528924387e+04,2.095626436528924387e+04,1.247014978554249872e-09
1.472130915649581517e+01,2.096596337085706182e+04,2.096596337085706182e+04,1.246002353857181002e-09
1.475299724430984405e+01,2.097563352336439493e+04,2.097563352336439493e+04,1.244993901004515378e-09
1.478468533212387293e+01,2.098530165035110622e+04,2.098530165035110622e+04,1.243989509235161562e-09
1.481637341993790180e+01,2.099500205699742219e+04,2.099500205699742219e+04,1.242989112806728489e-09
1.484806150775193068e+01,2.100468136483046692e+04,2.100468136483046692e+04,1.241992812123218234e-09
1.487974959556595955e+01,2.101433034458933980e+04,2.101433034458933980e+04,1.241000503604590179e-09
1.491143768337998843e+01,2.102404820672664573e+04,2.102404820672664573e+04,1.240012119249980320e-09
1.494312577119401730e+01,2.103372795552173193e+04,2.103372795552173193e+04,1.239027758397906829e-09
1.497481385900804618e+01,2.104338520655148386e+04,2.104338520655148386e+04,1.238047320343725529e-09
1.500650194682207506e+01,2.105309037225812062e+04,2.105309037225812062e+04,1.237070736989321413e-09
1.503819003463610393e+01,2.106278221849781767e+04,2.106278221849781767e+04,1.236098108733030781e-09
1.506987812245013281e+01,2.107244154734210315e+04,2.107244154734210315e+04,1.235129333432767248e-09
1.510156621026416168e+01,2.108215113602260317e+04,2.108215113602260317e+04,1.234164345011563184e-09
1.513325429807819056e+01,2.109185154253322617e+04,2.109185154253322617e+04,1.233203246809658928e-09
1.516494238589221943e+01,2.110152248695843446e+04,2.110152248695843446e+04,1.232245931482179057e-09
1.519663047370624831e+01,2.111121791596649200e+04,2.111121791596649200e+04,1.231292336824290546e-09
1.522831856152027719e+01,2.112091621348570334e+04,2.112091621348570334e+04,1.230342570806762678e-09
1.526000664933430606e+01,2.113060096558709847e+04,2.113060096558709847e+04,1.229396517399384605e-09
1.529169473714833494e+01,2.114031297546593851e+04,2.114031297546593851e+04,1.228454120018714323e-09
1.532338282496236381e+01,2.115002206513809870e+04,2.115002206513809870e+04,1.227515493061293586e-09
1.535507091277639447e+01,2.115970041094895714e+04,2.115970041094895714e+04,1.226580508129458136e-09
1.538675900059042334e+01,2.116941352708115664e+04,2.116941352708115664e+04,1.225649116091901041e-09
1.541844708840445222e+01,2.117911183644549601e+04,2.117911183644549601e+04,1.224721439427080118e-09
1.545013517621848109e+01,2.118879493156850003e+04,2.118879493156850003e+04,1.223797334046880386e-09
1.548182326403250997e+01,2.119851061925997055e+04,2.119851061925997055e+04,1.222876759886107219e-09
1.551351135184653884e+01,2.120823642974014365e+04,2.120823642974014365e+04,1.221959848908045429e-09
1.554519943966056772e+01,2.121792771285757408e+04,2.121792771285757408e+04,1.221046438497699076e-09
1.557688752747459660e+01,2.122763176103945807e+04,2.122763176103945807e+04,1.220136500634463668e-09
1.560857561528862547e+01,2.123735450367863814e+04,2.123735450367863814e+04,1.219230173495987941e-09
1.564026370310265435e+01,2.124705846007736181e+04,2.124705846007736181e+04,1.218327277661661481e-09
1.567195179091668322e+01,2.125676407740498325e+04,2.125676407740498325e+04,1.217427808491872487e-09
1.570363987873071210e+01,2.126649122139579049e+04,2.126649122139579049e+04,1.216531877631867556e-09
1.573532796654474097e+01,2.127620516086503267e+04,2.127620516086503267e+04,1.215639320111540159e-09
1.576701605435876985e+01,2.128590786450282394e+04,2.128590786450282394e+04,1.214750145878953116e-09
1.579870414217279873e+01,2.129564904668406598e+04,2.129564904668406598e+04,1.213864437714298459e-09
1.583039222998682760e+01,2.130537225620445679e+04,2.130537225620445679e+04,1.212982046253751651e-09
1.586208031780085648e+01,2.131506342903704353e+04,2.131506342903704353e+04,1.212102997188522189e-09
1.589376840561488535e+01,2.132481889964384754e+04,2.132481889964384754e+04,1.211227342004369367e-09
1.592545649342891423e+01,2.133454439936187919e+04,2.133454439936187919e+04,1.210354948173873262e-09
1.595714458124294310e+01,2.134423971070206608e+04,2.134423971070206608e+04,1.209485858374991787e-09
1.598883266905697198e+01,2.135399200563027989e+04,2.135399200563027989e+04,1.208620090276683950e-09
1.602052075687100086e+01,2.136373371370560199e+04,2.136373371370560199e+04,1.207757529412546806e-09
1.605220884468502973e+01,2.137345209682004497e+04,2.137345209682004497e+04,1.206898236437468818e-09
1.608389693249905861e+01,2.138321919609918041e+04,2.138321919609918041e+04,1.206042193246801508e-09
1.611558502031308748e+01,2.139294943839990810e+04,2.139294943839990810e+04,1.205189304381773645e-09
1.614727310812711636e+01,2.140266401494837555e+04,2.140266401494837555e+04,1.204339649337289665e-09
1.617896119594114523e+01,2.141242740831560513e+04,2.141242740831560513e+04,1.203493172423309362e-09
1.621064928375517411e+01,2.142217872385525334e+04,2.142217872385525334e+04,1.202649798109892835e-09
1.624233737156920299e+01,2.143189899995718588e+04,2.143189899995718588e+04,1.201809625746398871e-09
1.627402545938323186e+01,2.144168112163935803e+04,2.144168112163935803e+04,1.200972559956430401e-09
1.630571354719726074e+01,2.145143474218330448e+04,2.145143474218330448e+04,1.200138546181296204e-09
1.633740163501128961e+01,2.146115222676045960e+04,2.146115222676045960e+04,1.199307704483917963e-09
1.636908972282531849e+01,2.147093181534977703e+04,2.147093181534977703e+04,1.198479898100414000e-09
1.640077781063934736e+01,2.148069441318765530e+04,2.148069441318765530e+04,1.197655099626929413e-09
1.643246589845337624e+01,2.149043809126228371e+04,2.149043809126228371e+04,1.196833434333461989e-09
1.646415398626740512e+01,2.150020242968506136e+04,2.150020242968506136e+04,1.196014738909127970e-09
1.649584207408143754e+01,2.150998931329457264e+04,2.150998931329457264e+04,1.195199025897935851e-09
1.652753016189546642e+01,2.151974196021256648e+04,2.151974196021256648e+04,1.194386373982878381e-09
1.655921824970949530e+01,2.152950404155693468e+04,2.152950404155693468e+04,1.193576644245037190e-09
1.659090633752352417e+01,2.153930112202719101e+04,2.153930112202719101e+04,1.192769873194324454e-09
1.662259442533755305e+01,2.154906289622869008e+04,2.154906289622869008e+04,1.191966091522503388e-09
1.665428251315158192e+01,2.155883591162127777e+04,2.155883591162127777e+04,1.191165185355126306e-09
1.668597060096561080e+01,2.156862655959606491e+04,2.156862655959606491e+04,1.190367215623995479e-09
1.671765868877963968e+01,2.157839495892134801e+04,2.157839495892134801e+04,1.189572164103371046e-09
1.674934677659366855e+01,2.158819571032551175e+04,2.158819571032551175e+04,1.188779942429496714e-09
1.678103486440769743e+01,2.159798325943551754e+04,2.159798325943551754e+04,1.187990636518117945e-09
1.681272295222172630e+01,2.160775406429663053e+04,2.160775406429663053e+04,1.187204177996389889e-09
1.684441104003575518e+01,2.161754795070098407e+04,2.161754795070098407e+04,1.186420504643660724e-09
1.687609912784978405e+01,2.162736493214313668e+04,2.162736493214313668e+04,1.185639727970956655e-09
1.690778721566381293e+01,2.163714599370604265e+04,2.163714599370604265e+04,1.184861728234664259e-09
1.693947530347784181e+01,2.164695582136428857e+04,2.164695582136428857e+04,1.184086475312461795e-09
1.697116339129187068e+01,2.165677642581312830e+04,2.165677642581312830e+04,1.183314090473186335e-09
1.700285147910589956e+01,2.166657711017180918e+04,2.166657711017180918e+04,1.182544418139790304e-09
1.703453956691992843e+01,2.167636687144887037e+04,2.167636687144887037e+04,1.181777476907825545e-09
1.706622765473395731e+01,2.168619763278162645e+04,2.168619763278162645e+04,1.181013332989249980e-09
1.709791574254798618e+01,2.169601336720229301e+04,2.169601336720229301e+04,1.180251859374515951e-09
1.712960383036201506e+01,2.170581680001882341e+04,2.170581680001882341e+04,1.179493102546083001e-09
1.716129191817604394e+01,2.171566370988702329e+04,2.171566370988702329e+04,1.178737072681817135e-09
1.719298000599007281e+01,2.172548593675055236e+04,2.172548593675055236e+04,1.177983671787461939e-09
1.722466809380410169e+01,2.173528903171734419e+04,2.173528903171734419e+04,1.177232974439963358e-09
1.725635618161813056e+01,2.174514792759954798e+04,2.174514792759954798e+04,1.176484934411806359e-09
1.728804426943215944e+01,2.175498636934092065e+04,2.175498636934092065e+04,1.175739482887093267e-09
1.731973235724618831e+01,2.176478415745165330e+04,2.176478415745165330e+04,1.174996722688952046e-09
1.735142044506021719e+01,2.177466110804873097e+04,2.177466110804873097e+04,1.174256550787142147e-09
1.738310853287424607e+01,2.178449684099847582e+04,2.178449684099847582e+04,1.173518930699662746e-09
1.741479662068827494e+01,2.179433724347428142e+04,2.179433724347428142e+04,1.172783985066502246e-09
1.744648470850230382e+01,2.180420983917985359e+04,2.180420983917985359e+04,1.172051562080866118e-09
1.747817279631633269e+01,2.181406360759351446e+04,2.181406360759351446e+04,1.171321681685027584e-09
1.750986088413036157e+01,2.182389409416104900e+04,2.182389409416104900e+04,1.170594406511803125e-09
1.754154897194439044e+01,2.183377977455779910e+04,2.183377977455779910e+04,1.169869615703922900e-09
1.757323705975841932e+01,2.184365054791197690e+04,2.184365054791197690e+04,1.169147359079911977e-09
1.760492514757244820e+01,2.185349644842775524e+04,2.185349644842775524e+04,1.168427639159105249e-09
1.763661323538647707e+01,2.186337974175949785e+04,2.186337974175949785e+04,1.167710366114541674e-09
1.766830132320050595e+01,2.187326303509124409e+04,2.187326303509124409e+04,1.166995619878339653e-09
1.769998941101453482e+01,2.188310484898134746e+04,2.188310484898134746e+04,1.166283342330313182e-09
1.773167749882856370e+01,2.189302833138932328e+04,2.189302833138932328e+04,1.165573474918043782e-09
1.776336558664259258e+01,2.190290919759343160e+04,2.190290919759343160e+04,1.164866127756400654e-09
1.779505367445662145e+01,2.191276872283381454e+04,2.191276872283381454e+04,1.164161182012721637e-09
1.782674176227065033e+01,2.192269666594252703e+04,2.192269666594252703e+04,1.163458625693966079e-09
1.785842985008467920e+01,2.193259710187332530e+04,2.193259710187332530e+04,1.162758553070864988e-09
1.789011793789870808e+01,2.194248247121656823e+04,2.194248247121656823e+04,1.162060830738229324e-09
1.792180602571273695e+01,2.195240142211567218e+04,2.195240142211567218e+04,1.161365493613782588e-09
1.795349411352676583e+01,2.196232183336230082e+04,2.196232183336230082e+04,1.160672572929363315e-09
1.798518220134079471e+01,2.197220475012164388e+04,2.197220475012164388e+04,1.159981967736044556e-09
1.801687028915482713e+01,2.198213601121223473e+04,2.198213601121223473e+04,1.159293744220677442e-09
1.804855837696885601e+01,2.199206737823136427e+04,2.199206737823136427e+04,1.158607870673425745e-09
1.808024646478288489e+01,2.200197905024214924e+04,2.200197905024214924e+04,1.157924278504465009e-09
1.811193455259691376e+01,2.201192049365417188e+04,2.201192049365417188e+04,1.157243064903082279e-09
1.814362264041094264e+01,2.202185387419165636e+04,2.202185387419165636e+04,1.156564135720945703e-09
1.817531072822497151e+01,2.203177081402811018e+04,2.203177081402811018e+04,1.155887460779559291e-09
1.820699881603900039e+01,2.204173517062024257e+04,2.204173517062024257e+04,1.155213149388358828e-09
1.823868690385302926e+01,2.205169963915338667e+04,2.205169963915338667e+04,1.154541063779668005e-09
1.827037499166705814e+01,2.206162002182653669e+04,2.206162002182653669e+04,1.153871231485441810e-09
1.830206307948108702e+01,2.207159860967222266e+04,2.207159860967222266e+04,1.153203697240275926e-09
1.833375116729511589e+01,2.208156123834530808e+04,2.208156123834530808e+04,1.152538356429838605e-09
1.836543925510914477e+01,2.209150234843865837e+04,2.209150234843865837e+04,1.151875268289703766e-09
1.839712734292317364e+01,2.210149575565245323e+04,2.210149575565245323e+04,1.151214413678233540e-09
1.842881543073720252e+01,2.211146533799510871e+04,2.211146533799510871e+04,1.150555720800678538e-09
1.846050351855123139e+01,2.212141869371344001e+04,2.212141869371344001e+04,1.149899280460777680e-09
1.849219160636526027e+01,2.213142751887557824e+04,2.213142751887557824e+04,1.149245009816916226e-09
1.852387969417928915e+01,2.214141859152455800e+04,2.214141859152455800e+04,1.148592873201323828e-09
1.855556778199331802e+01,2.215139285244097482e+04,2.215139285244097482e+04,1.147942982753053644e-09
1.858725586980734690e+01,2.216139484273352718e+04,2.216139484273352718e+04,1.147295202300527917e-09
1.861894395762137577e+01,2.217140776893143266e+04,2.217140776893143266e+04,1.146649557320841891e-09
1.865063204543540465e+01,2.218140331456541753e+04,2.218140331456541753e+04,1.146006095172211695e-09
1.868232013324943352e+01,2.219141663713621892e+04,2.219141663713621892e+04,1.145364712928684611e-09
1.871400822106346240e+01,2.220144412110493067e+04,2.220144412110493067e+04,1.144725467983285400e-09
1.874569630887749128e+01,2.221145107773736527e+04,2.221145107773736527e+04,1.144088343264493490e-09
1.877738439669152015e+01,2.222147484850076580e+04,2.222147484850076580e+04,1.143453268938513556e-09
1.880907248450554903e+01,2.223151773181862518e+04,2.223151773181862518e+04,1.142820334162628039e-09
1.884076057231957790e+01,2.224153136587447443e+04,2.224153136587447443e+04,1.142189457780086535e-09
1.887244866013360678e+01,2.225160067727794740e+04,2.225160067727794740e+04,1.141560607369167740e-09
1.890413674794763566e+01,2.226164683653648535e+04,2.226164683653648535e+04,1.140933889726396641e-09
1.893582483576166453e+01,2.227166964390319845e+04,2.227166964390319845e+04,1.140309174275354329e-09
1.896751292357569341e+01,2.228175040652760799e+04,2.228175040652760799e+04,1.139686488250939932e-09
1.899920101138972228e+01,2.229181140918275560e+04,2.229181140918275560e+04,1.139065873747690330e-09
1.903088909920375116e+01,2.230184912355426786e+04,2.230184912355426786e+04,1.138447233399797723e-09
1.906257718701778003e+01,2.231194931763757631e+04,2.231194931763757631e+04,1.137830626273428197e-09
1.909426527483180891e+01,2.232204216398845529e+04,2.232204216398845529e+04,1.137216030207778282e-09
1.912595336264583779e+01,2.233209416247038826e+04,2.233209416247038826e+04,1.136603380771318155e-09
1.915764145045986666e+01,2.234220795892208480e+04,2.234220795892208480e+04,1.135992768303249757e-09
1.918932953827389554e+01,2.235230747640364280e+04,2.235230747640364280e+04,1.135384107562403962e-09
1.922101762608792441e+01,2.236238367766824376e+04,2.236238367766824376e+04,1.134777374848116068e-09
1.925270571390195329e+01,2.237251112035603364e+04,2.237251112035603364e+04,1.134172666110446550e-09
1.928439380171598216e+01,2.238262635944493013e+04,2.238262635944493013e+04,1.133569859054965839e-09
1.931608188953001104e+01,2.239271822322932348e+04,2.239271822322932348e+04,1.132968985073685450e-09
1.934776997734403992e+01,2.240285999444343179e+04,2.240285999444343179e+04,1.132370076092224493e-09
1.937945806515806879e+01,2.241299123588265502e+04,2.241299123588265502e+04,1.131773042618519854e-09
1.941114615297209767e+01,2.242309900434582960e+04,2.242309900434582960e+04,1.131177947134328498e-09
1.944283424078612654e+01,2.243325581666139624e+04,2.243325581666139624e+04,1.130584758828741355e-09
1.947452232860015542e+01,2.244341301498888424e+04,2.244341301498888424e+04,1.129993420351336773e-09
1.950621041641418429e+01,2.245352726960477958e+04,2.245352726960477958e+04,1.129404024720279662e-09
1.953789850422821672e+01,2.246371505360614901e+04,2.246371505360614901e+04,1.128816479386635930e-09
1.956958659204224560e+01,2.247388479920183818e+04,2.247388479920183818e+04,1.128230772366915758e-09
1.960127467985627447e+01,2.248403756297243308e+04,2.248403756297243308e+04,1.127646985904562986e-09
1.963296276767030335e+01,2.249423728635254884e+04,2.249423728635254884e+04,1.127065007281930021e-09
1.966465085548433223e+01,2.250441649524241802e+04,2.250441649524241802e+04,1.126484872797994260e-09
1.969633894329836110e+01,2.251457652943733046e+04,2.251457652943733046e+04,1.125906602659365243e-09
1.972802703111238998e+01,2.252480709503020989e+04,2.252480709503020989e+04,1.125330115921812014e-09
1.975971511892641885e+01,2.253499485734070913e+04,2.253499485734070913e+04,1.124755478995840661e-09
1.979140320674044773e+01,2.254518991663602719e+04,2.254518991663602719e+04,1.124182651179857707e-09
1.982309129455447660e+01,2.255544009554824152e+04,2.255544009554824152e+04,1.123611582779629624e-09
1.985477938236850548e+01,2.256564514364573188e+04,2.256564514364573188e+04,1.123042370010552852e-09
1.988646747018253436e+01,2.257585919730409660e+04,2.257585919730409660e+04,1.122474911871563040e-09
1.991815555799656323e+01,2.258611669950696523e+04,2.258611669950696523e+04,1.121909208444976241e-09
1.994984364581059211e+01,2.259635013887822424e+04,2.259635013887822424e+04,1.121345328545715298e-09
1.998153173362462098e+01,2.260658187415669090e+04,2.260658187415669090e+04,1.120783168792632897e-09
2.001321982143864986e+01,2.261685981497599278e+04,2.261685981497599278e+04,1.120222770017828450e-09
2.004490790925267873e+01,2.262711778244901507e+04,2.262711778244901507e+04,1.119664141260578870e-09
2.007659599706670761e+01,2.263736377982901467e+04,2.263736377982901467e+04,1.119107209808276548e-09
2.010828408488073649e+01,2.264767559407836598e+04,2.264767559407836598e+04,1.118552045682124917e-09
2.013997217269476536e+01,2.265794289900950753e+04,2.265794289900950753e+04,1.117998598824846873e-09
2.017166026050879424e+01,2.266822495576668007e+04,2.266822495576668007e+04,1.117446826826327033e-09
2.020334834832282311e+01,2.267854685248441092e+04,2.267854685248441092e+04,1.116896828239124054e-09
2.023503643613685199e+01,2.268881804927601115e+04,2.268881804927601115e+04,1.116348495327459290e-09
2.026672452395088087e+01,2.269915048799556462e+04,2.269915048799556462e+04,1.115801838135527807e-09
2.029841261176490974e+01,2.270946961203482351e+04,2.270946961203482351e+04,1.115256914222316575e-09
2.033010069957893862e+01,2.271977047213773039e+04,2.271977047213773039e+04,1.114713628425871375e-09
2.036178878739296749e+01,2.273013685781198728e+04,2.273013685781198728e+04,1.114172025028554806e-09
2.039347687520699637e+01,2.274047301698032970e+04,2.274047301698032970e+04,1.113632103965813695e-09
2.042516496302102524e+01,2.275080917614867212e+04,2.275080917614867212e+04,1.113093799621688638e-09
2.045685305083505412e+01,2.276117347907442672e+04,2.276117347907442672e+04,1.112557184045733948e-09
2.048854113864908300e+01,2.277155716766027763e+04,2.277155716766027763e+04,1.112022201015519226e-09
2.052022922646311187e+01,2.278188702703643867e+04,2.278188702703643867e+04,1.111488813683646124e-09
2.055191731427714075e+01,2.279229574787967795e+04,2.279229574787967795e+04,1.110957121019512564e-09
2.058360540209116962e+01,2.280269062421733543e+04,2.280269062421733543e+04,1.110427012269124729e-09
2.061529348990519850e+01,2.281305837946162865e+04,2.281305837946162865e+04,1.109898503818701219e-09
2.064698157771922737e+01,2.282348523081163512e+04,2.282348523081163512e+04,1.109371645409304118e-09
2.067866966553325625e+01,2.283389150055830396e+04,2.283389150055830396e+04,1.108846348278344971e-09
2.071035775334728513e+01,2.284426976224873943e+04,2.284426976224873943e+04,1.108322657918690551e-09
2.074204584116131400e+01,2.285474379839330140e+04,2.285474379839330140e+04,1.107800569681807292e-09
2.077373392897534288e+01,2.286517063537655122e+04,2.286517063537655122e+04,1.107280022669241125e-09
2.080542201678937175e+01,2.287558614211988242e+04,2.287558614211988242e+04,1.106761088372705063e-09
2.083711010460340063e+01,2.288606737984757274e+04,2.288606737984757274e+04,1.106243709452924127e-09
2.086879819241742950e+01,2.289652005834439842e+04,2.289652005834439842e+04,1.105727852070713698e-09
2.090048628023145838e+01,2.290698791731464735e+04,2.290698791731464735e+04,1.105213613245728826e-09
2.093217436804548726e+01,2.291746753848210210e+04,2.291746753848210210e+04,1.104700883818147743e-09
2.096386245585951613e+01,2.292794715964955321e+04,2.292794715964955321e+04,1.104189681327963728e-09
2.099555054367354501e+01,2.293843543734454215e+04,2.293843543734454215e+04,1.103680053432186057e-09
2.102723863148757744e+01,2.294895065682664790e+04,2.294895065682664790e+04,1.103171914772756918e-09
2.105892671930160631e+01,2.295944586637633984e+04,2.295944586637633984e+04,1.102665308885824186e-09
2.109061480711563519e+01,2.296997659768443191e+04,2.296997659768443191e+04,1.102160232778618210e-09
2.112230289492966406e+01,2.298052311230282066e+04,2.298052311230282066e+04,1.101656627119496111e-09
2.115399098274369294e+01,2.299101811035157152e+04,2.299101811035157152e+04,1.101154559921199376e-09
2.118567907055772181e+01,nan,nan,1.100653978458616205e-09
2.121736715837175069e+01,nan,nan,1.100154848963020396e-09
2.124905524618577957e+01,nan,nan,1.099657263288882007e-09
2.128074333399980844e+01,nan,nan,1.099161120368240938e-09
2.131243142181383732e+01,nan,nan,1.098666431853803064e-09
2.134411950962786619e+01,nan,nan,1.098173250621531875e-09
2.137580759744189507e+01,nan,nan,1.097681491044598106e-09
2.140749568525592395e+01,nan,nan,1.097191191281102115e-09
2.143918377306995282e+01,nan,nan,1.096702356721358505e-09
2.147087186088398170e+01,nan,nan,1.096214926168769603e-09
2.150255994869801057e+01,nan,nan,1.095728960472318081e-09
2.153424803651203945e+01,nan,nan,1.095244418968271143e-09
2.156593612432606832e+01,nan,nan,1.094761264106696639e-09
2.159762421214009720e+01,nan,nan,1.094279578427028446e-09
2.162931229995412608e+01,nan,nan,1.093799277210252305e-09
2.166100038776815495e+01,nan,nan,1.093320358223913415e-09
2.169268847558218383e+01,nan,nan,1.092842887177156590e-09
2.172437656339621270e+01,nan,nan,1.092366774305647459e-09
2.175606465121024158e+01,nan,nan,1.091892048277017187e-09
2.178775273902427045e+01,nan,nan,1.091418731174112641e-09
2.181944082683829933e+01,nan,nan,1.090946755648916119e-09
2.185112891465232821e+01,nan,nan,1.090476170824990074e-09
2.188281700246635708e+01,nan,nan,1.090006957198049696e-09
2.191450509028038596e+01,nan,nan,1.089539068849554243e-09
2.194619317809441483e+01,nan,nan,1.089072574744354494e-09
2.197788126590844371e+01,nan,nan,1.088607414907459986e-09
2.200956935372247258e+01,nan,nan,1.088143564519620429e-09
2.204125744153650146e+01,nan,nan,1.087681111193475103e-09
2.207294552935053034e+01,nan,nan,1.087219956357530565e-09
2.210463361716455921e+01,nan,nan,1.086760114260194552e-09
2.213632170497858809e+01,nan,nan,1.086301633517886943e-09
2.216800979279261696e+01,nan,nan,1.085844435678898823e-09
2.219969788060664584e+01,nan,nan,1.085388553535184510e-09
2.223138596842067471e+01,nan,nan,1.084933997826868244e-09
2.226307405623470359e+01,nan,nan,1.084480709688007761e-09
2.229476214404873247e+01,nan,nan,1.084028739854333908e-09
2.232645023186276134e+01,nan,nan,1.083578062490713965e-09
2.235813831967679022e+01,nan,nan,1.083128637595575489e-09
2.238982640749081909e+01,nan,nan,1.082680532798805009e-09
2.242151449530484797e+01,nan,nan,1.082233687827875402e-09
2.245320258311887684e+01,nan,nan,1.081788080490145430e-09
2.248489067093290572e+01,nan,nan,1.081343794597888852e-09
2.251657875874693460e+01,nan,nan,1.080900736736154629e-09
2.254826684656096702e+01,nan,nan,1.080458918084242419e-09
2.257995493437499590e+01,nan,nan,1.080018389611526850e-09
2.261164302218902478e+01,nan,nan,1.079579074379296721e-09
2.264333111000305365e+01,nan,nan,1.079140999424667105e-09
2.267501919781708253e+01,nan,nan,1.078704184030326089e-09
2.270670728563111140e+01,nan,nan,1.078268567677528591e-09
2.273839537344514028e+01,nan,nan,1.077834192222337184e-09
2.277008346125916916e+01,nan,nan,1.077401046532662923e-09
2.280177154907319803e+01,nan,nan,1.076969085919110376e-09
2.283345963688722691e+01,nan,nan,1.076538366515233523e-09
2.286514772470125578e+01,nan,nan,1.076108847929052797e-09
2.289683581251528466e+01,nan,nan,1.075680500658258653e-09
2.292852390032931353e+01,nan,nan,1.075253394073087576e-09
2.296021198814334241e+01,nan,nan,1.074827460677685249e-09
2.299190007595737129e+01,nan,nan,1.074402687327600216e-09
2.302358816377140016e+01,nan,nan,1.073979149067799901e-09
2.305527625158542904e+01,nan,nan,1.073556759523810116e-09
2.308696433939945791e+01,nan,nan,1.073135529520468737e-09
2.311865242721348679e+01,nan,nan,1.072715507670009902e-09
2.315034051502751566e+01,nan,nan,1.072296621354232126e-09
2.318202860284154454e+01,nan,nan,1.071878893209352873e-09
2.321371669065557342e+01,nan,nan,1.071462347596779411e-09
2.324540477846960229e+01,nan,nan,1.071046924563971996e-09
2.327709286628363117e+01,nan,nan,1.070632657786968344e-09
2.330878095409766004e+01,nan,nan,1.070219548785292832e-09
2.334046904191168892e+01,nan,nan,1.069807549621716135e-09
2.337215712972571779e+01,nan,nan,1.069396704513756304e-09
2.340384521753974667e+01,nan,nan,1.068986993184444642e-09
2.343553330535377555e+01,nan,nan,1.068578379130156581e-09
2.346722139316780442e+01,nan,nan,1.068170916105119798e-09
2.349890948098183330e+01,nan,nan,1.067764564150204279e-09
2.353059756879586217e+01,nan,nan,1.067359297116869737e-09
2.356228565660989105e+01,nan,nan,1.066955177437947059e-09
2.359397374442391992e+01,nan,nan,1.066552147055703410e-09
2.362566183223794880e+01,nan,nan,1.066150189446361091e-09
2.365734992005197768e+01,nan,nan,1.065749375267574909e-09
2.368903800786600655e+01,nan,nan,1.065349629292992655e-09
2.372072609568003543e+01,nan,nan,1.064950948509910663e-09
2.375241418349406430e+01,nan,nan,1.064553397663532053e-09
2.378410227130809318e+01,nan,nan,1.064156899561674324e-09
2.381579035912212206e+01,nan,nan,1.063761462073533910e-09
2.384747844693615093e+01,nan,nan,1.063367134676144290e-09
2.387916653475017981e+01,nan,nan,1.062973848374752728e-09
2.391085462256420868e+01,nan,nan,1.062581617840237877e-09
2.394254271037823756e+01,nan,nan,1.062190478241980117e-09
2.397423079819226643e+01,nan,nan,1.061800368252262272e-09
2.400591888600629531e+01,nan,nan,1.061411308364973297e-09
2.403760697382032419e+01,nan,nan,1.061023321507970963e-09
2.406929506163435661e+01,nan,nan,1.060636352957611209e-09
2.410098314944838549e+01,nan,nan,1.060250428153223522e-09
2.413267123726241437e+01,nan,nan,1.059865559414407466e-09
2.416435932507644324e+01,nan,nan,1.059481697867236045e-09
2.419604741289047212e+01,nan,nan,1.059098873462611880e-09
2.422773550070450099e+01,nan,nan,1.058717088787863492e-09
2.425942358851852987e+01,nan,nan,1.058336300341693367e-09
2.429111167633255874e+01,nan,nan,1.057956541669935824e-09
2.432279976414658762e+01,nan,nan,1.057577807586309251e-09
2.435448785196061650e+01,nan,nan,1.057200058939551443e-09
2.438617593977464537e+01,nan,nan,1.056823331943735497e-09
2.441786402758867425e+01,nan,nan,1.056447615383076266e-09
2.444955211540270312e+01,nan,nan,1.056072873647278809e-09
2.448124020321673200e+01,nan,nan,1.055699145201351478e-09
2.451292829103076087e+01,nan,nan,1.055326413618927430e-09
2.454461637884478975e+01,nan,nan,1.054954646397371381e-09
2.457630446665881863e+01,nan,nan,1.054583883393660673e-09
2.460799255447284750e+01,nan,nan,1.054214104812803452e-09
2.463968064228687638e+01,nan,nan,1.053845280284636261e-09
2.467136873010090525e+01,nan,nan,1.053477450103061513e-09
2.470305681791493413e+01,nan,nan,1.053110592930743756e-09
2.473474490572896300e+01,nan,nan,1.052744679675230682e-09
2.476643299354299188e+01,nan,nan,1.052379750651002684e-09
2.479812108135702076e+01,nan,nan,1.052015783773372622e-09
2.482980916917104963e+01,nan,nan,1.051652750815971313e-09
2.486149725698507851e+01,nan,nan,1.051290691323637013e-09
2.489318534479910738e+01,nan,nan,1.050929584177830987e-09
2.492487343261313626e+01,nan,nan,1.050569401101259503e-09
2.495656152042716514e+01,nan,nan,1.050210179891401950e-09
2.498824960824119401e+01,nan,nan,1.049851902277934674e-09
2.501993769605522289e+01,nan,nan,1.049494539048100426e-09
2.505162578386925176e+01,nan,nan,1.049138125835022885e-09
2.508331387168328064e+01,nan,nan,1.048782647998010113e-09
2.511500195949730951e+01,nan,nan,1.048428074992238227e-09
2.514669004731133839e+01,nan,nan,1.048074439551724573e-09
2.517837813512536727e+01,nan,nan,1.047721732265526133e-09
2.521006622293939614e+01,nan,nan,1.047369920392081055e-09
2.524175431075342502e+01,nan,nan,1.047019032779858932e-09
2.527344239856745389e+01,nan,nan,1.046669067164586635e-09
2.530513048638148277e+01,nan,nan,1.046319987703082930e-09
2.533681857419551164e+01,nan,nan,1.045971818942159349e-09
2.536850666200954052e+01,nan,nan,1.045624566527832909e-09
2.540019474982356940e+01,nan,nan,1.045278191132172170e-09
2.543188283763759827e+01,nan,nan,1.044932712319081399e-09
2.546357092545162715e+01,nan,nan,1.044588145144906654e-09
2.549525901326565602e+01,nan,nan,1.044244445983060064e-09
2.552694710107968490e+01,nan,nan,1.043901628420587652e-09
2.555863518889371733e+01,nan,nan,1.043559718854440730e-09
2.559032327670774620e+01,nan,nan,1.043218668447164351e-09
2.562201136452177508e+01,nan,nan,1.042878484396036551e-09
2.565369945233580395e+01,nan,nan,1.042539205189237702e-09
2.568538754014983283e+01,nan,nan,1.042200776402689888e-09
2.571707562796386171e+01,nan,nan,1.041863198203748085e-09
2.574876371577789058e+01,nan,nan,1.041526522592315206e-09
2.578045180359191946e+01,nan,nan,1.041190688780703489e-09
2.581213989140594833e+01,nan,nan,1.040855694071735450e-09
2.584382797921997721e+01,nan,nan,1.040521590463169745e-09
2.587551606703400608e+01,nan,nan,1.040188325322260661e-09
2.590720415484803496e+01,nan,nan,1.039855890846497615e-09
2.593889224266206384e+01,nan,nan,1.039524329837060928e-09
2.597058033047609271e+01,nan,nan,1.039193607384105791e-09
2.600226841829012159e+01,nan,nan,1.038863707276664845e-09
2.603395650610415046e+01,nan,nan,1.038534662614313432e-09
2.606564459391817934e+01,nan,nan,1.038206457329846119e-09
2.609733268173220821e+01,nan,nan,1.037879066175447235e-09
2.612902076954623709e+01,nan,nan,1.037552511574616272e-09
2.616070885736026597e+01,nan,nan,1.037226798263461440e-09
2.619239694517429484e+01,nan,nan,1.036901891004700344e-09
2.622408503298832372e+01,nan,nan,1.036577801071398940e-09
2.625577312080235259e+01,nan,nan,1.036254554841115291e-09
2.628746120861638147e+01,nan,nan,1.035932106694772026e-09
2.631914929643041035e+01,nan,nan,1.035610456276243696e-09
2.635083738424443922e+01,nan,nan,1.035289652676170965e-09
2.638252547205846810e+01,nan,nan,1.034969639290255505e-09
2.641421355987249697e+01,nan,nan,1.034650413663835953e-09
2.644590164768652585e+01,nan,nan,1.034332018057755920e-09
2.647758973550055472e+01,nan,nan,1.034014415418113899e-09
2.650927782331458360e+01,nan,nan,1.033697592831184749e-09
2.654096591112861248e+01,nan,nan,1.033381578780639214e-09
2.657265399894264135e+01,nan,nan,1.033066363131452422e-09
2.660434208675667023e+01,nan,nan,1.032751919937474501e-09
2.663603017457069910e+01,nan,nan,1.032438263527836502e-09
2.666771826238472798e+01,nan,nan,1.032125411523332153e-09
2.669940635019875685e+01,nan,nan,1.031813324467395983e-09
2.673109443801278573e+01,nan,nan,1.031502001615536078e-09
2.676278252582681461e+01,nan,nan,1.031191490230331184e-09
2.679447061364084348e+01,nan,nan,1.030881736407676979e-09
2.682615870145487236e+01,nan,nan,1.030572737837227404e-09
2.685784678926890123e+01,nan,nan,1.030264530268699731e-09
2.688953487708293011e+01,nan,nan,1.029957086999391462e-09
2.692122296489695898e+01,nan,nan,1.029650391734007485e-09
2.695291105271098786e+01,nan,nan,1.029344463624819698e-09
2.698459914052501674e+01,nan,nan,1.029039308607077709e-09
2.701628722833904561e+01,nan,nan,1.028734894426851529e-09
2.704797531615307449e+01,nan,nan,1.028431222781862984e-09
2.707966340396710692e+01,nan,nan,1.028128334040581509e-09
2.711135149178113579e+01,nan,nan,1.027826179082949831e-09
2.714303957959516467e+01,nan,nan,1.027524755705143524e-09
2.717472766740919354e+01,nan,nan,1.027224097354889151e-09
2.720641575522322242e+01,nan,nan,1.026924179956940922e-09
2.723810384303725129e+01,nan,nan,1.026624987218367599e-09
2.726979193085128017e+01,nan,nan,1.026326533634648943e-09
2.730148001866530905e+01,nan,nan,1.026028832478282107e-09
2.733316810647933792e+01,nan,nan,1.025731849140611150e-09
2.736485619429336680e+01,nan,nan,1.025435581488592250e-09
2.739654428210739567e+01,nan,nan,1.025140072471990321e-09
2.742823236992142455e+01,nan,nan,1.024845277646972145e-09
2.745992045773545343e+01,nan,nan,1.024551191792567462e-09
2.749160854554948230e+01,nan,nan,1.024257836857395095e-09
2.752329663336351118e+01,nan,nan,1.023965209845181665e-09
2.755498472117754005e+01,nan,nan,1.023673285191232262e-09
2.758667280899156893e+01,nan,nan,1.023382063631935945e-09
2.761836089680559780e+01,nan,nan,1.023091584043671843e-09
2.765004898461962668e+01,nan,nan,1.022801800277888617e-09
2.768173707243365556e+01,nan,nan,1.022512710297788633e-09
2.771342516024768443e+01,nan,nan,1.022224338913153031e-09
2.774511324806171331e+01,nan,nan,1.021936676066314251e-09
2.777680133587574218e+01,nan,nan,1.021649700583269649e-09
2.780848942368977106e+01,nan,nan,1.021363414087956333e-09
2.784017751150379993e+01,nan,nan,1.021077852368092456e-09
2.787186559931782881e+01,nan,nan,1.020792971690384469e-09
2.790355368713185769e+01,nan,nan,1.020508770080592337e-09
2.793524177494588656e+01,nan,nan,1.020225270196662939e-09
2.796692986275991544e+01,nan,nan,1.019942464884418483e-09
2.799861795057394431e+01,nan,nan,1.019660332419148219e-09
2.803030603838797319e+01,nan,nan,1.019378870909487752e-09
2.806199412620200206e+01,nan,nan,1.019098121860628044e-09
2.809368221401603094e+01,nan,nan,1.018818039512893975e-09
2.812537030183005982e+01,nan,nan,1.018538621953656610e-09
2.815705838964408869e+01,nan,nan,1.018259884986691452e-09
2.818874647745811757e+01,nan,nan,1.017981833917185464e-09
2.822043456527214644e+01,nan,nan,1.017704441611371656e-09
2.825212265308617532e+01,nan,nan,1.017427706190888912e-09
2.828381074090020419e+01,nan,nan,1.017151659420951340e-09
2.831549882871423307e+01,nan,nan,1.016876273826397346e-09
2.834718691652826195e+01,nan,nan,1.016601539189753656e-09
2.837887500434229082e+01,nan,nan,1.016327460236549669e-09
2.841056309215631970e+01,nan,nan,1.016054063136076118e-09
2.844225117997034857e+01,nan,nan,1.015781311132918174e-09
2.847393926778437745e+01,nan,nan,1.015509202405176828e-09
2.850562735559840633e+01,nan,nan,1.015237754515468957e-09
2.853731544341243520e+01,nan,nan,1.014966967200675644e-09
2.856900353122646408e+01,nan,nan,1.014696817415392410e-09
2.860069161904049651e+01,nan,nan,1.014427303367576504e-09
2.863237970685452538e+01,nan,nan,1.014158453741614461e-09
2.866406779466855426e+01,nan,nan,1.013890245203463535e-09
2.869575588248258313e+01,nan,nan,1.013622666751799836e-09
2.872744397029661201e+01,nan,nan,1.013355717653420604e-09
2.875913205811064088e+01,nan,nan,1.013089432971129578e-09
2.879082014592466976e+01,nan,nan,1.012823772781976179e-09
2.882250823373869864e+01,nan,nan,1.012558735350828098e-09
2.885419632155272751e+01,nan,nan,1.012294328177893455e-09
2.888588440936675639e+01,nan,nan,1.012030569145144535e-09
2.891757249718078526e+01,nan,nan,1.011767427383844692e-09
2.894926058499481414e+01,nan,nan,1.011504901184983772e-09
2.898094867280884301e+01,nan,nan,1.011243004572850716e-09
2.901263676062287189e+01,nan,nan,1.010981741588053656e-09
2.904432484843690077e+01,nan,nan,1.010721088773156214e-09
2.907601293625092964e+01,nan,nan,1.010461044449089694e-09
2.910770102406495852e+01,nan,nan,1.010201627641013768e-09
2.913938911187898739e+01,nan,nan,1.009942831643743660e-09
2.917107719969301627e+01,nan,nan,1.009684638821082300e-09
2.920276528750704514e+01,nan,nan,1.009427047521182883e-09
2.923445337532107402e+01,nan,nan,1.009170079880695828e-09
2.926614146313510290e+01,nan,nan,1.008913722308732031e-09
2.929782955094913177e+01,nan,nan,1.008657961036633415e-09
2.932951763876316065e+01,nan,nan,1.008402794438937136e-09
2.936120572657718952e+01,nan,nan,1.008148245984576557e-09
2.939289381439121840e+01,nan,nan,1.007894298679209124e-09
2.942458190220524727e+01,nan,nan,1.007640940918463402e-09
2.945626999001927615e+01,nan,nan,1.007388171103105202e-09
2.948795807783330503e+01,nan,nan,1.007136012651946946e-09
2.951964616564733390e+01,nan,nan,1.006884447935486969e-09
2.955133425346136278e+01,nan,nan,1.006633466108063743e-09
2.958302234127539165e+01,nan,nan,1.006383065599417566e-09
2.961471042908942053e+01,nan,nan,1.006133268108271033e-09
2.964639851690344940e+01,nan,nan,1.005884058801113306e-09
2.967808660471747828e+01,nan,nan,1.005635425833647348e-09
2.970977469253150716e+01,nan,nan,1.005387367660554400e-09
2.974146278034553603e+01,nan,nan,1.005139902470710811e-09
2.977315086815956491e+01,nan,nan,1.004893021773268688e-09
2.980483895597359378e+01,nan,nan,1.004646710983175570e-09
2.983652704378762266e+01,nan,nan,1.004400968576933306e-09
2.986821513160165154e+01,nan,nan,1.004155807890773730e-09
2.989990321941568041e+01,nan,nan,1.003911229423508466e-09
2.993159130722970929e+01,nan,nan,1.003667214526629362e-09
2.996327939504373816e+01,nan,nan,1.003423761703983412e-09
2.999496748285776704e+01,nan,nan,1.003180878002782994e-09
3.002665557067179591e+01,nan,nan,1.002938575864380386e-09
3.005834365848582479e+01,nan,nan,1.002696831052171882e-09
3.009003174629985722e+01,nan,nan,1.002455642092985828e-09
3.012171983411388609e+01,nan,nan,1.002215008011929487e-09
3.015340792192791497e+01,nan,nan,1.001974956679227156e-09
3.018509600974194385e+01,nan,nan,1.001735456537223781e-09
3.021678409755597272e+01,nan,nan,1.001496506136942327e-09
3.024847218537000160e+01,nan,nan,1.001258104031073562e-09
3.028016027318403047e+01,nan,nan,1.001020269429069897e-09
3.031184836099805935e+01,nan,nan,1.000782988892435366e-09
3.034353644881208822e+01,nan,nan,1.000546252081134585e-09
3.037522453662611710e+01,nan,nan,1.000310057571851317e-09
3.040691262444014598e+01,nan,nan,1.000074413254490877e-09
3.043860071225417485e+01,nan,nan,9.998393276879119489e-10
3.047028880006820373e+01,nan,nan,9.996047799134162500e-10
3.050197688788223260e+01,nan,nan,9.993707685309104308e-10
3.053366497569626148e+01,nan,nan,9.991372921476109368e-10
3.056535306351029035e+01,nan,nan,9.989043737332006879e-10
3.059704115132431923e+01,nan,nan,9.986719908627884623e-10
3.062872923913834811e+01,nan,nan,9.984401385671210581e-10
3.066041732695237698e+01,nan,nan,9.982088154702153727e-10
3.069210541476640586e+01,nan,nan,9.979780295250932906e-10
3.072379350258043473e+01,nan,nan,9.977477877326767149e-10
3.075548159039446361e+01,nan,nan,9.975180707956585890e-10
3.078716967820849248e+01,nan,nan,9.972888773580998441e-10
3.081885776602252136e+01,nan,nan,9.970602060715370563e-10
3.085054585383655024e+01,nan,nan,9.968320751034257002e-10
3.088223394165057911e+01,nan,nan,9.966044701464764291e-10
3.091392202946460799e+01,nan,nan,9.963773830715084937e-10
3.094561011727863686e+01,nan,nan,9.961508125504222093e-10
3.097729820509266574e+01,nan,nan,9.959247587533039010e-10
3.100898629290669462e+01,nan,nan,9.956992428134492065e-10
3.104067438072072349e+01,nan,nan,9.954742392125980311e-10
3.107236246853475237e+01,nan,nan,9.952497466420790948e-10
3.110405055634878124e+01,nan,nan,9.950257637998348400e-10
3.113573864416281012e+01,nan,nan,9.948022962091315759e-10
3.116742673197683899e+01,nan,nan,9.945793535226343468e-10
3.119911481979086787e+01,nan,nan,9.943569164377752272e-10
3.123080290760489675e+01,nan,nan,9.941349836693550139e-10
3.126249099541892562e+01,nan,nan,9.939135539358500810e-10
3.129417908323295450e+01,nan,nan,9.936926354376012508e-10
3.132586717104698337e+01,nan,nan,9.934722316490859744e-10
3.135755525886101225e+01,nan,nan,9.932523268470471322e-10
3.138924334667504112e+01,nan,nan,9.930329197708085314e-10
3.142093143448907000e+01,nan,nan,9.928140091641005766e-10
3.145261952230309888e+01,nan,nan,9.925956034610189208e-10
3.148430761011712775e+01,nan,nan,9.923777048686650725e-10
3.151599569793115663e+01,nan,nan,9.921602987615270995e-10
3.154768378574518550e+01,nan,nan,9.919433839014252260e-10
3.157937187355921438e+01,nan,nan,9.917269590565338713e-10
3.161105996137324681e+01,nan,nan,9.915110302722961315e-10
3.164274804918727568e+01,nan,nan,9.912956038159220182e-10
3.167443613700130456e+01,nan,nan,9.910806634600107831e-10
3.170612422481533343e+01,nan,nan,9.908662079848192657e-10
3.173781231262936231e+01,nan,nan,9.906522361825101228e-10
3.176950040044339119e+01,nan,nan,9.904387490315416525e-10
3.180118848825742006e+01,nan,nan,9.902257622068017947e-10
3.183287657607144894e+01,nan,nan,9.900132552164623097e-10
3.186456466388547781e+01,nan,nan,9.898012268661970225e-10
3.189625275169950669e+01,nan,nan,9.895896759634528197e-10
3.192794083951353556e+01,nan,nan,9.893786013213655228e-10
3.195962892732756444e+01,nan,nan,9.891680169621815547e-10
3.199131701514159332e+01,nan,nan,9.889579115078990343e-10
3.202300510295562219e+01,nan,nan,9.887482785589547092e-10
3.205469319076964752e+01,nan,nan,9.885391169467375884e-10
3.208638127858367994e+01,nan,nan,9.883304255031596659e-10
3.211806936639770527e+01,nan,nan,9.881222078761304567e-10
3.214975745421173770e+01,nan,nan,9.879144727147044189e-10
3.218144554202576302e+01,nan,nan,9.877072040253741874e-10
3.221313362983979545e+01,nan,nan,9.875004006598044158e-10
3.224482171765382077e+01,nan,nan,9.872940614721191721e-10
3.227650980546785320e+01,nan,nan,9.870881853213051059e-10
3.230819789328187852e+01,nan,nan,9.868827818342798172e-10
3.233988598109591095e+01,nan,nan,9.866778468402160574e-10
3.237157406890994338e+01,nan,nan,9.864733712593387717e-10
3.240326215672396870e+01,nan,nan,9.862693539638694994e-10
3.243495024453800113e+01,nan,nan,9.860657938310240894e-10
3.246663833235202645e+01,nan,nan,9.858626897427101593e-10
3.249832642016605888e+01,nan,nan,9.856600532781069464e-10
3.253001450798008420e+01,nan,nan,9.854578755195758949e-10
3.256170259579411663e+01,nan,nan,9.852561502629515976e-10
3.259339068360814196e+01,nan,nan,9.850548764041758250e-10
3.262507877142217438e+01,nan,nan,9.848540528419037068e-10
3.265676685923619971e+01,nan,nan,9.846536784775328901e-10
3.268845494705023214e+01,nan,nan,9.844537630895665783e-10
3.272014303486425746e+01,nan,nan,9.842543004930624214e-10
3.275183112267828989e+01,nan,nan,9.840552836281195043e-10
3.278351921049231521e+01,nan,nan,9.838567114116775774e-10
3.281520729830634764e+01,nan,nan,9.836585827637979639e-10
3.284689538612037296e+01,nan,nan,9.834608966096248051e-10
3.287858347393440539e+01,nan,nan,9.832636574331511731e-10
3.291027156174843071e+01,nan,nan,9.830668687858218137e-10
3.294195964956246314e+01,nan,nan,9.828705192293960378e-10
3.297364773737648846e+01,nan,nan,9.826746077020783414e-10
3.300533582519052089e+01,nan,nan,9.824791331473622132e-10
3.303702391300454622e+01,nan,nan,9.822840945116689477e-10
3.306871200081857864e+01,nan,nan,9.820894907421030908e-10
3.310040008863260397e+01,nan,nan,9.818953324366230052e-10
3.313208817644663640e+01,nan,nan,9.817016099474365678e-10
3.316377626426066172e+01,nan,nan,9.815083189932773716e-10
3.319546435207469415e+01,nan,nan,9.813154585388984811e-10
3.322715243988871947e+01,nan,nan,9.811230275495947641e-10
3.325884052770275190e+01,nan,nan,9.809310249968333034e-10
3.329052861551677722e+01,nan,nan,9.807394498537268574e-10
3.332221670333080965e+01,nan,nan,9.805483134962978645e-10
3.335390479114483497e+01,nan,nan,9.803576037986215886e-10
3.338559287895886740e+01,nan,nan,9.801673182543858550e-10
3.341728096677289273e+01,nan,nan,9.799774558480593714e-10
3.344896905458692515e+01,nan,nan,9.797880155676083717e-10
3.348065714240095048e+01,nan,nan,9.795989964065494719e-10
3.351234523021498291e+01,nan,nan,9.794103973601198237e-10
3.354403331802900823e+01,nan,nan,9.792222254303937996e-10
3.357572140584304066e+01,nan,nan,9.790344763425237076e-10
3.360740949365706598e+01,nan,nan,9.788471441933841166e-10
3.363909758147109841e+01,nan,nan,9.786602279880603838e-10
3.367078566928512373e+01,nan,nan,9.784737267352152158e-10
3.370247375709915616e+01,nan,nan,9.782876394498768874e-10
3.373416184491318148e+01,nan,nan,9.781019651466820036e-10
3.376584993272721391e+01,nan,nan,9.779167028441853172e-10
3.379753802054123923e+01,nan,nan,9.777318620851127446e-10
3.382922610835527166e+01,nan,nan,9.776032667086614774e-10
3.386091419616929699e+01,nan,nan,9.776020842640440685e-10
3.389260228398332941e+01,nan,nan,9.776008963914662392e-10
3.392429037179736184e+01,nan,nan,9.775997030930598408e-10
3.395597845961138717e+01,nan,nan,9.775985043709769905e-10
3.398766654742541959e+01,nan,nan,9.775973002273321686e-10
3.401935463523944492e+01,nan,nan,9.775960906642532974e-10
3.405104272305347735e+01,nan,nan,9.775948756838618883e-10
3.408273081086750267e+01,nan,nan,9.775936552882897925e-10
3.411441889868153510e+01,nan,nan,9.775924294796409439e-10
3.414610698649556042e+01,nan,nan,9.775911982600790401e-10
3.417779507430959285e+01,nan,nan,9.775899616317220773e-10
3.420948316212361817e+01,nan,nan,9.775887195967300307e-10
3.424117124993765060e+01,nan,nan,9.775874721572279273e-10
3.427285933775167592e+01,nan,nan,9.775862193153763629e-10
3.430454742556570835e+01,nan,nan,9.775849610733038800e-10
3.433623551337973367e+01,nan,nan,9.775836974331499813e-10
3.436792360119376610e+01,nan,nan,9.775824283970301811e-10
3.439961168900779143e+01,nan,nan,9.775811539670697133e-10
3.443129977682182385e+01,nan,nan,9.775798741453946388e-10
3.446298786463584918e+01,nan,nan,9.775785889341272963e-10
3.449467595244988161e+01,nan,nan,9.775772983354040865e-10
3.452636404026390693e+01,nan,nan,9.775760023513715431e-10
3.455805212807793936e+01,nan,nan,9.775747009841528319e-10
3.458974021589196468e+01,nan,nan,9.775733942359048264e-10
3.462142830370599711e+01,nan,nan,9.775720821087575167e-10
3.465311639152002243e+01,nan,nan,9.775707646048510258e-10
3.468480447933405486e+01,nan,nan,9.775694417263050040e-10
3.471649256714808018e+01,nan,nan,9.775681134752351726e-10
3.474818065496211261e+01,nan,nan,9.775667798537580798e-10
3.477986874277613794e+01,nan,nan,9.775654408639997868e-10
3.481155683059017036e+01,nan,nan,9.775640965080598846e-10
3.484324491840419569e+01,nan,nan,9.775627467880784964e-10
3.487493300621822812e+01,nan,nan,9.775613917061758928e-10
3.490662109403225344e+01,nan,nan,9.775600312644926105e-10
3.493830918184628587e+01,nan,nan,9.775586654651592599e-10
3.496999726966031119e+01,nan,nan,9.775572943102925962e-10
3.500168535747434362e+01,nan,nan,9.775559178020302609e-10
3.503337344528836894e+01,nan,nan,9.775545359424610919e-10
3.506506153310240137e+01,nan,nan,9.775531487337123908e-10
3.509674962091642669e+01,nan,nan,9.775517561778734092e-10
3.512843770873045912e+01,nan,nan,9.775503582770406362e-10
3.516012579654448444e+01,nan,nan,9.775489550333237961e-10
3.519181388435851687e+01,nan,nan,9.775475464488472955e-10
3.522350197217254220e+01,nan,nan,9.775461325257041080e-10
3.525519005998657462e+01,nan,nan,9.775447132660252578e-10
3.528687814780059995e+01,nan,nan,9.775432886719179874e-10
3.531856623561463238e+01,nan,nan,9.775418587454996725e-10
3.535025432342865770e+01,nan,nan,9.775404234888672158e-10
3.538194241124269013e+01,nan,nan,9.775389829041104893e-10
3.541363049905672256e+01,nan,nan,9.775375369933156423e-10
3.544531858687074788e+01,nan,nan,9.775360857585520740e-10
3.547700667468478031e+01,nan,nan,9.775346292019100699e-10
3.550869476249880563e+01,nan,nan,9.775331673254792949e-10
3.554038285031283806e+01,nan,nan,9.775317001313401082e-10
3.557207093812686338e+01,nan,nan,9.775302276215894128e-10
3.560375902594089581e+01,nan,nan,9.775287497983179076e-10
3.563544711375492113e+01,nan,nan,9.775272666636191867e-10
3.566713520156895356e+01,nan,nan,9.775257782195630629e-10
3.569882328938297888e+01,nan,nan,9.775242844682439575e-10
3.573051137719701131e+01,nan,nan,9.775227854117103832e-10
3.576219946501103664e+01,nan,nan,9.775212810520151955e-10
3.579388755282506906e+01,nan,nan,9.775197713912073208e-10
3.582557564063909439e+01,nan,nan,9.775182564313329971e-10
3.585726372845312682e+01,nan,nan,9.775167361744512838e-10
3.588895181626715214e+01,nan,nan,9.775152106226156568e-10
3.592063990408118457e+01,nan,nan,9.775136797778891045e-10
3.595232799189520989e+01,nan,nan,9.775121436423282047e-10
3.598401607970924232e+01,nan,nan,9.775106022179895351e-10
3.601570416752326764e+01,nan,nan,9.775090555069087874e-10
3.604739225533730007e+01,nan,nan,9.775075035111286839e-10
3.607908034315132539e+01,nan,nan,9.775059462326507951e-10
3.611076843096535782e+01,nan,nan,9.775043836734864105e-10
3.614245651877938315e+01,nan,nan,9.775028158356476470e-10
3.617414460659341557e+01,nan,nan,9.775012427211389700e-10
3.620583269440744090e+01,nan,nan,9.774996643319588479e-10
3.623752078222147333e+01,nan,nan,9.774980806701293236e-10
3.626920887003549865e+01,nan,nan,9.774964917376488656e-10
3.630089695784953108e+01,nan,nan,9.774948975365397237e-10
3.633258504566355640e+01,nan,nan,9.774932980687935419e-10
3.636427313347758883e+01,nan,nan,9.774916933364050663e-10
3.639596122129161415e+01,nan,nan,9.774900833413415392e-10
3.642764930910564658e+01,nan,nan,9.774884680855493166e-10
3.645933739691967190e+01,nan,nan,9.774868475709786835e-10
3.649102548473370433e+01,nan,nan,9.774852217995896445e-10
3.652271357254772965e+01,nan,nan,9.774835907733153206e-10
3.655440166036176208e+01,nan,nan,9.774819544941022746e-10
3.658608974817578741e+01,nan,nan,9.774803129639007916e-10
3.661777783598981983e+01,nan,nan,9.774786661846576412e-10
3.664946592380384516e+01,nan,nan,9.774770141583235220e-10
3.668115401161787759e+01,nan,nan,9.774753568868245241e-10
3.671284209943190291e+01,nan,nan,9.774736943720623357e-10
3.674453018724593534e+01,nan,nan,9.774720266159496052e-10
3.677621827505996066e+01,nan,nan,9.774703536203431463e-10
3.680790636287399309e+01,nan,nan,9.774686753871349279e-10
3.683959445068801841e+01,nan,nan,9.774669919181712170e-10
3.687128253850205084e+01,nan,nan,9.774653032153443961e-10
3.690297062631608327e+01,nan,nan,9.774636092805251341e-10
3.693465871413010859e+01,nan,nan,9.774619101155814118e-10
3.696634680194414102e+01,nan,nan,9.774602057223981668e-10
3.699803488975816634e+01,nan,nan,9.774584961027947830e-10
3.702972297757219877e+01,nan,nan,9.774567812586530963e-10
3.706141106538622410e+01,nan,nan,9.774550611917680885e-10
3.709309915320025652e+01,nan,nan,9.774533359039521124e-10
3.712351361919797910e+01,nan,nan,9.774516750509970154e-10
3.715214921722539998e+01,nan,nan,9.774501069442815395e-10
3.718105524616857593e+01,nan,nan,9.774485197086855939e-10
3.721274333398260836e+01,nan,nan,9.774467747243960099e-10
3.724443142179663369e+01,nan,nan,9.774450245277119615e-10
3.727611950961066611e+01,nan,nan,9.774432691204048560e-10
3.730780759742469144e+01,nan,nan,9.774415085042597492e-10
3.733821032972829101e+01,nan,nan,9.774398144089935046e-10
3.736661333624605419e+01,nan,nan,9.774382274127923137e-10
3.739507193041357880e+01,nan,nan,9.774366331175359560e-10
3.742676001822761123e+01,nan,nan,9.774348529637214432e-10
3.745844810604163655e+01,nan,nan,9.774330676092563628e-10
3.749013619385566898e+01,nan,nan,9.774312770558221661e-10
3.752182428166969430e+01,nan,nan,9.774294813051075424e-10
3.755190671133276226e+01,nan,nan,9.774277717390235714e-10
3.757974873767719970e+01,nan,nan,9.774261853226933607e-10
3.760794661474042755e+01,nan,nan,9.774245745445077556e-10
3.763963470255445998e+01,nan,nan,9.774227594860782819e-10
3.767132279036848530e+01,nan,nan,9.774209392382509987e-10
3.770301087818251773e+01,nan,nan,9.774191138026835762e-10
3.773469896599654305e+01,nan,nan,9.774172831809817786e-10
3.776485684695502698e+01,nan,nan,9.774155361443367400e-10
3.779256719042098212e+01,nan,nan,9.774139267542714586e-10
3.782029072072559472e+01,nan,nan,9.774123126330306516e-10
3.785197880853962005e+01,nan,nan,9.774104628308141162e-10
3.788366689635365248e+01,nan,nan,9.774086078498617160e-10
3.791535498416767780e+01,nan,nan,9.774067476917448872e-10
3.794704307198171023e+01,nan,nan,9.774048823580346527e-10
3.797677724831844159e+01,nan,nan,9.774031273369150142e-10
3.800383389246606924e+01,nan,nan,9.774015263960029680e-10
3.803138412091168163e+01,nan,nan,9.773998923757331142e-10
3.806307220872570696e+01,nan,nan,9.773980081040939526e-10
3.809476029653973939e+01,nan,nan,9.773961186638512683e-10
3.812644838435376471e+01,nan,nan,9.773942240564416672e-10
3.815813647216779714e+01,nan,nan,9.773923242833189191e-10
3.818806743800257664e+01,nan,nan,9.773905251110289739e-10
3.821512284996603626e+01,nan,nan,9.773888948267503419e-10
3.824214507503818083e+01,nan,nan,9.773872627863451424e-10
3.827383316285220616e+01,nan,nan,9.773853441649033906e-10
3.830552125066623859e+01,nan,nan,9.773834203844242530e-10
3.833720933848026391e+01,nan,nan,9.773814914462643059e-10
3.836889742629429634e+01,nan,nan,9.773795573517844682e-10
3.839516769547478958e+01,nan,nan,9.773779500277295320e-10
3.842093377690401468e+01,nan,nan,9.773763701110293007e-10
3.845262186471804000e+01,nan,nan,9.773744223991856157e-10
3.848430995253207243e+01,nan,nan,9.773724695357830849e-10
3.851599804034609775e+01,nan,nan,9.773705115221234837e-10
3.854768612816013018e+01,nan,nan,9.773685483595087944e-10
3.857508435210296227e+01,nan,nan,9.773668468161037940e-10
3.860180432504684944e+01,nan,nan,9.773651836891481294e-10
3.863254515183199800e+01,nan,nan,9.773632657670437450e-10
3.866423323964602332e+01,nan,nan,9.773612836778428427e-10
3.869592132746005575e+01,nan,nan,9.773592964454891109e-10
3.872760941527408107e+01,nan,nan,9.773573040711629361e-10
3.875305974408102827e+01,nan,nan,9.773557001707907709e-10
3.880970134318897635e+01,nan,nan,9.773521186712655311e-10
3.884138943100300878e+01,nan,nan,9.773501078435538069e-10
3.887307751881703410e+01,nan,nan,9.773480918791298880e-10
3.890476560663106653e+01,nan,nan,9.773460707791429352e-10
3.893209010731582254e+01,nan,nan,9.773443238708802569e-10
3.895863483957280948e+01,nan,nan,9.773426231594810203e-10
3.898895983779349450e+01,nan,nan,9.773406758401891299e-10
3.902064792560751982e+01,nan,nan,9.773386359687876025e-10
3.905233601342155225e+01,nan,nan,9.773365909666843816e-10
3.908054885080196783e+01,nan,nan,9.773347659244773226e-10
3.910784347244211290e+01,nan,nan,9.773329964109074727e-10
3.913727343787070367e+01,nan,nan,9.773310842000106231e-10
3.916896152568473610e+01,nan,nan,9.773290203233146606e-10
3.920064961349876143e+01,nan,nan,9.773269513205231598e-10
3.922748216007745015e+01,nan,nan,9.773251953422385065e-10
3.925350728454434091e+01,nan,nan,9.773234886932661091e-10
3.928384107642431644e+01,nan,nan,9.773214951333179741e-10
3.931552916423834176e+01,nan,nan,9.773194075547277058e-10
3.934721725205237419e+01,nan,nan,9.773173148541966208e-10
3.937527178905628489e+01,nan,nan,9.773154578416896701e-10
3.940235671638351533e+01,nan,nan,9.773136612027482978e-10
3.943155522765263044e+01,nan,nan,9.773117201728090100e-10
3.946324331546665576e+01,nan,nan,9.773096087254132437e-10
3.949493140328068819e+01,nan,nan,9.773074921599561376e-10
3.952122481433696066e+01,nan,nan,9.773057320405530478e-10
3.954669874408735808e+01,nan,nan,9.773040234186150959e-10
3.957709216603127800e+01,nan,nan,9.773019805042108959e-10
3.960878025384530332e+01,nan,nan,9.772998455571617273e-10
3.964046834165933575e+01,nan,nan,9.772977054954893951e-10
3.966841097439782970e+01,nan,nan,9.772958141410051896e-10
3.969533874126666007e+01,nan,nan,9.772939877177605410e-10
3.972428907950961019e+01,nan,nan,9.772920199915986841e-10
3.975597716732363551e+01,nan,nan,9.772898612919054044e-10
3.978766525513766794e+01,nan,nan,9.772876974807177719e-10
3.981337027302289044e+01,nan,nan,9.772859384672940385e-10
3.986876599091107209e+01,nan,nan,9.772821362654453632e-10
3.990045407872509742e+01,nan,nan,9.772799542659860491e-10
3.993214216653912985e+01,nan,nan,9.772777671577815169e-10
3.996001911345043567e+01,nan,nan,9.772758388705637014e-10
3.998684181026594331e+01,nan,nan,9.772739797756901496e-10
4.001552703123423527e+01,nan,nan,9.772719875389191476e-10
4.004721511904826770e+01,nan,nan,9.772697818830931350e-10
4.007890320686229302e+01,nan,nan,9.772675711209174194e-10
4.010397546707367411e+01,nan,nan,9.772658183029608756e-10
4.015891545185194644e+01,nan,nan,9.772619662380444902e-10
4.019060353966597177e+01,nan,nan,9.772597374802245034e-10
4.022229162748000419e+01,nan,nan,9.772575036181775658e-10
4.025014194476219842e+01,nan,nan,9.772555360870293286e-10
4.027690345315143361e+01,nan,nan,9.772536417625334882e-10
4.030530908273085799e+01,nan,nan,9.772516270761604844e-10
4.033699717054488332e+01,nan,nan,9.772493747408291338e-10
4.036868525835891575e+01,nan,nan,9.772471173029919885e-10
4.041675086385134819e+01,nan,nan,9.772436834035130913e-10
4.044758663961412282e+01,nan,nan,9.772414742556516854e-10
4.047927472742814814e+01,nan,nan,9.772391990135184445e-10
4.051096281524218057e+01,nan,nan,9.772369186704140357e-10
4.053881119954285595e+01,nan,nan,9.772349104296643891e-10
4.056553912657514616e+01,nan,nan,9.772329792840846759e-10
4.059365680926253361e+01,nan,nan,9.772309438093886069e-10
4.062534489707656604e+01,nan,nan,9.772286450556816707e-10
4.065703298489059137e+01,nan,nan,9.772263412021059916e-10
4.070381039210628416e+01,nan,nan,9.772229309735312853e-10
4.073481608196789239e+01,nan,nan,9.772206644318181441e-10
4.076650416978191771e+01,nan,nan,9.772183429621380238e-10
4.079819225759595014e+01,nan,nan,9.772160163935873607e-10
4.082604295303477926e+01,nan,nan,9.772139673600622601e-10
4.085274164627528393e+01,nan,nan,9.772119993842111791e-10
4.088057302542372184e+01,nan,nan,9.772099440644320945e-10
4.091200488194012763e+01,nan,nan,9.772076181238937028e-10
4.094369296975416006e+01,nan,nan,9.772052681446508444e-10
4.098992122999980836e+01,nan,nan,9.772018307272381493e-10
4.102079942903165488e+01,nan,nan,9.771995286578467973e-10
4.105248751684568020e+01,nan,nan,9.771971611759967427e-10
4.108417560465971263e+01,nan,nan,9.771947885963924256e-10
4.111169760826189901e+01,nan,nan,9.771927238073218309e-10
4.113798864889088236e+01,nan,nan,9.771907477777902907e-10
4.116570550851121624e+01,nan,nan,9.771886607842152388e-10
4.119739359632524867e+01,nan,nan,9.771862699911586216e-10
4.122908168413927399e+01,nan,nan,9.771838741004558957e-10
4.127433456318283334e+01,nan,nan,9.771804437581332195e-10
4.130525444875383556e+01,nan,nan,9.771780939335501814e-10
4.133694253656786799e+01,nan,nan,9.771756806921749331e-10
4.136863062438189331e+01,nan,nan,9.771732623533996623e-10
4.139602632497602741e+01,nan,nan,9.771711674882483768e-10
4.142214071647094897e+01,nan,nan,9.771691670539954952e-10
4.144964693728939409e+01,nan,nan,9.771670562580497494e-10
4.148133502510342652e+01,nan,nan,9.771646197891143031e-10
4.150974951800264989e+01,nan,nan,9.771624306891936863e-10
4.153703435370196217e+01,nan,nan,9.771603247624300727e-10
4.156393548389990400e+01,nan,nan,9.771582447512739278e-10
4.159244651152479832e+01,nan,nan,9.771560362517864646e-10
4.162376173546895330e+01,nan,nan,9.771536057803335622e-10
4.165034529400647756e+01,nan,nan,9.771515386413993911e-10
4.167553139068280643e+01,nan,nan,9.771495768595172687e-10
4.170323089796783478e+01,nan,nan,9.771474155858637431e-10
4.173491898578186721e+01,nan,nan,9.771449383233101526e-10
4.176660707359589253e+01,nan,nan,9.771424559627510435e-10
4.181220856616417336e+01,nan,nan,9.771388747164458482e-10
4.184236662469907486e+01,nan,nan,9.771365004975064555e-10
4.187405471251310729e+01,nan,nan,9.771340008507390771e-10
4.190574280032713261e+01,nan,nan,9.771314961058840823e-10
4.193199806906283555e+01,nan,nan,9.771294169295558348e-10
4.198441471977802308e+01,nan,nan,9.771252555432450489e-10
4.201610280759204841e+01,nan,nan,9.771227330427507902e-10
4.204779089540608084e+01,nan,nan,9.771202054436477914e-10
4.209316934856996539e+01,nan,nan,9.771165769548124315e-10
4.212309458002862073e+01,nan,nan,9.771141783936139666e-10
4.215478266784264605e+01,nan,nan,9.771116335794034217e-10
4.218647075565667848e+01,nan,nan,9.771090836664246976e-10
4.221233578158388156e+01,nan,nan,9.771069985509516460e-10
4.226426968926745076e+01,nan,nan,9.771028016276942973e-10
4.229595777708148319e+01,nan,nan,9.771002340973149400e-10
4.232764586489550851e+01,nan,nan,9.770976614676934290e-10
4.237298469722620098e+01,nan,nan,9.770939717214074063e-10
4.240260004795781867e+01,nan,nan,9.770915559404513995e-10
4.243428813577185110e+01,nan,nan,9.770889661497343412e-10
4.246597622358587643e+01,nan,nan,9.770863712596152767e-10
4.249140180365898800e+01,nan,nan,9.770842855098154637e-10
4.254284918460277254e+01,nan,nan,9.770800550576220609e-10
4.257453727241680497e+01,nan,nan,9.770774426972300835e-10
4.260622536023083029e+01,nan,nan,9.770748252370886840e-10
4.265166334331457421e+01,nan,nan,9.770710631264087254e-10
4.268090241740767254e+01,nan,nan,9.770686366854419545e-10
4.271259050522170497e+01,nan,nan,9.770660021072343228e-10
4.274427859303573030e+01,nan,nan,9.770633624291823500e-10
4.279258563375951496e+01,nan,nan,9.770593285481303640e-10
4.282020855532788062e+01,nan,nan,9.770570165689618316e-10
4.285189664314191305e+01,nan,nan,9.770543595714077766e-10
4.288358473095594547e+01,nan,nan,9.770516974739316255e-10
4.292919231692517457e+01,nan,nan,9.770478570558435827e-10
4.295801384776844856e+01,nan,nan,9.770454246713384380e-10
4.298970193558248098e+01,nan,nan,9.770427454953350812e-10
4.302139002339650631e+01,nan,nan,9.770400612194354776e-10
4.306866812056853178e+01,nan,nan,9.770360468447122651e-10
4.309643416545072370e+01,nan,nan,9.770336839436261086e-10
4.312812225326475613e+01,nan,nan,9.770309824911717793e-10
4.315981034107878145e+01,nan,nan,9.770282759391028583e-10
4.320545679381383763e+01,nan,nan,9.770243682078731159e-10
4.323392115839214256e+01,nan,nan,9.770219260552673910e-10
4.326560924620616788e+01,nan,nan,9.770192024772925657e-10
4.329729733402020031e+01,nan,nan,9.770164737999190429e-10
4.334367293922765896e+01,nan,nan,9.770124711812893552e-10
4.337157739894539787e+01,nan,nan,9.770100575206117048e-10
4.340326548675942320e+01,nan,nan,9.770073117918939924e-10
4.343495357457345563e+01,nan,nan,9.770045609644635218e-10
4.348042399566642047e+01,nan,nan,9.770006047928133253e-10
4.350864526948387834e+01,nan,nan,9.769981441101074598e-10
4.354033335729791077e+01,nan,nan,9.769953763278792527e-10
4.357202144511193609e+01,nan,nan,9.769926034474449358e-10
4.361770985078342733e+01,nan,nan,9.769885964894137605e-10
4.364564702706218924e+01,nan,nan,9.769861411260479204e-10
4.367733511487621456e+01,nan,nan,9.769833513041343020e-10
4.370902320269024699e+01,nan,nan,9.769805563851333354e-10
4.375418602773589072e+01,nan,nan,9.769765641736930681e-10
4.378224216162316651e+01,nan,nan,9.769740789114058769e-10
4.381393024943719894e+01,nan,nan,9.769712671199139195e-10
4.384561833725122426e+01,nan,nan,9.769684502322910416e-10
4.389074829620532370e+01,nan,nan,9.769644296439928287e-10
4.391865998046063879e+01,nan,nan,9.769619378438626021e-10
4.395034806827467122e+01,nan,nan,9.769591041159827211e-10
4.398203615608869654e+01,nan,nan,9.769562652934292050e-10
4.402682301143513399e+01,nan,nan,9.769522443115934050e-10
4.405476074355750171e+01,nan,nan,9.769497308973431671e-10
4.408644883137152704e+01,nan,nan,9.769468752908572369e-10
4.411813691918555946e+01,nan,nan,9.769440145912496692e-10
4.416278003195995439e+01,nan,nan,9.769399757124772674e-10
4.419063812995514695e+01,nan,nan,9.769374502586849716e-10
4.422232621776917938e+01,nan,nan,9.769345728161392339e-10
4.425401430558320470e+01,nan,nan,9.769316902822401640e-10
4.429839543068518282e+01,nan,nan,9.769276445581023430e-10
4.432624035167818732e+01,nan,nan,9.769251011547899874e-10
4.435792843949221265e+01,nan,nan,9.769222019290129523e-10
4.438961652730624508e+01,nan,nan,9.769192976140855739e-10
4.443381020696606498e+01,nan,nan,9.769152386249975881e-10
4.446160338669103140e+01,nan,nan,9.769126808783849915e-10
4.449329147450506383e+01,nan,nan,9.769097599169261026e-10
4.452497956231908915e+01,nan,nan,9.769068338684588545e-10
4.456894497138228672e+01,nan,nan,9.769027657201848208e-10
4.459671042789889128e+01,nan,nan,9.769001915206291012e-10
4.462839851571292371e+01,nan,nan,9.768972488747553585e-10
4.466008660352694903e+01,nan,nan,9.768943011446093633e-10
4.470384982417883180e+01,nan,nan,9.768902217882419295e-10
4.473157496423749535e+01,nan,nan,9.768876323932553141e-10
4.476326305205152067e+01,nan,nan,9.768846681136588271e-10
4.479495113986555310e+01,nan,nan,9.768816987524993109e-10
4.483849990307152922e+01,nan,nan,9.768776096873347702e-10
4.486619295307344402e+01,nan,nan,9.768750044234110879e-10
4.489788104088746934e+01,nan,nan,9.768720185615265674e-10
4.492956912870150177e+01,nan,nan,9.768690276212022450e-10
4.497291249005377978e+01,nan,nan,9.768649283540990907e-10
4.500057002443866594e+01,nan,nan,9.768623076348708341e-10
4.503225811225269837e+01,nan,nan,9.768593002433293010e-10
4.506394620006672369e+01,nan,nan,9.768562877767462306e-10
4.510708172598353372e+01,nan,nan,9.768521788914005331e-10
4.513470663005910666e+01,nan,nan,9.768495425360666996e-10
4.516639471787313909e+01,nan,nan,9.768465136676805341e-10
4.519808280568716441e+01,nan,nan,9.768434797277249219e-10
4.524101440900673765e+01,nan,nan,9.768393612024343568e-10
4.526860619264304830e+01,nan,nan,9.768367093484909759e-10
4.530029428045707363e+01,nan,nan,9.768336590568099897e-10
4.533198236827110605e+01,nan,nan,9.768306036975567003e-10
4.537471087666172309e+01,nan,nan,9.768264758020053084e-10
4.540227084090870591e+01,nan,nan,9.768238084158719492e-10
4.543395892872273834e+01,nan,nan,9.768207367555336964e-10
4.546564701653676366e+01,nan,nan,9.768176600316558528e-10
4.550817505706437771e+01,nan,nan,9.768135228575963689e-10
4.553570361573194702e+01,nan,nan,9.768108399889470882e-10
4.556739170354597235e+01,nan,nan,9.768077470143200826e-10
4.559907979136000478e+01,nan,nan,9.768046489805441609e-10
4.564140928561815258e+01,nan,nan,9.768005026834309121e-10
4.566890730942979104e+01,nan,nan,9.767978043371940522e-10
4.570059539724382347e+01,nan,nan,9.767946901041193957e-10
4.573228348505784879e+01,nan,nan,9.767915708166206788e-10
4.577441675278963373e+01,nan,nan,9.767874155091454432e-10
4.580188490871658047e+01,nan,nan,9.767847017089494181e-10
4.583357299653061290e+01,nan,nan,9.767815662733356281e-10
4.586526108434463822e+01,nan,nan,9.767784257880685418e-10
4.590720015842089197e+01,nan,nan,9.767742616053614053e-10
4.593463922961666412e+01,nan,nan,9.767715323617535951e-10
4.596632731743069655e+01,nan,nan,9.767683757798954820e-10
4.599801540524472188e+01,nan,nan,9.767652141536381171e-10
4.603976227872135496e+01,nan,nan,9.767610412313451197e-10
4.606717296524114857e+01,nan,nan,9.767582965626721835e-10
4.609886105305517390e+01,nan,nan,9.767551188921363482e-10
4.613054914086920633e+01,nan,nan,9.767519361826254979e-10
4.617210547238969554e+01,nan,nan,9.767477546855849173e-10
4.619948849191997198e+01,nan,nan,9.767449946069162247e-10
4.623117657973400441e+01,nan,nan,9.767417959051100356e-10
4.626286466754802973e+01,nan,nan,9.767385921698967910e-10
4.630423189389333061e+01,nan,nan,9.767344022812627517e-10
4.633158788897454627e+01,nan,nan,9.767316268141891643e-10
4.636327597678857870e+01,nan,nan,9.767284071394652505e-10
4.639496406460260403e+01,nan,nan,9.767251824373571901e-10
4.643614326281308990e+01,nan,nan,9.767209843748552098e-10
4.646347285000221206e+01,nan,nan,9.767181935433010657e-10
4.649516093781623738e+01,nan,nan,9.767149529549703451e-10
4.652684902563026981e+01,nan,nan,9.767117073453379437e-10
4.656784100650619962e+01,nan,nan,9.767075013510614538e-10
4.659514473275147139e+01,nan,nan,9.767046951846979283e-10
4.662683282056549672e+01,nan,nan,9.767014337420647014e-10
4.665852090837952915e+01,nan,nan,9.766981672844560709e-10
4.669932625197250786e+01,nan,nan,9.766939536223695718e-10
4.672660460601660759e+01,nan,nan,9.766911321565003200e-10
4.675829269383063291e+01,nan,nan,9.766878499200873241e-10
4.678998078164466534e+01,nan,nan,9.766845626754110819e-10
4.683059991747223449e+01,nan,nan,9.766803416245786357e-10
4.685785333008803377e+01,nan,nan,9.766775049003166018e-10
4.688954141790205910e+01,nan,nan,9.766742019313889691e-10
4.692122950571609152e+01,nan,nan,9.766708939609145898e-10
4.696166277398312872e+01,nan,nan,9.766666658079879864e-10
4.698889163991176332e+01,nan,nan,9.766638138692938910e-10
4.702057972772579575e+01,nan,nan,9.766604902292389695e-10
4.705226781553982107e+01,nan,nan,9.766571615946451755e-10
4.709251560264550562e+01,nan,nan,9.766529266205620411e-10
4.711972026436526306e+01,nan,nan,9.766500595168588917e-10
4.715140835217928839e+01,nan,nan,9.766467152682777101e-10
4.718309643999332081e+01,nan,nan,9.766433660324821336e-10
4.722315916928373980e+01,nan,nan,9.766391245138378097e-10
4.725033996269826986e+01,nan,nan,9.766362422951582461e-10
4.728202805051230229e+01,nan,nan,9.766328775012242422e-10
4.731371613832632761e+01,nan,nan,9.766295077274288586e-10
4.735359438597731696e+01,nan,nan,9.766252599227081877e-10
4.738075161436542260e+01,nan,nan,9.766223626418048263e-10
4.741243970217945503e+01,nan,nan,9.766189773658130333e-10
4.744412778999348035e+01,nan,nan,9.766155871175870864e-10
4.748382226911138559e+01,nan,nan,9.766113332691854207e-10
4.751095622409990682e+01,nan,nan,9.766084209800661245e-10
4.754264431191393925e+01,nan,nan,9.766050152863761572e-10
4.757433239972796457e+01,nan,nan,9.766016046283369284e-10
4.761384392708067992e+01,nan,nan,9.765973449661511281e-10
4.764095489850517851e+01,nan,nan,9.765944177229585904e-10
4.767264298631921093e+01,nan,nan,9.765909916763705373e-10
4.770433107413323626e+01,nan,nan,9.765875606733880117e-10
4.774366057558011534e+01,nan,nan,9.765832954128473412e-10
4.777074883404420547e+01,nan,nan,9.765803532710591182e-10
4.780243692185823079e+01,nan,nan,9.765769069364320042e-10
4.783412500967226322e+01,nan,nan,9.765734556535804807e-10
4.787327347029200553e+01,nan,nan,9.765691850012950115e-10
4.790033926853840995e+01,nan,nan,9.765662280182895202e-10
4.793202735635244238e+01,nan,nan,9.765627614613107919e-10
4.796371544416646771e+01,nan,nan,9.765592899645560631e-10
4.800268384054736970e+01,nan,nan,9.765550141261233975e-10
4.802972741202709273e+01,nan,nan,9.765520423613561058e-10
4.806141549984112515e+01,nan,nan,9.765485556482301973e-10
4.809310358765515048e+01,nan,nan,9.765450640038356342e-10
4.813189283554921616e+01,nan,nan,9.765407831886741219e-10
4.815891439154322740e+01,nan,nan,9.765377967034624810e-10
4.819060247935725982e+01,nan,nan,9.765342899003650821e-10
4.822229056717128515e+01,nan,nan,9.765307781746389302e-10
4.826090155160372319e+01,nan,nan,9.765264925930242936e-10
4.828790124734962319e+01,nan,nan,9.765234914547595351e-10
4.831958933516364851e+01,nan,nan,9.765199646284935454e-10
4.835127742297768094e+01,nan,nan,9.765164328885412454e-10
4.838971092541504504e+01,nan,nan,9.765121427604563780e-10
4.841668888134041282e+01,nan,nan,9.765091270406323427e-10
4.844837696915443814e+01,nan,nan,9.765055802586456557e-10
4.848006505696847057e+01,nan,nan,9.765020285719914086e-10
4.851832179210683194e+01,nan,nan,9.764977341226296149e-10
4.854527807565008146e+01,nan,nan,9.764947038983997132e-10
4.857696616346411389e+01,nan,nan,9.764911372281389816e-10
4.860865425127813921e+01,nan,nan,9.764875656623202233e-10
4.864673488147522562e+01,nan,nan,9.764832671203851553e-10
4.867366951205284664e+01,nan,nan,9.764802224742641688e-10
4.870535759986687196e+01,nan,nan,9.764766359835673020e-10
4.873704568768090439e+01,nan,nan,9.764730446066372154e-10
4.877495084735997466e+01,nan,nan,9.764687422024271225e-10
4.880186379814896469e+01,nan,nan,9.764656832226375860e-10
4.883355188596299001e+01,nan,nan,9.764620769800176792e-10
4.886523997377702244e+01,nan,nan,9.764584658606698919e-10
4.890297031531947880e+01,nan,nan,9.764541598206521434e-10
4.892986150485328523e+01,nan,nan,9.764510866017935336e-10
4.896154959266731765e+01,nan,nan,9.764474606759324272e-10
4.899323768048134298e+01,nan,nan,9.764438298828876569e-10
4.903079387836318404e+01,nan,nan,9.764395204286335400e-10
4.905766318698780282e+01,nan,nan,9.764364330697249597e-10
4.908935127480182814e+01,nan,nan,9.764327875294281573e-10
4.912103936261586057e+01,nan,nan,9.764291371316271518e-10
4.915842213056796339e+01,nan,nan,9.764248244782412625e-10
4.918526939120381059e+01,nan,nan,9.764217230842997011e-10
4.921695747901783591e+01,nan,nan,9.764180579989403592e-10
4.924864556683186834e+01,nan,nan,9.764143880659785797e-10
4.928585564577078060e+01,nan,nan,9.764100724236489592e-10
4.931268064591677103e+01,nan,nan,9.764069571055538419e-10
4.934436873373080346e+01,nan,nan,9.764032725449021636e-10
4.937605682154482878e+01,nan,nan,9.763995831465957218e-10
4.941309492166224970e+01,nan,nan,9.763952647266893505e-10
4.943989741508065094e+01,nan,nan,9.763921355995060500e-10
4.947158550289467627e+01,nan,nan,9.763884316333175560e-10
4.950327359070870870e+01,nan,nan,9.763847228394943508e-10
4.954014040153936094e+01,nan,nan,9.763804018535161415e-10
4.956692007605898453e+01,nan,nan,9.763772590405582620e-10
4.959860816387300986e+01,nan,nan,9.763735357389226539e-10
4.963029625168704229e+01,nan,nan,9.763698076198812501e-10
4.966699238004788697e+01,nan,nan,9.763654842872545087e-10
4.969374886966699023e+01,nan,nan,9.763623279190662468e-10
4.972543695748101555e+01,nan,nan,9.763585853526303325e-10
4.975712504529504798e+01,nan,nan,9.763548379791283800e-10
4.979365092872276932e+01,nan,nan,9.763505125375585516e-10
4.982038381721437759e+01,nan,nan,9.763473427514289349e-10
4.985207190502840291e+01,nan,nan,9.763435809910316347e-10
4.988375999284243534e+01,nan,nan,9.763398144339394869e-10
4.992011597104824006e+01,nan,nan,9.763354871309003992e-10
4.994682475292912471e+01,nan,nan,9.763323040753790715e-10
4.997851284074315714e+01,nan,nan,9.763285231919856578e-10
5.001020092855718246e+01,nan,nan,9.763247375223831516e-10
5.004638717118139368e+01,nan,nan,9.763204086242910683e-10
5.007307127919104062e+01,nan,nan,9.763172124564639706e-10
5.010475936700506594e+01,nan,nan,9.763134125215298202e-10
5.013644745481909837e+01,nan,nan,9.763096078110528645e-10
5.017246401124421595e+01,nan,nan,9.763052775979826625e-10
5.019912279834728253e+01,nan,nan,9.763020684858582422e-10
5.023081088616131495e+01,nan,nan,9.762982495713530315e-10
5.026249897397534028e+01,nan,nan,9.762944258920304462e-10
5.029834580993139781e+01,nan,nan,9.762900946532815136e-10
5.032497855230481321e+01,nan,nan,9.762868727753525257e-10
5.035666664011883853e+01,nan,nan,9.762830349534132284e-10
5.038835472793287096e+01,nan,nan,9.762791923774307907e-10
5.042403181406277213e+01,nan,nan,9.762748604007742995e-10
5.045063770510311940e+01,nan,nan,9.762716259468530519e-10
5.048232579291714472e+01,nan,nan,9.762677692898705861e-10
5.051401388073117715e+01,nan,nan,9.762639078897267476e-10
5.054952112305435463e+01,nan,nan,9.762595754701665304e-10
5.057609931693765049e+01,nan,nan,9.762563286365318155e-10
5.060778740475167581e+01,nan,nan,9.762524532174320783e-10
5.063947549256570824e+01,nan,nan,9.762485730661910822e-10
5.067481289550396895e+01,nan,nan,9.762442404862459209e-10
5.070136247110048799e+01,nan,nan,9.762409814801375015e-10
5.073305055891452042e+01,nan,nan,9.762370873722624619e-10
5.076473864672854575e+01,nan,nan,9.762331885433291428e-10
5.079990626787182606e+01,nan,nan,9.762288560781073151e-10
5.082642625786915147e+01,nan,nan,9.762255851140486928e-10
5.085811434568317679e+01,nan,nan,9.762216723909247811e-10
5.088980243349720922e+01,nan,nan,9.762177549578292917e-10
5.092480040249530049e+01,nan,nan,9.762134228723826268e-10
5.095128978863600366e+01,nan,nan,9.762101401728948989e-10
5.098297787645003609e+01,nan,nan,9.762062089082569949e-10
5.101466596426406142e+01,nan,nan,9.762022729449037870e-10
5.104949445027460087e+01,nan,nan,9.761979414984045145e-10
5.107595217234934637e+01,nan,nan,9.761946472931595479e-10
5.110764026016337880e+01,nan,nan,9.761906975612696524e-10
5.113932834797740412e+01,nan,nan,9.761867431420148184e-10
5.117398755851522196e+01,nan,nan,9.761824125878693053e-10
5.120041249617474222e+01,nan,nan,9.761791071160581616e-10
5.123210058398877464e+01,nan,nan,9.761751389915531947e-10
5.126378867180279997e+01,nan,nan,9.761711661910783227e-10
5.129827878885983239e+01,nan,nan,9.761668367846202669e-10
5.132466977153455190e+01,nan,nan,9.761635202936446021e-10
5.135635785934858433e+01,nan,nan,9.761595338513070679e-10
5.138804594716260965e+01,nan,nan,9.761555427444571141e-10
5.142236711143731043e+01,nan,nan,9.761512147449063080e-10
5.144872290025933381e+01,nan,nan,9.761478874927567243e-10
5.148041098807336624e+01,nan,nan,9.761438828076532634e-10
5.151209907588739156e+01,nan,nan,9.761398734695883397e-10
5.154625135432475247e+01,nan,nan,9.761355471444620245e-10
5.157257064240801725e+01,nan,nan,9.761322094000019994e-10
5.160425873022204968e+01,nan,nan,9.761281865476773627e-10
5.163594681803607500e+01,nan,nan,9.761241590540495469e-10
5.166993019816153065e+01,nan,nan,9.761198346802081754e-10
5.169621160138359528e+01,nan,nan,9.761164867245322927e-10
5.172789968919762771e+01,nan,nan,9.761124457809574361e-10
5.175958777701165303e+01,nan,nan,9.761084002078036515e-10
5.179340217155887416e+01,nan,nan,9.761040780708052742e-10
5.181964423412019016e+01,nan,nan,9.761007201965069620e-10
5.185133232193422259e+01,nan,nan,9.760966612379049245e-10
5.188302040974824791e+01,nan,nan,9.760925976615003226e-10
5.191666568946411786e+01,nan,nan,9.760882780514706810e-10
5.194286688099808913e+01,nan,nan,9.760849105631362456e-10
5.197455496881211445e+01,nan,nan,9.760808336660346757e-10
5.200624305662614688e+01,nan,nan,9.760767521629689434e-10
5.203971907536956110e+01,nan,nan,9.760724353716248611e-10
5.206587780484181138e+01,nan,nan,9.760690585843598647e-10
5.209756589265583671e+01,nan,nan,9.760649638257361900e-10
5.212925398046986913e+01,nan,nan,9.760608644731079372e-10
5.216256061355318252e+01,nan,nan,9.760565507889369246e-10
5.218867523643832840e+01,nan,nan,9.760531650275565822e-10
5.222036332425235372e+01,nan,nan,9.760490524848828846e-10
5.225205141206638615e+01,nan,nan,9.760449353602471178e-10
5.228518862172376203e+01,nan,nan,9.760406250598256982e-10
5.231125745436330732e+01,nan,nan,9.760372306569682854e-10
5.234294554217733975e+01,nan,nan,9.760331004080305617e-10
5.237463362999136507e+01,nan,nan,9.760289655891978864e-10
5.240760140806742839e+01,nan,nan,9.760246589442993519e-10
5.243362273852634559e+01,nan,nan,9.760212562390104854e-10
5.246531082634037801e+01,nan,nan,9.760171083618404052e-10
5.249699891415440334e+01,nan,nan,9.760129559269214866e-10
5.252979741075790088e+01,nan,nan,9.760086531876546488e-10
5.255576950298611649e+01,nan,nan,9.760052425249228243e-10
5.258745759080014892e+01,nan,nan,9.760010770979557212e-10
5.261914567861417424e+01,nan,nan,9.759969071254828800e-10
5.265177508356786262e+01,nan,nan,9.759926085356993426e-10
5.267769619051868091e+01,nan,nan,9.759891902648731249e-10
5.270938427833270623e+01,nan,nan,9.759850073670009362e-10
5.274107236614673866e+01,nan,nan,9.759808199359595811e-10
5.277353294296676012e+01,nan,nan,9.759765257286175997e-10
5.279940129592802123e+01,nan,nan,9.759731002047377970e-10
5.283108938374204655e+01,nan,nan,9.759688999152044254e-10
5.286277747155607898e+01,nan,nan,9.759646951049040131e-10
5.289506953660830391e+01,nan,nan,9.759604055045177767e-10
5.292088334915015224e+01,nan,nan,9.759569730877237316e-10
5.295257143696418467e+01,nan,nan,9.759527554860212340e-10
5.298425952477820999e+01,nan,nan,9.759485333759982823e-10
5.301638336025009579e+01,nan,nan,9.759442486101462706e-10
5.304214081626489730e+01,nan,nan,9.759408096672698373e-10
5.307382890407892972e+01,nan,nan,9.759365748332141117e-10
5.310551699189295505e+01,nan,nan,9.759323355033992901e-10
5.313747287974356226e+01,nan,nan,9.759280557983408364e-10
5.316317212808859693e+01,nan,nan,9.759246107038286871e-10
5.319486021590262226e+01,nan,nan,9.759203587176849975e-10
5.322654830371665469e+01,nan,nan,9.759161022484571003e-10
5.325833645417777262e+01,nan,nan,9.759118278388614833e-10
5.328397559884927404e+01,nan,nan,9.759083769761405763e-10
5.331566368666330646e+01,nan,nan,9.759041079186434048e-10
5.334735177447733179e+01,nan,nan,9.758998343907991597e-10
5.337897235937625595e+01,nan,nan,9.758955655153038501e-10
5.340454946277319692e+01,nan,nan,9.758921092763186227e-10
5.343623755058722935e+01,nan,nan,9.758878232285298082e-10
5.346792563840125467e+01,nan,nan,9.758835327232278341e-10
5.349937876265732228e+01,nan,nan,9.758792696282685480e-10
5.352489184207365014e+01,nan,nan,9.758758084140082438e-10
5.355657992988768257e+01,nan,nan,9.758715054573477945e-10
5.358826801770170789e+01,nan,nan,9.758671980560664156e-10
5.361955373611716880e+01,nan,nan,9.758629409938596207e-10
5.364500076937235207e+01,nan,nan,9.758594752136948910e-10
5.367668885718637739e+01,nan,nan,9.758551554300309399e-10
5.370837694500040982e+01,nan,nan,9.758508312147491317e-10
5.373949535258161347e+01,nan,nan,9.758465804311186373e-10
5.376487430268507239e+01,nan,nan,9.758431104995732615e-10
5.379656239049910482e+01,nan,nan,9.758387739712772812e-10
5.382825047831313015e+01,nan,nan,9.758344330244910071e-10
5.385920161945561802e+01,nan,nan,9.758301887712626447e-10
5.388451042773832711e+01,nan,nan,9.758267151089556897e-10
5.391619851555235243e+01,nan,nan,9.758223619188857419e-10
5.394788660336638486e+01,nan,nan,9.758180043235529453e-10
5.397867062424085560e+01,nan,nan,9.758137668375553486e-10
5.400390724474726056e+01,nan,nan,9.758102898663441705e-10
5.403559533256129299e+01,nan,nan,9.758059200977506070e-10
5.406728342037531831e+01,nan,nan,9.758015459371938115e-10
5.409790050648015836e+01,nan,nan,9.757973154486563673e-10
5.412306290913828377e+01,nan,nan,9.757938355911717360e-10
5.415475099695231620e+01,nan,nan,9.757894493276969925e-10
5.418643908476634152e+01,nan,nan,9.757850586856587225e-10
5.421688946943988441e+01,nan,nan,9.757808354169912723e-10
5.424197564566824781e+01,nan,nan,9.757773530958298367e-10
5.427366373348227313e+01,nan,nan,9.757729504216025241e-10
5.430535182129630556e+01,nan,nan,9.757685433823528385e-10
5.433563583726063939e+01,nan,nan,9.757643275409568589e-10
5.436064381700602866e+01,nan,nan,9.757608431762850110e-10
5.439233190482006108e+01,nan,nan,9.757564241759678923e-10
5.442401999263409351e+01,nan,nan,9.757520008242975602e-10
5.445413798340138101e+01,nan,nan,9.757477926147139302e-10
5.451075390257907571e+01,nan,nan,9.757398713857035327e-10
5.454244199039310814e+01,nan,nan,9.757354318068609608e-10
5.457239433424619079e+01,nan,nan,9.757312314273102794e-10
5.462892817785184718e+01,nan,nan,9.757232928394907974e-10
5.466061626566587250e+01,nan,nan,9.757188371191479089e-10
5.469040331221117412e+01,nan,nan,9.757146447703639566e-10
5.474685315464816426e+01,nan,nan,9.757066893318317017e-10
5.477854124246218959e+01,nan,nan,9.757022175561492837e-10
5.480816331879250924e+01,nan,nan,9.756980334406575139e-10
5.486452723675034804e+01,nan,nan,9.756900616624070320e-10
5.489621532456438047e+01,nan,nan,9.756855739181387530e-10
5.492567270287845815e+01,nan,nan,9.756813982449633640e-10
5.498194875934633075e+01,nan,nan,9.756734106432750915e-10
5.501363684716036317e+01,nan,nan,9.756689070177743262e-10
5.504292972889334123e+01,nan,nan,9.756647400048364639e-10
5.509911596596430172e+01,nan,nan,9.756567371022050319e-10
5.513080405377832705e+01,nan,nan,9.756522176834277560e-10
5.515993256987614757e+01,nan,nan,9.756480595575482025e-10
5.521602700626176130e+01,nan,nan,9.756400418830040028e-10
5.524771509407578662e+01,nan,nan,9.756355067594678476e-10
5.527667932848702037e+01,nan,nan,9.756313577531710023e-10
5.533267997407319427e+01,nan,nan,9.756233258402726201e-10
5.536436806188722670e+01,nan,nan,9.756187751011530323e-10
5.539316806058144493e+01,nan,nan,9.756146354515357421e-10
5.544907291821993311e+01,nan,nan,9.756065898382797935e-10
5.548076100603395844e+01,nan,nan,9.756020235734828271e-10
5.550939678828942903e+01,nan,nan,9.755978935207417982e-10
5.556520386537242473e+01,nan,nan,9.755898347480053489e-10
5.559689195318645716e+01,nan,nan,9.755852530482195708e-10
5.562536354193903065e+01,nan,nan,9.755811328312975037e-10
5.568107086761619229e+01,nan,nan,9.755730614401941931e-10
5.571275895543021761e+01,nan,nan,9.755684643969146711e-10
5.574106638198817620e+01,nan,nan,9.755643542527516621e-10
5.579667201149366207e+01,nan,nan,9.755562707839583782e-10
5.582836009930768739e+01,nan,nan,9.755516584893832839e-10
5.585650346929366350e+01,nan,nan,9.755475586433095356e-10
5.591200552426149528e+01,nan,nan,9.755394636310782478e-10
5.594369361207552060e+01,nan,nan,9.755348361782221799e-10
5.597167299030688525e+01,nan,nan,9.755307468606747013e-10
5.602706960212305631e+01,nan,nan,9.755226408411706478e-10
5.605875768993708874e+01,nan,nan,9.755179983239723725e-10
5.608657321161138043e+01,nan,nan,9.755139197543790192e-10
5.614186258121446826e+01,nan,nan,9.755058032569857979e-10
5.617355066902849359e+01,nan,nan,9.755011457703709080e-10
5.620120242517710807e+01,nan,nan,9.754970781738484699e-10
5.625638275884852391e+01,nan,nan,9.754889517304696846e-10
5.628807084666255633e+01,nan,nan,9.754842793703568030e-10
5.631555892669955199e+01,nan,nan,9.754802229715212126e-10
5.637062846195484411e+01,nan,nan,9.754720871127127827e-10
5.640231654976886944e+01,nan,nan,9.754673999760104611e-10
5.642964098616371871e+01,nan,nan,9.754633550071760136e-10
5.648459795406563444e+01,nan,nan,9.754552102677226130e-10
5.651628604187966687e+01,nan,nan,9.754505084524325219e-10
5.654344680750757135e+01,nan,nan,9.754464751541561608e-10
5.659828943124406209e+01,nan,nan,9.754383220734854279e-10
5.662997751905808741e+01,nan,nan,9.754336056788241595e-10
5.665697450321280115e+01,nan,nan,9.754295843037332546e-10
5.671170097853502057e+01,nan,nan,9.754214234290216491e-10
5.674338906634904589e+01,nan,nan,9.754166925555756066e-10
5.677022206821637695e+01,nan,nan,9.754126833695249728e-10
5.682483055977953512e+01,nan,nan,9.754045152563752365e-10
5.685651864759356044e+01,nan,nan,9.753997700061461293e-10
5.688318737521638013e+01,nan,nan,9.753957732885635813e-10
5.693767600818384977e+01,nan,nan,9.753875985024039141e-10
5.696936409599787510e+01,nan,nan,9.753828389788776202e-10
5.699586815466073375e+01,nan,nan,9.753788550247136374e-10
5.705023501027826427e+01,nan,nan,9.753706741415907567e-10
5.708192309809228959e+01,nan,nan,9.753659004498372051e-10
5.710826204990505062e+01,nan,nan,9.753619295607972305e-10
5.716250520239965027e+01,nan,nan,9.753537431620766251e-10
5.719419329021367560e+01,nan,nan,9.753489554089299142e-10
5.722036662048461153e+01,nan,nan,9.753449978987821658e-10
5.727448411824987318e+01,nan,nan,9.753368065743081326e-10
5.730617220606390561e+01,nan,nan,9.753320048685327936e-10
5.733217935417476241e+01,nan,nan,9.753280610586547236e-10
5.738616923436413231e+01,nan,nan,9.753198654047155031e-10
5.741785732217816474e+01,nan,nan,9.753150498571996466e-10
5.744369769235404988e+01,nan,nan,9.753111200750565500e-10
5.749755799483403251e+01,nan,nan,9.753029206924642336e-10
5.752924608264805784e+01,nan,nan,9.752980914162927552e-10
5.755491903161272660e+01,nan,nan,9.752941759974254843e-10
5.760864778623286497e+01,nan,nan,9.752859734936079540e-10
5.764033587404689740e+01,nan,nan,9.752811306042176303e-10
5.766584072942990247e+01,nan,nan,9.752772298896032686e-10
5.771943597169739348e+01,nan,nan,9.752690248764483573e-10
5.775112405951141881e+01,nan,nan,9.752641684918637998e-10
5.777646007862865218e+01,nan,nan,9.752602828344170944e-10
5.782991981804166670e+01,nan,nan,9.752520759335011948e-10
5.786160790585569913e+01,nan,nan,9.752472061746661352e-10
5.788677428568712457e+01,nan,nan,9.752433359379716360e-10
5.794009650943983303e+01,nan,nan,9.752351277804995232e-10
5.797178459725385835e+01,nan,nan,9.752302447714852631e-10
5.801827499011474032e+01,nan,nan,9.752230739233791622e-10
5.804996307792876564e+01,nan,nan,9.752181815679186052e-10
5.808165116574279807e+01,nan,nan,9.752132854362832193e-10
5.812782823893115136e+01,nan,nan,9.752061438682792766e-10
5.815951632674518379e+01,nan,nan,9.752012384939345212e-10
5.819120441455920911e+01,nan,nan,9.751963293709687368e-10
5.823706480083246362e+01,nan,nan,9.751892180557254735e-10
5.826875288864648894e+01,nan,nan,9.751842997966205473e-10
5.830044097646052137e+01,nan,nan,9.751793778177385868e-10
5.834598091406390097e+01,nan,nan,9.751722977955733489e-10
5.837766900187793340e+01,nan,nan,9.751673667903391731e-10
5.840935708969195872e+01,nan,nan,9.751624320955905725e-10
5.845457257808126883e+01,nan,nan,9.751553844513614866e-10
5.848626066589529415e+01,nan,nan,9.751504408436421105e-10
5.851794875370932658e+01,nan,nan,9.751454935782932270e-10
5.856283535437568588e+01,nan,nan,9.751384794733835866e-10
5.859452344218971120e+01,nan,nan,9.751335234124305168e-10
5.862621153000374363e+01,nan,nan,9.751285637275385924e-10
5.867076444627335263e+01,nan,nan,9.751215843885294465e-10
5.870245253408738506e+01,nan,nan,9.751166160298102452e-10
5.873414062190141038e+01,nan,nan,9.751116440828363473e-10
5.877835459298989917e+01,nan,nan,9.751047008192594508e-10
5.881004268080392450e+01,nan,nan,9.750997203251432614e-10
5.884173076861795693e+01,nan,nan,9.750947362806988135e-10
5.888560011646250558e+01,nan,nan,9.750878304790548704e-10
5.891728820427653801e+01,nan,nan,9.750828380197293478e-10
5.894897629209056333e+01,nan,nan,9.750778420505590266e-10
5.899249481357192337e+01,nan,nan,9.750709751928692833e-10
5.902418290138594870e+01,nan,nan,9.750659709474130331e-10
5.905587098919998112e+01,nan,nan,9.750609632355197345e-10
5.909903195421157562e+01,nan,nan,9.750541369014774765e-10
5.913072004202560805e+01,nan,nan,9.750491210590782853e-10
5.916240812983963338e+01,nan,nan,9.750441017970029792e-10
5.920520419985899707e+01,nan,nan,9.750373176787575236e-10
5.923689228767302950e+01,nan,nan,9.750322904401241496e-10
5.926858037548705482e+01,nan,nan,9.750272598323932396e-10
5.931101505525030859e+01,nan,nan,9.750205179165330935e-10
5.934270314306434102e+01,nan,nan,9.750154794943082364e-10
5.937439123087836634e+01,nan,nan,9.750104377579701930e-10
5.941646853039689802e+01,nan,nan,9.750037379572650249e-10
5.944815661821093045e+01,nan,nan,9.749986885779857438e-10
5.947984470602495577e+01,nan,nan,9.749936359447657029e-10
5.952155128535606110e+01,nan,nan,9.749869809503849769e-10
5.955323937317009353e+01,nan,nan,9.749819208588380034e-10
5.958492746098411885e+01,nan,nan,9.749768575796080575e-10
5.962625887061336982e+01,nan,nan,9.749702486921700368e-10
5.965794695842739515e+01,nan,nan,9.749651781535004648e-10
5.968963504624142757e+01,nan,nan,9.749601045006327850e-10
5.973058147123002470e+01,nan,nan,9.749535439054142312e-10
5.976226955904405713e+01,nan,nan,9.749484632093513760e-10
5.979395764685808246e+01,nan,nan,9.749433794811705112e-10
5.983451011372243755e+01,nan,nan,9.749368692628320040e-10
5.986594386943668411e+01,nan,nan,9.749318195971385407e-10
5.989763195725071654e+01,nan,nan,9.749267261463776719e-10
5.993850168432914671e+01,nan,nan,9.749201525788482901e-10
5.997018977214317914e+01,nan,nan,9.749150525175836003e-10
6.000187785995720446e+01,nan,nan,9.749099496223034196e-10
6.004132889186341515e+01,nan,nan,9.749035927178947192e-10
6.007164128609633735e+01,nan,nan,9.748987054569622135e-10
6.010332937391036268e+01,nan,nan,9.748935937378482402e-10
6.014683968616878929e+01,nan,nan,9.748865705894199052e-10
6.017852777398282171e+01,nan,nan,9.748814525983443880e-10
6.021021586179684704e+01,nan,nan,9.748763320386749591e-10
6.024747874531664138e+01,nan,nan,9.748703074182207267e-10
6.027548109461183401e+01,nan,nan,9.748657777874469414e-10
6.030716918242585933e+01,nan,nan,9.748606496871990484e-10
6.033473468398184991e+01,nan,nan,9.748561868332844717e-10
6.038883368696505016e+01,nan,nan,9.748474231856504694e-10
6.042633860554710878e+01,nan,nan,9.748413438990391596e-10
6.048042891275959221e+01,nan,nan,9.748325710849572908e-10
6.050808948435245327e+01,nan,nan,9.748280826262407091e-10
6.056321979146609635e+01,nan,nan,9.748191324404260003e-10
6.059955758867231879e+01,nan,nan,9.748132302610056579e-10
6.065262543284950425e+01,nan,nan,9.748046069665370419e-10
6.068283168831079877e+01,nan,nan,9.747996967927137694e-10
6.073869396297089196e+01,nan,nan,9.747906131608222770e-10
6.077092315684290469e+01,nan,nan,9.747853709774447475e-10
6.082643781523663762e+01,nan,nan,9.747763394514585373e-10
6.085676554125192439e+01,nan,nan,9.747714048338995363e-10
6.091248978897522193e+01,nan,nan,9.747623375219727845e-10
6.094390318236798265e+01,nan,nan,9.747572262276168828e-10
6.099940668604607907e+01,nan,nan,9.914878922605733223e-10
6.102962016259598954e+01,1.530817570859041007e+04,1.530817570859041007e+04,1.064690999825184972e-09
6.108516848384012121e+01,1.527885967156089282e+04,1.527885967156089282e+04,1.235643280582579807e-09
6.111588406418824349e+01,1.526927480618493428e+04,1.526927480618493428e+04,1.357513319671426183e-09
6.116558993539281630e+01,1.524915828175819843e+04,1.524915828175819843e+04,1.620110587597418388e-09
6.120792796584944284e+01,1.523662879769812753e+04,1.523662879769812753e+04,1.937976110920557932e-09
6.124263073240447142e+01,1.522540164888645813e+04,1.522540164888645813e+04,2.304712204046048784e-09
6.127081854068097044e+01,1.521131081627951608e+04,1.521131081627951608e+04,2.705902764530907266e-09
6.130520466388433931e+01,1.519894662420896748e+04,1.519894662420896748e+04,3.393023880019177614e-09
6.133136422867309534e+01,1.519165960425670892e+04,1.519165960425670892e+04,4.106145552362119042e-09
6.135836922250216929e+01,1.518766878817262841e+04,1.518766878817262841e+04,5.079479740592370920e-09
6.138471761492657208e+01,1.518315076132571266e+04,1.518315076132571266e+04,6.156097511126137895e-09
6.141100918942834852e+01,1.518206078267656267e+04,1.518206078267656267e+04,7.493744305104310228e-09
6.143838819987590227e+01,1.518153404620859510e+04,1.518153404620859510e+04,8.183230237901692091e-09
6.146429721015933012e+01,1.516228522543016334e+04,1.516228522543016334e+04,7.484162475457696709e-09
6.149231685315616147e+01,1.515567814457423083e+04,1.515567814457423083e+04,6.754817757775337857e-09
6.151847692252287203e+01,1.515463649169901691e+04,1.515463649169901691e+04,6.289302425453571391e-09
6.154685579471057366e+01,1.515447890580633066e+04,1.515447890580633066e+04,5.877316393974484943e-09
6.157328728733393319e+01,1.515495147352666572e+04,1.515495147352666572e+04,5.570206002287334623e-09
6.160203776929394337e+01,1.515552354039750026e+04,1.515552354039750026e+04,5.228991825252285451e-09
6.162770144077768464e+01,1.515576173734811709e+04,1.515576173734811709e+04,4.887890641750629870e-09
6.165846771612117294e+01,1.515552648422661696e+04,1.515552648422661696e+04,4.622346680683242877e-09
6.168552500091010415e+01,1.515304072174682915e+04,1.515304072174682915e+04,4.510782797853714539e-09
6.171570184518481739e+01,1.513338169799989737e+04,1.513338169799989737e+04,4.277529665360673773e-09
6.174555076791182273e+01,1.513045589594728153e+04,1.527090165056863407e+04,4.020782423338501647e-09
6.177604356176073708e+01,1.512933674393100046e+04,1.530652848142568655e+04,3.965586732843705358e-09
6.180371094176774704e+01,1.512894766943118884e+04,1.532661239523991571e+04,3.789061802694951849e-09
6.182896803365550653e+01,1.512892329971174149e+04,1.534442102380456345e+04,3.705682610676326250e-09
6.185821637826101949e+01,1.512928198542640894e+04,1.536291058628936298e+04,3.765775975865953625e-09
6.188584066553176655e+01,1.512988494730136881e+04,1.538139695096649848e+04,4.129465965719153643e-09
6.191610188272741766e+01,1.513050023769758081e+04,1.540190829747107091e+04,4.615469728089356532e-09
6.194719787803932576e+01,1.513105087722240569e+04,1.542339638961359196e+04,5.239577816957168991e-09
6.197760529865809787e+01,1.513143491835550230e+04,1.544567961872702654e+04,6.012791019554493623e-09
6.200848457192070384e+01,1.513173724957787272e+04,1.546965175259592434e+04,7.012237617151335884e-09
6.203423316654386355e+01,1.513194310913998925e+04,1.549081463907005673e+04,8.045080303997111449e-09
6.206012398361135496e+01,1.513204720326543793e+04,1.551330361392575287e+04,9.280684411126941611e-09
6.208516493355671173e+01,1.513183507101700343e+04,1.553651868346921583e+04,1.061448964571752023e-08
6.211236214443525938e+01,1.513050905146800869e+04,1.556356975218873595e+04,1.208164510895425622e-08
6.213805843733833711e+01,1.512308819124990623e+04,1.559117846288962028e+04,1.327058288729171777e-08
6.216317703624501689e+01,1.510282061893525861e+04,1.562040035005638310e+04,1.411758203330456309e-08
6.218854011661940717e+01,1.510166095079212209e+04,1.565253648121447259e+04,1.454561590337037222e-08
6.221530785297952804e+01,1.510087549213908824e+04,1.568975977877540572e+04,1.461327076824580041e-08
6.224179817690306749e+01,1.510034135435557619e+04,1.573041611257127443e+04,1.445181661659082482e-08
6.226875086275528304e+01,1.510012629385310538e+04,1.577606665988186796e+04,1.402229989129306485e-08
6.229418893042385719e+01,1.510009647328642859e+04,1.582327252731860244e+04,1.355732211593652323e-08
6.232066460454576173e+01,1.510021152356520361e+04,1.587608211316496818e+04,1.306846414274228737e-08
6.234598475461278611e+01,1.510051950367197423e+04,1.592869913860569613e+04,1.248608292323468787e-08
6.237269079510732439e+01,1.510099454224050896e+04,1.598415663387614222e+04,1.186945614669776522e-08
6.239808454709944385e+01,1.510146777503410522e+04,1.603487909849840435e+04,1.137043284388993618e-08
6.242500041816063572e+01,1.510195884230811680e+04,1.608483339960262128e+04,1.085188343902220012e-08
6.245059291203158125e+01,1.510242041355024594e+04,1.612921878433537313e+04,1.032094178253394228e-08
6.247790298589424651e+01,1.510288064962548015e+04,1.617361456073583031e+04,9.797984671150952371e-09
6.250331109297545140e+01,1.510327312790026372e+04,1.621297713209698850e+04,9.342974805032111822e-09
6.253034657013426312e+01,1.510367687992127139e+04,1.625292891141785549e+04,8.825859531268501463e-09
6.255925134141910604e+01,1.510411998075577321e+04,1.629417139294670960e+04,8.366397535467403222e-09
6.258577154229614337e+01,1.633097230720916014e+04,1.633097230720916014e+04,7.951580927020856668e-09
6.261418560947420531e+01,1.636925648758729767e+04,1.636925648758729767e+04,7.527234217930390851e-09
6.263955871855456792e+01,1.640273064179502762e+04,1.640273064179502762e+04,7.186261050394808634e-09
6.266676093063043140e+01,1.643795011024721316e+04,1.643795011024721316e+04,6.811783294010821565e-09
6.269608825828106546e+01,1.647526827110549129e+04,1.647526827110549129e+04,6.445438002244944824e-09
6.272136714725472473e+01,1.650696227616280885e+04,1.650696227616280885e+04,6.141648459461316771e-09
6.274855300545042525e+01,1.654054186258841219e+04,1.654054186258841219e+04,5.848060494230233993e-09
6.277802517719992892e+01,1.657637717337536014e+04,1.657637717337536014e+04,5.531531476147114510e-09
6.281026942433623361e+01,1.661497096184111433e+04,1.661497096184111433e+04,5.214340925949728550e-09
6.283668682358825919e+01,1.507367239291025362e+04,1.664623096516518490e+04,4.979992882830442787e-09
6.286549867359607191e+01,1.507307586665775307e+04,1.667991162154611811e+04,4.730381066458817842e-09
6.289728626215990204e+01,1.507256086363651775e+04,1.671668060523034001e+04,4.468745223508733592e-09
6.293289444456391379e+01,1.507221014599980117e+04,1.675713155116503185e+04,4.204483330520124230e-09
6.295901648386877270e+01,1.507211344569642824e+04,1.678642281880440351e+04,4.023099533081414530e-09
6.298653755125752696e+01,1.507211387093980375e+04,1.681685154450954724e+04,3.842244480433254314e-09
6.301559552171914902e+01,1.507219107792200339e+04,1.684846759069358450e+04,3.659980610773592584e-09
6.304642674616626152e+01,1.507236281527341816e+04,1.688140239166751417e+04,3.483592414669443807e-09
6.307924861592358212e+01,1.507267473198358311e+04,1.691581209658707667e+04,3.307589514019020208e-09
6.311433970732426246e+01,1.507314789270587244e+04,1.695168849050906283e+04,3.131125830457533817e-09
6.315105862798873915e+01,1.507372874869434781e+04,1.698841943762169103e+04,2.964102939635635209e-09
6.319145269205921522e+01,1.702732362881314111e+04,1.702732362881314111e+04,2.792949562336584703e-09
6.323387208513160118e+01,1.706647192535251088e+04,1.706647192535251088e+04,2.629496016603938156e-09
6.327379210105694085e+01,1.710214837576880382e+04,1.710214837576880382e+04,2.488807046974441017e-09
6.331851160786996502e+01,1.714081908159390514e+04,1.714081908159390514e+04,2.344492427818684509e-09
6.334670319952880391e+01,1.716410119370807661e+04,1.716410119370807661e+04,2.260479603580844928e-09
6.338978872803973275e+01,1.719883002600803229e+04,1.719883002600803229e+04,2.141203480407061992e-09
6.342565451998183335e+01,1.722646888201450565e+04,1.722646888201450565e+04,2.049730878657022960e-09
6.345894449913979685e+01,1.725133541095357214e+04,1.725133541095357214e+04,1.970479835608682293e-09
6.348683277231624089e+01,1.727191714522925031e+04,1.727191714522925031e+04,1.908246565131633597e-09
6.351310995248574898e+01,1.729121164571237750e+04,1.729121164571237750e+04,1.852286439989418998e-09
6.355878504511218807e+01,1.732345665949365866e+04,1.732345665949365866e+04,1.762512559568208593e-09
6.359134580112003476e+01,1.734534235848209210e+04,1.734534235848209210e+04,1.702630870869087124e-09
6.363482824134014493e+01,1.737474678521019086e+04,1.737474678521019086e+04,1.628576568521732703e-09
6.366323224421970650e+01,1.739330780626740307e+04,1.739330780626740307e+04,1.583342033945754485e-09
6.371099912165441026e+01,1.742439393975566418e+04,1.742439393975566418e+04,1.512542546216633887e-09
6.373623743247958373e+01,1.744095810056878690e+04,1.744095810056878690e+04,1.477425979852690316e-09
6.378825105180914790e+01,1.747403326209896477e+04,1.747403326209896477e+04,1.409894130789627617e-09
6.382902267899033433e+01,1.749954616553115557e+04,1.749954616553115557e+04,1.361001045207146453e-09
6.386071076680435965e+01,1.751932725895359545e+04,1.751932725895359545e+04,1.325309951975474219e-09
6.390479985008730068e+01,1.754706065358546766e+04,1.754706065358546766e+04,1.278779473622786716e-09
6.393648793790132601e+01,1.756706300310647566e+04,1.756706300310647566e+04,1.247327742645430240e-09
6.397876833537088714e+01,1.759385331199443317e+04,1.759385331199443317e+04,1.207808422290940794e-09
6.401045642318491957e+01,1.761419572897464968e+04,1.761419572897464968e+04,1.179895694188797190e-09
6.405444700894967980e+01,1.764307802744816217e+04,1.764307802744816217e+04,1.143335371556145063e-09
6.408613509676369802e+01,1.766461375059910279e+04,1.766461375059910279e+04,1.118550038217980613e-09
6.412864776345300299e+01,1.769450373575832782e+04,1.769450373575832782e+04,1.087075235909574734e-09
6.416033585126703542e+01,1.771755654162430437e+04,1.771755654162430437e+04,1.064903487701441215e-09
6.420450979325201502e+01,1.775455999708926538e+04,1.775455999708926538e+04,1.035642105577142031e-09
6.423619788106604744e+01,1.778671256144030122e+04,1.778671256144030122e+04,1.015789988600238372e-09
6.427876664952142960e+01,nan,nan,9.904833425492635960e-10
6.431045473733546203e+01,nan,nan,9.742108097970731354e-10
6.435479061953277835e+01,nan,nan,9.742030965621500675e-10
6.438647870734681078e+01,nan,nan,9.741975760292608970e-10
6.442846045507370434e+01,nan,nan,9.741902524290357216e-10
6.446014854288773677e+01,nan,nan,9.741847172147422316e-10
6.450393993097810608e+01,nan,nan,9.741770575495861828e-10
6.453562801879213850e+01,nan,nan,9.741715075256592483e-10
6.457825432303299351e+01,nan,nan,9.741640320324320205e-10
6.460994241084702594e+01,nan,nan,9.741584676490944685e-10
6.465355629653782898e+01,nan,nan,9.741507992117122186e-10
6.468524438435186141e+01,nan,nan,9.741452204871285217e-10
6.472829303941669821e+01,nan,nan,9.741376321565313025e-10
6.475998112723071642e+01,nan,nan,9.741320393933221792e-10
6.480359996762666697e+01,nan,nan,9.741243312870820705e-10
6.483528805544068518e+01,nan,nan,9.741187245674332912e-10
6.487865797678659874e+01,nan,nan,9.741110415049163033e-10
6.491034606460063117e+01,nan,nan,9.741054210563054316e-10
6.495407161992200429e+01,nan,nan,9.740976561231456018e-10
6.498575970773603672e+01,nan,nan,9.740920220517658780e-10
6.502940679481885411e+01,nan,nan,9.740842524120862951e-10
6.506109488263288654e+01,nan,nan,9.740786048945105878e-10
6.510498782488626546e+01,nan,nan,9.740707729442598948e-10
6.513667591270029789e+01,nan,nan,9.740651120940811953e-10
6.518058427922501608e+01,nan,nan,9.740572590219749792e-10
6.521227236703904850e+01,nan,nan,9.740515849885163452e-10
6.525637154025838527e+01,nan,nan,9.740436795225957426e-10
6.528805962807241769e+01,nan,nan,9.740379924175472363e-10
6.533222743620227391e+01,nan,nan,9.740300565171310649e-10
6.536391552401630634e+01,nan,nan,9.740243564667278925e-10
6.540824777235992826e+01,nan,nan,9.740163729838392760e-10
6.543993586017396069e+01,nan,nan,9.740106600934396388e-10
6.548436817437180935e+01,nan,nan,9.740026406661559693e-10
6.551605626218584177e+01,nan,nan,9.739969150485105819e-10
6.556064167938423282e+01,nan,nan,9.739888501517505326e-10
6.559232976719826524e+01,nan,nan,9.739831119064444960e-10
6.563703479669052854e+01,nan,nan,9.739750076300385019e-10
6.566872288450456097e+01,nan,nan,9.739692568572034770e-10
6.571357746315911186e+01,nan,nan,9.739611078022158514e-10
6.574526555097314429e+01,nan,nan,9.739553445926564170e-10
6.579025272359744747e+01,nan,nan,9.739471538567352449e-10
6.582194081141147990e+01,nan,nan,9.739413783007710454e-10
6.586707792702949860e+01,nan,nan,9.739331427394301736e-10
6.589876601484353102e+01,nan,nan,9.739273549218583887e-10
6.594404491468222318e+01,nan,nan,9.739190760304412210e-10
6.597573300249625561e+01,nan,nan,9.739132760342938270e-10
6.602116410611171204e+01,nan,nan,9.739049519097017922e-10
6.605285219392574447e+01,nan,nan,9.738991398128987892e-10
6.609843195534750748e+01,nan,nan,9.738907710995831326e-10
6.613012004316153991e+01,nan,nan,9.738849469772474094e-10
6.617585495334301982e+01,nan,nan,9.738765324734278180e-10
6.620754304115705224e+01,nan,nan,9.738706963969717381e-10
6.625343194847243922e+01,nan,nan,9.738622362994425446e-10
6.628512003628645743e+01,nan,nan,9.738563883382692497e-10
6.631014417544629680e+01,nan,nan,9.738517667811359667e-10
6.636285521733340431e+01,nan,nan,9.738420220769387685e-10
6.638797678104820932e+01,nan,nan,9.738373731778559517e-10
6.644074857408908485e+01,nan,nan,9.738275976563588864e-10
6.646596973978751066e+01,nan,nan,9.738229209893725677e-10
6.651880285912129409e+01,nan,nan,9.738131146017126292e-10
6.654412415826638494e+01,nan,nan,9.738084100426708569e-10
6.659701853110574632e+01,nan,nan,9.737985728560614329e-10
6.662244153518267353e+01,nan,nan,9.737938400852549711e-10
6.667539742273694969e+01,nan,nan,9.737839721012449573e-10
6.670092278447988576e+01,nan,nan,9.737792109675214383e-10
6.675394009175752785e+01,nan,nan,9.737693122511280581e-10
6.677956894845344493e+01,nan,nan,9.737645225111450078e-10
6.683264770838130175e+01,nan,nan,9.737545931009049515e-10
6.685838069054655364e+01,nan,nan,9.737497746041264585e-10
6.691152073599489825e+01,nan,nan,9.737398145734313260e-10
6.693735868308475290e+01,nan,nan,9.737349671284784023e-10
6.699055987985281035e+01,nan,nan,9.737249765419090791e-10
6.701650330584769222e+01,nan,nan,9.737201000166522364e-10
6.706976539271005322e+01,nan,nan,9.737100789600882681e-10
6.709581489902203089e+01,nan,nan,9.737051732044314482e-10
6.714913761277577464e+01,nan,nan,9.736951217618389048e-10
6.717529358801159844e+01,nan,nan,9.736901866643594318e-10
6.722867657645288375e+01,nan,nan,9.736801049346012856e-10
6.725493939794351661e+01,nan,nan,9.736751403849315522e-10
6.730838228359650088e+01,nan,nan,9.736650284701031909e-10
6.733475220317517085e+01,nan,nan,9.736600343806613139e-10
6.738825454960390005e+01,nan,nan,9.736498923926550453e-10
6.741473172875706155e+01,nan,nan,9.736448686921539790e-10
6.746829305687074907e+01,nan,nan,9.736346967496139727e-10
6.749487755910311648e+01,nan,nan,9.736296433846515572e-10
6.754849734233208380e+01,nan,nan,9.736194416139523993e-10
6.757518917002774117e+01,nan,nan,9.736143585420816547e-10
6.762886684579764562e+01,nan,nan,9.736041270751791255e-10
6.765566586406522731e+01,nan,nan,9.735990142795357002e-10
6.770940081908366892e+01,nan,nan,9.735887532569619957e-10
6.773630680162177953e+01,nan,nan,9.735836107377905284e-10
6.779009838135779376e+01,nan,nan,9.735733203070966785e-10
6.781711101507335115e+01,nan,nan,9.735681480810350801e-10
6.787095852853687461e+01,nan,nan,9.735578283961118341e-10
6.789807736164692642e+01,nan,nan,9.735526265063854614e-10
6.795198007077745217e+01,nan,nan,9.735422777297115641e-10
6.797920458494026263e+01,nan,nan,9.735370462324940458e-10
6.803316171642975974e+01,nan,nan,9.735266685329415213e-10
6.806049124026083064e+01,nan,nan,9.735214075140693895e-10
6.811450197882660973e+01,nan,nan,9.735110010683074731e-10
6.814193577724611828e+01,nan,nan,9.735057106263031086e-10
6.819599927574864751e+01,nan,nan,9.734952756168678139e-10
6.822353648001737270e+01,nan,nan,9.734899558764925938e-10
6.827765185437299067e+01,nan,nan,9.734794924928641159e-10
6.830529150406138683e+01,nan,nan,9.734741435972033289e-10
6.835945784287346783e+01,nan,nan,9.734636520340284328e-10
6.838719888100041544e+01,nan,nan,9.734582741456172791e-10
6.844141524366943941e+01,nan,nan,9.734477546032544119e-10
6.846925651568570004e+01,nan,nan,9.734423479044227304e-10
6.852352193901450050e+01,nan,nan,9.734318005877796260e-10
6.855146222002566958e+01,nan,nan,9.734263652755556348e-10
6.860577571966561550e+01,nan,nan,9.734157903939433161e-10
6.863381368388185422e+01,nan,nan,9.734103266861153987e-10
6.868817425655757347e+01,nan,nan,9.733997244529084135e-10
6.871630851682976981e+01,nan,nan,9.733942325804566228e-10
6.877071514583599310e+01,nan,nan,9.733836032120481077e-10
6.879894420285737056e+01,nan,nan,9.733780834291718704e-10
6.885339585307342247e+01,nan,nan,9.733674271459866402e-10
6.888171819519259031e+01,nan,nan,9.733618797107024076e-10
6.893621382560820621e+01,nan,nan,9.733511967347720756e-10
6.896462782183783702e+01,nan,nan,9.733456219298730468e-10
6.901916637645926755e+01,nan,nan,9.733349124866680228e-10
6.904767036298522953e+01,nan,nan,9.733293106029640178e-10
6.910225077794525816e+01,nan,nan,9.733185749200621610e-10
6.913084299353297979e+01,nan,nan,9.733129462691043470e-10
6.918546419257201308e+01,nan,nan,9.733021845771407762e-10
6.921414282308433030e+01,nan,nan,9.732965294826100966e-10
6.926880372189216928e+01,nan,nan,9.732857420145095666e-10
6.929756688807259479e+01,nan,nan,9.732800608147462598e-10
6.935226638991180437e+01,nan,nan,9.732692478066529121e-10
6.938111214696237994e+01,nan,nan,9.732635408548041632e-10
6.943584914769081706e+01,nan,nan,9.732527025451468124e-10
6.946477545571192991e+01,nan,nan,9.732469702151787015e-10
6.951954883628657456e+01,nan,nan,9.732361068462091840e-10
6.954855363540801250e+01,nan,nan,9.732303495180507295e-10
6.960336226704474427e+01,nan,nan,9.732194613348339164e-10
6.963244338192195926e+01,nan,nan,9.732136794134483444e-10
6.968728612512528287e+01,nan,nan,9.732027666641069866e-10
6.971644135634534223e+01,nan,nan,9.731969605614033588e-10
6.977131706272891165e+01,nan,nan,9.731860234967646741e-10
6.980054412856888746e+01,nan,nan,9.731801936432731285e-10
6.985545163949693404e+01,nan,nan,9.731692325171800287e-10
6.988474820221966866e+01,nan,nan,9.731633793568847960e-10
6.993968635173419557e+01,nan,nan,9.731523944256619413e-10
6.996905003999556527e+01,nan,nan,9.731465184116162536e-10
7.002401765544934165e+01,nan,nan,9.731355099339701708e-10
7.005344603025109507e+01,nan,nan,9.731296115351684783e-10
7.010844193640264166e+01,nan,nan,9.731185797714261411e-10
7.013793253843687125e+01,nan,nan,9.731126594633850063e-10
7.019295555435925849e+01,nan,nan,9.731016046761367612e-10
7.022250587333709859e+01,nan,nan,9.730956629471208405e-10
7.027755482144574728e+01,nan,nan,9.730845853994736085e-10
7.030716234065161530e+01,nan,nan,9.730786227415573454e-10
7.036223604142639942e+01,nan,nan,9.730675226981408870e-10
7.039189818493177597e+01,nan,nan,9.730615396178944450e-10
7.044699546338475216e+01,nan,nan,9.730504173436540899e-10
7.047670968959832294e+01,nan,nan,9.730444143432873565e-10
7.053182937141740183e+01,nan,nan,9.730332701041997220e-10
7.056159304287501755e+01,nan,nan,9.730272477078968447e-10
7.061673396269885927e+01,nan,nan,9.730160817693409100e-10
7.064654451896026899e+01,nan,nan,9.730100404883038500e-10
7.070170550930336617e+01,nan,nan,9.729988531172943440e-10
7.073156029328195871e+01,nan,nan,9.729927934848941235e-10
7.078674019696337893e+01,nan,nan,9.729815849475474570e-10
7.081663661720284608e+01,nan,nan,9.729755074864881902e-10
7.087183427698775517e+01,nan,nan,9.729642780501646468e-10
7.090176965244563689e+01,nan,nan,9.729581833039496982e-10
7.095698392163725998e+01,nan,nan,9.729469332351112433e-10
7.098695562451970886e+01,nan,nan,9.729408217390991429e-10
7.104218535124910261e+01,nan,nan,9.729295513064915878e-10
7.107219071265387811e+01,nan,nan,9.729234236070287197e-10
7.112743475174751495e+01,nan,nan,9.729121330793044040e-10
7.115747108692741563e+01,nan,nan,9.729059897286496323e-10
7.121272829687308104e+01,nan,nan,9.728946793749989768e-10
7.124279292770377481e+01,nan,nan,9.728885209267433400e-10
7.129806216559271093e+01,nan,nan,9.728771910179110378e-10
7.132815238456494455e+01,nan,nan,9.728710180343222855e-10
7.138343251322504557e+01,nan,nan,9.728596688411828970e-10
7.141354561975066417e+01,nan,nan,9.728534818858011894e-10
7.146883550010549868e+01,nan,nan,9.728421136809043157e-10
7.149896879611954148e+01,nan,nan,9.728359133194231709e-10
7.155426729327980695e+01,nan,nan,9.728245263757723287e-10
7.158441805965296112e+01,nan,nan,9.728183131808703914e-10
7.163972404113941650e+01,nan,nan,9.728069077722487149e-10
7.166988957557683193e+01,nan,nan,9.728006823158119841e-10
7.172520191363388165e+01,nan,nan,9.727892587163320322e-10
7.175537950243101193e+01,nan,nan,9.727830215752575670e-10
7.181069707301801941e+01,nan,nan,9.727715800595511614e-10
7.184088404526622185e+01,nan,nan,9.727653318045104527e-10
7.189620572955998057e+01,nan,nan,9.727538726474176577e-10
7.192639939903243373e+01,nan,nan,9.727476138548459911e-10
7.198172408805399414e+01,nan,nan,9.727361373304580657e-10
7.201192180303330304e+01,nan,nan,9.727298685722614993e-10
7.206724839730671306e+01,nan,nan,9.727183749539721825e-10
7.209744751632949544e+01,nan,nan,9.727120968024604384e-10
7.215277492440921492e+01,nan,nan,9.727005863632600119e-10
7.218297284829775151e+01,nan,nan,9.726942993844928425e-10
7.223829998731274316e+01,nan,nan,9.726827723968541864e-10
7.226849414165830865e+01,nan,nan,9.726764771542158283e-10
7.232381994239881351e+01,nan,nan,9.726649338890362506e-10
7.235400776630790176e+01,nan,nan,9.726586309455401567e-10
7.240933117090547455e+01,nan,nan,9.726470716725671843e-10
7.243951015209123057e+01,nan,nan,9.726407615835300987e-10
7.249483011042835301e+01,nan,nan,9.726291865721386134e-10
7.252499775817942407e+01,nan,nan,9.726228698907098602e-10
7.258031323575053761e+01,nan,nan,9.726112794082094809e-10
7.261046709880238836e+01,nan,nan,9.726049566816287991e-10
7.266577706811702342e+01,nan,nan,9.725933509950532799e-10
7.269591473613108690e+01,nan,nan,9.725870227642674251e-10
7.275121817933998614e+01,nan,nan,9.725754021398225123e-10
7.278133723262465082e+01,nan,nan,9.725690689499836266e-10
7.283663314391691301e+01,nan,nan,9.725574336524965699e-10
7.286673122322839902e+01,nan,nan,9.725510960382865497e-10
7.292201860299783789e+01,nan,nan,9.725394463324441851e-10
7.295209337335310806e+01,nan,nan,9.725331048255978892e-10
7.300737123041197663e+01,nan,nan,9.725214409754420584e-10
7.303742038568339012e+01,nan,nan,9.725150961037416632e-10
7.309268773396610186e+01,nan,nan,9.725034183733661135e-10
7.312270898771245697e+01,nan,nan,9.724970706625421804e-10
7.317796485337274248e+01,nan,nan,9.724853793145703458e-10
7.320795596096607483e+01,nan,nan,9.724790292835645582e-10
7.326319937324912246e+01,nan,nan,9.724673245810835072e-10
7.329315810257730845e+01,nan,nan,9.724609727482126138e-10
7.334838809961910044e+01,nan,nan,9.724492549534880245e-10
7.337831228138198014e+01,nan,nan,9.724429018257380537e-10
7.343352790477680969e+01,nan,nan,9.724311712013923261e-10
7.346341535056447469e+01,nan,nan,9.724248172917378871e-10
7.351861565651795161e+01,nan,nan,9.724130740983422199e-10
7.354846428809402425e+01,nan,nan,9.724067198982253768e-10
7.360364833336714696e+01,nan,nan,9.723949643972881644e-10
7.363345603101349468e+01,nan,nan,9.723886104088211974e-10
7.368862288928109194e+01,nan,nan,9.723768428592677559e-10
7.371838764889670870e+01,nan,nan,9.723704895617335876e-10
7.377353639759715520e+01,nan,nan,9.723587102226767964e-10
7.380325619827348760e+01,nan,nan,9.723523581006634722e-10
7.385838592937244584e+01,nan,nan,9.723405672291313018e-10
7.388805884154083969e+01,nan,nan,9.723342167494288356e-10
7.394316865581848219e+01,nan,nan,9.723224146014798008e-10
7.397279276731732978e+01,nan,nan,9.723160662287473891e-10
7.402788177798268521e+01,nan,nan,9.723042530587556583e-10
7.405745523709593670e+01,nan,nan,9.722979072463050272e-10
7.411252257341462268e+01,nan,nan,9.722860833061042905e-10
7.414204356260195539e+01,nan,nan,9.722797405014384969e-10
7.419708836129576923e+01,nan,nan,9.722679060421558250e-10
7.422655514117698772e+01,nan,nan,9.722615666774531645e-10
7.428157655256795522e+01,nan,nan,9.722497219481592574e-10
7.431098740343752240e+01,nan,nan,9.722433864527403230e-10
7.436598459152135376e+01,nan,nan,9.722315317004220058e-10
7.439533784577834297e+01,nan,nan,9.722252004937999239e-10
7.445030998258175714e+01,nan,nan,9.722133359645345367e-10
7.447960404263396583e+01,nan,nan,9.722070094523863901e-10
7.453455031433688305e+01,nan,nan,9.721951353900081658e-10
7.456378357887606967e+01,nan,nan,9.721888139800868473e-10
7.461870317926835128e+01,nan,nan,9.721769306275598250e-10
7.464787417074263942e+01,nan,nan,9.721706147020498678e-10
7.470276630517396654e+01,nan,nan,9.721587223006103130e-10
7.473187348277335218e+01,nan,nan,9.721524122565391791e-10
7.478673736429252017e+01,nan,nan,9.721405110465144925e-10
7.481577932850176182e+01,nan,nan,9.721342072514022504e-10
7.487061417871576907e+01,nan,nan,9.721222974719731539e-10
7.489958949574366898e+01,nan,nan,9.721160003018424615e-10
7.495439454289611092e+01,nan,nan,9.721040821914780945e-10
7.498330184867947423e+01,nan,nan,9.720977920082080622e-10
7.503807633057883208e+01,nan,nan,9.720858658039717709e-10
7.506691431558300565e+01,nan,nan,9.720795829585489878e-10
7.512165747285472150e+01,nan,nan,9.720676488976050343e-10
7.515042484038954740e+01,nan,nan,9.720613737391414916e-10
7.520513592301905703e+01,nan,nan,9.720494320572239427e-10
7.523383142774385135e+01,nan,nan,9.720431649245171029e-10
7.528850969253264225e+01,nan,nan,9.720312158565665525e-10
7.531713211222105997e+01,nan,nan,9.720249570842060102e-10
7.537177682379061139e+01,nan,nan,9.720130008640275400e-10
7.540032500693234851e+01,nan,nan,9.720067507719586912e-10
7.545493543597982011e+01,nan,nan,9.719947876326536590e-10
7.548340824104103319e+01,nan,nan,9.719885465393505520e-10
7.553798366780468143e+01,nan,nan,9.719765767125289090e-10
7.556638003671082515e+01,nan,nan,9.719703449189088905e-10
7.562091974818775952e+01,nan,nan,9.719583686352396698e-10
7.564923861898735424e+01,nan,nan,9.719521464437263825e-10
7.570374191439486822e+01,nan,nan,9.719401639317556582e-10
7.573198230028974365e+01,nan,nan,9.719339516288443480e-10
7.578644848658007049e+01,nan,nan,9.719219631159318105e-10
7.581460945695194198e+01,nan,nan,9.719157609763653480e-10
7.586903785233758413e+01,nan,nan,9.719037666879150258e-10
7.589711849149207978e+01,nan,nan,9.718975749836308985e-10
7.595150842457321971e+01,nan,nan,9.718855751432357084e-10
7.597950789641519975e+01,nan,nan,9.718793941291242454e-10
7.603385870791649381e+01,nan,nan,9.718673889581590190e-10
7.606177618513767413e+01,nan,nan,9.718612188875848148e-10
7.611608722603268973e+01,nan,nan,9.718492086055934198e-10
7.614392197563599041e+01,nan,nan,9.718430497114704756e-10
7.619819261123240040e+01,nan,nan,9.718310345352823863e-10
7.622594389562591743e+01,nan,nan,9.718248870518692857e-10
7.628017349885655563e+01,nan,nan,9.718128671969911079e-10
7.630784067474898791e+01,nan,nan,9.718067313379537729e-10
7.636202863299300247e+01,nan,nan,9.717947070171055477e-10
7.638961104756239706e+01,nan,nan,9.717885829984812205e-10
7.644375675510917745e+01,nan,nan,9.717765544231984662e-10
7.647125386800192359e+01,nan,nan,9.717704424362486752e-10
7.652535673891361512e+01,nan,nan,9.717584098140114506e-10
7.655276797236159325e+01,nan,nan,9.717523100584881128e-10
7.660682741998655843e+01,nan,nan,9.717402735972837450e-10
7.663415231359755353e+01,nan,nan,9.717341862469849517e-10
7.668816777469456270e+01,nan,nan,9.717221461498616726e-10
7.671540584276816332e+01,nan,nan,9.717160713842798265e-10
7.676937675475959111e+01,nan,nan,9.717040278544457204e-10
7.679652760092542962e+01,nan,nan,9.716979658332289545e-10
7.685045341945864550e+01,nan,nan,9.716859190700959671e-10
7.687751664436352428e+01,nan,nan,9.716798699535680141e-10
7.693139682894457110e+01,nan,nan,9.716678201559250176e-10
7.695837212136929395e+01,nan,nan,9.716617840847225048e-10
7.701220615173360784e+01,nan,nan,9.716497314470659241e-10
7.703909319793854138e+01,nan,nan,9.716437085623370902e-10
7.709288055912497839e+01,nan,nan,9.716316532781847956e-10
7.711967910484472100e+01,nan,nan,9.716256437076541853e-10
7.717341929858110916e+01,nan,nan,9.716135859669955014e-10
7.720012911747582507e+01,nan,nan,9.716075898320378075e-10
7.725382165364948150e+01,nan,nan,9.715955298231942562e-10
7.728044255134020091e+01,nan,nan,9.715895472378582465e-10
7.733408695360944307e+01,nan,nan,9.715774851462233368e-10
7.736061880081564368e+01,nan,nan,9.715715162097595178e-10
7.741421461075742627e+01,nan,nan,9.715594522168226731e-10
7.744065727125783383e+01,nan,nan,9.715534970298348190e-10
7.749420403465686036e+01,nan,nan,9.715414313162888879e-10
7.752055745725193958e+01,nan,nan,9.715354899600032395e-10
7.757405474604099993e+01,nan,nan,9.715234227007214415e-10
7.760031886408512491e+01,nan,nan,9.715174952595929326e-10
7.765376625130959098e+01,nan,nan,9.715054266293082797e-10
7.767994107468697962e+01,nan,nan,9.714995131702250095e-10
7.773333815820075188e+01,nan,nan,9.714874433381250951e-10
7.775942369685891720e+01,nan,nan,9.714815439276494602e-10
7.781277008011655028e+01,nan,nan,9.714694730617220522e-10
7.783876639133346487e+01,nan,nan,9.714635877553814464e-10
7.789206169607605545e+01,nan,nan,9.714515160195160465e-10
7.791796886964458224e+01,nan,nan,9.714456448651099287e-10
7.797121273208679781e+01,nan,nan,9.714335724199328107e-10
7.799703086920581541e+01,nan,nan,9.714277154623138088e-10
7.805022293325359328e+01,nan,nan,9.714156424667007260e-10
7.807595219917169516e+01,nan,nan,9.714097997357710056e-10
7.812909213764179128e+01,nan,nan,9.713977263420499560e-10
7.815473266757534532e+01,nan,nan,9.713918978741184032e-10
7.820782014679038241e+01,nan,nan,9.713798242360424104e-10
7.823337216545699846e+01,nan,nan,9.713740100466465791e-10
7.828640688644868817e+01,nan,nan,9.713619363100655763e-10
7.831187060018841350e+01,nan,nan,9.713561364184525118e-10
7.836485226650880520e+01,nan,nan,9.713440627285538604e-10
7.839022792768058423e+01,nan,nan,9.713382771429980572e-10
7.844315626366206118e+01,nan,nan,9.713262036401938050e-10
7.846844413078272851e+01,nan,nan,9.713204323671090147e-10
7.852131886916484405e+01,nan,nan,9.713083591897794473e-10
7.854651925916722632e+01,nan,nan,9.713026022217212512e-10
7.859934016304958959e+01,nan,nan,9.712905295012321624e-10
7.862445337984128457e+01,nan,nan,9.712847868332159701e-10
7.867722021477617034e+01,nan,nan,9.712727147002383220e-10
7.870224660729867594e+01,nan,nan,9.712669863164310694e-10
7.875495916328947033e+01,nan,nan,9.712549148959226945e-10
7.880086909734635015e+01,nan,nan,9.712443948579909593e-10
7.883255718516038257e+01,nan,nan,9.712371301881216371e-10
7.887832640180214128e+01,nan,nan,9.712266323068934526e-10
7.891001448961615949e+01,nan,nan,9.712193606684210009e-10
7.895564322886286845e+01,nan,nan,9.712088849962343591e-10
7.898733131667690088e+01,nan,nan,9.712016064206443739e-10
7.903281988836046423e+01,nan,nan,9.711911529930622510e-10
7.906450797617449666e+01,nan,nan,9.711838675117615393e-10
7.910985668568633855e+01,nan,nan,9.711734363646765429e-10
7.914154477350037098e+01,nan,nan,9.711661440090009811e-10
7.918675399400636650e+01,nan,nan,9.711557351619736579e-10
7.921844208182038471e+01,nan,nan,9.711484359631631693e-10
7.926351218995247905e+01,nan,nan,9.711380494341598822e-10
7.929520027776651148e+01,nan,nan,9.711307434234210963e-10
7.934013171989448665e+01,nan,nan,9.711203792135916263e-10
7.937181980770851908e+01,nan,nan,9.711130664220044071e-10
7.941661302107327458e+01,nan,nan,9.711027245337895574e-10
7.944830110888730701e+01,nan,nan,9.710954049923936505e-10
7.949295657662017334e+01,nan,nan,9.710850854168224406e-10
7.952464466443420577e+01,nan,nan,9.710777591565694969e-10
7.956916290322017460e+01,nan,nan,9.710674618761259638e-10
7.960085099103420703e+01,nan,nan,9.710601289278685795e-10
7.964523253349368304e+01,nan,nan,9.710498539204717570e-10
7.967692062130771546e+01,nan,nan,9.710425143150261322e-10
7.972116603317286376e+01,nan,nan,9.710322615501069404e-10
7.975285412098689619e+01,nan,nan,9.710249153181800873e-10
7.979696398412356473e+01,nan,nan,9.710146847605461272e-10
7.982865207193758295e+01,nan,nan,9.710073319327950137e-10
7.987262701826718114e+01,nan,nan,9.709971235348066789e-10
7.990431510608121357e+01,nan,nan,9.709897641418001782e-10
7.994815574656929869e+01,nan,nan,9.709795778597715791e-10
7.997984383438333111e+01,nan,nan,9.709722119320111491e-10
8.002355085286852443e+01,nan,nan,9.709620477044500924e-10
8.005523894068254265e+01,nan,nan,9.709546752723699826e-10
8.009881302814567050e+01,nan,nan,9.709445330352291144e-10
8.013050111595970293e+01,nan,nan,9.709371541291649329e-10
8.017394296325217340e+01,nan,nan,9.709270338175155382e-10
8.020563105106619162e+01,nan,nan,9.709196484677636021e-10
8.024894144401775975e+01,nan,nan,9.709095499936224082e-10
8.028062953183179218e+01,nan,nan,9.709021582304258883e-10
8.032380917124498865e+01,nan,nan,9.708920815247288975e-10
8.035549725905900686e+01,nan,nan,9.708846833782217768e-10
8.039854697933522232e+01,nan,nan,9.708746283398112109e-10
8.043023506714925475e+01,nan,nan,9.708672238400923171e-10
8.047315561478143309e+01,nan,nan,9.708571903873988618e-10
8.050484370259545130e+01,nan,nan,9.708497795645064317e-10
8.054763595263634102e+01,nan,nan,9.708397675849826522e-10
8.057932404045037345e+01,nan,nan,9.708323504688951586e-10
8.062198877634008909e+01,nan,nan,9.708223598705031497e-10
8.065367686415412152e+01,nan,nan,9.708149364911390951e-10
8.069621490182105106e+01,nan,nan,9.708049671733178893e-10
8.072790298963506928e+01,nan,nan,9.707975375605666179e-10
8.077031502290131471e+01,nan,nan,9.707875894505092252e-10
8.080200311071534713e+01,nan,nan,9.707801536342034195e-10
8.084429009780021147e+01,nan,nan,9.707702265962143760e-10
8.087597818561424390e+01,nan,nan,9.707627846061716222e-10
8.091814116419732272e+01,nan,nan,9.707528784848859361e-10
8.094982925201135515e+01,nan,nan,9.707454303508406890e-10
8.099186916593049546e+01,nan,nan,9.707355450119858538e-10
8.102355725374451367e+01,nan,nan,9.707280907636432031e-10
8.106547511337852541e+01,nan,nan,9.707182260563023907e-10
8.109716320119254362e+01,nan,nan,9.707107657233256536e-10
8.113895997858139708e+01,nan,nan,9.707009215046551121e-10
8.117064806639542951e+01,nan,nan,9.706934551166821699e-10
8.121232472455186269e+01,nan,nan,9.706836312450270126e-10
8.124401281236589512e+01,nan,nan,9.706761588316570759e-10
8.128557032415650951e+01,nan,nan,9.706663551621200748e-10
8.131725841197054194e+01,nan,nan,9.706588767529511136e-10
8.135869775414016658e+01,nan,nan,9.706490931388208270e-10
8.139038584195419901e+01,nan,nan,9.706416087634259957e-10
8.143170800150817001e+01,nan,nan,9.706318450546384187e-10
8.146339608932220244e+01,nan,nan,9.706243547425896310e-10
8.150460201068362665e+01,nan,nan,9.706146107982907947e-10
8.153629009849765907e+01,nan,nan,9.706071145791386644e-10
8.157738079500714434e+01,nan,nan,9.705973902412878545e-10
8.160906888282117677e+01,nan,nan,9.705898881446127739e-10
8.165004529576974335e+01,nan,nan,9.705801832713894606e-10
8.168173338358377578e+01,nan,nan,9.705726753267612755e-10
8.172327228387722187e+01,nan,nan,9.705628295517506183e-10
8.175496037169125430e+01,nan,nan,9.705553157347391695e-10
8.179641288514910968e+01,nan,nan,9.705454827718274837e-10
8.182810097296312790e+01,nan,nan,9.705379631102401021e-10
8.186880554508134367e+01,nan,nan,9.705283001111886187e-10
8.190049363289537609e+01,nan,nan,9.705207746858425043e-10
8.194158432302842243e+01,nan,nan,9.705110125444771954e-10
8.197327241084245486e+01,nan,nan,9.705034813456790323e-10
8.201385500547408469e+01,nan,nan,9.704938325609461375e-10
8.204554309328811712e+01,nan,nan,9.704862956503808519e-10
8.208634113491631012e+01,nan,nan,9.704765882905088947e-10
8.211802922273034255e+01,nan,nan,9.704690456725202189e-10
8.215843359982603999e+01,nan,nan,9.704594247363266668e-10
8.219012168764007242e+01,nan,nan,9.704518764636103484e-10
8.223064045474771433e+01,nan,nan,9.704422210668183261e-10
8.226232854256174676e+01,nan,nan,9.704346671521791209e-10
8.230254915905074142e+01,nan,nan,9.704250756707611823e-10
8.233423724686475964e+01,nan,nan,9.704175161595718082e-10
8.237514197876919297e+01,nan,nan,9.704077542915793519e-10
8.240683006658322540e+01,nan,nan,9.704001891530939192e-10
8.244758867190412843e+01,nan,nan,9.703904549419472822e-10
8.247927675971816086e+01,nan,nan,9.703828842103570945e-10
8.251986038736968965e+01,nan,nan,9.703731846486302733e-10
8.255154847518372208e+01,nan,nan,9.703656083605246311e-10
8.259195981916180074e+01,nan,nan,9.703559429120323285e-10
8.262364790697583317e+01,nan,nan,9.703483611039258792e-10
8.266389738375217178e+01,nan,nan,9.703387273816688655e-10
8.269558547156620421e+01,nan,nan,9.703311400894407750e-10
8.273568179811039158e+01,nan,nan,9.703215361068118399e-10
8.276736988592440980e+01,nan,nan,9.703139433658646112e-10
8.280731940612874098e+01,nan,nan,9.703043676995380039e-10
8.283900749394275920e+01,nan,nan,9.702967695449790433e-10
8.287881523511079251e+01,nan,nan,9.702872210834219234e-10
8.291050332292482494e+01,nan,nan,9.702796175502033342e-10
8.295017344433699691e+01,nan,nan,9.702700953870110388e-10
8.298186153215101513e+01,nan,nan,9.702624865100032400e-10
8.302139770064846402e+01,nan,nan,9.702529898544434227e-10
8.305308578846249645e+01,nan,nan,9.702453756684719590e-10
8.309249119690707630e+01,nan,nan,9.702359038414270621e-10
8.312417928472110873e+01,nan,nan,9.702282843813588370e-10
8.316345688042490281e+01,nan,nan,9.702188367608155096e-10
8.319514496823893523e+01,nan,nan,9.702112120615606469e-10
8.323429740596004933e+01,nan,nan,9.702017880941030061e-10
8.326598549377408176e+01,nan,nan,9.701941581906531068e-10
8.330501524742460617e+01,nan,nan,9.701847573648486146e-10
8.333670333523863860e+01,nan,nan,9.701771222923348666e-10
8.337561270864604523e+01,nan,nan,9.701677441362552702e-10
8.340407211494719775e+01,nan,nan,9.701608824917371274e-10
8.342923433772843111e+01,nan,nan,9.701548142655523822e-10
8.347353150506452835e+01,nan,nan,9.701441278661011998e-10
8.350125775534320383e+01,nan,nan,9.701374368192854998e-10
8.354507603418697670e+01,nan,nan,9.701268588008886999e-10
8.357066601070640388e+01,nan,nan,9.701206792041888532e-10
8.361432207330719280e+01,nan,nan,9.701101335061740122e-10
8.364411645765869707e+01,nan,nan,9.701029338171107705e-10
8.368532151269390340e+01,nan,nan,9.700929735043371229e-10
8.371235292430492336e+01,nan,nan,9.700864372592519870e-10
8.375508964933050038e+01,nan,nan,9.700761001137754071e-10
8.378351585625472353e+01,nan,nan,9.700692221418243236e-10
8.383042859597131269e+01,nan,nan,9.700578672697037366e-10
8.386590508823645962e+01,nan,nan,9.700492772254075858e-10
8.389466959067786433e+01,nan,nan,9.700423103410143525e-10
8.391970999740848924e+01,nan,nan,9.700362439684875933e-10
8.396325214296668094e+01,nan,nan,9.700256920297616784e-10
8.399274893819737997e+01,nan,nan,9.700185414667060348e-10
8.403460363181017101e+01,nan,nan,9.700083918704707494e-10
8.406000510923713875e+01,nan,nan,9.700022302592578096e-10
8.410300167829294082e+01,nan,nan,9.699917974411230124e-10
8.413274066538762952e+01,nan,nan,9.699845791497819178e-10
8.417463669186420816e+01,nan,nan,9.699744068569036251e-10
8.421869114992080085e+01,nan,nan,9.699637064452765299e-10
8.425782936859901895e+01,nan,nan,9.699541966677550565e-10
8.428965117990772171e+01,nan,nan,9.699464622258302157e-10
8.432661374036460700e+01,nan,nan,9.699374756073407014e-10
8.435786085299183412e+01,nan,nan,9.699298763216500967e-10
8.439712276133354862e+01,nan,nan,9.699203249279203054e-10
8.442884089892635302e+01,nan,nan,9.699126063751554430e-10
8.446592955435166061e+01,nan,nan,9.699035782495087601e-10
8.449675950620867582e+01,nan,nan,9.698960714373371556e-10
8.453618427427295501e+01,nan,nan,9.698864689906786001e-10
8.456776667327491737e+01,nan,nan,9.698787743412864932e-10
8.459302828023764675e+01,nan,nan,9.698726181908844178e-10
8.463545557105241812e+01,nan,nan,9.698622758820256860e-10
8.467504882891476825e+01,nan,nan,9.698526210845584843e-10
8.470649193028133084e+01,nan,nan,9.698449514184701584e-10
8.473202494223247072e+01,nan,nan,9.698387218720529508e-10
8.477398253362622427e+01,nan,nan,9.698284821822829895e-10
8.479910956738206096e+01,nan,nan,9.698223482589866339e-10
8.482742440666690698e+01,nan,nan,9.698154346126365921e-10
8.487083313223641312e+01,nan,nan,9.698048323499373093e-10
8.491235486008784505e+01,nan,nan,9.697946874333259993e-10
8.493752556146129962e+01,nan,nan,9.697885358475168546e-10
8.496572009525078784e+01,nan,nan,9.697816437505938556e-10
8.500935935098142693e+01,nan,nan,9.697709730968118377e-10
8.505025175469019416e+01,nan,nan,9.697609706652651240e-10
8.507555847388805148e+01,nan,nan,9.697547788856926718e-10
8.510358996182075941e+01,nan,nan,9.697479189572457025e-10
8.514745349330230795e+01,nan,nan,9.697371814534353877e-10
8.518770933296187309e+01,nan,nan,9.697273237426390389e-10
8.521299248543324723e+01,nan,nan,9.754981871564231224e-10
8.524094179177902220e+01,nan,nan,9.998221281667116918e-10
8.528502508432629270e+01,1.615278973065681748e+04,1.615278973065681748e+04,1.029516770733147198e-09
8.532445004190797988e+01,1.615210521591374709e+04,1.615210521591374709e+04,1.060791833363172750e-09
8.535366348660363656e+01,1.615237520046583813e+04,1.615237520046583813e+04,1.083873602390051331e-09
8.539273450864845927e+01,nan,nan,1.111021357425251259e-09
8.541996430293777109e+01,nan,nan,1.138112853463738569e-09
8.546301715758326623e+01,nan,nan,1.164965231015594168e-09
8.548860303291994001e+01,nan,nan,1.191984626139498451e-09
8.553200852115443809e+01,1.612141366016233769e+04,1.612141366016233769e+04,1.218288447548344260e-09
8.556968915287519906e+01,1.611938882506986374e+04,1.611938882506986374e+04,1.243048066406088265e-09
8.560142208009477827e+01,1.611876008569217811e+04,1.611876008569217811e+04,1.269875446150086321e-09
8.563805431067451934e+01,1.611899627572386271e+04,1.611899627572386271e+04,1.294078050017985534e-09
8.567001139899238638e+01,1.611992181967818033e+04,1.611992181967818033e+04,1.319359252774647963e-09
8.570657153005106466e+01,1.612205564021365535e+04,1.612205564021365535e+04,1.342405976149611354e-09
8.573869064454346756e+01,nan,nan,1.365538974225468302e-09
8.577440213270047309e+01,nan,nan,1.387182352651783348e-09
8.580679733353258598e+01,1.609104052440403575e+04,1.609104052440403575e+04,1.407170268840404838e-09
8.584375718533664212e+01,1.608823202545204185e+04,1.608823202545204185e+04,1.427210503986101926e-09
8.587422063192408928e+01,1.608720271821614188e+04,1.608720271821614188e+04,1.441796903761836655e-09
8.591385275134707911e+01,1.608713045226291797e+04,1.608713045226291797e+04,1.462344635683989659e-09
8.593936826576771182e+01,1.608764593775158573e+04,1.608764593775158573e+04,1.462069596707112449e-09
8.597715672426551237e+01,1.608903290831129380e+04,1.608903290831129380e+04,1.479440918364915572e-09
8.601228802745367830e+01,1.609124175637071494e+04,1.609124175637071494e+04,1.489046419521059446e-09
8.604355626114174527e+01,nan,nan,1.501512095312156089e-09
8.608191828927814981e+01,nan,nan,1.513747699565311170e-09
8.610961614845594170e+01,1.605980836448158516e+04,1.605980836448158516e+04,1.538853830538562011e-09
8.614625175800964030e+01,1.605733630259743222e+04,1.605733630259743222e+04,1.552038115248372898e-09
8.618132609334340088e+01,1.605637234808385438e+04,1.605637234808385438e+04,1.564611420221714137e-09
8.621348062834758252e+01,1.605632504748170322e+04,1.605632504748170322e+04,1.573286767857148233e-09
8.624906608105787598e+01,1.605689232521084341e+04,1.605689232521084341e+04,1.580663372476073675e-09
8.628031097076352296e+01,1.605774915744397185e+04,1.605774915744397185e+04,1.576040609164270369e-09
8.631508104547020821e+01,1.605941815017016779e+04,1.605941815017016779e+04,1.573281935198632955e-09
8.634889654126352809e+01,nan,nan,1.590926289395854807e-09
8.638102152823127255e+01,1.603273650957941391e+04,1.603273650957941391e+04,1.610164925554037580e-09
8.641630825921428993e+01,1.603022761512422403e+04,1.603022761512422403e+04,1.621533969874005904e-09
8.645049212370474834e+01,1.602929298099146763e+04,1.602929298099146763e+04,1.629963992358247480e-09
8.648143170029393900e+01,1.602935439154631968e+04,1.602935439154631968e+04,1.628555881389876075e-09
8.651618828214287760e+01,1.603014317022106843e+04,1.603014317022106843e+04,1.624440113388602972e-09
8.655087164341695427e+01,1.603141974324382136e+04,1.603141974324382136e+04,1.616555817379147754e-09
8.658357128830914462e+01,1.603303452350530279e+04,1.603303452350530279e+04,1.639732105978039798e-09
8.661649556352203660e+01,nan,nan,1.655556056114322427e-09
8.665067401018728788e+01,nan,nan,1.663428033239336913e-09
8.668495956495463872e+01,1.600408704372792636e+04,1.600408704372792636e+04,1.664610989888683998e-09
8.671683335597298026e+01,1.600086084891861537e+04,1.600086084891861537e+04,1.651743232348270262e-09
8.675003496093918898e+01,1.599919662444460118e+04,1.599919662444460118e+04,1.652211347789110254e-09
8.678397600644592558e+01,1.599870393558387514e+04,1.599870393558387514e+04,1.671874440863067705e-09
8.681742243950178306e+01,1.599908832806286409e+04,1.599908832806286409e+04,1.684737519781532533e-09
8.685108424478475797e+01,1.600005282142784563e+04,1.600005282142784563e+04,1.688020929399219481e-09
8.688446937287561411e+01,1.600136215469926537e+04,1.600136215469926537e+04,1.679957004118354149e-09
8.691761527825136113e+01,1.600303748080241530e+04,1.600303748080241530e+04,1.663373107327724183e-09
8.695105833033589704e+01,nan,nan,1.687948995848334017e-09
8.698403574381835313e+01,nan,nan,1.703370799991834206e-09
8.701715728484158774e+01,1.597346647028959160e+04,1.597346647028959160e+04,1.706054642699162001e-09
8.705002765266547726e+01,1.597025798911523816e+04,1.597025798911523816e+04,1.693672905909741324e-09
8.708276395903796185e+01,1.596869241795470043e+04,1.596869241795470043e+04,1.687073465246629147e-09
8.711575148689661319e+01,1.596821960877051970e+04,1.596821960877051970e+04,1.710949741504373994e-09
8.714827512975941204e+01,1.596855827073640648e+04,1.596855827073640648e+04,1.721590074025833601e-09
8.718116940761618139e+01,1.596944935165391507e+04,1.596944935165391507e+04,1.715653989758445844e-09
8.721344373518793702e+01,1.597063710797717977e+04,1.597063710797717977e+04,1.689324724134502697e-09
8.724597106815554071e+01,1.597209330181627956e+04,1.597209330181627956e+04,1.719191907100482521e-09
8.727820279075349674e+01,nan,nan,1.734183882448920335e-09
8.731087258820183195e+01,nan,nan,1.730295488866978745e-09
8.734283394276640422e+01,nan,nan,1.703312736152715958e-09
8.737500784598482539e+01,1.594112464763243588e+04,1.594112464763243588e+04,1.731373310192611952e-09
8.740695865828266164e+01,1.593889722863548741e+04,1.593889722863548741e+04,1.746668835787849424e-09
8.743933123387229500e+01,1.593788796045566596e+04,1.593788796045566596e+04,1.740212793663897418e-09
8.747098475175498322e+01,1.593777901085793928e+04,1.593777901085793928e+04,1.715711387555876144e-09
8.750285664040450229e+01,1.593832365385356570e+04,1.593832365385356570e+04,1.747824455698262614e-09
8.753451967078559903e+01,1.593927720591458638e+04,1.593927720591458638e+04,1.758486519759577061e-09
8.756643335750101187e+01,1.594047051595320227e+04,1.594047051595320227e+04,1.743526557192468615e-09
8.759789458088364711e+01,1.594186089565573275e+04,1.594186089565573275e+04,1.740127040062773201e-09
8.762967895323953371e+01,nan,nan,1.765854675964073523e-09
8.766125000045039428e+01,nan,nan,1.766401516372621903e-09
8.769248699213792975e+01,nan,nan,1.736052179272042400e-09
8.772378201732546188e+01,1.591075981065176711e+04,1.591075981065176711e+04,1.766887761590903274e-09
8.775499726315905491e+01,1.590852142836044186e+04,1.590852142836044186e+04,1.780227059394120701e-09
8.778648358637344984e+01,1.590745163278411383e+04,1.590745163278411383e+04,1.763085212680389152e-09
8.781747934256742383e+01,1.590723867091433203e+04,1.590723867091433203e+04,1.764804880163269292e-09
8.784875911561600503e+01,1.590767072427808307e+04,1.590767072427808307e+04,1.789354802580370181e-09
8.788007158947736741e+01,1.590853291350801373e+04,1.590853291350801373e+04,1.783325633189068144e-09
8.791074341405554549e+01,1.590960002240088579e+04,1.590960002240088579e+04,1.761906803232781254e-09
8.794162477883487838e+01,1.591082108709293061e+04,1.591082108709293061e+04,1.796052074132655691e-09
8.797248260384775165e+01,1.591232316366557825e+04,1.591232316366557825e+04,1.797907903871264411e-09
8.800303810847039188e+01,nan,nan,1.761753419871199268e-09
8.803360588919912288e+01,nan,nan,1.802806809930835250e-09
8.806419981005491593e+01,1.588216897582834099e+04,1.588216897582834099e+04,1.810103416047215616e-09
8.809467068312977744e+01,1.587909114478559604e+04,1.587909114478559604e+04,1.777305920300849062e-09
8.812499745313031951e+01,1.587745967544296764e+04,1.587745967544296764e+04,1.810641661015159906e-09
8.815539291376184394e+01,1.587676026970511157e+04,1.587676026970511157e+04,1.821243815391387275e-09
8.818574450955891564e+01,1.587677427650953359e+04,1.587677427650953359e+04,1.790052251495374558e-09
8.821584971024043398e+01,1.587732325055719593e+04,1.587732325055719593e+04,1.820111514224076318e-09
8.824605921396324959e+01,1.587820356669209468e+04,1.587820356669209468e+04,1.831844023171904992e-09
8.827622150370729059e+01,1.587924469447520096e+04,1.587924469447520096e+04,1.799574542233911859e-09
8.830610640515833154e+01,1.588038332243043624e+04,1.588038332243043624e+04,1.831521728458806960e-09
8.833612407903513031e+01,1.588176215082633826e+04,1.588176215082633826e+04,1.841912940341785206e-09
8.836601603062284482e+01,nan,nan,1.805447914384604841e-09
8.839568941783146272e+01,nan,nan,1.844804139803669835e-09
8.842552409778129174e+01,1.585180940589362217e+04,1.585180940589362217e+04,1.850984579665552354e-09
8.845508825881873349e+01,1.584871700040613723e+04,1.584871700040613723e+04,1.814736792009531127e-09
8.848459444560052134e+01,1.584703529438945225e+04,1.584703529438945225e+04,1.859294507598267989e-09
8.851430646846741013e+01,1.584625060283722269e+04,1.584625060283722269e+04,1.858233543894536676e-09
8.854354872885568284e+01,1.584615488205716065e+04,1.584615488205716065e+04,1.836116401583664532e-09
8.857299059643510475e+01,1.584659123671698580e+04,1.584659123671698580e+04,1.873746030436653718e-09
8.860271381936230739e+01,1.584738397922546756e+04,1.584738397922546756e+04,1.862991867493578070e-09
8.863172123403836622e+01,1.584832360021339809e+04,1.584832360021339809e+04,1.858321550945183435e-09
8.866125546426994219e+01,1.584935673529499763e+04,1.584935673529499763e+04,1.886923628070508756e-09
8.869091826204504514e+01,1.585050808471004348e+04,1.585050808471004348e+04,1.864712557138851015e-09
8.871980791270955535e+01,nan,nan,1.879989657104117989e-09
8.874898143793519978e+01,nan,nan,1.897736336966321654e-09
8.877801305862175241e+01,nan,nan,1.858564008323516364e-09
8.880664930558596382e+01,1.581963335112579261e+04,1.581963335112579261e+04,1.902095114200159083e-09
8.883558742542437869e+01,1.581756219997569315e+04,1.581756219997569315e+04,1.903156713191813600e-09
8.886404366470861760e+01,1.581644784828599040e+04,1.581644784828599040e+04,1.882393425959466651e-09
8.889274386748024881e+01,1.581596891985177535e+04,1.581596891985177535e+04,1.920431110508544372e-09
8.892189526954030043e+01,1.581600565695751175e+04,1.581600565695751175e+04,1.901529520932661113e-09
8.895017105365199939e+01,1.581642020712450540e+04,1.581642020712450540e+04,1.912934569154314343e-09
8.897884245129112912e+01,1.581704750754061934e+04,1.581704750754061934e+04,1.932320962533192172e-09
8.900727550489759210e+01,1.581773455156692762e+04,1.581773455156692762e+04,1.888106694215968301e-09
8.903533016773533859e+01,1.581839340407756208e+04,1.581839340407756208e+04,1.939446608708815269e-09
8.906377848102924588e+01,1.581908456974923138e+04,1.581908456974923138e+04,1.934058792940173396e-09
8.909160482634095501e+01,1.582086533976413193e+04,1.582086533976413193e+04,1.926435712317975490e-09
8.911999102839614295e+01,1.579368718485220597e+04,1.579368718485220597e+04,1.957066256767782690e-09
8.914839729054858708e+01,1.579100798097258121e+04,1.579100798097258121e+04,1.922996651791584952e-09
8.917602652321974688e+01,1.578955737754231086e+04,1.578955737754231086e+04,1.959375232661859725e-09
8.920405529420095547e+01,1.578885333477311178e+04,1.578885333477311178e+04,1.961977919039541276e-09
8.923154003251364941e+01,1.578874590389037985e+04,1.578874590389037985e+04,1.944503308787812427e-09
8.925938069715299150e+01,1.578911306844042883e+04,1.578911306844042883e+04,1.981432800798418627e-09
8.928749966318557085e+01,1.578980762633873019e+04,1.578980762633873019e+04,1.949785988997142633e-09
8.931474114255627228e+01,1.579062453979131715e+04,1.579062453979131715e+04,1.983128069760633618e-09
8.934241588714957061e+01,1.579149331561496547e+04,1.579149331561496547e+04,1.986718008592078179e-09
8.936952159689766972e+01,1.579235876497238314e+04,1.579235876497238314e+04,1.969938739752896433e-09
8.939701891924778465e+01,1.579331983686126659e+04,1.579331983686126659e+04,2.006637979845277632e-09
8.942470361086299135e+01,1.579469747293975524e+04,1.579469747293975524e+04,1.969976672753659969e-09
8.945155849440371298e+01,nan,nan,2.011129128786560281e-09
8.947889842813204098e+01,nan,nan,2.008421075298772167e-09
8.950558239065721011e+01,1.576124356729179271e+04,1.576124356729179271e+04,2.002492448623524864e-09
8.953295289229961895e+01,1.575940931743377587e+04,1.575940931743377587e+04,2.032055209370148776e-09
8.956000777988604966e+01,1.575843539785101166e+04,1.575843539785101166e+04,1.982163678456407319e-09
8.958653644354046719e+01,1.575808022961638744e+04,1.575808022961638744e+04,2.041856966665163628e-09
8.961366047710932037e+01,1.575821769513245999e+04,1.575821769513245999e+04,2.025512028169876248e-09
8.963999481351517318e+01,1.575872390831830307e+04,1.575872390831830307e+04,2.039571444900833395e-09
8.966688214885650154e+01,1.575945182597796884e+04,1.575945182597796884e+04,2.054811223996309631e-09
8.969317279538120147e+01,1.576023436177636540e+04,1.576023436177636540e+04,2.026849156261891678e-09
8.971960442757011833e+01,1.576101724829656268e+04,1.576101724829656268e+04,2.071965190309676681e-09
8.974642636175055088e+01,1.576180317217846641e+04,1.576180317217846641e+04,2.033015238844565137e-09
8.977233975257976795e+01,1.576261286981141166e+04,1.576261286981141166e+04,2.078599354124396192e-09
8.979883648947460983e+01,1.576378794079464205e+04,1.576378794079464205e+04,2.069820471211264992e-09
8.982458282390534521e+01,nan,nan,2.076091963264639160e-09
8.985105068053178456e+01,1.573299284098965836e+04,1.573299284098965836e+04,2.096322777468595334e-09
8.987684968950352982e+01,1.573020332334921841e+04,1.573020332334921841e+04,2.064668018384973627e-09
8.990270706043710902e+01,1.572859231212494524e+04,1.572859231212494524e+04,2.113006713771275595e-09
8.992897531064795658e+01,1.572770715634708176e+04,1.572770715634708176e+04,2.070484583885748137e-09
8.995434456290861647e+01,1.572739668903567508e+04,1.572739668903567508e+04,2.121477868447587774e-09
8.998036558269986074e+01,1.572753697769819519e+04,1.572753697769819519e+04,2.106834342190238347e-09
9.000558466015253600e+01,1.572801615846304230e+04,1.572801615846304230e+04,2.122602903304892382e-09
9.003143659859782133e+01,1.572869901971708350e+04,1.572869901971708350e+04,2.134690627181280642e-09
9.005654558443173130e+01,1.572941929559502387e+04,1.572941929559502387e+04,2.117458858581855641e-09
9.008214668731669406e+01,1.573013339468829145e+04,1.573013339468829145e+04,2.154947108897985358e-09
9.010754760831717647e+01,1.573080230113746984e+04,1.573080230113746984e+04,2.105597099660569076e-09
9.014498351899747774e+01,1.573175763417104099e+04,1.573175763417104099e+04,2.147990300803157050e-09
9.017065054723541095e+01,1.573263132153584229e+04,1.573263132153584229e+04,2.174833386876713277e-09
9.020825934560252790e+01,nan,nan,2.165582659266225596e-09
9.024561515814875179e+01,1.569910710090674365e+04,1.569910710090674365e+04,2.138974331214590407e-09
9.028233408383140102e+01,1.569726735727879895e+04,1.569726735727879895e+04,2.177851731287519791e-09
9.030735002418964541e+01,1.569676234579399352e+04,1.569676234579399352e+04,2.212512530316741667e-09
9.034435209293971525e+01,1.569684613477866151e+04,1.569684613477866151e+04,2.204011591967856858e-09
9.038110773398237541e+01,1.569762661446558195e+04,1.569762661446558195e+04,2.176039017641591071e-09
9.041716950947592579e+01,1.569861688030168079e+04,1.569861688030168079e+04,2.215422023026845860e-09
9.045368509101648158e+01,1.569955261103327211e+04,1.569955261103327211e+04,2.249875477000615199e-09
9.048988764539309670e+01,1.570032904905702162e+04,1.570032904905702162e+04,2.266532723709123101e-09
9.052614503286243064e+01,1.570086736001289682e+04,1.570086736001289682e+04,2.263174995526489058e-09
9.056235013474849893e+01,1.570311845623930276e+04,1.570311845623930276e+04,2.238972788920620697e-09
9.059753708574258724e+01,1.566892208822167959e+04,1.566892208822167959e+04,2.261193070455056820e-09
9.063302307783352774e+01,1.566681091210484738e+04,1.566681091210484738e+04,2.301743897927268561e-09
9.066836477299837327e+01,1.566601362569496450e+04,1.566601362569496450e+04,2.320842901873447160e-09
9.070377463922859818e+01,1.566614720451425455e+04,1.566614720451425455e+04,2.316570200969203446e-09
9.073902462506174516e+01,1.566690825422065063e+04,1.566690825422065063e+04,2.287327083410985155e-09
9.077331085291810098e+01,1.566782255861120757e+04,1.566782255861120757e+04,2.322019257091973168e-09
9.080807084038661969e+01,1.566864817725647481e+04,1.566864817725647481e+04,2.361278478038780192e-09
9.084264927629796205e+01,1.566925863595814735e+04,1.566925863595814735e+04,2.375673228284650792e-09
9.087714120325976808e+01,1.566935670540504543e+04,1.566935670540504543e+04,2.362579666567660682e-09
9.091111167446223362e+01,1.566590781282361604e+04,1.566590781282361604e+04,2.336440845273092221e-09
9.094464174516735966e+01,1.563867671328210599e+04,1.563867671328210599e+04,2.394946865335640817e-09
9.097858992436655967e+01,1.563634578985139524e+04,1.563634578985139524e+04,2.424385851506037051e-09
9.101267571374539500e+01,1.563535935478715510e+04,1.563535935478715510e+04,2.425110276248342308e-09
9.104645746964297359e+01,1.563530430616289232e+04,1.563530430616289232e+04,2.394528921979331690e-09
9.107918940963172361e+01,1.563589950727022733e+04,1.563589950727022733e+04,2.426305028172100891e-09
9.111242193358023655e+01,1.563675408264399448e+04,1.563675408264399448e+04,2.469415452843784221e-09
9.114559983272245347e+01,1.563753865781647983e+04,1.563753865781647983e+04,2.480638835288369335e-09
9.117858954251424564e+01,1.563809892328807291e+04,1.563809892328807291e+04,2.456980643617914173e-09
9.121076187705855887e+01,1.563819750492574531e+04,1.563819750492574531e+04,2.463311044688777687e-09
9.124309040340835963e+01,1.563628430607091650e+04,1.563628430607091650e+04,2.515937785557579141e-09
9.127552036614261510e+01,1.560982303842441797e+04,1.560982303842441797e+04,2.532520444963733171e-09
9.130787284463688991e+01,1.560691921943852140e+04,1.560691921943852140e+04,2.510979738537817675e-09
9.133944343806334132e+01,1.560555795301165017e+04,1.560555795301165017e+04,2.509602186037031177e-09
9.137106605652243729e+01,1.560504183830970214e+04,1.560504183830970214e+04,2.566488390298966606e-09
9.140285983697022232e+01,1.560516828896908373e+04,1.560516828896908373e+04,2.583587429121966077e-09
9.143457629156701216e+01,1.560566925529738910e+04,1.560566925529738910e+04,2.559011751243522924e-09
9.146543465931539174e+01,1.560612468619107676e+04,1.560612468619107676e+04,2.565655751639514056e-09
9.149648927008180976e+01,1.560616147816354533e+04,1.560616147816354533e+04,2.621278605135494831e-09
9.152773324112470732e+01,1.560450973830870316e+04,1.560450973830870316e+04,2.633675727406385272e-09
9.155883900669067543e+01,1.558486018028490798e+04,1.558486018028490798e+04,2.600683566393412850e-09
9.158894001733456491e+01,1.558059792176841256e+04,1.558059792176841256e+04,2.629854969813577875e-09
9.161961590450773940e+01,1.557858808472949022e+04,1.557858808472949022e+04,2.678571652992448593e-09
9.165048341810783938e+01,1.557770426900955863e+04,1.557770426900955863e+04,2.681781827243428365e-09
9.168111440763335906e+01,1.557762606553220394e+04,1.557762606553220394e+04,2.636668795558904292e-09
9.171055088283765144e+01,1.557812777267078309e+04,1.557812777267078309e+04,2.697567597455092697e-09
9.174081692436395485e+01,1.557887261949568892e+04,1.557887261949568892e+04,2.735826331879409815e-09
9.177096144036877945e+01,1.557953682688460503e+04,1.557953682688460503e+04,2.724442376515411928e-09
9.180034653211988882e+01,1.557994319338023161e+04,1.557994319338023161e+04,2.694430542001084832e-09
9.182941136815634309e+01,1.557990032574754150e+04,1.557990032574754150e+04,2.768881432503677209e-09
9.185891781226568753e+01,1.557810014238533768e+04,1.557810014238533768e+04,2.787841243648238219e-09
9.188834723630742474e+01,1.555404105203286235e+04,1.555404105203286235e+04,2.750737907229982595e-09
9.191671213018996411e+01,1.554988332284631360e+04,1.554988332284631360e+04,2.787046753295523134e-09
9.194584364023637590e+01,1.554789242462253424e+04,1.554789242462253424e+04,2.835829806718693520e-09
9.197509373839110935e+01,1.554698247292761152e+04,1.554698247292761152e+04,2.828782547272356847e-09
9.200351285965091108e+01,1.554683423888215839e+04,1.554683423888215839e+04,2.788912617334582660e-09
9.203146969438702740e+01,1.554725208969298365e+04,1.554725208969298365e+04,2.871039445102274630e-09
9.205996730181092857e+01,1.554793334806497296e+04,1.554793334806497296e+04,2.889637071119819265e-09
9.208839020279081922e+01,1.554855901611792251e+04,1.554855901611792251e+04,2.844940305861348874e-09
9.211567716608283263e+01,1.554893271535863096e+04,1.554893271535863096e+04,2.897829228088262555e-09
9.214395888435289805e+01,1.554891587868593706e+04,1.554891587868593706e+04,2.941437420891690581e-09
9.217199025666447199e+01,1.554753980523538121e+04,1.554753980523538121e+04,2.920991397953318067e-09
9.219905910469658750e+01,1.553671766060435948e+04,1.553671766060435948e+04,2.916551077075199035e-09
9.222630902279961163e+01,1.552006941027506946e+04,1.552006941027506946e+04,2.985725133175791844e-09
9.225409426799028267e+01,1.551763421255585126e+04,1.551763421255585126e+04,2.986053976559781050e-09
9.228122823159951338e+01,1.551645390045052955e+04,1.551645390045052955e+04,2.931083148596735184e-09
9.230765736561062340e+01,1.551604952959297407e+04,1.551604952959297407e+04,3.025544773793378147e-09
9.233475764402078312e+01,1.551623739650291463e+04,1.551623739650291463e+04,3.044087824703288774e-09
9.236179929539498801e+01,1.551681923327330514e+04,1.551681923327330514e+04,2.988520393208363331e-09
9.238763856828229848e+01,1.551742176713607478e+04,1.551742176713607478e+04,3.063613998654288776e-09
9.241437016513346236e+01,1.551787014488103523e+04,1.551787014488103523e+04,3.098924049382196931e-09
9.244090654326188883e+01,1.551799945228554861e+04,1.551799945228554861e+04,3.056692654877369706e-09
9.246632923934977555e+01,1.551747179795269039e+04,1.551747179795269039e+04,3.102127957306522423e-09
9.249276314701548074e+01,1.551394184205357669e+04,1.551394184205357669e+04,3.151531694253978602e-09
9.251893714679638947e+01,1.549185857275676244e+04,1.549185857275676244e+04,3.121569909975490864e-09
9.254403832302512001e+01,1.548817771486747733e+04,1.548817771486747733e+04,3.141012326874367703e-09
9.256975641556245193e+01,1.548636085270746116e+04,1.548636085270746116e+04,3.203369736397967527e-09
9.259564572029387364e+01,1.548547664526888548e+04,1.548547664526888548e+04,3.182302843177073655e-09
9.262929953766814606e+01,1.548531313597190092e+04,1.548531313597190092e+04,3.174562900105662748e-09
9.266273120172353117e+01,1.548594266095093553e+04,1.548594266095093553e+04,3.165189237024277543e-09
9.269549858025695244e+01,1.548666650013360231e+04,1.548666650013360231e+04,3.230933026584480036e-09
9.272816096399655805e+01,1.548701610271715617e+04,1.548701610271715617e+04,3.286713039606398113e-09
9.276098282047547627e+01,1.548652843888874304e+04,1.548652843888874304e+04,3.331121987480538905e-09
9.279350027411150847e+01,1.548113824659572128e+04,1.548113824659572128e+04,3.366124850272019429e-09
9.282594654593536632e+01,1.545910518144245361e+04,1.545910518144245361e+04,3.390680854138525207e-09
9.285802673815206276e+01,1.545594358863260641e+04,1.545594358863260641e+04,3.403632367093424818e-09
9.288997003572021072e+01,1.545467431570407643e+04,1.545467431570407643e+04,3.404722423574803945e-09
9.292147008074617531e+01,1.545449955758787837e+04,1.545449955758787837e+04,3.390140086049759102e-09
9.295255088981943459e+01,1.545506813869120742e+04,1.545506813869120742e+04,3.403045115057011773e-09
9.298310891207884765e+01,1.545572880597695621e+04,1.545572880597695621e+04,3.478540029783062572e-09
9.301389191555922764e+01,1.545602419989898954e+04,1.545602419989898954e+04,3.536225318198440471e-09
9.304453323827792133e+01,1.545552950342925760e+04,1.545552950342925760e+04,3.579060312455749705e-09
9.307505890814853444e+01,1.545096951690611422e+04,1.545096951690611422e+04,3.606697213062312112e-09
9.310528918838774359e+01,1.542905891100167537e+04,1.542905891100167537e+04,3.618044628572357603e-09
9.313526075713289742e+01,1.542547747709470605e+04,1.542547747709470605e+04,3.611515917092224790e-09
9.316489009443168356e+01,1.542400780487584052e+04,1.542400780487584052e+04,3.583968202137371244e-09
9.319376952062987129e+01,1.542362770985196767e+04,1.542362770985196767e+04,3.659775737994595315e-09
9.322262349133322346e+01,1.542401859777651589e+04,1.542401859777651589e+04,3.734242821322991710e-09
9.325161933598162989e+01,1.542465592449599353e+04,1.542465592449599353e+04,3.786298535894080740e-09
9.328050767686359279e+01,1.542500622969607139e+04,1.542500622969607139e+04,3.818193978834191468e-09
9.330912354488893357e+01,1.542471191846099282e+04,1.542471191846099282e+04,3.828971246277247027e-09
9.333740885873322668e+01,1.542217570451573010e+04,1.542217570451573010e+04,3.815847817689798720e-09
9.336518694715826427e+01,1.540097447533508239e+04,1.540097447533508239e+04,3.801063324659926537e-09
9.339235969263455672e+01,1.539625643732748722e+04,1.539625643732748722e+04,3.904092960911291088e-09
9.341985398852085609e+01,1.539439032564471017e+04,1.539439032564471017e+04,3.976049024010604136e-09
9.344728333365603135e+01,1.539359836664468821e+04,1.539359836664468821e+04,4.022036410705035228e-09
9.347449039113051583e+01,1.539351754887892639e+04,1.539351754887892639e+04,4.041975171657758379e-09
9.350140342538848870e+01,1.539380881080739346e+04,1.539380881080739346e+04,4.033587733820070146e-09
9.352783115645424061e+01,1.539378771997525109e+04,1.539378771997525109e+04,3.993517052801766582e-09
9.355356957383187932e+01,1.539258951614939906e+04,1.539258951614939906e+04,4.113664987078971869e-09
9.357893196906016442e+01,1.538442372821704339e+04,1.538442372821704339e+04,4.197923869281230494e-09
9.360437917422163423e+01,1.537018655518930427e+04,1.537018655518930427e+04,4.241269722136162675e-09
9.363024769388489688e+01,1.536731667880557507e+04,1.536731667880557507e+04,4.251875713959002756e-09
9.365569679608196907e+01,1.536606719858294309e+04,1.536606719858294309e+04,4.226202478877890239e-09
9.368702456032552561e+01,1.536576356483094060e+04,1.536576356483094060e+04,4.288225958571891679e-09
9.371795292401829158e+01,1.536633305409934474e+04,1.536633305409934474e+04,4.349255118078216771e-09
9.374850004328095565e+01,1.536677355169715520e+04,1.536677355169715520e+04,4.409856490157810539e-09
9.377866862683488591e+01,1.536635554942666204e+04,1.536635554942666204e+04,4.470288660734146476e-09
9.380846956357316913e+01,1.536260332347316762e+04,1.536260332347316762e+04,4.530901752626691642e-09
9.383790727543130572e+01,1.534078772476482845e+04,1.534078772476482845e+04,4.591911540701920603e-09
9.386698182676090596e+01,1.533654197796511471e+04,1.533654197796511471e+04,4.653440099427773866e-09
9.389569032900679701e+01,1.533505312854813747e+04,1.533505312854813747e+04,4.715537246286919805e-09
9.392402811111180938e+01,1.533482551775389584e+04,1.533482551775389584e+04,4.778193187802992951e-09
9.395198992858402676e+01,1.533534132451038204e+04,1.533534132451038204e+04,4.841349385815681237e-09
9.397957136227512365e+01,1.533565035242321392e+04,1.533565035242321392e+04,4.904913168243936121e-09
9.400677042078186219e+01,1.533506006034355050e+04,1.533506006034355050e+04,4.968781852936109482e-09
9.403358919260713833e+01,1.533105265688670625e+04,1.533105265688670625e+04,5.032880561390376570e-09
9.406003519369355104e+01,1.531004481553278674e+04,1.531004481553278674e+04,5.097214735590104982e-09
9.408612192190140888e+01,1.530569090827502987e+04,1.530569090827502987e+04,5.161930499648498215e-09
9.411185958594035128e+01,1.530413152476176037e+04,1.530413152476176037e+04,5.227147118026416210e-09
9.414165537232369729e+01,1.530381046189811059e+04,1.530381046189811059e+04,5.393749785004205474e-09
9.417085344310144990e+01,1.530432279791028304e+04,1.530432279791028304e+04,5.532929447458830507e-09
9.419989575068542820e+01,1.530429378977708257e+04,1.530429378977708257e+04,5.648633491457589640e-09
9.422849326929006963e+01,1.530232761041139747e+04,1.530232761041139747e+04,5.732910162064680131e-09
9.425688132190539648e+01,1.528177351608610661e+04,1.528177351608610661e+04,5.778362823763187927e-09
9.428442733669001541e+01,1.527489420659620191e+04,1.527489420659620191e+04,5.794626300224712646e-09
9.431161024927430958e+01,1.527301461153255332e+04,1.527301461153255332e+04,6.007394766864421573e-09
9.433806008713905555e+01,1.527269649716069034e+04,1.527269649716069034e+04,6.202639681070810757e-09
9.436350146199806943e+01,1.527309705910551384e+04,1.527309705910551384e+04,6.368505225995746468e-09
9.438877130882656274e+01,1.527291220009301651e+04,1.527291220009301651e+04,6.522640043235317099e-09
9.441776473670404357e+01,1.526987956724314245e+04,1.526987956724314245e+04,6.602509389858317769e-09
9.444604474254315107e+01,1.524749677512544804e+04,1.524749677512544804e+04,6.748745737389738863e-09
9.447287244025976349e+01,1.524278092735233622e+04,1.524278092735233622e+04,7.056978517482835825e-09
9.449936917144179915e+01,1.524150833998643611e+04,1.524150833998643611e+04,7.238994368818395519e-09
9.452544641193988184e+01,1.524165462218670291e+04,1.524165462218670291e+04,7.249294795155729007e-09
9.455372852366841130e+01,1.524144360607777708e+04,1.524144360607777708e+04,7.733769364686214645e-09
9.458155429716548213e+01,1.523746993328128156e+04,1.523746993328128156e+04,7.868761431384937321e-09
9.460828042803274229e+01,1.521474818923396015e+04,1.521474818923396015e+04,8.275904549118110627e-09
9.463352999234703589e+01,1.521095902962160108e+04,1.521095902962160108e+04,8.576878241982645922e-09
9.465868295722549419e+01,1.521008414996685315e+04,1.521008414996685315e+04,8.830646467609252913e-09
9.468490825375710074e+01,1.521017807613016157e+04,1.521017807613016157e+04,9.319059969972336129e-09
9.471102793291355226e+01,1.520793577752686178e+04,1.520793577752686178e+04,9.792981630056397847e-09
9.473782843025512079e+01,1.518482253559065066e+04,1.518482253559065066e+04,1.009710724518844883e-08
9.476332920558232331e+01,1.517940590828779932e+04,1.517940590828779932e+04,1.084433511479258369e-08
9.478987224471177342e+01,1.517855637161504455e+04,1.517855637161504455e+04,1.164499516611427606e-08
9.481673252705624577e+01,1.517733961966070638e+04,1.517733961966070638e+04,1.250378847836404328e-08
9.484383512946919836e+01,1.515541807782652722e+04,1.515541807782652722e+04,1.338134366512939020e-08
9.487049740561992905e+01,1.514867160504631102e+04,1.514867160504631102e+04,1.474404969394674241e-08
9.489619830161677783e+01,1.514690858600101274e+04,1.514690858600101274e+04,1.660137133380284671e-08
9.492244776725569011e+01,1.512305693981178774e+04,1.512305693981178774e+04,1.878105212743379206e-08
9.494788526645325533e+01,1.511884559456258830e+04,1.511884559456258830e+04,2.181694667631638701e-08
9.497376075563538222e+01,1.511040836852770371e+04,1.511040836852770371e+04,2.615581197880750603e-08
9.499881115150502353e+01,1.508682052146368187e+04,1.508682052146368187e+04,3.342974685800713987e-08
9.502400159799938706e+01,1.505747448331872511e+04,1.505747448331872511e+04,5.127217475258032978e-08
9.504155974474950597e+01,1.504787629222522810e+04,1.504787629222522810e+04,8.247018939916468072e-08
9.505131086729197420e+01,1.502166715117931926e+04,1.502166715117931926e+04,1.335868525752584386e-07
9.505654698194489072e+01,1.500094562948623388e+04,1.500094562948623388e+04,2.156851820602933277e-07
9.505942431742583665e+01,1.498909519062456093e+04,1.498909519062456093e+04,3.438324634274004539e-07
9.506112129842016145e+01,1.498281671962817018e+04,1.498281671962817018e+04,5.464120667768050327e-07
9.506209530544307995e+01,1.495730956307718225e+04,1.495730956307718225e+04,8.781758810714035871e-07
9.506266810940606149e+01,1.495434180092077622e+04,1.495434180092077622e+04,1.394587618463356600e-06
9.506298372540247499e+01,1.494959564864449203e+04,1.494959564864449203e+04,2.260933478853064590e-06
9.506313742154614488e+01,1.494287739747640808e+04,1.494287739747640808e+04,3.589165453651817920e-06
9.506324131135012578e+01,1.493395930431914167e+04,1.493395930431914167e+04,5.840181026681646374e-06
9.506330889297915121e+01,1.493221621092634814e+04,1.493221621092634814e+04,9.267352563826584266e-06
9.506335052424601884e+01,1.493059274957182606e+04,1.493059274957182606e+04,1.473059202465728223e-05
9.506338414424791949e+01,1.492638142735634938e+04,1.492638142735634938e+04,2.385737449645325609e-05
9.506339836722324321e+01,1.491683096062197728e+04,1.491683096062197728e+04,3.801772613767814948e-05
9.506340311050040270e+01,1.490897862514182634e+04,1.490897862514182634e+04,6.141196339566233012e-05
9.506340553551635253e+01,1.490567912527836597e+04,1.490567912527836597e+04,9.887013049314295049e-05
9.506340772449452459e+01,1.490384621204996802e+04,1.490384621204996802e+04,1.599502120185148984e-04
9.506341084461205071e+01,1.490273360284988303e+04,1.490273360284988303e+04,2.574745265932890429e-04
9.506341373316449506e+01,1.490075210364181657e+04,1.490075210364181657e+04,4.126734615956884956e-04
9.506341462044714774e+01,1.489962453188898508e+04,1.489962453188898508e+04,6.556857503387708607e-04
9.506341549061289697e+01,1.489726211550697008e+04,1.489726211550697008e+04,1.009098751917710977e-03
9.506341553142702594e+01,1.489710030192229715e+04,1.489710030192229715e+04,1.017710328041125959e-03
9.506341556831853268e+01,1.489694892988347237e+04,1.489694892988347237e+04,1.022694936040478841e-03
9.506341560038219995e+01,1.489681208877826975e+04,1.489681208877826975e+04,1.024473497410272396e-03
9.506341562797274491e+01,1.489668861633008783e+04,1.489668861633008783e+04,1.023609093914416152e-03
9.506341565270585647e+01,1.489657135144513450e+04,1.489657135144513450e+04,1.024349309980980690e-03
9.506341567768501477e+01,1.489644400672980919e+04,1.489644400672980919e+04,1.035097208843963621e-03
9.506341570051594658e+01,1.489631724612450853e+04,1.489631724612450853e+04,1.048138966651351303e-03
9.506341572213082713e+01,1.489618608116251198e+04,1.489618608116251198e+04,1.064169922398007159e-03
9.506341574334474842e+01,1.489604550034140084e+04,1.489604550034140084e+04,1.083615762200517991e-03
9.506341576490142131e+01,1.489589007056847549e+04,1.489589007056847549e+04,1.106551405431463464e-03
9.506341578730885544e+01,1.489571523982941108e+04,1.489571523982941108e+04,1.132295389333374093e-03
9.506341581052986101e+01,1.489552060784380228e+04,1.489552060784380228e+04,1.158921770345228185e-03
9.506341583540270790e+01,1.489529824870725679e+04,1.489529824870725679e+04,1.185216846517440567e-03
9.506341586243817687e+01,1.489504199053249977e+04,1.489504199053249977e+04,1.209654733718253800e-03
9.506341589108744472e+01,1.489475575406651296e+04,1.489475575406651296e+04,1.230527157902808373e-03
9.506341591910765487e+01,1.489442520319486903e+04,1.489442520319486903e+04,1.246641252365515576e-03
9.506341594791692273e+01,1.489362218220316208e+04,1.489362218220316208e+04,1.259815062655566132e-03
9.506341597824908263e+01,1.489279990167227515e+04,1.489279990167227515e+04,1.270781069860405562e-03
9.506341600495780142e+01,1.489209638078849093e+04,1.489209638078849093e+04,1.278146019967048817e-03
9.506341602862698892e+01,1.489148857641277209e+04,1.489148857641277209e+04,1.282579677449778620e-03
9.506341605261481220e+01,1.489088636036806929e+04,1.489088636036806929e+04,1.284488309853853158e-03
9.506341607503402713e+01,1.489033405712078456e+04,1.489033405712078456e+04,1.283424450755278612e-03
9.506341609549376415e+01,1.488983639714639321e+04,1.488983639714639321e+04,1.298553339893103280e-03
9.506341611396042879e+01,1.488938988819703991e+04,1.488938988819703991e+04,1.316480323610498939e-03
9.506341613128647339e+01,1.488897096672058069e+04,1.488897096672058069e+04,1.338243028506553266e-03
9.506341614814748198e+01,1.488856139615325992e+04,1.488856139615325992e+04,1.370133439606395281e-03
9.506341616513687143e+01,1.488814558345712612e+04,1.488814558345712612e+04,1.401221082408910662e-03
9.506341618281497574e+01,1.488770921571181316e+04,1.488770921571181316e+04,1.431473198191704098e-03
9.506341620095774658e+01,1.488725817686393020e+04,1.488725817686393020e+04,1.469192192941960826e-03
9.506341621908056538e+01,1.488680602608685513e+04,1.488680602608685513e+04,1.523244495715326847e-03
9.506341623603664459e+01,1.488638332017847642e+04,1.488638332017847642e+04,1.592761249964576645e-03
9.506341625280040830e+01,1.488596732533227078e+04,1.488596732533227078e+04,1.663391643543527670e-03
9.506341626942575829e+01,1.488555785429751086e+04,1.488555785429751086e+04,1.732850264417796007e-03
9.506341628638298857e+01,1.488514414128889075e+04,1.488514414128889075e+04,1.799566812323879876e-03
9.506341630425015410e+01,1.488471264813260314e+04,1.488471264813260314e+04,1.861401772796022862e-03
9.506341633340356623e+01,1.488401553914666692e+04,1.488401553914666692e+04,1.935337379652153330e-03
9.506341635990116856e+01,1.488337894423456783e+04,1.488337894423456783e+04,2.097365263800921985e-03
9.506341638478016876e+01,1.488275532212892176e+04,1.488275532212892176e+04,2.271146396284281794e-03
9.506341641039668389e+01,1.488203922191031597e+04,1.488203922191031597e+04,2.428511072115204384e-03
9.506341643528270424e+01,1.488119757093418048e+04,1.488119757093418048e+04,2.526449076785431801e-03
9.506341645509289151e+01,1.488037755184247362e+04,1.488037755184247362e+04,2.669294095387301797e-03
9.506341647407626283e+01,1.487946516051385152e+04,1.487946516051385152e+04,2.861923350559580220e-03
9.506341649332949828e+01,1.487845394794786262e+04,1.487845394794786262e+04,3.039101152110323251e-03
9.506341651366341239e+01,1.487735753752231722e+04,1.487735753752231722e+04,3.159353118310725961e-03
9.506341653063562092e+01,1.487646327042913435e+04,1.487646327042913435e+04,3.241108680811664779e-03
9.506341655335505436e+01,1.487533700399912414e+04,1.487533700399912414e+04,3.534781705170863403e-03
9.506341657712026461e+01,1.487426922809583448e+04,1.487426922809583448e+04,3.778784283736086151e-03
9.506341659326602667e+01,1.487361114724191248e+04,1.487361114724191248e+04,3.831635441146679852e-03
9.506341661298604606e+01,1.487287910454007397e+04,1.487287910454007397e+04,4.077058735326765347e-03
9.506341663201480685e+01,1.487224591372776740e+04,1.487224591372776740e+04,4.355398600982783412e-03
9.506341665275832042e+01,1.487164334119290470e+04,1.487164334119290470e+04,4.477005241177976075e-03
9.506341666951060176e+01,1.487123750179188028e+04,1.487123750179188028e+04,4.670157113130666594e-03
9.506341668557391245e+01,1.487093008516079135e+04,1.487093008516079135e+04,4.967427951962738626e-03
9.506341670416871636e+01,1.487067018659229871e+04,1.487067018659229871e+04,5.145844283341587284e-03
9.506341672377008933e+01,1.487047014034033236e+04,1.487047014034033236e+04,5.373511632792505113e-03
9.506341674285644672e+01,1.487030850577280944e+04,1.487030850577280944e+04,5.793874228286354303e-03
9.506341675886150711e+01,1.487017972032796024e+04,1.487017972032796024e+04,5.886381010901746078e-03
9.506341677527646539e+01,1.487004210640950805e+04,1.487004210640950805e+04,6.284860036192507944e-03
9.506341679262469313e+01,1.486987598013512797e+04,1.486987598013512797e+04,6.751024073818740617e-03
9.506341680930516702e+01,1.486966327870964233e+04,1.486966327870964233e+04,6.970641771266744557e-03
9.506341682688444905e+01,1.486933269820571877e+04,1.486933269820571877e+04,7.896716102571378279e-03
9.506341684477330034e+01,1.486893037055008062e+04,1.486893037055008062e+04,1.090477005009059253e-02
9.506341686180493866e+01,1.486846969661545336e+04,1.486846969661545336e+04,1.484067356087863908e-02
9.506341687835063681e+01,1.486783258001896502e+04,1.486783258001896502e+04,2.286942486250709283e-02
9.506341689432861131e+01,1.486697406352277540e+04,1.486697406352277540e+04,3.113740478069669179e-02
9.506341691061061283e+01,1.486510048080523666e+04,1.486510048080523666e+04,4.911309726193325426e-02
9.506341692091076823e+01,1.485926115553023737e+04,1.485926115553023737e+04,7.969087047839271132e-02
9.506341692444628677e+01,1.485397199315530634e+04,1.485397199315530634e+04,1.291336200098255615e-01
9.506341692592658887e+01,1.485173629416363656e+04,1.485173629416363656e+04,2.063555469145259835e-01
9.506341693042968188e+01,1.484106529255768874e+04,1.484106529255768874e+04,3.286900539666828269e-01
9.506341693957296002e+01,1.482056939005529784e+04,1.482056939005529784e+04,5.255864080097534252e-01
9.506341695135118641e+01,1.477590610085048138e+04,1.477590610085048138e+04,8.346216719435289866e-01
9.506341696580324196e+01,1.468825677943461960e+04,1.468825677943461960e+04,1.325867034205729489e+00
9.506341698166160370e+01,1.455568603907478428e+04,1.455568603907478428e+04,1.853514369103940851e+00
9.506341699751507690e+01,1.437993445226890981e+04,1.437993445226890981e+04,2.255281813665131807e+00
9.506341701336873484e+01,1.417471423049668374e+04,1.417471423049668374e+04,2.558435610690934059e+00
9.506341702922196646e+01,1.394366758375907193e+04,1.394366758375907193e+04,2.767081926822806182e+00
9.506341704507561019e+01,1.370870868558048278e+04,1.370870868558048278e+04,2.972821923258837096e+00
9.506341706092987920e+01,1.345988650029483142e+04,1.345988650029483142e+04,3.055595954896788591e+00
9.506341707677603381e+01,1.321487861556586540e+04,1.321487861556586540e+04,3.093711785732278230e+00
9.506341709262333950e+01,1.295504482529516645e+04,1.295504482529516645e+04,3.049840717690741165e+00
9.506341710847281945e+01,1.270525221757176405e+04,1.270525221757176405e+04,3.004269208585584661e+00
9.506341712431874669e+01,1.243957936570188940e+04,1.243957936570188940e+04,2.923099933222735647e+00
9.506341714016834032e+01,1.219583789088256162e+04,1.219583789088256162e+04,2.885792365246778068e+00
9.506341715601323017e+01,1.194229647934407330e+04,1.194229647934407330e+04,2.791452497130230803e+00
9.506341717186766971e+01,1.168978663779596718e+04,1.168978663779596718e+04,2.778471804608179330e+00
9.506341718771668070e+01,1.144744673997630707e+04,1.144744673997630707e+04,2.658790278737406698e+00
9.506341720357123393e+01,1.120763937101838201e+04,1.120763937101838201e+04,2.476684353327216037e+00
9.506341721943057621e+01,1.098762256089702532e+04,1.098762256089702532e+04,2.256178395384776270e+00
9.506341723529473597e+01,1.078292237753110930e+04,1.078292237753110930e+04,1.956697502451438586e+00
9.506341725114658914e+01,1.060547980129927964e+04,1.060547980129927964e+04,1.669952954869190709e+00
9.506341726701624850e+01,1.045746864383529282e+04,1.045746864383529282e+04,1.310171655944817326e+00
9.506341728286501791e+01,1.033640467045752848e+04,1.033640467045752848e+04,9.989369947541343331e-01
9.506341729870935353e+01,1.024800089003931680e+04,1.024800089003931680e+04,7.272659966361123551e-01
9.506341730947153223e+01,1.019944140755769513e+04,1.019944140755769513e+04,4.554755045676472935e-01
9.506341732063930294e+01,1.017089845700474325e+04,1.017089845700474325e+04,2.840767402093962168e-01
9.506341732962332003e+01,1.015852453721381607e+04,1.015852453721381607e+04,1.762580218370270180e-01
9.506341733999312282e+01,1.015089496912585855e+04,1.015089496912585855e+04,1.083375284685425405e-01
9.506341735610334354e+01,1.013090003433694073e+04,1.013090003433694073e+04,7.215092664290177760e-02
9.506341737201242381e+01,1.013008651060045486e+04,1.013008651060045486e+04,6.426888965758298378e-02
9.506341738812299980e+01,1.012952251998989232e+04,1.012952251998989232e+04,5.809549620443973245e-02
9.506341740408895191e+01,1.012906701254284053e+04,1.012906701254284053e+04,5.275572166123668194e-02
9.506341742036417486e+01,1.012856596439919122e+04,1.012856596439919122e+04,4.822018860992149936e-02
9.506341743622823515e+01,1.012821027255310946e+04,1.012821027255310946e+04,4.439870451193802386e-02
9.506341745220747441e+01,1.012775215702183596e+04,1.012775215702183596e+04,4.113432835017004352e-02
9.506341746828566386e+01,1.012735942731135037e+04,1.012735942731135037e+04,3.830400653592727633e-02
9.506341748451616525e+01,1.012697746724198441e+04,1.012697746724198441e+04,3.582279676293816800e-02
9.506341750090930987e+01,1.012643618782783960e+04,1.012643618782783960e+04,3.346502466754350258e-02
9.506341751709979349e+01,1.012583381333794568e+04,1.012583381333794568e+04,3.160332293556705058e-02
9.506341753331489031e+01,1.012522813072298777e+04,1.012522813072298777e+04,2.981949319067444051e-02
9.506341755003222715e+01,1.012463546848701480e+04,1.012463546848701480e+04,2.802870462897242773e-02
9.506341756652800257e+01,1.012409487915768659e+04,1.012409487915768659e+04,2.651284306126362733e-02
9.506341758270711750e+01,1.012358379771082582e+04,1.012358379771082582e+04,2.530421867379635190e-02
9.506341759955931536e+01,1.012303492888100118e+04,1.012303492888100118e+04,2.413818105314079199e-02
9.506341761726170603e+01,1.012243215099555164e+04,1.012243215099555164e+04,2.298795413708350915e-02
9.506341763363025166e+01,1.012159634855490367e+04,1.012159634855490367e+04,2.196390508185842166e-02
9.506341764984921383e+01,1.012075346051833731e+04,1.012075346051833731e+04,2.098732204986818867e-02
9.506341766607293664e+01,1.011998074134410490e+04,1.011998074134410490e+04,2.022591662899736464e-02
9.506341768260304548e+01,1.011925788680514779e+04,1.011925788680514779e+04,1.935727046749267932e-02
9.506341770059307805e+01,1.011852494742429553e+04,1.011852494742429553e+04,1.866251388943557937e-02
9.506341771714347999e+01,1.011786080355031663e+04,1.011786080355031663e+04,1.790310443519118819e-02
9.506341773434489539e+01,1.011711315598517831e+04,1.011711315598517831e+04,1.731993646482668861e-02
9.506341775142463746e+01,1.011624356113531212e+04,1.011624356113531212e+04,1.668819721350468105e-02
9.506341776756175932e+01,1.011529145939308000e+04,1.011529145939308000e+04,1.611292422429447951e-02
9.506341778484204497e+01,1.011418816330100526e+04,1.011418816330100526e+04,1.563867674855951712e-02
9.506341780313410084e+01,1.011301574957663797e+04,1.011301574957663797e+04,1.510940909524954162e-02
9.506341781945586433e+01,1.011201955890131103e+04,1.011201955890131103e+04,1.461234536867399118e-02
9.506341783608247908e+01,1.011107656929827863e+04,1.011107656929827863e+04,1.415350965478091340e-02
9.506341785269520983e+01,1.011021258358729938e+04,1.011021258358729938e+04,1.376943985855605228e-02
9.506341787085960959e+01,1.010935475252075412e+04,1.010935475252075412e+04,1.338020742510926363e-02
9.506341788831312556e+01,1.010860951562558876e+04,1.010860951562558876e+04,1.299844240505588187e-02
9.506341790482593979e+01,1.010796906498162025e+04,1.010796906498162025e+04,1.267981788126395191e-02
9.506341792076021591e+01,1.010740496788527525e+04,1.010740496788527525e+04,1.234265305811956676e-02
9.506341793826618414e+01,1.010684060140468682e+04,1.010684060140468682e+04,1.203621986001963441e-02
9.506341795494660118e+01,1.010635206587407993e+04,1.010635206587407993e+04,1.171948507974040175e-02
9.506341797108184721e+01,1.010592158458573067e+04,1.010592158458573067e+04,1.142577358775624316e-02
9.506341798855693526e+01,1.010549889834019814e+04,1.010549889834019814e+04,1.115840745827944951e-02
9.506341800504284834e+01,1.010513942834543377e+04,1.010513942834543377e+04,1.089538772261501587e-02
9.506341802106459227e+01,1.010482523345427944e+04,1.010482523345427944e+04,1.068714950071917268e-02
9.506341804004215135e+01,1.010449685867234803e+04,1.010449685867234803e+04,1.044208348828664680e-02
9.506341805794225763e+01,1.010423007404804048e+04,1.010423007404804048e+04,1.019730071173037718e-02
9.506341807599737592e+01,1.010400261499702356e+04,1.010400261499702356e+04,9.968492960440247103e-03
9.506341809368987583e+01,1.010381895669292862e+04,1.010381895669292862e+04,9.750298905254946649e-03
9.506341811105536976e+01,1.010367389769706278e+04,1.010367389769706278e+04,9.521337442390110165e-03
9.506341813002913455e+01,1.010355064319183111e+04,1.010355064319183111e+04,9.267082267153878283e-03
9.506341814874910767e+01,1.010345903976781665e+04,1.010345903976781665e+04,9.113805479343909180e-03
9.506341816693823432e+01,1.010339245094802936e+04,1.010339245094802936e+04,8.950716709552464581e-03
9.506341818564453661e+01,1.010334133189054046e+04,1.010334133189054046e+04,8.764508920635157366e-03
9.506341820161702572e+01,1.010330804719719345e+04,1.010330804719719345e+04,8.583991583696302247e-03
9.506341821851810892e+01,1.010328051846887865e+04,1.010328051846887865e+04,8.445308217350459140e-03
9.506341823700996940e+01,1.010325710277616417e+04,1.010325710277616417e+04,8.290839745186977597e-03
9.506341825440648563e+01,1.010323978320694550e+04,1.010323978320694550e+04,8.124254574320222480e-03
9.506341827258206933e+01,1.010322528532776232e+04,1.010322528532776232e+04,7.943787450105013054e-03
9.506341829121048193e+01,1.010321328222857301e+04,1.010321328222857301e+04,7.837221938437293270e-03
9.506341831055655689e+01,1.010320312747308526e+04,1.010320312747308526e+04,7.690197061875052136e-03
9.506341832978276329e+01,1.010319482533997325e+04,1.010319482533997325e+04,7.517200376719616363e-03
9.506341834847488315e+01,1.010318810124515403e+04,1.010318810124515403e+04,7.406387135124798023e-03
9.506341836524613598e+01,1.010318299100951481e+04,1.010318299100951481e+04,7.300664054587339101e-03
9.506341838543058032e+01,1.010317781642756927e+04,1.010317781642756927e+04,7.136752970392636584e-03
9.506341840509365682e+01,1.010317365990520921e+04,1.010317365990520921e+04,7.031225113403248919e-03
9.506341842280910726e+01,1.010317057796157860e+04,1.010317057796157860e+04,6.930952351137326453e-03
9.506341843898255206e+01,1.010316826614800630e+04,1.010316826614800630e+04,6.789904755514959006e-03
9.506341845664348966e+01,1.010316625895248762e+04,1.010316625895248762e+04,6.734379262105803614e-03
9.506341847336065598e+01,1.010316482232634735e+04,1.010316482232634735e+04,6.621238017278365147e-03
9.506341848934262373e+01,1.010316385442776482e+04,1.010316385442776482e+04,6.551717438813167531e-03
9.506341850552162498e+01,1.010316325274447081e+04,1.010316325274447081e+04,6.434958893251412244e-03
9.506341852298467643e+01,1.010316300824124482e+04,1.010316300824124482e+04,6.365878559081043775e-03
9.506341854154098314e+01,1.010316316454586558e+04,1.010316316454586558e+04,6.266902261170449392e-03
9.506341855949668229e+01,1.010316367660561809e+04,1.010316367660561809e+04,6.174054612959944954e-03
9.506341857975637311e+01,1.010316459886769917e+04,1.010316459886769917e+04,6.092244494578538845e-03
9.506341859779638526e+01,1.010316564334860050e+04,1.010316564334860050e+04,5.991011774323411025e-03
9.506341861417098471e+01,1.010316668797320926e+04,1.010316668797320926e+04,5.931200771918746124e-03
9.506341863277587834e+01,1.010316788026522772e+04,1.010316788026522772e+04,5.794233541290387708e-03
9.506341865293752846e+01,1.010316902684859815e+04,1.010316902684859815e+04,5.762669682031661827e-03
9.506341867270951695e+01,1.010316982302582619e+04,1.010316982302582619e+04,5.667795355104284297e-03
9.506341869212243978e+01,1.010317009916457027e+04,1.010317009916457027e+04,5.599913285170940447e-03
9.506341871007124666e+01,1.010316974950667100e+04,1.010316974950667100e+04,5.514016030179934129e-03
9.506341873016756949e+01,1.010316850153194719e+04,1.010316850153194719e+04,5.446878651200955622e-03
9.506341874623875299e+01,1.010316674350016729e+04,1.010316674350016729e+04,5.381863160274616247e-03
9.506341876715663375e+01,1.010316333213066355e+04,1.010316333213066355e+04,5.311809844928732684e-03
9.506341878560685643e+01,1.010315921288153004e+04,1.010315921288153004e+04,5.238088190697548149e-03
9.506341880147809320e+01,1.010315482691081343e+04,1.010315482691081343e+04,5.193419436799586418e-03
9.506341881770840985e+01,1.010314956597197124e+04,1.010314956597197124e+04,5.127444685454216923e-03
9.506341883769901813e+01,1.010314208676620365e+04,1.010314208676620365e+04,5.073910610107193984e-03
9.506341885845824891e+01,1.010313330946567294e+04,1.010313330946567294e+04,4.974271627463272907e-03
9.506341887585959682e+01,1.010312531340853457e+04,1.010312531340853457e+04,4.951668284163712741e-03
9.506341889239344312e+01,1.010311730764633649e+04,1.010311730764633649e+04,4.888483657482892673e-03
9.506341891193623894e+01,1.010310750707356237e+04,1.010310750707356237e+04,4.838013643636326910e-03
9.506341892782586456e+01,1.010309939330504312e+04,1.010309939330504312e+04,4.783021422603956317e-03
9.506341894823422933e+01,1.010308893470684052e+04,1.010308893470684052e+04,4.727573571358363071e-03
9.506341896557508164e+01,1.010308013222080081e+04,1.010308013222080081e+04,4.681238570947416841e-03
9.506341898396559031e+01,1.010307097958480153e+04,1.010307097958480153e+04,4.623652898492566603e-03
9.506341900724238769e+01,1.010305977483164679e+04,1.010305977483164679e+04,4.569098020479873609e-03
9.506341902947937683e+01,1.010304955284314019e+04,1.010304955284314019e+04,4.494704493159562206e-03
9.506341904818913235e+01,1.010304135377840430e+04,1.010304135377840430e+04,4.463165059583717141e-03
9.506341906684944831e+01,1.010303355939496032e+04,1.010303355939496032e+04,4.406439865131476716e-03
9.506341908954112796e+01,1.010302459359074601e+04,1.010302459359074601e+04,4.360541727180760815e-03
9.506341910725573996e+01,1.010301797819660896e+04,1.010301797819660896e+04,4.292714270666672660e-03
9.506341912850984954e+01,1.010301046759882411e+04,1.010301046759882411e+04,4.266203919336681964e-03
9.506341914753372180e+01,1.010300412160254382e+04,1.010300412160254382e+04,4.218455727749452142e-03
9.506341916859635433e+01,1.010299748518188062e+04,1.010299748518188062e+04,4.169640728390528947e-03
9.506341918580308459e+01,1.010299235011027486e+04,1.010299235011027486e+04,4.137985188570958602e-03
9.506341920327072614e+01,1.010298738267738372e+04,1.010298738267738372e+04,4.067108879244746289e-03
9.506341922584739734e+01,1.010298130926175691e+04,1.010298130926175691e+04,4.052003135760406591e-03
9.506341924585770187e+01,1.010297623033402670e+04,1.010297623033402670e+04,4.004211141734822371e-03
9.506341926856340763e+01,1.010297078437824530e+04,1.010297078437824530e+04,3.959628764034041522e-03
9.506341928761978011e+01,1.010296646510975006e+04,1.010296646510975006e+04,3.924025767723418080e-03
9.506341930499048942e+01,1.010296271351875839e+04,1.010296271351875839e+04,3.853811286701596447e-03
9.506341932084517055e+01,1.010295943470418206e+04,1.010295943470418206e+04,3.858319034185695318e-03
9.506341934193730481e+01,1.010295528281629049e+04,1.010295528281629049e+04,3.818081541869777426e-03
9.506341936489182842e+01,1.010295102025410779e+04,1.010295102025410779e+04,3.772864382593779046e-03
9.506341938338056252e+01,1.010294777604834962e+04,1.010294777604834962e+04,3.745516999690828765e-03
9.506341940402585067e+01,1.010294434630448995e+04,1.010294434630448995e+04,3.681120821099974870e-03
9.506341942146225676e+01,1.010294160271619694e+04,1.010294160271619694e+04,3.671197701162360119e-03
9.506341944383299847e+01,1.010293828132143790e+04,1.010293828132143790e+04,3.638103642197481995e-03
9.506341946740832327e+01,1.010293502202686068e+04,1.010293502202686068e+04,3.593537085740378285e-03
9.506341948598873159e+01,1.010293262350246914e+04,1.010293262350246914e+04,3.569023686323371126e-03
9.506341950730558210e+01,1.010293005596644798e+04,1.010293005596644798e+04,3.520593781713933414e-03
9.506341952555695229e+01,1.010292801035091361e+04,1.010292801035091361e+04,3.491840308730302569e-03
9.506341954185266729e+01,1.010292630588591419e+04,1.010292630588591419e+04,3.481054113686316356e-03
9.506341956521221448e+01,1.010292405268294715e+04,1.010292405268294715e+04,3.439073697418726025e-03
9.506341958263477920e+01,1.010292252584621929e+04,1.010292252584621929e+04,3.413108470251995964e-03
9.506341960307264571e+01,1.010292089294146535e+04,1.010292089294146535e+04,3.387841693174847759e-03
9.506341962584772887e+01,1.010291928081073820e+04,1.010291928081073820e+04,3.327927096930405598e-03
9.506341964500208519e+01,1.010291808888900232e+04,1.010291808888900232e+04,3.320947244451402137e-03
9.506341966161691914e+01,1.010291717790243820e+04,1.010291717790243820e+04,3.304363451612220542e-03
9.506341967792604919e+01,1.010291639349069737e+04,1.010291639349069737e+04,3.276955227683831223e-03
9.506341969583914420e+01,1.010291565547211212e+04,1.010291565547211212e+04,3.251109772830869469e-03
9.506341971650046219e+01,1.010291496193469357e+04,1.010291496193469357e+04,3.228412331460723834e-03
9.506341974003026962e+01,1.010291437471915924e+04,1.010291437471915924e+04,3.181833656295379818e-03
9.506341975994271820e+01,1.010291404199338831e+04,1.010291404199338831e+04,3.159729366893948826e-03
9.506341977782493302e+01,1.010291386945009799e+04,1.010291386945009799e+04,3.149241120986590644e-03
9.506341979486145988e+01,1.010291381322225243e+04,1.010291381322225243e+04,3.124619383554490606e-03
9.506341981308811739e+01,1.010291386328648332e+04,1.010291386328648332e+04,3.098953465857027644e-03
9.506341983389188499e+01,1.010291405774272789e+04,1.010291405774272789e+04,3.077673689923456427e-03
9.506341985858250609e+01,1.010291446625856770e+04,1.010291446625856770e+04,3.041737630314279590e-03
9.506341988057913284e+01,1.010291498366696214e+04,1.010291498366696214e+04,3.004921488339379592e-03
9.506341989988754904e+01,1.010291554626431025e+04,1.010291554626431025e+04,3.000404712737411109e-03
9.506341991779895295e+01,1.010291615457446824e+04,1.010291615457446824e+04,2.978885563844065748e-03
9.506341993649334654e+01,1.010291686960337029e+04,1.010291686960337029e+04,2.953948605337029278e-03
9.506341995772159237e+01,1.010291776867953558e+04,1.010291776867953558e+04,2.933089078504499611e-03
9.506341998379696179e+01,1.010291898555166154e+04,1.010291898555166154e+04,2.903140173118674144e-03
9.506342000658491997e+01,1.010292013206158117e+04,1.010292013206158117e+04,2.856178595854396221e-03
9.506342002751779319e+01,1.010292123979253847e+04,1.010292123979253847e+04,2.858161780188686347e-03
9.506342004644797328e+01,1.010292227310140333e+04,1.010292227310140333e+04,2.840119989048521792e-03
9.506342006572666037e+01,1.010292334401835978e+04,1.010292334401835978e+04,2.816306916408641871e-03
9.506342008736021398e+01,1.010292455989232622e+04,1.010292455989232622e+04,2.795596985341680663e-03
9.506342011314171714e+01,1.010292600263783243e+04,1.010292600263783243e+04,2.771956151013561798e-03
9.506342013836118099e+01,1.010292738244245083e+04,1.010292738244245083e+04,2.719815190185167087e-03
9.506342016118111360e+01,1.010292858731635351e+04,1.010292858731635351e+04,2.722034470599898805e-03
9.506342018127416793e+01,1.010292959466722095e+04,1.010292959466722095e+04,2.707623493111535259e-03
9.506342020127179637e+01,1.010293053595774109e+04,1.010293053595774109e+04,2.685303142224707701e-03
9.506342022343655174e+01,1.010293149710430589e+04,1.010293149710430589e+04,2.664703017486496229e-03
9.506342024928707701e+01,1.010293249080606438e+04,1.010293249080606438e+04,2.644520483045070119e-03
9.506342026535125456e+01,1.010293302774679069e+04,1.010293302774679069e+04,2.624527856853050081e-03
9.506342029103967661e+01,1.010293374790219241e+04,1.010293374790219241e+04,2.589835209713650492e-03
9.506342031353196376e+01,1.010293422892669514e+04,1.010293422892669514e+04,2.587649700211134760e-03
9.506342033431367611e+01,1.010293453871331258e+04,1.010293453871331258e+04,2.569862812450784614e-03
9.506342035592861350e+01,1.010293471735816092e+04,1.010293471735816092e+04,2.548530767017120630e-03
9.506342038044776643e+01,1.010293473855776756e+04,1.010293473855776756e+04,2.530288612185228186e-03
9.506342041047186342e+01,1.010293449548230819e+04,1.010293449548230819e+04,2.504065854260554853e-03
9.506342043682549559e+01,1.010293403324014434e+04,1.010293403324014434e+04,2.463035667904248972e-03
9.506342046103567611e+01,1.010293340359432113e+04,1.010293340359432113e+04,2.465458698598609749e-03
9.506342048296569658e+01,1.010293266915919230e+04,1.010293266915919230e+04,2.450291453815275564e-03
9.506342050533879728e+01,1.010293176269799369e+04,1.010293176269799369e+04,2.430000854895317166e-03
9.506342053047855245e+01,1.010293056182760301e+04,1.010293056182760301e+04,2.412109968294489249e-03
9.506342056053408385e+01,1.010292888353582748e+04,1.010292888353582748e+04,2.390578145367247293e-03
9.506342058932551708e+01,1.010292705015534375e+04,1.010292705015534375e+04,2.343421291577367331e-03
9.506342061547449873e+01,1.010292520597982002e+04,1.010292520597982002e+04,2.348803933282250962e-03
9.506342063867363379e+01,1.010292344099119146e+04,1.010292344099119146e+04,2.336260541939989572e-03
9.506342066191925255e+01,1.010292156361197522e+04,1.010292156361197522e+04,2.317184883002638366e-03
9.506342068778501186e+01,1.010291935769159500e+04,1.010291935769159500e+04,2.299617121852317193e-03
9.506342071816571604e+01,1.010291663364990018e+04,1.010291663364990018e+04,2.281021329287209742e-03
9.506342073502521828e+01,1.010291506694309464e+04,1.010291506694309464e+04,2.264060433071334900e-03
9.506342076443651479e+01,1.010291225264896457e+04,1.010291225264896457e+04,2.236000141536553451e-03
9.506342079028752323e+01,1.010290971002857987e+04,1.010290971002857987e+04,2.233866162247802149e-03
9.506342081433433577e+01,1.010290729997136623e+04,1.010290729997136623e+04,2.218541382138160614e-03
9.506342083950563904e+01,1.010290473837036916e+04,1.010290473837036916e+04,2.200358501888142505e-03
9.506342086814379400e+01,1.010290179336115943e+04,1.010290179336115943e+04,2.184540518378191506e-03
9.506342088449130756e+01,1.010290009930595079e+04,1.010290009930595079e+04,2.175310371555337022e-03
9.506342090365623676e+01,1.010289810810389099e+04,1.010289810810389099e+04,2.159121279632495935e-03
9.506342093497298151e+01,1.010289485107090331e+04,1.010289485107090331e+04,2.129057477378373982e-03
9.506342096233548489e+01,1.010289200887033985e+04,1.010289200887033985e+04,2.128465142293366717e-03
9.506342098760148929e+01,1.010288939521943030e+04,1.010288939521943030e+04,2.114439992553487392e-03
9.506342101387522803e+01,1.010288669384632158e+04,1.010288669384632158e+04,2.097137627567953553e-03
9.506342104370271784e+01,1.010288365938366769e+04,1.010288365938366769e+04,2.081930352101120461e-03
9.506342106063335962e+01,1.010288195185842778e+04,1.010288195185842778e+04,2.073372381720697127e-03
9.506342108031360283e+01,1.010287998494149724e+04,1.010287998494149724e+04,2.058942585727910422e-03
9.506342109689084907e+01,1.010287834510601169e+04,1.010287834510601169e+04,2.038935320395352576e-03
9.506342112701516101e+01,1.010287540183442252e+04,1.010287540183442252e+04,2.030379077116102691e-03
9.506342115442420493e+01,1.010287277150730370e+04,1.010287277150730370e+04,2.023494840297210100e-03
9.506342118099354366e+01,1.010287026743827118e+04,1.010287026743827118e+04,2.008043581566715946e-03
9.506342120990797184e+01,1.010286759960640666e+04,1.010286759960640666e+04,1.992135847647400534e-03
9.506342122578477927e+01,1.010286615891815927e+04,1.010286615891815927e+04,1.985114953137209846e-03
9.506342124314357989e+01,1.010286460686171995e+04,1.010286460686171995e+04,1.977353773149695144e-03
9.506342126304726037e+01,1.010286285366832999e+04,1.010286285366832999e+04,1.965198665617835620e-03
9.506342128093092469e+01,1.010286130552089890e+04,1.010286130552089890e+04,1.947501045086702954e-03
9.506342129697702603e+01,1.010285994064481201e+04,1.010285994064481201e+04,1.929448720657690264e-03
9.506342131314229960e+01,1.010285858175725480e+04,1.010285858175725480e+04,1.934321369712992556e-03
9.506342134217688056e+01,1.010285620065409239e+04,1.010285620065409239e+04,1.929298376653811953e-03
9.506342137000206094e+01,1.010285398611426717e+04,1.010285398611426717e+04,1.915079638735593800e-03
9.506342139995382468e+01,1.010285167568417819e+04,1.010285167568417819e+04,1.899785806791095925e-03
9.506342141642238630e+01,1.010285044006787757e+04,1.010285044006787757e+04,1.893000607285446691e-03
9.506342143427643521e+01,1.010284912426597475e+04,1.010284912426597475e+04,1.885847802286619475e-03
9.506342145453291437e+01,1.010284767131528679e+04,1.010284767131528679e+04,1.875360668265170158e-03
9.506342147376047080e+01,1.010284632380040239e+04,1.010284632380040239e+04,1.859526606048607367e-03
9.506342149088143856e+01,1.010284515438658127e+04,1.010284515438658127e+04,1.837031194727458154e-03
9.506342150814037950e+01,1.010284400133420968e+04,1.010284400133420968e+04,1.842943334003006341e-03
9.506342153887405289e+01,1.010284201910258707e+04,1.010284201910258707e+04,1.839527538188516628e-03
9.506342156804305432e+01,1.010284021989676512e+04,1.010284021989676512e+04,1.826464572345077664e-03
9.506342159915629964e+01,1.010283839058370177e+04,1.010283839058370177e+04,1.811817847154039481e-03
9.506342161628698761e+01,1.010283742458448614e+04,1.010283742458448614e+04,1.805252445681001681e-03
9.506342163473183859e+01,1.010283641570659347e+04,1.010283641570659347e+04,1.798559886983943897e-03
9.506342165549796164e+01,1.010283532186281991e+04,1.010283532186281991e+04,1.789245353206916477e-03
9.506342167611025218e+01,1.010283427775604650e+04,1.010283427775604650e+04,1.774795413392799611e-03
9.506342169430710953e+01,1.010283339087756394e+04,1.010283339087756394e+04,1.754293634264545484e-03
9.506342171266123842e+01,1.010283253264506493e+04,1.010283253264506493e+04,1.756129382234373646e-03
9.506342172938903445e+01,1.010283177892925232e+04,1.010283177892925232e+04,1.756917606241221487e-03
9.506342176042274161e+01,1.010283045443674746e+04,1.010283045443674746e+04,1.748595342076894078e-03
9.506342179146992066e+01,1.010282922859527753e+04,1.010282922859527753e+04,1.734797287251888019e-03
9.506342180814223752e+01,1.010282861204081746e+04,1.010282861204081746e+04,1.727930191400177959e-03
9.506342182601296997e+01,1.010282798325172735e+04,1.010282798325172735e+04,1.721591801941374164e-03
9.506342184516078930e+01,1.010282734903641722e+04,1.010282734903641722e+04,1.715257631403625327e-03
9.506342186660957339e+01,1.010282668088085666e+04,1.010282668088085666e+04,1.706741414934808201e-03
9.506342188860504905e+01,1.010282604652552072e+04,1.010282604652552072e+04,1.693269796038890905e-03
9.506342190784771162e+01,1.010282553060185091e+04,1.010282553060185091e+04,1.674246625553935802e-03
9.506342192726528140e+01,1.010282505523455256e+04,1.010282505523455256e+04,1.673748329528447791e-03
9.506342194490929387e+01,1.010282465273083471e+04,1.010282465273083471e+04,1.674938473392262187e-03
9.506342196147015500e+01,1.010282430701115481e+04,1.010282430701115481e+04,1.672401400623531320e-03
9.506342197752924505e+01,1.010282399853062088e+04,1.010282399853062088e+04,1.667483156293599143e-03
9.506342199356373612e+01,1.010282372008585844e+04,1.010282372008585844e+04,1.661213419345315559e-03
9.506342201003424464e+01,1.010282345920362604e+04,1.010282345920362604e+04,1.654467468424311236e-03
9.506342202743910264e+01,1.010282321497755402e+04,1.010282321497755402e+04,1.647903538617736608e-03
9.506342204612806768e+01,1.010282298784457089e+04,1.010282298784457089e+04,1.641808544919328436e-03
9.506342206609588175e+01,1.010282278770187804e+04,1.010282278770187804e+04,1.635767491027513999e-03
9.506342208840237618e+01,1.010282261060389283e+04,1.010282261060389283e+04,1.627782583449554872e-03
9.506342211166486322e+01,1.010282248161792813e+04,1.010282248161792813e+04,1.615033681451567360e-03
9.506342213191595647e+01,1.010282241377506944e+04,1.010282241377506944e+04,1.597093825606551824e-03
9.506342215235606830e+01,1.010282238964549106e+04,1.010282238964549106e+04,1.595607963666362608e-03
9.506342217090353586e+01,1.010282240438120061e+04,1.010282240438120061e+04,1.596991086510965571e-03
9.506342218829431090e+01,1.010282244657523734e+04,1.010282244657523734e+04,1.594739016052849120e-03
9.506342220514413555e+01,1.010282251868971071e+04,1.010282251868971071e+04,1.590162125544835161e-03
9.506342222195510772e+01,1.010282261982885393e+04,1.010282261982885393e+04,1.584253205291755694e-03
9.506342223921018331e+01,1.010282275026441130e+04,1.010282275026441130e+04,1.577852874470672337e-03
9.506342225743031804e+01,1.010282292021520516e+04,1.010282292021520516e+04,1.571595468664245933e-03
9.506342227701095737e+01,1.010282313800233351e+04,1.010282313800233351e+04,1.565756565574881595e-03
9.506342229790888609e+01,1.010282340961004957e+04,1.010282340961004957e+04,1.559966449636651566e-03
9.506342232123428460e+01,1.010282376187537920e+04,1.010282376187537920e+04,1.552333124093341864e-03
9.506342234563969384e+01,1.010282418435031104e+04,1.010282418435031104e+04,1.540130219160947434e-03
9.506342236686580804e+01,1.010282459631166239e+04,1.010282459631166239e+04,1.522986516738926216e-03
9.506342238829078894e+01,1.010282504831438018e+04,1.010282504831438018e+04,1.521480748278820818e-03
9.506342240773211927e+01,1.010282549645838844e+04,1.010282549645838844e+04,1.522897379200382735e-03
9.506342242596331005e+01,1.010282594353895729e+04,1.010282594353895729e+04,1.520819412460056204e-03
9.506342244363028726e+01,1.010282640255679689e+04,1.010282640255679689e+04,1.516506639050105298e-03
9.506342246125961992e+01,1.010282688668272567e+04,1.010282688668272567e+04,1.510910615846849502e-03
9.506342247935795342e+01,1.010282740947189632e+04,1.010282740947189632e+04,1.504834089055732439e-03
9.506342249847223513e+01,1.010282798916050888e+04,1.010282798916050888e+04,1.498879240290939977e-03
9.506342251901472196e+01,1.010282864188524218e+04,1.010282864188524218e+04,1.493301396598149117e-03
9.506342254094643351e+01,1.010282937257577214e+04,1.010282937257577214e+04,1.487730438829150794e-03
9.506342256544056113e+01,1.010283022873552727e+04,1.010283022873552727e+04,1.480322265519998627e-03
9.506342259087931268e+01,1.010283116181289915e+04,1.010283116181289915e+04,1.468538720232179153e-03
9.506342261305537988e+01,1.010283200695164851e+04,1.010283200695164851e+04,1.451984058630515937e-03
9.506342263543633919e+01,1.010283289027059436e+04,1.010283289027059436e+04,1.451132775028411617e-03
9.506342265576782324e+01,1.010283371822994195e+04,1.010283371822994195e+04,1.452469724336723699e-03
9.506342267485399589e+01,1.010283451756168870e+04,1.010283451756168870e+04,1.450485300043044285e-03
9.506342269336703055e+01,1.010283530994096873e+04,1.010283530994096873e+04,1.446378538522165129e-03
9.506342271185762627e+01,1.010283611874754024e+04,1.010283611874754024e+04,1.441056995937525613e-03
9.506342273085761008e+01,1.010283696744529334e+04,1.010283696744529334e+04,1.435283598391501802e-03
9.506342275094311844e+01,1.010283788133472262e+04,1.010283788133472262e+04,1.429622870637284240e-03
9.506342277251731332e+01,1.010283888123849283e+04,1.010283888123849283e+04,1.424303671924390721e-03
9.506342279558379005e+01,1.010283997156087207e+04,1.010283997156087207e+04,1.418923495969703344e-03
9.506342282139212330e+01,1.010284121316657365e+04,1.010284121316657365e+04,1.411643053562215613e-03
9.506342284777609564e+01,1.010284250187860562e+04,1.010284250187860562e+04,1.400180224624973137e-03
9.506342287088452281e+01,1.010284364704976724e+04,1.010284364704976724e+04,1.384059595304589028e-03
9.506342289420067004e+01,1.010284481566457362e+04,1.010284481566457362e+04,1.384341235014830817e-03
9.506342291542419787e+01,1.010284588761972918e+04,1.010284588761972918e+04,1.385520215113194729e-03
9.506342293538372701e+01,1.010284690542149656e+04,1.010284690542149656e+04,1.383571579956408525e-03
9.506342295477465143e+01,1.010284789696303596e+04,1.010284789696303596e+04,1.379627527148377924e-03
9.506342297417185705e+01,1.010284889123219727e+04,1.010284889123219727e+04,1.374550132901807605e-03
9.506342299413381625e+01,1.010284991855159387e+04,1.010284991855159387e+04,1.369061301112035238e-03
9.506342301526927940e+01,1.010285100723415053e+04,1.010285100723415053e+04,1.363683884189237534e-03
9.506342303794760085e+01,1.010285217722285415e+04,1.010285217722285415e+04,1.358615202740916152e-03
9.506342306225249672e+01,1.010285342813472198e+04,1.010285342813472198e+04,1.353397038794770671e-03
9.506342308952559961e+01,1.010285482581325778e+04,1.010285482581325778e+04,1.346158995595074124e-03
9.506342311678432111e+01,1.010285621401499520e+04,1.010285621401499520e+04,1.334931245283211849e-03
9.506342314081192058e+01,1.010285742743049923e+04,1.010285742743049923e+04,1.319119135720645116e-03
9.506342316504742485e+01,1.010285864037624924e+04,1.010285864037624924e+04,1.320900113063721215e-03
9.506342318716836814e+01,1.010285973293498137e+04,1.010285973293498137e+04,1.321865711829140312e-03
9.506342320802291113e+01,1.010286075410486228e+04,1.010286075410486228e+04,1.319910127388986823e-03
9.506342322832701086e+01,1.010286173546475584e+04,1.010286173546475584e+04,1.316095557367112949e-03
9.506342324867983962e+01,1.010286270727282499e+04,1.010286270727282499e+04,1.311237964949395814e-03
9.506342326966843359e+01,1.010286369180678776e+04,1.010286369180678776e+04,1.306017316846701682e-03
9.506342329193806506e+01,1.010286471773345511e+04,1.010286471773345511e+04,1.300911289294993641e-03
9.506342331579895699e+01,1.010286579261886436e+04,1.010286579261886436e+04,1.296080689719050338e-03
9.506342334145445250e+01,1.010286692111842058e+04,1.010286692111842058e+04,1.290992582384567358e-03
9.506342337035938783e+01,1.010286815422363543e+04,1.010286815422363543e+04,1.283710317034588442e-03
9.506342339845737399e+01,1.010286931184333480e+04,1.010286931184333480e+04,1.272621108394506517e-03
9.506342342338837170e+01,1.010287030267560658e+04,1.010287030267560658e+04,1.256998920278831712e-03
9.506342344852534154e+01,1.010287126690148034e+04,1.010287126690148034e+04,1.260621794211427057e-03
9.506342347154865990e+01,1.010287211501079400e+04,1.010287211501079400e+04,1.261328644608215041e-03
9.506342349332116726e+01,1.010287288607588016e+04,1.010287288607588016e+04,1.259330164587315910e-03
9.506342351457702478e+01,1.010287360939112477e+04,1.010287360939112477e+04,1.255616939362709343e-03
9.506342353594023109e+01,1.010287430441179640e+04,1.010287430441179640e+04,1.250958481736671969e-03
9.506342355802858890e+01,1.010287499097551881e+04,1.010287499097551881e+04,1.245991639254097469e-03
9.506342358152853933e+01,1.010287568596784149e+04,1.010287568596784149e+04,1.241144816633393518e-03
9.506342360666201330e+01,1.010287638219403925e+04,1.010287638219403925e+04,1.236536237174236733e-03
9.506342363379918936e+01,1.010287708394426772e+04,1.010287708394426772e+04,1.231538760937132652e-03
9.506342366453981185e+01,1.010287781155130506e+04,1.010287781155130506e+04,1.224106798863276073e-03
9.506342369347883903e+01,1.010287842867978725e+04,1.010287842867978725e+04,1.213029193281699039e-03
9.506342371928694490e+01,1.010287892565266156e+04,1.010287892565266156e+04,1.199043294182172226e-03
9.506342374529708650e+01,1.010287937071376109e+04,1.010287937071376109e+04,1.203333168241304141e-03
9.506342376922259518e+01,1.010287973371008775e+04,1.010287973371008775e+04,1.203735117566047440e-03
9.506342379193579006e+01,1.010288003846287029e+04,1.010288003846287029e+04,1.201657701713693734e-03
9.506342381418632215e+01,1.010288029156539960e+04,1.010288029156539960e+04,1.198018776071248410e-03
9.506342383662379802e+01,1.010288050966424271e+04,1.010288050966424271e+04,1.193540834767854112e-03
9.506342385989992749e+01,1.010288069030418410e+04,1.010288069030418410e+04,1.188815459599478885e-03
9.506342388474871541e+01,1.010288083559575716e+04,1.010288083559575716e+04,1.184215703182095198e-03
9.506342391126511870e+01,1.010288093607007067e+04,1.010288093607007067e+04,1.179808393968258479e-03
9.506342394005086760e+01,1.010288097860098605e+04,1.010288097860098605e+04,1.174846674296223465e-03
9.506342397290387680e+01,1.010288094489053947e+04,1.010288094489053947e+04,1.167112608609125217e-03
9.506342400256927760e+01,1.010288084152381998e+04,1.010288084152381998e+04,1.155934918411919603e-03
9.506342402922166457e+01,1.010288069005868238e+04,1.010288069005868238e+04,1.145306014132680935e-03
9.506342405606982027e+01,1.010288048170150978e+04,1.010288048170150978e+04,1.148861780715236753e-03
9.506342408089419393e+01,1.010288023736993091e+04,1.010288023736993091e+04,1.148915310035946921e-03
9.506342410457261849e+01,1.010287996072647547e+04,1.010287996072647547e+04,1.146725249521966371e-03
9.506342412786815999e+01,1.010287964931618444e+04,1.010287964931618444e+04,1.143136571601493677e-03
9.506342415145701352e+01,1.010287929149732736e+04,1.010287929149732736e+04,1.138823929686655096e-03
9.506342417602928663e+01,1.010287887497853808e+04,1.010287887497853808e+04,1.134330158024273371e-03
9.506342420237561441e+01,1.010287837977532035e+04,1.010287837977532035e+04,1.129964147779483757e-03
9.506342423041438394e+01,1.010287779930987745e+04,1.010287779930987745e+04,1.125728813890101683e-03
9.506342426106682808e+01,1.010287710398791751e+04,1.010287710398791751e+04,1.120723316802917351e-03
9.506342429642604941e+01,1.010287622481718972e+04,1.010287622481718972e+04,1.112457204500228022e-03
9.506342432668091647e+01,1.010287540650720803e+04,1.010287540650720803e+04,1.101019114414354249e-03
9.506342435413118608e+01,1.010287461608739795e+04,1.010287461608739795e+04,1.094285790172550401e-03
9.506342438176234566e+01,1.010287377245860807e+04,1.010287377245860807e+04,1.097040650983052050e-03
9.506342440747337719e+01,1.010287294636133993e+04,1.010287294636133993e+04,1.096693152890654928e-03
9.506342443214343518e+01,1.010287211937977918e+04,1.010287211937977918e+04,1.094352052965329213e-03
9.506342445654672701e+01,1.010287126718956642e+04,1.010287126718956642e+04,1.090789253064915155e-03
9.506342448138845214e+01,1.010287036632453055e+04,1.010287036632453055e+04,1.086629559811064238e-03
9.506342450740362438e+01,1.010286938954060315e+04,1.010286938954060315e+04,1.082360514113313212e-03
9.506342453545393312e+01,1.010286829717568435e+04,1.010286829717568435e+04,1.078211886519992975e-03
9.506342456520961548e+01,1.010286709827446793e+04,1.010286709827446793e+04,1.074102261076712288e-03
9.506342459804952227e+01,1.010286572549282755e+04,1.010286572549282755e+04,1.068919831092461333e-03
9.506342463657031772e+01,1.010286405761737115e+04,1.010286405761737115e+04,1.059707344105392844e-03
9.506342466724680662e+01,1.010286268359675887e+04,1.010286268359675887e+04,1.047730453954465787e-03
9.506342469824400609e+01,1.010286125763397467e+04,1.010286125763397467e+04,1.046178434122177047e-03
9.506342472640196206e+01,1.010285993393775243e+04,1.010285993393775243e+04,1.047710057369864592e-03
9.506342475283689453e+01,1.010285866276511842e+04,1.010285866276511842e+04,1.046677886501321550e-03
9.506342477848730255e+01,1.010285740907989384e+04,1.010285740907989384e+04,1.044005124179432338e-03
9.506342480411898066e+01,1.010285613406785342e+04,1.010285613406785342e+04,1.040373139978224793e-03
9.506342483047122016e+01,1.010285480375470070e+04,1.010285480375470070e+04,1.036339928343933464e-03
9.506342485834673539e+01,1.010285337568154500e+04,1.010285337568154500e+04,1.032303089163077352e-03
9.506342488831789694e+01,1.010285181724536233e+04,1.010285181724536233e+04,1.028393291543811938e-03
9.506342492040367631e+01,1.010285012349329736e+04,1.010285012349329736e+04,1.024250817196600523e-03
9.506342495643167467e+01,1.010284819354846150e+04,1.010284819354846150e+04,1.018360349881171183e-03
9.506342499175542571e+01,1.010284627746395381e+04,1.010284627746395381e+04,1.009374189079896003e-03
9.506342502305645326e+01,1.010284455832570166e+04,1.010284455832570166e+04,9.967830735697904513e-04
9.506342508354927645e+01,1.010284119577777892e+04,1.010284119577777892e+04,1.000577914041520097e-03
9.506342511094332792e+01,1.010283965598791656e+04,1.010283965598791656e+04,9.991891078575696004e-04
9.506342972907705757e+01,1.010278197096306940e+04,1.010278197096306940e+04,6.299753799668980723e-04
9.506343692006370816e+01,1.010272022794095210e+04,1.010272022794095210e+04,3.943755078537663421e-04
9.506344918725469029e+01,1.010255796095548612e+04,1.010255796095548612e+04,2.485000125096629791e-04
9.506346761266085821e+01,1.010177322911032388e+04,1.010177322911032388e+04,1.560956183032252448e-04
9.506349937686515261e+01,1.010066721847582630e+04,1.010066721847582630e+04,9.805875855168090234e-05
9.506354931649543971e+01,1.009865132716042535e+04,1.009865132716042535e+04,6.144438079839608779e-05
9.506362533672538007e+01,1.008978625174727676e+04,1.008978625174727676e+04,3.873856518434503157e-05
9.506368450102971224e+01,1.008485423735397490e+04,1.008485423735397490e+04,6.195531210330785068e-05
9.506368513026521327e+01,1.008481665129560679e+04,1.008481665129560679e+04,9.822054113110339167e-05
9.506368552625866641e+01,1.008479308679271526e+04,1.008479308679271526e+04,1.561340913555474144e-04
9.506368577486105664e+01,1.008477830282100513e+04,1.008477830282100513e+04,2.482392851329644191e-04
9.506368593322015670e+01,1.008476886353637565e+04,1.008476886353637565e+04,3.966119250232524960e-04
9.506368603221646651e+01,1.008476292929355441e+04,1.008476292929355441e+04,6.301611227318675967e-04
9.506368609640665568e+01,1.008475904425956105e+04,1.008475904425956105e+04,1.006812110819335204e-03
9.506368611276390368e+01,1.008475804100258574e+04,1.008475804100258574e+04,1.183611337448903667e-03
9.506368612998900858e+01,1.008475697951183975e+04,1.008475697951183975e+04,1.446636966008360385e-03
9.506368614590829225e+01,1.008475598590005939e+04,1.008475598590005939e+04,1.811962230904833526e-03
9.506368616374994929e+01,1.008475485292475605e+04,1.008475485292475605e+04,2.494322311453164246e-03
9.506368618022166572e+01,1.008475377353454678e+04,1.008475377353454678e+04,3.716034405293431198e-03
9.506368619511238194e+01,1.008475273964137887e+04,1.008475273964137887e+04,6.198670224671120124e-03
9.506368620486870213e+01,1.008475199849405362e+04,1.008475199849405362e+04,9.934527729644581154e-03
9.506368621246991779e+01,1.008475134379214433e+04,1.008475134379214433e+04,1.610693338578183392e-02
9.506368621901310689e+01,1.008475067389708784e+04,1.008475067389708784e+04,2.695398158437679881e-02
9.506368622429214099e+01,1.008474999940077578e+04,1.008474999940077578e+04,4.331420721464594725e-02
9.506368622937861801e+01,1.008474916705888245e+04,1.008474916705888245e+04,6.975035332723718284e-02
9.506368623506361359e+01,1.008474791279287820e+04,1.008474791279287820e+04,1.116261987538605671e-01
9.506368625097397285e+01,1.008474306089710990e+04,1.008474306089710990e+04,1.489250579843612310e-01
9.506368626684000844e+01,1.008473752205096207e+04,1.008473752205096207e+04,1.672989224740798475e-01
9.506368628274111643e+01,1.008473141777378805e+04,1.008473141777378805e+04,1.860036370567967334e-01
9.506368629861114528e+01,1.008472477002622873e+04,1.008472477002622873e+04,2.046290897110523421e-01
9.506368631445820938e+01,1.008471756574348728e+04,1.008471756574348728e+04,2.234516861183549197e-01
9.506368633034335858e+01,1.008470974165181360e+04,1.008470974165181360e+04,2.429237408059616021e-01
9.506368634623211733e+01,1.008470129989241286e+04,1.008470129989241286e+04,2.628810577901067314e-01
9.506368636212276613e+01,1.008469220668753951e+04,1.008469220668753951e+04,2.833464854757754559e-01
9.506368637803691968e+01,1.008468241397686143e+04,1.008468241397686143e+04,3.048804492122700327e-01
9.506368639394007403e+01,1.008467189880318620e+04,1.008467189880318620e+04,3.270617880930434263e-01
9.506368640980097950e+01,1.008466063937304170e+04,1.008466063937304170e+04,3.499702732501553948e-01
9.506368642566968674e+01,1.008464854825151815e+04,1.008464854825151815e+04,3.736902618418603272e-01
9.506368644152841796e+01,1.008463557857409251e+04,1.008463557857409251e+04,3.981077025354686216e-01
9.506368645741108026e+01,1.008462164176258739e+04,1.008462164176258739e+04,4.239808877877643267e-01
9.506368647327053623e+01,1.008460669535310080e+04,1.008460669535310080e+04,4.514164473030488622e-01
9.506368648915356800e+01,1.008459061897926404e+04,1.008459061897926404e+04,4.802154075550269519e-01
9.506368650501109130e+01,1.008457336262752324e+04,1.008457336262752324e+04,5.090592217074856318e-01
9.506368652088897875e+01,1.008455476657418149e+04,1.008455476657418149e+04,5.395412046205998458e-01
9.506368653675809810e+01,1.008453473153332743e+04,1.008453473153332743e+04,5.736150838525500006e-01
9.506368655264887479e+01,1.008451307393490242e+04,1.008451307393490242e+04,6.074155928474058719e-01
9.506368656849714682e+01,1.008448970727069354e+04,1.008448970727069354e+04,6.448580851473342257e-01
9.506368658437661168e+01,1.008446430841749498e+04,1.008446430841749498e+04,6.826559873267996625e-01
9.506368660025256645e+01,1.008443668472071477e+04,1.008443668472071477e+04,7.286709720364535903e-01
9.506368661610814286e+01,1.008440655208100725e+04,1.008440655208100725e+04,7.753500100043440035e-01
9.506368663198301761e+01,1.008437347772155408e+04,1.008437347772155408e+04,8.250299353303018890e-01
9.506368664784295675e+01,1.008433706584764514e+04,1.008433706584764514e+04,8.800785944967429719e-01
9.506368666371837151e+01,1.008429668011290414e+04,1.008429668011290414e+04,9.421028934037540825e-01
9.506368667958260232e+01,1.008425167229781982e+04,1.008425167229781982e+04,1.009717484782279406e+00
9.506368669543407179e+01,1.008420116118200531e+04,1.008420116118200531e+04,1.080367175044230077e+00
9.506368671130042003e+01,1.008414389194553041e+04,1.008414389194553041e+04,1.167132267297991577e+00
9.506368672714675938e+01,1.008407847593120641e+04,1.008407847593120641e+04,1.261240494338227158e+00
9.506368674299540089e+01,1.008400281891530358e+04,1.008400281891530358e+04,1.359870140118939918e+00
9.506368675885654795e+01,1.008391410021730735e+04,1.008391410021730735e+04,1.495055476075444645e+00
9.506368677471122908e+01,1.008380854770950646e+04,1.008380854770950646e+04,1.618047591523389395e+00
9.506368679055727000e+01,1.008368063059552333e+04,1.008368063059552333e+04,1.795382317252073534e+00
9.506368680640331092e+01,1.008352183662453899e+04,1.008352183662453899e+04,1.970866992907762238e+00
9.506368682226016631e+01,1.008331854510766971e+04,1.008331854510766971e+04,2.189230342826386178e+00
9.506368683810777043e+01,1.008304793745675306e+04,1.008304793745675306e+04,2.478065702437160400e+00
9.506368685396608953e+01,1.008266612007985714e+04,1.008266612007985714e+04,2.767809575289837287e+00
9.506368686981042515e+01,1.008207878256229560e+04,1.008207878256229560e+04,3.225622529685783224e+00
9.506368688565628133e+01,1.008102191965652310e+04,1.008102191965652310e+04,3.834488864310488854e+00
9.506368690150057432e+01,1.007825901172432350e+04,1.007825901172432350e+04,4.990558277309987467e+00
9.506368691289367234e+01,nan,nan,7.915102477680290960e+00
9.506368691387558556e+01,nan,nan,1.258684068941786371e+01
9.506368691453251074e+01,nan,nan,7.899472649136166424e+00
9.506368693038254492e+01,nan,nan,5.272542385963943090e+00
9.506368694623124327e+01,nan,nan,5.140354261020255500e+00
9.506368696207715629e+01,nan,nan,5.007168011903369020e+00
9.506368697792791522e+01,nan,nan,5.178199506737672486e+00
9.506368699377739517e+01,nan,nan,4.667341787236911621e+00
9.506368700962391927e+01,nan,nan,4.227639872768523155e+00
9.506368702547061389e+01,nan,nan,4.005985356785965124e+00
9.506368704132536607e+01,nan,nan,3.693156956316582473e+00
9.506368705717297019e+01,nan,nan,3.115799338394420470e+00
9.506368707302293330e+01,nan,nan,2.480619160930236600e+00
9.506368708888456354e+01,nan,nan,1.811300277372633660e+00
9.506368710474191630e+01,nan,nan,1.242237786378711739e+00
9.506368712061374993e+01,nan,nan,8.879596253390883431e-01
9.506368713648390667e+01,nan,nan,7.553672417815707751e-01
9.506368715235853983e+01,nan,nan,4.850900843039915866e-01
9.506368716825474507e+01,nan,nan,3.384914398826451287e-01
9.506368718418237052e+01,nan,nan,2.535535712120607910e-01
9.506368720016234874e+01,nan,nan,2.014810361318835341e-01
9.506368721613222306e+01,nan,nan,1.636603944835099134e-01
9.506368723199435067e+01,nan,nan,1.369019457057290279e-01
9.506368724783916946e+01,nan,nan,1.177886581492875451e-01
9.506368726407855263e+01,nan,nan,1.018355392649268332e-01
9.506368728007164748e+01,nan,nan,8.992844731160642979e-02
9.506368729614275992e+01,nan,nan,8.066552953570245432e-02
9.506368731228798197e+01,nan,nan,7.222965775138098787e-02
9.506368732863796822e+01,nan,nan,6.611420975199260031e-02
9.506368734490618522e+01,nan,nan,6.102576500453130159e-02
9.506368736084070292e+01,nan,nan,5.636505976263115475e-02
9.506368737677426850e+01,nan,nan,5.190316370563328313e-02
9.506368739286719460e+01,nan,nan,4.835517519653258212e-02
9.506368740875095114e+01,nan,nan,4.532897149486467270e-02
9.506368742490148804e+01,nan,nan,4.259950719478430153e-02
9.506368744086400113e+01,nan,nan,4.015961306995078500e-02
9.506368745704197920e+01,nan,nan,3.801336776133989320e-02
9.506368747304297528e+01,nan,nan,3.630217894720293853e-02
9.506368748918191613e+01,nan,nan,3.431862465815316982e-02
9.506368750564764980e+01,nan,nan,3.245882316166251447e-02
9.506368752238958564e+01,nan,nan,3.110397715528270823e-02
9.506368753865278620e+01,nan,nan,2.978567013551608120e-02
9.506368755538379389e+01,nan,nan,2.838880432168614659e-02
9.506368757177651219e+01,nan,nan,2.732302541380022057e-02
9.506368758864827839e+01,nan,nan,2.627394261968738279e-02
9.506368760499512405e+01,nan,nan,2.516466365793237209e-02
9.506368762214606249e+01,nan,nan,2.427104045981666805e-02
9.506368763800406896e+01,nan,nan,2.348535045085893905e-02
9.506368765427313861e+01,nan,nan,2.260693142481929804e-02
9.506368767014051002e+01,nan,nan,2.190191873347784035e-02
9.506368768692433946e+01,nan,nan,2.137077182692206576e-02
9.506368770308502292e+01,nan,nan,2.069209212643991283e-02
9.506368772040266890e+01,nan,nan,1.997405758081519794e-02
9.506368773737065681e+01,nan,nan,1.928462023782834614e-02
9.506368775437526608e+01,nan,nan,1.881097727138722128e-02
9.506368777100986733e+01,nan,nan,1.837111487827036010e-02
9.506368778859386737e+01,nan,nan,1.775835433479493186e-02
9.506368780595001056e+01,nan,nan,1.719074107646919106e-02
9.506368782211420410e+01,nan,nan,1.696235188790634965e-02
9.506368783950370016e+01,nan,nan,1.639992810691908581e-02
9.506368785623253359e+01,nan,nan,1.595060131179460577e-02
9.506368787397784104e+01,nan,nan,1.567925572936934575e-02
9.506368789195936131e+01,nan,nan,1.517972464173211224e-02
9.506368790888365083e+01,nan,nan,1.488387086832450301e-02
9.506368792540426682e+01,nan,nan,1.450236982600747529e-02
9.506368794172053072e+01,nan,nan,1.417255449658520738e-02
9.506368795941506278e+01,nan,nan,1.390603418306241533e-02
9.506368797640421064e+01,nan,nan,1.353426157550777047e-02
9.506368799440724615e+01,nan,nan,1.338800935220305251e-02
9.506368801302694749e+01,nan,nan,1.297604340269649902e-02
9.506368803077467078e+01,nan,nan,1.280391844814027756e-02
9.506368804893973845e+01,nan,nan,1.245882525890945093e-02
9.506368806645653535e+01,nan,nan,1.226631055279490436e-02
9.506368808276819493e+01,nan,nan,1.198876504926756938e-02
9.506368809903804618e+01,nan,nan,1.186401270560486811e-02
9.506368811801294783e+01,nan,nan,1.153501575166507136e-02
9.506368813497599035e+01,nan,nan,1.142139937395560481e-02
9.506368815096810465e+01,nan,nan,1.111752417190348292e-02
9.506368816730136473e+01,nan,nan,1.100921770335138751e-02
9.506368818583366931e+01,nan,nan,1.072572603610421477e-02
9.506368820290651911e+01,nan,nan,1.054249464966085237e-02
9.506368821925390478e+01,nan,nan,1.042626964396868583e-02
9.506368823606082685e+01,nan,nan,1.025331556582781932e-02
9.506368825446772064e+01,nan,nan,1.014413578321622829e-02
9.506368827302794955e+01,nan,nan,9.888389321411530236e-03
9.506368829082765615e+01,nan,nan,9.805738724792052372e-03
9.506368830845903517e+01,nan,nan,9.565282795531634963e-03
9.506368832745781106e+01,nan,nan,9.389797307501276252e-03
9.506368834602474749e+01,nan,nan,9.303296404671536693e-03
9.506368836434177183e+01,nan,nan,9.139952910510564313e-03
9.506368838248435793e+01,nan,nan,9.070960268115524014e-03
9.506368839834333073e+01,nan,nan,8.862127026126587898e-03
9.506368841496565381e+01,nan,nan,8.763356237077447874e-03
9.506368843260139556e+01,nan,nan,8.704867012216220903e-03
9.506368844977325239e+01,nan,nan,8.500594099396862474e-03
9.506368846717315080e+01,nan,nan,8.373625170196897366e-03
9.506368848474323840e+01,nan,nan,8.340600125105877144e-03
9.506368850366321510e+01,nan,nan,8.164112652831225989e-03
9.506368852157486060e+01,nan,nan,8.072363392913450841e-03
9.506368853908045935e+01,nan,nan,7.984021337905695612e-03
9.506368855531452766e+01,nan,nan,7.858229064288036261e-03
9.506368857385528770e+01,nan,nan,7.770816625234499425e-03
9.506368859202368071e+01,nan,nan,7.684011910864391864e-03
9.506368860894230011e+01,nan,nan,7.564227812477418433e-03
9.506368862811859799e+01,nan,nan,7.481681397214206414e-03
9.506368864696723620e+01,nan,nan,7.395236197400241462e-03
9.506368866462237577e+01,nan,nan,7.281625864044741908e-03
9.506368868443830422e+01,nan,nan,7.204366650083037990e-03
9.506368870398698334e+01,nan,nan,7.117270931367325471e-03
9.506368872243768919e+01,nan,nan,7.009946052340177737e-03
9.506368874289918836e+01,nan,nan,6.938331361504995048e-03
9.506368875909795690e+01,nan,nan,6.886932840372515623e-03
9.506368877709439857e+01,nan,nan,6.762658172925018439e-03
9.506368879400098137e+01,nan,nan,6.694401745695381309e-03
9.506368881219009381e+01,nan,nan,6.682206375570591550e-03
9.506368882916606822e+01,nan,nan,6.557107467753585384e-03
9.506368885144917158e+01,nan,nan,6.476221139399357396e-03
9.506368887121023192e+01,nan,nan,6.443439155415580169e-03
9.506368888847619303e+01,nan,nan,6.343042378506950733e-03
9.506368890981678987e+01,nan,nan,6.255227300760503664e-03
9.506368892727954290e+01,nan,nan,6.181779119088280997e-03
9.506368894575956574e+01,nan,nan,6.167182694822495766e-03
9.506368896532907797e+01,nan,nan,6.049910602361049418e-03
9.506368898397168721e+01,nan,nan,5.997398005032866623e-03
9.506368900034779301e+01,nan,nan,5.976203391969294072e-03
9.506368901893165457e+01,nan,nan,5.903355359896794545e-03
9.506368903482652399e+01,nan,nan,5.824192981104265275e-03
9.506368905422118587e+01,nan,nan,5.768990525951330980e-03
9.506368907081892416e+01,nan,nan,5.757591874524039394e-03
9.506368909009924550e+01,nan,nan,5.680409834842254334e-03
9.506368910684082607e+01,nan,nan,5.607838454008273223e-03
9.506368912711555197e+01,nan,nan,5.547676308807724700e-03
9.506368914393770808e+01,nan,nan,5.546880921382376338e-03
9.506368916397237001e+01,nan,nan,5.465836091706445347e-03
9.506368918165881610e+01,nan,nan,5.399956186998220754e-03
9.506368920296768010e+01,nan,nan,5.331116514228393700e-03
9.506368921997659527e+01,nan,nan,5.343487645374222009e-03
9.506368924084992500e+01,nan,nan,5.258450440113723694e-03
9.506368925959951355e+01,nan,nan,5.199851869951939605e-03
9.506368928092862802e+01,nan,nan,5.126028823509748596e-03
9.506368929885036323e+01,nan,nan,5.146943971656603445e-03
9.506368931490921170e+01,nan,nan,5.086076409857639286e-03
9.506368933344381844e+01,nan,nan,5.019292140975049193e-03
9.506368935592510638e+01,nan,nan,4.966767186971587054e-03
9.506368937488865356e+01,nan,nan,4.962170743634728570e-03
9.506368939154157260e+01,nan,nan,4.919518824294926915e-03
9.506368940996223671e+01,nan,nan,4.847883798671321666e-03
9.506368943342972955e+01,nan,nan,4.803748956148221408e-03
9.506368945358394740e+01,nan,nan,4.778479688027792265e-03
9.506368947109118039e+01,nan,nan,4.756063654046779887e-03
9.506368948947825004e+01,nan,nan,4.684829905089778028e-03
9.506368951216431640e+01,nan,nan,4.643289654203448455e-03
9.506368953483472239e+01,nan,nan,4.595991062928952639e-03
9.506368955346886196e+01,nan,nan,4.595621658222537494e-03
9.506368957193093649e+01,nan,nan,4.529440568138727065e-03
9.506368959425864773e+01,nan,nan,4.483412536300528280e-03
9.506368961134812423e+01,nan,nan,4.443631952389631538e-03
9.506368963230256952e+01,nan,nan,4.443171195264096658e-03
9.506368965088316259e+01,nan,nan,4.403719979574468799e-03
9.506368967160612726e+01,nan,nan,4.340905205762001992e-03
9.506368968812334685e+01,nan,nan,4.317903982144967456e-03
9.506368970603710977e+01,nan,nan,4.265465145560403543e-03
9.506368972761693215e+01,nan,nan,4.281944263931001388e-03
9.506368974691633866e+01,nan,nan,4.233499168856074031e-03
9.506368976918216163e+01,nan,nan,4.178197951369993016e-03
9.506368978747330800e+01,nan,nan,4.154346913208779163e-03
9.506368980378383071e+01,nan,nan,4.100840345849786871e-03
9.506368982540753620e+01,nan,nan,4.125469668957957269e-03
9.506368984557407487e+01,nan,nan,4.073047976527046504e-03
9.506368986936716681e+01,nan,nan,4.024407482954995251e-03
9.506368988959789590e+01,nan,nan,3.994784856998699792e-03
9.506368990633887961e+01,nan,nan,3.968667784002876016e-03
9.506368992794220674e+01,nan,nan,3.971470767603185389e-03
9.506368994928438099e+01,nan,nan,3.915581622139781108e-03
9.506368996584191677e+01,nan,nan,3.884956932750806453e-03
9.506368998562315653e+01,nan,nan,3.861715153451400831e-03
9.506369000298975891e+01,nan,nan,3.814460788689200306e-03
9.506369001888263881e+01,nan,nan,3.840008158538282552e-03
9.506369004037354387e+01,nan,nan,3.806183554224869866e-03
9.506369006444731440e+01,nan,nan,3.752896420000462283e-03
9.506369008371095219e+01,nan,nan,3.732236925736234084e-03
9.506369010306373468e+01,nan,nan,3.686860647804293852e-03
9.506369012031288435e+01,nan,nan,3.702078501101412674e-03
9.506369014271712103e+01,nan,nan,3.679329324271536118e-03
9.506369016696422136e+01,nan,nan,3.626026380087457677e-03
9.506369018608098997e+01,nan,nan,3.604694056949477553e-03
9.506369020719741059e+01,nan,nan,3.569427485061638875e-03
9.506369022483157494e+01,nan,nan,3.566777525935303263e-03
9.506369024074422214e+01,nan,nan,3.567827615745142785e-03
9.506369026414074597e+01,nan,nan,3.522229927723709037e-03
9.506369028205511995e+01,nan,nan,3.491352521409985150e-03
9.506369030290119326e+01,nan,nan,3.471664284998541433e-03
9.506369032339109992e+01,nan,nan,3.427132774782492338e-03
9.506369034176546506e+01,nan,nan,3.444712486653805743e-03
9.506369035787956534e+01,nan,nan,3.436322054323256731e-03
9.506369037397715260e+01,nan,nan,3.405662536867504284e-03
9.506369039200822613e+01,nan,nan,3.373513744726943167e-03
9.506369041271837261e+01,nan,nan,3.353744334653015451e-03
9.506369043540745167e+01,nan,nan,3.317565187155634056e-03
9.506369045409883256e+01,nan,nan,3.320304717414998552e-03
9.506369047108175607e+01,nan,nan,3.319390685421495790e-03
9.506369048760213047e+01,nan,nan,3.292990583431949867e-03
9.506369050575214885e+01,nan,nan,3.260600141476382476e-03
9.506369052651143647e+01,nan,nan,3.239477345630031261e-03
9.506369054991787948e+01,nan,nan,3.212346386262659049e-03
9.506369057013121449e+01,nan,nan,3.198818431968935855e-03
9.506369058811810646e+01,nan,nan,3.205476380608781109e-03
9.506369060516387037e+01,nan,nan,3.183800021005921046e-03
9.506369062343924270e+01,nan,nan,3.152218975273105364e-03
9.506369064438439409e+01,nan,nan,3.129281138224204468e-03
9.506369067002096074e+01,nan,nan,3.105080220786987297e-03
9.506369069154058593e+01,nan,nan,3.082866353727019976e-03
9.506369071047082286e+01,nan,nan,3.094119931534498186e-03
9.506369072813122045e+01,nan,nan,3.075789570813800954e-03
9.506369074679606967e+01,nan,nan,3.045566018450016239e-03
9.506369076815842334e+01,nan,nan,3.021931885713824602e-03
9.506369079379288678e+01,nan,nan,3.001276568512765280e-03
9.506369081563350676e+01,nan,nan,2.968256878034962291e-03
9.506369083575030743e+01,nan,nan,2.986571367066080153e-03
9.506369085410389630e+01,nan,nan,2.972985574887502223e-03
9.506369087308708288e+01,nan,nan,2.944653391334144110e-03
9.506369089471894540e+01,nan,nan,2.919773755918191396e-03
9.506369092009391863e+01,nan,nan,2.901893994796532917e-03
9.506369094375234852e+01,nan,nan,2.859191921198429680e-03
9.506369096523189910e+01,nan,nan,2.882044605551642089e-03
9.506369098437241405e+01,nan,nan,2.873219956250900719e-03
9.506369100376254266e+01,nan,nan,2.847223939310958730e-03
9.506369102569406948e+01,nan,nan,2.821554216161370476e-03
9.506369105103236450e+01,nan,nan,2.804666741732029893e-03
9.506369107672477980e+01,nan,nan,2.769147638721704448e-03
9.506369109960412800e+01,nan,nan,2.780797564227732027e-03
9.506369111958977669e+01,nan,nan,2.775955995579214210e-03
9.506369113950097471e+01,nan,nan,2.752310324158316942e-03
9.506369116178262857e+01,nan,nan,2.726578610906342775e-03
9.506369118737785584e+01,nan,nan,2.709822230211775176e-03
9.506369121528933874e+01,nan,nan,2.678261524048400517e-03
9.506369123821926337e+01,nan,nan,2.682623040222651030e-03
9.506369125914778806e+01,nan,nan,2.681932267195554030e-03
9.506369127963340304e+01,nan,nan,2.660881511981452816e-03
9.506369130227787423e+01,nan,nan,2.635371433704867226e-03
9.506369132819899903e+01,nan,nan,2.618313089804476506e-03
9.506369135694261274e+01,nan,nan,2.592546970536245814e-03
9.506369138134003549e+01,nan,nan,2.587455828477111790e-03
9.506369140330275513e+01,nan,nan,2.590897604664562769e-03
9.506369142442824227e+01,nan,nan,2.572577279600925682e-03
9.506369144739771571e+01,nan,nan,2.547686790384694720e-03
9.506369147373767703e+01,nan,nan,2.530071454954925785e-03
9.506369150350793973e+01,nan,nan,2.508299698949783760e-03
9.506369152945256928e+01,nan,nan,2.495540827073405941e-03
9.506369155251137215e+01,nan,nan,2.502650888344575345e-03
9.506369157434770045e+01,nan,nan,2.486917026913631427e-03
9.506369159774961020e+01,nan,nan,2.462918885787385853e-03
9.506369162460943301e+01,nan,nan,2.444825269931930837e-03
9.506369165567456037e+01,nan,nan,2.425392114537090055e-03
9.506369168312421891e+01,nan,nan,2.407355840723451271e-03
9.506369170727855078e+01,nan,nan,2.417174660191770841e-03
9.506369172988465266e+01,nan,nan,2.403557169102909369e-03
9.506369175385445658e+01,nan,nan,2.380581751773748825e-03
9.506369178133815012e+01,nan,nan,2.362326023897985683e-03
9.506369181457591822e+01,nan,nan,2.343482715140164131e-03
9.506369184322791455e+01,nan,nan,2.323703662802064415e-03
9.506369186836053586e+01,nan,nan,2.334516105224119804e-03
9.506369189177199530e+01,nan,nan,2.322094697019235973e-03
9.506369191649156392e+01,nan,nan,2.300074728715817765e-03
9.506369194482927298e+01,nan,nan,2.282142220808323040e-03
9.506369196069857708e+01,nan,nan,2.275291311382453274e-03
9.506369197891477540e+01,nan,nan,2.264346398624184856e-03
9.506369200729956503e+01,nan,nan,2.241788306414050583e-03
9.506369203358889308e+01,nan,nan,2.254946944515233680e-03
9.506369205785092902e+01,nan,nan,2.244444297599763796e-03
9.506369208321950737e+01,nan,nan,2.223507662211640992e-03
9.506369211227065819e+01,nan,nan,2.205541636830053633e-03
9.506369212843321748e+01,nan,nan,2.198911378896398205e-03
9.506369214679810398e+01,nan,nan,2.189395723928244837e-03
9.506369217671142735e+01,nan,nan,2.162749321331068793e-03
9.506369220425632705e+01,nan,nan,2.178142485567922341e-03
9.506369222941481212e+01,nan,nan,2.169468283569027985e-03
9.506369225547604174e+01,nan,nan,2.149647950398690926e-03
9.506369228521862169e+01,nan,nan,2.131752111110463924e-03
9.506369230170024309e+01,nan,nan,2.125265393754603022e-03
9.506369232026736427e+01,nan,nan,2.116835212509358705e-03
9.506369233687712494e+01,nan,nan,2.103275671052159956e-03
9.506369236679498158e+01,nan,nan,2.099356597594214269e-03
9.506369239378807379e+01,nan,nan,2.102743042407634062e-03
9.506369241983944107e+01,nan,nan,2.088335998301660713e-03
9.506369244826007048e+01,nan,nan,2.068580064178926047e-03
9.506369248088068957e+01,nan,nan,2.054188470690258232e-03
9.506369249972770774e+01,nan,nan,2.046536232187306115e-03
9.506369251724593994e+01,nan,nan,2.034214596001184070e-03
9.506369254858982742e+01,nan,nan,2.027158241762809249e-03
9.506369257669869910e+01,nan,nan,2.031995518966101411e-03
9.506369260362663454e+01,nan,nan,2.018880435023965008e-03
9.506369263280198822e+01,nan,nan,1.999823129473640975e-03
9.506369264905387695e+01,nan,nan,1.991846697747874043e-03
9.506369266632195547e+01,nan,nan,1.985543163605407637e-03
9.506369268554026064e+01,nan,nan,1.978430206423262804e-03
9.506369270394498017e+01,nan,nan,1.967032311517864524e-03
9.506369272024679162e+01,nan,nan,1.948505969839206455e-03
9.506369273669136533e+01,nan,nan,1.957801653258890457e-03
9.506369276592214135e+01,nan,nan,1.963685707497700786e-03
9.506369279377034331e+01,nan,nan,1.951649930302420130e-03
9.506369282378960861e+01,nan,nan,1.933304214161324580e-03
9.506369284055809032e+01,nan,nan,1.925425199805674750e-03
9.506369285830908211e+01,nan,nan,1.919221165239299058e-03
9.506369287799415702e+01,nan,nan,1.912479274941874087e-03
9.506369289726710292e+01,nan,nan,1.901724037695770369e-03
9.506369291423708034e+01,nan,nan,1.884303429225890223e-03
9.506369293136155818e+01,nan,nan,1.891252936112271851e-03
9.506369296170527150e+01,nan,nan,1.897761051173221455e-03
9.506369299051344512e+01,nan,nan,1.886572927732258192e-03
9.506369302146971734e+01,nan,nan,1.868924438672781799e-03
9.506369303877787047e+01,nan,nan,1.861216222374166562e-03
9.506369305707566753e+01,nan,nan,1.855136031655318625e-03
9.506369307732175855e+01,nan,nan,1.848650272542389991e-03
9.506369309739558560e+01,nan,nan,1.838341554784638432e-03
9.506369311500466779e+01,nan,nan,1.821711368636351859e-03
9.506369313277735955e+01,nan,nan,1.827402814458519396e-03
9.506369314896886635e+01,nan,nan,1.833652707453869643e-03
9.506369317908527705e+01,nan,nan,1.830397860263785221e-03
9.506369320949988833e+01,nan,nan,1.815223918772009134e-03
9.506369322600720295e+01,nan,nan,1.806641773848115034e-03
9.506369324388988673e+01,nan,nan,1.799155839912553335e-03
9.506369326279312304e+01,nan,nan,1.793224236031440433e-03
9.506369328368893434e+01,nan,nan,1.786915727591228183e-03
9.506369330447893162e+01,nan,nan,1.776916565603702891e-03
9.506369332270033112e+01,nan,nan,1.760835566424998142e-03
9.506369334109174929e+01,nan,nan,1.766112545206390688e-03
9.506369335784481223e+01,nan,nan,1.772264445868053373e-03
9.506369338900410071e+01,nan,nan,1.769269164336154023e-03
9.506369342047176474e+01,nan,nan,1.754695509858101177e-03
9.506369343755090995e+01,nan,nan,1.746425248772323939e-03
9.506369345605716603e+01,nan,nan,1.739191833328594021e-03
9.506369347561948757e+01,nan,nan,1.733428091081615306e-03
9.506369349724941742e+01,nan,nan,1.727237169239119420e-03
9.506369351867601836e+01,nan,nan,1.717442823394141511e-03
9.506369353748593198e+01,nan,nan,1.701722980946563909e-03
9.506369355646948804e+01,nan,nan,1.707244354259543481e-03
9.506369357377418794e+01,nan,nan,1.713171308491709920e-03
9.506369359008591857e+01,nan,nan,1.713722634080588371e-03
9.506369360599202878e+01,nan,nan,1.710257058717694085e-03
9.506369362199025375e+01,nan,nan,1.703984510980719944e-03
9.506369363856956056e+01,nan,nan,1.696196916460305073e-03
9.506369365626741796e+01,nan,nan,1.688235318355181362e-03
9.506369367544492377e+01,nan,nan,1.681274154620408454e-03
9.506369369571869754e+01,nan,nan,1.675689340228184556e-03
9.506369371816468572e+01,nan,nan,1.669564354325973627e-03
9.506369374015676499e+01,nan,nan,1.659889740192452799e-03
9.506369375953462963e+01,nan,nan,1.644380920949342151e-03
9.506369377908735885e+01,nan,nan,1.650666917215813352e-03
9.506369379693613553e+01,nan,nan,1.656271758077216627e-03
9.506369381378318906e+01,nan,nan,1.656713051806269540e-03
9.506369383023103126e+01,nan,nan,1.653299409059768264e-03
9.506369384679315715e+01,nan,nan,1.647204835096541167e-03
9.506369386397638266e+01,nan,nan,1.639682793407589790e-03
9.506369388234006124e+01,nan,nan,1.632025313458371077e-03
9.506369390222458549e+01,nan,nan,1.625352006788212834e-03
9.506369392326377010e+01,nan,nan,1.619948325460448483e-03
9.506369394660730165e+01,nan,nan,1.613839180080679477e-03
9.506369396910345415e+01,nan,nan,1.604210953039675184e-03
9.506369398903193257e+01,nan,nan,1.588789960056757791e-03
9.506369400913423817e+01,nan,nan,1.596257527451267573e-03
9.506369402752196152e+01,nan,nan,1.601467153717411277e-03
9.506369404491043440e+01,nan,nan,1.601739147882278499e-03
9.506369406191559790e+01,nan,nan,1.598329421589708785e-03
9.506369407906677793e+01,nan,nan,1.592377657468479254e-03
9.506369409688957717e+01,nan,nan,1.585101302509068577e-03
9.506369411596777752e+01,nan,nan,1.577743321879996772e-03
9.506369413657935752e+01,nan,nan,1.571371511763068130e-03
9.506369415844167747e+01,nan,nan,1.566142866715866796e-03
9.506369418276626959e+01,nan,nan,1.559996734990839150e-03
9.506369420576304208e+01,nan,nan,1.550319865695511242e-03
9.506369422622255172e+01,nan,nan,1.534866379584258088e-03
9.506369424685321690e+01,nan,nan,1.543918814883109367e-03
9.506369426577408888e+01,nan,nan,1.548667638394179416e-03
9.506369428371063179e+01,nan,nan,1.548716688310950015e-03
9.506369430129034015e+01,nan,nan,1.545267752087511534e-03
9.506369431905855549e+01,nan,nan,1.539427998547725088e-03
9.506369433756100307e+01,nan,nan,1.532380931853917451e-03
9.506369435740873541e+01,nan,nan,1.525319496540416229e-03
9.506369437878819895e+01,nan,nan,1.519255475683060604e-03
9.506369440153862627e+01,nan,nan,1.514190522424915288e-03
9.506369442694624183e+01,nan,nan,1.507936662433343291e-03
9.506369445039753430e+01,nan,nan,1.498122857939106645e-03
9.506369447136734152e+01,nan,nan,1.483269453272599309e-03
9.506369449250377102e+01,nan,nan,1.493556530641110313e-03
9.506369451195162412e+01,nan,nan,1.497784741155210172e-03
9.506369453044368356e+01,nan,nan,1.497561536919056208e-03
9.506369454861757617e+01,nan,nan,1.494034415734873814e-03
9.506369456703480125e+01,nan,nan,1.488280117436716413e-03
9.506369458626295454e+01,nan,nan,1.481449839347724270e-03
9.506369460694396878e+01,nan,nan,1.474684274875311726e-03
9.506369462913889379e+01,nan,nan,1.468932062946866736e-03
9.506369465285423814e+01,nan,nan,1.464010775936415128e-03
9.506369467947013163e+01,nan,nan,1.457553363202639942e-03
9.506369470332418814e+01,nan,nan,1.447495612605346474e-03
9.506369472477908289e+01,nan,nan,1.435764201293832911e-03
9.506369474639402029e+01,nan,nan,1.445087228531035089e-03
9.506369476636064064e+01,nan,nan,1.448732495781772942e-03
9.506369478541634521e+01,nan,nan,1.448185986085575227e-03
9.506369480420740103e+01,nan,nan,1.444541806741257923e-03
9.506369482331201937e+01,nan,nan,1.438848734288095121e-03
9.506369484332178388e+01,nan,nan,1.432226777085433096e-03
9.506369486491453813e+01,nan,nan,1.425760077935031133e-03
9.506369488798317491e+01,nan,nan,1.420322511786945192e-03
9.506369491276035433e+01,nan,nan,1.415512004614053994e-03
9.506369494075130433e+01,nan,nan,1.408709245897624271e-03
9.506369496494637872e+01,nan,nan,1.398262167233947553e-03
9.506369498685221231e+01,nan,nan,1.390170008973499712e-03
9.506369500890927782e+01,nan,nan,1.398436787051535353e-03
9.506369502938225935e+01,nan,nan,1.401423710793252980e-03
9.506369504901046241e+01,nan,nan,1.400493469568476167e-03
9.506369506844713158e+01,nan,nan,1.396688756593929314e-03
9.506369508828821324e+01,nan,nan,1.391033404779907362e-03
9.506369510915271803e+01,nan,nan,1.384616506299770526e-03
9.506369513176142050e+01,nan,nan,1.378457617031153635e-03
9.506369515578084872e+01,nan,nan,1.373336507218789714e-03
9.506369518175274891e+01,nan,nan,1.368580666866801030e-03
9.506369521136440426e+01,nan,nan,1.361200009986702998e-03
9.506369523581538772e+01,nan,nan,1.350146336249791667e-03
9.506369526055030406e+01,nan,nan,1.347470108572733187e-03
9.506369528285770798e+01,nan,nan,1.353979175928310278e-03
9.506369530369798326e+01,nan,nan,1.355766618039735060e-03
9.506369532386960941e+01,nan,nan,1.354047742516612364e-03
9.506369534401747501e+01,nan,nan,1.349807815437227033e-03
9.506369536475693849e+01,nan,nan,1.344056584710749376e-03
9.506369538674780983e+01,nan,nan,1.337850479609746686e-03
9.506369541066612783e+01,nan,nan,1.332120952519131067e-03
9.506369543592415994e+01,nan,nan,1.327391983542330076e-03
9.506369546361950995e+01,nan,nan,1.322445913098400060e-03
9.506369549193310320e+01,nan,nan,1.314773008458202221e-03
9.506369551657880379e+01,nan,nan,1.302768655875633256e-03
9.506369554146127143e+01,nan,nan,1.305319398256338812e-03
9.506369556410906796e+01,nan,nan,1.310584631957786069e-03
9.506369558544011511e+01,nan,nan,1.311557219600297669e-03
9.506369560623113557e+01,nan,nan,1.309336222126842447e-03
9.506369562713523180e+01,nan,nan,1.304871395265320890e-03
9.506369564879241807e+01,nan,nan,1.299154940865710926e-03
9.506369567190573378e+01,nan,nan,1.293200083807627063e-03
9.506369569699803890e+01,nan,nan,1.287860859425348642e-03
9.506369572352429032e+01,nan,nan,1.283374690270310849e-03
9.506369575294012009e+01,nan,nan,1.278104357038327248e-03
9.506369578093652706e+01,nan,nan,1.269923539768722616e-03
9.506369580584629375e+01,nan,nan,1.257029097278259452e-03
9.506369583096386577e+01,nan,nan,1.264321458917451240e-03
9.506369585401510847e+01,nan,nan,1.268528451516781532e-03
9.506369587588781656e+01,nan,nan,1.268812579188484087e-03
9.506369589734688930e+01,nan,nan,1.266186042776540647e-03
9.506369591905810523e+01,nan,nan,1.261571110290189484e-03
9.506369594169001402e+01,nan,nan,1.255940241941123914e-03
9.506369596599454042e+01,nan,nan,1.250254441035934458e-03
9.506369599216280619e+01,nan,nan,1.245297859728080204e-03
9.506369602006552100e+01,nan,nan,1.240956334021520386e-03
9.506369605134726442e+01,nan,nan,1.235193246743286708e-03
9.506369607930328414e+01,nan,nan,1.226336775420260299e-03
9.506369610449314678e+01,nan,nan,1.216563047032063506e-03
9.506369612986685524e+01,nan,nan,1.224622109149837252e-03
9.506369615334553203e+01,nan,nan,1.227830854351387663e-03
9.506369617579424869e+01,nan,nan,1.227464317927744186e-03
9.506369619797037274e+01,nan,nan,1.224465163412181458e-03
9.506369622055609625e+01,nan,nan,1.219733894711145204e-03
9.506369624425374809e+01,nan,nan,1.214220686065080627e-03
9.506369626987417121e+01,nan,nan,1.208821483936213699e-03
9.506369629720198589e+01,nan,nan,1.204221660290136914e-03
9.506369632665233382e+01,nan,nan,1.199920116832222869e-03
9.506369636012492208e+01,nan,nan,1.193362644433766011e-03
9.506369638802171096e+01,nan,nan,1.183593288557358274e-03
9.506369641624313260e+01,nan,nan,1.180676746327937029e-03
9.506369644168339050e+01,nan,nan,1.186677998193376394e-03
9.506369646545132923e+01,nan,nan,1.188464989483738622e-03
9.506369648846134623e+01,nan,nan,1.187130620839210986e-03
9.506369651144997590e+01,nan,nan,1.183551744031400427e-03
9.506369653512000184e+01,nan,nan,1.178617835623690544e-03
9.506369656022596359e+01,nan,nan,1.173250463631534237e-03
9.506369658755539831e+01,nan,nan,1.168245605979502735e-03
9.506369661641410573e+01,nan,nan,1.164028196681630729e-03
9.506369664809905373e+01,nan,nan,1.159440900100209724e-03
9.506369667986177774e+01,nan,nan,1.152360315956662802e-03
9.506369670771493929e+01,nan,nan,1.141338751367240766e-03
9.506369673582321411e+01,nan,nan,1.144831402233264508e-03
9.506369676148577241e+01,nan,nan,1.149373493129891930e-03
9.506369678572809789e+01,nan,nan,1.150175395587444771e-03
9.506369680942067646e+01,nan,nan,1.148200951169292246e-03
9.506369683330453313e+01,nan,nan,1.144292700111899973e-03
9.506369685811307590e+01,nan,nan,1.139326995638606250e-03
9.506369688466006096e+01,nan,nan,1.134180107097495843e-03
9.506369691341099326e+01,nan,nan,1.129566628860483252e-03
9.506369694390514269e+01,nan,nan,1.125540603235192227e-03
9.506369697791087958e+01,nan,nan,1.120413672448350266e-03
9.506369700902708075e+01,nan,nan,1.112548978429866086e-03
9.506369703696091733e+01,nan,nan,1.101906506284808717e-03
9.506369706510685091e+01,nan,nan,1.109764456435968728e-03
9.506369709109335986e+01,nan,nan,1.113070484501981145e-03
9.506369711589283611e+01,nan,nan,1.113038189473681975e-03
9.506369714035069762e+01,nan,nan,1.110543832899465403e-03
9.506369716522137026e+01,nan,nan,1.106407535085825698e-03
9.506369719127691553e+01,nan,nan,1.101488504611061780e-03
9.506369721940326656e+01,nan,nan,1.096599726199529948e-03
9.506369724948731914e+01,nan,nan,1.092360602718665244e-03
9.506369728183541667e+01,nan,nan,1.088368591466356292e-03
9.506369731852905147e+01,nan,nan,1.082338727868775632e-03
9.506369734926828130e+01,nan,nan,1.073396837217379090e-03
9.506369738036489991e+01,nan,nan,1.070471202036875217e-03
9.506369740839575400e+01,nan,nan,1.076091532562167916e-03
9.506369743459066513e+01,nan,nan,1.077844908013630325e-03
9.506369745995894505e+01,nan,nan,1.076739078511570243e-03
9.506369748531277253e+01,nan,nan,1.073577960646014164e-03
9.506369751142803182e+01,nan,nan,1.069171409796904363e-03
9.506369753913878640e+01,nan,nan,1.064351831503079120e-03
9.506369756932082282e+01,nan,nan,1.059825879586154913e-03
9.506369760119187617e+01,nan,nan,1.055948789654007677e-03
9.506369763623004587e+01,nan,nan,1.051597219159841569e-03
9.506369767078825816e+01,nan,nan,1.044913494935348743e-03
9.506369770127224683e+01,nan,nan,1.034546390974994253e-03
9.506369773202477802e+01,nan,nan,1.038710057665332342e-03
9.506369776017191953e+01,nan,nan,1.042757989873525437e-03
9.506369778682545757e+01,nan,nan,1.043435056680719905e-03
9.506369781293189192e+01,nan,nan,1.041614566486322863e-03
9.506369783930529138e+01,nan,nan,1.038067131318443689e-03
9.506369786675772104e+01,nan,nan,1.033591289370090543e-03
9.506369789619785138e+01,nan,nan,1.028970921646949008e-03
9.506369792799873153e+01,nan,nan,1.024827572180936602e-03
9.506369796184532106e+01,nan,nan,1.021086482003724519e-03
9.506369799977053958e+01,nan,nan,1.016015545046447749e-03
9.506369803341586078e+01,nan,nan,1.008345974789630209e-03
9.506369806381663068e+01,nan,nan,1.000766937076594861e-03
9.506369809443154395e+01,nan,nan,1.007486069259439475e-03
9.506369812283276133e+01,nan,nan,1.010196617705115887e-03
9.506369815006091528e+01,nan,nan,1.009955432335269462e-03
9.506369817702753267e+01,nan,nan,1.007550842136094868e-03
9.506369820456180264e+01,nan,nan,1.003734673595102489e-03
9.506369823352548565e+01,nan,nan,9.992879446838803456e-04
