depth_m,permeability_m2,pressure_pa,effective_pa,normal_pa,hydrostatic_pa,lithostatic_pa,a,b,kstar_m2
7.62939453125,9.07945007909234e-17,99948.3801566182,67898.2995308818,167846.6796875,74768.06640625,201873.779296875,0.0100101725260417,0.0200101725260417,9.1e-17
22.88818359375,9.03854097472411e-17,300016.16455389,203523.87450861,503540.0390625,224304.19921875,605621.337890625,0.010030517578125,0.020030517578125,9.1e-17
38.14697265625,8.99788485917592e-17,500312.464819552,338920.933617948,839233.3984375,373840.33203125,1009368.89648438,0.0100508626302083,0.0200508626302083,9.1e-17
53.40576171875,8.95748016723788e-17,700837.924691615,474088.833120885,1174926.7578125,523376.46484375,1413116.45507813,0.0100712076822917,0.0200712076822917,9.1e-17
68.66455078125,8.91732534338307e-17,901593.186208195,609026.930979305,1510620.1171875,672912.59765625,1816864.01367188,0.010091552734375,0.020091552734375,9.1e-17
83.92333984375,8.87741884170772e-17,1102578.88967327,743734.586889229,1846313.4765625,822448.73046875,2220611.57226563,0.0101118977864583,0.0201118977864583,9.1e-17
99.18212890625,8.83775912587164e-17,1303795.67362238,878211.162315124,2182006.8359375,971984.86328125,2624359.13085938,0.0101322428385417,0.0201322428385417,9.1e-17
114.44091796875,8.79834466903908e-17,1505244.17478822,1012456.02052428,2517700.1953125,1121520.99609375,3028106.68945313,0.010152587890625,0.020152587890625,9.1e-17
129.69970703125,8.75917395381997e-17,1706925.02806626,1146468.52662124,2853393.5546875,1271057.12890625,3431854.24804688,0.0101729329427083,0.0201729329427083,9.1e-17
144.95849609375,8.72024547221146e-17,1908838.86648017,1280248.04758233,3189086.9140625,1420593.26171875,3835601.80664063,0.0101932779947917,0.0201932779947917,9.1e-17
160.21728515625,8.6815577255399e-17,2110986.32114731,1413793.95229019,3524780.2734375,1570129.39453125,4239349.36523438,0.010213623046875,0.020213623046875,9.1e-17
175.47607421875,8.64310922440312e-17,2313368.0212441,1547105.6115684,3860473.6328125,1719665.52734375,4643096.92382813,0.0102339680989583,0.0202339680989583,9.1e-17
190.73486328125,8.6048984886131e-17,2515984.59397136,1680182.39821614,4196166.9921875,1869201.66015625,5046844.48242188,0.0102543131510417,0.0202543131510417,9.1e-17
205.99365234375,8.56692404713898e-17,2718836.66451957,1813023.68704293,4531860.3515625,2018737.79296875,5450592.04101563,0.010274658203125,0.020274658203125,9.1e-17
221.25244140625,8.52918443805041e-17,2921924.85603415,1945628.85490335,4867553.7109375,2168273.92578125,5854339.59960938,0.0102950032552083,0.0202950032552083,9.1e-17
236.51123046875,8.49167820846127e-17,3125249.78958066,2077997.28073184,5203247.0703125,2317810.05859375,6258087.15820313,0.0103153483072917,0.0203153483072917,9.1e-17
251.77001953125,8.45440391447376e-17,3328812.08410993,2210128.34557757,5538940.4296875,2467346.19140625,6661834.71679688,0.010335693359375,0.020335693359375,9.1e-17
267.02880859375,8.41736012112278e-17,3532612.35642322,2342021.43263928,5874633.7890625,2616882.32421875,7065582.27539063,0.0103560384114583,0.0203560384114583,9.1e-17
282.28759765625,8.3805454023207e-17,3736651.22113732,2473675.92730018,6210327.1484375,2766418.45703125,7469329.83398438,0.0103763834635417,0.0203763834635417,9.1e-17
297.54638671875,8.34395834080245e-17,3940929.29064962,2605091.21716288,6546020.5078125,2915954.58984375,7873077.39257813,0.010396728515625,0.020396728515625,9.1e-17
312.80517578125,8.30759752807094e-17,4145447.17510314,2736266.69208436,6881713.8671875,3065490.72265625,8276824.95117188,0.0104170735677083,0.0204170735677083,9.1e-17
328.06396484375,8.27146156434285e-17,4350205.48235162,2867201.74421088,7217407.2265625,3215026.85546875,8680572.50976563,0.0104374186197917,0.0204374186197917,9.1e-17
343.32275390625,8.23554905849475e-17,4555204.81792446,2997895.76801304,7553100.5859375,3364562.98828125,9084320.06835938,0.010457763671875,0.020457763671875,9.1e-17
358.58154296875,8.19985862800953e-17,4760445.78499179,3128348.16032071,7888793.9453125,3514099.12109375,9488067.62695313,0.0104781087239583,0.0204781087239583,9.1e-17
373.84033203125,8.16438889892313e-17,4965928.98432943,3258558.32035807,8224487.3046875,3663635.25390625,9891815.18554688,0.0104984537760417,0.0204984537760417,9.1e-17
389.09912109375,8.12913850577173e-17,5171655.01428389,3388525.64977861,8560180.6640625,3813171.38671875,10295562.7441406,0.010518798828125,0.020518798828125,9.1e-17
404.35791015625,8.09410609153909e-17,5377624.47073738,3518249.55270012,8895874.0234375,3962707.51953125,10699310.3027344,0.0105391438802083,0.0205391438802083,9.1e-17
419.61669921875,8.05929030760438e-17,5583837.94707276,3647729.43573974,9231567.3828125,4112243.65234375,11103057.8613281,0.0105594889322917,0.0205594889322917,9.1e-17
434.87548828125,8.0246898136902e-17,5790296.0341386,3776964.7080489,9567260.7421875,4261779.78515625,11506805.4199219,0.010579833984375,0.020579833984375,9.1e-17
450.13427734375,7.990303277811e-17,5996999.32021414,3905954.78134836,9902954.1015625,4411315.91796875,11910552.9785156,0.0106001790364583,0.0206001790364583,9.1e-17
465.39306640625,7.9561293762218e-17,6203948.39097435,4034699.06996315,10238647.4609375,4560852.05078125,12314300.5371094,0.0106205240885417,0.0206205240885417,9.1e-17
480.65185546875,7.92216679336725e-17,6411143.82945496,4163196.99085754,10574340.8203125,4710388.18359375,12718048.0957031,0.010640869140625,0.020640869140625,9.1e-17
495.91064453125,7.88841422183092e-17,6618586.21601754,4291447.96366996,10910034.1796875,4859924.31640625,13121795.6542969,0.0106612141927083,0.0206612141927083,9.1e-17
511.16943359375,7.85487036228501e-17,6826276.12831458,4419451.41074792,11245727.5390625,5009460.44921875,13525543.2128906,0.0106815592447917,0.0206815592447917,9.1e-17
526.42822265625,7.82153392344032e-17,7034214.14125462,4547206.75718288,11581420.8984375,5158996.58203125,13929290.7714844,0.010701904296875,0.020701904296875,9.1e-17
541.68701171875,7.78840362199653e-17,7242400.82696742,4674713.43084508,11917114.2578125,5308532.71484375,14333038.3300781,0.0107222493489583,0.0207222493489583,9.1e-17
556.94580078125,7.75547818259279e-17,7450836.75476916,4801970.86241834,12252807.6171875,5458068.84765625,14736785.8886719,0.0107425944010417,0.0207425944010417,9.1e-17
572.20458984375,7.7227563377586e-17,7659522.49112765,4928978.48543485,12588500.9765625,5607604.98046875,15140533.4472656,0.010762939453125,0.020762939453125,9.1e-17
587.46337890625,7.69023682786505e-17,7868458.59962765,5055735.73630985,12924194.3359375,5757141.11328125,15544281.0058594,0.0107832845052083,0.0207832845052083,9.1e-17
602.72216796875,7.6579184010763e-17,8077645.64093622,5182242.05437628,13259887.6953125,5906677.24609375,15948028.5644531,0.0108036295572917,0.0208036295572917,9.1e-17
617.98095703125,7.62579981330138e-17,8287084.17276804,5308496.88191946,13595581.0546875,6056213.37890625,16351776.1230469,0.010823974609375,0.020823974609375,9.1e-17
633.23974609375,7.5938798281463e-17,8496774.74985096,5434499.66421154,13931274.4140625,6205749.51171875,16755523.6816406,0.0108443196614583,0.0208443196614583,9.1e-17
648.49853515625,7.56215721686646e-17,8706717.92389144,5560249.84954606,14266967.7734375,6355285.64453125,17159271.2402344,0.0108646647135417,0.0208646647135417,9.1e-17
663.75732421875,7.5306307583193e-17,8916914.24354017,5685746.88927233,14602661.1328125,6504821.77734375,17563018.7988281,0.010885009765625,0.020885009765625,9.1e-17
679.01611328125,7.49929923891733e-17,9127364.25435771,5810990.23782979,14938354.4921875,6654357.91015625,17966766.3574219,0.0109053548177083,0.0209053548177083,9.1e-17
694.27490234375,7.4681614525814e-17,9338068.49878023,5935979.35278227,15274047.8515625,6803894.04296875,18370513.9160156,0.0109256998697917,0.0209256998697917,9.1e-17
709.53369140625,7.43721620069423e-17,9549027.5160853,6060713.6948522,15609741.2109375,6953430.17578125,18774261.4746094,0.010946044921875,0.020946044921875,9.1e-17
724.79248046875,7.40646229205428e-17,9760241.84235779,6185192.72795471,15945434.5703125,7102966.30859375,19178009.0332031,0.0109663899739583,0.0209663899739583,9.1e-17
740.05126953125,7.37589854282993e-17,9971712.01045587,6309415.91923163,16281127.9296875,7252502.44140625,19581756.5917969,0.0109867350260417,0.0209867350260417,9.1e-17
755.31005859375,7.34552377651383e-17,10183438.549977,6433382.73908545,16616821.2890625,7402038.57421875,19985504.1503906,0.011007080078125,0.021007080078125,9.1e-17
770.56884765625,7.31533682387764e-17,10395421.9872244,6557092.66121313,16952514.6484375,7551574.70703125,20389251.7089844,0.0110274251302083,0.0210274251302083,9.1e-17
785.82763671875,7.28533652292702e-17,10607662.8451727,6680545.16263983,17288208.0078125,7701110.83984375,20792999.2675781,0.0110477701822917,0.0210477701822917,9.1e-17
801.08642578125,7.25552171885688e-17,10820161.643435,6803739.72375253,17623901.3671875,7850646.97265625,21196746.8261719,0.011068115234375,0.021068115234375,9.1e-17
816.34521484375,7.2258912640069e-17,11032918.8982289,6926675.82833356,17959594.7265625,8000183.10546875,21600494.3847656,0.0110884602864583,0.0210884602864583,9.1e-17
831.60400390625,7.19644401781739e-17,11245935.1223435,7049352.96359401,18295288.0859375,8149719.23828125,22004241.9433594,0.0111088053385417,0.0211088053385417,9.1e-17
846.86279296875,7.16717884678532e-17,11459210.8251055,7171770.62020697,18630981.4453125,8299255.37109375,22407989.5019531,0.011129150390625,0.021129150390625,9.1e-17
862.12158203125,7.13809462442074e-17,11672746.5123468,7293928.29234073,18966674.8046875,8448791.50390625,22811737.0605469,0.0111494954427083,0.0211494954427083,9.1e-17
877.38037109375,7.10919023120334e-17,11886542.6863707,7415825.47769183,19302368.1640625,8598327.63671875,23215484.6191406,0.0111698404947917,0.0211698404947917,9.1e-17
892.63916015625,7.0804645545394e-17,12100599.8459196,7537461.67751789,19638061.5234375,8747863.76953125,23619232.1777344,0.011190185546875,0.021190185546875,9.1e-17
907.89794921875,7.05191648871894e-17,12314918.486142,7658836.39667046,19973754.8828125,8897399.90234375,24022979.7363281,0.0112105305989583,0.0212105305989583,9.1e-17
923.15673828125,7.02354493487312e-17,12529499.0985599,7779949.14362763,20309448.2421875,9046936.03515625,24426727.2949219,0.0112308756510417,0.0212308756510417,9.1e-17
938.41552734375,6.99534880093197e-17,12744342.171036,7900799.43052647,20645141.6015625,9196472.16796875,24830474.8535156,0.011251220703125,0.021251220703125,9.1e-17
953.67431640625,6.96732700158233e-17,12959448.1877421,8021386.77319542,20980834.9609375,9346008.30078125,25234222.4121094,0.0112715657552083,0.0212715657552083,9.1e-17
968.93310546875,6.93947845822605e-17,13174817.629126,8141710.69118647,21316528.3203125,9495544.43359375,25637969.9707031,0.0112919108072917,0.0212919108072917,9.1e-17
984.19189453125,6.91180209893846e-17,13390450.9718803,8261770.70780716,21652221.6796875,9645080.56640625,26041717.5292969,0.011312255859375,0.021312255859375,9.1e-17
999.45068359375,6.88429685842713e-17,13606348.68891,8381566.35015248,21987915.0390625,9794616.69921875,26445465.0878906,0.0113326009114583,0.0213326009114583,9.1e-17
1014.70947265625,6.85696167799082e-17,13822511.2493009,8501097.14913656,22323608.3984375,9944152.83203125,26849212.6464844,0.0113529459635417,0.0213529459635417,9.1e-17
1029.96826171875,6.82979550547873e-17,14038939.1182883,8620362.63952419,22659301.7578125,10093688.9648438,27252960.2050781,0.011373291015625,0.021373291015625,9.1e-17
1045.22705078125,6.80279729524998e-17,14255632.7572253,8739362.35996223,22994995.1171875,10243225.0976562,27656707.7636719,0.0113936360677083,0.0213936360677083,9.1e-17
1060.48583984375,6.77596600813337e-17,14472592.6235518,8858095.85301073,23330688.4765625,10392761.2304688,28060455.3222656,0.0114139811197917,0.0214139811197917,9.1e-17
1075.74462890625,6.74930061138736e-17,14689819.1707635,8976562.66517397,23666381.8359375,10542297.3632812,28464202.8808594,0.011434326171875,0.021434326171875,9.1e-17
1091.00341796875,6.72280007866029e-17,14907312.8483812,9094762.34693128,24002075.1953125,10691833.4960938,28867950.4394531,0.0114546712239583,0.0214546712239583,9.1e-17
1106.26220703125,6.69646338995088e-17,15125074.1019199,9212694.45276763,24337768.5546875,10841369.6289062,29271697.9980469,0.0114750162760417,0.0214750162760417,9.1e-17
1121.52099609375,6.67028953156896e-17,15343103.3728584,9330358.5412041,24673461.9140625,10990905.7617188,29675445.5566406,0.011495361328125,0.021495361328125,9.1e-17
1136.77978515625,6.64427749609641e-17,15561401.0986094,9447754.17482805,25009155.2734375,11140441.8945312,30079193.1152344,0.0115157063802083,0.0215157063802083,9.1e-17
1152.03857421875,6.61842628234841e-17,15779967.7124893,9564880.92032323,25344848.6328125,11289978.0273438,30482940.6738281,0.0115360514322917,0.0215360514322917,9.1e-17
1167.29736328125,6.59273489533487e-17,15998803.643688,9681738.34849953,25680541.9921875,11439514.1601562,30886688.2324219,0.011556396484375,0.021556396484375,9.1e-17
1182.55615234375,6.56720234622212e-17,16217909.3172399,9798326.03432262,26016235.3515625,11589050.2929688,31290435.7910156,0.0115767415364583,0.0215767415364583,9.1e-17
1197.81494140625,6.54182765229482e-17,16437285.1539942,9914643.55694331,26351928.7109375,11738586.4257812,31694183.3496094,0.0115970865885417,0.0215970865885417,9.1e-17
1213.07373046875,6.51660983691817e-17,16656931.5705857,10030690.4997268,26687622.0703125,11888122.5585938,32097930.9082031,0.011617431640625,0.021617431640625,9.1e-17
1228.33251953125,6.49154792950025e-17,16876848.979406,10146466.4502815,27023315.4296875,12037658.6914062,32501678.4667969,0.0116377766927083,0.0216377766927083,9.1e-17
1243.59130859375,6.46664096545468e-17,17097037.7885747,10261971.0004878,27359008.7890625,12187194.8242188,32905426.0253906,0.0116581217447917,0.0216581217447917,9.1e-17
1258.85009765625,6.44188798616348e-17,17317498.4019108,10377203.7465267,27694702.1484375,12336730.9570312,33309173.5839844,0.011678466796875,0.021678466796875,9.1e-17
1274.10888671875,6.41728803894013e-17,17538231.2189046,10492164.2889079,28030395.5078125,12486267.0898438,33712921.1425781,0.0116988118489583,0.0216988118489583,9.1e-17
1289.36767578125,6.39284017699292e-17,17759236.6346898,10606852.2324977,28366088.8671875,12635803.2226562,34116668.7011719,0.0117191569010417,0.0217191569010417,9.1e-17
1304.62646484375,6.36854345938848e-17,17980515.0400153,10721267.1865472,28701782.2265625,12785339.3554688,34520416.2597656,0.011739501953125,0.021739501953125,9.1e-17
1319.88525390625,6.34439695101554e-17,18202066.8212183,10835408.7647192,29037475.5859375,12934875.4882812,34924163.8183594,0.0117598470052083,0.0217598470052083,9.1e-17
1335.14404296875,6.32039972254896e-17,18423892.3601966,10949276.5851159,29373168.9453125,13084411.6210938,35327911.3769531,0.0117801920572917,0.0217801920572917,9.1e-17
1350.40283203125,6.29655085041388e-17,18645992.0343815,11062870.270306,29708862.3046875,13233947.7539062,35731658.9355469,0.011800537109375,0.021800537109375,9.1e-17
1365.66162109375,6.27284941675023e-17,18868366.2167115,11176189.447351,30044555.6640625,13383483.8867188,36135406.4941406,0.0118208821614583,0.0218208821614583,9.1e-17
1380.92041015625,6.24929450937734e-17,19091015.2756054,11289233.7478321,30380249.0234375,13533020.0195312,36539154.0527344,0.0118412272135417,0.0218412272135417,9.1e-17
1396.17919921875,6.22588522175882e-17,19313939.5749364,11402002.8078761,30715942.3828125,13682556.1523438,36942901.6113281,0.011861572265625,0.021861572265625,9.1e-17
1411.43798828125,6.20262065296769e-17,19537139.4740061,11514496.2681814,31051635.7421875,13832092.2851562,37346649.1699219,0.0118819173177083,0.0218819173177083,9.1e-17
1426.69677734375,6.17949990765162e-17,19760615.3275183,11626713.7740442,31387329.1015625,13981628.4179688,37750396.7285156,0.0119022623697917,0.0219022623697917,9.1e-17
1441.95556640625,6.15652209599853e-17,19984367.4855546,11738654.9753829,31723022.4609375,14131164.5507812,38154144.2871094,0.011922607421875,0.021922607421875,9.1e-17
1457.21435546875,6.13368633370227e-17,20208396.2935485,11850319.526764,32058715.8203125,14280700.6835938,38557891.8457031,0.0119429524739583,0.0219429524739583,9.1e-17
1472.47314453125,6.11099174192861e-17,20432702.0922608,11961707.0874267,32394409.1796875,14430236.8164062,38961639.4042969,0.0119632975260417,0.0219632975260417,9.1e-17
1487.73193359375,6.08843744728134e-17,20657285.2177553,12072817.3213072,32730102.5390625,14579772.9492188,39365386.9628906,0.011983642578125,0.021983642578125,9.1e-17
1502.99072265625,6.06602258176873e-17,20882146.0013742,12183649.8970633,33065795.8984375,14729309.0820312,39769134.5214844,0.0120039876302083,0.0220039876302083,9.1e-17
1518.24951171875,6.04374628276999e-17,21107284.7697144,12294204.4880981,33401489.2578125,14878845.2148438,40172882.0800781,0.0120243326822917,0.0220243326822917,9.1e-17
1533.50830078125,6.02160769300216e-17,21332701.844604,12404480.7725835,33737182.6171875,15028381.3476562,40576629.6386719,0.012044677734375,0.022044677734375,9.1e-17
1548.76708984375,5.99960596048704e-17,21558397.5430786,12514478.4334839,34072875.9765625,15177917.4804688,40980377.1972656,0.0120650227864583,0.0220650227864583,9.1e-17
1564.02587890625,5.97774023851839e-17,21784372.1773587,12624197.1585788,34408569.3359375,15327453.6132812,41384124.7558594,0.0120853678385417,0.0220853678385417,9.1e-17
1579.28466796875,5.95600968562932e-17,22010626.0548265,12733636.640486,34744262.6953125,15476989.7460938,41787872.3144531,0.012105712890625,0.022105712890625,9.1e-17
1594.54345703125,5.93441346555992e-17,22237159.478004,12842796.5766835,35079956.0546875,15626525.8789062,42191619.8730469,0.0121260579427083,0.0221260579427083,9.1e-17
1609.80224609375,5.91295074722502e-17,22463972.7445308,12951676.6695317,35415649.4140625,15776062.0117188,42595367.4316406,0.0121464029947917,0.0221464029947917,9.1e-17
1625.06103515625,5.89162070468219e-17,22691066.1471422,13060276.6262953,35751342.7734375,15925598.1445312,42999114.9902344,0.012166748046875,0.022166748046875,9.1e-17
1640.31982421875,5.87042251709995e-17,22918439.9736477,13168596.1591648,36087036.1328125,16075134.2773438,43402862.5488281,0.0121870930989583,0.0221870930989583,9.1e-17
1655.57861328125,5.84935536872617e-17,23146094.5069104,13276634.9852771,36422729.4921875,16224670.4101562,43806610.1074219,0.0122074381510417,0.0222074381510417,9.1e-17
1670.83740234375,5.82841844885662e-17,23374030.0248257,13384392.8267368,36758422.8515625,16374206.5429688,44210357.6660156,0.012227783203125,0.022227783203125,9.1e-17
1686.09619140625,5.80761095180377e-17,23602246.8003012,13491869.4106363,37094116.2109375,16523742.6757812,44614105.2246094,0.0122481282552083,0.0222481282552083,9.1e-17
1701.35498046875,5.78693207686577e-17,23830745.1012365,13599064.469076,37429809.5703125,16673278.8085938,45017852.7832031,0.0122684733072917,0.0222684733072917,9.1e-17
1716.61376953125,5.7663810282956e-17,24059525.1905035,13705977.739184,37765502.9296875,16822814.9414062,45421600.3417969,0.012288818359375,0.022288818359375,9.1e-17
1731.87255859375,5.74595701527045e-17,24288587.3259269,13812608.9631356,38101196.2890625,16972351.0742188,45825347.9003906,0.0123091634114583,0.0223091634114583,9.1e-17
1747.13134765625,5.72565925186123e-17,24517931.7602655,13918957.888172,38436889.6484375,17121887.2070312,46229095.4589844,0.0123295084635417,0.0223295084635417,9.1e-17
1762.39013671875,5.70548695700233e-17,24747558.7411928,14025024.2666197,38772583.0078125,17271423.3398438,46632843.0175781,0.012349853515625,0.022349853515625,9.1e-17
1777.64892578125,5.68543935446153e-17,24977468.5112796,14130807.8559079,39108276.3671875,17420959.4726562,47036590.5761719,0.0123701985677083,0.0223701985677083,9.1e-17
1792.90771484375,5.66551567281012e-17,25207661.3079751,14236308.4185874,39443969.7265625,17570495.6054688,47440338.1347656,0.0123905436197917,0.0223905436197917,9.1e-17
1808.16650390625,5.64571514539316e-17,25438137.36359,14341525.7223475,39779663.0859375,17720031.7382812,47844085.6933594,0.012410888671875,0.022410888671875,9.1e-17
1823.42529296875,5.62603701029999e-17,25668896.9052787,14446459.5400338,40115356.4453125,17869567.8710938,48247833.2519531,0.0124312337239583,0.0224312337239583,9.1e-17
1838.68408203125,5.60648051033488e-17,25899940.1550228,14551109.6496647,40451049.8046875,18019104.0039062,48651580.8105469,0.0124515787760417,0.0224515787760417,9.1e-17
1853.94287109375,5.58704489298783e-17,26131267.3296144,14655475.8344481,40786743.1640625,18168640.1367188,49055328.3691406,0.012471923828125,0.022471923828125,9.1e-17
1869.20166015625,5.56772941040566e-17,26362878.6406397,14759557.8827978,41122436.5234375,18318176.2695312,49459075.9277344,0.0124922688802083,0.0224922688802083,9.1e-17
1884.46044921875,5.54853331936314e-17,26594774.2944638,14863355.5883487,41458129.8828125,18467712.4023438,49862823.4863281,0.0125126139322917,0.0225126139322917,9.1e-17
1899.71923828125,5.5294558812344e-17,26826954.4922148,14966868.7499727,41793823.2421875,18617248.5351562,50266571.0449219,0.012532958984375,0.022532958984375,9.1e-17
1914.97802734375,5.51049636196449e-17,27059419.4297687,15070097.1717938,42129516.6015625,18766784.6679688,50670318.6035156,0.0125533040364583,0.0225533040364583,9.1e-17
1930.23681640625,5.49165403204109e-17,27292169.2977352,15173040.6632023,42465209.9609375,18916320.8007812,51074066.1621094,0.0125736490885417,0.0225736490885417,9.1e-17
1945.49560546875,5.47292816646642e-17,27525204.2814433,15275699.0388692,42800903.3203125,19065856.9335938,51477813.7207031,0.012593994140625,0.022593994140625,9.1e-17
1960.75439453125,5.45431804472932e-17,27758524.5609268,15378072.1187607,43136596.6796875,19215393.0664062,51881561.2792969,0.0126143391927083,0.0226143391927083,9.1e-17
1976.01318359375,5.4358229507775e-17,27992130.3109119,15480159.7281506,43472290.0390625,19364929.1992188,52285308.8378906,0.0126346842447917,0.0226346842447917,9.1e-17
1991.27197265625,5.41744217298995e-17,28226021.700803,15581961.6976345,43807983.3984375,19514465.3320312,52689056.3964844,0.012655029296875,0.022655029296875,9.1e-17
2006.53076171875,5.39917500414956e-17,28460198.8946708,15683477.8631417,44143676.7578125,19664001.4648438,53092803.9550781,0.0126753743489583,0.0226753743489583,9.1e-17
2021.78955078125,5.38102074141585e-17,28694662.0512394,15784708.0659481,44479370.1171875,19813537.5976562,53496551.5136719,0.0126957194010417,0.0226957194010417,9.1e-17
2037.04833984375,5.36297868629792e-17,28929411.3238748,15885652.1526877,44815063.4765625,19963073.7304688,53900299.0722656,0.012716064453125,0.022716064453125,9.1e-17
2052.30712890625,5.34504814462755e-17,29164446.860573,15986309.9753645,45150756.8359375,20112609.8632812,54304046.6308594,0.0127364095052083,0.0227364095052083,9.1e-17
2067.56591796875,5.32722842653244e-17,29399768.8039492,16086681.3913633,45486450.1953125,20262145.9960938,54707794.1894531,0.0127567545572917,0.0227567545572917,9.1e-17
2082.82470703125,5.30951884640965e-17,29635377.2912267,16186766.2634608,45822143.5546875,20411682.1289062,55111541.7480469,0.012777099609375,0.022777099609375,9.1e-17
2098.08349609375,5.29191872289921e-17,29871272.454227,16286564.4598355,46157836.9140625,20561218.2617188,55515289.3066406,0.0127974446614583,0.0227974446614583,9.1e-17
2113.34228515625,5.27442737885786e-17,30107454.4193595,16386075.854078,46493530.2734375,20710754.3945312,55919036.8652344,0.0128177897135417,0.0228177897135417,9.1e-17
2128.60107421875,5.25704414133296e-17,30343923.3076123,16485300.3252002,46829223.6328125,20860290.5273438,56322784.4238281,0.012838134765625,0.022838134765625,9.1e-17
2143.85986328125,5.23976834153661e-17,30580679.2345425,16584237.757645,47164916.9921875,21009826.6601562,56726531.9824219,0.0128584798177083,0.0228584798177083,9.1e-17
2159.11865234375,5.22259931481981e-17,30817722.3102684,16682888.0412941,47500610.3515625,21159362.7929688,57130279.5410156,0.0128788248697917,0.0228788248697917,9.1e-17
2174.37744140625,5.20553640064696e-17,31055052.6394604,16781251.0714771,47836303.7109375,21308898.9257812,57534027.0996094,0.012899169921875,0.022899169921875,9.1e-17
2189.63623046875,5.18857894257034e-17,31292670.3213334,16879326.7489791,48171997.0703125,21458435.0585938,57937774.6582031,0.0129195149739583,0.0229195149739583,9.1e-17
2204.89501953125,5.17172628820486e-17,31530575.4496396,16977114.9800479,48507690.4296875,21607971.1914062,58341522.2167969,0.0129398600260417,0.0229398600260417,9.1e-17
2220.15380859375,5.15497778920292e-17,31768768.1126608,17074615.6764017,48843383.7890625,21757507.3242188,58745269.7753906,0.012960205078125,0.022960205078125,9.1e-17
2235.41259765625,5.13833280122943e-17,32007248.3932026,17171828.7552349,49179077.1484375,21907043.4570312,59149017.3339844,0.0129805501302083,0.0229805501302083,9.1e-17
2250.67138671875,5.12179068393702e-17,32246016.3685872,17268754.1392253,49514770.5078125,22056579.5898438,59552764.8925781,0.0130008951822917,0.0230008951822917,9.1e-17
2265.93017578125,5.10535080094132e-17,32485072.1106486,17365391.7565389,49850463.8671875,22206115.7226562,59956512.4511719,0.013021240234375,0.023021240234375,9.1e-17
2281.18896484375,5.08901251979652e-17,32724415.6857263,17461741.5408362,50186157.2265625,22355651.8554688,60360260.0097656,0.0130415852864583,0.0230415852864583,9.1e-17
2296.44775390625,5.07277521197093e-17,32964047.1546611,17557803.4312764,50521850.5859375,22505187.9882812,60764007.5683594,0.0130619303385417,0.0230619303385417,9.1e-17
2311.70654296875,5.05663825282283e-17,33203966.5727898,17653577.3725227,50857543.9453125,22654724.1210938,61167755.1269531,0.013082275390625,0.023082275390625,9.1e-17
2326.96533203125,5.04060102157638e-17,33444173.9899417,17749063.3147458,51193237.3046875,22804260.2539062,61571502.6855469,0.0131026204427083,0.0231026204427083,9.1e-17
2342.22412109375,5.02466290129769e-17,33684669.4504346,17844261.2136279,51528930.6640625,22953796.3867188,61975250.2441406,0.0131229654947917,0.0231229654947917,9.1e-17
2357.48291015625,5.00882327887109e-17,33925452.9930715,17939171.030366,51864624.0234375,23103332.5195312,62378997.8027344,0.013143310546875,0.023143310546875,9.1e-17
2372.74169921875,4.9930815449755e-17,34166524.6511377,18033792.7316748,52200317.3828125,23252868.6523438,62782745.3613281,0.0131636555989583,0.0231636555989583,9.1e-17
2388.00048828125,4.97743709406095e-17,34407884.4523985,18128126.289789,52536010.7421875,23402404.7851562,63186492.9199219,0.0131840006510417,0.0231840006510417,9.1e-17
2403.25927734375,4.96188932432524e-17,34649532.4190972,18222171.6824653,52871704.1015625,23551940.9179688,63590240.4785156,0.013204345703125,0.023204345703125,9.1e-17
2418.51806640625,4.94643763769081e-17,34891468.5679531,18315928.8929844,53207397.4609375,23701477.0507812,63993988.0371094,0.0132246907552083,0.0232246907552083,9.1e-17
2433.77685546875,4.93108143978162e-17,35133692.910161,18409397.9101515,53543090.8203125,23851013.1835938,64397735.5957031,0.0132450358072917,0.0232450358072917,9.1e-17
2449.03564453125,4.91582013990032e-17,35376205.4513897,18502578.7282978,53878784.1796875,24000549.3164062,64801483.1542969,0.013265380859375,0.023265380859375,9.1e-17
2464.29443359375,4.90065315100546e-17,35619006.1917823,18595471.3472802,54214477.5390625,24150085.4492188,65205230.7128906,0.0132857259114583,0.0232857259114583,9.1e-17
2479.55322265625,4.88557988968888e-17,35862095.1259559,18688075.7724816,54550170.8984375,24299621.5820312,65608978.2714844,0.0133060709635417,0.0233060709635417,9.1e-17
2494.81201171875,4.87059977615325e-17,36105472.2430022,18780392.0148103,54885864.2578125,24449157.7148438,66012725.8300781,0.013326416015625,0.023326416015625,9.1e-17
2510.07080078125,4.8557122341897e-17,36349137.5264887,18872420.0906988,55221557.6171875,24598693.8476562,66416473.3886719,0.0133467610677083,0.0233467610677083,9.1e-17
2525.32958984375,4.84091669115565e-17,36593090.9544596,18964160.0221029,55557250.9765625,24748229.9804688,66820220.9472656,0.0133671061197917,0.0233671061197917,9.1e-17
2540.58837890625,4.82621257795274e-17,36837332.4994379,19055611.8364996,55892944.3359375,24897766.1132812,67223968.5058594,0.013387451171875,0.023387451171875,9.1e-17
2555.84716796875,4.81159932900492e-17,37081862.1284277,19146775.5668848,56228637.6953125,25047302.2460938,67627716.0644531,0.0134077962239583,0.0234077962239583,9.1e-17
2571.10595703125,4.79707638223661e-17,37326679.8029165,19237651.251771,56564331.0546875,25196838.3789062,68031463.6230469,0.0134281412760417,0.0234281412760417,9.1e-17
2586.36474609375,4.7826431790511e-17,37571785.4788786,19328238.9351839,56900024.4140625,25346374.5117188,68435211.1816406,0.013448486328125,0.023448486328125,9.1e-17
2601.62353515625,4.768299164309e-17,37817179.1067782,19418538.6666593,57235717.7734375,25495910.6445312,68838958.7402344,0.0134688313802083,0.0234688313802083,9.1e-17
2616.88232421875,4.75404378630687e-17,38062860.6315737,19508550.5012388,57571411.1328125,25645446.7773438,69242706.2988281,0.0134891764322917,0.0234891764322917,9.1e-17
2632.14111328125,4.73987649675594e-17,38308829.9927218,19598274.4994657,57907104.4921875,25794982.9101562,69646453.8574219,0.013509521484375,0.023509521484375,9.1e-17
2647.39990234375,4.725796750761e-17,38555087.1241821,19687710.7273804,58242797.8515625,25944519.0429688,70050201.4160156,0.0135298665364583,0.0235298665364583,9.1e-17
2662.65869140625,4.7118040067994e-17,38801631.9544228,19776859.2565147,58578491.2109375,26094055.1757812,70453948.9746094,0.0135502115885417,0.0235502115885417,9.1e-17
2677.91748046875,4.6978977267002e-17,39048464.4064255,19865720.163887,58914184.5703125,26243591.3085938,70857696.5332031,0.013570556640625,0.023570556640625,9.1e-17
2693.17626953125,4.68407737562342e-17,39295584.3976918,19954293.5319957,59249877.9296875,26393127.4414062,71261444.0917969,0.0135909016927083,0.0235909016927083,9.1e-17
2708.43505859375,4.67034242203942e-17,39542991.8402495,20042579.448813,59585571.2890625,26542663.5742188,71665191.6503906,0.0136112467447917,0.0236112467447917,9.1e-17
2723.69384765625,4.65669233770844e-17,39790686.6406594,20130578.0077781,59921264.6484375,26692199.7070312,72068939.2089844,0.013631591796875,0.023631591796875,9.1e-17
2738.95263671875,4.64312659766026e-17,40038668.7000225,20218289.30779,60256958.0078125,26841735.8398438,72472686.7675781,0.0136519368489583,0.0236519368489583,9.1e-17
2754.21142578125,4.62964468017393e-17,40286937.9139879,20305713.4531996,60592651.3671875,26991271.9726562,72876434.3261719,0.0136722819010417,0.0236722819010417,9.1e-17
2769.47021484375,4.61624606675771e-17,40535494.1727604,20392850.5538021,60928344.7265625,27140808.1054688,73280181.8847656,0.013692626953125,0.023692626953125,9.1e-17
2784.72900390625,4.60293024212904e-17,40784337.3611097,20479700.7248278,61264038.0859375,27290344.2382812,73683929.4433594,0.0137129720052083,0.0237129720052083,9.1e-17
2799.98779296875,4.58969669419476e-17,41033467.3583782,20566264.0869342,61599731.4453125,27439880.3710938,74087677.0019531,0.0137333170572917,0.0237333170572917,9.1e-17
2815.24658203125,4.5765449140313e-17,41282884.0384916,20652540.7661959,61935424.8046875,27589416.5039062,74491424.5605469,0.013753662109375,0.023753662109375,9.1e-17
2830.50537109375,4.56347439586511e-17,41532587.2699674,20738530.8940951,62271118.1640625,27738952.6367188,74895172.1191406,0.0137740071614583,0.0237740071614583,9.1e-17
2845.76416015625,4.55048463705317e-17,41782576.9159258,20824234.6075117,62606811.5234375,27888488.7695312,75298919.6777344,0.0137943522135417,0.0237943522135417,9.1e-17
2861.02294921875,4.53757513806361e-17,42032852.8340998,20909652.0487127,62942504.8828125,28038024.9023438,75702667.2363281,0.013814697265625,0.023814697265625,9.1e-17
2876.28173828125,4.52474540245647e-17,42283414.8768462,20994783.3653413,63278198.2421875,28187561.0351562,76106414.7949219,0.0138350423177083,0.0238350423177083,9.1e-17
2891.54052734375,4.51199493686457e-17,42534262.8911571,21079628.7104054,63613891.6015625,28337097.1679688,76510162.3535156,0.0138553873697917,0.0238553873697917,9.1e-17
2906.79931640625,4.49932325097447e-17,42785396.7186713,21164188.2422662,63949584.9609375,28486633.3007812,76913909.9121094,0.013875732421875,0.023875732421875,9.1e-17
2922.05810546875,4.48672985750761e-17,43036816.1956864,21248462.1246261,64285278.3203125,28636169.4335938,77317657.4707031,0.0138960774739583,0.0238960774739583,9.1e-17
2937.31689453125,4.47421427220153e-17,43288521.1531716,21332450.5265159,64620971.6796875,28785705.5664062,77721405.0292969,0.0139164225260417,0.0239164225260417,9.1e-17
2952.57568359375,4.4617760137912e-17,43540511.4167804,21416153.6222821,64956665.0390625,28935241.6992188,78125152.5878906,0.013936767578125,0.023936767578125,9.1e-17
2967.83447265625,4.44941460399044e-17,43792786.8068637,21499571.5915739,65292358.3984375,29084777.8320312,78528900.1464844,0.0139571126302083,0.0239571126302083,9.1e-17
2983.09326171875,4.43712956747355e-17,44045347.1384836,21582704.6193289,65628051.7578125,29234313.9648438,78932647.7050781,0.0139774576822917,0.0239774576822917,9.1e-17
2998.35205078125,4.42492043185695e-17,44298192.2214278,21665552.8957597,65963745.1171875,29383850.0976562,79336395.2636719,0.013997802734375,0.023997802734375,9.1e-17
3013.61083984375,4.41278672768099e-17,44551321.8602233,21748116.6163392,66299438.4765625,29533386.2304688,79740142.8222656,0.0140181477864583,0.0240181477864583,9.1e-17
3028.86962890625,4.40072798839185e-17,44804735.8541517,21830395.9817858,66635131.8359375,29682922.3632812,80143890.3808594,0.0140384928385417,0.0240384928385417,9.1e-17
3044.12841796875,4.38874375032357e-17,45058433.9972643,21912391.1980482,66970825.1953125,29832458.4960938,80547637.9394531,0.014058837890625,0.024058837890625,9.1e-17
3059.38720703125,4.37683355268016e-17,45312416.0783977,21994102.4762898,67306518.5546875,29981994.6289062,80951385.4980469,0.0140791829427083,0.0240791829427083,9.1e-17
3074.64599609375,4.36499693751786e-17,45566681.8811896,22075530.0328729,67642211.9140625,30131530.7617188,81355133.0566406,0.0140995279947917,0.0240995279947917,9.1e-17
3089.90478515625,4.3532334497275e-17,45821231.1840951,22156674.0893424,67977905.2734375,30281066.8945312,81758880.6152344,0.014119873046875,0.024119873046875,9.1e-17
3105.16357421875,4.34154263701693e-17,46076063.7604036,22237534.8724089,68313598.6328125,30430603.0273438,82162628.1738281,0.0141402180989583,0.0241402180989583,9.1e-17
3120.42236328125,4.3299240498936e-17,46331179.3782555,22318112.613932,68649291.9921875,30580139.1601562,82566375.7324219,0.0141605631510417,0.0241605631510417,9.1e-17
3135.68115234375,4.31837724164724e-17,46586577.80066,22398407.5509025,68984985.3515625,30729675.2929688,82970123.2910156,0.014180908203125,0.024180908203125,9.1e-17
3150.93994140625,4.30690176833265e-17,46842258.7855123,22478419.9254252,69320678.7109375,30879211.4257812,83373870.8496094,0.0142012532552083,0.0242012532552083,9.1e-17
3166.19873046875,4.29549718875259e-17,47098222.0856126,22558149.9846999,69656372.0703125,31028747.5585938,83777618.4082031,0.0142215983072917,0.0242215983072917,9.1e-17
3181.45751953125,4.28416306444073e-17,47354467.4486834,22637597.9810041,69992065.4296875,31178283.6914062,84181365.9667969,0.014241943359375,0.024241943359375,9.1e-17
3196.71630859375,4.27289895964481e-17,47610994.6173895,22716764.171673,70327758.7890625,31327819.8242188,84585113.5253906,0.0142622884114583,0.0242622884114583,9.1e-17
3211.97509765625,4.26170444130983e-17,47867803.3293562,22795648.8190813,70663452.1484375,31477355.9570312,84988861.0839844,0.0142826334635417,0.0242826334635417,9.1e-17
3227.23388671875,4.25057907906132e-17,48124893.3171897,22874252.1906228,70999145.5078125,31626892.0898438,85392608.6425781,0.014302978515625,0.024302978515625,9.1e-17
3242.49267578125,4.2395224451888e-17,48382264.3084961,22952574.5586914,71334838.8671875,31776428.2226562,85796356.2011719,0.0143233235677083,0.0243233235677083,9.1e-17
3257.75146484375,4.22853411462927e-17,48639916.0259022,23030616.2006603,71670532.2265625,31925964.3554688,86200103.7597656,0.0143436686197917,0.0243436686197917,9.1e-17
3273.01025390625,4.21761366495083e-17,48897848.187076,23108377.3988615,72006225.5859375,32075500.4882812,86603851.3183594,0.014364013671875,0.024364013671875,9.1e-17
3288.26904296875,4.20676067633638e-17,49156060.504747,23185858.4405655,72341918.9453125,32225036.6210938,87007598.8769531,0.0143843587239583,0.0243843587239583,9.1e-17
3303.52783203125,4.19597473156748e-17,49414552.6867283,23263059.6179592,72677612.3046875,32374572.7539062,87411346.4355469,0.0144047037760417,0.0244047037760417,9.1e-17
3318.78662109375,4.18525541600822e-17,49673324.4359374,23339981.2281251,73013305.6640625,32524108.8867188,87815093.9941406,0.014425048828125,0.024425048828125,9.1e-17
3334.04541015625,4.17460231758927e-17,49932375.4504183,23416623.5730192,73348999.0234375,32673645.0195312,88218841.5527344,0.0144453938802083,0.0244453938802083,9.1e-17
3349.30419921875,4.16401502679197e-17,50191705.4233637,23492986.9594488,73684692.3828125,32823181.1523438,88622589.1113281,0.0144657389322917,0.0244657389322917,9.1e-17
3364.56298828125,4.15349313663258e-17,50451314.0431376,23569071.6990499,74020385.7421875,32972717.2851562,89026336.6699219,0.014486083984375,0.024486083984375,9.1e-17
3379.82177734375,4.14303624264655e-17,50711200.9932977,23644878.1082648,74356079.1015625,33122253.4179688,89430084.2285156,0.0145064290364583,0.0245064290364583,9.1e-17
3395.08056640625,4.13264394287296e-17,50971365.9526191,23720406.5083184,74691772.4609375,33271789.5507812,89833831.7871094,0.0145267740885417,0.0245267740885417,9.1e-17
3410.33935546875,4.12231583783901e-17,51231808.5951171,23795657.2251954,75027465.8203125,33421325.6835938,90237579.3457031,0.014547119140625,0.024547119140625,9.1e-17
3425.59814453125,4.1120515305446e-17,51492528.5900713,23870630.5896162,75363159.1796875,33570861.8164062,90641326.9042969,0.0145674641927083,0.0245674641927083,9.1e-17
3440.85693359375,4.10185062644709e-17,51753525.6020496,23945326.9370129,75698852.5390625,33720397.9492188,91045074.4628906,0.0145878092447917,0.0245878092447917,9.1e-17
3456.11572265625,4.09171273344602e-17,52014799.2909325,24019746.607505,76034545.8984375,33869934.0820312,91448822.0214844,0.014608154296875,0.024608154296875,9.1e-17
3471.37451171875,4.08163746186804e-17,52276349.3119376,24093889.9458749,76370239.2578125,34019470.2148438,91852569.5800781,0.0146284993489583,0.0246284993489583,9.1e-17
3486.63330078125,4.07162442445184e-17,52538175.3156443,24167757.3015432,76705932.6171875,34169006.3476562,92256317.1386719,0.0146488444010417,0.0246488444010417,9.1e-17
3501.89208984375,4.06167323633328e-17,52800276.9480197,24241349.0285428,77041625.9765625,34318542.4804688,92660064.6972656,0.014669189453125,0.024669189453125,9.1e-17
3517.15087890625,4.05178351503053e-17,53062653.8504433,24314665.4854942,77377319.3359375,34468078.6132812,93063812.2558594,0.0146895345052083,0.0246895345052083,9.1e-17
3532.40966796875,4.04195488042929e-17,53325305.6597329,24387707.0355796,77713012.6953125,34617614.7460938,93467559.8144531,0.0147098795572917,0.0247098795572917,9.1e-17
3547.66845703125,4.03218695476818e-17,53588232.0081711,24460474.0465164,78048706.0546875,34767150.8789062,93871307.3730469,0.014730224609375,0.024730224609375,9.1e-17
3562.92724609375,4.02247936262416e-17,53851432.523531,24532966.8905315,78384399.4140625,34916687.0117188,94275054.9316406,0.0147505696614583,0.0247505696614583,9.1e-17
3578.18603515625,4.01283173089806e-17,54114906.8291029,24605185.9443346,78720092.7734375,35066223.1445312,94678802.4902344,0.0147709147135417,0.0247709147135417,9.1e-17
3593.44482421875,4.00324368880017e-17,54378654.5437214,24677131.5890911,79055786.1328125,35215759.2773438,95082550.0488281,0.014791259765625,0.024791259765625,9.1e-17
3608.70361328125,3.99371486783599e-17,54642675.281792,24748804.2103955,79391479.4921875,35365295.4101562,95486297.6074219,0.0148116048177083,0.0248116048177083,9.1e-17
3623.96240234375,3.984244901792e-17,54906968.6533188,24820204.1982437,79727172.8515625,35514831.5429688,95890045.1660156,0.0148319498697917,0.0248319498697917,9.1e-17
3639.22119140625,3.97483342672152e-17,55171534.2639319,24891331.9470056,80062866.2109375,35664367.6757812,96293792.7246094,0.014852294921875,0.024852294921875,9.1e-17
3654.47998046875,3.9654800809307e-17,55436371.7149151,24962187.8553974,80398559.5703125,35813903.8085938,96697540.2832031,0.0148726399739583,0.0248726399739583,9.1e-17
3669.73876953125,3.95618450496459e-17,55701480.6032343,25032772.3264532,80734252.9296875,35963439.9414062,97101287.8417969,0.0148929850260417,0.0248929850260417,9.1e-17
3684.99755859375,3.94694634159326e-17,55966860.5215654,25103085.7674971,81069946.2890625,36112976.0742188,97505035.4003906,0.014913330078125,0.024913330078125,9.1e-17
3700.25634765625,3.937765235798e-17,56232511.0583231,25173128.5901144,81405639.6484375,36262512.2070312,97908782.9589844,0.0149336751302083,0.0249336751302083,9.1e-17
3715.51513671875,3.92864083475769e-17,56498431.7976895,25242901.210123,81741333.0078125,36412048.3398438,98312530.5175781,0.0149540201822917,0.0249540201822917,9.1e-17
3730.77392578125,3.91957278783517e-17,56764622.3196433,25312404.0475442,82077026.3671875,36561584.4726562,98716278.0761719,0.014974365234375,0.024974365234375,9.1e-17
3746.03271484375,3.91056074656369e-17,57031082.1999886,25381637.5265739,82412719.7265625,36711120.6054688,99120025.6347656,0.0149947102864583,0.0249947102864583,9.1e-17
3761.29150390625,3.90160436463353e-17,57297811.0103847,25450602.0755528,82748413.0859375,36860656.7382812,99523773.1933594,0.0150150553385417,0.0250150553385417,9.1e-17
3776.55029296875,3.89270329787859e-17,57564808.3183756,25519298.1269369,83084106.4453125,37010192.8710938,99927520.7519531,0.015035400390625,0.025035400390625,9.1e-17
3791.80908203125,3.88385720426317e-17,57832073.6874197,25587726.1172678,83419799.8046875,37159729.0039062,100331268.310547,0.0150557454427083,0.0250557454427083,9.1e-17
3807.06787109375,3.87506574386875e-17,58099606.6769203,25655886.4871422,83755493.1640625,37309265.1367188,100735015.869141,0.0150760904947917,0.0250760904947917,9.1e-17
3822.32666015625,3.8663285788809e-17,58367406.8422552,25723779.6811823,84091186.5234375,37458801.2695312,101138763.427734,0.015096435546875,0.025096435546875,9.1e-17
3837.58544921875,3.85764537357622e-17,58635473.7348075,25791406.148005,84426879.8828125,37608337.4023438,101542510.986328,0.0151167805989583,0.0251167805989583,9.1e-17
3852.84423828125,3.84901579430945e-17,58903806.9019964,25858766.3401911,84762573.2421875,37757873.5351562,101946258.544922,0.0151371256510417,0.0251371256510417,9.1e-17
3868.10302734375,3.84043950950056e-17,59172405.8873076,25925860.7142549,85098266.6015625,37907409.6679688,102350006.103516,0.015157470703125,0.025157470703125,9.1e-17
3883.36181640625,3.83191618962198e-17,59441270.2303247,25992689.7306128,85433959.9609375,38056945.8007812,102753753.662109,0.0151778157552083,0.0251778157552083,9.1e-17
3898.62060546875,3.8234455071859e-17,59710399.46676,26059253.8535525,85769653.3203125,38206481.9335938,103157501.220703,0.0151981608072917,0.0251981608072917,9.1e-17
3913.87939453125,3.8150271367316e-17,59979793.1284863,26125553.5512012,86105346.6796875,38356018.0664062,103561248.779297,0.015218505859375,0.025218505859375,9.1e-17
3929.13818359375,3.80666075481299e-17,60249450.7435681,26191589.2954944,86441040.0390625,38505554.1992188,103964996.337891,0.0152388509114583,0.0252388509114583,9.1e-17
3944.39697265625,3.79834603998602e-17,60519371.8362934,26257361.5621441,86776733.3984375,38655090.3320312,104368743.896484,0.0152591959635417,0.0252591959635417,9.1e-17
3959.65576171875,3.79008267279639e-17,60789555.9272054,26322870.8306071,87112426.7578125,38804626.4648438,104772491.455078,0.015279541015625,0.025279541015625,9.1e-17
3974.91455078125,3.78187033576716e-17,61060002.5331349,26388117.5840526,87448120.1171875,38954162.5976562,105176239.013672,0.0152998860677083,0.0252998860677083,9.1e-17
3990.17333984375,3.77370871338655e-17,61330711.1672321,26453102.3093304,87783813.4765625,39103698.7304688,105579986.572266,0.0153202311197917,0.0253202311197917,9.1e-17
4005.43212890625,3.76559749209573e-17,61601681.3389991,26517825.4969384,88119506.8359375,39253234.8632812,105983734.130859,0.015340576171875,0.025340576171875,9.1e-17
4020.69091796875,3.75753636027678e-17,61872912.5543224,26582287.6409901,88455200.1953125,39402770.9960938,106387481.689453,0.0153609212239583,0.0253609212239583,9.1e-17
4035.94970703125,3.74952500824064e-17,62144404.3155052,26646489.2391823,88790893.5546875,39552307.1289062,106791229.248047,0.0153812662760417,0.0253812662760417,9.1e-17
4051.20849609375,3.74156312821515e-17,62416156.1213005,26710430.792762,89126586.9140625,39701843.2617188,107194976.806641,0.015401611328125,0.025401611328125,9.1e-17
4066.46728515625,3.73365041433323e-17,62688167.466944,26774112.8064935,89462280.2734375,39851379.3945312,107598724.365234,0.0154219563802083,0.0254219563802083,9.1e-17
4081.72607421875,3.72578656262106e-17,62960437.8441866,26837535.7886259,89797973.6328125,40000915.5273438,108002471.923828,0.0154423014322917,0.0254423014322917,9.1e-17
4096.98486328125,3.71797127098634e-17,63232966.7413281,26900700.2508594,90133666.9921875,40150451.6601562,108406219.482422,0.015462646484375,0.025462646484375,9.1e-17
4112.24365234375,3.71020423920665e-17,63505753.6432501,26963606.7083124,90469360.3515625,40299987.7929688,108809967.041016,0.0154829915364583,0.0254829915364583,9.1e-17
4127.50244140625,3.70248516891791e-17,63778798.0314497,27026255.6794878,90805053.7109375,40449523.9257812,109213714.599609,0.0155033365885417,0.0255033365885417,9.1e-17
4142.76123046875,3.6948137636028e-17,64052099.3840724,27088647.6862401,91140747.0703125,40599060.0585938,109617462.158203,0.015523681640625,0.025523681640625,9.1e-17
4158.02001953125,3.6871897285794e-17,64325657.1759462,27150783.2537413,91476440.4296875,40748596.1914062,110021209.716797,0.0155440266927083,0.0255440266927083,9.1e-17
4173.27880859375,3.67961277098976e-17,64599470.8786151,27212662.9104474,91812133.7890625,40898132.3242188,110424957.275391,0.0155643717447917,0.0255643717447917,9.1e-17
4188.53759765625,3.67208259978866e-17,64873539.9603728,27274287.1880647,92147827.1484375,41047668.4570312,110828704.833984,0.015584716796875,0.025584716796875,9.1e-17
4203.79638671875,3.66459892573234e-17,65147863.8862968,27335656.6215157,92483520.5078125,41197204.5898438,111232452.392578,0.0156050618489583,0.0256050618489583,9.1e-17
4219.05517578125,3.65716146136738e-17,65422442.118282,27396771.7489055,92819213.8671875,41346740.7226562,111636199.951172,0.0156254069010417,0.0256254069010417,9.1e-17
4234.31396484375,3.6497699210196e-17,65697274.1150751,27457633.1114874,93154907.2265625,41496276.8554688,112039947.509766,0.015645751953125,0.025645751953125,9.1e-17
4249.57275390625,3.64242402078303e-17,65972359.3323086,27518241.2536289,93490600.5859375,41645812.9882812,112443695.068359,0.0156660970052083,0.0256660970052083,9.1e-17
4264.83154296875,3.63512347850898e-17,66247697.2225349,27578596.7227776,93826293.9453125,41795349.1210938,112847442.626953,0.0156864420572917,0.0256864420572917,9.1e-17
4280.09033203125,3.62786801379515e-17,66523287.2352606,27638700.0694269,94161987.3046875,41944885.2539062,113251190.185547,0.015706787109375,0.025706787109375,9.1e-17
4295.34912109375,3.6206573479748e-17,66799128.8169811,27698551.8470814,94497680.6640625,42094421.3867188,113654937.744141,0.0157271321614583,0.0257271321614583,9.1e-17
4310.60791015625,3.61349120410604e-17,67075221.4112148,27758152.6122227,94833374.0234375,42243957.5195312,114058685.302734,0.0157474772135417,0.0257474772135417,9.1e-17
4325.86669921875,3.60636930696112e-17,67351564.4585374,27817502.9242751,95169067.3828125,42393493.6523438,114462432.861328,0.015767822265625,0.025767822265625,9.1e-17
4341.12548828125,3.5992913830158e-17,67628157.3966169,27876603.3455706,95504760.7421875,42543029.7851562,114866180.419922,0.0157881673177083,0.0257881673177083,9.1e-17
4356.38427734375,3.59225716043886e-17,67904999.6602477,27935454.4413148,95840454.1015625,42692565.9179688,115269927.978516,0.0158085123697917,0.0258085123697917,9.1e-17
4371.64306640625,3.58526636908154e-17,68182090.6813855,27994056.779552,96176147.4609375,42842102.0507812,115673675.537109,0.015828857421875,0.025828857421875,9.1e-17
4386.90185546875,3.57831874046717e-17,68459429.8891821,28052410.9311304,96511840.8203125,42991638.1835938,116077423.095703,0.0158492024739583,0.0258492024739583,9.1e-17
4402.16064453125,3.57141400778081e-17,68737016.7100197,28110517.4696678,96847534.1796875,43141174.3164062,116481170.654297,0.0158695475260417,0.0258695475260417,9.1e-17
4417.41943359375,3.56455190585895e-17,69014850.5675458,28168376.9715167,97183227.5390625,43290710.4492188,116884918.212891,0.015889892578125,0.025889892578125,9.1e-17
4432.67822265625,3.55773217117927e-17,69292930.8827085,28225990.015729,97518920.8984375,43440246.5820312,117288665.771484,0.0159102376302083,0.0259102376302083,9.1e-17
4447.93701171875,3.5509545418505e-17,69571257.0737904,28283357.1840221,97854614.2578125,43589782.7148438,117692413.330078,0.0159305826822917,0.0259305826822917,9.1e-17
4463.19580078125,3.54421875760231e-17,69849828.5564442,28340479.0607433,98190307.6171875,43739318.8476562,118096160.888672,0.015950927734375,0.025950927734375,9.1e-17
4478.45458984375,3.53752455977527e-17,70128644.7437271,28397356.2328354,98526000.9765625,43888854.9804688,118499908.447266,0.0159712727864583,0.0259712727864583,9.1e-17
4493.71337890625,3.53087169131087e-17,70407705.046136,28453989.2898015,98861694.3359375,44038391.1132812,118903656.005859,0.0159916178385417,0.0259916178385417,9.1e-17
4508.97216796875,3.5242598967416e-17,70687008.8716421,28510378.8236704,99197387.6953125,44187927.2460938,119307403.564453,0.016011962890625,0.026011962890625,9.1e-17
4524.23095703125,3.51768892218112e-17,70966555.6257261,28566525.4289614,99533081.0546875,44337463.3789062,119711151.123047,0.0160323079427083,0.0260323079427083,9.1e-17
4539.48974609375,3.51115851531445e-17,71246344.7114127,28622429.7026498,99868774.4140625,44486999.5117188,120114898.681641,0.0160526529947917,0.0260526529947917,9.1e-17
4554.74853515625,3.50466842538822e-17,71526375.5293059,28678092.2441316,100204467.773438,44636535.6445312,120518646.240234,0.016072998046875,0.026072998046875,9.1e-17
4570.00732421875,3.49821840320105e-17,71806647.4776236,28733513.6551889,100540161.132812,44786071.7773438,120922393.798828,0.0160933430989583,0.0260933430989583,9.1e-17
4585.26611328125,3.49180820109387e-17,72087159.9522326,28788694.5399549,100875854.492188,44935607.9101562,121326141.357422,0.0161136881510417,0.0261136881510417,9.1e-17
4600.52490234375,3.48543757294044e-17,72367912.3466837,28843635.5048788,101211547.851562,45085144.0429688,121729888.916016,0.016134033203125,0.026134033203125,9.1e-17
4615.78369140625,3.47910627413779e-17,72648904.0522461,28898337.1586914,101547241.210938,45234680.1757812,122133636.474609,0.0161543782552083,0.0261543782552083,9.1e-17
4631.04248046875,3.47281406159682e-17,72930134.4579428,28952800.1123697,101882934.570312,45384216.3085938,122537384.033203,0.0161747233072917,0.0261747233072917,9.1e-17
4646.30126953125,3.46656069373293e-17,73211602.9505848,29007024.9791027,102218627.929688,45533752.4414062,122941131.591797,0.016195068359375,0.026195068359375,9.1e-17
4661.56005859375,3.4603459304567e-17,73493308.9148066,29061012.3742559,102554321.289062,45683288.5742188,123344879.150391,0.0162154134114583,0.0262154134114583,9.1e-17
4676.81884765625,3.45416953316458e-17,73775251.7331004,29114762.9153371,102890014.648438,45832824.7070312,123748626.708984,0.0162357584635417,0.0262357584635417,9.1e-17
4692.07763671875,3.44803126472976e-17,74057430.7858512,29168277.2219613,103225708.007812,45982360.8398438,124152374.267578,0.016256103515625,0.026256103515625,9.1e-17
4707.33642578125,3.44193088949299e-17,74339845.4513712,29221555.9158163,103561401.367188,46131896.9726562,124556121.826172,0.0162764485677083,0.0262764485677083,9.1e-17
4722.59521484375,3.43586817325346e-17,74622495.1059349,29274599.6206276,103897094.726562,46281433.1054688,124959869.384766,0.0162967936197917,0.0262967936197917,9.1e-17
4737.85400390625,3.42984288325983e-17,74905379.1238132,29327408.9621243,104232788.085938,46430969.2382812,125363616.943359,0.016317138671875,0.026317138671875,9.1e-17
4753.11279296875,3.42385478820119e-17,75188496.8773086,29379984.5680039,104568481.445312,46580505.3710938,125767364.501953,0.0163374837239583,0.0263374837239583,9.1e-17
4768.37158203125,3.4179036581982e-17,75471847.7367892,29432327.0678983,104904174.804688,46730041.5039062,126171112.060547,0.0163578287760417,0.0263578287760417,9.1e-17
4783.63037109375,3.41198926479414e-17,75755431.0707233,29484437.0933392,105239868.164062,46879577.6367188,126574859.619141,0.016378173828125,0.026378173828125,9.1e-17
4798.88916015625,3.40611138094621e-17,76039246.2457141,29536315.2777234,105575561.523438,47029113.7695312,126978607.177734,0.0163985188802083,0.0263985188802083,9.1e-17
4814.14794921875,3.40026978101664e-17,76323292.6265338,29587962.2562787,105911254.882812,47178649.9023438,127382354.736328,0.0164188639322917,0.0264188639322917,9.1e-17
4829.40673828125,3.39446424076412e-17,76607569.5761579,29639378.6660296,106246948.242188,47328186.0351562,127786102.294922,0.016439208984375,0.026439208984375,9.1e-17
4844.66552734375,3.38869453733503e-17,76892076.4557996,29690565.1457629,106582641.601562,47477722.1679688,128189849.853516,0.0164595540364583,0.0264595540364583,9.1e-17
4859.92431640625,3.38296044925495e-17,77176812.624944,29741522.3359935,106918334.960938,47627258.3007812,128593597.412109,0.0164798990885417,0.0264798990885417,9.1e-17
4875.18310546875,3.37726175642004e-17,77461777.4413818,29792250.8789307,107254028.320312,47776794.4335938,128997344.970703,0.016500244140625,0.026500244140625,9.1e-17
4890.44189453125,3.37159824008857e-17,77746970.2612439,29842751.4184436,107589721.679688,47926330.5664062,129401092.529297,0.0165205891927083,0.0265205891927083,9.1e-17
4905.70068359375,3.36596968287252e-17,78032390.4390348,29893024.6000277,107925415.039062,48075866.6992188,129804840.087891,0.0165409342447917,0.0265409342447917,9.1e-17
4920.95947265625,3.36037586872914e-17,78318037.3276671,29943071.0707704,108261108.398438,48225402.8320312,130208587.646484,0.016561279296875,0.026561279296875,9.1e-17
4936.21826171875,3.35481658295265e-17,78603910.2784944,29992891.4793181,108596801.757812,48374938.9648438,130612335.205078,0.0165816243489583,0.0265816243489583,9.1e-17
4951.47705078125,3.34929161216595e-17,78890008.6413459,30042486.4758416,108932495.117188,48524475.0976562,131016082.763672,0.0166019694010417,0.0266019694010417,9.1e-17
4966.73583984375,3.3438007443124e-17,79176331.7645595,30091856.712003,109268188.476562,48674011.2304688,131419830.322266,0.016622314453125,0.026622314453125,9.1e-17
4981.99462890625,3.33834376864761e-17,79462878.9950154,30141002.8409222,109603881.835938,48823547.3632812,131823577.880859,0.0166426595052083,0.0266426595052083,9.1e-17
4997.25341796875,3.33292047573135e-17,79749649.6781693,30189925.5171432,109939575.195312,48973083.4960938,132227325.439453,0.0166630045572917,0.0266630045572917,9.1e-17
5012.51220703125,3.32753065741943e-17,80036643.1580863,30238625.3966012,110275268.554688,49122619.6289062,132631072.998047,0.016683349609375,0.026683349609375,9.1e-17
5027.77099609375,3.32217410685573e-17,80323858.7774736,30287103.1365889,110610961.914062,49272155.7617188,133034820.556641,0.0167036946614583,0.0267036946614583,9.1e-17
5043.02978515625,3.31685061846415e-17,80611295.8777138,30335359.3957237,110946655.273438,49421691.8945312,133438568.115234,0.0167240397135417,0.0267240397135417,9.1e-17
5058.28857421875,3.31155998794074e-17,80898953.7988978,30383394.8339147,111282348.632812,49571228.0273438,133842315.673828,0.016744384765625,0.026744384765625,9.1e-17
5073.54736328125,3.30630201224579e-17,81186831.8798579,30431210.1123296,111618041.992188,49720764.1601562,134246063.232422,0.0167647298177083,0.0267647298177083,9.1e-17
5088.80615234375,3.30107648959599e-17,81474929.4582003,30478805.8933622,111953735.351562,49870300.2929688,134649810.791016,0.0167850748697917,0.0267850748697917,9.1e-17
5104.06494140625,3.29588321945668e-17,81763245.8703379,30526182.8405996,112289428.710938,50019836.4257812,135053558.349609,0.016805419921875,0.026805419921875,9.1e-17
5119.32373046875,3.29072200253409e-17,82051780.4515232,30573341.6187893,112625122.070312,50169372.5585938,135457305.908203,0.0168257649739583,0.0268257649739583,9.1e-17
5134.58251953125,3.28559264076766e-17,82340532.5358799,30620282.8938076,112960815.429688,50318908.6914062,135861053.466797,0.0168461100260417,0.0268461100260417,9.1e-17
5149.84130859375,3.28049493732239e-17,82629501.4564361,30667007.3326264,113296508.789062,50468444.8242188,136264801.025391,0.016866455078125,0.026866455078125,9.1e-17
5165.10009765625,3.27542869658128e-17,82918686.545156,30713515.6032815,113632202.148438,50617980.9570312,136668548.583984,0.0168868001302083,0.0268868001302083,9.1e-17
5180.35888671875,3.27039372413774e-17,83208087.132972,30759808.3748405,113967895.507812,50767517.0898438,137072296.142578,0.0169071451822917,0.0269071451822917,9.1e-17
5195.61767578125,3.26538982678812e-17,83497702.5498165,30805886.3173709,114303588.867188,50917053.2226562,137476043.701172,0.016927490234375,0.026927490234375,9.1e-17
5210.87646484375,3.26041681252426e-17,83787532.1246543,30851750.1019082,114639282.226562,51066589.3554688,137879791.259766,0.0169478352864583,0.0269478352864583,9.1e-17
5226.13525390625,3.25547449052608e-17,84077575.1855135,30897400.400424,114974975.585938,51216125.4882812,138283538.818359,0.0169681803385417,0.0269681803385417,9.1e-17
5241.39404296875,3.2505626711542e-17,84367831.0595174,30942837.8857952,115310668.945312,51365661.6210938,138687286.376953,0.016988525390625,0.026988525390625,9.1e-17
5256.65283203125,3.24568116594265e-17,84658299.0729158,30988063.2317717,115646362.304688,51515197.7539062,139091033.935547,0.0170088704427083,0.0270088704427083,9.1e-17
5271.91162109375,3.2408297875916e-17,84948978.5511165,31033077.112946,115982055.664062,51664733.8867188,139494781.494141,0.0170292154947917,0.0270292154947917,9.1e-17
5287.17041015625,3.23600834996013e-17,85239868.8187161,31077880.2047214,116317749.023438,51814270.0195312,139898529.052734,0.017049560546875,0.027049560546875,9.1e-17
5302.42919921875,3.23121666805903e-17,85530969.1995309,31122473.1832816,116653442.382812,51963806.1523438,140302276.611328,0.0170699055989583,0.0270699055989583,9.1e-17
5317.68798828125,3.22645455804371e-17,85822279.0166279,31166856.7255596,116989135.742188,52113342.2851562,140706024.169922,0.0170902506510417,0.0270902506510417,9.1e-17
5332.94677734375,3.22172183720707e-17,86113797.5923556,31211031.5092069,117324829.101562,52262878.4179688,141109771.728516,0.017110595703125,0.027110595703125,9.1e-17
5348.20556640625,3.21701832397247e-17,86405524.2483742,31254998.2125633,117660522.460938,52412414.5507812,141513519.287109,0.0171309407552083,0.0271309407552083,9.1e-17
5363.46435546875,3.21234383788672e-17,86697458.3056861,31298757.5146264,117996215.820312,52561950.6835938,141917266.845703,0.0171512858072917,0.0271512858072917,9.1e-17
5378.72314453125,3.20769819961314e-17,86989599.0846659,31342310.0950216,118331909.179688,52711486.8164062,142321014.404297,0.017171630859375,0.027171630859375,9.1e-17
5393.98193359375,3.20308123092461e-17,87281945.9050911,31385656.6339714,118667602.539062,52861022.9492188,142724761.962891,0.0171919759114583,0.0271919759114583,9.1e-17
5409.24072265625,3.19849275469672e-17,87574498.086171,31428797.8122665,119003295.898438,53010559.0820312,143128509.521484,0.0172123209635417,0.0272123209635417,9.1e-17
5424.49951171875,3.19393259490094e-17,87867254.9465772,31471734.3112353,119338989.257812,53160095.2148438,143532257.080078,0.017232666015625,0.027232666015625,9.1e-17
5439.75830078125,3.18940057659782e-17,88160215.804473,31514466.8127145,119674682.617188,53309631.3476562,143936004.638672,0.0172530110677083,0.0272530110677083,9.1e-17
5455.01708984375,3.18489652593025e-17,88453379.9775426,31556995.9990199,120010375.976562,53459167.4804688,144339752.197266,0.0172733561197917,0.0272733561197917,9.1e-17
5470.27587890625,3.18042027011673e-17,88746746.7830204,31599322.5529171,120346069.335938,53608703.6132812,144743499.755859,0.017293701171875,0.027293701171875,9.1e-17
5485.53466796875,3.17597163744477e-17,89040315.5377201,31641447.1575924,120681762.695312,53758239.7460938,145147247.314453,0.0173140462239583,0.0273140462239583,9.1e-17
5500.79345703125,3.17155045726419e-17,89334085.5580638,31683370.4966237,121017456.054688,53907775.8789062,145550994.873047,0.0173343912760417,0.0273343912760417,9.1e-17
5516.05224609375,3.16715655998058e-17,89628056.1601104,31725093.2539521,121353149.414062,54057312.0117188,145954742.431641,0.017354736328125,0.027354736328125,9.1e-17
5531.31103515625,3.16278977704878e-17,89922226.6595844,31766616.1138531,121688842.773438,54206848.1445312,146358489.990234,0.0173750813802083,0.0273750813802083,9.1e-17
5546.56982421875,3.15844994096633e-17,90216596.371904,31807939.7609085,122024536.132812,54356384.2773438,146762237.548828,0.0173954264322917,0.0273954264322917,9.1e-17
5561.82861328125,3.15413688526705e-17,90511164.6122097,31849064.8799778,122360229.492188,54505920.4101562,147165985.107422,0.017415771484375,0.027415771484375,9.1e-17
5577.08740234375,3.14985044451458e-17,90805930.6953921,31889992.1561704,122695922.851562,54655456.5429688,147569732.666016,0.0174361165364583,0.0274361165364583,9.1e-17
5592.34619140625,3.14559045429605e-17,91100893.9361197,31930722.2748178,123031616.210938,54804992.6757812,147973480.224609,0.0174564615885417,0.0274564615885417,9.1e-17
5607.60498046875,3.14135675121571e-17,91396053.6488668,31971255.9214457,123367309.570312,54954528.8085938,148377227.783203,0.017476806640625,0.027476806640625,9.1e-17
5622.86376953125,3.13714917288864e-17,91691409.1479408,32011593.7817467,123703002.929688,55104064.9414062,148780975.341797,0.0174971516927083,0.0274971516927083,9.1e-17
5638.12255859375,3.13296755793446e-17,91986959.7475095,32051736.541553,124038696.289062,55253601.0742188,149184722.900391,0.0175174967447917,0.0275174967447917,9.1e-17
5653.38134765625,3.12881174597114e-17,92282704.7616285,32091684.886809,124374389.648438,55403137.2070312,149588470.458984,0.017537841796875,0.027537841796875,9.1e-17
5668.64013671875,3.12468157760883e-17,92578643.504268,32131439.5035445,124710083.007812,55552673.3398438,149992218.017578,0.0175581868489583,0.0275581868489583,9.1e-17
5683.89892578125,3.12057689444363e-17,92874775.2893392,32171001.0778483,125045776.367188,55702209.4726562,150395965.576172,0.0175785319010417,0.0275785319010417,9.1e-17
5699.15771484375,3.1164975390516e-17,93171099.4307216,32210370.2958409,125381469.726562,55851745.6054688,150799713.134766,0.017598876953125,0.027598876953125,9.1e-17
5714.41650390625,3.11244335498259e-17,93467615.2422889,32249547.8436486,125717163.085938,56001281.7382812,151203460.693359,0.0176192220052083,0.0276192220052083,9.1e-17
5729.67529296875,3.10841418675425e-17,93764322.0379353,32288534.4073772,126052856.445312,56150817.8710938,151607208.251953,0.0176395670572917,0.0276395670572917,9.1e-17
5744.93408203125,3.10440987984605e-17,94061219.1316015,32327330.673086,126388549.804688,56300354.0039062,152010955.810547,0.017659912109375,0.027659912109375,9.1e-17
5760.19287109375,3.10043028069328e-17,94358305.8373006,32365937.3267619,126724243.164062,56449890.1367188,152414703.369141,0.0176802571614583,0.0276802571614583,9.1e-17
5775.45166015625,3.09647523668118e-17,94655581.4691438,32404355.0542937,127059936.523438,56599426.2695312,152818450.927734,0.0177006022135417,0.0277006022135417,9.1e-17
5790.71044921875,3.09254459613898e-17,94953045.3413656,32442584.5414469,127395629.882812,56748962.4023438,153222198.486328,0.017720947265625,0.027720947265625,9.1e-17
5805.96923828125,3.08863820833414e-17,95250696.7683495,32480626.473838,127731323.242188,56898498.5351562,153625946.044922,0.0177412923177083,0.0277412923177083,9.1e-17
5821.22802734375,3.08475592346648e-17,95548535.0646523,32518481.5369102,128067016.601562,57048034.6679688,154029693.603516,0.0177616373697917,0.0277616373697917,9.1e-17
5836.48681640625,3.08089759266242e-17,95846559.54503,32556150.4159075,128402709.960938,57197570.8007812,154433441.162109,0.017781982421875,0.027781982421875,9.1e-17
5851.74560546875,3.07706306796924e-17,96144769.5244613,32593633.7958512,128738403.320312,57347106.9335938,154837188.720703,0.0178023274739583,0.0278023274739583,9.1e-17
5867.00439453125,3.07325220234938e-17,96443164.3181733,32630932.3615142,129074096.679688,57496643.0664062,155240936.279297,0.0178226725260417,0.0278226725260417,9.1e-17
5882.26318359375,3.06946484967475e-17,96741743.2416646,32668046.7973979,129409790.039062,57646179.1992188,155644683.837891,0.017843017578125,0.027843017578125,9.1e-17
5897.52197265625,3.06570086472113e-17,97040505.6107304,32704977.7877071,129745483.398438,57795715.3320312,156048431.396484,0.0178633626302083,0.0278633626302083,9.1e-17
5912.78076171875,3.06196010316255e-17,97339450.7414857,32741726.0163268,130081176.757812,57945251.4648438,156452178.955078,0.0178837076822917,0.0278837076822917,9.1e-17
5928.03955078125,3.05824242156572e-17,97638577.9503892,32778292.1667983,130416870.117188,58094787.5976562,156855926.513672,0.017904052734375,0.027904052734375,9.1e-17
5943.29833984375,3.05454767738451e-17,97937886.554267,32814676.9222955,130752563.476562,58244323.7304688,157259674.072266,0.0179243977864583,0.0279243977864583,9.1e-17
5958.55712890625,3.05087572895447e-17,98237375.8703355,32850880.965602,131088256.835938,58393859.8632812,157663421.630859,0.0179447428385417,0.0279447428385417,9.1e-17
5973.81591796875,3.04722643548732e-17,98537045.2162248,32886904.9790877,131423950.195312,58543395.9960938,158067169.189453,0.017965087890625,0.027965087890625,9.1e-17
5989.07470703125,3.04359965706557e-17,98836893.9100016,32922749.6446859,131759643.554688,58692932.1289062,158470916.748047,0.0179854329427083,0.0279854329427083,9.1e-17
6004.33349609375,3.03999525463712e-17,99136921.2701915,32958415.643871,132095336.914062,58842468.2617188,158874664.306641,0.0180057779947917,0.0280057779947917,9.1e-17
6019.59228515625,3.03641309000986e-17,99437126.6158019,32993903.6576356,132431030.273438,58992004.3945312,159278411.865234,0.018026123046875,0.028026123046875,9.1e-17
6034.85107421875,3.0328530258464e-17,99737509.2663443,33029214.3664682,132766723.632812,59141540.5273438,159682159.423828,0.0180464680989583,0.0280464680989583,9.1e-17
6050.10986328125,3.02931492565873e-17,100038068.541856,33064348.4503314,133102416.992188,59291076.6601562,160085906.982422,0.0180668131510417,0.0280668131510417,9.1e-17
6065.36865234375,3.02579865380298e-17,100338803.762923,33099306.5886398,133438110.351562,59440612.7929688,160489654.541016,0.018087158203125,0.028087158203125,9.1e-17
6080.62744140625,3.02230407547417e-17,100639714.250699,33134089.4602386,133773803.710938,59590148.9257812,160893402.099609,0.0181075032552083,0.0281075032552083,9.1e-17
6095.88623046875,3.01883105670106e-17,100940799.326931,33168697.7433815,134109497.070312,59739685.0585938,161297149.658203,0.0181278483072917,0.0281278483072917,9.1e-17
6111.14501953125,3.01537946434093e-17,101242058.313977,33203132.1157102,134445190.429688,59889221.1914062,161700897.216797,0.018148193359375,0.028148193359375,9.1e-17
6126.40380859375,3.01194916607448e-17,101543490.53483,33237393.2542328,134780883.789062,60038757.3242188,162104644.775391,0.0181685384114583,0.0281685384114583,9.1e-17
6141.66259765625,3.00854003040072e-17,101845095.313135,33271481.8353028,135116577.148438,60188293.4570312,162508392.333984,0.0181888834635417,0.0281888834635417,9.1e-17
6156.92138671875,3.0051519266319e-17,102146871.973213,33305398.5345992,135452270.507812,60337829.5898438,162912139.892578,0.018209228515625,0.028209228515625,9.1e-17
6172.18017578125,3.00178472488848e-17,102448819.840082,33339144.0271052,135787963.867188,60487365.7226562,163315887.451172,0.0182295735677083,0.0282295735677083,9.1e-17
6187.43896484375,2.99843829609412e-17,102750938.239474,33372718.9870882,136123657.226562,60636901.8554688,163719635.009766,0.0182499186197917,0.0282499186197917,9.1e-17
6202.69775390625,2.99511251197069e-17,103053226.497857,33406124.0880801,136459350.585938,60786437.9882812,164123382.568359,0.018270263671875,0.028270263671875,9.1e-17
6217.95654296875,2.99180724503337e-17,103355683.942456,33439360.0028569,136795043.945312,60935974.1210938,164527130.126953,0.0182906087239583,0.0282906087239583,9.1e-17
6233.21533203125,2.98852236858567e-17,103658309.901268,33472427.4034192,137130737.304688,61085510.2539062,164930877.685547,0.0183109537760417,0.0283109537760417,9.1e-17
6248.47412109375,2.98525775671459e-17,103961103.703089,33505326.960973,137466430.664062,61235046.3867188,165334625.244141,0.018331298828125,0.028331298828125,9.1e-17
6263.73291015625,2.98201328428578e-17,104264064.677527,33538059.3459103,137802124.023438,61384582.5195312,165738372.802734,0.0183516438802083,0.0283516438802083,9.1e-17
6278.99169921875,2.97878882693868e-17,104567192.155023,33570625.2277899,138137817.382812,61534118.6523438,166142120.361328,0.0183719889322917,0.0283719889322917,9.1e-17
6294.25048828125,2.97558426108174e-17,104870485.466869,33603025.2753187,138473510.742188,61683654.7851562,166545867.919922,0.018392333984375,0.028392333984375,9.1e-17
6309.50927734375,2.97239946388766e-17,105173943.945229,33635260.1563331,138809204.101562,61833190.9179688,166949615.478516,0.0184126790364583,0.0284126790364583,9.1e-17
6324.76806640625,2.96923431328868e-17,105477566.923157,33667330.5377803,139144897.460938,61982727.0507812,167353363.037109,0.0184330240885417,0.0284330240885417,9.1e-17
6340.02685546875,2.96608868797181e-17,105781353.734612,33699237.0857004,139480590.820312,62132263.1835938,167757110.595703,0.018453369140625,0.028453369140625,9.1e-17
6355.28564453125,2.96296246737423e-17,106085303.714479,33730980.4652083,139816284.179688,62281799.3164062,168160858.154297,0.0184737141927083,0.0284737141927083,9.1e-17
6370.54443359375,2.95985553167859e-17,106389416.198587,33762561.3404755,140151977.539062,62431335.4492188,168564605.712891,0.0184940592447917,0.0284940592447917,9.1e-17
6385.80322265625,2.95676776180843e-17,106693690.523725,33793980.374713,140487670.898438,62580871.5820312,168968353.271484,0.018514404296875,0.028514404296875,9.1e-17
6401.06201171875,2.95369903942356e-17,106998126.027659,33825238.2301534,140823364.257812,62730407.7148438,169372100.830078,0.0185347493489583,0.0285347493489583,9.1e-17
6416.32080078125,2.95064924691552e-17,107302722.049153,33856335.568034,141159057.617188,62879943.8476562,169775848.388672,0.0185550944010417,0.0285550944010417,9.1e-17
6431.57958984375,2.94761826740303e-17,107607477.927983,33887273.0485796,141494750.976562,63029479.9804688,170179595.947266,0.018575439453125,0.028575439453125,9.1e-17
6446.83837890625,2.94460598472752e-17,107912393.004952,33918051.3309857,141830444.335938,63179016.1132812,170583343.505859,0.0185957845052083,0.0285957845052083,9.1e-17
6462.09716796875,2.9416122834486e-17,108217466.621911,33948671.0734018,142166137.695312,63328552.2460938,170987091.064453,0.0186161295572917,0.0286161295572917,9.1e-17
6477.35595703125,2.93863704883967e-17,108522698.121772,33979132.9329152,142501831.054688,63478088.3789062,171390838.623047,0.018636474609375,0.028636474609375,9.1e-17
6492.61474609375,2.93568016688346e-17,108828086.848528,34009437.5655344,142837524.414062,63627624.5117188,171794586.181641,0.0186568196614583,0.0286568196614583,9.1e-17
6507.87353515625,2.93274152426765e-17,109133632.147264,34039585.6261734,143173217.773438,63777160.6445312,172198333.740234,0.0186771647135417,0.0286771647135417,9.1e-17
6523.13232421875,2.9298210083805e-17,109439333.364177,34069577.7686357,143508911.132812,63926696.7773438,172602081.298828,0.018697509765625,0.028697509765625,9.1e-17
6538.39111328125,2.92691850730651e-17,109745189.846589,34099414.6455986,143844604.492188,64076232.9101562,173005828.857422,0.0187178548177083,0.0287178548177083,9.1e-17
6553.64990234375,2.92403390982214e-17,110051200.942965,34129096.9085979,144180297.851562,64225769.0429688,173409576.416016,0.0187381998697917,0.0287381998697917,9.1e-17
6568.90869140625,2.92116710539145e-17,110357366.002925,34158625.2080127,144515991.210938,64375305.1757812,173813323.974609,0.018758544921875,0.028758544921875,9.1e-17
6584.16748046875,2.91831798416192e-17,110663684.377263,34188000.1930499,144851684.570312,64524841.3085938,174217071.533203,0.0187788899739583,0.0287788899739583,9.1e-17
6599.42626953125,2.91548643696017e-17,110970155.417958,34217222.51173,145187377.929688,64674377.4414062,174620819.091797,0.0187992350260417,0.0287992350260417,9.1e-17
6614.68505859375,2.91267235528779e-17,111276778.478191,34246292.810872,145523071.289062,64823913.5742188,175024566.650391,0.018819580078125,0.028819580078125,9.1e-17
6629.94384765625,2.90987563131711e-17,111583552.912359,34275211.736079,145858764.648438,64973449.7070312,175428314.208984,0.0188399251302083,0.0288399251302083,9.1e-17
6645.20263671875,2.9070961578871e-17,111890478.076088,34303979.931724,146194458.007812,65122985.8398438,175832061.767578,0.0188602701822917,0.0288602701822917,9.1e-17
6660.46142578125,2.90433382849918e-17,112197553.326252,34332598.0409359,146530151.367188,65272521.9726562,176235809.326172,0.018880615234375,0.028880615234375,9.1e-17
6675.72021484375,2.90158853731321e-17,112504778.020977,34361066.7055852,146865844.726562,65422058.1054688,176639556.884766,0.0189009602864583,0.0289009602864583,9.1e-17
6690.97900390625,2.8988601791433e-17,112812151.519667,34389386.5662709,147201538.085938,65571594.2382812,177043304.443359,0.0189213053385417,0.0289213053385417,9.1e-17
6706.23779296875,2.89614864945385e-17,113119673.183006,34417558.2623066,147537231.445312,65721130.3710938,177447052.001953,0.018941650390625,0.028941650390625,9.1e-17
6721.49658203125,2.89345384435547e-17,113427342.37298,34445582.4317072,147872924.804688,65870666.5039062,177850799.560547,0.0189619954427083,0.0289619954427083,9.1e-17
6736.75537109375,2.890775660601e-17,113735158.452887,34473459.7111758,148208618.164062,66020202.6367188,178254547.119141,0.0189823404947917,0.0289823404947917,9.1e-17
6752.01416015625,2.88811399558153e-17,114043120.787346,34501190.736091,148544311.523438,66169738.7695312,178658294.677734,0.019002685546875,0.029002685546875,9.1e-17
6767.27294921875,2.88546874732245e-17,114351228.742319,34528776.1404938,148880004.882812,66319274.9023438,179062042.236328,0.0190230305989583,0.0290230305989583,9.1e-17
6782.53173828125,2.88283981447951e-17,114659481.685112,34556216.5570751,149215698.242188,66468811.0351562,179465789.794922,0.0190433756510417,0.0290433756510417,9.1e-17
6797.79052734375,2.88022709633492e-17,114967878.984399,34583512.6171636,149551391.601562,66618347.1679688,179869537.353516,0.019063720703125,0.029063720703125,9.1e-17
6813.04931640625,2.87763049279349e-17,115276420.010224,34610664.9507134,149887084.960938,66767883.3007812,180273284.912109,0.0190840657552083,0.0290840657552083,9.1e-17
6828.30810546875,2.87504990437875e-17,115585104.134021,34637674.1862918,150222778.320312,66917419.4335938,180677032.470703,0.0191044108072917,0.0291044108072917,9.1e-17
6843.56689453125,2.87248523222912e-17,115893930.72862,34664540.951068,150558471.679688,67066955.5664062,181080780.029297,0.019124755859375,0.029124755859375,9.1e-17
6858.82568359375,2.86993637809414e-17,116202899.168262,34691265.8708007,150894165.039062,67216491.6992188,181484527.587891,0.0191451009114583,0.0291451009114583,9.1e-17
6874.08447265625,2.86740324433061e-17,116512008.82861,34717849.5698275,151229858.398438,67366027.8320312,181888275.146484,0.0191654459635417,0.0291654459635417,9.1e-17
6889.34326171875,2.86488573389893e-17,116821259.086759,34744292.6710531,151565551.757812,67515563.9648438,182292022.705078,0.019185791015625,0.029185791015625,9.1e-17
6904.60205078125,2.86238375035926e-17,117130649.321249,34770595.7959381,151901245.117188,67665100.0976562,182695770.263672,0.0192061360677083,0.0292061360677083,9.1e-17
6919.86083984375,2.85989719786788e-17,117440178.912074,34796759.5644885,152236938.476562,67814636.2304688,183099517.822266,0.0192264811197917,0.0292264811197917,9.1e-17
6935.11962890625,2.85742598117348e-17,117749847.240693,34822784.5952448,152572631.835938,67964172.3632812,183503265.380859,0.019246826171875,0.029246826171875,9.1e-17
6950.37841796875,2.85497000561346e-17,118059653.690041,34848671.5052711,152908325.195312,68113708.4960938,183907012.939453,0.0192671712239583,0.0292671712239583,9.1e-17
6965.63720703125,2.85252917711034e-17,118369597.644542,34874420.9101454,153244018.554688,68263244.6289062,184310760.498047,0.0192875162760417,0.0292875162760417,9.1e-17
6980.89599609375,2.85010340216809e-17,118679678.490114,34900033.4239487,153579711.914062,68412780.7617188,184714508.056641,0.019307861328125,0.029307861328125,9.1e-17
6996.15478515625,2.84769258786854e-17,118989895.614182,34925509.6592554,153915405.273438,68562316.8945312,185118255.615234,0.0193282063802083,0.0293282063802083,9.1e-17
7011.41357421875,2.84529664186783e-17,119300248.405689,34950850.2271233,154251098.632812,68711853.0273438,185522003.173828,0.0193485514322917,0.0293485514322917,9.1e-17
7026.67236328125,2.84291547239282e-17,119610736.255103,34976055.737084,154586791.992188,68861389.1601562,185925750.732422,0.019368896484375,0.029368896484375,9.1e-17
7041.93115234375,2.84054898823756e-17,119921358.554429,35001126.7971332,154922485.351562,69010925.2929688,186329498.291016,0.0193892415364583,0.0293892415364583,9.1e-17
7057.18994140625,2.83819709875982e-17,120232114.697216,35026064.0137215,155258178.710938,69160461.4257812,186733245.849609,0.0194095865885417,0.0294095865885417,9.1e-17
7072.44873046875,2.83585971387754e-17,120543004.078567,35050867.9917454,155593872.070312,69309997.5585938,187136993.408203,0.019429931640625,0.029429931640625,9.1e-17
7087.70751953125,2.83353674406539e-17,120854026.09515,35075539.3345378,155929565.429688,69459533.6914062,187540740.966797,0.0194502766927083,0.0294502766927083,9.1e-17
7102.96630859375,2.83122810035133e-17,121165180.145203,35100078.6438597,156265258.789062,69609069.8242188,187944488.525391,0.0194706217447917,0.0294706217447917,9.1e-17
7118.22509765625,2.82893369431319e-17,121476465.628546,35124486.5198913,156600952.148438,69758605.9570312,188348236.083984,0.019490966796875,0.029490966796875,9.1e-17
7133.48388671875,2.82665343807523e-17,121787881.946589,35148763.5612235,156936645.507812,69908142.0898438,188751983.642578,0.0195113118489583,0.0295113118489583,9.1e-17
7148.74267578125,2.82438724430479e-17,122099428.502338,35172910.3648494,157272338.867188,70057678.2226562,189155731.201172,0.0195316569010417,0.0295316569010417,9.1e-17
7164.00146484375,2.82213502620893e-17,122411104.700406,35196927.5261566,157608032.226562,70207214.3554688,189559478.759766,0.019552001953125,0.029552001953125,9.1e-17
7179.26025390625,2.81989669753104e-17,122722909.947019,35220815.6389187,157943725.585938,70356750.4882812,189963226.318359,0.0195723470052083,0.0295723470052083,9.1e-17
7194.51904296875,2.8176721725476e-17,123034843.650025,35244575.2952879,158279418.945312,70506286.6210938,190366973.876953,0.0195926920572917,0.0295926920572917,9.1e-17
7209.77783203125,2.8154613660648e-17,123346905.218901,35268207.0857868,158615112.304688,70655822.7539062,190770721.435547,0.019613037109375,0.029613037109375,9.1e-17
7225.03662109375,2.81326419341532e-17,123659094.064761,35291711.5993014,158950805.664062,70805358.8867188,191174468.994141,0.0196333821614583,0.0296333821614583,9.1e-17
7240.29541015625,2.81108057045504e-17,123971409.600364,35315089.4230733,159286499.023438,70954895.0195312,191578216.552734,0.0196537272135417,0.0296537272135417,9.1e-17
7255.55419921875,2.80891041355981e-17,124283851.24012,35338341.1426929,159622192.382812,71104431.1523438,191981964.111328,0.019674072265625,0.029674072265625,9.1e-17
7270.81298828125,2.80675363962221e-17,124596418.400096,35361467.3420919,159957885.742188,71253967.2851562,192385711.669922,0.0196944173177083,0.0296944173177083,9.1e-17
7286.07177734375,2.8046101660484e-17,124909110.498025,35384468.6035371,160293579.101562,71403503.4179688,192789459.228516,0.0197147623697917,0.0297147623697917,9.1e-17
7301.33056640625,2.80247991075488e-17,125221926.953315,35407345.5076226,160629272.460938,71553039.5507812,193193206.787109,0.019735107421875,0.029735107421875,9.1e-17
7316.58935546875,2.8003627921654e-17,125534867.187048,35430098.6332644,160964965.820312,71702575.6835938,193596954.345703,0.0197554524739583,0.0297554524739583,9.1e-17
7331.84814453125,2.79825872920776e-17,125847930.621994,35452728.5576931,161300659.179688,71852111.8164062,194000701.904297,0.0197757975260417,0.0297757975260417,9.1e-17
7347.10693359375,2.7961676413107e-17,126161116.682614,35475235.856448,161636352.539062,72001647.9492188,194404449.462891,0.019796142578125,0.029796142578125,9.1e-17
7362.36572265625,2.79408944840083e-17,126474424.795066,35497621.103371,161972045.898438,72151184.0820312,194808197.021484,0.0198164876302083,0.0298164876302083,9.1e-17
7377.62451171875,2.79202407089952e-17,126787854.387212,35519884.8706004,162307739.257812,72300720.2148438,195211944.580078,0.0198368326822917,0.0298368326822917,9.1e-17
7392.88330078125,2.78997142971986e-17,127101404.888622,35542027.7285652,162643432.617188,72450256.3476562,195615692.138672,0.019857177734375,0.029857177734375,9.1e-17
7408.14208984375,2.78793144626358e-17,127415075.730583,35564050.2459794,162979125.976562,72599792.4804688,196019439.697266,0.0198775227864583,0.0298775227864583,9.1e-17
7423.40087890625,2.78590404241808e-17,127728866.346101,35585952.9898366,163314819.335938,72749328.6132812,196423187.255859,0.0198978678385417,0.0298978678385417,9.1e-17
7438.65966796875,2.78388914055336e-17,128042776.169908,35607736.5254044,163650512.695312,72898864.7460938,196826934.814453,0.019918212890625,0.029918212890625,9.1e-17
7453.91845703125,2.78188666351907e-17,128356804.638468,35629401.4162192,163986206.054688,73048400.8789062,197230682.373047,0.0199385579427083,0.0299385579427083,9.1e-17
7469.17724609375,2.77989653464157e-17,128670951.189981,35650948.2240811,164321899.414062,73197937.0117188,197634429.931641,0.0199589029947917,0.0299589029947917,9.1e-17
7484.43603515625,2.77791867772091e-17,128985215.264388,35672377.5090491,164657592.773438,73347473.1445312,198038177.490234,0.019979248046875,0.029979248046875,9.1e-17
7499.69482421875,2.77595301702794e-17,129299596.303377,35693689.829436,164993286.132812,73497009.2773438,198441925.048828,0.0199995930989583,0.0299995930989583,9.1e-17
7514.95361328125,2.7739994773014e-17,129614093.750384,35714885.7418038,165328979.492188,73646545.4101562,198845672.607422,0.0200199381510417,0.0300199381510417,9.1e-17
7530.21240234375,2.77205798374501e-17,129928707.050603,35735965.8009594,165664672.851562,73796081.5429688,199249420.166016,0.020040283203125,0.030040283203125,9.1e-17
7545.47119140625,2.7701284620246e-17,130243435.650988,35756930.5599499,166000366.210938,73945617.6757812,199653167.724609,0.0200606282552083,0.0300606282552083,9.1e-17
7560.72998046875,2.76821083826524e-17,130558279.000254,35777780.5700585,166336059.570312,74095153.8085938,200056915.283203,0.0200809733072917,0.0300809733072917,9.1e-17
7575.98876953125,2.7663050390484e-17,130873236.548888,35798516.3807999,166671752.929688,74244689.9414062,200460662.841797,0.020101318359375,0.030101318359375,9.1e-17
7591.24755859375,2.76441099140914e-17,131188307.749145,35819138.5399173,167007446.289062,74394226.0742188,200864410.400391,0.0201216634114583,0.0301216634114583,9.1e-17
7606.50634765625,2.76252862283329e-17,131503492.05506,35839647.5933773,167343139.648438,74543762.2070312,201268157.958984,0.0201420084635417,0.0301420084635417,9.1e-17
7621.76513671875,2.76065786125465e-17,131818788.922445,35860044.0853672,167678833.007812,74693298.3398438,201671905.517578,0.020162353515625,0.030162353515625,9.1e-17
7637.02392578125,2.75879863505226e-17,132134197.808897,35880328.5582908,168014526.367188,74842834.4726562,202075653.076172,0.0201826985677083,0.0301826985677083,9.1e-17
7652.28271484375,2.75695087304758e-17,132449718.173798,35900501.552765,168350219.726562,74992370.6054688,202479400.634766,0.0202030436197917,0.0302030436197917,9.1e-17
7667.54150390625,2.7551145045018e-17,132765349.478321,35920563.6076165,168685913.085938,75141906.7382812,202883148.193359,0.020223388671875,0.030223388671875,9.1e-17
7682.80029296875,2.75328945911312e-17,133081091.185434,35940515.2598788,169021606.445312,75291442.8710938,203286895.751953,0.0202437337239583,0.0302437337239583,9.1e-17
7698.05908203125,2.75147566701401e-17,133396942.759899,35960357.0447887,169357299.804688,75440979.0039062,203690643.310547,0.0202640787760417,0.0302640787760417,9.1e-17
7713.31787109375,2.74967305876856e-17,133712903.668279,35980089.4957834,169692993.164062,75590515.1367188,204094390.869141,0.020284423828125,0.030284423828125,9.1e-17
7728.57666015625,2.74788156536978e-17,134028973.378939,35999713.1444981,170028686.523438,75740051.2695312,204498138.427734,0.0203047688802083,0.0303047688802083,9.1e-17
7743.83544921875,2.74610111823696e-17,134345151.36205,36019228.5207626,170364379.882812,75889587.4023438,204901885.986328,0.0203251139322917,0.0303251139322917,9.1e-17
7759.09423828125,2.74433164921305e-17,134661437.089588,36038636.1525992,170700073.242188,76039123.5351562,205305633.544922,0.020345458984375,0.030345458984375,9.1e-17
7774.35302734375,2.74257309056199e-17,134977830.035343,36057936.56622,171035766.601562,76188659.6679688,205709381.103516,0.0203658040364583,0.0303658040364583,9.1e-17
7789.61181640625,2.74082537496615e-17,135294329.674913,36077130.2860244,171371459.960938,76338195.8007812,206113128.662109,0.0203861490885417,0.0303861490885417,9.1e-17
7804.87060546875,2.73908843552373e-17,135610935.485715,36096217.8345972,171707153.320312,76487731.9335938,206516876.220703,0.020406494140625,0.030406494140625,9.1e-17
7820.12939453125,2.73736220574617e-17,135927646.946981,36115199.7327061,172042846.679688,76637268.0664062,206920623.779297,0.0204268391927083,0.0304268391927083,9.1e-17
7835.38818359375,2.73564661955562e-17,136244463.539763,36134076.4992999,172378540.039062,76786804.1992188,207324371.337891,0.0204471842447917,0.0304471842447917,9.1e-17
7850.64697265625,2.73394161128236e-17,136561384.746931,36152848.6515067,172714233.398438,76936340.3320312,207728118.896484,0.020467529296875,0.030467529296875,9.1e-17
7865.90576171875,2.73224711566232e-17,136878410.053181,36171516.7046316,173049926.757812,77085876.4648438,208131866.455078,0.0204878743489583,0.0304878743489583,9.1e-17
7881.16455078125,2.73056306783455e-17,137195538.945032,36190081.1721556,173385620.117188,77235412.5976562,208535614.013672,0.0205082194010417,0.0305082194010417,9.1e-17
7896.42333984375,2.7288894033387e-17,137512770.910829,36208542.5657338,173721313.476562,77384948.7304688,208939361.572266,0.020528564453125,0.030528564453125,9.1e-17
7911.68212890625,2.72722605811259e-17,137830105.440744,36226901.3951937,174057006.835938,77534484.8632812,209343109.130859,0.0205489095052083,0.0305489095052083,9.1e-17
7926.94091796875,2.72557296848971e-17,138147542.026778,36245158.1685343,174392700.195312,77684020.9960938,209746856.689453,0.0205692545572917,0.0305692545572917,9.1e-17
7942.19970703125,2.72393007119679e-17,138465080.162763,36263313.3919246,174728393.554688,77833557.1289062,210150604.248047,0.020589599609375,0.030589599609375,9.1e-17
7957.45849609375,2.72229730335136e-17,138782719.34436,36281367.5697023,175064086.914062,77983093.2617188,210554351.806641,0.0206099446614583,0.0306099446614583,9.1e-17
7972.71728515625,2.72067460245933e-17,139100459.069064,36299321.2043733,175399780.273438,78132629.3945312,210958099.365234,0.0206302897135417,0.0306302897135417,9.1e-17
7987.97607421875,2.71906190641259e-17,139418298.836202,36317174.79661,175735473.632812,78282165.5273438,211361846.923828,0.020650634765625,0.030650634765625,9.1e-17
8003.23486328125,2.71745915348663e-17,139736238.146936,36334928.8452514,176071166.992188,78431701.6601562,211765594.482422,0.0206709798177083,0.0306709798177083,9.1e-17
8018.49365234375,2.71586628233815e-17,140054276.504261,36352583.8473014,176406860.351562,78581237.7929688,212169342.041016,0.0206913248697917,0.0306913248697917,9.1e-17
8033.75244140625,2.71428323200272e-17,140372413.413009,36370140.297929,176742553.710938,78730773.9257812,212573089.599609,0.020711669921875,0.030711669921875,9.1e-17
8049.01123046875,2.71270994189242e-17,140690648.379845,36387598.6904673,177078247.070312,78880310.0585938,212976837.158203,0.0207320149739583,0.0307320149739583,9.1e-17
8064.27001953125,2.71114635179353e-17,141008980.913274,36404959.5164133,177413940.429688,79029846.1914062,213380584.716797,0.0207523600260417,0.0307523600260417,9.1e-17
8079.52880859375,2.70959240186418e-17,141327410.523635,36422223.2654275,177749633.789062,79179382.3242188,213784332.275391,0.020772705078125,0.030772705078125,9.1e-17
8094.78759765625,2.70804803263209e-17,141645936.723104,36439390.4253334,178085327.148438,79328918.4570312,214188079.833984,0.0207930501302083,0.0307930501302083,9.1e-17
8110.04638671875,2.70651318499226e-17,141964559.025694,36456461.4821181,178421020.507812,79478454.5898438,214591827.392578,0.0208133951822917,0.0308133951822917,9.1e-17
8125.30517578125,2.70498780020472e-17,142283276.947256,36473436.9199314,178756713.867188,79627990.7226562,214995574.951172,0.020833740234375,0.030833740234375,9.1e-17
8140.56396484375,2.70347181989223e-17,142602090.005476,36490317.2210865,179092407.226562,79777526.8554688,215399322.509766,0.0208540852864583,0.0308540852864583,9.1e-17
8155.82275390625,2.70196518603808e-17,142920997.719878,36507102.8660597,179428100.585938,79927062.9882812,215803070.068359,0.0208744303385417,0.0308744303385417,9.1e-17
8171.08154296875,2.70046784098384e-17,143239999.611821,36523794.3334911,179763793.945312,80076599.1210938,216206817.626953,0.020894775390625,0.030894775390625,9.1e-17
8186.34033203125,2.69897972742714e-17,143559095.204503,36540392.1001845,180099487.304688,80226135.2539062,216610565.185547,0.0209151204427083,0.0309151204427083,9.1e-17
8201.59912109375,2.69750078841948e-17,143878284.022955,36556896.6411079,180435180.664062,80375671.3867188,217014312.744141,0.0209354654947917,0.0309354654947917,9.1e-17
8216.85791015625,2.69603096736403e-17,144197565.594043,36573308.4293943,180770874.023438,80525207.5195312,217418060.302734,0.020955810546875,0.030955810546875,9.1e-17
8232.11669921875,2.69457020801346e-17,144516939.44647,36589627.9363421,181106567.382812,80674743.6523438,217821807.861328,0.0209761555989583,0.0309761555989583,9.1e-17
8247.37548828125,2.69311845446779e-17,144836405.110772,36605855.6314156,181442260.742188,80824279.7851562,218225555.419922,0.0209965006510417,0.0309965006510417,9.1e-17
8262.63427734375,2.69167565117221e-17,145155962.119316,36621991.982246,181777954.101562,80973815.9179688,218629302.978516,0.021016845703125,0.031016845703125,9.1e-17
8277.89306640625,2.69024174291498e-17,145475610.006305,36638037.4546324,182113647.460938,81123352.0507812,219033050.537109,0.0210371907552083,0.0310371907552083,9.1e-17
8293.15185546875,2.68881667482528e-17,145795348.30777,36653992.5125423,182449340.820312,81272888.1835938,219436798.095703,0.0210575358072917,0.0310575358072917,9.1e-17
8308.41064453125,2.68740039237111e-17,146115176.561575,36669857.618113,182785034.179688,81422424.3164062,219840545.654297,0.021077880859375,0.031077880859375,9.1e-17
8323.66943359375,2.68599284135723e-17,146435094.30741,36685633.2316522,183120727.539062,81571960.4492188,220244293.212891,0.0210982259114583,0.0310982259114583,9.1e-17
8338.92822265625,2.68459396792301e-17,146755101.086797,36701319.8116401,183456420.898438,81721496.5820312,220648040.771484,0.0211185709635417,0.0311185709635417,9.1e-17
8354.18701171875,2.6832037185404e-17,147075196.443083,36716917.8147295,183792114.257812,81871032.7148438,221051788.330078,0.021138916015625,0.031138916015625,9.1e-17
8369.44580078125,2.6818220400119e-17,147395379.921439,36732427.6957482,184127807.617188,82020568.8476562,221455535.888672,0.0211592610677083,0.0311592610677083,9.1e-17
8384.70458984375,2.68044887946845e-17,147715651.068863,36747849.9076995,184463500.976562,82170104.9804688,221859283.447266,0.0211796061197917,0.0311796061197917,9.1e-17
8399.96337890625,2.67908418436745e-17,148036009.434173,36763184.9017643,184799194.335938,82319641.1132812,222263031.005859,0.021199951171875,0.031199951171875,9.1e-17
8415.22216796875,2.67772790249071e-17,148356454.56801,36778433.1273027,185134887.695312,82469177.2460938,222666778.564453,0.0212202962239583,0.0312202962239583,9.1e-17
8430.48095703125,2.67637998194249e-17,148676986.022833,36793595.0318549,185470581.054688,82618713.3789062,223070526.123047,0.0212406412760417,0.0312406412760417,9.1e-17
8445.73974609375,2.67504037114743e-17,148997603.352919,36808671.0611438,185806274.414062,82768249.5117188,223474273.681641,0.021260986328125,0.031260986328125,9.1e-17
8460.99853515625,2.67370901884866e-17,149318306.114361,36823661.6590764,186141967.773438,82917785.6445312,223878021.240234,0.0212813313802083,0.0312813313802083,9.1e-17
8476.25732421875,2.67238587410574e-17,149639093.865067,36838567.2677454,186477661.132812,83067321.7773438,224281768.798828,0.0213016764322917,0.0313016764322917,9.1e-17
8491.51611328125,2.67107088629277e-17,149959966.164756,36853388.3274315,186813354.492188,83216857.9101562,224685516.357422,0.021322021484375,0.031322021484375,9.1e-17
8506.77490234375,2.66976400509643e-17,150280922.574957,36868125.2766055,187149047.851562,83366394.0429688,225089263.916016,0.0213423665364583,0.0313423665364583,9.1e-17
8522.03369140625,2.66846518051401e-17,150601962.659008,36882778.5519298,187484741.210938,83515930.1757812,225493011.474609,0.0213627115885417,0.0313627115885417,9.1e-17
8537.29248046875,2.66717436285154e-17,150923085.982051,36897348.588261,187820434.570312,83665466.3085938,225896759.033203,0.021383056640625,0.031383056640625,9.1e-17
8552.55126953125,2.66589150272186e-17,151244292.111036,36911835.8186519,188156127.929688,83815002.4414062,226300506.591797,0.0214034016927083,0.0314034016927083,9.1e-17
8567.81005859375,2.6646165510427e-17,151565580.614708,36926240.674354,188491821.289062,83964538.5742188,226704254.150391,0.0214237467447917,0.0314237467447917,9.1e-17
8583.06884765625,2.66334945903484e-17,151886951.063618,36940563.5848194,188827514.648438,84114074.7070312,227108001.708984,0.021444091796875,0.031444091796875,9.1e-17
8598.32763671875,2.6620901782202e-17,152208403.030109,36954804.9777036,189163208.007812,84263610.8398438,227511749.267578,0.0214644368489583,0.0314644368489583,9.1e-17
8613.58642578125,2.66083866041999e-17,152529936.08832,36968965.2788676,189498901.367188,84413146.9726562,227915496.826172,0.0214847819010417,0.0314847819010417,9.1e-17
8628.84521484375,2.65959485775287e-17,152851549.814182,36983044.9123808,189834594.726562,84562683.1054688,228319244.384766,0.021505126953125,0.031505126953125,9.1e-17
8644.10400390625,2.65835872263308e-17,153173243.785414,36997044.3005234,190170288.085938,84712219.2382812,228722991.943359,0.0215254720052083,0.0315254720052083,9.1e-17
8659.36279296875,2.65713020776866e-17,153495017.581524,37010963.8637888,190505981.445312,84861755.3710938,229126739.501953,0.0215458170572917,0.0315458170572917,9.1e-17
8674.62158203125,2.65590926615958e-17,153816870.783801,37024804.0208866,190841674.804688,85011291.5039062,229530487.060547,0.021566162109375,0.031566162109375,9.1e-17
8689.88037109375,2.65469585109598e-17,154138802.975317,37038565.1887453,191177368.164062,85160827.6367188,229934234.619141,0.0215865071614583,0.0315865071614583,9.1e-17
8705.13916015625,2.65348991615635e-17,154460813.740923,37052247.782515,191513061.523438,85310363.7695312,230337982.177734,0.0216068522135417,0.0316068522135417,9.1e-17
8720.39794921875,2.65229141520575e-17,154782902.667242,37065852.2155704,191848754.882812,85459899.9023438,230741729.736328,0.021627197265625,0.031627197265625,9.1e-17
8735.65673828125,2.65110030239406e-17,155105069.342674,37079378.8995137,192184448.242188,85609436.0351562,231145477.294922,0.0216475423177083,0.0316475423177083,9.1e-17
8750.91552734375,2.64991653215418e-17,155427313.357385,37092828.2441773,192520141.601562,85758972.1679688,231549224.853516,0.0216678873697917,0.0316678873697917,9.1e-17
8766.17431640625,2.64874005920031e-17,155749634.30331,37106200.6576274,192855834.960938,85908508.3007812,231952972.412109,0.021688232421875,0.031688232421875,9.1e-17
8781.43310546875,2.64757083852622e-17,156072031.774146,37119496.5461665,193191528.320312,86058044.4335938,232356719.970703,0.0217085774739583,0.0317085774739583,9.1e-17
8796.69189453125,2.64640882540348e-17,156394505.365351,37132716.314337,193527221.679688,86207580.5664062,232760467.529297,0.0217289225260417,0.0317289225260417,9.1e-17
8811.95068359375,2.64525397537977e-17,156717054.674139,37145860.3649239,193862915.039062,86357116.6992188,233164215.087891,0.021749267578125,0.031749267578125,9.1e-17
8827.20947265625,2.64410624427719e-17,157039679.299479,37158929.0989587,194198608.398438,86506652.8320312,233567962.646484,0.0217696126302083,0.0317696126302083,9.1e-17
8842.46826171875,2.64296558819052e-17,157362378.842091,37171922.9157219,194534301.757812,86656188.9648438,233971710.205078,0.0217899576822917,0.0317899576822917,9.1e-17
8857.72705078125,2.64183196348559e-17,157685152.90444,37184842.2127471,194869995.117188,86805725.0976562,234375457.763672,0.021810302734375,0.031810302734375,9.1e-17
8872.98583984375,2.64070532679752e-17,158008001.090739,37197687.3858238,195205688.476562,86955261.2304688,234779205.322266,0.0218306477864583,0.0318306477864583,9.1e-17
8888.24462890625,2.63958563502917e-17,158330923.006936,37210458.8290012,195541381.835938,87104797.3632812,235182952.880859,0.0218509928385417,0.0318509928385417,9.1e-17
8903.50341796875,2.63847284534938e-17,158653918.260721,37223156.9345917,195877075.195312,87254333.4960938,235586700.439453,0.021871337890625,0.031871337890625,9.1e-17
8918.76220703125,2.63736691519138e-17,158976986.461514,37235782.0931738,196212768.554688,87403869.6289062,235990447.998047,0.0218916829427083,0.0318916829427083,9.1e-17
8934.02099609375,2.63626780225114e-17,159300127.220466,37248334.6935968,196548461.914062,87553405.7617188,236394195.556641,0.0219120279947917,0.0319120279947917,9.1e-17
8949.27978515625,2.63517546448577e-17,159623340.150454,37260815.1229832,196884155.273438,87702941.8945312,236797943.115234,0.021932373046875,0.031932373046875,9.1e-17
8964.53857421875,2.63408986011187e-17,159946624.866079,37273223.7667334,197219848.632812,87852478.0273438,237201690.673828,0.0219527180989583,0.0319527180989583,9.1e-17
8979.79736328125,2.63301094760393e-17,160269980.983659,37285561.0085286,197555541.992188,88002014.1601562,237605438.232422,0.0219730631510417,0.0319730631510417,9.1e-17
8995.05615234375,2.63193868569277e-17,160593408.121227,37297827.2303351,197891235.351562,88151550.2929688,238009185.791016,0.021993408203125,0.031993408203125,9.1e-17
9010.31494140625,2.63087303336392e-17,160916905.89853,37310022.8124077,198226928.710938,88301086.4257812,238412933.349609,0.0220137532552083,0.0320137532552083,9.1e-17
9025.57373046875,2.62981394985608e-17,161240473.937019,37322148.133294,198562622.070312,88450622.5585938,238816680.908203,0.0220340983072917,0.0320340983072917,9.1e-17
9040.83251953125,2.6287613946595e-17,161564111.85985,37334203.5698375,198898315.429688,88600158.6914062,239220428.466797,0.022054443359375,0.032054443359375,9.1e-17
9056.09130859375,2.62771532751449e-17,161887819.29188,37346189.4971825,199234008.789062,88749694.8242188,239624176.025391,0.0220747884114583,0.0320747884114583,9.1e-17
9071.35009765625,2.62667570840983e-17,162211595.85966,37358106.2887771,199569702.148438,88899230.9570312,240027923.583984,0.0220951334635417,0.0320951334635417,9.1e-17
9086.60888671875,2.62564249758124e-17,162535441.191435,37369954.316378,199905395.507812,89048767.0898438,240431671.142578,0.022115478515625,0.032115478515625,9.1e-17
9101.86767578125,2.62461565550988e-17,162859354.917134,37381733.9500538,200241088.867188,89198303.2226562,240835418.701172,0.0221358235677083,0.0321358235677083,9.1e-17
9117.12646484375,2.62359514292081e-17,163183336.668373,37393445.5581894,200576782.226562,89347839.3554688,241239166.259766,0.0221561686197917,0.0321561686197917,9.1e-17
9132.38525390625,2.62258092078149e-17,163507386.078447,37405089.5074903,200912475.585938,89497375.4882812,241642913.818359,0.022176513671875,0.032176513671875,9.1e-17
9147.64404296875,2.62157295030025e-17,163831502.782326,37416666.1629865,201248168.945312,89646911.6210938,242046661.376953,0.0221968587239583,0.0321968587239583,9.1e-17
9162.90283203125,2.62057119292488e-17,164155686.416651,37428175.8880364,201583862.304688,89796447.7539062,242450408.935547,0.0222172037760417,0.0322172037760417,9.1e-17
9178.16162109375,2.61957561034107e-17,164479936.619731,37439619.0443314,201919555.664062,89945983.8867188,242854156.494141,0.022237548828125,0.032237548828125,9.1e-17
9193.42041015625,2.61858616447098e-17,164804253.031537,37450995.9919002,202255249.023438,90095520.0195312,243257904.052734,0.0222578938802083,0.0322578938802083,9.1e-17
9208.67919921875,2.61760281747175e-17,165128635.2937,37462307.0891125,202590942.382812,90245056.1523438,243661651.611328,0.0222782389322917,0.0322782389322917,9.1e-17
9223.93798828125,2.6166255317341e-17,165453083.049504,37473552.6926838,202926635.742188,90394592.2851562,244065399.169922,0.022298583984375,0.032298583984375,9.1e-17
9239.19677734375,2.61565426988084e-17,165777595.943883,37484733.1576796,203262329.101562,90544128.4179688,244469146.728516,0.0223189290364583,0.0323189290364583,9.1e-17
9254.45556640625,2.61468899476543e-17,166102173.623418,37495848.8375197,203598022.460938,90693664.5507812,244872894.287109,0.0223392740885417,0.0323392740885417,9.1e-17
9269.71435546875,2.61372966947061e-17,166426815.73633,37506900.0839826,203933715.820312,90843200.6835938,245276641.845703,0.022359619140625,0.032359619140625,9.1e-17
9284.97314453125,2.61277625730691e-17,166751521.932478,37517887.2472099,204269409.179688,90992736.8164062,245680389.404297,0.0223799641927083,0.0323799641927083,9.1e-17
9300.23193359375,2.61182872181131e-17,167076291.863352,37528810.6757106,204605102.539062,91142272.9492188,246084136.962891,0.0224003092447917,0.0324003092447917,9.1e-17
9315.49072265625,2.6108870267458e-17,167401125.182071,37539670.7163661,204940795.898438,91291809.0820312,246487884.521484,0.022420654296875,0.032420654296875,9.1e-17
9330.74951171875,2.60995113609598e-17,167726021.543379,37550467.7144338,205276489.257812,91441345.2148438,246891632.080078,0.0224409993489583,0.0324409993489583,9.1e-17
9346.00830078125,2.60902101406973e-17,168050980.603635,37561202.0135527,205612182.617188,91590881.3476562,247295379.638672,0.0224613444010417,0.0324613444010417,9.1e-17
9361.26708984375,2.60809662509579e-17,168376002.020816,37571873.9557468,205947875.976562,91740417.4804688,247699127.197266,0.022481689453125,0.032481689453125,9.1e-17
9376.52587890625,2.60717793382241e-17,168701085.454507,37582483.8814307,206283569.335938,91889953.6132812,248102874.755859,0.0225020345052083,0.0325020345052083,9.1e-17
9391.78466796875,2.60626490511599e-17,169026230.565899,37593032.1294135,206619262.695312,92039489.7460938,248506622.314453,0.0225223795572917,0.0325223795572917,9.1e-17
9407.04345703125,2.60535750405974e-17,169351437.017784,37603519.0369037,206954956.054688,92189025.8789062,248910369.873047,0.022542724609375,0.032542724609375,9.1e-17
9422.30224609375,2.60445569595234e-17,169676704.474548,37613944.939514,207290649.414062,92338562.0117188,249314117.431641,0.0225630696614583,0.0325630696614583,9.1e-17
9437.56103515625,2.60355944630659e-17,170002032.602172,37624310.1712655,207626342.773438,92488098.1445312,249717864.990234,0.0225834147135417,0.0325834147135417,9.1e-17
9452.81982421875,2.60266872084811e-17,170327421.06822,37634615.0645929,207962036.132812,92637634.2773438,250121612.548828,0.022603759765625,0.032603759765625,9.1e-17
9468.07861328125,2.60178348551403e-17,170652869.541839,37644859.9503488,208297729.492188,92787170.4101562,250525360.107422,0.0226241048177083,0.0326241048177083,9.1e-17
9483.33740234375,2.60090370645166e-17,170978377.693754,37655045.1578086,208633422.851562,92936706.5429688,250929107.666016,0.0226444498697917,0.0326444498697917,9.1e-17
9498.59619140625,2.60002935001718e-17,171303945.196262,37665171.0146755,208969116.210938,93086242.6757812,251332855.224609,0.022664794921875,0.032664794921875,9.1e-17
9513.85498046875,2.5991603827744e-17,171629571.723228,37675237.8470849,209304809.570312,93235778.8085938,251736602.783203,0.0226851399739583,0.0326851399739583,9.1e-17
9529.11376953125,2.59829677149343e-17,171955256.950078,37685245.9796091,209640502.929688,93385314.9414062,252140350.341797,0.0227054850260417,0.0327054850260417,9.1e-17
9544.37255859375,2.59743848314944e-17,172281000.5538,37695195.7352627,209976196.289062,93534851.0742188,252544097.900391,0.022725830078125,0.032725830078125,9.1e-17
9559.63134765625,2.59658548492137e-17,172606802.212931,37705087.4355068,210311889.648438,93684387.2070312,252947845.458984,0.0227461751302083,0.0327461751302083,9.1e-17
9574.89013671875,2.59573774419066e-17,172932661.607558,37714921.4002543,210647583.007812,93833923.3398438,253351593.017578,0.0227665201822917,0.0327665201822917,9.1e-17
9590.14892578125,2.59489522854005e-17,173258578.419313,37724697.9478745,210983276.367188,93983459.4726562,253755340.576172,0.022786865234375,0.032786865234375,9.1e-17
9605.40771484375,2.59405790575226e-17,173584552.331364,37734417.3951981,211318969.726562,94132995.6054688,254159088.134766,0.0228072102864583,0.0328072102864583,9.1e-17
9620.66650390625,2.59322574380883e-17,173910583.028416,37744080.0575219,211654663.085938,94282531.7382812,254562835.693359,0.0228275553385417,0.0328275553385417,9.1e-17
9635.92529296875,2.59239871088886e-17,174236670.196698,37753686.2486141,211990356.445312,94432067.8710938,254966583.251953,0.022847900390625,0.032847900390625,9.1e-17
9651.18408203125,2.59157677536777e-17,174562813.523969,37763236.2807189,212326049.804688,94581604.0039062,255370330.810547,0.0228682454427083,0.0328682454427083,9.1e-17
9666.44287109375,2.59075990581611e-17,174889012.699501,37772730.4645614,212661743.164062,94731140.1367188,255774078.369141,0.0228885904947917,0.0328885904947917,9.1e-17
9681.70166015625,2.58994807099837e-17,175215267.414084,37782169.1093531,212997436.523438,94880676.2695312,256177825.927734,0.022908935546875,0.032908935546875,9.1e-17
9696.96044921875,2.58914123987173e-17,175541577.360016,37791552.522796,213333129.882812,95030212.4023438,256581573.486328,0.0229292805989583,0.0329292805989583,9.1e-17
9712.21923828125,2.58833938158493e-17,175867942.231099,37800881.0110885,213668823.242188,95179748.5351562,256985321.044922,0.0229496256510417,0.0329496256510417,9.1e-17
9727.47802734375,2.58754246547704e-17,176194361.722633,37810154.8789296,214004516.601562,95329284.6679688,257389068.603516,0.022969970703125,0.032969970703125,9.1e-17
9742.73681640625,2.58675046107632e-17,176520835.531413,37819374.4295245,214340209.960938,95478820.8007812,257792816.162109,0.0229903157552083,0.0329903157552083,9.1e-17
9757.99560546875,2.58596333809901e-17,176847363.355723,37828539.9645894,214675903.320312,95628356.9335938,258196563.720703,0.0230106608072917,0.0330106608072917,9.1e-17
9773.25439453125,2.58518106644823e-17,177173944.895331,37837651.7843564,215011596.679688,95777893.0664062,258600311.279297,0.023031005859375,0.033031005859375,9.1e-17
9788.51318359375,2.58440361621274e-17,177500579.851484,37846710.1875787,215347290.039062,95927429.1992188,259004058.837891,0.0230513509114583,0.0330513509114583,9.1e-17
9803.77197265625,2.5836309576659e-17,177827267.926902,37855715.4715359,215682983.398438,96076965.3320312,259407806.396484,0.0230716959635417,0.0330716959635417,9.1e-17
9819.03076171875,2.58286306126441e-17,178154008.825774,37864667.9320384,216018676.757812,96226501.4648438,259811553.955078,0.023092041015625,0.033092041015625,9.1e-17
9834.28955078125,2.58209989764729e-17,178480802.253754,37873567.8634332,216354370.117188,96376037.5976562,260215301.513672,0.0231123860677083,0.0331123860677083,9.1e-17
9849.54833984375,2.58134143763468e-17,178807647.917954,37882415.5586085,216690063.476562,96525573.7304688,260619049.072266,0.0231327311197917,0.0331327311197917,9.1e-17
9864.80712890625,2.58058765222674e-17,179134545.526938,37891211.308999,217025756.835938,96675109.8632812,261022796.630859,0.023153076171875,0.033153076171875,9.1e-17
9880.06591796875,2.57983851260256e-17,179461494.790721,37899955.4045911,217361450.195312,96824645.9960938,261426544.189453,0.0231734212239583,0.0331734212239583,9.1e-17
9895.32470703125,2.57909399011902e-17,179788495.42076,37908648.1339276,217697143.554688,96974182.1289062,261830291.748047,0.0231937662760417,0.0331937662760417,9.1e-17
9910.58349609375,2.57835405630972e-17,180115547.129949,37917289.7841135,218032836.914062,97123718.2617188,262234039.306641,0.023214111328125,0.033214111328125,9.1e-17
9925.84228515625,2.57761868288387e-17,180442649.632617,37925880.6408202,218368530.273438,97273254.3945312,262637786.865234,0.0232344563802083,0.0332344563802083,9.1e-17
9941.10107421875,2.57688784172522e-17,180769802.644521,37934420.9882917,218704223.632812,97422790.5273438,263041534.423828,0.0232548014322917,0.0332548014322917,9.1e-17
9956.35986328125,2.57616150489098e-17,181097005.882839,37942911.1093489,219039916.992188,97572326.6601562,263445281.982422,0.023275146484375,0.033275146484375,9.1e-17
9971.61865234375,2.57543964461074e-17,181424259.066167,37951351.2853951,219375610.351562,97721862.7929688,263849029.541016,0.0232954915364583,0.0332954915364583,9.1e-17
9986.87744140625,2.57472223328539e-17,181751561.914516,37959741.7964211,219711303.710938,97871398.9257812,264252777.099609,0.0233158365885417,0.0333158365885417,9.1e-17
10002.1362304688,2.57400924348611e-17,182078914.149302,37968082.9210103,220046997.070312,98020935.0585938,264656524.658203,0.023336181640625,0.033336181640625,9.1e-17
10017.3950195312,2.57330064795327e-17,182406315.493343,37976374.9363441,220382690.429688,98170471.1914062,265060272.216797,0.0233565266927083,0.0333565266927083,9.1e-17
10032.6538085938,2.57259641959541e-17,182733765.670856,37984618.1182068,220718383.789062,98320007.3242188,265464019.775391,0.0233768717447917,0.0333768717447917,9.1e-17
10047.9125976562,2.57189653148821e-17,183061264.407447,37992812.7409908,221054077.148438,98469543.4570312,265867767.333984,0.023397216796875,0.033397216796875,9.1e-17
10063.1713867188,2.57120095687341e-17,183388811.430111,38000959.0777019,221389770.507812,98619079.5898438,266271514.892578,0.0234175618489583,0.0334175618489583,9.1e-17
10078.4301757812,2.57050966915787e-17,183716406.467223,38009057.3999643,221725463.867188,98768615.7226562,266675262.451172,0.0234379069010417,0.0334379069010417,9.1e-17
10093.6889648438,2.56982264191245e-17,184044049.248536,38017107.9780262,222061157.226562,98918151.8554688,267079010.009766,0.023458251953125,0.033458251953125,9.1e-17
10108.9477539062,2.56913984887106e-17,184371739.505173,38025111.0807642,222396850.585938,99067687.9882812,267482757.568359,0.0234785970052083,0.0334785970052083,9.1e-17
10124.2065429688,2.56846126392966e-17,184699476.969623,38033066.9756895,222732543.945312,99217224.1210938,267886505.126953,0.0234989420572917,0.0334989420572917,9.1e-17
10139.4653320312,2.5677868611452e-17,185027261.375735,38040975.9289522,223068237.304688,99366760.2539062,268290252.685547,0.023519287109375,0.033519287109375,9.1e-17
10154.7241210938,2.56711661473471e-17,185355092.458716,38048838.2053469,223403930.664062,99516296.3867188,268694000.244141,0.0235396321614583,0.0335396321614583,9.1e-17
10169.9829101562,2.56645049907423e-17,185682969.955119,38056654.068318,223739624.023438,99665832.5195312,269097747.802734,0.0235599772135417,0.0335599772135417,9.1e-17
10185.2416992188,2.56578848869787e-17,186010893.602848,38064423.7799647,224075317.382812,99815368.6523438,269501495.361328,0.023580322265625,0.033580322265625,9.1e-17
10200.5004882812,2.56513055829683e-17,186338863.141142,38072147.601046,224411010.742188,99964904.7851562,269905242.919922,0.0236006673177083,0.0336006673177083,9.1e-17
10215.7592773438,2.56447668271845e-17,186666878.310576,38079825.7909864,224746704.101562,100114440.917969,270308990.478516,0.0236210123697917,0.0336210123697917,9.1e-17
10231.0180664062,2.56382683696518e-17,186994938.853057,38087458.6078807,225082397.460938,100263977.050781,270712738.037109,0.023641357421875,0.033641357421875,9.1e-17
10246.2768554688,2.56318099619371e-17,187323044.511813,38095046.3084993,225418090.820312,100413513.183594,271116485.595703,0.0236617024739583,0.0336617024739583,9.1e-17
10261.5356445312,2.56253913571393e-17,187651195.031394,38102589.1482936,225753784.179688,100563049.316406,271520233.154297,0.0236820475260417,0.0336820475260417,9.1e-17
10276.7944335938,2.56190123098807e-17,187979390.157662,38110087.3814007,226089477.539062,100712585.449219,271923980.712891,0.023702392578125,0.033702392578125,9.1e-17
10292.0532226562,2.56126725762968e-17,188307629.637788,38117541.2606492,226425170.898438,100862121.582031,272327728.271484,0.0237227376302083,0.0337227376302083,9.1e-17
10307.3120117188,2.56063719140276e-17,188635913.220249,38124951.0375639,226760864.257812,101011657.714844,272731475.830078,0.0237430826822917,0.0337430826822917,9.1e-17
10322.5708007812,2.56001100822078e-17,188964240.654816,38132316.9623713,227096557.617188,101161193.847656,273135223.388672,0.023763427734375,0.033763427734375,9.1e-17
10337.8295898438,2.5593886841458e-17,189292611.692558,38139639.2840046,227432250.976562,101310729.980469,273538970.947266,0.0237837727864583,0.0337837727864583,9.1e-17
10353.0883789062,2.55877019538753e-17,189621026.085829,38146918.250109,227767944.335938,101460266.113281,273942718.505859,0.0238041178385417,0.0338041178385417,9.1e-17
10368.3471679688,2.55815551830239e-17,189949483.588266,38154154.1070467,228103637.695312,101609802.246094,274346466.064453,0.023824462890625,0.033824462890625,9.1e-17
10383.6059570312,2.55754462939269e-17,190277983.954785,38161347.0999026,228439331.054688,101759338.378906,274750213.623047,0.0238448079427083,0.0338448079427083,9.1e-17
10398.8647460938,2.55693750530563e-17,190606526.941574,38168497.4724886,228775024.414062,101908874.511719,275153961.181641,0.0238651529947917,0.0338651529947917,9.1e-17
10414.1235351562,2.55633412283246e-17,190935112.306088,38175605.4673498,229110717.773438,102058410.644531,275557708.740234,0.023885498046875,0.033885498046875,9.1e-17
10429.3823242188,2.55573445890761e-17,191263739.807044,38182671.3257686,229446411.132812,102207946.777344,275961456.298828,0.0239058430989583,0.0339058430989583,9.1e-17
10444.6411132812,2.55513849060772e-17,191592409.204416,38189695.287771,229782104.492188,102357482.910156,276365203.857422,0.0239261881510417,0.0339261881510417,9.1e-17
10459.8999023438,2.55454619515088e-17,191921120.259432,38196677.5921307,230117797.851562,102507019.042969,276768951.416016,0.023946533203125,0.033946533203125,9.1e-17
10475.1586914062,2.55395754989566e-17,192249872.734562,38203618.476375,230453491.210938,102656555.175781,277172698.974609,0.0239668782552083,0.0339668782552083,9.1e-17
10490.4174804688,2.55337253234027e-17,192578666.393523,38210518.1767897,230789184.570312,102806091.308594,277576446.533203,0.0239872233072917,0.0339872233072917,9.1e-17
10505.6762695312,2.55279112012174e-17,192907501.001263,38217376.928424,231124877.929688,102955627.441406,277980194.091797,0.024007568359375,0.034007568359375,9.1e-17
10520.9350585938,2.552213291015e-17,193236376.323966,38224194.9650963,231460571.289062,103105163.574219,278383941.650391,0.0240279134114583,0.0340279134114583,9.1e-17
10536.1938476562,2.55163902293207e-17,193565292.129039,38230972.5193985,231796264.648438,103254699.707031,278787689.208984,0.0240482584635417,0.0340482584635417,9.1e-17
10551.4526367188,2.5510682939212e-17,193894248.185111,38237709.8227019,232131958.007812,103404235.839844,279191436.767578,0.024068603515625,0.034068603515625,9.1e-17
10566.7114257812,2.55050108216602e-17,194223244.262026,38244407.1051619,232467651.367188,103553771.972656,279595184.326172,0.0240889485677083,0.0340889485677083,9.1e-17
10581.9702148438,2.54993736598474e-17,194552280.130839,38251064.5957232,232803344.726562,103703308.105469,279998931.884766,0.0241092936197917,0.0341092936197917,9.1e-17
10597.2290039062,2.54937712382927e-17,194881355.563813,38257682.5221249,233139038.085938,103852844.238281,280402679.443359,0.024129638671875,0.034129638671875,9.1e-17
10612.4877929688,2.54882033428442e-17,195210470.334407,38264261.1109058,233474731.445312,104002380.371094,280806427.001953,0.0241499837239583,0.0341499837239583,9.1e-17
10627.7465820312,2.54826697606709e-17,195539624.217278,38270800.5874091,233810424.804688,104151916.503906,281210174.560547,0.0241703287760417,0.0341703287760417,9.1e-17
10643.0053710938,2.54771702802543e-17,195868816.988274,38277301.175788,234146118.164062,104301452.636719,281613922.119141,0.024190673828125,0.034190673828125,9.1e-17
10658.2641601562,2.54717046913805e-17,196198048.424427,38283763.0990105,234481811.523438,104450988.769531,282017669.677734,0.0242110188802083,0.0342110188802083,9.1e-17
10673.5229492188,2.54662727851321e-17,196527318.303948,38290186.5788645,234817504.882812,104600524.902344,282421417.236328,0.0242313639322917,0.0342313639322917,9.1e-17
10688.7817382812,2.54608743538801e-17,196856626.406225,38296571.8359627,235153198.242188,104750061.035156,282825164.794922,0.024251708984375,0.034251708984375,9.1e-17
10704.0405273438,2.54555091912759e-17,197185972.511814,38302919.0897483,235488891.601562,104899597.167969,283228912.353516,0.0242720540364583,0.0342720540364583,9.1e-17
10719.2993164062,2.54501770922438e-17,197515356.402438,38309228.5584993,235824584.960938,105049133.300781,283632659.912109,0.0242923990885417,0.0342923990885417,9.1e-17
10734.5581054688,2.54448778529727e-17,197844777.860978,38315500.459334,236160278.320312,105198669.433594,284036407.470703,0.024312744140625,0.034312744140625,9.1e-17
10749.8168945312,2.54396112709083e-17,198174236.671472,38321735.008216,236495971.679688,105348205.566406,284440155.029297,0.0243330891927083,0.0343330891927083,9.1e-17
10765.0756835938,2.54343771447457e-17,198503732.619103,38327932.419959,236831665.039062,105497741.699219,284843902.587891,0.0243534342447917,0.0343534342447917,9.1e-17
10780.3344726562,2.54291752744214e-17,198833265.490205,38334092.9082322,237167358.398438,105647277.832031,285247650.146484,0.024373779296875,0.034373779296875,9.1e-17
10795.5932617188,2.54240054611057e-17,199162835.072248,38340216.6855649,237503051.757812,105796813.964844,285651397.705078,0.0243941243489583,0.0343941243489583,9.1e-17
10810.8520507812,2.54188675071951e-17,199492441.153835,38346303.9633521,237838745.117188,105946350.097656,286055145.263672,0.0244144694010417,0.0344144694010417,9.1e-17
10826.1108398438,2.54137612163047e-17,199822083.524704,38352354.9518586,238174438.476562,106095886.230469,286458892.822266,0.024434814453125,0.034434814453125,9.1e-17
10841.3696289062,2.54086863932607e-17,200151761.975712,38358369.8602251,238510131.835938,106245422.363281,286862640.380859,0.0244551595052083,0.0344551595052083,9.1e-17
10856.6284179688,2.54036428440931e-17,200481476.29884,38364348.8964721,238845825.195312,106394958.496094,287266387.939453,0.0244755045572917,0.0344755045572917,9.1e-17
10871.8872070312,2.5398630376028e-17,200811226.287182,38370292.2675058,239181518.554688,106544494.628906,287670135.498047,0.024495849609375,0.034495849609375,9.1e-17
10887.1459960938,2.53936487974801e-17,201141011.73494,38376200.1791224,239517211.914062,106694030.761719,288073883.056641,0.0245161946614583,0.0345161946614583,9.1e-17
10902.4047851562,2.53886979180459e-17,201470832.437424,38382072.8360133,239852905.273438,106843566.894531,288477630.615234,0.0245365397135417,0.0345365397135417,9.1e-17
10917.6635742188,2.53837775484959e-17,201800688.191042,38387910.4417704,240188598.632812,106993103.027344,288881378.173828,0.024556884765625,0.034556884765625,9.1e-17
10932.9223632812,2.53788875007676e-17,202130578.793297,38393713.1988901,240524291.992188,107142639.160156,289285125.732422,0.0245772298177083,0.0345772298177083,9.1e-17
10948.1811523438,2.53740275879584e-17,202460504.042783,38399481.3087794,240859985.351562,107292175.292969,289688873.291016,0.0245975748697917,0.0345975748697917,9.1e-17
10963.4399414062,2.53691976243179e-17,202790463.739178,38405214.9717598,241195678.710938,107441711.425781,290092620.849609,0.024617919921875,0.034617919921875,9.1e-17
10978.6987304688,2.53643974252415e-17,203120457.68324,38410914.3870729,241531372.070312,107591247.558594,290496368.408203,0.0246382649739583,0.0346382649739583,9.1e-17
10993.9575195312,2.53596268072629e-17,203450485.676803,38416579.7528848,241867065.429688,107740783.691406,290900115.966797,0.0246586100260417,0.0346586100260417,9.1e-17
11009.2163085938,2.53548855880471e-17,203780547.522771,38422211.2662914,242202758.789062,107890319.824219,291303863.525391,0.024678955078125,0.034678955078125,9.1e-17
11024.4750976562,2.53501735863837e-17,204110643.025115,38427809.1233229,242538452.148438,108039855.957031,291707611.083984,0.0246993001302083,0.0346993001302083,9.1e-17
11039.7338867188,2.53454906221794e-17,204440771.988863,38433373.5189491,242874145.507812,108189392.089844,292111358.642578,0.0247196451822917,0.0347196451822917,9.1e-17
11054.9926757812,2.53408365164517e-17,204770934.220104,38438904.6470837,243209838.867188,108338928.222656,292515106.201172,0.024739990234375,0.034739990234375,9.1e-17
11070.2514648438,2.53362110913219e-17,205101129.525973,38444402.7005897,243545532.226562,108488464.355469,292918853.759766,0.0247603352864583,0.0347603352864583,9.1e-17
11085.5102539062,2.53316141700079e-17,205431357.714654,38449867.8712836,243881225.585938,108638000.488281,293322601.318359,0.0247806803385417,0.0347806803385417,9.1e-17
11100.7690429688,2.53270455768178e-17,205761618.595372,38455300.3499408,244216918.945312,108787536.621094,293726348.876953,0.024801025390625,0.034801025390625,9.1e-17
11116.0278320312,2.53225051371434e-17,206091911.978387,38460700.3263004,244552612.304688,108937072.753906,294130096.435547,0.0248213704427083,0.0348213704427083,9.1e-17
11131.2866210938,2.53179926774527e-17,206422237.674993,38466067.9890692,244888305.664062,109086608.886719,294533843.994141,0.0248417154947917,0.0348417154947917,9.1e-17
11146.5454101562,2.53135080252842e-17,206752595.49751,38471403.5259275,245223999.023438,109236145.019531,294937591.552734,0.024862060546875,0.034862060546875,9.1e-17
11161.8041992188,2.53090510092396e-17,207082985.259279,38476707.1235333,245559692.382812,109385681.152344,295341339.111328,0.0248824055989583,0.0348824055989583,9.1e-17
11177.0629882812,2.53046214589776e-17,207413406.77466,38481978.967527,245895385.742188,109535217.285156,295745086.669922,0.0249027506510417,0.0349027506510417,9.1e-17
11192.3217773438,2.53002192052072e-17,207743859.859026,38487219.2425366,246231079.101562,109684753.417969,296148834.228516,0.024923095703125,0.034923095703125,9.1e-17
11207.5805664062,2.52958440796814e-17,208074344.328756,38492428.1321819,246566772.460938,109834289.550781,296552581.787109,0.0249434407552083,0.0349434407552083,9.1e-17
11222.8393554688,2.52914959151905e-17,208404860.001233,38497605.8190796,246902465.820312,109983825.683594,296956329.345703,0.0249637858072917,0.0349637858072917,9.1e-17
11238.0981445312,2.5287174545556e-17,208735406.69484,38502752.4848478,247238159.179688,110133361.816406,297360076.904297,0.024984130859375,0.034984130859375,9.1e-17
11253.3569335938,2.5282879805624e-17,209065984.228952,38507868.3101107,247573852.539062,110282897.949219,297763824.462891,0.0250044759114583,0.0350044759114583,9.1e-17
11268.6157226562,2.52786115312589e-17,209396592.423934,38512953.4745036,247909545.898438,110432434.082031,298167572.021484,0.0250248209635417,0.0350248209635417,9.1e-17
11283.8745117188,2.52743695593374e-17,209727231.101136,38518008.1566769,248245239.257812,110581970.214844,298571319.580078,0.025045166015625,0.035045166015625,9.1e-17
11299.1333007812,2.52701537277418e-17,210057900.082886,38523032.5343016,248580932.617188,110731506.347656,298975067.138672,0.0250655110677083,0.0350655110677083,9.1e-17
11314.3920898438,2.52659638753541e-17,210388599.192489,38528026.7840732,248916625.976562,110881042.480469,299378814.697266,0.0250858561197917,0.0350858561197917,9.1e-17
11329.6508789062,2.52617998420497e-17,210719328.254221,38532991.0817168,249252319.335938,111030578.613281,299782562.255859,0.025106201171875,0.035106201171875,9.1e-17
11344.9096679688,2.52576614686916e-17,211050087.093321,38537925.6019915,249588012.695312,111180114.746094,300186309.814453,0.0251265462239583,0.0351265462239583,9.1e-17
11360.1684570312,2.52535485971236e-17,211380875.535992,38542830.5186951,249923706.054688,111329650.878906,300590057.373047,0.0251468912760417,0.0351468912760417,9.1e-17
11375.4272460938,2.5249461070165e-17,211711693.409394,38547706.0046685,250259399.414062,111479187.011719,300993804.931641,0.025167236328125,0.035167236328125,9.1e-17
11390.6860351562,2.52453987316042e-17,212042540.541637,38552552.2318006,250595092.773438,111628723.144531,301397552.490234,0.0251875813802083,0.0351875813802083,9.1e-17
11405.9448242188,2.52413614261928e-17,212373416.76178,38557369.3710327,250930786.132812,111778259.277344,301801300.048828,0.0252079264322917,0.0352079264322917,9.1e-17
11421.2036132812,2.52373489996394e-17,212704321.899825,38562157.5923628,251266479.492188,111927795.410156,302205047.607422,0.025228271484375,0.035228271484375,9.1e-17
11436.4624023438,2.52333612986043e-17,213035255.786712,38566917.0648507,251602172.851562,112077331.542969,302608795.166016,0.0252486165364583,0.0352486165364583,9.1e-17
11451.7211914062,2.5229398170693e-17,213366218.254316,38571647.9566219,251937866.210938,112226867.675781,303012542.724609,0.0252689615885417,0.0352689615885417,9.1e-17
11466.9799804688,2.52254594644507e-17,213697209.13544,38576350.4348726,252273559.570312,112376403.808594,303416290.283203,0.025289306640625,0.035289306640625,9.1e-17
11482.2387695312,2.52215450293564e-17,214028228.263814,38581024.6658739,252609252.929688,112525939.941406,303820037.841797,0.0253096516927083,0.0353096516927083,9.1e-17
11497.4975585938,2.52176547158174e-17,214359275.474086,38585670.8149765,252944946.289062,112675476.074219,304223785.400391,0.0253299967447917,0.0353299967447917,9.1e-17
11512.7563476562,2.5213788375163e-17,214690350.601823,38590289.0466149,253280639.648438,112825012.207031,304627532.958984,0.025350341796875,0.035350341796875,9.1e-17
11528.0151367188,2.52099458596393e-17,215021453.483501,38594879.524312,253616333.007812,112974548.339844,305031280.517578,0.0253706868489583,0.0353706868489583,9.1e-17
11543.2739257812,2.52061270224035e-17,215352583.956504,38599442.4106836,253952026.367188,113124084.472656,305435028.076172,0.0253910319010417,0.0353910319010417,9.1e-17
11558.5327148438,2.5202331717518e-17,215683741.85912,38603977.8674428,254287719.726562,113273620.605469,305838775.634766,0.025411376953125,0.035411376953125,9.1e-17
11573.7915039062,2.51985597999451e-17,216014927.030533,38608486.0554044,254623413.085938,113423156.738281,306242523.193359,0.0254317220052083,0.0354317220052083,9.1e-17
11589.0502929688,2.51948111255413e-17,216346139.310823,38612967.1344891,254959106.445312,113572692.871094,306646270.751953,0.0254520670572917,0.0354520670572917,9.1e-17
11604.3090820312,2.51910855510519e-17,216677378.540959,38617421.2637282,255294799.804688,113722229.003906,307050018.310547,0.025472412109375,0.035472412109375,9.1e-17
11619.5678710938,2.51873829341052e-17,217008644.562795,38621848.6012678,255630493.164062,113871765.136719,307453765.869141,0.0254927571614583,0.0354927571614583,9.1e-17
11634.8266601562,2.51837031332077e-17,217339937.219065,38626249.304373,255966186.523438,114021301.269531,307857513.427734,0.0255131022135417,0.0355131022135417,9.1e-17
11650.0854492188,2.51800460077378e-17,217671256.35338,38630623.5294327,256301879.882812,114170837.402344,308261260.986328,0.025533447265625,0.035533447265625,9.1e-17
11665.3442382812,2.51764114179412e-17,218002601.810224,38634971.4319635,256637573.242188,114320373.535156,308665008.544922,0.0255537923177083,0.0355537923177083,9.1e-17
11680.6030273438,2.51727992249252e-17,218333973.434948,38639293.1666141,256973266.601562,114469909.667969,309068756.103516,0.0255741373697917,0.0355741373697917,9.1e-17
11695.8618164062,2.51692092906534e-17,218665371.073768,38643588.8871697,257308959.960938,114619445.800781,309472503.662109,0.025594482421875,0.035594482421875,9.1e-17
11711.1206054688,2.51656414779403e-17,218996794.573756,38647858.7465561,257644653.320312,114768981.933594,309876251.220703,0.0256148274739583,0.0356148274739583,9.1e-17
11726.3793945312,2.51620956504465e-17,219328243.782843,38652102.8968444,257980346.679688,114918518.066406,310279998.779297,0.0256351725260417,0.0356351725260417,9.1e-17
11741.6381835938,2.51585716726729e-17,219659718.549808,38656321.4892546,258316040.039062,115068054.199219,310683746.337891,0.025655517578125,0.035655517578125,9.1e-17
11756.8969726562,2.51550694099559e-17,219991218.724277,38660514.6741604,258651733.398438,115217590.332031,311087493.896484,0.0256758626302083,0.0356758626302083,9.1e-17
11772.1557617188,2.51515887284622e-17,220322744.156719,38664682.6010931,258987426.757812,115367126.464844,311491241.455078,0.0256962076822917,0.0356962076822917,9.1e-17
11787.4145507812,2.51481294951834e-17,220654294.698442,38668825.4187459,259323120.117188,115516662.597656,311894989.013672,0.025716552734375,0.035716552734375,9.1e-17
11802.6733398438,2.51446915779313e-17,220985870.201584,38672943.2749781,259658813.476562,115666198.730469,312298736.572266,0.0257368977864583,0.0357368977864583,9.1e-17
11817.9321289062,2.51412748453327e-17,221317470.519118,38677036.3168195,259994506.835938,115815734.863281,312702484.130859,0.0257572428385417,0.0357572428385417,9.1e-17
11833.1909179688,2.51378791668242e-17,221649095.504839,38681104.690474,260330200.195312,115965270.996094,313106231.689453,0.025777587890625,0.035777587890625,9.1e-17
11848.4497070312,2.51345044126474e-17,221980745.013363,38685148.5413243,260665893.554688,116114807.128906,313509979.248047,0.0257979329427083,0.0357979329427083,9.1e-17
11863.7084960938,2.51311504538439e-17,222312418.900127,38689168.0139357,261001586.914062,116264343.261719,313913726.806641,0.0258182779947917,0.0358182779947917,9.1e-17
11878.9672851562,2.51278171622504e-17,222644117.021377,38693163.2520606,261337280.273438,116413879.394531,314317474.365234,0.025838623046875,0.035838623046875,9.1e-17
11894.2260742188,2.51245044104934e-17,222975839.234171,38697134.398642,261672973.632812,116563415.527344,314721221.923828,0.0258589680989583,0.0358589680989583,9.1e-17
11909.4848632812,2.51212120719852e-17,223307585.396369,38701081.5958182,262008666.992188,116712951.660156,315124969.482422,0.0258793131510417,0.0358793131510417,9.1e-17
11924.7436523438,2.5117940020918e-17,223639355.366636,38705004.9849265,262344360.351562,116862487.792969,315528717.041016,0.025899658203125,0.035899658203125,9.1e-17
11940.0024414062,2.511468813226e-17,223971149.00443,38708904.7065073,262680053.710938,117012023.925781,315932464.599609,0.0259200032552083,0.0359200032552083,9.1e-17
11955.2612304688,2.511145628175e-17,224302966.170004,38712780.9003085,263015747.070312,117161560.058594,316336212.158203,0.0259403483072917,0.0359403483072917,9.1e-17
11970.5200195312,2.51082443458928e-17,224634806.724399,38716633.7052888,263351440.429688,117311096.191406,316739959.716797,0.025960693359375,0.035960693359375,9.1e-17
11985.7788085938,2.51050522019548e-17,224966670.52944,38720463.2596226,263687133.789062,117460632.324219,317143707.275391,0.0259810384114583,0.0359810384114583,9.1e-17
12001.0375976562,2.51018797279588e-17,225298557.447734,38724269.7007032,264022827.148438,117610168.457031,317547454.833984,0.0260013834635417,0.0360013834635417,9.1e-17
12016.2963867188,2.50987268026797e-17,225630467.342665,38728053.1651474,264358520.507812,117759704.589844,317951202.392578,0.026021728515625,0.036021728515625,9.1e-17
12031.5551757812,2.50955933056397e-17,225962400.078389,38731813.788799,264694213.867188,117909240.722656,318354949.951172,0.0260420735677083,0.0360420735677083,9.1e-17
12046.8139648438,2.50924791171038e-17,226294355.519829,38735551.7067331,265029907.226562,118058776.855469,318758697.509766,0.0260624186197917,0.0360624186197917,9.1e-17
12062.0727539062,2.50893841180749e-17,226626333.532678,38739267.0532598,265365600.585938,118208312.988281,319162445.068359,0.026082763671875,0.036082763671875,9.1e-17
12077.3315429688,2.50863081902898e-17,226958333.983384,38742959.9619282,265701293.945312,118357849.121094,319566192.626953,0.0261031087239583,0.0361031087239583,9.1e-17
12092.5903320312,2.50832512162142e-17,227290356.739157,38746630.5655306,266036987.304688,118507385.253906,319969940.185547,0.0261234537760417,0.0361234537760417,9.1e-17
12107.8491210938,2.50802130790384e-17,227622401.667957,38750278.9961057,266372680.664062,118656921.386719,320373687.744141,0.026143798828125,0.036143798828125,9.1e-17
12123.1079101562,2.50771936626728e-17,227954468.638494,38753905.3849432,266708374.023438,118806457.519531,320777435.302734,0.0261641438802083,0.0361641438802083,9.1e-17
12138.3666992188,2.50741928517433e-17,228286557.520225,38757509.8625873,267044067.382812,118955993.652344,321181182.861328,0.0261844889322917,0.0361844889322917,9.1e-17
12153.6254882812,2.50712105315875e-17,228618668.183347,38761092.5588405,267379760.742188,119105529.785156,321584930.419922,0.026204833984375,0.036204833984375,9.1e-17
12168.8842773438,2.50682465882493e-17,228950800.498795,38764653.6027676,267715454.101562,119255065.917969,321988677.978516,0.0262251790364583,0.0362251790364583,9.1e-17
12184.1430664062,2.50653009084755e-17,229282954.338238,38768193.1226995,268051147.460938,119404602.050781,322392425.537109,0.0262455240885417,0.0362455240885417,9.1e-17
12199.4018554688,2.50623733797107e-17,229615129.574076,38771711.246237,268386840.820312,119554138.183594,322796173.095703,0.026265869140625,0.036265869140625,9.1e-17
12214.6606445312,2.50594638900939e-17,229947326.079433,38775208.1002543,268722534.179688,119703674.316406,323199920.654297,0.0262862141927083,0.0362862141927083,9.1e-17
12229.9194335938,2.50565723284531e-17,230279543.728159,38778683.8109033,269058227.539062,119853210.449219,323603668.212891,0.0263065592447917,0.0363065592447917,9.1e-17
12245.1782226562,2.50536985843019e-17,230611782.39482,38782138.503617,269393920.898438,120002746.582031,324007415.771484,0.026326904296875,0.036326904296875,9.1e-17
12260.4370117188,2.5050842547835e-17,230944041.954699,38785572.3031133,269729614.257812,120152282.714844,324411163.330078,0.0263472493489583,0.0363472493489583,9.1e-17
12275.6958007812,2.5048004109924e-17,231276322.283789,38788985.3333986,270065307.617188,120301818.847656,324814910.888672,0.0263675944010417,0.0363675944010417,9.1e-17
12290.9545898438,2.50451831621132e-17,231608623.258791,38792377.7177717,270401000.976562,120451354.980469,325218658.447266,0.026387939453125,0.036387939453125,9.1e-17
12306.2133789062,2.50423795966154e-17,231940944.75711,38795749.5788277,270736694.335938,120600891.113281,325622406.005859,0.0264082845052083,0.0364082845052083,9.1e-17
12321.4721679688,2.50395933063079e-17,232273286.656851,38799101.0384612,271072387.695312,120750427.246094,326026153.564453,0.0264286295572917,0.0364286295572917,9.1e-17
12336.7309570312,2.50368241847284e-17,232605648.836817,38802432.2178702,271408081.054688,120899963.378906,326429901.123047,0.026448974609375,0.036448974609375,9.1e-17
12351.9897460938,2.50340721260709e-17,232938031.176503,38805743.2375597,271743774.414062,121049499.511719,326833648.681641,0.0264693196614583,0.0364693196614583,9.1e-17
12367.2485351562,2.50313370251814e-17,233270433.556092,38809034.2173457,272079467.773438,121199035.644531,327237396.240234,0.0264896647135417,0.0364896647135417,9.1e-17
12382.5073242188,2.50286187775544e-17,233602855.856455,38812305.276358,272415161.132812,121348571.777344,327641143.798828,0.026510009765625,0.036510009765625,9.1e-17
12397.7661132812,2.50259172793284e-17,233935297.959143,38815556.5330447,272750854.492188,121498107.910156,328044891.357422,0.0265303548177083,0.0365303548177083,9.1e-17
12413.0249023438,2.50232324272823e-17,234267759.746387,38818788.1051752,273086547.851562,121647644.042969,328448638.916016,0.0265506998697917,0.0365506998697917,9.1e-17
12428.2836914062,2.50205641188312e-17,234600241.101093,38822000.109844,273422241.210938,121797180.175781,328852386.474609,0.026571044921875,0.036571044921875,9.1e-17
12443.5424804688,2.50179122520225e-17,234932741.906838,38825192.6634744,273757934.570312,121946716.308594,329256134.033203,0.0265913899739583,0.0365913899739583,9.1e-17
12458.8012695312,2.50152767255322e-17,235265262.047866,38828365.8818217,274093627.929688,122096252.441406,329659881.591797,0.0266117350260417,0.0366117350260417,9.1e-17
12474.0600585938,2.50126574386608e-17,235597801.409086,38831519.8799769,274429321.289062,122245788.574219,330063629.150391,0.026632080078125,0.036632080078125,9.1e-17
12489.3188476562,2.50100542913295e-17,235930359.876067,38834654.7723702,274765014.648438,122395324.707031,330467376.708984,0.0266524251302083,0.0366524251302083,9.1e-17
12504.5776367188,2.50074671840766e-17,236262937.335038,38837770.6727747,275100708.007812,122544860.839844,330871124.267578,0.0266727701822917,0.0366727701822917,9.1e-17
12519.8364257812,2.50048960180532e-17,236595533.672878,38840867.6943096,275436401.367188,122694396.972656,331274871.826172,0.026693115234375,0.036693115234375,9.1e-17
12535.0952148438,2.500234069502e-17,236928148.777119,38843945.9494437,275772094.726562,122843933.105469,331678619.384766,0.0267134602864583,0.0367134602864583,9.1e-17
12550.3540039062,2.4999801117343e-17,237260782.535938,38847005.5499991,276107788.085938,122993469.238281,332082366.943359,0.0267338053385417,0.0367338053385417,9.1e-17
12565.6127929688,2.49972771879904e-17,237593434.838158,38850046.6071543,276443481.445312,123143005.371094,332486114.501953,0.026754150390625,0.036754150390625,9.1e-17
12580.8715820312,2.49947688105282e-17,237926105.57324,38853069.2314478,276779174.804688,123292541.503906,332889862.060547,0.0267744954427083,0.0367744954427083,9.1e-17
12596.1303710938,2.49922758891169e-17,238258794.631281,38856073.5327817,277114868.164062,123442077.636719,333293609.619141,0.0267948404947917,0.0367948404947917,9.1e-17
12611.3891601562,2.49897983285078e-17,238591501.903013,38859059.6204249,277450561.523438,123591613.769531,333697357.177734,0.026815185546875,0.036815185546875,9.1e-17
12626.6479492188,2.49873360340392e-17,238924227.279796,38862027.6030161,277786254.882812,123741149.902344,334101104.736328,0.0268355305989583,0.0368355305989583,9.1e-17
12641.9067382812,2.49848889116332e-17,239256970.653619,38864977.5885681,278121948.242188,123890686.035156,334504852.294922,0.0268558756510417,0.0368558756510417,9.1e-17
12657.1655273438,2.49824568677915e-17,239589731.917092,38867909.6844702,278457641.601562,124040222.167969,334908599.853516,0.026876220703125,0.036876220703125,9.1e-17
12672.4243164062,2.49800398095923e-17,239922510.963445,38870823.9974921,278793334.960938,124189758.300781,335312347.412109,0.0268965657552083,0.0368965657552083,9.1e-17
12687.6831054688,2.49776376446864e-17,240255307.686525,38873720.633787,279129028.320312,124339294.433594,335716094.970703,0.0269169108072917,0.0369169108072917,9.1e-17
12702.9418945312,2.4975250281294e-17,240588121.980792,38876599.6988951,279464721.679688,124488830.566406,336119842.529297,0.026937255859375,0.036937255859375,9.1e-17
12718.2006835938,2.49728776282009e-17,240920953.741316,38879461.2977466,279800415.039062,124638366.699219,336523590.087891,0.0269576009114583,0.0369576009114583,9.1e-17
12733.4594726562,2.49705195947553e-17,241253802.863772,38882305.5346653,280136108.398438,124787902.832031,336927337.646484,0.0269779459635417,0.0369779459635417,9.1e-17
12748.7182617188,2.4968176090864e-17,241586669.244441,38885132.5133716,280471801.757812,124937438.964844,337331085.205078,0.026998291015625,0.036998291015625,9.1e-17
12763.9770507812,2.49658470269893e-17,241919552.780202,38887942.3369858,280807495.117188,125086975.097656,337734832.763672,0.0270186360677083,0.0370186360677083,9.1e-17
12779.2358398438,2.49635323141452e-17,242252453.368531,38890735.1080315,281143188.476562,125236511.230469,338138580.322266,0.0270389811197917,0.0370389811197917,9.1e-17
12794.4946289062,2.49612318638943e-17,242585370.907499,38893510.9284388,281478881.835938,125386047.363281,338542327.880859,0.027059326171875,0.037059326171875,9.1e-17
12809.7534179688,2.49589455883444e-17,242918305.295765,38896269.8995471,281814575.195312,125535583.496094,338946075.439453,0.0270796712239583,0.0370796712239583,9.1e-17
12825.0122070312,2.49566734001449e-17,243251256.432579,38899012.1221089,282150268.554688,125685119.628906,339349822.998047,0.0271000162760417,0.0371000162760417,9.1e-17
12840.2709960938,2.49544152124837e-17,243584224.21777,38901737.6962926,282485961.914062,125834655.761719,339753570.556641,0.027120361328125,0.037120361328125,9.1e-17
12855.5297851562,2.49521709390838e-17,243917208.551752,38904446.7216856,282821655.273438,125984191.894531,340157318.115234,0.0271407063802083,0.0371407063802083,9.1e-17
12870.7885742188,2.49499404942e-17,244250209.335515,38907139.2972978,283157348.632812,126133728.027344,340561065.673828,0.0271610514322917,0.0371610514322917,9.1e-17
12886.0473632812,2.49477237926155e-17,244583226.470623,38909815.5215645,283493041.992188,126283264.160156,340964813.232422,0.027181396484375,0.037181396484375,9.1e-17
12901.3061523438,2.49455207496389e-17,244916259.859213,38912475.4923492,283828735.351562,126432800.292969,341368560.791016,0.0272017415364583,0.0372017415364583,9.1e-17
12916.5649414062,2.49433312811007e-17,245249309.40399,38915119.3069476,284164428.710938,126582336.425781,341772308.349609,0.0272220865885417,0.0372220865885417,9.1e-17
12931.8237304688,2.49411553033503e-17,245582375.008223,38917747.0620898,284500122.070312,126731872.558594,342176055.908203,0.027242431640625,0.037242431640625,9.1e-17
12947.0825195312,2.49389927332526e-17,245915456.575744,38920358.8539436,284835815.429688,126881408.691406,342579803.466797,0.0272627766927083,0.0372627766927083,9.1e-17
12962.3413085938,2.49368434881851e-17,246248554.010944,38922954.7781181,285171508.789062,127030944.824219,342983551.025391,0.0272831217447917,0.0372831217447917,9.1e-17
12977.6000976562,2.49347074860343e-17,246581667.218772,38925534.9296659,285507202.148438,127180480.957031,343387298.583984,0.027303466796875,0.037303466796875,9.1e-17
12992.8588867188,2.4932584645193e-17,246914796.104726,38928099.4030867,285842895.507812,127330017.089844,343791046.142578,0.0273238118489583,0.0373238118489583,9.1e-17
13008.1176757812,2.49304748845569e-17,247247940.574857,38930648.2923303,286178588.867188,127479553.222656,344194793.701172,0.0273441569010417,0.0373441569010417,9.1e-17
13023.3764648438,2.49283781235217e-17,247581100.535763,38933181.6907994,286514282.226562,127629089.355469,344598541.259766,0.027364501953125,0.037364501953125,9.1e-17
13038.6352539062,2.49262942819799e-17,247914275.894585,38935699.6913525,286849975.585938,127778625.488281,345002288.818359,0.0273848470052083,0.0373848470052083,9.1e-17
13053.8940429688,2.49242232803176e-17,248247466.559005,38938202.3863074,287185668.945312,127928161.621094,345406036.376953,0.0274051920572917,0.0374051920572917,9.1e-17
13069.1528320312,2.49221650394117e-17,248580672.437244,38940689.8674435,287521362.304688,128077697.753906,345809783.935547,0.027425537109375,0.037425537109375,9.1e-17
13084.4116210938,2.4920119480627e-17,248913893.438057,38943162.2260053,287857055.664062,128227233.886719,346213531.494141,0.0274458821614583,0.0374458821614583,9.1e-17
13099.6704101562,2.49180865258125e-17,249247129.470733,38945619.5527048,288192749.023438,128376770.019531,346617279.052734,0.0274662272135417,0.0374662272135417,9.1e-17
13114.9291992188,2.49160660972993e-17,249580380.445087,38948061.937725,288528442.382812,128526306.152344,347021026.611328,0.027486572265625,0.037486572265625,9.1e-17
13130.1879882812,2.49140581178971e-17,249913646.271465,38950489.4707225,288864135.742188,128675842.285156,347424774.169922,0.0275069173177083,0.0375069173177083,9.1e-17
13145.4467773438,2.49120625108912e-17,250246926.860732,38952902.2408302,289199829.101562,128825378.417969,347828521.728516,0.0275272623697917,0.0375272623697917,9.1e-17
13160.7055664062,2.491007920004e-17,250580222.124277,38955300.3366607,289535522.460938,128974914.550781,348232269.287109,0.027547607421875,0.037547607421875,9.1e-17
13175.9643554688,2.49081081095716e-17,250913531.974004,38957683.8463086,289871215.820312,129124450.683594,348636016.845703,0.0275679524739583,0.0375679524739583,9.1e-17
13191.2231445312,2.49061491641812e-17,251246856.322334,38960052.8573539,290206909.179688,129273986.816406,349039764.404297,0.0275882975260417,0.0375882975260417,9.1e-17
13206.4819335938,2.49042022890281e-17,251580195.082198,38962407.4568644,290542602.539062,129423522.949219,349443511.962891,0.027608642578125,0.037608642578125,9.1e-17
13221.7407226562,2.4902267409733e-17,251913548.167039,38964747.7313986,290878295.898438,129573059.082031,349847259.521484,0.0276289876302083,0.0376289876302083,9.1e-17
13236.9995117188,2.49003444523748e-17,252246915.490804,38967073.7670087,291213989.257812,129722595.214844,350251007.080078,0.0276493326822917,0.0376493326822917,9.1e-17
13252.2583007812,2.48984333434882e-17,252580296.967944,38969385.6492434,291549682.617188,129872131.347656,350654754.638672,0.027669677734375,0.037669677734375,9.1e-17
13267.5170898438,2.48965340100608e-17,252913692.513412,38971683.4631505,291885375.976562,130021667.480469,351058502.197266,0.0276900227864583,0.0376900227864583,9.1e-17
13282.7758789062,2.48946463795297e-17,253247102.042658,38973967.2932796,292221069.335938,130171203.613281,351462249.755859,0.0277103678385417,0.0377103678385417,9.1e-17
13298.0346679688,2.48927703797799e-17,253580525.471627,38976237.2236854,292556762.695312,130320739.746094,351865997.314453,0.027730712890625,0.037730712890625,9.1e-17
13313.2934570312,2.48909059391403e-17,253913962.716758,38978493.3379297,292892456.054688,130470275.878906,352269744.873047,0.0277510579427083,0.0377510579427083,9.1e-17
13328.5522460938,2.4889052986382e-17,254247413.694978,38980735.7190846,293228149.414062,130619812.011719,352673492.431641,0.0277714029947917,0.0377714029947917,9.1e-17
13343.8110351562,2.48872114507146e-17,254580878.323702,38982964.4497351,293563842.773438,130769348.144531,353077239.990234,0.027791748046875,0.037791748046875,9.1e-17
13359.0698242188,2.48853812617845e-17,254914356.520831,38985179.611982,293899536.132812,130918884.277344,353480987.548828,0.0278120930989583,0.0378120930989583,9.1e-17
13374.3286132812,2.48835623496715e-17,255247848.204743,38987381.2874441,294235229.492188,131068420.410156,353884735.107422,0.0278324381510417,0.0378324381510417,9.1e-17
13389.5874023438,2.48817546448862e-17,255581353.294301,38989569.5572614,294570922.851562,131217956.542969,354288482.666016,0.027852783203125,0.037852783203125,9.1e-17
13404.8461914062,2.48799580783676e-17,255914871.70884,38991744.5020976,294906616.210938,131367492.675781,354692230.224609,0.0278731282552083,0.0378731282552083,9.1e-17
13420.1049804688,2.48781725814805e-17,256248403.36817,38993906.2021426,295242309.570312,131517028.808594,355095977.783203,0.0278934733072917,0.0378934733072917,9.1e-17
13435.3637695312,2.48763980860124e-17,256581948.192572,38996054.7371151,295578002.929688,131666564.941406,355499725.341797,0.027913818359375,0.037913818359375,9.1e-17
13450.6225585938,2.48746345241715e-17,256915506.102797,38998190.1862657,295913696.289062,131816101.074219,355903472.900391,0.0279341634114583,0.0379341634114583,9.1e-17
13465.8813476562,2.48728818285837e-17,257249077.020059,39000312.628379,296249389.648438,131965637.207031,356307220.458984,0.0279545084635417,0.0379545084635417,9.1e-17
13481.1401367188,2.487113993229e-17,257582660.866036,39002422.1417763,296585083.007812,132115173.339844,356710968.017578,0.027974853515625,0.037974853515625,9.1e-17
13496.3989257812,2.48694087687444e-17,257916257.562869,39004518.8043185,296920776.367188,132264709.472656,357114715.576172,0.0279951985677083,0.0379951985677083,9.1e-17
13511.6577148438,2.48676882718106e-17,258249867.033154,39006602.6934084,297256469.726562,132414245.605469,357518463.134766,0.0280155436197917,0.0379822358630952,9.1e-17
13526.9165039062,2.48659783757604e-17,258583489.199944,39008673.8859931,297592163.085938,132563781.738281,357922210.693359,0.028035888671875,0.037958984375,9.1e-17
13542.1752929688,2.48642790152702e-17,258917123.986745,39010732.4585671,297927856.445312,132713317.871094,358325958.251953,0.0280562337239583,0.0379357328869048,9.1e-17
13557.4340820312,2.48625901254195e-17,259250771.317513,39012778.4871743,298263549.804688,132862854.003906,358729705.810547,0.0280765787760417,0.0379124813988095,9.1e-17
13572.6928710938,2.48609116416874e-17,259584431.116652,39014812.0474107,298599243.164062,133012390.136719,359133453.369141,0.028096923828125,0.0378892299107143,9.1e-17
13587.9516601562,2.48592434999511e-17,259918103.309011,39016833.214427,298934936.523438,133161926.269531,359537200.927734,0.0281172688802083,0.037865978422619,9.1e-17
13603.2104492188,2.48575856364828e-17,260251787.819881,39018842.0629311,299270629.882812,133311462.402344,359940948.486328,0.0281376139322917,0.0378427269345238,9.1e-17
13618.4692382812,2.48559379879473e-17,260585484.574997,39020838.6671905,299606323.242188,133460998.535156,360344696.044922,0.028157958984375,0.0378194754464286,9.1e-17
13633.7280273438,2.48543004914e-17,260919193.500528,39022823.1010347,299942016.601562,133610534.667969,360748443.603516,0.0281783040364583,0.0377962239583333,9.1e-17
13648.9868164062,2.48526730842841e-17,261252914.52308,39024795.4378579,300277709.960938,133760070.800781,361152191.162109,0.0281986490885417,0.0377729724702381,9.1e-17
13664.2456054688,2.48510557044285e-17,261586647.569691,39026755.7506211,300613403.320312,133909606.933594,361555938.720703,0.028218994140625,0.0377497209821429,9.1e-17
13679.5043945312,2.48494482900449e-17,261920392.567832,39028704.1118551,300949096.679688,134059143.066406,361959686.279297,0.0282393391927083,0.0377264694940476,9.1e-17
13694.7631835938,2.48478507797262e-17,262254149.4454,39030640.5936624,301284790.039062,134208679.199219,362363433.837891,0.0282596842447917,0.0377032180059524,9.1e-17
13710.0219726562,2.48462631124436e-17,262587918.130718,39032565.2677195,301620483.398438,134358215.332031,362767181.396484,0.028280029296875,0.0376799665178571,9.1e-17
13725.2807617188,2.48446852275443e-17,262921698.552532,39034478.2052801,301956176.757812,134507751.464844,363170928.955078,0.0283003743489583,0.0376567150297619,9.1e-17
13740.5395507812,2.48431170647495e-17,263255490.640011,39036379.4771767,302291870.117188,134657287.597656,363574676.513672,0.0283207194010417,0.0376334635416667,9.1e-17
13755.7983398438,2.48415585641518e-17,263589294.322739,39038269.1538232,302627563.476562,134806823.730469,363978424.072266,0.028341064453125,0.0376102120535714,9.1e-17
13771.0571289062,2.48400096662129e-17,263923109.53072,39040147.3052174,302963256.835938,134956359.863281,364382171.630859,0.0283614095052083,0.0375869605654762,9.1e-17
13786.3159179688,2.48384703117617e-17,264256936.194369,39042014.0009435,303298950.195312,135105895.996094,364785919.189453,0.0283817545572917,0.0375637090773809,9.1e-17
13801.5747070312,2.48369404419914e-17,264590774.244514,39043869.3101737,303634643.554688,135255432.128906,365189666.748047,0.028402099609375,0.0375404575892857,9.1e-17
13816.8334960938,2.48354199984581e-17,264924623.612391,39045713.3016715,303970336.914062,135404968.261719,365593414.306641,0.0284224446614583,0.0375172061011905,9.1e-17
13832.0922851562,2.48339089230776e-17,265258484.229644,39047546.0437934,304306030.273438,135554504.394531,365997161.865234,0.0284427897135417,0.0374939546130952,9.1e-17
13847.3510742188,2.48324071581241e-17,265592356.028321,39049367.6044913,304641723.632812,135704040.527344,366400909.423828,0.028463134765625,0.037470703125,9.1e-17
13862.6098632812,2.48309146462271e-17,265926238.940873,39051178.0513149,304977416.992188,135853576.660156,366804656.982422,0.0284834798177083,0.0374474516369048,9.1e-17
13877.8686523438,2.482943133037e-17,266260132.900149,39052977.451414,305313110.351562,136003112.792969,367208404.541016,0.0285038248697917,0.0374242001488095,9.1e-17
13893.1274414062,2.48279571538876e-17,266594037.839397,39054765.8715405,305648803.710938,136152648.925781,367612152.099609,0.028524169921875,0.0374009486607143,9.1e-17
13908.3862304688,2.48264920604637e-17,266927953.692261,39056543.3780512,305984497.070312,136302185.058594,368015899.658203,0.0285445149739583,0.037377697172619,9.1e-17
13923.6450195312,2.48250359941293e-17,267261880.392778,39058310.0369093,306320190.429688,136451721.191406,368419647.216797,0.0285648600260417,0.0373544456845238,9.1e-17
13938.9038085938,2.48235888992604e-17,267595817.875375,39060065.9136875,306655883.789062,136601257.324219,368823394.775391,0.028585205078125,0.0373311941964286,9.1e-17
13954.1625976562,2.48221507205756e-17,267929766.074868,39061811.0735694,306991577.148438,136750793.457031,369227142.333984,0.0286055501302083,0.0373079427083333,9.1e-17
13969.4213867188,2.48207214031343e-17,268263724.92646,39063545.5813521,307327270.507812,136900329.589844,369630889.892578,0.0286258951822917,0.0372846912202381,9.1e-17
13984.6801757812,2.48193008923345e-17,268597694.365739,39065269.5014487,307662963.867188,137049865.722656,370034637.451172,0.028646240234375,0.0372614397321429,9.1e-17
13999.9389648438,2.48178891339108e-17,268931674.328673,39066982.8978897,307998657.226562,137199401.855469,370438385.009766,0.0286665852864583,0.0372381882440476,9.1e-17
14015.1977539062,2.4816486073932e-17,269265664.751611,39068685.8343261,308334350.585938,137348937.988281,370842132.568359,0.0286869303385417,0.0372149367559524,9.1e-17
14030.4565429688,2.48150916587994e-17,269599665.571282,39070378.3740308,308670043.945312,137498474.121094,371245880.126953,0.028707275390625,0.0371916852678571,9.1e-17
14045.7153320312,2.48137058352445e-17,269933676.724786,39072060.5799012,309005737.304688,137648010.253906,371649627.685547,0.0287276204427083,0.0371684337797619,9.1e-17
14060.9741210938,2.48123285503274e-17,270267698.149601,39073732.5144612,309341430.664062,137797546.386719,372053375.244141,0.0287479654947917,0.0371451822916667,9.1e-17
14076.2329101562,2.48109597514341e-17,270601729.783574,39075394.2398632,309677124.023438,137947082.519531,372457122.802734,0.028768310546875,0.0371219308035714,9.1e-17
14091.4916992188,2.48095993862749e-17,270935771.564922,39077045.8178905,310012817.382812,138096618.652344,372860870.361328,0.0287886555989583,0.0370986793154762,9.1e-17
14106.7504882812,2.48082474028826e-17,271269823.432228,39078687.3099593,310348510.742188,138246154.785156,373264617.919922,0.0288090006510417,0.0370754278273809,9.1e-17
14122.0092773438,2.48069037496099e-17,271603885.324442,39080318.7771206,310684204.101562,138395690.917969,373668365.478516,0.028829345703125,0.0370521763392857,9.1e-17
14137.2680664062,2.48055683751281e-17,271937957.180875,39081940.2800628,311019897.460938,138545227.050781,374072113.037109,0.0288496907552083,0.0370289248511905,9.1e-17
14152.5268554688,2.48042412284246e-17,272272038.941199,39083551.879113,311355590.820312,138694763.183594,374475860.595703,0.0288700358072917,0.0370056733630952,9.1e-17
14167.7856445312,2.48029222588013e-17,272606130.545448,39085153.6342398,311691284.179688,138844299.316406,374879608.154297,0.028890380859375,0.036982421875,9.1e-17
14183.0444335938,2.48016114158725e-17,272940231.934008,39086745.605055,312026977.539062,138993835.449219,375283355.712891,0.0289107259114583,0.0369591703869048,9.1e-17
14198.3032226562,2.4800308649563e-17,273274343.047622,39088327.8508156,312362670.898438,139143371.582031,375687103.271484,0.0289310709635417,0.0369359188988095,9.1e-17
14213.5620117188,2.47990139101061e-17,273608463.827386,39089900.430426,312698364.257812,139292907.714844,376090850.830078,0.028951416015625,0.0369126674107143,9.1e-17
14228.8208007812,2.47977271480422e-17,273942594.214747,39091463.40244,313034057.617188,139442443.847656,376494598.388672,0.0289717610677083,0.036889415922619,9.1e-17
14244.0795898438,2.47964483142159e-17,274276734.1515,39093016.8250628,313369750.976562,139591979.980469,376898345.947266,0.0289921061197917,0.0368661644345238,9.1e-17
14259.3383789062,2.47951773597751e-17,274610883.579785,39094560.7561527,313705444.335938,139741516.113281,377302093.505859,0.029012451171875,0.0368429129464286,9.1e-17
14274.5971679688,2.47939142361687e-17,274945042.442089,39096095.2532239,314041137.695312,139891052.246094,377705841.064453,0.0290327962239583,0.0368196614583333,9.1e-17
14289.8559570312,2.47926588951448e-17,275279210.68124,39097620.3734474,314376831.054688,140040588.378906,378109588.623047,0.0290531412760417,0.0367964099702381,9.1e-17
14305.1147460938,2.47914112887488e-17,275613388.240409,39099136.1736537,314712524.414062,140190124.511719,378513336.181641,0.029073486328125,0.0367731584821429,9.1e-17
14320.3735351562,2.47901713693217e-17,275947575.063103,39100642.7103348,315048217.773438,140339660.644531,378917083.740234,0.0290938313802083,0.0367499069940476,9.1e-17
14335.6323242188,2.4788939089498e-17,276281771.093167,39102140.0396456,315383911.132812,140489196.777344,379320831.298828,0.0291141764322917,0.0367266555059524,9.1e-17
14350.8911132812,2.47877144022045e-17,276615976.274781,39103628.2174063,315719604.492188,140638732.910156,379724578.857422,0.029134521484375,0.0367034040178571,9.1e-17
14366.1499023438,2.47864972606577e-17,276950190.552458,39105107.2991043,316055297.851562,140788269.042969,380128326.416016,0.0291548665364583,0.0366801525297619,9.1e-17
14381.4086914062,2.47852876183626e-17,277284413.871042,39106577.3398958,316390991.210938,140937805.175781,380532073.974609,0.0291752115885417,0.0366569010416667,9.1e-17
14396.6674804688,2.47840854291106e-17,277618646.175704,39108038.3946081,316726684.570312,141087341.308594,380935821.533203,0.029195556640625,0.0366336495535714,9.1e-17
14411.9262695312,2.47828906469781e-17,277952887.411946,39109490.5177411,317062377.929688,141236877.441406,381339569.091797,0.0292159016927083,0.0366103980654762,9.1e-17
14427.1850585938,2.47817032263241e-17,278287137.525593,39110933.7634697,317398071.289062,141386413.574219,381743316.650391,0.0292362467447917,0.0365871465773809,9.1e-17
14442.4438476562,2.47805231217893e-17,278621396.462792,39112368.1856451,317733764.648438,141535949.707031,382147064.208984,0.029256591796875,0.0365638950892857,9.1e-17
14457.7026367188,2.47793502882937e-17,278955664.170015,39113793.8377972,318069458.007812,141685485.839844,382550811.767578,0.0292769368489583,0.0365406436011905,9.1e-17
14472.9614257812,2.4778184681035e-17,279289940.594052,39115210.7731359,318405151.367188,141835021.972656,382954559.326172,0.0292972819010417,0.0365173921130952,9.1e-17
14488.2202148438,2.47770262554873e-17,279624225.682009,39116619.0445536,318740844.726562,141984558.105469,383358306.884766,0.029317626953125,0.036494140625,9.1e-17
14503.4790039062,2.47758749673989e-17,279958519.381311,39118018.7046264,319076538.085938,142134094.238281,383762054.443359,0.0293379720052083,0.0364708891369048,9.1e-17
14518.7377929688,2.47747307727906e-17,280292821.639696,39119409.8056165,319412231.445312,142283630.371094,384165802.001953,0.0293583170572917,0.0364476376488095,9.1e-17
14533.9965820312,2.47735936279547e-17,280627132.405214,39120792.3994735,319747924.804688,142433166.503906,384569549.560547,0.029378662109375,0.0364243861607143,9.1e-17
14549.2553710938,2.47724634894524e-17,280961451.626226,39122166.5378365,320083618.164062,142582702.636719,384973297.119141,0.0293990071614583,0.036401134672619,9.1e-17
14564.5141601562,2.47713403141129e-17,281295779.251402,39123532.2720359,320419311.523438,142732238.769531,385377044.677734,0.0294193522135417,0.0363778831845238,9.1e-17
14579.7729492188,2.47702240590312e-17,281630115.229717,39124889.6530951,320755004.882812,142881774.902344,385780792.236328,0.029439697265625,0.0363546316964286,9.1e-17
14595.0317382812,2.47691146815669e-17,281964459.510455,39126238.7317324,321090698.242188,143031311.035156,386184539.794922,0.0294600423177083,0.0363313802083333,9.1e-17
14610.2905273438,2.47680121393422e-17,282298812.0432,39127579.5583625,321426391.601562,143180847.167969,386588287.353516,0.0294803873697917,0.0363081287202381,9.1e-17
14625.5493164062,2.47669163902405e-17,282633172.777839,39128912.1830986,321762084.960938,143330383.300781,386992034.912109,0.029500732421875,0.0362848772321429,9.1e-17
14640.8081054688,2.47658273924048e-17,282967541.664559,39130236.6557539,322097778.320312,143479919.433594,387395782.470703,0.0295210774739583,0.0362616257440476,9.1e-17
14656.0668945312,2.4764745104236e-17,283301918.653844,39131553.0258434,322433471.679688,143629455.566406,387799530.029297,0.0295414225260417,0.0362383742559524,9.1e-17
14671.3256835938,2.47636694843914e-17,283636303.696477,39132861.342586,322769165.039062,143778991.699219,388203277.587891,0.029561767578125,0.0362151227678571,9.1e-17
14686.5844726562,2.47626004917829e-17,283970696.743532,39134161.6549054,323104858.398438,143928527.832031,388607025.146484,0.0295821126302083,0.0361918712797619,9.1e-17
14701.8432617188,2.47615380855757e-17,284305097.74638,39135454.0114326,323440551.757812,144078063.964844,389010772.705078,0.0296024576822917,0.0361686197916667,9.1e-17
14717.1020507812,2.47604822251868e-17,284639506.65668,39136738.4605072,323776245.117188,144227600.097656,389414520.263672,0.029622802734375,0.0361453683035714,9.1e-17
14732.3608398438,2.4759432870283e-17,284973923.426383,39138015.0501792,324111938.476562,144377136.230469,389818267.822266,0.0296431477864583,0.0361221168154762,9.1e-17
14747.6196289062,2.47583899807798e-17,285308348.007727,39139283.8282108,324447631.835938,144526672.363281,390222015.380859,0.0296634928385417,0.0360988653273809,9.1e-17
14762.8784179688,2.47573535168398e-17,285642780.353235,39140544.8420779,324783325.195312,144676208.496094,390625762.939453,0.029683837890625,0.0360756138392857,9.1e-17
14778.1372070312,2.47563234388708e-17,285977220.415716,39141798.1389716,325119018.554688,144825744.628906,391029510.498047,0.0297041829427083,0.0360523623511905,9.1e-17
14793.3959960938,2.47552997075249e-17,286311668.148262,39143043.7658004,325454711.914062,144975280.761719,391433258.056641,0.0297245279947917,0.0360291108630952,9.1e-17
14808.6547851562,2.47542822836966e-17,286646123.504246,39144281.7691913,325790405.273438,145124816.894531,391837005.615234,0.029744873046875,0.036005859375,9.1e-17
14823.9135742188,2.47532711285212e-17,286980586.437321,39145512.1954918,326126098.632812,145274353.027344,392240753.173828,0.0297652180989583,0.0359826078869048,9.1e-17
14839.1723632812,2.47522662033736e-17,287315056.901416,39146735.0907714,326461791.992188,145423889.160156,392644500.732422,0.0297855631510417,0.0359593563988095,9.1e-17
14854.4311523438,2.47512674698668e-17,287649534.850739,39147950.5008233,326797485.351562,145573425.292969,393048248.291016,0.029805908203125,0.0359361049107143,9.1e-17
14869.6899414062,2.47502748898502e-17,287984020.239772,39149158.4711656,327133178.710938,145722961.425781,393451995.849609,0.0298262532552083,0.035912853422619,9.1e-17
14884.9487304688,2.47492884254085e-17,288318513.023269,39150359.0470436,327468872.070312,145872497.558594,393855743.408203,0.0298465983072917,0.0358896019345238,9.1e-17
14900.2075195312,2.47483080388598e-17,288653013.156257,39151552.2734308,327804565.429688,146022033.691406,394259490.966797,0.029866943359375,0.0358663504464286,9.1e-17
14915.4663085938,2.47473336927546e-17,288987520.594032,39152738.1950309,328140258.789062,146171569.824219,394663238.525391,0.0298872884114583,0.0358430989583333,9.1e-17
14930.7250976562,2.4746365349874e-17,289322035.292158,39153916.8562791,328475952.148438,146321105.957031,395066986.083984,0.0299076334635417,0.0358198474702381,9.1e-17
14945.9838867188,2.47454029732287e-17,289656557.206469,39155088.3013437,328811645.507812,146470642.089844,395470733.642578,0.029927978515625,0.0357965959821429,9.1e-17
14961.2426757812,2.47444465260571e-17,289991086.29306,39156252.5741278,329147338.867188,146620178.222656,395874481.201172,0.0299483235677083,0.0357733444940476,9.1e-17
14976.5014648438,2.47434959718241e-17,290325622.508292,39157409.7182708,329483032.226562,146769714.355469,396278228.759766,0.0299686686197917,0.0357500930059524,9.1e-17
14991.7602539062,2.474255127422e-17,290660165.808788,39158559.77715,329818725.585938,146919250.488281,396681976.318359,0.029989013671875,0.0357268415178571,9.1e-17
15007.0190429688,2.47416123971587e-17,290994716.151431,39159702.7938817,330154418.945312,147068786.621094,397085723.876953,0.0300210571289063,0.0357152884347098,9.1e-17
15022.2778320312,2.47406793047764e-17,291329273.493364,39160838.8113235,330490112.304688,147218322.753906,397489471.435547,0.0300668334960938,0.0357174682617188,9.1e-17
15037.5366210938,2.47397519614304e-17,291663837.791987,39161967.8720752,330825805.664062,147367858.886719,397893218.994141,0.0301126098632813,0.0357196480887277,9.1e-17
15052.7954101562,2.47388303316976e-17,291998409.004957,39163090.0184804,331161499.023438,147517395.019531,398296966.552734,0.0301583862304688,0.0357218279157366,9.1e-17
15068.0541992188,2.47379143803731e-17,292332987.090184,39164205.2926283,331497192.382812,147666931.152344,398700714.111328,0.0302041625976563,0.0357240077427455,9.1e-17
15083.3129882812,2.47370040724692e-17,292667572.005832,39165313.7363551,331832885.742188,147816467.285156,399104461.669922,0.0302499389648438,0.0357261875697545,9.1e-17
15098.5717773438,2.47360993732135e-17,293002163.710318,39166415.3912449,332168579.101562,147966003.417969,399508209.228516,0.0302957153320313,0.0357283673967634,9.1e-17
15113.8305664062,2.4735200248048e-17,293336762.162305,39167510.2986321,332504272.460938,148115539.550781,399911956.787109,0.0303414916992188,0.0357305472237723,9.1e-17
15129.0893554688,2.47343066626277e-17,293671367.32071,39168598.4996024,332839965.820312,148265075.683594,400315704.345703,0.0303872680664063,0.0357327270507813,9.1e-17
15144.3481445312,2.47334185828192e-17,294005979.144693,39169680.034994,333175659.179688,148414611.816406,400719451.904297,0.0304330444335938,0.0357349068777902,9.1e-17
15159.6069335938,2.47325359746993e-17,294340597.593663,39170754.9453996,333511352.539062,148564147.949219,401123199.462891,0.0304788208007813,0.0357370867047991,9.1e-17
15174.8657226562,2.47316588045541e-17,294675222.62727,39171823.2711676,333847045.898438,148713684.082031,401526947.021484,0.0305245971679688,0.035739266531808,9.1e-17
15190.1245117188,2.47307870388772e-17,295009854.205409,39172885.0524033,334182739.257812,148863220.214844,401930694.580078,0.0305703735351563,0.035741446358817,9.1e-17
15205.3833007812,2.47299206443688e-17,295344492.288217,39173940.3289706,334518432.617188,149012756.347656,402334442.138672,0.0306161499023438,0.0357436261858259,9.1e-17
15220.6420898438,2.47290595879342e-17,295679136.836069,39174989.1404936,334854125.976562,149162292.480469,402738189.697266,0.0306619262695313,0.0357458060128348,9.1e-17
15235.9008789062,2.47282038366829e-17,296013787.80958,39176031.5263574,335189819.335938,149311828.613281,403141937.255859,0.0307077026367188,0.0357479858398438,9.1e-17
15251.1596679688,2.47273533579268e-17,296348445.169602,39177067.5257102,335525512.695312,149461364.746094,403545684.814453,0.0307534790039063,0.0357501656668527,9.1e-17
15266.4184570312,2.47265081191792e-17,296683108.877223,39178097.1774641,335861206.054688,149610900.878906,403949432.373047,0.0307992553710938,0.0357523454938616,9.1e-17
15281.6772460938,2.47256680881538e-17,297017778.893765,39179120.5202971,336196899.414062,149760437.011719,404353179.931641,0.0308450317382813,0.0357545253208705,9.1e-17
15296.9360351562,2.47248332327631e-17,297352455.180784,39180137.5926538,336532592.773438,149909973.144531,404756927.490234,0.0308908081054688,0.0357567051478795,9.1e-17
15312.1948242188,2.47240035211174e-17,297687137.700065,39181148.4327472,336868286.132812,150059509.277344,405160675.048828,0.0309365844726563,0.0357588849748884,9.1e-17
15327.4536132812,2.47231789215234e-17,298021826.413627,39182153.0785602,337203979.492188,150209045.410156,405564422.607422,0.0309823608398438,0.0357610648018973,9.1e-17
15342.7124023438,2.47223594024833e-17,298356521.283716,39183151.5678465,337539672.851562,150358581.542969,405968170.166016,0.0310281372070313,0.0357632446289063,9.1e-17
15357.9711914062,2.47215449326931e-17,298691222.272805,39184143.9381323,337875366.210938,150508117.675781,406371917.724609,0.0310739135742188,0.0357654244559152,9.1e-17
15373.2299804688,2.47207354810419e-17,299025929.343595,39185130.2267174,338211059.570312,150657653.808594,406775665.283203,0.0311196899414063,0.0357676042829241,9.1e-17
15388.4887695312,2.47199310166105e-17,299360642.459011,39186110.4706767,338546752.929688,150807189.941406,407179412.841797,0.0311654663085938,0.035769784109933,9.1e-17
15403.7475585938,2.47191315086701e-17,299695361.582201,39187084.7068617,338882446.289062,150956726.074219,407583160.400391,0.0312112426757813,0.035771963936942,9.1e-17
15419.0063476562,2.47183369266815e-17,300030086.676536,39188052.9719012,339218139.648438,151106262.207031,407986907.958984,0.0312570190429688,0.0357741437639509,9.1e-17
15434.2651367188,2.47175472402933e-17,300364817.705609,39189015.3022035,339553833.007812,151255798.339844,408390655.517578,0.0313027954101563,0.0357763235909598,9.1e-17
15449.5239257812,2.47167624193415e-17,300699554.633231,39189971.7339568,339889526.367188,151405334.472656,408794403.076172,0.0313485717773438,0.0357785034179688,9.1e-17
15464.7827148438,2.47159824338478e-17,301034297.423431,39190922.3031312,340225219.726562,151554870.605469,409198150.634766,0.0313943481445313,0.0357806832449777,9.1e-17
15480.0415039062,2.47152072540186e-17,301369046.040458,39191867.0454795,340560913.085938,151704406.738281,409601898.193359,0.0314401245117188,0.0357828630719866,9.1e-17
15495.3002929688,2.47144368502439e-17,301703800.448774,39192805.9965389,340896606.445312,151853942.871094,410005645.751953,0.0314859008789063,0.0357850428989955,9.1e-17
15510.5590820312,2.47136711930962e-17,302038560.613056,39193739.1916319,341232299.804688,152003479.003906,410409393.310547,0.0315316772460938,0.0357872227260045,9.1e-17
15525.8178710938,2.47129102533294e-17,302373326.498195,39194666.6658679,341567993.164062,152153015.136719,410813140.869141,0.0315774536132813,0.0357894025530134,9.1e-17
15541.0766601562,2.47121540018773e-17,302708098.069293,39195588.4541441,341903686.523438,152302551.269531,411216888.427734,0.0316232299804688,0.0357915823800223,9.1e-17
15556.3354492188,2.47114024098533e-17,303042875.291665,39196504.591147,342239379.882812,152452087.402344,411620635.986328,0.0316690063476563,0.0357937622070313,9.1e-17
15571.5942382812,2.47106554485484e-17,303377658.130834,39197415.1113538,342575073.242188,152601623.535156,412024383.544922,0.0317147827148438,0.0357959420340402,9.1e-17
15586.8530273438,2.47099130894306e-17,303712446.552529,39198320.0490331,342910766.601562,152751159.667969,412428131.103516,0.0317605590820313,0.0357981218610491,9.1e-17
15602.1118164062,2.47091753041438e-17,304047240.522691,39199219.4382468,343246459.960938,152900695.800781,412831878.662109,0.0318063354492188,0.035800301688058,9.1e-17
15617.3706054688,2.47084420645066e-17,304382040.007462,39200113.3128509,343582153.320312,153050231.933594,413235626.220703,0.0318521118164063,0.035802481515067,9.1e-17
15632.6293945312,2.47077133425111e-17,304716844.973191,39201001.7064967,343917846.679688,153199768.066406,413639373.779297,0.0318978881835938,0.0358046613420759,9.1e-17
15647.8881835938,2.47069891103222e-17,305051655.38643,39201884.6526321,344253540.039062,153349304.199219,414043121.337891,0.0319436645507813,0.0358068411690848,9.1e-17
15663.1469726562,2.47062693402763e-17,305386471.213935,39202762.184503,344589233.398438,153498840.332031,414446868.896484,0.0319894409179688,0.0358090209960938,9.1e-17
15678.4057617188,2.470555400488e-17,305721292.422658,39203634.3351542,344924926.757812,153648376.464844,414850616.455078,0.0320352172851563,0.0358112008231027,9.1e-17
15693.6645507812,2.47048430768095e-17,306056118.979757,39204501.137431,345260620.117188,153797912.597656,415254364.013672,0.0320809936523438,0.0358133806501116,9.1e-17
15708.9233398438,2.47041365289096e-17,306390950.852583,39205362.6239796,345596313.476562,153947448.730469,415658111.572266,0.0321267700195313,0.0358155604771205,9.1e-17
15724.1821289062,2.47034343341919e-17,306725788.008688,39206218.8272492,345932006.835938,154096984.863281,416061859.130859,0.0321725463867188,0.0358177403041295,9.1e-17
15739.4409179688,2.47027364658348e-17,307060630.41582,39207069.7794926,346267700.195312,154246520.996094,416465606.689453,0.0322183227539063,0.0358199201311384,9.1e-17
15754.6997070312,2.47020428971816e-17,307395478.04192,39207915.5127675,346603393.554688,154396057.128906,416869354.248047,0.0322640991210938,0.0358220999581473,9.1e-17
15769.9584960938,2.47013536017402e-17,307730330.855125,39208756.0589377,346939086.914062,154545593.261719,417273101.806641,0.0323098754882813,0.0358242797851563,9.1e-17
15785.2172851562,2.47006685531813e-17,308065188.823763,39209591.4496744,347274780.273438,154695129.394531,417676849.365234,0.0323556518554688,0.0358264596121652,9.1e-17
15800.4760742188,2.46999877253384e-17,308400051.916356,39210421.7164568,347610473.632812,154844665.527344,418080596.923828,0.0324014282226563,0.0358286394391741,9.1e-17
15815.7348632812,2.46993110922056e-17,308734920.101614,39211246.8905739,347946166.992188,154994201.660156,418484344.482422,0.0324472045898438,0.035830819266183,9.1e-17
15830.9936523438,2.46986386279379e-17,309069793.348437,39212067.0031253,348281860.351562,155143737.792969,418888092.041016,0.0324929809570313,0.035832999093192,9.1e-17
15846.2524414062,2.4697970306849e-17,309404671.625915,39212882.0850223,348617553.710938,155293273.925781,419291839.599609,0.0325387573242188,0.0358351789202009,9.1e-17
15861.5112304688,2.46973061034111e-17,309739554.903323,39213692.1669891,348953247.070312,155442810.058594,419695587.158203,0.0325845336914063,0.0358373587472098,9.1e-17
15876.7700195312,2.46966459922538e-17,310074443.150123,39214497.279564,349288940.429688,155592346.191406,420099334.716797,0.0326303100585938,0.0358395385742188,9.1e-17
15892.0288085938,2.46959899481629e-17,310409336.335962,39215297.4531003,349624633.789062,155741882.324219,420503082.275391,0.0326760864257813,0.0358417184012277,9.1e-17
15907.2875976562,2.46953379460796e-17,310744234.43067,39216092.7177674,349960327.148438,155891418.457031,420906829.833984,0.0327218627929688,0.0358438982282366,9.1e-17
15922.5463867188,2.46946899610994e-17,311079137.40426,39216883.1035522,350296020.507812,156040954.589844,421310577.392578,0.0327676391601563,0.0358460780552455,9.1e-17
15937.8051757812,2.46940459684715e-17,311414045.226928,39217668.6402599,350631713.867188,156190490.722656,421714324.951172,0.0328134155273438,0.0358482578822545,9.1e-17
15953.0639648438,2.46934059435973e-17,311748957.869047,39218449.3575152,350967407.226562,156340026.855469,422118072.509766,0.0328591918945313,0.0358504377092634,9.1e-17
15968.3227539062,2.46927698620301e-17,312083875.301174,39219225.2847632,351303100.585938,156489562.988281,422521820.068359,0.0329049682617188,0.0358526175362723,9.1e-17
15983.5815429688,2.46921376994736e-17,312418797.494042,39219996.4512709,351638793.945312,156639099.121094,422925567.626953,0.0329507446289063,0.0358547973632813,9.1e-17
15998.8403320312,2.46915094317813e-17,312753724.41856,39220762.8861276,351974487.304688,156788635.253906,423329315.185547,0.0329965209960938,0.0358569771902902,9.1e-17
16014.0991210938,2.46908850349554e-17,313088656.045816,39221524.6182466,352310180.664062,156938171.386719,423733062.744141,0.0330422973632813,0.0358591570172991,9.1e-17
16029.3579101562,2.46902644851461e-17,313423592.347072,39222281.6763659,352645874.023438,157087707.519531,424136810.302734,0.0330880737304688,0.035861336844308,9.1e-17
16044.6166992188,2.46896477586504e-17,313758533.293763,39223034.0890493,352981567.382812,157237243.652344,424540557.861328,0.0331338500976563,0.035863516671317,9.1e-17
16059.8754882812,2.46890348319116e-17,314093478.8575,39223781.8846874,353317260.742188,157386779.785156,424944305.419922,0.0331796264648438,0.0358656964983259,9.1e-17
16075.1342773438,2.46884256815179e-17,314428429.010064,39224525.0914989,353652954.101562,157536315.917969,425348052.978516,0.0332254028320313,0.0358678763253348,9.1e-17
16090.3930664062,2.46878202842019e-17,314763383.723406,39225263.7375311,353988647.460938,157685852.050781,425751800.537109,0.0332711791992188,0.0358700561523438,9.1e-17
16105.6518554688,2.46872186168395e-17,315098342.969651,39225997.8506616,354324340.820312,157835388.183594,426155548.095703,0.0333169555664063,0.0358722359793527,9.1e-17
16120.9106445312,2.4686620656449e-17,315433306.721089,39226727.4585986,354660034.179688,157984924.316406,426559295.654297,0.0333627319335938,0.0358744158063616,9.1e-17
16136.1694335938,2.46860263801906e-17,315768274.95018,39227452.5888826,354995727.539062,158134460.449219,426963043.212891,0.0334085083007813,0.0358765956333705,9.1e-17
16151.4282226562,2.46854357653649e-17,316103247.629551,39228173.2688867,355331420.898438,158283996.582031,427366790.771484,0.0334542846679688,0.0358787754603795,9.1e-17
16166.6870117188,2.46848487894126e-17,316438224.731994,39228889.5258182,355667114.257812,158433532.714844,427770538.330078,0.0335000610351563,0.0358809552873884,9.1e-17
16181.9458007812,2.46842654299134e-17,316773206.230468,39229601.3867194,356002807.617188,158583068.847656,428174285.888672,0.0335458374023438,0.0358831351143973,9.1e-17
16197.2045898438,2.46836856645849e-17,317108192.098094,39230308.8784683,356338500.976562,158732604.980469,428578033.447266,0.0335916137695313,0.0358853149414063,9.1e-17
16212.4633789062,2.46831094712822e-17,317443182.308157,39231012.0277801,356674194.335938,158882141.113281,428981781.005859,0.0336373901367188,0.0358874947684152,9.1e-17
16227.7221679688,2.46825368279969e-17,317778176.834105,39231710.8612077,357009887.695312,159031677.246094,429385528.564453,0.0336831665039063,0.0358896745954241,9.1e-17
16242.9809570312,2.4681967712856e-17,318113175.649545,39232405.4051428,357345581.054688,159181213.378906,429789276.123047,0.0337289428710938,0.035891854422433,9.1e-17
16258.2397460938,2.46814021041215e-17,318448178.728245,39233095.6858171,357681274.414062,159330749.511719,430193023.681641,0.0337747192382813,0.035894034249442,9.1e-17
16273.4985351562,2.46808399801893e-17,318783186.044134,39233781.7293031,358016967.773438,159480285.644531,430596771.240234,0.0338204956054688,0.0358962140764509,9.1e-17
16288.7573242188,2.46802813195882e-17,319118197.571298,39234463.5615148,358352661.132812,159629821.777344,431000518.798828,0.0338662719726563,0.0358983939034598,9.1e-17
16304.0161132812,2.46797261009796e-17,319453213.283978,39235141.2082091,358688354.492188,159779357.910156,431404266.357422,0.0339120483398438,0.0359005737304688,9.1e-17
16319.2749023438,2.46791743031561e-17,319788233.156576,39235814.6949864,359024047.851562,159928894.042969,431808013.916016,0.0339578247070313,0.0359027535574777,9.1e-17
16334.5336914062,2.46786259050412e-17,320123257.163646,39236484.0472917,359359741.210938,160078430.175781,432211761.474609,0.0340036010742188,0.0359049333844866,9.1e-17
16349.7924804688,2.46780808856883e-17,320458285.279897,39237149.2904155,359695434.570312,160227966.308594,432615509.033203,0.0340493774414063,0.0359071132114955,9.1e-17
16365.0512695312,2.46775392242795e-17,320793317.480193,39237810.4494946,360031127.929688,160377502.441406,433019256.591797,0.0340951538085938,0.0359092930385045,9.1e-17
16380.3100585938,2.46770009001257e-17,321128353.739549,39238467.5495133,360366821.289062,160527038.574219,433423004.150391,0.0341409301757813,0.0359114728655134,9.1e-17
16395.5688476562,2.46764658926647e-17,321463394.033134,39239120.615304,360702514.648438,160676574.707031,433826751.708984,0.0341867065429688,0.0359136526925223,9.1e-17
16410.8276367188,2.46759341814616e-17,321798438.336264,39239769.6715483,361038208.007812,160826110.839844,434230499.267578,0.0342324829101563,0.0359158325195313,9.1e-17
16426.0864257812,2.46754057462069e-17,322133486.62441,39240414.7427779,361373901.367188,160975646.972656,434634246.826172,0.0342782592773438,0.0359180123465402,9.1e-17
16441.3452148438,2.46748805667165e-17,322468538.873187,39241055.8533753,361709594.726562,161125183.105469,435037994.384766,0.0343240356445313,0.0359201921735491,9.1e-17
16456.6040039062,2.46743586229307e-17,322803595.058362,39241693.0275751,362045288.085938,161274719.238281,435441741.943359,0.0343698120117188,0.035922372000558,9.1e-17
16471.8627929688,2.46738398949133e-17,323138655.155848,39242326.2894644,362380981.445312,161424255.371094,435845489.501953,0.0344155883789063,0.035924551827567,9.1e-17
16487.1215820312,2.46733243628508e-17,323473719.141704,39242955.662984,362716674.804688,161573791.503906,436249237.060547,0.0344613647460938,0.0359267316545759,9.1e-17
16502.3803710938,2.46728120070522e-17,323808786.992133,39243581.1719291,363052368.164062,161723327.636719,436652984.619141,0.0345071411132813,0.0359289114815848,9.1e-17
16517.6391601562,2.46723028079474e-17,324143858.683487,39244202.8399506,363388061.523438,161872863.769531,437056732.177734,0.0345529174804688,0.0359310913085938,9.1e-17
16532.8979492188,2.46717967460871e-17,324478934.192257,39244820.6905551,363723754.882812,162022399.902344,437460479.736328,0.0345986938476563,0.0359332711356027,9.1e-17
16548.1567382812,2.46712938021418e-17,324814013.495081,39245434.7471067,364059448.242188,162171936.035156,437864227.294922,0.0346444702148438,0.0359354509626116,9.1e-17
16563.4155273438,2.46707939569011e-17,325149096.568735,39246045.0328274,364395141.601562,162321472.167969,438267974.853516,0.0346902465820313,0.0359376307896205,9.1e-17
16578.6743164062,2.46702971912729e-17,325484183.39014,39246651.5707978,364730834.960938,162471008.300781,438671722.412109,0.0347360229492188,0.0359398106166295,9.1e-17
16593.9331054688,2.4669803486283e-17,325819273.936354,39247254.3839583,365066528.320312,162620544.433594,439075469.970703,0.0347817993164063,0.0359419904436384,9.1e-17
16609.1918945312,2.46693128230737e-17,326154368.184578,39247853.4951099,365402221.679688,162770080.566406,439479217.529297,0.0348275756835938,0.0359441702706473,9.1e-17
16624.4506835938,2.46688251829038e-17,326489466.112148,39248448.9269147,365737915.039062,162919616.699219,439882965.087891,0.0348733520507813,0.0359463500976563,9.1e-17
16639.7094726562,2.46683405471474e-17,326824567.69654,39249040.701897,366073608.398438,163069152.832031,440286712.646484,0.0349191284179688,0.0359485299246652,9.1e-17
16654.9682617188,2.46678588972936e-17,327159672.915368,39249628.8424442,366409301.757812,163218688.964844,440690460.205078,0.0349649047851563,0.0359507097516741,9.1e-17
16670.2270507812,2.46673802149453e-17,327494781.74638,39250213.3708075,366744995.117188,163368225.097656,441094207.763672,0.0350106811523438,0.035952889578683,9.1e-17
16685.4858398438,2.46669044818189e-17,327829894.16746,39250794.3091027,367080688.476562,163517761.230469,441497955.322266,0.0350564575195313,0.035955069405692,9.1e-17
16700.7446289062,2.46664316797435e-17,328165010.156627,39251371.6793109,367416381.835938,163667297.363281,441901702.880859,0.0351022338867188,0.0359572492327009,9.1e-17
16716.0034179688,2.46659617906599e-17,328500129.692033,39251945.5032796,367752075.195312,163816833.496094,442305450.439453,0.0351480102539063,0.0359594290597098,9.1e-17
16731.2622070312,2.46654947966204e-17,328835252.751964,39252515.8027235,368087768.554688,163966369.628906,442709197.998047,0.0351937866210938,0.0359616088867188,9.1e-17
16746.5209960938,2.4665030679788e-17,329170379.314838,39253082.5992248,368423461.914062,164115905.761719,443112945.556641,0.0352395629882813,0.0359637887137277,9.1e-17
16761.7797851562,2.46645694224352e-17,329505509.359203,39253645.9142346,368759155.273438,164265441.894531,443516693.115234,0.0352853393554688,0.0359659685407366,9.1e-17
16777.0385742188,2.46641110069442e-17,329840642.863739,39254205.7690734,369094848.632812,164414978.027344,443920440.673828,0.0353311157226563,0.0359681483677455,9.1e-17
16792.2973632812,2.46636554158054e-17,330175779.807256,39254762.1849319,369430541.992188,164564514.160156,444324188.232422,0.0353768920898438,0.0359703281947545,9.1e-17
16807.5561523438,2.46632026316172e-17,330510920.168691,39255315.1828718,369766235.351562,164714050.292969,444727935.791016,0.0354226684570313,0.0359725080217634,9.1e-17
16822.8149414062,2.46627526370853e-17,330846063.927111,39255864.7838264,370101928.710938,164863586.425781,445131683.349609,0.0354684448242188,0.0359746878487723,9.1e-17
16838.0737304688,2.46623054150219e-17,331181211.061711,39256411.0086019,370437622.070312,165013122.558594,445535430.908203,0.0355142211914063,0.0359768676757813,9.1e-17
16853.3325195312,2.46618609483451e-17,331516361.55181,39256953.8778776,370773315.429688,165162658.691406,445939178.466797,0.0355599975585938,0.0359790475027902,9.1e-17
16868.5913085938,2.46614192200781e-17,331851515.376856,39257493.4122069,371109008.789062,165312194.824219,446342926.025391,0.0356057739257813,0.0359812273297991,9.1e-17
16883.8500976562,2.4660980213349e-17,332186672.516419,39258029.632018,371444702.148438,165461730.957031,446746673.583984,0.0356515502929688,0.035983407156808,9.1e-17
16899.1088867188,2.46605439113897e-17,332521832.950198,39258562.5576149,371780395.507812,165611267.089844,447150421.142578,0.0356973266601563,0.035985586983817,9.1e-17
16914.3676757812,2.46601102975353e-17,332856996.65801,39259092.2091776,372116088.867188,165760803.222656,447554168.701172,0.0357431030273438,0.0359877668108259,9.1e-17
16929.6264648438,2.46596793552238e-17,333192163.619799,39259618.6067634,372451782.226562,165910339.355469,447957916.259766,0.0357888793945313,0.0359899466378348,9.1e-17
16944.8852539062,2.46592510679953e-17,333527333.81563,39260141.7703073,372787475.585938,166059875.488281,448361663.818359,0.0358346557617188,0.0359921264648438,9.1e-17
16960.1440429688,2.46588254194909e-17,333862507.225689,39260661.7196231,373123168.945312,166209411.621094,448765411.376953,0.0358804321289063,0.0359943062918527,9.1e-17
16975.4028320312,2.46584023934529e-17,334197683.830284,39261178.4744036,373458862.304688,166358947.753906,449169158.935547,0.0359262084960938,0.0359964861188616,9.1e-17
16990.6616210938,2.46579819737237e-17,334532863.609841,39261692.0542218,373794555.664062,166508483.886719,449572906.494141,0.0359719848632813,0.0359986659458705,9.1e-17
17005.9204101562,2.46575641442451e-17,334868046.544906,39262202.4785314,374130249.023438,166658020.019531,449976654.052734,0.0360177612304688,0.0360008457728795,9.1e-17
17021.1791992188,2.4657148889058e-17,335203232.616145,39262709.7666675,374465942.382812,166807556.152344,450380401.611328,0.0360635375976563,0.0360030255998884,9.1e-17
17036.4379882812,2.46567361923015e-17,335538421.80434,39263213.9378474,374801635.742188,166957092.285156,450784149.169922,0.0361093139648438,0.0360052054268973,9.1e-17
17051.6967773438,2.46563260382125e-17,335873614.090391,39263715.0111713,375137329.101562,167106628.417969,451187896.728516,0.0361550903320313,0.0360073852539063,9.1e-17
17066.9555664062,2.46559184111251e-17,336208809.455315,39264213.0056229,375473022.460938,167256164.550781,451591644.287109,0.0362008666992188,0.0360095650809152,9.1e-17
17082.2143554688,2.46555132954698e-17,336544007.880242,39264707.9400705,375808715.820312,167405700.683594,451995391.845703,0.0362466430664063,0.0360117449079241,9.1e-17
17097.4731445312,2.46551106757731e-17,336879209.346421,39265199.8332669,376144409.179688,167555236.816406,452399139.404297,0.0362924194335938,0.036013924734933,9.1e-17
17112.7319335938,2.46547105366568e-17,337214413.835212,39265688.7038509,376480102.539062,167704772.949219,452802886.962891,0.0363381958007813,0.036016104561942,9.1e-17
17127.9907226562,2.46543128628374e-17,337549621.32809,39266174.5703477,376815795.898438,167854309.082031,453206634.521484,0.0363839721679688,0.0360182843889509,9.1e-17
17143.2495117188,2.46539176391258e-17,337884831.806643,39266657.4511694,377151489.257812,168003845.214844,453610382.080078,0.0364297485351563,0.0360204642159598,9.1e-17
17158.5083007812,2.46535248504263e-17,338220045.252572,39267137.3646159,377487182.617188,168153381.347656,454014129.638672,0.0364755249023438,0.0360226440429688,9.1e-17
17173.7670898438,2.46531344817361e-17,338555261.647687,39267614.3288755,377822875.976562,168302917.480469,454417877.197266,0.0365213012695313,0.0360248238699777,9.1e-17
17189.0258789062,2.46527465181451e-17,338890480.973912,39268088.3620257,378158569.335938,168452453.613281,454821624.755859,0.0365670776367188,0.0360270036969866,9.1e-17
17204.2846679688,2.46523609448349e-17,339225703.213279,39268559.4820335,378494262.695312,168601989.746094,455225372.314453,0.0366128540039063,0.0360291835239955,9.1e-17
17219.5434570312,2.46519777470785e-17,339560928.347931,39269027.7067566,378829956.054688,168751525.878906,455629119.873047,0.0366586303710938,0.0360313633510045,9.1e-17
17234.8022460938,2.46515969102395e-17,339896156.360119,39269493.0539436,379165649.414062,168901062.011719,456032867.431641,0.0367044067382813,0.0360335431780134,9.1e-17
17250.0610351562,2.46512184197718e-17,340231387.232203,39269955.541235,379501342.773438,169050598.144531,456436614.990234,0.0367501831054688,0.0360357230050223,9.1e-17
17265.3198242188,2.4650842261219e-17,340566620.946649,39270415.1861635,379837036.132812,169200134.277344,456840362.548828,0.0367959594726563,0.0360379028320313,9.1e-17
17280.5786132812,2.46504684202135e-17,340901857.486033,39270872.006155,380172729.492188,169349670.410156,457244110.107422,0.0368417358398438,0.0360400826590402,9.1e-17
17295.8374023438,2.46500968824766e-17,341237096.833034,39271326.0185289,380508422.851562,169499206.542969,457647857.666016,0.0368875122070313,0.0360422624860491,9.1e-17
17311.0961914062,2.46497276338172e-17,341572338.970438,39271777.2404993,380844116.210938,169648742.675781,458051605.224609,0.0369332885742188,0.036044442313058,9.1e-17
17326.3549804688,2.46493606601319e-17,341907583.881138,39272225.689175,381179809.570312,169798278.808594,458455352.783203,0.0369790649414063,0.036046622140067,9.1e-17
17341.6137695312,2.46489959474041e-17,342242831.548127,39272671.3815602,381515502.929688,169947814.941406,458859100.341797,0.0370248413085938,0.0360488019670759,9.1e-17
17356.8725585938,2.46486334817035e-17,342578081.954507,39273114.3345559,381851196.289062,170097351.074219,459262847.900391,0.0370706176757813,0.0360509817940848,9.1e-17
17372.1313476562,2.46482732491858e-17,342913335.083478,39273554.5649594,382186889.648438,170246887.207031,459666595.458984,0.0371163940429688,0.0360531616210938,9.1e-17
17387.3901367188,2.46479152360918e-17,343248590.918347,39273992.0894659,382522583.007812,170396423.339844,460070343.017578,0.0371621704101563,0.0360553414481027,9.1e-17
17402.6489257812,2.46475594287473e-17,343583849.442519,39274426.9246685,382858276.367188,170545959.472656,460474090.576172,0.0372079467773438,0.0360575212751116,9.1e-17
17417.9077148438,2.46472058135622e-17,343919110.639503,39274859.087059,383193969.726562,170695495.605469,460877838.134766,0.0372537231445313,0.0360597011021205,9.1e-17
17433.1665039062,2.46468543770301e-17,344254374.492909,39275288.5930287,383529663.085938,170845031.738281,461281585.693359,0.0372994995117188,0.0360618809291295,9.1e-17
17448.4252929688,2.46465051057279e-17,344589640.986444,39275715.4588686,383865356.445312,170994567.871094,461685333.251953,0.0373452758789063,0.0360640607561384,9.1e-17
17463.6840820312,2.46461579863152e-17,344924910.103917,39276139.7007706,384201049.804688,171144104.003906,462089080.810547,0.0373910522460938,0.0360662405831473,9.1e-17
17478.9428710938,2.46458130055338e-17,345260181.829235,39276561.3348273,384536743.164062,171293640.136719,462492828.369141,0.0374368286132813,0.0360684204101563,9.1e-17
17494.2016601562,2.46454701502072e-17,345595456.146404,39276980.3770334,384872436.523438,171443176.269531,462896575.927734,0.0374826049804688,0.0360706002371652,9.1e-17
17509.4604492188,2.46451294072401e-17,345930733.039527,39277396.8432859,385208129.882812,171592712.402344,463300323.486328,0.0375283813476563,0.0360727800641741,9.1e-17
17524.7192382812,2.46447907636178e-17,346266012.492803,39277810.7493845,385543823.242188,171742248.535156,463704071.044922,0.0375741577148438,0.036074959891183,9.1e-17
17539.9780273438,2.46444542064057e-17,346601294.49053,39278222.1110328,385879516.601562,171891784.667969,464107818.603516,0.0376199340820313,0.036077139718192,9.1e-17
17555.2368164062,2.46441197227492e-17,346936579.017099,39278630.9438381,386215209.960938,172041320.800781,464511566.162109,0.0376657104492188,0.0360793195452009,9.1e-17
17570.4956054688,2.46437872998728e-17,347271866.057,39279037.2633127,386550903.320312,172190856.933594,464915313.720703,0.0377114868164063,0.0360814993722098,9.1e-17
17585.7543945312,2.46434569250794e-17,347607155.594814,39279441.084874,386886596.679688,172340393.066406,465319061.279297,0.0377572631835938,0.0360836791992188,9.1e-17
17601.0131835938,2.46431285857505e-17,347942447.615217,39279842.4238452,387222290.039062,172489929.199219,465722808.837891,0.0378030395507813,0.0360858590262277,9.1e-17
17616.2719726562,2.46428022693454e-17,348277742.102981,39280241.2954561,387557983.398438,172639465.332031,466126556.396484,0.0378488159179688,0.0360880388532366,9.1e-17
17631.5307617188,2.46424779634002e-17,348613039.042969,39280637.7148433,387893676.757812,172789001.464844,466530303.955078,0.0378945922851563,0.0360902186802455,9.1e-17
17646.7895507812,2.46421556555283e-17,348948338.420137,39281031.6970509,388229370.117188,172938537.597656,466934051.513672,0.0379403686523438,0.0360923985072545,9.1e-17
17662.0483398438,2.46418353334191e-17,349283640.219531,39281423.2570314,388565063.476562,173088073.730469,467337799.072266,0.0379861450195313,0.0360945783342634,9.1e-17
17677.3071289062,2.4641516984838e-17,349618944.426292,39281812.4096455,388900756.835938,173237609.863281,467741546.630859,0.0380319213867188,0.0360967581612723,9.1e-17
17692.5659179688,2.46412005976258e-17,349954251.025649,39282199.1696634,389236450.195312,173387145.996094,468145294.189453,0.0380776977539063,0.0360989379882813,9.1e-17
17707.8247070312,2.46408861596981e-17,350289560.002922,39282583.5517651,389572143.554688,173536682.128906,468549041.748047,0.0381234741210938,0.0361011178152902,9.1e-17
17723.0834960938,2.4640573659045e-17,350624871.343522,39282965.5705408,389907836.914062,173686218.261719,468952789.306641,0.0381692504882813,0.0361032976422991,9.1e-17
17738.3422851562,2.46402630837306e-17,350960185.032946,39283345.2404914,390243530.273438,173835754.394531,469356536.865234,0.0382150268554688,0.036105477469308,9.1e-17
17753.6010742188,2.46399544218927e-17,351295501.056783,39283722.5760294,390579223.632812,173985290.527344,469760284.423828,0.0382608032226563,0.036107657296317,9.1e-17
17768.8598632812,2.46396476617419e-17,351630819.400708,39284097.5914791,390914916.992188,174134826.660156,470164031.982422,0.0383065795898438,0.0361098371233259,9.1e-17
17784.1186523438,2.46393427915616e-17,351966140.050485,39284470.3010774,391250610.351562,174284362.792969,470567779.541016,0.0383523559570313,0.0361120169503348,9.1e-17
17799.3774414062,2.46390397997074e-17,352301462.991963,39284840.7189741,391586303.710938,174433898.925781,470971527.099609,0.0383981323242188,0.0361141967773438,9.1e-17
17814.6362304688,2.46387386746067e-17,352636788.21108,39285208.8592324,391921997.070312,174583435.058594,471375274.658203,0.0384439086914063,0.0361163766043527,9.1e-17
17829.8950195312,2.46384394047579e-17,352972115.693858,39285574.7358298,392257690.429688,174732971.191406,471779022.216797,0.0384896850585938,0.0361185564313616,9.1e-17
17845.1538085938,2.46381419787307e-17,353307445.426404,39285938.3626581,392593383.789062,174882507.324219,472182769.775391,0.0385354614257813,0.0361207362583705,9.1e-17
17860.4125976562,2.4637846385165e-17,353642777.394913,39286299.7535243,392929077.148438,175032043.457031,472586517.333984,0.0385812377929688,0.0361229160853795,9.1e-17
17875.6713867188,2.46375526127706e-17,353978111.585661,39286658.922151,393264770.507812,175181579.589844,472990264.892578,0.0386270141601563,0.0361250959123884,9.1e-17
17890.9301757812,2.4637260650327e-17,354313447.985011,39287015.882177,393600463.867188,175331115.722656,473394012.451172,0.0386727905273438,0.0361272757393973,9.1e-17
17906.1889648438,2.46369704866828e-17,354648786.579405,39287370.6471575,393936157.226562,175480651.855469,473797760.009766,0.0387185668945313,0.0361294555664063,9.1e-17
17921.4477539062,2.46366821107553e-17,354984127.355373,39287723.230565,394271850.585938,175630187.988281,474201507.568359,0.0387643432617188,0.0361316353934152,9.1e-17
17936.7065429688,2.46363955115301e-17,355319470.299523,39288073.6457894,394607543.945312,175779724.121094,474605255.126953,0.0388101196289063,0.0361338152204241,9.1e-17
17951.9653320312,2.46361106780608e-17,355654815.398548,39288421.906139,394943237.304688,175929260.253906,475009002.685547,0.0388558959960938,0.036135995047433,9.1e-17
17967.2241210938,2.46358275994681e-17,355990162.639222,39288768.0248406,395278930.664062,176078796.386719,475412750.244141,0.0389016723632813,0.036138174874442,9.1e-17
17982.4829101562,2.46355462649401e-17,356325512.008397,39289112.01504,395614624.023438,176228332.519531,475816497.802734,0.0389474487304688,0.0361403547014509,9.1e-17
17997.7416992188,2.46352666637311e-17,356660863.49301,39289453.8898029,395950317.382812,176377868.652344,476220245.361328,0.0389932250976563,0.0361425345284598,9.1e-17
18013.0004882812,2.46349887851622e-17,356996217.080073,39289793.6621148,396286010.742188,176527404.785156,476623992.919922,0.0390390014648438,0.0361447143554688,9.1e-17
18028.2592773438,2.46347126186197e-17,357331572.756681,39290131.3448819,396621704.101562,176676940.917969,477027740.478516,0.0390847778320313,0.0361468941824777,9.1e-17
18043.5180664062,2.46344381535556e-17,357666930.510006,39290466.9509314,396957397.460938,176826477.050781,477431488.037109,0.0391305541992188,0.0361490740094866,9.1e-17
18058.7768554688,2.46341653794869e-17,358002290.3273,39290800.4930122,397293090.820312,176976013.183594,477835235.595703,0.0391763305664063,0.0361512538364955,9.1e-17
18074.0356445312,2.46338942859951e-17,358337652.195893,39291131.983795,397628784.179688,177125549.316406,478238983.154297,0.0392221069335938,0.0361534336635045,9.1e-17
18089.2944335938,2.46336248627259e-17,358673016.103189,39291461.4358731,397964477.539062,177275085.449219,478642730.712891,0.0392678833007813,0.0361556134905134,9.1e-17
18104.5532226562,2.46333570993889e-17,359008382.036675,39291788.8617628,398300170.898438,177424621.582031,479046478.271484,0.0393136596679688,0.0361577933175223,9.1e-17
18119.8120117188,2.46330909857568e-17,359343749.983909,39292114.2739037,398635864.257812,177574157.714844,479450225.830078,0.0393594360351563,0.0361599731445313,9.1e-17
18135.0708007812,2.46328265116658e-17,359679119.932528,39292437.6846595,398971557.617188,177723693.847656,479853973.388672,0.0394052124023438,0.0361621529715402,9.1e-17
18150.3295898438,2.46325636670143e-17,360014491.870244,39292759.1063181,399307250.976562,177873229.980469,480257720.947266,0.0394509887695313,0.0361643327985491,9.1e-17
18165.5883789062,2.46323024417632e-17,360349865.784845,39293078.5510922,399642944.335938,178022766.113281,480661468.505859,0.0394967651367188,0.036166512625558,9.1e-17
18180.8471679688,2.46320428259349e-17,360685241.664193,39293396.0311199,399978637.695312,178172302.246094,481065216.064453,0.0395425415039063,0.036168692452567,9.1e-17
18196.1059570312,2.46317848096138e-17,361020619.496223,39293711.5584648,400314331.054688,178321838.378906,481468963.623047,0.0395883178710938,0.0361708722795759,9.1e-17
18211.3647460938,2.4631528382945e-17,361355999.268946,39294025.145117,400650024.414062,178471374.511719,481872711.181641,0.0396340942382813,0.0361730521065848,9.1e-17
18226.6235351562,2.46312735361345e-17,361691380.970445,39294336.8029929,400985717.773438,178620910.644531,482276458.740234,0.0396798706054688,0.0361752319335938,9.1e-17
18241.8823242188,2.46310202594484e-17,362026764.588876,39294646.5439363,401321411.132812,178770446.777344,482680206.298828,0.0397256469726563,0.0361774117606027,9.1e-17
18257.1411132812,2.46307685432132e-17,362362150.112469,39294954.3797181,401657104.492188,178919982.910156,483083953.857422,0.0397714233398438,0.0361795915876116,9.1e-17
18272.3999023438,2.46305183778145e-17,362697537.529525,39295260.3220376,401992797.851562,179069519.042969,483487701.416016,0.0398171997070313,0.0361817714146205,9.1e-17
18287.6586914062,2.46302697536976e-17,363032926.828415,39295564.3825223,402328491.210938,179219055.175781,483891448.974609,0.0398629760742188,0.0361839512416295,9.1e-17
18302.9174804688,2.46300226613664e-17,363368317.997584,39295866.5727283,402664184.570312,179368591.308594,484295196.533203,0.0399087524414063,0.0361861310686384,9.1e-17
18318.1762695312,2.46297770913833e-17,363703711.025546,39296166.9041414,402999877.929688,179518127.441406,484698944.091797,0.0399545288085938,0.0361883108956473,9.1e-17
18333.4350585938,2.4629533034369e-17,364039105.900886,39296465.3881768,403335571.289062,179667663.574219,485102691.650391,0.0400003051757813,0.0361904907226563,9.1e-17
18348.6938476562,2.46292904810018e-17,364374502.612258,39296762.0361799,403671264.648438,179817199.707031,485506439.208984,0.0400460815429688,0.0361926705496652,9.1e-17
18363.9526367188,2.46290494220176e-17,364709901.148386,39297056.8594267,404006958.007812,179966735.839844,485910186.767578,0.0400918579101563,0.0361948503766741,9.1e-17
18379.2114257812,2.46288098482093e-17,365045301.498064,39297349.869124,404342651.367188,180116271.972656,486313934.326172,0.0401376342773438,0.036197030203683,9.1e-17
18394.4702148438,2.46285717504266e-17,365380703.650152,39297641.0764102,404678344.726562,180265808.105469,486717681.884766,0.0401834106445313,0.036199210030692,9.1e-17
18409.7290039062,2.46283351195755e-17,365716107.593582,39297930.4923553,405014038.085938,180415344.238281,487121429.443359,0.0402291870117188,0.0362013898577009,9.1e-17
18424.9877929688,2.4628099946618e-17,366051513.317351,39298218.1279617,405349731.445312,180564880.371094,487525177.001953,0.0402749633789063,0.0362035696847098,9.1e-17
18440.2465820312,2.4627866222572e-17,366386920.810523,39298503.9941643,405685424.804688,180714416.503906,487928924.560547,0.0403207397460938,0.0362057495117188,9.1e-17
18455.5053710938,2.46276339385103e-17,366722330.062231,39298788.1018313,406021118.164062,180863952.636719,488332672.119141,0.0403665161132813,0.0362079293387277,9.1e-17
18470.7641601562,2.46274030855612e-17,367057741.061674,39299070.4617639,406356811.523438,181013488.769531,488736419.677734,0.0404122924804688,0.0362101091657366,9.1e-17
18486.0229492188,2.46271736549073e-17,367393153.798115,39299351.0846974,406692504.882812,181163024.902344,489140167.236328,0.0404580688476563,0.0362122889927455,9.1e-17
18501.2817382812,2.46269456377858e-17,367728568.260886,39299629.9813015,407028198.242188,181312561.035156,489543914.794922,0.0405038452148438,0.0362144688197545,9.1e-17
18516.5405273438,2.46267190254878e-17,368063984.439382,39299907.1621804,407363891.601562,181462097.167969,489947662.353516,0.0405496215820313,0.0362166486467634,9.1e-17
18531.7993164062,2.46264938093579e-17,368399402.323064,39300182.6378734,407699584.960938,181611633.300781,490351409.912109,0.0405953979492188,0.0362188284737723,9.1e-17
18547.0581054688,2.46262699807941e-17,368734821.901457,39300456.4188551,408035278.320312,181761169.433594,490755157.470703,0.0406411743164063,0.0362210083007813,9.1e-17
18562.3168945312,2.46260475312475e-17,369070243.164151,39300728.5155361,408370971.679688,181910705.566406,491158905.029297,0.0406869506835938,0.0362231881277902,9.1e-17
18577.5756835938,2.46258264522219e-17,369405666.100799,39300998.9382634,408706665.039062,182060241.699219,491562652.587891,0.0407327270507813,0.0362253679547991,9.1e-17
18592.8344726562,2.46256067352733e-17,369741090.701117,39301267.6973202,409042358.398438,182209777.832031,491966400.146484,0.0407785034179688,0.036227547781808,9.1e-17
18608.0932617188,2.46253883720097e-17,370076516.954885,39301534.802927,409378051.757812,182359313.964844,492370147.705078,0.0408242797851563,0.036229727608817,9.1e-17
18623.3520507812,2.4625171354091e-17,370411944.851946,39301800.2652417,409713745.117188,182508850.097656,492773895.263672,0.0408700561523438,0.0362319074358259,9.1e-17
18638.6108398438,2.46249556732284e-17,370747374.382203,39302064.0943598,410049438.476562,182658386.230469,493177642.822266,0.0409158325195313,0.0362340872628348,9.1e-17
18653.8696289062,2.46247413211841e-17,371082805.535622,39302326.3003151,410385131.835938,182807922.363281,493581390.380859,0.0409616088867188,0.0362362670898438,9.1e-17
18669.1284179688,2.46245282897711e-17,371418238.302233,39302586.8930799,410720825.195312,182957458.496094,493985137.939453,0.0410073852539063,0.0362384469168527,9.1e-17
18684.3872070312,2.46243165708528e-17,371753672.672122,39302845.8825654,411056518.554688,183106994.628906,494388885.498047,0.0410531616210938,0.0362406267438616,9.1e-17
18699.6459960938,2.46241061563429e-17,372089108.63544,39303103.2786221,411392211.914062,183256530.761719,494792633.056641,0.0410989379882813,0.0362428065708705,9.1e-17
18714.9047851562,2.46238970382048e-17,372424546.182398,39303359.09104,411727905.273438,183406066.894531,495196380.615234,0.0411447143554688,0.0362449863978795,9.1e-17
18730.1635742188,2.46236892084513e-17,372759985.303263,39303613.3295492,412063598.632812,183555603.027344,495600128.173828,0.0411904907226563,0.0362471662248884,9.1e-17
18745.4223632812,2.46234826591445e-17,373095425.988367,39303866.0038204,412399291.992188,183705139.160156,496003875.732422,0.0412362670898438,0.0362493460518973,9.1e-17
18760.6811523438,2.46232773823956e-17,373430868.228098,39304117.1234646,412734985.351562,183854675.292969,496407623.291016,0.0412820434570313,0.0362515258789063,9.1e-17
18775.9399414062,2.46230733703642e-17,373766312.012903,39304366.6980344,413070678.710938,184004211.425781,496811370.849609,0.0413278198242188,0.0362537057059152,9.1e-17
18791.1987304688,2.46228706152581e-17,374101757.333289,39304614.7370235,413406372.070312,184153747.558594,497215118.408203,0.0413735961914063,0.0362558855329241,9.1e-17
18806.4575195312,2.46226691093334e-17,374437204.17982,39304861.2498674,413742065.429688,184303283.691406,497618865.966797,0.0414193725585938,0.036258065359933,9.1e-17
18821.7163085938,2.46224688448938e-17,374772652.543118,39305106.2459441,414077758.789062,184452819.824219,498022613.525391,0.0414651489257813,0.036260245186942,9.1e-17
18836.9750976562,2.46222698142902e-17,375108102.413864,39305349.7345739,414413452.148438,184602355.957031,498426361.083984,0.0415109252929688,0.0362624250139509,9.1e-17
18852.2338867188,2.4622072009921e-17,375443553.782793,39305591.7250199,414749145.507812,184751892.089844,498830108.642578,0.0415567016601563,0.0362646048409598,9.1e-17
18867.4926757812,2.46218754242311e-17,375779006.640699,39305832.2264887,415084838.867188,184901428.222656,499233856.201172,0.0416024780273438,0.0362667846679688,9.1e-17
18882.7514648438,2.46216800497122e-17,376114460.978432,39306071.2481302,415420532.226562,185050964.355469,499637603.759766,0.0416482543945313,0.0362689644949777,9.1e-17
18898.0102539062,2.46214858789021e-17,376449916.786899,39306308.7990384,415756225.585938,185200500.488281,500041351.318359,0.0416940307617188,0.0362711443219866,9.1e-17
18913.2690429688,2.46212929043847e-17,376785374.057061,39306544.8882513,416091918.945312,185350036.621094,500445098.876953,0.0417398071289063,0.0362733241489955,9.1e-17
18928.5278320312,2.46211011187895e-17,377120832.779936,39306779.5247518,416427612.304688,185499572.753906,500848846.435547,0.0417855834960938,0.0362755039760045,9.1e-17
18943.7866210938,2.46209105147915e-17,377456292.946595,39307012.7174677,416763305.664062,185649108.886719,501252593.994141,0.0418313598632813,0.0362776838030134,9.1e-17
18959.0454101562,2.46207210851105e-17,377791754.548166,39307244.4752719,417098999.023438,185798645.019531,501656341.552734,0.0418771362304688,0.0362798636300223,9.1e-17
18974.3041992188,2.46205328225117e-17,378127217.575829,39307474.8069831,417434692.382812,185948181.152344,502060089.111328,0.0419229125976563,0.0362820434570313,9.1e-17
18989.5629882812,2.46203457198046e-17,378462682.020822,39307703.7213656,417770385.742188,186097717.285156,502463836.669922,0.0419686889648438,0.0362842232840402,9.1e-17
19004.8217773438,2.46201597698429e-17,378798147.874432,39307931.2271303,418106079.101562,186247253.417969,502867584.228516,0.0420144653320313,0.0362864031110491,9.1e-17
19020.0805664062,2.46199749655244e-17,379133615.128003,39308157.3329346,418441772.460938,186396789.550781,503271331.787109,0.0420602416992188,0.036288582938058,9.1e-17
19035.3393554688,2.46197912997907e-17,379469083.77293,39308382.0473829,418777465.820312,186546325.683594,503675079.345703,0.0421060180664063,0.036290762765067,9.1e-17
19050.5981445312,2.4619608765627e-17,379804553.800661,39308605.3790267,419113159.179688,186695861.816406,504078826.904297,0.0421517944335938,0.0362929425920759,9.1e-17
19065.8569335938,2.46194273560614e-17,380140025.202698,39308827.336365,419448852.539062,186845397.949219,504482574.462891,0.0421975708007813,0.0362951224190848,9.1e-17
19081.1157226562,2.46192470641653e-17,380475497.970593,39309047.9278449,419784545.898438,186994934.082031,504886322.021484,0.0422433471679688,0.0362973022460938,9.1e-17
19096.3745117188,2.46190678830526e-17,380810972.095951,39309267.1618617,420120239.257812,187144470.214844,505290069.580078,0.0422891235351563,0.0362994820731027,9.1e-17
19111.6333007812,2.46188898058797e-17,381146447.570428,39309485.046759,420455932.617188,187294006.347656,505693817.138672,0.0423348999023438,0.0363016619001116,9.1e-17
19126.8920898438,2.46187128258452e-17,381481924.385733,39309701.5908294,420791625.976562,187443542.480469,506097564.697266,0.0423806762695313,0.0363038417271205,9.1e-17
19142.1508789062,2.46185369361893e-17,381817402.533623,39309916.8023146,421127319.335938,187593078.613281,506501312.255859,0.0424264526367188,0.0363060215541295,9.1e-17
19157.4096679688,2.46183621301943e-17,382152882.005907,39310130.6894057,421463012.695312,187742614.746094,506905059.814453,0.0424722290039063,0.0363082013811384,9.1e-17
19172.6684570312,2.46181884011836e-17,382488362.794444,39310343.2602438,421798706.054688,187892150.878906,507308807.373047,0.0425180053710938,0.0363103812081473,9.1e-17
19187.9272460938,2.46180157425218e-17,382823844.891143,39310554.5229198,422134399.414062,188041687.011719,507712554.931641,0.0425637817382813,0.0363125610351563,9.1e-17
19203.1860351562,2.46178441476143e-17,383159328.287962,39310764.4854752,422470092.773438,188191223.144531,508116302.490234,0.0426095581054688,0.0363147408621652,9.1e-17
19218.4448242188,2.46176736099074e-17,383494812.976911,39310973.1559019,422805786.132812,188340759.277344,508520050.048828,0.0426553344726563,0.0363169206891741,9.1e-17
19233.7036132812,2.46175041228875e-17,383830298.950044,39311180.542143,423141479.492188,188490295.410156,508923797.607422,0.0427011108398438,0.036319100516183,9.1e-17
19248.9624023438,2.46173356800813e-17,384165786.19947,39311386.6520929,423477172.851562,188639831.542969,509327545.166016,0.0427468872070313,0.036321280343192,9.1e-17
19264.2211914062,2.46171682750553e-17,384501274.71734,39311591.4935974,423812866.210938,188789367.675781,509731292.724609,0.0427926635742188,0.0363234601702009,9.1e-17
19279.4799804688,2.46170019014155e-17,384836764.495858,39311795.0744543,424148559.570312,188938903.808594,510135040.283203,0.0428384399414063,0.0363256399972098,9.1e-17
19294.7387695312,2.46168365528077e-17,385172255.527274,39311997.4024135,424484252.929688,189088439.941406,510538787.841797,0.0428842163085938,0.0363278198242188,9.1e-17
19309.9975585938,2.46166722229165e-17,385507747.803885,39312198.4851776,424819946.289062,189237976.074219,510942535.400391,0.0429299926757813,0.0363299996512277,9.1e-17
19325.2563476562,2.46165089054654e-17,385843241.318036,39312398.3304015,425155639.648438,189387512.207031,511346282.958984,0.0429757690429688,0.0363321794782366,9.1e-17
19340.5151367188,2.46163465942168e-17,386178736.062119,39312596.9456936,425491333.007812,189537048.339844,511750030.517578,0.0430215454101563,0.0363343593052455,9.1e-17
19355.7739257812,2.46161852829714e-17,386514232.028572,39312794.3386153,425827026.367188,189686584.472656,512153778.076172,0.0430673217773438,0.0363365391322545,9.1e-17
19371.0327148438,2.46160249655681e-17,386849729.209881,39312990.5166817,426162719.726562,189836120.605469,512557525.634766,0.0431130981445313,0.0363387189592634,9.1e-17
19386.2915039062,2.46158656358837e-17,387185227.598576,39313185.487362,426498413.085938,189985656.738281,512961273.193359,0.0431588745117188,0.0363408987862723,9.1e-17
19401.5502929688,2.46157072878328e-17,387520727.187233,39313379.2580792,426834106.445312,190135192.871094,513365020.751953,0.0432046508789063,0.0363430786132813,9.1e-17
19416.8090820312,2.46155499153676e-17,387856227.968477,39313571.836211,427169799.804688,190284729.003906,513768768.310547,0.0432504272460938,0.0363452584402902,9.1e-17
19432.0678710938,2.46153935124774e-17,388191729.934973,39313763.2290898,427505493.164062,190434265.136719,514172515.869141,0.0432962036132813,0.0363474382672991,9.1e-17
19447.3266601562,2.46152380731885e-17,388527233.079434,39313953.444003,427841186.523438,190583801.269531,514576263.427734,0.0433419799804688,0.036349618094308,9.1e-17
19462.5854492188,2.46150835915642e-17,388862737.394619,39314142.4881934,428176879.882812,190733337.402344,514980010.986328,0.0433877563476563,0.036351797921317,9.1e-17
19477.8442382812,2.46149300617041e-17,389198242.873328,39314330.3688591,428512573.242188,190882873.535156,515383758.544922,0.0434335327148438,0.0363539777483259,9.1e-17
19493.1030273438,2.46147774777444e-17,389533749.508408,39314517.0931543,428848266.601562,191032409.667969,515787506.103516,0.0434793090820313,0.0363561575753348,9.1e-17
19508.3618164062,2.46146258338574e-17,389869257.292749,39314702.6681889,429183959.960938,191181945.800781,516191253.662109,0.0435250854492188,0.0363583374023438,9.1e-17
19523.6206054688,2.46144751242512e-17,390204766.219283,39314887.1010298,429519653.320312,191331481.933594,516595001.220703,0.0435708618164063,0.0363605172293527,9.1e-17
19538.8793945312,2.46143253431696e-17,390540276.280988,39315070.3986999,429855346.679688,191481018.066406,516998748.779297,0.0436166381835938,0.0363626970563616,9.1e-17
19554.1381835938,2.4614176484892e-17,390875787.470883,39315252.5681794,430191040.039062,191630554.199219,517402496.337891,0.0436624145507813,0.0363648768833705,9.1e-17
19569.3969726562,2.46140285437328e-17,391211299.782032,39315433.6164055,430526733.398438,191780090.332031,517806243.896484,0.0437081909179688,0.0363670567103795,9.1e-17
19584.6557617188,2.46138815140417e-17,391546813.20754,39315613.5502729,430862426.757812,191929626.464844,518209991.455078,0.0437539672851563,0.0363692365373884,9.1e-17
19599.9145507812,2.4613735390203e-17,391882327.740554,39315792.3766339,431198120.117188,192079162.597656,518613739.013672,0.0437997436523438,0.0363714163643973,9.1e-17
19615.1733398438,2.46135901666357e-17,392217843.374264,39315970.1022989,431533813.476562,192228698.730469,519017486.572266,0.0438455200195313,0.0363735961914063,9.1e-17
19630.4321289062,2.46134458377932e-17,392553360.101901,39316146.7340363,431869506.835938,192378234.863281,519421234.130859,0.0438912963867188,0.0363757760184152,9.1e-17
19645.6909179688,2.4613302398163e-17,392888877.916739,39316322.2785732,432205200.195312,192527770.996094,519824981.689453,0.0439370727539063,0.0363779558454241,9.1e-17
19660.9497070312,2.46131598422667e-17,393224396.812092,39316496.742595,432540893.554688,192677307.128906,520228729.248047,0.0439828491210938,0.036380135672433,9.1e-17
19676.2084960938,2.46130181646594e-17,393559916.781316,39316670.1327466,432876586.914062,192826843.261719,520632476.806641,0.0440286254882813,0.036382315499442,9.1e-17
19691.4672851562,2.46128773599301e-17,393895437.817806,39316842.4556317,433212280.273438,192976379.394531,521036224.365234,0.0440744018554688,0.0363844953264509,9.1e-17
19706.7260742188,2.46127374227008e-17,394230959.914999,39317013.7178136,433547973.632812,193125915.527344,521439971.923828,0.0441201782226563,0.0363866751534598,9.1e-17
19721.9848632812,2.46125983476268e-17,394566483.066372,39317183.9258154,433883666.992188,193275451.660156,521843719.482422,0.0441659545898438,0.0363888549804688,9.1e-17
19737.2436523438,2.46124601293964e-17,394902007.265442,39317353.08612,434219360.351562,193424987.792969,522247467.041016,0.0442117309570313,0.0363910348074777,9.1e-17
19752.5024414062,2.46123227627304e-17,395237532.505767,39317521.2051706,434555053.710938,193574523.925781,522651214.599609,0.0442575073242188,0.0363932146344866,9.1e-17
19767.7612304688,2.46121862423824e-17,395573058.780942,39317688.289371,434890747.070312,193724060.058594,523054962.158203,0.0443032836914063,0.0363953944614955,9.1e-17
19783.0200195312,2.46120505631381e-17,395908586.084602,39317854.3450852,435226440.429688,193873596.191406,523458709.716797,0.0443490600585938,0.0363975742885045,9.1e-17
19798.2788085938,2.46119157198154e-17,396244114.410424,39318019.3786387,435562133.789062,194023132.324219,523862457.275391,0.0443948364257813,0.0363997541155134,9.1e-17
19813.5375976562,2.46117817072642e-17,396579643.75212,39318183.3963178,435897827.148438,194172668.457031,524266204.833984,0.0444406127929688,0.0364019339425223,9.1e-17
19828.7963867188,2.4611648520366e-17,396915174.103442,39318346.4043703,436233520.507812,194322204.589844,524669952.392578,0.0444863891601563,0.0364041137695313,9.1e-17
19844.0551757812,2.4611516154034e-17,397250705.458182,39318508.4090058,436569213.867188,194471740.722656,525073699.951172,0.0445321655273438,0.0364062935965402,9.1e-17
19859.3139648438,2.46113846032125e-17,397586237.810167,39318669.4163955,436904907.226562,194621276.855469,525477447.509766,0.0445779418945313,0.0364084734235491,9.1e-17
19874.5727539062,2.46112538628772e-17,397921771.153265,39318829.4326729,437240600.585938,194770812.988281,525881195.068359,0.0446237182617188,0.036410653250558,9.1e-17
19889.8315429688,2.46111239280347e-17,398257305.481379,39318988.4639338,437576293.945312,194920349.121094,526284942.626953,0.0446694946289063,0.036412833077567,9.1e-17
19905.0903320312,2.46109947937222e-17,398592840.788451,39319146.5162365,437911987.304688,195069885.253906,526688690.185547,0.0447152709960938,0.0364150129045759,9.1e-17
19920.3491210938,2.46108664550077e-17,398928377.06846,39319303.5956023,438247680.664062,195219421.386719,527092437.744141,0.0447610473632813,0.0364171927315848,9.1e-17
19935.6079101562,2.46107389069894e-17,399263914.315422,39319459.7080152,438583374.023438,195368957.519531,527496185.302734,0.0448068237304688,0.0364193725585938,9.1e-17
19950.8666992188,2.46106121447957e-17,399599452.52339,39319614.8594228,438919067.382812,195518493.652344,527899932.861328,0.0448526000976563,0.0364215523856027,9.1e-17
19966.1254882812,2.46104861635853e-17,399934991.686452,39319769.0557359,439254760.742188,195668029.785156,528303680.419922,0.0448983764648438,0.0364237322126116,9.1e-17
19981.3842773438,2.46103609585464e-17,400270531.798733,39319922.3028293,439590454.101562,195817565.917969,528707427.978516,0.0449441528320313,0.0364259120396205,9.1e-17
19996.6430664062,2.4610236524897e-17,400606072.854396,39320074.6065413,439926147.460938,195967102.050781,529111175.537109,0.0449899291992188,0.0364280918666295,9.1e-17
20011.9018554688,2.46101128578845e-17,400941614.847638,39320225.9726749,440261840.820312,196116638.183594,529514923.095703,0.0450357055664063,0.0364302716936384,9.1e-17
20027.1606445312,2.46099899527856e-17,401277157.772691,39320376.406997,440597534.179688,196266174.316406,529918670.654297,0.0450814819335938,0.0364324515206473,9.1e-17
20042.4194335938,2.46098678049061e-17,401612701.623823,39320525.9152392,440933227.539062,196415710.449219,530322418.212891,0.0451272583007813,0.0364346313476563,9.1e-17
20057.6782226562,2.46097464095808e-17,401948246.395339,39320674.5030981,441268920.898438,196565246.582031,530726165.771484,0.0451730346679688,0.0364368111746652,9.1e-17
20072.9370117188,2.46096257621731e-17,402283792.081577,39320822.176235,441604614.257812,196714782.714844,531129913.330078,0.0452188110351563,0.0364389910016741,9.1e-17
20088.1958007812,2.46095058580752e-17,402619338.676911,39320968.9402767,441940307.617188,196864318.847656,531533660.888672,0.0452645874023438,0.036441170828683,9.1e-17
20103.4545898438,2.46093866927073e-17,402954886.175747,39321114.8008153,442276000.976562,197013854.980469,531937408.447266,0.0453103637695313,0.036443350655692,9.1e-17
20118.7133789062,2.46092682615183e-17,403290434.572529,39321259.7634087,442611694.335938,197163391.113281,532341156.005859,0.0453561401367188,0.0364455304827009,9.1e-17
20133.9721679688,2.46091505599847e-17,403625983.861732,39321403.8335804,442947387.695312,197312927.246094,532744903.564453,0.0454019165039063,0.0364477103097098,9.1e-17
20149.2309570312,2.46090335836111e-17,403961534.037867,39321547.0168202,443283081.054688,197462463.378906,533148651.123047,0.0454476928710938,0.0364498901367188,9.1e-17
20164.4897460938,2.46089173279298e-17,404297085.095478,39321689.3185841,443618774.414062,197611999.511719,533552398.681641,0.0454934692382813,0.0364520699637277,9.1e-17
20179.7485351562,2.46088017885006e-17,404632637.029143,39321830.7442946,443954467.773438,197761535.644531,533956146.240234,0.0455392456054688,0.0364542497907366,9.1e-17
20195.0073242188,2.46086869609106e-17,404968189.833472,39321971.2993409,444290161.132812,197911071.777344,534359893.798828,0.0455850219726563,0.0364564296177455,9.1e-17
20210.2661132812,2.46085728407741e-17,405303743.503108,39322110.9890791,444625854.492188,198060607.910156,534763641.357422,0.0456307983398438,0.0364586094447545,9.1e-17
20225.5249023438,2.46084594237324e-17,405639298.03273,39322249.8188325,444961547.851562,198210144.042969,535167388.916016,0.0456765747070313,0.0364607892717634,9.1e-17
20240.7836914062,2.46083467054539e-17,405974853.417046,39322387.7938914,445297241.210938,198359680.175781,535571136.474609,0.0457223510742188,0.0364629690987723,9.1e-17
20256.0424804688,2.46082346816333e-17,406310409.650799,39322524.9195139,445632934.570312,198509216.308594,535974884.033203,0.0457681274414063,0.0364651489257813,9.1e-17
20271.3012695312,2.46081233479921e-17,406645966.728762,39322661.2009256,445968627.929688,198658752.441406,536378631.591797,0.0458139038085938,0.0364673287527902,9.1e-17
20286.5600585938,2.4608012700278e-17,406981524.645742,39322796.6433203,446304321.289062,198808288.574219,536782379.150391,0.0458596801757813,0.0364695085797991,9.1e-17
20301.8188476562,2.46079027342651e-17,407317083.396578,39322931.2518595,446640014.648438,198957824.707031,537186126.708984,0.0459054565429688,0.036471688406808,9.1e-17
20317.0776367188,2.46077934457533e-17,407652642.976139,39323065.0316733,446975708.007812,199107360.839844,537589874.267578,0.0459512329101563,0.036473868233817,9.1e-17
20332.3364257812,2.46076848305685e-17,407988203.379327,39323197.9878601,447311401.367188,199256896.972656,537993621.826172,0.0459970092773438,0.0364760480608259,9.1e-17
20347.5952148438,2.46075768845624e-17,408323764.601075,39323330.125487,447647094.726562,199406433.105469,538397369.384766,0.0460427856445313,0.0364782278878348,9.1e-17
20362.8540039062,2.46074696036121e-17,408659326.636347,39323461.4495901,447982788.085938,199555969.238281,538801116.943359,0.0460885620117188,0.0364804077148438,9.1e-17
20378.1127929688,2.46073629836202e-17,408994889.480138,39323591.9651745,448318481.445312,199705505.371094,539204864.501953,0.0461343383789063,0.0364825875418527,9.1e-17
20393.3715820312,2.46072570205144e-17,409330453.127473,39323721.6772144,448654174.804688,199855041.503906,539608612.060547,0.0461801147460938,0.0364847673688616,9.1e-17
20408.6303710938,2.46071517102476e-17,409666017.573409,39323850.5906537,448989868.164062,200004577.636719,540012359.619141,0.0462258911132813,0.0364869471958705,9.1e-17
20423.8891601562,2.46070470487978e-17,410001582.813032,39323978.7104057,449325561.523438,200154113.769531,540416107.177734,0.0462716674804688,0.0364891270228795,9.1e-17
20439.1479492188,2.46069430321676e-17,410337148.841459,39324106.0413536,449661254.882812,200303649.902344,540819854.736328,0.0463174438476563,0.0364913068498884,9.1e-17
20454.4067382812,2.4606839656384e-17,410672715.653837,39324232.5883506,449996948.242188,200453186.035156,541223602.294922,0.0463632202148438,0.0364934866768973,9.1e-17
20469.6655273438,2.4606736917499e-17,411008283.245342,39324358.3562201,450332641.601562,200602722.167969,541627349.853516,0.0464089965820313,0.0364956665039063,9.1e-17
20484.9243164062,2.46066348115885e-17,411343851.611182,39324483.3497558,450668334.960938,200752258.300781,542031097.412109,0.0464547729492188,0.0364978463309152,9.1e-17
20500.1831054688,2.46065333347528e-17,411679420.74659,39324607.573722,451004028.320312,200901794.433594,542434844.970703,0.0465005493164063,0.0365000261579241,9.1e-17
20515.4418945312,2.4606432483116e-17,412014990.646834,39324731.0328538,451339721.679688,201051330.566406,542838592.529297,0.0465463256835938,0.036502205984933,9.1e-17
20530.7006835938,2.46063322528264e-17,412350561.307205,39324853.731857,451675415.039062,201200866.699219,543242340.087891,0.0465921020507813,0.036504385811942,9.1e-17
20545.9594726562,2.46062326400557e-17,412686132.723029,39324975.6754087,452011108.398438,201350402.832031,543646087.646484,0.0466378784179688,0.0365065656389509,9.1e-17
20561.2182617188,2.46061336409995e-17,413021704.889655,39325096.868157,452346801.757812,201499938.964844,544049835.205078,0.0466836547851563,0.0365087454659598,9.1e-17
20576.4770507812,2.46060352518766e-17,413357277.802466,39325217.3147218,452682495.117188,201649475.097656,544453582.763672,0.0467294311523438,0.0365109252929688,9.1e-17
20591.7358398438,2.46059374689292e-17,413692851.456868,39325337.0196942,453018188.476562,201799011.230469,544857330.322266,0.0467752075195313,0.0365131051199777,9.1e-17
20606.9946289062,2.46058402884226e-17,414028425.8483,39325455.9876375,453353881.835938,201948547.363281,545261077.880859,0.0468209838867188,0.0365152849469866,9.1e-17
20622.2534179688,2.46057437066452e-17,414364000.972226,39325574.2230865,453689575.195312,202098083.496094,545664825.439453,0.0468667602539063,0.0365174647739955,9.1e-17
20637.5122070312,2.46056477199082e-17,414699576.824139,39325691.7305487,454025268.554688,202247619.628906,546068572.998047,0.0469125366210938,0.0365196446010045,9.1e-17
20652.7709960938,2.46055523245455e-17,415035153.399559,39325808.5145033,454360961.914062,202397155.761719,546472320.556641,0.0469583129882813,0.0365218244280134,9.1e-17
20668.0297851562,2.46054575169136e-17,415370730.694035,39325924.5794024,454696655.273438,202546691.894531,546876068.115234,0.0470040893554688,0.0365240042550223,9.1e-17
20683.2885742188,2.46053632933916e-17,415706308.703142,39326039.9296706,455032348.632812,202696228.027344,547279815.673828,0.0470498657226563,0.0365261840820313,9.1e-17
20698.5473632812,2.46052696503806e-17,416041887.422482,39326154.5697052,455368041.992188,202845764.160156,547683563.232422,0.0470956420898438,0.0365283639090402,9.1e-17
20713.8061523438,2.46051765843042e-17,416377466.847686,39326268.5038766,455703735.351562,202995300.292969,548087310.791016,0.0471414184570313,0.0365305437360491,9.1e-17
20729.0649414062,2.46050840916078e-17,416713046.974409,39326381.7365285,456039428.710938,203144836.425781,548491058.349609,0.0471871948242188,0.036532723563058,9.1e-17
20744.3237304688,2.46049921687589e-17,417048627.798335,39326494.2719774,456375122.070312,203294372.558594,548894805.908203,0.0472329711914063,0.036534903390067,9.1e-17
20759.5825195312,2.46049008122465e-17,417384209.315174,39326606.1145139,456710815.429688,203443908.691406,549298553.466797,0.0472787475585938,0.0365370832170759,9.1e-17
20774.8413085938,2.46048100185815e-17,417719791.520661,39326717.2684017,457046508.789062,203593444.824219,549702301.025391,0.0473245239257813,0.0365392630440848,9.1e-17
20790.1000976562,2.46047197842961e-17,418055374.410559,39326827.7378787,457382202.148438,203742980.957031,550106048.583984,0.0473703002929688,0.0365414428710938,9.1e-17
20805.3588867188,2.46046301059441e-17,418390957.980656,39326937.5271564,457717895.507812,203892517.089844,550509796.142578,0.0474160766601563,0.0365436226981027,9.1e-17
20820.6176757812,2.46045409801001e-17,418726542.226767,39327046.6404206,458053588.867188,204042053.222656,550913543.701172,0.0474618530273438,0.0365458025251116,9.1e-17
20835.8764648438,2.46044524033604e-17,419062127.144731,39327155.0818315,458389282.226562,204191589.355469,551317291.259766,0.0475076293945313,0.0365479823521205,9.1e-17
20851.1352539062,2.46043643723417e-17,419397712.730414,39327262.8555233,458724975.585938,204341125.488281,551721038.818359,0.0475534057617188,0.0365501621791295,9.1e-17
20866.3940429688,2.4604276883682e-17,419733298.979707,39327369.9656054,459060668.945312,204490661.621094,552124786.376953,0.0475991821289063,0.0365523420061384,9.1e-17
20881.6528320312,2.46041899340396e-17,420068885.888526,39327476.4161614,459396362.304688,204640197.753906,552528533.935547,0.0476449584960938,0.0365545218331473,9.1e-17
20896.9116210938,2.46041035200938e-17,420404473.452812,39327582.21125,459732055.664062,204789733.886719,552932281.494141,0.0476907348632813,0.0365567016601563,9.1e-17
20912.1704101562,2.4604017638544e-17,420740061.668532,39327687.354905,460067749.023438,204939270.019531,553336029.052734,0.0477365112304688,0.0365588814871652,9.1e-17
20927.4291992188,2.46039322861103e-17,421075650.531677,39327791.8511354,460403442.382812,205088806.152344,553739776.611328,0.0477822875976563,0.0365610613141741,9.1e-17
20942.6879882812,2.46038474595326e-17,421411240.038262,39327895.7039254,460739135.742188,205238342.285156,554143524.169922,0.0478280639648438,0.036563241141183,9.1e-17
20957.9467773438,2.46037631555712e-17,421746830.184327,39327998.917235,461074829.101562,205387878.417969,554547271.728516,0.0478738403320313,0.036565420968192,9.1e-17
20973.2055664062,2.46036793710061e-17,422082420.965938,39328101.4949996,461410522.460938,205537414.550781,554951019.287109,0.0479196166992188,0.0365676007952009,9.1e-17
20988.4643554688,2.46035961026375e-17,422418012.379182,39328203.4411305,461746215.820312,205686950.683594,555354766.845703,0.0479653930664063,0.0365697806222098,9.1e-17
21003.7231445312,2.4603513347285e-17,422753604.420173,39328304.7595148,462081909.179688,205836486.816406,555758514.404297,0.0480111694335938,0.0365719604492188,9.1e-17
21018.9819335938,2.46034311017879e-17,423089197.085046,39328405.454016,462417602.539062,205986022.949219,556162261.962891,0.0480569458007813,0.0365741402762277,9.1e-17
21034.2407226562,2.46033493630049e-17,423424790.369964,39328505.5284737,462753295.898438,206135559.082031,556566009.521484,0.0481027221679688,0.0365763201032366,9.1e-17
21049.4995117188,2.46032681278142e-17,423760384.271109,39328604.9867039,463088989.257812,206285095.214844,556969757.080078,0.0481484985351563,0.0365784999302455,9.1e-17
21064.7583007812,2.46031873931131e-17,424095978.784688,39328703.832499,463424682.617188,206434631.347656,557373504.638672,0.0481942749023438,0.0365806797572545,9.1e-17
21080.0170898438,2.46031071558182e-17,424431573.906934,39328802.0696284,463760375.976562,206584167.480469,557777252.197266,0.0482400512695313,0.0365828595842634,9.1e-17
21095.2758789062,2.46030274128648e-17,424767169.6341,39328899.701838,464096069.335938,206733703.613281,558180999.755859,0.0482858276367188,0.0365850394112723,9.1e-17
21110.5346679688,2.46029481612074e-17,425102765.962462,39328996.7328508,464431762.695312,206883239.746094,558584747.314453,0.0483316040039063,0.0365872192382813,9.1e-17
21125.7934570312,2.46028693978191e-17,425438362.888321,39329093.166367,464767456.054688,207032775.878906,558988494.873047,0.0483773803710938,0.0365893990652902,9.1e-17
21141.0522460938,2.46027911196915e-17,425773960.407999,39329189.0060639,465103149.414062,207182312.011719,559392242.431641,0.0484231567382813,0.0365915788922991,9.1e-17
21156.3110351562,2.46027133238351e-17,426109558.517841,39329284.2555964,465438842.773438,207331848.144531,559795989.990234,0.0484689331054688,0.036593758719308,9.1e-17
21171.5698242188,2.46026360072785e-17,426445157.214216,39329378.9185967,465774536.132812,207481384.277344,560199737.548828,0.0485147094726563,0.036595938546317,9.1e-17
21186.8286132812,2.46025591670687e-17,426780756.493513,39329472.9986747,466110229.492188,207630920.410156,560603485.107422,0.0485604858398438,0.0365981183733259,9.1e-17
21202.0874023438,2.4602482800271e-17,427116356.352144,39329566.4994182,466445922.851562,207780456.542969,561007232.666016,0.0486062622070313,0.0366002982003348,9.1e-17
21217.3461914062,2.46024069039688e-17,427451956.786545,39329659.4243929,466781616.210938,207929992.675781,561410980.224609,0.0486520385742188,0.0366024780273438,9.1e-17
21232.6049804688,2.46023314752631e-17,427787557.79317,39329751.7771427,467117309.570312,208079528.808594,561814727.783203,0.0486978149414063,0.0366046578543527,9.1e-17
21247.8637695312,2.46022565112732e-17,428123159.368498,39329843.5611894,467453002.929688,208229064.941406,562218475.341797,0.0487435913085938,0.0366068376813616,9.1e-17
21263.1225585938,2.46021820091359e-17,428458761.509029,39329934.7800335,467788696.289062,208378601.074219,562622222.900391,0.0487893676757813,0.0366090175083705,9.1e-17
21278.3813476562,2.46021079660059e-17,428794364.211284,39330025.4371536,468124389.648438,208528137.207031,563025970.458984,0.0488351440429688,0.0366111973353795,9.1e-17
21293.6401367188,2.4602034379055e-17,429129967.471805,39330115.5360073,468460083.007812,208677673.339844,563429718.017578,0.0488809204101563,0.0366133771623884,9.1e-17
21308.8989257812,2.46019612454728e-17,429465571.287157,39330205.0800307,468795776.367188,208827209.472656,563833465.576172,0.0489266967773438,0.0366155569893973,9.1e-17
21324.1577148438,2.46018885624661e-17,429801175.653924,39330294.0726389,469131469.726562,208976745.605469,564237213.134766,0.0489724731445313,0.0366177368164063,9.1e-17
21339.4165039062,2.46018163272589e-17,430136780.568712,39330382.5172257,469467163.085938,209126281.738281,564640960.693359,0.0490182495117188,0.0366199166434152,9.1e-17
21354.6752929688,2.46017445370922e-17,430472386.028148,39330470.4171645,469802856.445312,209275817.871094,565044708.251953,0.0490640258789063,0.0366220964704241,9.1e-17
21369.9340820312,2.46016731892242e-17,430807992.02888,39330557.7758076,470138549.804688,209425354.003906,565448455.810547,0.0491098022460938,0.036624276297433,9.1e-17
21385.1928710938,2.46016022809299e-17,431143598.567576,39330644.5964868,470474243.164062,209574890.136719,565852203.369141,0.0491555786132813,0.036626456124442,9.1e-17
21400.4516601562,2.4601531809501e-17,431479205.640924,39330730.8825135,470809936.523438,209724426.269531,566255950.927734,0.0492013549804688,0.0366286359514509,9.1e-17
21415.7104492188,2.4601461772246e-17,431814813.245634,39330816.6371785,471145629.882812,209873962.402344,566659698.486328,0.0492471313476563,0.0366308157784598,9.1e-17
21430.9692382812,2.460139216649e-17,432150421.378435,39330901.8637525,471481323.242188,210023498.535156,567063446.044922,0.0492929077148438,0.0366329956054688,9.1e-17
21446.2280273438,2.46013229895744e-17,432486030.036076,39330986.5654863,471817016.601562,210173034.667969,567467193.603516,0.0493386840820313,0.0366351754324777,9.1e-17
21461.4868164062,2.46012542388573e-17,432821639.215327,39331070.7456104,472152709.960938,210322570.800781,567870941.162109,0.0493844604492188,0.0366373552594866,9.1e-17
21476.7456054688,2.46011859117127e-17,433157248.912977,39331154.4073354,472488403.320312,210472106.933594,568274688.720703,0.0494302368164063,0.0366395350864955,9.1e-17
21492.0043945312,2.46011180055311e-17,433492859.125835,39331237.5538524,472824096.679688,210621643.066406,568678436.279297,0.0494760131835938,0.0366417149135045,9.1e-17
21507.2631835938,2.46010505177188e-17,433828469.85073,39331320.1883329,473159790.039062,210771179.199219,569082183.837891,0.0495217895507813,0.0366438947405134,9.1e-17
21522.5219726562,2.46009834456984e-17,434164081.084509,39331402.3139285,473495483.398438,210920715.332031,569485931.396484,0.0495675659179688,0.0366460745675223,9.1e-17
21537.7807617188,2.4600916786908e-17,434499692.824041,39331483.9337718,473831176.757812,211070251.464844,569889678.955078,0.0496133422851563,0.0366482543945313,9.1e-17
21553.0395507812,2.46008505388019e-17,434835305.066211,39331565.0509761,474166870.117188,211219787.597656,570293426.513672,0.0496591186523438,0.0366504342215402,9.1e-17
21568.2983398438,2.46007846988496e-17,435170917.807927,39331645.6686354,474502563.476562,211369323.730469,570697174.072266,0.0497048950195313,0.0366526140485491,9.1e-17
21583.5571289062,2.46007192645367e-17,435506531.046113,39331725.7898247,474838256.835938,211518859.863281,571100921.630859,0.0497506713867188,0.036654793875558,9.1e-17
21598.8159179688,2.4600654233364e-17,435842144.777712,39331805.4176001,475173950.195312,211668395.996094,571504669.189453,0.0497964477539063,0.036656973702567,9.1e-17
21614.0747070312,2.46005896028477e-17,436177758.999689,39331884.554999,475509643.554688,211817932.128906,571908416.748047,0.0498422241210938,0.0366591535295759,9.1e-17
21629.3334960938,2.46005253705193e-17,436513373.709023,39331963.20504,475845336.914062,211967468.261719,572312164.306641,0.0498880004882813,0.0366613333565848,9.1e-17
21644.5922851562,2.46004615339257e-17,436848988.902714,39332041.3707231,476181030.273438,212117004.394531,572715911.865234,0.0499337768554688,0.0366635131835938,9.1e-17
21659.8510742188,2.46003980906287e-17,437184604.577782,39332119.0550301,476516723.632812,212266540.527344,573119659.423828,0.0499795532226563,0.0366656930106027,9.1e-17
21675.1098632812,2.46003350382052e-17,437520220.731263,39332196.2609242,476852416.992188,212416076.660156,573523406.982422,0.0500253295898438,0.0366678728376116,9.1e-17
21690.3686523438,2.46002723742469e-17,437855837.360212,39332272.9913504,477188110.351562,212565612.792969,573927154.541016,0.0500711059570313,0.0366700526646205,9.1e-17
21705.6274414062,2.46002100963607e-17,438191454.461702,39332349.2492357,477523803.710938,212715148.925781,574330902.099609,0.0501168823242188,0.0366722324916295,9.1e-17
21720.8862304688,2.46001482021679e-17,438527072.032823,39332425.0374891,477859497.070312,212864685.058594,574734649.658203,0.0501626586914063,0.0366744123186384,9.1e-17
21736.1450195312,2.46000866893045e-17,438862690.070686,39332500.3590016,478195190.429688,213014221.191406,575138397.216797,0.0502084350585938,0.0366765921456473,9.1e-17
21751.4038085938,2.46000255554212e-17,439198308.572416,39332575.2166464,478530883.789062,213163757.324219,575542144.775391,0.0502542114257813,0.0366787719726563,9.1e-17
21766.6625976562,2.45999647981831e-17,439533927.535158,39332649.6132792,478866577.148438,213313293.457031,575945892.333984,0.0502999877929688,0.0366809517996652,9.1e-17
21781.9213867188,2.45999044152696e-17,439869546.956075,39332723.5517379,479202270.507812,213462829.589844,576349639.892578,0.0503457641601563,0.0366831316266741,9.1e-17
21797.1801757812,2.45998444043746e-17,440205166.832344,39332797.0348432,479537963.867188,213612365.722656,576753387.451172,0.0503915405273438,0.036685311453683,9.1e-17
21812.4389648438,2.4599784763206e-17,440540787.161164,39332870.0653983,479873657.226562,213761901.855469,577157135.009766,0.0504373168945313,0.036687491280692,9.1e-17
21827.6977539062,2.45997254894859e-17,440876407.939748,39332942.6461891,480209350.585938,213911437.988281,577560882.568359,0.0504830932617188,0.0366896711077009,9.1e-17
21842.9565429688,2.45996665809505e-17,441212029.165328,39333014.7799845,480545043.945312,214060974.121094,577964630.126953,0.0505288696289063,0.0366918509347098,9.1e-17
21858.2153320312,2.459960803535e-17,441547650.835151,39333086.4695362,480880737.304688,214210510.253906,578368377.685547,0.0505746459960938,0.0366940307617188,9.1e-17
21873.4741210938,2.45995498504482e-17,441883272.946483,39333157.7175792,481216430.664062,214360046.386719,578772125.244141,0.0506204223632813,0.0366962105887277,9.1e-17
21888.7329101562,2.45994920240228e-17,442218895.496606,39333228.5268316,481552124.023438,214509582.519531,579175872.802734,0.0506661987304688,0.0366983904157366,9.1e-17
21903.9916992188,2.45994345538654e-17,442554518.482818,39333298.8999946,481887817.382812,214659118.652344,579579620.361328,0.0507119750976563,0.0367005702427455,9.1e-17
21919.2504882812,2.45993774377809e-17,442890141.902435,39333368.8397529,482223510.742188,214808654.785156,579983367.919922,0.0507577514648438,0.0367027500697545,9.1e-17
21934.5092773438,2.45993206735879e-17,443225765.752788,39333438.3487749,482559204.101562,214958190.917969,580387115.478516,0.0508035278320313,0.0367049298967634,9.1e-17
21949.7680664062,2.45992642591183e-17,443561390.031225,39333507.4297121,482894897.460938,215107727.050781,580790863.037109,0.0508493041992188,0.0367071097237723,9.1e-17
21965.0268554688,2.45992081922176e-17,443897014.735112,39333576.0852003,483230590.820312,215257263.183594,581194610.595703,0.0508950805664063,0.0367092895507813,9.1e-17
21980.2856445312,2.45991524707443e-17,444232639.861829,39333644.3178585,483566284.179688,215406799.316406,581598358.154297,0.0509408569335938,0.0367114693777902,9.1e-17
21995.5444335938,2.45990970925703e-17,444568265.408773,39333712.1302899,483901977.539062,215556335.449219,582002105.712891,0.0509866333007813,0.0367136492047991,9.1e-17
22010.8032226562,2.45990420555806e-17,444903891.373356,39333779.5250817,484237670.898438,215705871.582031,582405853.271484,0.0510324096679688,0.036715829031808,9.1e-17
22026.0620117188,2.4598987357673e-17,445239517.753007,39333846.5048051,484573364.257812,215855407.714844,582809600.830078,0.0510781860351563,0.036718008858817,9.1e-17
22041.3208007812,2.45989329967585e-17,445575144.545172,39333913.0720154,484909057.617188,216004943.847656,583213348.388672,0.0511239624023438,0.0367201886858259,9.1e-17
22056.5795898438,2.45988789707608e-17,445910771.74731,39333979.2292524,485244750.976562,216154479.980469,583617095.947266,0.0511697387695313,0.0367223685128348,9.1e-17
22071.8383789062,2.45988252776166e-17,446246399.356897,39334044.9790401,485580444.335938,216304016.113281,584020843.505859,0.0512155151367188,0.0367245483398438,9.1e-17
22087.0971679688,2.45987719152752e-17,446582027.371426,39334110.323887,485916137.695312,216453552.246094,584424591.064453,0.0512612915039063,0.0367267281668527,9.1e-17
22102.3559570312,2.45987188816984e-17,446917655.788401,39334175.2662862,486251831.054688,216603088.378906,584828338.623047,0.0513070678710938,0.0367289079938616,9.1e-17
22117.6147460938,2.45986661748607e-17,447253284.605347,39334239.8087155,486587524.414062,216752624.511719,585232086.181641,0.0513528442382813,0.0367310878208705,9.1e-17
22132.8735351562,2.45986137927492e-17,447588913.8198,39334303.9536373,486923217.773438,216902160.644531,585635833.740234,0.0513986206054688,0.0367332676478795,9.1e-17
22148.1323242188,2.4598561733363e-17,447924543.429313,39334367.7034991,487258911.132812,217051696.777344,586039581.298828,0.0514443969726563,0.0367354474748884,9.1e-17
22163.3911132812,2.45985099947141e-17,448260173.431454,39334431.0607331,487594604.492188,217201232.910156,586443328.857422,0.0514901733398438,0.0367376273018973,9.1e-17
22178.6499023438,2.45984585748262e-17,448595803.823806,39334494.0277566,487930297.851562,217350769.042969,586847076.416016,0.0515359497070313,0.0367398071289063,9.1e-17
22193.9086914062,2.45984074717355e-17,448931434.603965,39334556.6069722,488265991.210938,217500305.175781,587250823.974609,0.0515817260742188,0.0367419869559152,9.1e-17
22209.1674804688,2.45983566834902e-17,449267065.769545,39334618.8007674,488601684.570312,217649841.308594,587654571.533203,0.0516275024414063,0.0367441667829241,9.1e-17
22224.4262695312,2.45983062081505e-17,449602697.318172,39334680.6115153,488937377.929688,217799377.441406,588058319.091797,0.0516732788085938,0.036746346609933,9.1e-17
22239.6850585938,2.45982560437887e-17,449938329.247488,39334742.0415743,489273071.289062,217948913.574219,588462066.650391,0.0517190551757813,0.036748526436942,9.1e-17
22254.9438476562,2.45982061884888e-17,450273961.555149,39334803.0932882,489608764.648438,218098449.707031,588865814.208984,0.0517648315429688,0.0367507062639509,9.1e-17
22270.2026367188,2.45981566403466e-17,450609594.238826,39334863.7689866,489944458.007812,218247985.839844,589269561.767578,0.0518106079101563,0.0367528860909598,9.1e-17
22285.4614257812,2.45981073974698e-17,450945227.296203,39334924.0709844,490280151.367188,218397521.972656,589673309.326172,0.0518563842773438,0.0367550659179688,9.1e-17
22300.7202148438,2.45980584579777e-17,451280860.72498,39334984.0015826,490615844.726562,218547058.105469,590077056.884766,0.0519021606445313,0.0367572457449777,9.1e-17
22315.9790039062,2.4598009820001e-17,451616494.52287,39335043.563068,490951538.085938,218696594.238281,590480804.443359,0.0519479370117188,0.0367594255719866,9.1e-17
22331.2377929688,2.45979614816821e-17,451952128.687599,39335102.7577131,491287231.445312,218846130.371094,590884552.001953,0.0519937133789063,0.0367616053989955,9.1e-17
22346.4965820312,2.45979134411748e-17,452287763.216911,39335161.5877766,491622924.804688,218995666.503906,591288299.560547,0.0520394897460938,0.0367637852260045,9.1e-17
22361.7553710938,2.45978656966444e-17,452623398.108559,39335220.0555033,491958618.164062,219145202.636719,591692047.119141,0.0520852661132813,0.0367659650530134,9.1e-17
22377.0141601562,2.45978182462673e-17,452959033.360313,39335278.1631241,492294311.523438,219294738.769531,592095794.677734,0.0521310424804688,0.0367681448800223,9.1e-17
22392.2729492188,2.45977710882313e-17,453294668.969956,39335335.9128563,492630004.882812,219444274.902344,592499542.236328,0.0521768188476563,0.0367703247070313,9.1e-17
22407.5317382812,2.45977242207352e-17,453630304.935284,39335393.3069035,492965698.242188,219593811.035156,592903289.794922,0.0522225952148438,0.0367725045340402,9.1e-17
22422.7905273438,2.45976776419889e-17,453965941.254107,39335450.3474556,493301391.601562,219743347.167969,593307037.353516,0.0522683715820313,0.0367746843610491,9.1e-17
22438.0493164062,2.45976313502136e-17,454301577.924248,39335507.0366893,493637084.960938,219892883.300781,593710784.912109,0.0523141479492188,0.036776864188058,9.1e-17
22453.3081054688,2.45975853436412e-17,454637214.943545,39335563.3767676,493972778.320312,220042419.433594,594114532.470703,0.0523599243164063,0.036779044015067,9.1e-17
22468.5668945312,2.45975396205145e-17,454972852.309847,39335619.3698404,494308471.679688,220191955.566406,594518280.029297,0.0524057006835938,0.0367812238420759,9.1e-17
22483.8256835938,2.45974941790873e-17,455308490.021018,39335675.0180444,494644165.039062,220341491.699219,594922027.587891,0.0524514770507813,0.0367834036690848,9.1e-17
22499.0844726562,2.4597449017624e-17,455644128.074935,39335730.3235029,494979858.398438,220491027.832031,595325775.146484,0.0524972534179688,0.0367855834960938,9.1e-17
22514.3432617188,2.45974041343997e-17,455979766.469486,39335785.2883264,495315551.757812,220640563.964844,595729522.705078,0.0525430297851563,0.0367877633231027,9.1e-17
22529.6020507812,2.45973595277001e-17,456315405.202575,39335839.9146124,495651245.117188,220790100.097656,596133270.263672,0.0525888061523438,0.0367899431501116,9.1e-17
22544.8608398438,2.45973151958218e-17,456651044.272117,39335894.2044452,495986938.476562,220939636.230469,596537017.822266,0.0526345825195313,0.0367921229771205,9.1e-17
22560.1196289062,2.45972711370714e-17,456986683.676041,39335948.1598967,496322631.835938,221089172.363281,596940765.380859,0.0526803588867188,0.0367943028041295,9.1e-17
22575.3784179688,2.45972273497662e-17,457322323.412287,39336001.7830256,496658325.195312,221238708.496094,597344512.939453,0.0527261352539063,0.0367964826311384,9.1e-17
22590.6372070312,2.45971838322339e-17,457657963.478809,39336055.0758783,496994018.554688,221388244.628906,597748260.498047,0.0527719116210938,0.0367986624581473,9.1e-17
22605.8959960938,2.45971405828124e-17,457993603.873574,39336108.0404885,497329711.914062,221537780.761719,598152008.056641,0.0528176879882813,0.0368008422851563,9.1e-17
22621.1547851562,2.45970975998498e-17,458329244.59456,39336160.6788772,497665405.273438,221687316.894531,598555755.615234,0.0528634643554688,0.0368030221121652,9.1e-17
22636.4135742188,2.45970548817045e-17,458664885.639759,39336212.9930533,498001098.632812,221836853.027344,598959503.173828,0.0529092407226563,0.0368052019391741,9.1e-17
22651.6723632812,2.4597012426745e-17,459000527.007175,39336264.9850129,498336791.992188,221986389.160156,599363250.732422,0.0529550170898438,0.036807381766183,9.1e-17
22666.9311523438,2.45969702333497e-17,459336168.694822,39336316.6567403,498672485.351562,222135925.292969,599766998.291016,0.0530007934570313,0.036809561593192,9.1e-17
22682.1899414062,2.45969282999073e-17,459671810.70073,39336368.0102072,499008178.710938,222285461.425781,600170745.849609,0.0530465698242188,0.0368117414202009,9.1e-17
22697.4487304688,2.4596886624816e-17,460007453.022939,39336419.0473735,499343872.070312,222434997.558594,600574493.408203,0.0530923461914063,0.0368139212472098,9.1e-17
22712.7075195312,2.45968452064843e-17,460343095.659501,39336469.7701866,499679565.429688,222584533.691406,600978240.966797,0.0531381225585938,0.0368161010742188,9.1e-17
22727.9663085938,2.45968040433301e-17,460678738.60848,39336520.1805823,500015258.789062,222734069.824219,601381988.525391,0.0531838989257813,0.0368182809012277,9.1e-17
22743.2250976562,2.45967631337814e-17,461014381.867953,39336570.2804845,500350952.148438,222883605.957031,601785736.083984,0.0532296752929688,0.0368204607282366,9.1e-17
22758.4838867188,2.45967224762758e-17,461350025.436008,39336620.0718049,500686645.507812,223033142.089844,602189483.642578,0.0532754516601563,0.0368226405552455,9.1e-17
22773.7426757812,2.45966820692603e-17,461685669.310744,39336669.5564438,501022338.867188,223182678.222656,602593231.201172,0.0533212280273438,0.0368248203822545,9.1e-17
22789.0014648438,2.45966419111917e-17,462021313.490273,39336718.7362895,501358032.226562,223332214.355469,602996978.759766,0.0533670043945313,0.0368270002092634,9.1e-17
22804.2602539062,2.45966020005362e-17,462356957.972719,39336767.613219,501693725.585938,223481750.488281,603400726.318359,0.0534127807617188,0.0368291800362723,9.1e-17
22819.5190429688,2.45965623357696e-17,462692602.756215,39336816.1890975,502029418.945312,223631286.621094,603804473.876953,0.0534585571289063,0.0368313598632813,9.1e-17
22834.7778320312,2.45965229153769e-17,463028247.838909,39336864.4657788,502365112.304688,223780822.753906,604208221.435547,0.0535043334960938,0.0368335396902902,9.1e-17
22850.0366210938,2.45964837378525e-17,463363893.218957,39336912.4451053,502700805.664062,223930358.886719,604611968.994141,0.0535501098632813,0.0368357195172991,9.1e-17
22865.2954101562,2.45964448017e-17,463699538.894529,39336960.1289082,503036499.023438,224079895.019531,605015716.552734,0.0535958862304688,0.036837899344308,9.1e-17
22880.5541992188,2.45964061054326e-17,464035184.863805,39337007.519007,503372192.382812,224229431.152344,605419464.111328,0.0536416625976563,0.036840079171317,9.1e-17
22895.8129882812,2.45963676475721e-17,464370831.124977,39337054.6172106,503707885.742188,224378967.285156,605823211.669922,0.0536874389648438,0.0368422589983259,9.1e-17
22911.0717773438,2.45963294266497e-17,464706477.676246,39337101.4253162,504043579.101562,224528503.417969,606226959.228516,0.0537332153320313,0.0368444388253348,9.1e-17
22926.3305664062,2.45962914412058e-17,465042124.515827,39337147.9451103,504379272.460938,224678039.550781,606630706.787109,0.0537789916992188,0.0368466186523438,9.1e-17
22941.5893554688,2.45962536897895e-17,465377771.641944,39337194.1783683,504714965.820312,224827575.683594,607034454.345703,0.0538247680664063,0.0368487984793527,9.1e-17
22956.8481445312,2.45962161709589e-17,465713419.052833,39337240.1268547,505050659.179688,224977111.816406,607438201.904297,0.0538705444335938,0.0368509783063616,9.1e-17
22972.1069335938,2.45961788832811e-17,466049066.746739,39337285.7923231,505386352.539062,225126647.949219,607841949.462891,0.0539163208007813,0.0368531581333705,9.1e-17
22987.3657226562,2.45961418253321e-17,466384714.721921,39337331.1765162,505722045.898438,225276184.082031,608245697.021484,0.0539620971679688,0.0368553379603795,9.1e-17
23002.6245117188,2.45961049956963e-17,466720362.976646,39337376.2811662,506057739.257812,225425720.214844,608649444.580078,0.0540078735351563,0.0368575177873884,9.1e-17
23017.8833007812,2.45960683929672e-17,467056011.509193,39337421.1079945,506393432.617188,225575256.347656,609053192.138672,0.0540536499023438,0.0368596976143973,9.1e-17
23033.1420898438,2.45960320157469e-17,467391660.317851,39337465.6587119,506729125.976562,225724792.480469,609456939.697266,0.0540994262695313,0.0368618774414063,9.1e-17
23048.4008789062,2.45959958626459e-17,467727309.400919,39337509.9350188,507064819.335938,225874328.613281,609860687.255859,0.0541452026367188,0.0368640572684152,9.1e-17
23063.6596679688,2.45959599322834e-17,468062958.756708,39337553.9386049,507400512.695312,226023864.746094,610264434.814453,0.0541909790039063,0.0368662370954241,9.1e-17
23078.9184570312,2.45959242232873e-17,468398608.383538,39337597.6711497,507736206.054688,226173400.878906,610668182.373047,0.0542367553710938,0.036868416922433,9.1e-17
23094.1772460938,2.45958887342935e-17,468734258.27974,39337641.1343224,508071899.414062,226322937.011719,611071929.931641,0.0542825317382813,0.036870596749442,9.1e-17
23109.4360351562,2.45958534639467e-17,469069908.443656,39337684.3297817,508407592.773438,226472473.144531,611475677.490234,0.0543283081054688,0.0368727765764509,9.1e-17
23124.6948242188,2.45958184108999e-17,469405558.873636,39337727.2591763,508743286.132812,226622009.277344,611879425.048828,0.0543740844726563,0.0368749564034598,9.1e-17
23139.9536132812,2.45957835738141e-17,469741209.568043,39337769.9241445,509078979.492188,226771545.410156,612283172.607422,0.0544198608398438,0.0368771362304688,9.1e-17
23155.2124023438,2.45957489513591e-17,470076860.525248,39337812.3263148,509414672.851562,226921081.542969,612686920.166016,0.0544656372070313,0.0368793160574777,9.1e-17
23170.4711914062,2.45957145422122e-17,470412511.743632,39337854.4673056,509750366.210938,227070617.675781,613090667.724609,0.0545114135742188,0.0368814958844866,9.1e-17
23185.7299804688,2.45956803450594e-17,470748163.221587,39337896.3487252,510086059.570312,227220153.808594,613494415.283203,0.0545571899414063,0.0368836757114955,9.1e-17
23200.9887695312,2.45956463585946e-17,471083814.957515,39337937.9721721,510421752.929688,227369689.941406,613898162.841797,0.0546029663085938,0.0368858555385045,9.1e-17
23216.2475585938,2.45956125815198e-17,471419466.949827,39337979.3392351,510757446.289062,227519226.074219,614301910.400391,0.0546487426757813,0.0368880353655134,9.1e-17
23231.5063476562,2.45955790125448e-17,471755119.196945,39338020.4514929,511093139.648438,227668762.207031,614705657.958984,0.0546945190429688,0.0368902151925223,9.1e-17
23246.7651367188,2.45955456503875e-17,472090771.697298,39338061.3105147,511428833.007812,227818298.339844,615109405.517578,0.0547402954101563,0.0368923950195313,9.1e-17
23262.0239257812,2.45955124937739e-17,472426424.449327,39338101.9178602,511764526.367188,227967834.472656,615513153.076172,0.0547860717773438,0.0368945748465402,9.1e-17
23277.2827148438,2.45954795414375e-17,472762077.451484,39338142.275079,512100219.726562,228117370.605469,615916900.634766,0.0548318481445313,0.0368967546735491,9.1e-17
23292.5415039062,2.45954467921197e-17,473097730.702226,39338182.3837115,512435913.085938,228266906.738281,616320648.193359,0.0548776245117188,0.036898934500558,9.1e-17
23307.8002929688,2.45954142445699e-17,473433384.200024,39338222.2452888,512771606.445312,228416442.871094,616724395.751953,0.0549234008789063,0.036901114327567,9.1e-17
23323.0590820312,2.45953818975448e-17,473769037.943355,39338261.8613322,513107299.804688,228565979.003906,617128143.310547,0.0549691772460938,0.0369032941545759,9.1e-17
23338.3178710938,2.45953497498091e-17,474104691.930709,39338301.2333537,513442993.164062,228715515.136719,617531890.869141,0.0550149536132813,0.0369054739815848,9.1e-17
23353.5766601562,2.45953178001349e-17,474440346.160581,39338340.3628563,513778686.523438,228865051.269531,617935638.427734,0.0550607299804688,0.0369076538085938,9.1e-17
23368.8354492188,2.4595286047302e-17,474776000.631479,39338379.2513334,514114379.882812,229014587.402344,618339385.986328,0.0551065063476563,0.0369098336356027,9.1e-17
23384.0942382812,2.45952544900976e-17,475111655.341918,39338417.9002693,514450073.242188,229164123.535156,618743133.544922,0.0551522827148438,0.0369120134626116,9.1e-17
23399.3530273438,2.45952231273165e-17,475447310.290423,39338456.3111392,514785766.601562,229313659.667969,619146881.103516,0.0551980590820313,0.0369141932896205,9.1e-17
23414.6118164062,2.45951919577609e-17,475782965.475528,39338494.4854093,515121459.960938,229463195.800781,619550628.662109,0.0552438354492188,0.0369163731166295,9.1e-17
23429.8706054688,2.45951609802402e-17,476118620.895776,39338532.4245367,515457153.320312,229612731.933594,619954376.220703,0.0552896118164063,0.0369185529436384,9.1e-17
23445.1293945312,2.45951301935714e-17,476454276.549718,39338570.1299694,515792846.679688,229762268.066406,620358123.779297,0.0553353881835938,0.0369207327706473,9.1e-17
23460.3881835938,2.45950995965786e-17,476789932.435916,39338607.6031467,516128540.039062,229911804.199219,620761871.337891,0.0553811645507813,0.0369229125976563,9.1e-17
23475.6469726562,2.45950691880933e-17,477125588.552939,39338644.845499,516464233.398438,230061340.332031,621165618.896484,0.0554269409179688,0.0369250924246652,9.1e-17
23490.9057617188,2.45950389669539e-17,477461244.899365,39338681.8584477,516799926.757812,230210876.464844,621569366.455078,0.0554727172851563,0.0369272722516741,9.1e-17
23506.1645507812,2.45950089320064e-17,477796901.473782,39338718.6434056,517135620.117188,230360412.597656,621973114.013672,0.0555184936523438,0.036929452078683,9.1e-17
23521.4233398438,2.45949790821035e-17,478132558.274786,39338755.2017769,517471313.476562,230509948.730469,622376861.572266,0.0555642700195313,0.036931631905692,9.1e-17
23536.6821289062,2.45949494161053e-17,478468215.300981,39338791.534957,517807006.835938,230659484.863281,622780609.130859,0.0556100463867188,0.0369338117327009,9.1e-17
23551.9409179688,2.45949199328786e-17,478803872.55098,39338827.6443328,518142700.195312,230809020.996094,623184356.689453,0.0556558227539063,0.0369359915597098,9.1e-17
23567.1997070312,2.45948906312975e-17,479139530.023405,39338863.5312825,518478393.554688,230958557.128906,623588104.248047,0.0557015991210938,0.0369381713867188,9.1e-17
23582.4584960938,2.45948615102427e-17,479475187.716886,39338899.197176,518814086.914062,231108093.261719,623991851.806641,0.0557473754882813,0.0369403512137277,9.1e-17
23597.7172851562,2.45948325686022e-17,479810845.630063,39338934.6433748,519149780.273438,231257629.394531,624395599.365234,0.0557931518554688,0.0369425310407366,9.1e-17
23612.9760742188,2.45948038052704e-17,480146503.761581,39338969.8712318,519485473.632812,231407165.527344,624799346.923828,0.0558389282226563,0.0369447108677455,9.1e-17
23628.2348632812,2.4594775219149e-17,480482162.110096,39339004.8820917,519821166.992188,231556701.660156,625203094.482422,0.0558847045898438,0.0369468906947545,9.1e-17
23643.4936523438,2.4594746809146e-17,480817820.674272,39339039.6772909,520156860.351562,231706237.792969,625606842.041016,0.0559304809570313,0.0369490705217634,9.1e-17
23658.7524414062,2.45947185741764e-17,481153479.45278,39339074.2581577,520492553.710938,231855773.925781,626010589.599609,0.0559762573242188,0.0369512503487723,9.1e-17
23674.0112304688,2.45946905131619e-17,481489138.444301,39339108.626012,520828247.070312,232005310.058594,626414337.158203,0.0560220336914063,0.0369534301757813,9.1e-17
23689.2700195312,2.45946626250306e-17,481824797.647522,39339142.7821656,521163940.429688,232154846.191406,626818084.716797,0.0560678100585938,0.0369556100027902,9.1e-17
23704.5288085938,2.45946349087175e-17,482160457.06114,39339176.7279226,521499633.789062,232304382.324219,627221832.275391,0.0561135864257813,0.0369577898297991,9.1e-17
23719.7875976562,2.4594607363164e-17,482496116.683859,39339210.4645784,521835327.148438,232453918.457031,627625579.833984,0.0561593627929688,0.036959969656808,9.1e-17
23735.0463867188,2.45945799873181e-17,482831776.514391,39339243.9934212,522171020.507812,232603454.589844,628029327.392578,0.0562051391601563,0.036962149483817,9.1e-17
23750.3051757812,2.45945527801341e-17,483167436.551457,39339277.3157306,522506713.867188,232752990.722656,628433074.951172,0.0562509155273438,0.0369643293108259,9.1e-17
23765.5639648438,2.4594525740573e-17,483503096.793784,39339310.4327786,522842407.226562,232902526.855469,628836822.509766,0.0562966918945313,0.0369665091378348,9.1e-17
23780.8227539062,2.4594498867602e-17,483838757.240108,39339343.3458295,523178100.585938,233052062.988281,629240570.068359,0.0563424682617188,0.0369686889648438,9.1e-17
23796.0815429688,2.45944721601948e-17,484174417.889173,39339376.0561396,523513793.945312,233201599.121094,629644317.626953,0.0563882446289063,0.0369708687918527,9.1e-17
23811.3403320312,2.45944456173313e-17,484510078.73973,39339408.5649575,523849487.304688,233351135.253906,630048065.185547,0.0564340209960938,0.0369730486188616,9.1e-17
23826.5991210938,2.45944192379978e-17,484845739.790538,39339440.8735242,524185180.664062,233500671.386719,630451812.744141,0.0564797973632813,0.0369752284458705,9.1e-17
23841.8579101562,2.45943930211868e-17,485181401.040364,39339472.9830731,524520874.023438,233650207.519531,630855560.302734,0.0565255737304688,0.0369774082728795,9.1e-17
23857.1166992188,2.45943669658969e-17,485517062.487983,39339504.8948298,524856567.382812,233799743.652344,631259307.861328,0.0565713500976563,0.0369795880998884,9.1e-17
23872.3754882812,2.45943410711332e-17,485852724.132175,39339536.6100125,525192260.742188,233949279.785156,631663055.419922,0.0566171264648438,0.0369817679268973,9.1e-17
23887.6342773438,2.45943153359064e-17,486188385.971731,39339568.129832,525527954.101562,234098815.917969,632066802.978516,0.0566629028320313,0.0369839477539063,9.1e-17
23902.8930664062,2.45942897592339e-17,486524048.005446,39339599.4554913,525863647.460938,234248352.050781,632470550.537109,0.0567086791992188,0.0369861275809152,9.1e-17
23918.1518554688,2.45942643401386e-17,486859710.232126,39339630.5881864,526199340.820312,234397888.183594,632874298.095703,0.0567544555664063,0.0369883074079241,9.1e-17
23933.4106445312,2.45942390776497e-17,487195372.650582,39339661.5291057,526535034.179688,234547424.316406,633278045.654297,0.0568002319335938,0.036990487234933,9.1e-17
23948.6694335938,2.45942139708025e-17,487531035.259632,39339692.2794303,526870727.539062,234696960.449219,633681793.212891,0.0568460083007813,0.036992667061942,9.1e-17
23963.9282226562,2.4594189018638e-17,487866698.058103,39339722.8403341,527206420.898438,234846496.582031,634085540.771484,0.0568917846679688,0.0369948468889509,9.1e-17
23979.1870117188,2.45941642202032e-17,488202361.044829,39339753.2129837,527542114.257812,234996032.714844,634489288.330078,0.0569375610351563,0.0369970267159598,9.1e-17
23994.4458007812,2.4594139574551e-17,488538024.218649,39339783.3985385,527877807.617188,235145568.847656,634893035.888672,0.0569833374023438,0.0369992065429688,9.1e-17
24009.7045898438,2.45941150807401e-17,488873687.578412,39339813.398151,528213500.976562,235295104.980469,635296783.447266,0.0570291137695313,0.0370013863699777,9.1e-17
24024.9633789062,2.4594090737835e-17,489209351.122971,39339843.2129663,528549194.335938,235444641.113281,635700531.005859,0.0570748901367188,0.0370035661969866,9.1e-17
24040.2221679688,2.4594066544906e-17,489545014.85119,39339872.8441225,528884887.695312,235594177.246094,636104278.564453,0.0571206665039063,0.0370057460239955,9.1e-17
24055.4809570312,2.4594042501029e-17,489880678.761937,39339902.2927508,529220581.054688,235743713.378906,636508026.123047,0.0571664428710938,0.0370079258510045,9.1e-17
24070.7397460938,2.45940186052858e-17,490216342.854087,39339931.5599755,529556274.414062,235893249.511719,636911773.681641,0.0572122192382813,0.0370101056780134,9.1e-17
24085.9985351562,2.45939948567638e-17,490552007.126524,39339960.6469138,529891967.773438,236042785.644531,637315521.240234,0.0572579956054688,0.0370122855050223,9.1e-17
24101.2573242188,2.45939712545558e-17,490887671.578136,39339989.5546761,530227661.132812,236192321.777344,637719268.798828,0.0573037719726563,0.0370144653320313,9.1e-17
24116.5161132812,2.45939477977605e-17,491223336.207822,39340018.2843659,530563354.492188,236341857.910156,638123016.357422,0.0573495483398438,0.0370166451590402,9.1e-17
24131.7749023438,2.45939244854819e-17,491559001.014482,39340046.8370801,530899047.851562,236491394.042969,638526763.916016,0.0573953247070313,0.0370188249860491,9.1e-17
24147.0336914062,2.45939013168297e-17,491894665.997029,39340075.2139086,531234741.210938,236640930.175781,638930511.474609,0.0574411010742188,0.037021004813058,9.1e-17
24162.2924804688,2.45938782909191e-17,492230331.154378,39340103.4159346,531570434.570312,236790466.308594,639334259.033203,0.0574868774414063,0.037023184640067,9.1e-17
24177.5512695312,2.45938554068705e-17,492565996.485453,39340131.444235,531906127.929688,236940002.441406,639738006.591797,0.0575326538085938,0.0370253644670759,9.1e-17
24192.8100585938,2.459383266381e-17,492901661.989183,39340159.2998796,532241821.289062,237089538.574219,640141754.150391,0.0575784301757813,0.0370275442940848,9.1e-17
24208.0688476562,2.45938100608691e-17,493237327.664506,39340186.9839318,532577514.648438,237239074.707031,640545501.708984,0.0576242065429688,0.0370297241210938,9.1e-17
24223.3276367188,2.45937875971842e-17,493572993.510364,39340214.4974486,532913208.007812,237388610.839844,640949249.267578,0.0576699829101563,0.0370319039481027,9.1e-17
24238.5864257812,2.45937652718976e-17,493908659.525707,39340241.8414802,533248901.367188,237538146.972656,641352996.826172,0.0577157592773438,0.0370340837751116,9.1e-17
24253.8452148438,2.45937430841566e-17,494244325.709492,39340269.0170706,533584594.726562,237687683.105469,641756744.384766,0.0577615356445313,0.0370362636021205,9.1e-17
24269.1040039062,2.45937210331137e-17,494579992.06068,39340296.0252572,533920288.085938,237837219.238281,642160491.943359,0.0578073120117188,0.0370384434291295,9.1e-17
24284.3627929688,2.45936991179268e-17,494915658.578241,39340322.8670712,534255981.445312,237986755.371094,642564239.501953,0.0578530883789063,0.0370406232561384,9.1e-17
24299.6215820312,2.45936773377587e-17,495251325.26115,39340349.5435371,534591674.804688,238136291.503906,642967987.060547,0.0578988647460938,0.0370428030831473,9.1e-17
24314.8803710938,2.45936556917778e-17,495586992.108389,39340376.0556735,534927368.164062,238285827.636719,643371734.619141,0.0579446411132813,0.0370449829101563,9.1e-17
24330.1391601562,2.45936341791573e-17,495922659.118945,39340402.4044925,535263061.523438,238435363.769531,643775482.177734,0.0579904174804688,0.0370471627371652,9.1e-17
24345.3979492188,2.45936127990755e-17,496258326.291813,39340428.591,535598754.882812,238584899.902344,644179229.736328,0.0580361938476563,0.0370493425641741,9.1e-17
24360.6567382812,2.45935915507158e-17,496593993.625992,39340454.6161956,535934448.242188,238734436.035156,644582977.294922,0.0580819702148438,0.037051522391183,9.1e-17
24375.9155273438,2.45935704332668e-17,496929661.120489,39340480.4810731,536270141.601562,238883972.167969,644986724.853516,0.0581277465820313,0.037053702218192,9.1e-17
24391.1743164062,2.45935494459219e-17,497265328.774318,39340506.1866198,536605834.960938,239033508.300781,645390472.412109,0.0581735229492188,0.0370558820452009,9.1e-17
24406.4331054688,2.45935285878795e-17,497600996.586496,39340531.733817,536941528.320312,239183044.433594,645794219.970703,0.0582192993164063,0.0370580618722098,9.1e-17
24421.6918945312,2.45935078583429e-17,497936664.556047,39340557.1236401,537277221.679688,239332580.566406,646197967.529297,0.0582650756835938,0.0370602416992188,9.1e-17
24436.9506835938,2.45934872565206e-17,498272332.682004,39340582.3570585,537612915.039062,239482116.699219,646601715.087891,0.0583108520507813,0.0370624215262277,9.1e-17
24452.2094726562,2.45934667816256e-17,498608000.963402,39340607.4350353,537948608.398438,239631652.832031,647005462.646484,0.0583566284179688,0.0370646013532366,9.1e-17
24467.4682617188,2.45934464328759e-17,498943669.399284,39340632.3585282,538284301.757812,239781188.964844,647409210.205078,0.0584024047851563,0.0370667811802455,9.1e-17
24482.7270507812,2.45934262094943e-17,499279337.988699,39340657.1284885,538619995.117188,239930725.097656,647812957.763672,0.0584481811523438,0.0370689610072545,9.1e-17
24497.9858398438,2.45934061107086e-17,499615006.7307,39340681.745862,538955688.476562,240080261.230469,648216705.322266,0.0584939575195313,0.0370711408342634,9.1e-17
24513.2446289062,2.45933861357509e-17,499950675.624349,39340706.2115885,539291381.835938,240229797.363281,648620452.880859,0.0585397338867188,0.0370733206612723,9.1e-17
24528.5034179688,2.45933662838584e-17,500286344.66871,39340730.526602,539627075.195312,240379333.496094,649024200.439453,0.0585855102539063,0.0370755004882813,9.1e-17
24543.7622070312,2.4593346554273e-17,500622013.862857,39340754.6918309,539962768.554688,240528869.628906,649427947.998047,0.0586312866210938,0.0370776803152902,9.1e-17
24559.0209960938,2.45933269462411e-17,500957683.205865,39340778.7081976,540298461.914062,240678405.761719,649831695.556641,0.0586770629882813,0.0370798601422991,9.1e-17
24574.2797851562,2.45933074590137e-17,501293352.696818,39340802.5766191,540634155.273438,240827941.894531,650235443.115234,0.0587228393554688,0.037082039969308,9.1e-17
24589.5385742188,2.45932880918467e-17,501629022.334806,39340826.2980068,540969848.632812,240977478.027344,650639190.673828,0.0587686157226563,0.037084219796317,9.1e-17
24604.7973632812,2.45932688440003e-17,501964692.118921,39340849.8732661,541305541.992188,241127014.160156,651042938.232422,0.0588143920898438,0.0370863996233259,9.1e-17
24620.0561523438,2.45932497147395e-17,502300362.048265,39340873.3032972,541641235.351562,241276550.292969,651446685.791016,0.0588601684570313,0.0370885794503348,9.1e-17
24635.3149414062,2.45932307033335e-17,502636032.121943,39340896.5889946,541976928.710938,241426086.425781,651850433.349609,0.0589059448242188,0.0370907592773438,9.1e-17
24650.5737304688,2.45932118090563e-17,502971702.339065,39340919.7312472,542312622.070312,241575622.558594,652254180.908203,0.0589517211914063,0.0370929391043527,9.1e-17
24665.8325195312,2.45931930311863e-17,503307372.698749,39340942.7309388,542648315.429688,241725158.691406,652657928.466797,0.0589974975585938,0.0370951189313616,9.1e-17
24681.0913085938,2.45931743690063e-17,503643043.200115,39340965.5889472,542984008.789062,241874694.824219,653061676.025391,0.0590432739257813,0.0370972987583705,9.1e-17
24696.3500976562,2.45931558218035e-17,503978713.842292,39340988.3061454,543319702.148438,242024230.957031,653465423.583984,0.0590890502929688,0.0370994785853795,9.1e-17
24711.6088867188,2.45931373888695e-17,504314384.624412,39341010.8834004,543655395.507812,242173767.089844,653869171.142578,0.0591348266601563,0.0371016584123884,9.1e-17
24726.8676757812,2.45931190695004e-17,504650055.545613,39341033.3215744,543991088.867188,242323303.222656,654272918.701172,0.0591806030273438,0.0371038382393973,9.1e-17
24742.1264648438,2.45931008629965e-17,504985726.605038,39341055.621524,544326782.226562,242472839.355469,654676666.259766,0.0592263793945313,0.0371060180664063,9.1e-17
24757.3852539062,2.45930827686624e-17,505321397.801837,39341077.7841007,544662475.585938,242622375.488281,655080413.818359,0.0592721557617188,0.0371081978934152,9.1e-17
24772.6440429688,2.4593064785807e-17,505657069.135162,39341099.8101504,544998168.945312,242771911.621094,655484161.376953,0.0593179321289063,0.0371103777204241,9.1e-17
24787.9028320312,2.45930469137435e-17,505992740.604173,39341121.7005142,545333862.304688,242921447.753906,655887908.935547,0.0593637084960938,0.037112557547433,9.1e-17
24803.1616210938,2.45930291517894e-17,506328412.208035,39341143.4560279,545669555.664062,243070983.886719,656291656.494141,0.0594094848632813,0.037114737374442,9.1e-17
24818.4204101562,2.45930114992662e-17,506664083.945916,39341165.077522,546005249.023438,243220520.019531,656695404.052734,0.0594552612304688,0.0371169172014509,9.1e-17
24833.6791992188,2.45929939554998e-17,506999755.81699,39341186.5658221,546340942.382812,243370056.152344,657099151.611328,0.0595010375976563,0.0371190970284598,9.1e-17
24848.9379882812,2.45929765198201e-17,507335427.820439,39341207.9217485,546676635.742188,243519592.285156,657502899.169922,0.0595468139648438,0.0371212768554688,9.1e-17
24864.1967773438,2.45929591915612e-17,507671099.955446,39341229.1461167,547012329.101562,243669128.417969,657906646.728516,0.0595925903320313,0.0371234566824777,9.1e-17
24879.4555664062,2.45929419700612e-17,508006772.2212,39341250.239737,547348022.460938,243818664.550781,658310394.287109,0.0596383666992188,0.0371256365094866,9.1e-17
24894.7143554688,2.45929248546624e-17,508342444.616898,39341271.2034148,547683715.820312,243968200.683594,658714141.845703,0.0596841430664063,0.0371278163364955,9.1e-17
24909.9731445312,2.45929078447111e-17,508678117.141737,39341292.0379504,548019409.179688,244117736.816406,659117889.404297,0.0597299194335938,0.0371299961635045,9.1e-17
24925.2319335938,2.45928909395578e-17,509013789.794923,39341312.7441393,548355102.539062,244267272.949219,659521636.962891,0.0597756958007813,0.0371321759905134,9.1e-17
24940.4907226562,2.45928741385567e-17,509349462.575666,39341333.322772,548690795.898438,244416809.082031,659925384.521484,0.0598214721679688,0.0371343558175223,9.1e-17
24955.7495117188,2.45928574410661e-17,509685135.483178,39341353.7746342,549026489.257812,244566345.214844,660329132.080078,0.0598672485351563,0.0371365356445313,9.1e-17
24971.0083007812,2.45928408464483e-17,510020808.516681,39341374.100507,549362182.617188,244715881.347656,660732879.638672,0.0599130249023438,0.0371387154715402,9.1e-17
24986.2670898438,2.45928243540695e-17,510356481.675396,39341394.3011661,549697875.976562,244865417.480469,661136627.197266,0.0599588012695313,0.0371408952985491,9.1e-17
25001.5258789062,2.45928079632998e-17,510692154.958554,39341414.3773831,550033569.335938,245014953.613281,661540374.755859,0.0600045776367188,0.037143075125558,9.1e-17
25016.7846679688,2.45927916735133e-17,511027828.365388,39341434.3299242,550369262.695312,245164489.746094,661944122.314453,0.0600503540039063,0.037145254952567,9.1e-17
25032.0434570312,2.45927754840877e-17,511363501.895136,39341454.1595514,550704956.054688,245314025.878906,662347869.873047,0.0600961303710938,0.0371474347795759,9.1e-17
25047.3022460938,2.45927593944047e-17,511699175.547041,39341473.8670219,551040649.414062,245463562.011719,662751617.431641,0.0601419067382813,0.0371496146065848,9.1e-17
25062.5610351562,2.45927434038498e-17,512034849.32035,39341493.4530879,551376342.773438,245613098.144531,663155364.990234,0.0601876831054688,0.0371517944335938,9.1e-17
25077.8198242188,2.45927275118124e-17,512370523.214315,39341512.9184973,551712036.132812,245762634.277344,663559112.548828,0.0602334594726563,0.0371539742606027,9.1e-17
25093.0786132812,2.45927117176853e-17,512706197.228194,39341532.2639933,552047729.492188,245912170.410156,663962860.107422,0.0602792358398438,0.0371561540876116,9.1e-17
25108.3374023438,2.45926960208655e-17,513041871.361248,39341551.4903147,552383422.851562,246061706.542969,664366607.666016,0.0603250122070313,0.0371583339146205,9.1e-17
25123.5961914062,2.45926804207534e-17,513377545.612742,39341570.5981953,552719116.210938,246211242.675781,664770355.224609,0.0603707885742188,0.0371605137416295,9.1e-17
25138.8549804688,2.45926649167532e-17,513713219.981948,39341589.5883649,553054809.570312,246360778.808594,665174102.783203,0.0604165649414063,0.0371626935686384,9.1e-17
25154.1137695312,2.45926495082726e-17,514048894.468139,39341608.4615484,553390502.929688,246510314.941406,665577850.341797,0.0604623413085938,0.0371648733956473,9.1e-17
25169.3725585938,2.45926341947234e-17,514384569.070596,39341627.2184666,553726196.289062,246659851.074219,665981597.900391,0.0605081176757813,0.0371670532226563,9.1e-17
25184.6313476562,2.45926189755205e-17,514720243.788602,39341645.8598354,554061889.648438,246809387.207031,666385345.458984,0.0605538940429688,0.0371692330496652,9.1e-17
25199.8901367188,2.45926038500827e-17,515055918.621446,39341664.3863668,554397583.007812,246958923.339844,666789093.017578,0.0605996704101563,0.0371714128766741,9.1e-17
25215.1489257812,2.45925888178324e-17,515391593.56842,39341682.798768,554733276.367188,247108459.472656,667192840.576172,0.0606454467773438,0.037173592703683,9.1e-17
25230.4077148438,2.45925738781953e-17,515727268.62882,39341701.0977421,555068969.726562,247257995.605469,667596588.134766,0.0606912231445313,0.037175772530692,9.1e-17
25245.6665039062,2.4592559030601e-17,516062943.80195,39341719.2839878,555404663.085938,247407531.738281,668000335.693359,0.0607369995117188,0.0371779523577009,9.1e-17
25260.9252929688,2.45925442744823e-17,516398619.087113,39341737.3581994,555740356.445312,247557067.871094,668404083.251953,0.0607827758789063,0.0371801321847098,9.1e-17
25276.1840820312,2.45925296092756e-17,516734294.483621,39341755.321067,556076049.804688,247706604.003906,668807830.810547,0.0608285522460938,0.0371823120117188,9.1e-17
25291.4428710938,2.45925150344209e-17,517069969.990786,39341773.1732765,556411743.164062,247856140.136719,669211578.369141,0.0608743286132813,0.0371844918387277,9.1e-17
25306.7016601562,2.45925005493616e-17,517405645.607928,39341790.9155096,556747436.523438,248005676.269531,669615325.927734,0.0609201049804688,0.0371866716657366,9.1e-17
25321.9604492188,2.45924861535443e-17,517741321.334369,39341808.5484436,557083129.882812,248155212.402344,670019073.486328,0.0609658813476563,0.0371888514927455,9.1e-17
25337.2192382812,2.45924718464193e-17,518076997.169436,39341826.0727518,557418823.242188,248304748.535156,670422821.044922,0.0610116577148438,0.0371910313197545,9.1e-17
25352.4780273438,2.45924576274401e-17,518412673.112459,39341843.4891033,557754516.601562,248454284.667969,670826568.603516,0.0610574340820313,0.0371932111467634,9.1e-17
25367.7368164062,2.45924434960635e-17,518748349.162774,39341860.7981633,558090209.960938,248603820.800781,671230316.162109,0.0611032104492188,0.0371953909737723,9.1e-17
25382.9956054688,2.45924294517501e-17,519084025.31972,39341878.0005925,558425903.320312,248753356.933594,671634063.720703,0.0611489868164063,0.0371975708007813,9.1e-17
25398.2543945312,2.45924154939633e-17,519419701.58264,39341895.0970477,558761596.679688,248902893.066406,672037811.279297,0.0611947631835938,0.0371997506277902,9.1e-17
25413.5131835938,2.459240162217e-17,519755377.950881,39341912.0881817,559097290.039062,249052429.199219,672441558.837891,0.0612405395507813,0.0372019304547991,9.1e-17
25428.7719726562,2.45923878358405e-17,520091054.423794,39341928.9746435,559432983.398438,249201965.332031,672845306.396484,0.0612863159179688,0.037204110281808,9.1e-17
25444.0307617188,2.45923741344482e-17,520426731.000735,39341945.7570776,559768676.757812,249351501.464844,673249053.955078,0.0613320922851563,0.037206290108817,9.1e-17
25459.2895507812,2.45923605174698e-17,520762407.681063,39341962.4361248,560104370.117188,249501037.597656,673652801.513672,0.0613778686523438,0.0372084699358259,9.1e-17
25474.5483398438,2.45923469843852e-17,521098084.46414,39341979.0124221,560440063.476562,249650573.730469,674056549.072266,0.0614236450195313,0.0372106497628348,9.1e-17
25489.8071289062,2.45923335346776e-17,521433761.349335,39341995.4866023,560775756.835938,249800109.863281,674460296.630859,0.0614694213867188,0.0372128295898438,9.1e-17
25505.0659179688,2.45923201678333e-17,521769438.336018,39342011.8592945,561111450.195312,249949645.996094,674864044.189453,0.0615151977539063,0.0372150094168527,9.1e-17
25520.3247070312,2.45923068833418e-17,522105115.423564,39342028.1311239,561447143.554688,250099182.128906,675267791.748047,0.0615609741210938,0.0372171892438616,9.1e-17
25535.5834960938,2.45922936806956e-17,522440792.611351,39342044.3027117,561782836.914062,250248718.261719,675671539.306641,0.0616067504882813,0.0372193690708705,9.1e-17
25550.8422851562,2.45922805593906e-17,522776469.898762,39342060.3746754,562118530.273438,250398254.394531,676075286.865234,0.0616525268554688,0.0372215488978795,9.1e-17
25566.1010742188,2.45922675189257e-17,523112147.285184,39342076.3476287,562454223.632812,250547790.527344,676479034.423828,0.0616983032226563,0.0372237287248884,9.1e-17
25581.3598632812,2.45922545588027e-17,523447824.770006,39342092.2221814,562789916.992188,250697326.660156,676882781.982422,0.0617440795898438,0.0372259085518973,9.1e-17
25596.6186523438,2.45922416785266e-17,523783502.352623,39342107.9989399,563125610.351562,250846862.792969,677286529.541016,0.0617898559570313,0.0372280883789063,9.1e-17
25611.8774414062,2.45922288776056e-17,524119180.032431,39342123.6785063,563461303.710938,250996398.925781,677690277.099609,0.0618356323242188,0.0372302682059152,9.1e-17
25627.1362304688,2.45922161555508e-17,524454857.808833,39342139.2614794,563796997.070312,251145935.058594,678094024.658203,0.0618814086914063,0.0372324480329241,9.1e-17
25642.3950195312,2.45922035118761e-17,524790535.681233,39342154.7484543,564132690.429688,251295471.191406,678497772.216797,0.0619271850585938,0.037234627859933,9.1e-17
25657.6538085938,2.45921909460989e-17,525126213.64904,39342170.1400223,564468383.789062,251445007.324219,678901519.775391,0.0619729614257813,0.037236807686942,9.1e-17
25672.9125976562,2.4592178457739e-17,525461891.711666,39342185.436771,564804077.148438,251594543.457031,679305267.333984,0.0620187377929688,0.0372389875139509,9.1e-17
25688.1713867188,2.45921660463195e-17,525797569.868528,39342200.6392847,565139770.507812,251744079.589844,679709014.892578,0.0620645141601563,0.0372411673409598,9.1e-17
25703.4301757812,2.45921537113665e-17,526133248.119044,39342215.7481438,565475463.867188,251893615.722656,680112762.451172,0.0621102905273438,0.0372433471679688,9.1e-17
25718.6889648438,2.45921414524088e-17,526468926.462637,39342230.7639251,565811157.226562,252043151.855469,680516510.009766,0.0621560668945313,0.0372455269949777,9.1e-17
25733.9477539062,2.45921292689782e-17,526804604.898736,39342245.687202,566146850.585938,252192687.988281,680920257.568359,0.0622018432617188,0.0372477068219866,9.1e-17
25749.2065429688,2.45921171606094e-17,527140283.426768,39342260.5185443,566482543.945312,252342224.121094,681324005.126953,0.0622476196289063,0.0372498866489955,9.1e-17
25764.4653320312,2.45921051268399e-17,527475962.046169,39342275.2585185,566818237.304688,252491760.253906,681727752.685547,0.0622933959960938,0.0372520664760045,9.1e-17
25779.7241210938,2.45920931672101e-17,527811640.756375,39342289.9076872,567153930.664062,252641296.386719,682131500.244141,0.0623391723632813,0.0372542463030134,9.1e-17
25794.9829101562,2.45920812812633e-17,528147319.556828,39342304.4666098,567489624.023438,252790832.519531,682535247.802734,0.0623849487304688,0.0372564261300223,9.1e-17
25810.2416992188,2.45920694685455e-17,528482998.44697,39342318.9358424,567825317.382812,252940368.652344,682938995.361328,0.0624307250976563,0.0372586059570313,9.1e-17
25825.5004882812,2.45920577286056e-17,528818677.42625,39342333.3159373,568161010.742188,253089904.785156,683342742.919922,0.0624765014648438,0.0372607857840402,9.1e-17
25840.7592773438,2.4592046060995e-17,529154356.494119,39342347.6074437,568496704.101562,253239440.917969,683746490.478516,0.0625222778320313,0.0372629656110491,9.1e-17
25856.0180664062,2.45920344652683e-17,529490035.65003,39342361.8109072,568832397.460938,253388977.050781,684150238.037109,0.0625680541992188,0.037265145438058,9.1e-17
25871.2768554688,2.45920229409825e-17,529825714.893442,39342375.9268703,569168090.820312,253538513.183594,684553985.595703,0.0626138305664063,0.037267325265067,9.1e-17
25886.5356445312,2.45920114876976e-17,530161394.223816,39342389.9558719,569503784.179688,253688049.316406,684957733.154297,0.0626596069335938,0.0372695050920759,9.1e-17
25901.7944335938,2.4592000104976e-17,530497073.640615,39342403.8984478,569839477.539062,253837585.449219,685361480.712891,0.0627053833007813,0.0372716849190848,9.1e-17
25917.0532226562,2.4591988792383e-17,530832753.143307,39342417.7551302,570175170.898438,253987121.582031,685765228.271484,0.0627511596679688,0.0372738647460938,9.1e-17
25932.3120117188,2.45919775494867e-17,531168432.731364,39342431.5264482,570510864.257812,254136657.714844,686168975.830078,0.0627969360351563,0.0372760445731027,9.1e-17
25947.5708007812,2.45919663758574e-17,531504112.40426,39342445.2129279,570846557.617188,254286193.847656,686572723.388672,0.0628427124023438,0.0372782244001116,9.1e-17
25962.8295898438,2.45919552710687e-17,531839792.161471,39342458.8150917,571182250.976562,254435729.980469,686976470.947266,0.0628884887695313,0.0372804042271205,9.1e-17
25978.0883789062,2.45919442346962e-17,532175472.002478,39342472.3334591,571517944.335938,254585266.113281,687380218.505859,0.0629342651367188,0.0372825840541295,9.1e-17
25993.3471679688,2.45919332663185e-17,532511151.926766,39342485.7685462,571853637.695312,254734802.246094,687783966.064453,0.0629800415039063,0.0372847638811384,9.1e-17
26008.6059570312,2.45919223655167e-17,532846831.933821,39342499.1208661,572189331.054688,254884338.378906,688187713.623047,0.0630258178710938,0.0372869437081473,9.1e-17
26023.8647460938,2.45919115318745e-17,533182512.023134,39342512.3909285,572525024.414062,255033874.511719,688591461.181641,0.0630715942382813,0.0372891235351563,9.1e-17
26039.1235351562,2.4591900764978e-17,533518192.194197,39342525.5792403,572860717.773438,255183410.644531,688995208.740234,0.0631173706054688,0.0372913033621652,9.1e-17
26054.3823242188,2.4591890064416e-17,533853872.446507,39342538.686305,573196411.132812,255332946.777344,689398956.298828,0.0631631469726563,0.0372934831891741,9.1e-17
26069.6411132812,2.459187942978e-17,534189552.779564,39342551.7126231,573532104.492188,255482482.910156,689802703.857422,0.0632089233398438,0.037295663016183,9.1e-17
26084.8999023438,2.45918688606636e-17,534525233.19287,39342564.6586921,573867797.851562,255632019.042969,690206451.416016,0.0632546997070313,0.037297842843192,9.1e-17
26100.1586914062,2.45918583566632e-17,534860913.685931,39342577.5250063,574203491.210938,255781555.175781,690610198.974609,0.0633004760742188,0.0373000226702009,9.1e-17
26115.4174804688,2.45918479173777e-17,535196594.258256,39342590.3120569,574539184.570312,255931091.308594,691013946.533203,0.0633462524414063,0.0373022024972098,9.1e-17
26130.6762695312,2.45918375424083e-17,535532274.909355,39342603.0203322,574874877.929688,256080627.441406,691417694.091797,0.0633920288085938,0.0373043823242188,9.1e-17
26145.9350585938,2.45918272313588e-17,535867955.638745,39342615.6503175,575210571.289062,256230163.574219,691821441.650391,0.0634378051757813,0.0373065621512277,9.1e-17
26161.1938476562,2.45918169838355e-17,536203636.445942,39342628.2024951,575546264.648438,256379699.707031,692225189.208984,0.0634835815429688,0.0373087419782366,9.1e-17
26176.4526367188,2.45918067994468e-17,536539317.330468,39342640.6773443,575881958.007812,256529235.839844,692628936.767578,0.0635293579101563,0.0373109218052455,9.1e-17
26191.7114257812,2.45917966778039e-17,536874998.291846,39342653.0753415,576217651.367188,256678771.972656,693032684.326172,0.0635751342773438,0.0373131016322545,9.1e-17
26206.9702148438,2.45917866185202e-17,537210679.329603,39342665.3969599,576553344.726562,256828308.105469,693436431.884766,0.0636209106445313,0.0373152814592634,9.1e-17
26222.2290039062,2.45917766212114e-17,537546360.443267,39342677.6426703,576889038.085938,256977844.238281,693840179.443359,0.0636666870117188,0.0373174612862723,9.1e-17
26237.4877929688,2.45917666854957e-17,537882041.632372,39342689.8129401,577224731.445312,257127380.371094,694243927.001953,0.0637124633789063,0.0373196411132813,9.1e-17
26252.7465820312,2.45917568109938e-17,538217722.896453,39342701.9082341,577560424.804688,257276916.503906,694647674.560547,0.0637582397460938,0.0373218209402902,9.1e-17
26268.0053710938,2.45917469973283e-17,538553404.235048,39342713.9290142,577896118.164062,257426452.636719,695051422.119141,0.0638040161132813,0.0373240007672991,9.1e-17
26283.2641601562,2.45917372441246e-17,538889085.647698,39342725.8757393,578231811.523438,257575988.769531,695455169.677734,0.0638497924804688,0.037326180594308,9.1e-17
26298.5229492188,2.45917275510101e-17,539224767.133947,39342737.7488657,578567504.882812,257725524.902344,695858917.236328,0.0638955688476563,0.037328360421317,9.1e-17
26313.7817382812,2.45917179176146e-17,539560448.693341,39342749.5488468,578903198.242188,257875061.035156,696262664.794922,0.0639413452148438,0.0373305402483259,9.1e-17
26329.0405273438,2.45917083435702e-17,539896130.325429,39342761.2761332,579238891.601562,258024597.167969,696666412.353516,0.0639871215820313,0.0373327200753348,9.1e-17
26344.2993164062,2.45916988285111e-17,540231812.029765,39342772.9311726,579574584.960938,258174133.300781,697070159.912109,0.0640328979492188,0.0373348999023438,9.1e-17
26359.5581054688,2.45916893720741e-17,540567493.805902,39342784.5144101,579910278.320312,258323669.433594,697473907.470703,0.0640786743164063,0.0373370797293527,9.1e-17
26374.8168945312,2.4591679973898e-17,540903175.653399,39342796.026288,580245971.679688,258473205.566406,697877655.029297,0.0641244506835938,0.0373392595563616,9.1e-17
26390.0756835938,2.45916706336237e-17,541238857.571816,39342807.4672461,580581665.039062,258622741.699219,698281402.587891,0.0641702270507813,0.0373414393833705,9.1e-17
26405.3344726562,2.45916613508947e-17,541574539.560717,39342818.8377209,580917358.398438,258772277.832031,698685150.146484,0.0642160034179688,0.0373436192103795,9.1e-17
26420.5932617188,2.45916521253562e-17,541910221.619666,39342830.1381469,581253051.757812,258921813.964844,699088897.705078,0.0642617797851563,0.0373457990373884,9.1e-17
26435.8520507812,2.4591642956656e-17,542245903.748232,39342841.3689555,581588745.117188,259071350.097656,699492645.263672,0.0643075561523438,0.0373479788643973,9.1e-17
26451.1108398438,2.45916338444439e-17,542581585.945987,39342852.5305755,581924438.476562,259220886.230469,699896392.822266,0.0643533325195313,0.0373501586914063,9.1e-17
26466.3696289062,2.45916247883719e-17,542917268.212504,39342863.6234332,582260131.835938,259370422.363281,700300140.380859,0.0643991088867188,0.0373523385184152,9.1e-17
26481.6284179688,2.45916157880942e-17,543252950.54736,39342874.6479522,582595825.195312,259519958.496094,700703887.939453,0.0644448852539063,0.0373545183454241,9.1e-17
26496.8872070312,2.45916068432669e-17,543588632.950134,39342885.6045535,582931518.554688,259669494.628906,701107635.498047,0.0644906616210938,0.037356698172433,9.1e-17
26512.1459960938,2.45915979535483e-17,543924315.420407,39342896.4936554,583267211.914062,259819030.761719,701511383.056641,0.0645364379882813,0.037358877999442,9.1e-17
26527.4047851562,2.45915891185992e-17,544259997.957764,39342907.3156738,583602905.273438,259968566.894531,701915130.615234,0.0645822143554688,0.0373610578264509,9.1e-17
26542.6635742188,2.45915803380819e-17,544595680.561791,39342918.0710219,583938598.632812,260118103.027344,702318878.173828,0.0646279907226563,0.0373632376534598,9.1e-17
26557.9223632812,2.4591571611661e-17,544931363.232077,39342928.7601105,584274291.992188,260267639.160156,702722625.732422,0.0646737670898438,0.0373654174804688,9.1e-17
26573.1811523438,2.45915629390035e-17,545267045.968215,39342939.3833476,584609985.351562,260417175.292969,703126373.291016,0.0647195434570313,0.0373675973074777,9.1e-17
26588.4399414062,2.45915543197779e-17,545602728.769799,39342949.941139,584945678.710938,260566711.425781,703530120.849609,0.0647653198242188,0.0373697771344866,9.1e-17
26603.6987304688,2.45915457536551e-17,545938411.636425,39342960.4338878,585281372.070312,260716247.558594,703933868.408203,0.0648110961914063,0.0373719569614955,9.1e-17
26618.9575195312,2.4591537240308e-17,546274094.567693,39342970.8619947,585617065.429688,260865783.691406,704337615.966797,0.0648568725585938,0.0373741367885045,9.1e-17
26634.2163085938,2.45915287794114e-17,546609777.563205,39342981.225858,585952758.789062,261015319.824219,704741363.525391,0.0649026489257813,0.0373763166155134,9.1e-17
26649.4750976562,2.45915203706421e-17,546945460.622564,39342991.5258733,586288452.148438,261164855.957031,705145111.083984,0.0649484252929688,0.0373784964425223,9.1e-17
26664.7338867188,2.45915120136791e-17,547281143.745378,39343001.762434,586624145.507812,261314392.089844,705548858.642578,0.0649942016601563,0.0373806762695313,9.1e-17
26679.9926757812,2.45915037082029e-17,547616826.931256,39343011.9359311,586959838.867188,261463928.222656,705952606.201172,0.0650399780273438,0.0373828560965402,9.1e-17
26695.2514648438,2.45914954538967e-17,547952510.17981,39343022.0467529,587295532.226562,261613464.355469,706356353.759766,0.0650857543945313,0.0373850359235491,9.1e-17
26710.5102539062,2.45914872504449e-17,548288193.490652,39343032.0952857,587631225.585938,261763000.488281,706760101.318359,0.0651315307617188,0.037387215750558,9.1e-17
26725.7690429688,2.45914790975344e-17,548623876.8634,39343042.081913,587966918.945312,261912536.621094,707163848.876953,0.0651773071289063,0.037389395577567,9.1e-17
26741.0278320312,2.45914709948537e-17,548959560.297671,39343052.0070163,588302612.304688,262062072.753906,707567596.435547,0.0652230834960938,0.0373915754045759,9.1e-17
26756.2866210938,2.45914629420935e-17,549295243.793088,39343061.8709745,588638305.664062,262211608.886719,707971343.994141,0.0652688598632813,0.0373937552315848,9.1e-17
26771.5454101562,2.45914549389461e-17,549630927.349273,39343071.6741644,588973999.023438,262361145.019531,708375091.552734,0.0653146362304688,0.0373959350585938,9.1e-17
26786.8041992188,2.45914469851058e-17,549966610.965852,39343081.4169604,589309692.382812,262510681.152344,708778839.111328,0.0653604125976563,0.0373981148856027,9.1e-17
26802.0629882812,2.45914390802689e-17,550302294.642453,39343091.0997343,589645385.742188,262660217.285156,709182586.669922,0.0654061889648438,0.0374002947126116,9.1e-17
26817.3217773438,2.45914312241335e-17,550637978.378706,39343100.722856,589981079.101562,262809753.417969,709586334.228516,0.0654519653320313,0.0374024745396205,9.1e-17
26832.5805664062,2.45914234163995e-17,550973662.174244,39343110.2866931,590316772.460938,262959289.550781,709990081.787109,0.0654977416992188,0.0374046543666295,9.1e-17
26847.8393554688,2.45914156567687e-17,551309346.028702,39343119.7916106,590652465.820312,263108825.683594,710393829.345703,0.0655435180664063,0.0374068341936384,9.1e-17
26863.0981445312,2.45914079449448e-17,551645029.941716,39343129.2379717,590988159.179688,263258361.816406,710797576.904297,0.0655892944335938,0.0374090140206473,9.1e-17
26878.3569335938,2.45914002806332e-17,551980713.912926,39343138.6261369,591323852.539062,263407897.949219,711201324.462891,0.0656350708007813,0.0374111938476563,9.1e-17
26893.6157226562,2.45913926635412e-17,552316397.941973,39343147.9564648,591659545.898438,263557434.082031,711605072.021484,0.0656808471679688,0.0374133736746652,9.1e-17
26908.8745117188,2.45913850933778e-17,552652082.028501,39343157.2293117,591995239.257812,263706970.214844,712008819.580078,0.0657266235351563,0.0374155535016741,9.1e-17
26924.1333007812,2.45913775698541e-17,552987766.172156,39343166.4450316,592330932.617188,263856506.347656,712412567.138672,0.0657723999023438,0.037417733328683,9.1e-17
26939.3920898438,2.45913700926826e-17,553323450.372586,39343175.6039766,592666625.976562,264006042.480469,712816314.697266,0.0658181762695313,0.037419913155692,9.1e-17
26954.6508789062,2.45913626615778e-17,553659134.629441,39343184.7064964,593002319.335938,264155578.613281,713220062.255859,0.0658639526367188,0.0374220929827009,9.1e-17
26969.9096679688,2.45913552762557e-17,553994818.942374,39343193.7529385,593338012.695312,264305114.746094,713623809.814453,0.0659097290039063,0.0374242728097098,9.1e-17
26985.1684570312,2.45913479364343e-17,554330503.311039,39343202.7436485,593673706.054688,264454650.878906,714027557.373047,0.0659555053710938,0.0374264526367188,9.1e-17
27000.4272460938,2.45913406418335e-17,554666187.735093,39343211.6789696,594009399.414062,264604187.011719,714431304.931641,0.0660012817382813,0.0374286324637277,9.1e-17
27015.6860351562,2.45913333921744e-17,555001872.214194,39343220.5592432,594345092.773438,264753723.144531,714835052.490234,0.0660470581054688,0.0374308122907366,9.1e-17
27030.9448242188,2.45913261871803e-17,555337556.748004,39343229.3848082,594680786.132812,264903259.277344,715238800.048828,0.0660928344726563,0.0374329921177455,9.1e-17
27046.2036132812,2.4591319026576e-17,555673241.336186,39343238.1560017,595016479.492188,265052795.410156,715642547.607422,0.0661386108398438,0.0374351719447545,9.1e-17
27061.4624023438,2.45913119100879e-17,556008925.978404,39343246.8731587,595352172.851562,265202331.542969,716046295.166016,0.0661843872070313,0.0374373517717634,9.1e-17
27076.7211914062,2.45913048374443e-17,556344610.674325,39343255.536612,595687866.210938,265351867.675781,716450042.724609,0.0662301635742188,0.0374395315987723,9.1e-17
27091.9799804688,2.45912978083751e-17,556680295.42362,39343264.1466926,596023559.570312,265501403.808594,716853790.283203,0.0662759399414063,0.0374417114257813,9.1e-17
27107.2387695312,2.45912908226117e-17,557015980.225958,39343272.7037292,596359252.929688,265650939.941406,717257537.841797,0.0663217163085938,0.0374438912527902,9.1e-17
27122.4975585938,2.45912838798875e-17,557351665.081014,39343281.2080485,596694946.289062,265800476.074219,717661285.400391,0.0663674926757813,0.0374460710797991,9.1e-17
27137.7563476562,2.45912769799371e-17,557687349.988462,39343289.6599753,597030639.648438,265950012.207031,718065032.958984,0.0664132690429688,0.037448250906808,9.1e-17
27153.0151367188,2.45912701224971e-17,558023034.94798,39343298.0598325,597366333.007812,266099548.339844,718468780.517578,0.0664590454101563,0.037450430733817,9.1e-17
27168.2739257812,2.45912633073057e-17,558358719.959247,39343306.4079406,597702026.367188,266249084.472656,718872528.076172,0.0665048217773438,0.0374526105608259,9.1e-17
27183.5327148438,2.45912565341024e-17,558694405.021944,39343314.7046187,598037719.726562,266398620.605469,719276275.634766,0.0665505981445313,0.0374547903878348,9.1e-17
27198.7915039062,2.45912498026286e-17,559030090.135754,39343322.9501834,598373413.085938,266548156.738281,719680023.193359,0.0665963745117188,0.0374569702148438,9.1e-17
27214.0502929688,2.45912431126273e-17,559365775.300363,39343331.1449497,598709106.445312,266697692.871094,720083770.751953,0.0666421508789063,0.0374591500418527,9.1e-17
27229.3090820312,2.45912364638428e-17,559701460.515457,39343339.2892305,599044799.804688,266847229.003906,720487518.310547,0.0666879272460938,0.0374613298688616,9.1e-17
27244.5678710938,2.45912298560213e-17,560037145.780726,39343347.3833368,599380493.164062,266996765.136719,720891265.869141,0.0667337036132813,0.0374635096958705,9.1e-17
27259.8266601562,2.45912232889105e-17,560372831.09586,39343355.4275776,599716186.523438,267146301.269531,721295013.427734,0.0667794799804688,0.0374656895228795,9.1e-17
27275.0854492188,2.45912167622594e-17,560708516.460552,39343363.4222603,600051879.882812,267295837.402344,721698760.986328,0.0668252563476563,0.0374678693498884,9.1e-17
27290.3442382812,2.45912102758188e-17,561044201.874497,39343371.3676901,600387573.242188,267445373.535156,722102508.544922,0.0668710327148438,0.0374700491768973,9.1e-17
27305.6030273438,2.4591203829341e-17,561379887.337392,39343379.2641704,600723266.601562,267594909.667969,722506256.103516,0.0669168090820313,0.0374722290039063,9.1e-17
27320.8618164062,2.45911974225797e-17,561715572.848935,39343387.1120028,601058959.960938,267744445.800781,722910003.662109,0.0669625854492188,0.0374744088309152,9.1e-17
27336.1206054688,2.45911910552903e-17,562051258.408826,39343394.911487,601394653.320312,267893981.933594,723313751.220703,0.0670083618164063,0.0374765886579241,9.1e-17
27351.3793945312,2.45911847272297e-17,562386944.016767,39343402.6629207,601730346.679688,268043518.066406,723717498.779297,0.0670541381835938,0.037478768484933,9.1e-17
27366.6381835938,2.45911784381559e-17,562722629.672462,39343410.3666002,602066040.039062,268193054.199219,724121246.337891,0.0670999145507813,0.037480948311942,9.1e-17
27381.8969726562,2.4591172187829e-17,563058315.375618,39343418.0228194,602401733.398438,268342590.332031,724524993.896484,0.0671456909179688,0.0374831281389509,9.1e-17
27397.1557617188,2.45911659760103e-17,563394001.125942,39343425.6318707,602737426.757812,268492126.464844,724928741.455078,0.0671914672851563,0.0374853079659598,9.1e-17
27412.4145507812,2.45911598024622e-17,563729686.923143,39343433.1940449,603073120.117188,268641662.597656,725332489.013672,0.0672372436523438,0.0374874877929688,9.1e-17
27427.6733398438,2.45911536669493e-17,564065372.766932,39343440.7096307,603408813.476562,268791198.730469,725736236.572266,0.0672830200195313,0.0374896676199777,9.1e-17
27442.9321289062,2.4591147569237e-17,564401058.657022,39343448.178915,603744506.835938,268940734.863281,726139984.130859,0.0673287963867188,0.0374918474469866,9.1e-17
27458.1909179688,2.45911415090927e-17,564736744.593129,39343455.6021831,604080200.195312,269090270.996094,726543731.689453,0.0673745727539063,0.0374940272739955,9.1e-17
27473.4497070312,2.45911354862847e-17,565072430.574969,39343462.9797184,604415893.554688,269239807.128906,726947479.248047,0.0674203491210938,0.0374962071010045,9.1e-17
27488.7084960938,2.4591129500583e-17,565408116.60226,39343470.3118029,604751586.914062,269389343.261719,727351226.806641,0.0674661254882813,0.0374983869280134,9.1e-17
27503.9672851562,2.4591123551759e-17,565743802.674721,39343477.5987163,605087280.273438,269538879.394531,727754974.365234,0.0675119018554688,0.0375005667550223,9.1e-17
27519.2260742188,2.45911176395856e-17,566079488.792076,39343484.840737,605422973.632812,269688415.527344,728158721.923828,0.0675576782226563,0.0375027465820313,9.1e-17
27534.4848632812,2.4591111763837e-17,566415174.954046,39343492.0381415,605758666.992188,269837951.660156,728562469.482422,0.0676034545898438,0.0375049264090402,9.1e-17
27549.7436523438,2.45911059242886e-17,566750861.160358,39343499.1912048,606094360.351562,269987487.792969,728966217.041016,0.0676492309570313,0.0375071062360491,9.1e-17
27565.0024414062,2.45911001207175e-17,567086547.410738,39343506.3001999,606430053.710938,270137023.925781,729369964.599609,0.0676950073242188,0.037509286063058,9.1e-17
27580.2612304688,2.45910943529021e-17,567422233.704914,39343513.3653984,606765747.070312,270286560.058594,729773712.158203,0.0677407836914063,0.037511465890067,9.1e-17
27595.5200195312,2.4591088620622e-17,567757920.042617,39343520.3870701,607101440.429688,270436096.191406,730177459.716797,0.0677865600585938,0.0375136457170759,9.1e-17
27610.7788085938,2.45910829236583e-17,568093606.423579,39343527.365483,607437133.789062,270585632.324219,730581207.275391,0.0678323364257813,0.0375158255440848,9.1e-17
27626.0375976562,2.45910772617934e-17,568429292.847534,39343534.3009038,607772827.148438,270735168.457031,730984954.833984,0.0678781127929688,0.0375180053710938,9.1e-17
27641.2963867188,2.45910716348112e-17,568764979.314215,39343541.1935972,608108520.507812,270884704.589844,731388702.392578,0.0679238891601563,0.0375201851981027,9.1e-17
27656.5551757812,2.45910660424965e-17,569100665.823361,39343548.0438266,608444213.867188,271034240.722656,731792449.951172,0.0679696655273438,0.0375223650251116,9.1e-17
27671.8139648438,2.4591060484636e-17,569436352.374709,39343554.8518534,608779907.226562,271183776.855469,732196197.509766,0.0680154418945313,0.0375245448521205,9.1e-17
27687.0727539062,2.45910549610173e-17,569772038.968,39343561.6179377,609115600.585938,271333312.988281,732599945.068359,0.0680612182617188,0.0375267246791295,9.1e-17
27702.3315429688,2.45910494714295e-17,570107725.602975,39343568.3423378,609451293.945312,271482849.121094,733003692.626953,0.0681069946289063,0.0375289045061384,9.1e-17
27717.5903320312,2.45910440156628e-17,570443412.279377,39343575.0253106,609786987.304688,271632385.253906,733407440.185547,0.0681527709960938,0.0375310843331473,9.1e-17
27732.8491210938,2.4591038593509e-17,570779098.996951,39343581.6671114,610122680.664062,271781921.386719,733811187.744141,0.0681985473632813,0.0375332641601563,9.1e-17
27748.1079101562,2.45910332047609e-17,571114785.755444,39343588.2679936,610458374.023438,271931457.519531,734214935.302734,0.0682443237304688,0.0375354439871652,9.1e-17
27763.3666992188,2.45910278492127e-17,571450472.554603,39343594.8282094,610794067.382812,272080993.652344,734618682.861328,0.0682901000976563,0.0375376238141741,9.1e-17
27778.6254882812,2.45910225266599e-17,571786159.394178,39343601.3480093,611129760.742188,272230529.785156,735022430.419922,0.0683358764648438,0.037539803641183,9.1e-17
27793.8842773438,2.45910172368991e-17,572121846.27392,39343607.8276424,611465454.101562,272380065.917969,735426177.978516,0.0683816528320313,0.037541983468192,9.1e-17
27809.1430664062,2.45910119797284e-17,572457533.193581,39343614.267356,611801147.460938,272529602.050781,735829925.537109,0.0684274291992188,0.0375441632952009,9.1e-17
27824.4018554688,2.4591006754947e-17,572793220.152916,39343620.6673962,612136840.820312,272679138.183594,736233673.095703,0.0684732055664063,0.0375463431222098,9.1e-17
27839.6606445312,2.45910015623553e-17,573128907.15168,39343627.0280071,612472534.179688,272828674.316406,736637420.654297,0.0685189819335938,0.0375485229492188,9.1e-17
27854.9194335938,2.4590996401755e-17,573464594.189631,39343633.349432,612808227.539062,272978210.449219,737041168.212891,0.0685647583007813,0.0375507027762277,9.1e-17
27870.1782226562,2.45909912729491e-17,573800281.266526,39343639.631912,613143920.898438,273127746.582031,737444915.771484,0.0686105346679688,0.0375528826032366,9.1e-17
27885.4370117188,2.45909861757415e-17,574135968.382125,39343645.8756871,613479614.257812,273277282.714844,737848663.330078,0.0686563110351563,0.0375550624302455,9.1e-17
27900.6958007812,2.45909811099377e-17,574471655.536192,39343652.0809958,613815307.617188,273426818.847656,738252410.888672,0.0687020874023438,0.0375572422572545,9.1e-17
27915.9545898438,2.45909760753442e-17,574807342.728487,39343658.248075,614151000.976562,273576354.980469,738656158.447266,0.0687478637695313,0.0375594220842634,9.1e-17
27931.2133789062,2.45909710717687e-17,575143029.958777,39343664.3771603,614486694.335938,273725891.113281,739059906.005859,0.0687936401367188,0.0375616019112723,9.1e-17
27946.4721679688,2.45909660990201e-17,575478717.226827,39343670.4684857,614822387.695312,273875427.246094,739463653.564453,0.0688394165039063,0.0375637817382813,9.1e-17
27961.7309570312,2.45909611569083e-17,575814404.532404,39343676.5222839,615158081.054688,274024963.378906,739867401.123047,0.0688851928710938,0.0375659615652902,9.1e-17
27976.9897460938,2.45909562452448e-17,576150091.875276,39343682.5387861,615493774.414062,274174499.511719,740271148.681641,0.0689309692382813,0.0375681413922991,9.1e-17
27992.2485351562,2.4590951363842e-17,576485779.255216,39343688.5182219,615829467.773438,274324035.644531,740674896.240234,0.0689767456054688,0.037570321219308,9.1e-17
28007.5073242188,2.45909465125133e-17,576821466.671993,39343694.4608197,616165161.132812,274473571.777344,741078643.798828,0.0690225219726563,0.037572501046317,9.1e-17
28022.7661132812,2.45909416910734e-17,577157154.125381,39343700.3668066,616500854.492188,274623107.910156,741482391.357422,0.0690682983398438,0.0375746808733259,9.1e-17
28038.0249023438,2.45909368993384e-17,577492841.615155,39343706.236408,616836547.851562,274772644.042969,741886138.916016,0.0691140747070313,0.0375768607003348,9.1e-17
28053.2836914062,2.45909321371251e-17,577828529.141089,39343712.0698481,617172241.210938,274922180.175781,742289886.474609,0.0691598510742188,0.0375790405273438,9.1e-17
28068.5424804688,2.45909274042517e-17,578164216.702963,39343717.8673496,617507934.570312,275071716.308594,742693634.033203,0.0692056274414063,0.0375812203543527,9.1e-17
28083.8012695312,2.45909227005373e-17,578499904.300553,39343723.6291341,617843627.929688,275221252.441406,743097381.591797,0.0692514038085938,0.0375834001813616,9.1e-17
28099.0600585938,2.45909180258024e-17,578835591.933641,39343729.3554214,618179321.289062,275370788.574219,743501129.150391,0.0692971801757813,0.0375855800083705,9.1e-17
28114.3188476562,2.45909133798684e-17,579171279.602007,39343735.0464303,618515014.648438,275520324.707031,743904876.708984,0.0693429565429688,0.0375877598353795,9.1e-17
28129.5776367188,2.45909087625578e-17,579506967.305434,39343740.7023783,618850708.007812,275669860.839844,744308624.267578,0.0693887329101563,0.0375899396623884,9.1e-17
28144.8364257812,2.45909041736943e-17,579842655.043706,39343746.3234811,619186401.367188,275819396.972656,744712371.826172,0.0694345092773438,0.0375921194893973,9.1e-17
28160.0952148438,2.45908996131028e-17,580178342.816609,39343751.9099535,619522094.726562,275968933.105469,745116119.384766,0.0694802856445313,0.0375942993164063,9.1e-17
28175.3540039062,2.45908950806088e-17,580514030.623929,39343757.4620088,619857788.085938,276118469.238281,745519866.943359,0.0695260620117188,0.0375964791434152,9.1e-17
28190.6127929688,2.45908905760394e-17,580849718.465453,39343762.9798592,620193481.445312,276268005.371094,745923614.501953,0.0695718383789063,0.0375986589704241,9.1e-17
28205.8715820312,2.45908860992225e-17,581185406.340972,39343768.4637153,620529174.804688,276417541.503906,746327362.060547,0.0696176147460938,0.037600838797433,9.1e-17
28221.1303710938,2.45908816499871e-17,581521094.250276,39343773.9137865,620864868.164062,276567077.636719,746731109.619141,0.0696633911132813,0.037603018624442,9.1e-17
28236.3891601562,2.45908772281635e-17,581856782.193157,39343779.3302809,621200561.523438,276716613.769531,747134857.177734,0.0697091674804688,0.0376051984514509,9.1e-17
28251.6479492188,2.45908728335825e-17,582192470.169407,39343784.7134054,621536254.882812,276866149.902344,747538604.736328,0.0697549438476563,0.0376073782784598,9.1e-17
28266.9067382812,2.45908684660764e-17,582528158.178822,39343790.0633656,621871948.242188,277015686.035156,747942352.294922,0.0698007202148438,0.0376095581054688,9.1e-17
28282.1655273438,2.45908641254784e-17,582863846.221197,39343795.3803657,622207641.601562,277165222.167969,748346099.853516,0.0698464965820313,0.0376117379324777,9.1e-17
28297.4243164062,2.45908598116227e-17,583199534.296329,39343800.664609,622543334.960938,277314758.300781,748749847.412109,0.0698922729492188,0.0376139177594866,9.1e-17
28312.6831054688,2.45908555243445e-17,583535222.404015,39343805.9162971,622879028.320312,277464294.433594,749153594.970703,0.0699380493164063,0.0376160975864955,9.1e-17
28327.9418945312,2.45908512634801e-17,583870910.544057,39343811.1356306,623214721.679688,277613830.566406,749557342.529297,0.0699838256835938,0.0376182774135045,9.1e-17
28343.2006835938,2.45908470288667e-17,584206598.716254,39343816.3228089,623550415.039062,277763366.699219,749961090.087891,0.0700296020507813,0.0376204572405134,9.1e-17
28358.4594726562,2.45908428203427e-17,584542286.920408,39343821.47803,623886108.398438,277912902.832031,750364837.646484,0.0700753784179688,0.0376226370675223,9.1e-17
28373.7182617188,2.45908386377473e-17,584877975.156322,39343826.6014907,624221801.757812,278062438.964844,750768585.205078,0.0701211547851563,0.0376248168945313,9.1e-17
28388.9770507812,2.45908344809207e-17,585213663.423801,39343831.6933869,624557495.117188,278211975.097656,751172332.763672,0.0701669311523438,0.0376269967215402,9.1e-17
28404.2358398438,2.45908303497043e-17,585549351.72265,39343836.7539129,624893188.476562,278361511.230469,751576080.322266,0.0702127075195313,0.0376291765485491,9.1e-17
28419.4946289062,2.45908262439401e-17,585885040.052675,39343841.783262,625228881.835938,278511047.363281,751979827.880859,0.0702584838867188,0.037631356375558,9.1e-17
28434.7534179688,2.45908221634714e-17,586220728.413686,39343846.7816263,625564575.195312,278660583.496094,752383575.439453,0.0703042602539063,0.037633536202567,9.1e-17
28450.0122070312,2.45908181081423e-17,586556416.805491,39343851.7491966,625900268.554688,278810119.628906,752787322.998047,0.0703500366210938,0.0376357160295759,9.1e-17
28465.2709960938,2.45908140777981e-17,586892105.2279,39343856.6861627,626235961.914062,278959655.761719,753191070.556641,0.0703958129882813,0.0376378958565848,9.1e-17
28480.5297851562,2.45908100722846e-17,587227793.680724,39343861.5927131,626571655.273438,279109191.894531,753594818.115234,0.0704415893554688,0.0376400756835938,9.1e-17
28495.7885742188,2.45908060914489e-17,587563482.163777,39343866.4690353,626907348.632812,279258728.027344,753998565.673828,0.0704873657226563,0.0376422555106027,9.1e-17
28511.0473632812,2.45908021351392e-17,587899170.676872,39343871.3153152,627243041.992188,279408264.160156,754402313.232422,0.0705331420898438,0.0376444353376116,9.1e-17
28526.3061523438,2.4590798203204e-17,588234859.219824,39343876.1317383,627578735.351562,279557800.292969,754806060.791016,0.0705789184570313,0.0376466151646205,9.1e-17
28541.5649414062,2.45907942954934e-17,588570547.792449,39343880.9184883,627914428.710938,279707336.425781,755209808.349609,0.0706246948242188,0.0376487949916295,9.1e-17
28556.8237304688,2.45907904118582e-17,588906236.394565,39343885.6757479,628250122.070312,279856872.558594,755613555.908203,0.0706704711914063,0.0376509748186384,9.1e-17
28572.0825195312,2.45907865521499e-17,589241925.025989,39343890.4036989,628585815.429688,280006408.691406,756017303.466797,0.0707162475585938,0.0376531546456473,9.1e-17
28587.3413085938,2.4590782716221e-17,589577613.68654,39343895.102522,628921508.789062,280155944.824219,756421051.025391,0.0707620239257813,0.0376553344726563,9.1e-17
28602.6000976562,2.45907789039253e-17,589913302.376041,39343899.7723964,629257202.148438,280305480.957031,756824798.583984,0.0708078002929688,0.0376575142996652,9.1e-17
28617.8588867188,2.45907751151171e-17,590248991.094312,39343904.4135007,629592895.507812,280455017.089844,757228546.142578,0.0708535766601563,0.0376596941266741,9.1e-17
28633.1176757812,2.45907713496515e-17,590584679.841176,39343909.0260119,629928588.867188,280604553.222656,757632293.701172,0.0708993530273438,0.037661873953683,9.1e-17
28648.3764648438,2.45907676073848e-17,590920368.616456,39343913.6101063,630264282.226562,280754089.355469,758036041.259766,0.0709451293945313,0.037664053780692,9.1e-17
28663.6352539062,2.45907638881741e-17,591256057.419978,39343918.165959,630599975.585938,280903625.488281,758439788.818359,0.0709909057617188,0.0376662336077009,9.1e-17
28678.8940429688,2.45907601918775e-17,591591746.251569,39343922.6937438,630935668.945312,281053161.621094,758843536.376953,0.0710366821289063,0.0376684134347098,9.1e-17
28694.1528320312,2.45907565183535e-17,591927435.111054,39343927.1936338,631271362.304688,281202697.753906,759247283.935547,0.0710824584960938,0.0376705932617188,9.1e-17
28709.4116210938,2.45907528674621e-17,592263123.998262,39343931.6658007,631607055.664062,281352233.886719,759651031.494141,0.0711282348632813,0.0376727730887277,9.1e-17
28724.6704101562,2.45907492390637e-17,592598812.913022,39343936.1104155,631942749.023438,281501770.019531,760054779.052734,0.0711740112304688,0.0376749529157366,9.1e-17
28739.9291992188,2.45907456330197e-17,592934501.855165,39343940.5276477,632278442.382812,281651306.152344,760458526.611328,0.0712197875976563,0.0376771327427455,9.1e-17
28755.1879882812,2.45907420491924e-17,593270190.824521,39343944.9176662,632614135.742188,281800842.285156,760862274.169922,0.0712655639648438,0.0376793125697545,9.1e-17
28770.4467773438,2.45907384874451e-17,593605879.820924,39343949.2806385,632949829.101562,281950378.417969,761266021.728516,0.0713113403320313,0.0376814923967634,9.1e-17
28785.7055664062,2.45907349476415e-17,593941568.844206,39343953.6167313,633285522.460938,282099914.550781,761669769.287109,0.0713571166992188,0.0376836722237723,9.1e-17
28800.9643554688,2.45907314296465e-17,594277257.894202,39343957.9261101,633621215.820312,282249450.683594,762073516.845703,0.0714028930664063,0.0376858520507813,9.1e-17
28816.2231445312,2.45907279333259e-17,594612946.970748,39343962.2089397,633956909.179688,282398986.816406,762477264.404297,0.0714486694335938,0.0376880318777902,9.1e-17
28831.4819335938,2.45907244585459e-17,594948636.073679,39343966.4653834,634292602.539062,282548522.949219,762881011.962891,0.0714944458007813,0.0376902117047991,9.1e-17
28846.7407226562,2.4590721005174e-17,595284325.202834,39343970.695604,634628295.898438,282698059.082031,763284759.521484,0.0715402221679688,0.037692391531808,9.1e-17
28861.9995117188,2.45907175730781e-17,595620014.35805,39343974.8997629,634963989.257812,282847595.214844,763688507.080078,0.0715859985351563,0.037694571358817,9.1e-17
28877.2583007812,2.45907141621274e-17,595955703.539167,39343979.0780206,635299682.617188,282997131.347656,764092254.638672,0.0716317749023438,0.0376967511858259,9.1e-17
28892.5170898438,2.45907107721913e-17,596291392.746026,39343983.2305368,635635375.976562,283146667.480469,764496002.197266,0.0716775512695313,0.0376989310128348,9.1e-17
28907.7758789062,2.45907074031406e-17,596627081.978467,39343987.35747,635971069.335938,283296203.613281,764899749.755859,0.0717233276367188,0.0377011108398438,9.1e-17
28923.0346679688,2.45907040548465e-17,596962771.236335,39343991.4589779,636306762.695312,283445739.746094,765303497.314453,0.0717691040039063,0.0377032906668527,9.1e-17
28938.2934570312,2.45907007271811e-17,597298460.51947,39343995.5352172,636642456.054688,283595275.878906,765707244.873047,0.0718148803710938,0.0377054704938616,9.1e-17
28953.5522460938,2.45906974200174e-17,597634149.827719,39343999.5863433,636978149.414062,283744812.011719,766110992.431641,0.0718606567382813,0.0377076503208705,9.1e-17
28968.8110351562,2.4590694133229e-17,597969839.160926,39344003.6125112,637313842.773438,283894348.144531,766514739.990234,0.0719064331054688,0.0377098301478795,9.1e-17
28984.0698242188,2.45906908666904e-17,598305528.518938,39344007.6138744,637649536.132812,284043884.277344,766918487.548828,0.0719522094726563,0.0377120099748884,9.1e-17
28999.3286132812,2.45906876202769e-17,598641217.901602,39344011.5905859,637985229.492188,284193420.410156,767322235.107422,0.0719979858398438,0.0377141898018973,9.1e-17
29014.5874023438,2.45906843938644e-17,598976907.308765,39344015.5427976,638320922.851562,284342956.542969,767725982.666016,0.0720437622070313,0.0377163696289063,9.1e-17
29029.8461914062,2.45906811873298e-17,599312596.740277,39344019.4706602,638656616.210938,284492492.675781,768129730.224609,0.0720895385742188,0.0377185494559152,9.1e-17
29045.1049804688,2.45906780005506e-17,599648286.195989,39344023.374324,638992309.570312,284642028.808594,768533477.783203,0.0721353149414063,0.0377207292829241,9.1e-17
29060.3637695312,2.4590674833405e-17,599983975.67575,39344027.2539378,639328002.929688,284791564.941406,768937225.341797,0.0721810913085938,0.037722909109933,9.1e-17
29075.6225585938,2.45906716857721e-17,600319665.179412,39344031.10965,639663696.289062,284941101.074219,769340972.900391,0.0722268676757813,0.037725088936942,9.1e-17
29090.8813476562,2.45906685575316e-17,600655354.70683,39344034.9416078,639999389.648438,285090637.207031,769744720.458984,0.0722726440429688,0.0377272687639509,9.1e-17
29106.1401367188,2.45906654485641e-17,600991044.257855,39344038.7499576,640335083.007812,285240173.339844,770148468.017578,0.0723184204101563,0.0377294485909598,9.1e-17
29121.3989257812,2.45906623587508e-17,601326733.832343,39344042.5348446,640670776.367188,285389709.472656,770552215.576172,0.0723641967773438,0.0377316284179688,9.1e-17
29136.6577148438,2.45906592879739e-17,601662423.430149,39344046.2964135,641006469.726562,285539245.605469,770955963.134766,0.0724099731445313,0.0377338082449777,9.1e-17
29151.9165039062,2.45906562361159e-17,601998113.051129,39344050.034808,641342163.085938,285688781.738281,771359710.693359,0.0724557495117188,0.0377359880719866,9.1e-17
29167.1752929688,2.45906532030603e-17,602333802.695142,39344053.7501708,641677856.445312,285838317.871094,771763458.251953,0.0725015258789063,0.0377381678989955,9.1e-17
29182.4340820312,2.45906501886913e-17,602669492.362044,39344057.4426439,642013549.804688,285987854.003906,772167205.810547,0.0725473022460938,0.0377403477260045,9.1e-17
29197.6928710938,2.45906471928937e-17,603005182.051694,39344061.1123681,642349243.164062,286137390.136719,772570953.369141,0.0725930786132813,0.0377425275530134,9.1e-17
29212.9516601562,2.45906442155531e-17,603340871.763954,39344064.7594838,642684936.523438,286286926.269531,772974700.927734,0.0726388549804688,0.0377447073800223,9.1e-17
29228.2104492188,2.45906412565558e-17,603676561.498682,39344068.3841301,643020629.882812,286436462.402344,773378448.486328,0.0726846313476563,0.0377468872070313,9.1e-17
29243.4692382812,2.45906383157888e-17,604012251.255742,39344071.9864455,643356323.242188,286585998.535156,773782196.044922,0.0727304077148438,0.0377490670340402,9.1e-17
29258.7280273438,2.45906353931398e-17,604347941.034995,39344075.5665677,643692016.601562,286735534.667969,774185943.603516,0.0727761840820313,0.0377512468610491,9.1e-17
29273.9868164062,2.45906324884971e-17,604683630.836304,39344079.1246332,644027709.960938,286885070.800781,774589691.162109,0.0728219604492188,0.037753426688058,9.1e-17
29289.2456054688,2.45906296017499e-17,605019320.659535,39344082.6607779,644363403.320312,287034606.933594,774993438.720703,0.0728677368164063,0.037755606515067,9.1e-17
29304.5043945312,2.45906267327879e-17,605355010.50455,39344086.175137,644699096.679688,287184143.066406,775397186.279297,0.0729135131835938,0.0377577863420759,9.1e-17
29319.7631835938,2.45906238815013e-17,605690700.371218,39344089.6678448,645034790.039062,287333679.199219,775800933.837891,0.0729592895507813,0.0377599661690848,9.1e-17
29335.0219726562,2.45906210477815e-17,606026390.259403,39344093.1390344,645370483.398438,287483215.332031,776204681.396484,0.0730050659179688,0.0377621459960938,9.1e-17
29350.2807617188,2.45906182315202e-17,606362080.168974,39344096.5888385,645706176.757812,287632751.464844,776608428.955078,0.0730508422851563,0.0377643258231027,9.1e-17
29365.5395507812,2.45906154326097e-17,606697770.099799,39344100.0173888,646041870.117188,287782287.597656,777012176.513672,0.0730966186523438,0.0377665056501116,9.1e-17
29380.7983398438,2.45906126509433e-17,607033460.051746,39344103.4248164,646377563.476562,287931823.730469,777415924.072266,0.0731423950195313,0.0377686854771205,9.1e-17
29396.0571289062,2.45906098864146e-17,607369150.024686,39344106.8112513,646713256.835938,288081359.863281,777819671.630859,0.0731881713867188,0.0377708653041295,9.1e-17
29411.3159179688,2.45906071389181e-17,607704840.01849,39344110.1768228,647048950.195312,288230895.996094,778223419.189453,0.0732339477539063,0.0377730451311384,9.1e-17
29426.5747070312,2.45906044083489e-17,608040530.033028,39344113.5216595,647384643.554688,288380432.128906,778627166.748047,0.0732797241210938,0.0377752249581473,9.1e-17
29441.8334960938,2.45906016946026e-17,608376220.068173,39344116.8458892,647720336.914062,288529968.261719,779030914.306641,0.0733255004882813,0.0377774047851563,9.1e-17
29457.0922851562,2.45905989975756e-17,608711910.123799,39344120.1496388,648056030.273438,288679504.394531,779434661.865234,0.0733712768554688,0.0377795846121652,9.1e-17
29472.3510742188,2.45905963171648e-17,609047600.199778,39344123.4330344,648391723.632812,288829040.527344,779838409.423828,0.0734170532226563,0.0377817644391741,9.1e-17
29487.6098632812,2.45905936532681e-17,609383290.295986,39344126.6962014,648727416.992188,288978576.660156,780242156.982422,0.0734628295898438,0.037783944266183,9.1e-17
29502.8686523438,2.45905910057836e-17,609718980.412298,39344129.9392645,649063110.351562,289128112.792969,780645904.541016,0.0735086059570313,0.037786124093192,9.1e-17
29518.1274414062,2.45905883746101e-17,610054670.54859,39344133.1623476,649398803.710938,289277648.925781,781049652.099609,0.0735543823242188,0.0377883039202009,9.1e-17
29533.3862304688,2.45905857596472e-17,610390360.704739,39344136.3655736,649734497.070312,289427185.058594,781453399.658203,0.0736001586914063,0.0377904837472098,9.1e-17
29548.6450195312,2.4590583160795e-17,610726050.880622,39344139.5490651,650070190.429688,289576721.191406,781857147.216797,0.0736459350585938,0.0377926635742188,9.1e-17
29563.9038085938,2.45905805779542e-17,611061741.076119,39344142.7129436,650405883.789062,289726257.324219,782260894.775391,0.0736917114257813,0.0377948434012277,9.1e-17
29579.1625976562,2.45905780110262e-17,611397431.291108,39344145.8573297,650741577.148438,289875793.457031,782664642.333984,0.0737374877929688,0.0377970232282366,9.1e-17
29594.4213867188,2.4590575459913e-17,611733121.525469,39344148.9823438,651077270.507812,290025329.589844,783068389.892578,0.0737832641601563,0.0377992030552455,9.1e-17
29609.6801757812,2.45905729245171e-17,612068811.779082,39344152.0881051,651412963.867188,290174865.722656,783472137.451172,0.0738290405273438,0.0378013828822545,9.1e-17
29624.9389648438,2.45905704047417e-17,612404502.05183,39344155.1747321,651748657.226562,290324401.855469,783875885.009766,0.0738748168945313,0.0378035627092634,9.1e-17
29640.1977539062,2.45905679004906e-17,612740192.343595,39344158.2423428,652084350.585938,290473937.988281,784279632.568359,0.0739205932617188,0.0378057425362723,9.1e-17
29655.4565429688,2.45905654116681e-17,613075882.654258,39344161.2910545,652420043.945312,290623474.121094,784683380.126953,0.0739663696289063,0.0378079223632813,9.1e-17
29670.7153320312,2.45905629381791e-17,613411572.983704,39344164.3209834,652755737.304688,290773010.253906,785087127.685547,0.0740121459960938,0.0378101021902902,9.1e-17
29685.9741210938,2.45905604799293e-17,613747263.331817,39344167.3322453,653091430.664062,290922546.386719,785490875.244141,0.0740579223632813,0.0378122820172991,9.1e-17
29701.2329101562,2.45905580368246e-17,614082953.698482,39344170.3249552,653427124.023438,291072082.519531,785894622.802734,0.0741036987304688,0.037814461844308,9.1e-17
29716.4916992188,2.45905556087719e-17,614418644.083585,39344173.2992275,653762817.382812,291221618.652344,786298370.361328,0.0741494750976563,0.037816641671317,9.1e-17
29731.7504882812,2.45905531956783e-17,614754334.487012,39344176.2551756,654098510.742188,291371154.785156,786702117.919922,0.0741952514648438,0.0378188214983259,9.1e-17
29747.0092773438,2.45905507974517e-17,615090024.90865,39344179.1929125,654434204.101562,291520690.917969,787105865.478516,0.0742410278320313,0.0378210013253348,9.1e-17
29762.2680664062,2.45905484140005e-17,615425715.348387,39344182.1125503,654769897.460938,291670227.050781,787509613.037109,0.0742868041992188,0.0378231811523438,9.1e-17
29777.5268554688,2.45905460452337e-17,615761405.806112,39344185.0142006,655105590.820312,291819763.183594,787913360.595703,0.0743325805664063,0.0378253609793527,9.1e-17
29792.7856445312,2.45905436910608e-17,616097096.281713,39344187.8979743,655441284.179688,291969299.316406,788317108.154297,0.0743783569335938,0.0378275408063616,9.1e-17
29808.0444335938,2.45905413513918e-17,616432786.775081,39344190.7639813,655776977.539062,292118835.449219,788720855.712891,0.0744241333007813,0.0378297206333705,9.1e-17
29823.3032226562,2.45905390261375e-17,616768477.286106,39344193.6123313,656112670.898438,292268371.582031,789124603.271484,0.0744699096679688,0.0378319004603795,9.1e-17
29838.5620117188,2.45905367152091e-17,617104167.81468,39344196.4431329,656448364.257812,292417907.714844,789528350.830078,0.0745156860351563,0.0378340802873884,9.1e-17
29853.8208007812,2.45905344185182e-17,617439858.360693,39344199.2564943,656784057.617188,292567443.847656,789932098.388672,0.0745614624023438,0.0378362601143973,9.1e-17
29869.0795898438,2.45905321359771e-17,617775548.92404,39344202.0525229,657119750.976562,292716979.980469,790335845.947266,0.0746072387695313,0.0378384399414063,9.1e-17
29884.3383789062,2.45905298674987e-17,618111239.504612,39344204.8313255,657455444.335938,292866516.113281,790739593.505859,0.0746530151367188,0.0378406197684152,9.1e-17
29899.5971679688,2.45905276129963e-17,618446930.102304,39344207.5930083,657791137.695312,293016052.246094,791143341.064453,0.0746987915039063,0.0378427995954241,9.1e-17
29914.8559570312,2.45905253723839e-17,618782620.717011,39344210.3376766,658126831.054688,293165588.378906,791547088.623047,0.0747445678710938,0.037844979422433,9.1e-17
29930.1147460938,2.45905231455758e-17,619118311.348627,39344213.0654354,658462524.414062,293315124.511719,791950836.181641,0.0747903442382813,0.037847159249442,9.1e-17
29945.3735351562,2.4590520932487e-17,619454001.997049,39344215.7763889,658798217.773438,293464660.644531,792354583.740234,0.0748361206054688,0.0378493390764509,9.1e-17
29960.6323242188,2.45905187330329e-17,619789692.662172,39344218.4706404,659133911.132812,293614196.777344,792758331.298828,0.0748818969726563,0.0378515189034598,9.1e-17
29975.8911132812,2.45905165471297e-17,620125383.343894,39344221.148293,659469604.492188,293763732.910156,793162078.857422,0.0749276733398438,0.0378536987304688,9.1e-17
29991.1499023438,2.45905143746936e-17,620461074.042114,39344223.809449,659805297.851562,293913269.042969,793565826.416016,0.0749734497070313,0.0378558785574777,9.1e-17
