cycle_time_years,leading_front_depth_m,deepest_front_depth_m,maximum_velocity_m_s
0.000000000000000000e+00,2.032350031321855931e+04,2.032350031321855931e+04,9.823027479065340149e-04
2.719305717655287707e-07,2.032343173300287890e+04,2.032343173300287890e+04,6.184328350416651863e-04
6.985034278267934177e-07,2.032336612609423537e+04,2.032336612609423537e+04,3.821351855495097572e-04
1.325605879459259679e-06,2.032331188023546929e+04,2.032331188023546929e+04,2.394683765741869588e-04
2.285436184490231896e-06,2.032326334446709734e+04,2.032326334446709734e+04,1.497138090566680095e-04
3.771508791982972030e-06,2.032321770285143793e+04,2.032321770285143793e+04,9.250414478194655737e-05
6.125181120853325918e-06,2.032317487316657207e+04,2.032317487316657207e+04,5.719328482680885282e-05
9.730178043561691796e-06,2.032313772247837187e+04,2.032313772247837187e+04,3.530973830451855199e-05
1.542939926295611904e-05,2.032309777973380915e+04,2.032309777973380915e+04,2.169322232096974998e-05
2.370560051663721468e-05,2.032306351598591209e+04,2.032306351598591209e+04,1.362690668559096253e-05
3.631058484364979653e-05,2.032302923076083243e+04,2.032302923076083243e+04,8.539255427067884519e-06
5.585117690882990884e-05,2.745663471026791740e+03,2.032298926012805532e+04,5.348636974519653440e-06
8.618898118775549725e-05,3.979332762254549834e+03,2.032294357940488408e+04,3.311064075209766190e-06
1.345990602092591584e-04,4.042490510093573448e+03,2.032288931677482469e+04,2.031962678380393303e-06
2.104136506652948160e-04,4.056454253455552134e+03,2.032281509660278971e+04,1.242526094509584724e-06
3.344958839445031805e-04,8.944825879170657572e+03,2.032271091076387165e+04,7.416489917191139983e-07
5.200719134382752020e-04,1.103546469316080584e+04,2.032256774250613307e+04,4.529165806214212651e-07
7.953889310370531804e-04,1.235991395626969461e+04,2.032236584438712453e+04,2.818102042717437923e-07
1.234455444780922567e-03,1.263785182721563615e+04,2.032205791113586383e+04,1.713708510045642323e-07
1.912808031244906835e-03,1.274270129435622039e+04,2.032159443247369927e+04,1.043896553327900893e-07
2.919566226428031448e-03,1.280793349866675817e+04,2.032092958620588252e+04,6.430530613931204224e-08
4.505628512126699792e-03,1.286185199595632184e+04,2.031991490287451234e+04,3.860987198795055120e-08
6.742040232191473005e-03,1.290674980038835383e+04,2.031854754885958391e+04,2.391385860182653012e-08
9.945029968435352072e-03,1.294790643940918017e+04,2.031670496806221126e+04,1.488607071566257834e-08
1.457136098246436876e-02,1.298649318522493013e+04,2.031427904869143094e+04,9.277103224876081252e-09
2.180362885604597567e-02,1.302492875287821698e+04,2.031100255931054926e+04,5.445890083955554160e-09
3.110461644870438774e-02,4.003168404876655131e+03,2.030765523141007361e+04,3.360960293955239571e-09
5.626699688803467325e-02,3.845827758617957443e+03,2.030291711199595375e+04,5.114196712147264923e-09
6.321800857943285501e-02,3.798878306151360903e+03,2.030259532190482423e+04,8.327646321301232474e-09
6.834011782477962538e-02,3.761349381476191411e+03,2.030260085039439582e+04,1.324019848008166143e-08
7.210555463047914337e-02,3.730026296458087927e+03,2.030272972997357647e+04,2.101895681892238577e-08
7.502275046369774603e-02,3.701284241970259700e+03,2.030289779062110756e+04,3.387781812833826540e-08
7.703738902015075385e-02,3.675566271750669785e+03,2.030304407029505091e+04,5.403711681652746593e-08
7.854379508351301553e-02,3.650083382589156827e+03,2.030316566028453963e+04,8.744986982986926072e-08
7.965235817389189343e-02,3.623243465490535527e+03,2.030325722670635514e+04,1.389896105121502301e-07
8.057749569828551173e-02,3.591416985738739186e+03,2.030333082776345327e+04,2.210978070455370739e-07
8.162430148724623968e-02,3.537290008451675021e+03,2.030340092546521555e+04,3.504390157203498861e-07
8.353240294619912465e-02,3.430774618093291792e+03,2.030353506966404530e+04,2.190663187777806715e-07
8.440027078917493319e-02,3.402746863073039094e+03,2.030362668457573818e+04,1.369781891294538666e-07
8.545345398174974960e-02,3.377533302044166248e+03,2.030375557478695555e+04,8.632013207567873812e-08
8.694562224147256435e-02,3.352855556673229330e+03,2.030396064271805517e+04,5.437503478403152977e-08
8.905784958955631492e-02,3.329945366932677643e+03,2.030428071338891823e+04,3.430287310590083891e-08
9.269823442022921689e-02,3.301554646970406793e+03,2.030491127611679985e+04,2.161553083150114451e-08
1.021667923000033062e-01,3.249443588170587645e+03,2.030694485289096701e+04,1.363361199844872062e-08
1.241562557659859484e-01,3.121308118543850014e+03,2.031362936880419511e+04,2.204948191119108288e-08
1.282510603977965458e-01,3.084261876640322953e+03,2.031513605897429807e+04,3.511448181714533389e-08
1.298621260098100361e-01,3.065632210880115053e+03,2.031574144457118382e+04,5.629530520536875970e-08
1.307870516033744490e-01,3.049706186213213641e+03,2.031608586344247669e+04,9.050619199079468242e-08
1.313383530262810239e-01,3.039726911668260527e+03,2.031628657102957004e+04,1.466470299088456552e-07
1.316735973125640613e-01,3.027973961198219058e+03,2.031640342453100675e+04,2.343122775278715809e-07
1.318744805190857350e-01,3.019845501605406753e+03,2.031646641987283874e+04,3.783122495372387032e-07
1.319958716124597642e-01,3.014162935912573175e+03,2.031649905908967776e+04,6.145369218745240339e-07
1.320678868756311186e-01,3.008762090644107047e+03,2.031651149241330131e+04,1.017022443331149601e-06
1.321084339739200808e-01,3.003114545993223601e+03,2.031651196567214356e+04,1.630631965593474182e-06
1.321321024640744468e-01,2.998671824602968627e+03,2.031650737207266502e+04,2.620764440577053195e-06
1.321461666335678187e-01,2.995081738848878103e+03,2.031650048167345085e+04,4.201481261011168157e-06
1.321549118088869712e-01,2.991998822627837853e+03,2.031649129447449741e+04,6.824953812684452215e-06
1.321600577757350015e-01,2.989458305838064916e+03,2.031648210727554033e+04,1.092258612202789586e-05
1.321632863774627187e-01,2.987203254588157051e+03,2.031647062327685126e+04,1.756209252916441022e-05
1.321652817915313083e-01,2.985195303000929016e+03,2.031646143607789418e+04,2.851004737469618644e-05
1.321664908448924591e-01,2.982592646076923302e+03,2.031644995207920510e+04,4.582966837016734193e-05
1.321672759043217571e-01,2.979983025482927133e+03,2.031644028626232466e+04,7.923841837861837355e-05
1.321677642600280755e-01,2.977501591107485183e+03,2.031642928088155895e+04,1.264384774926617682e-04
1.321680439578343524e-01,2.975316640479297803e+03,2.031641779688286624e+04,2.065245591729898700e-04
1.321682094490494452e-01,2.973358629921174270e+03,2.031640860968391280e+04,3.278158561042713681e-04
1.321683172255253558e-01,2.971423841066895875e+03,2.031639942248495572e+04,5.307239221091649382e-04
1.321683827745877282e-01,2.969624430455505262e+03,2.031639023528600228e+04,8.468857779858462304e-04
1.321684011327941555e-01,2.968944626443430025e+03,2.031638564168652738e+04,1.007237304612614882e-03
1.321684185779299914e-01,2.968174965596865150e+03,2.031638286194702232e+04,1.233463355937328837e-03
1.321684350432087984e-01,2.967284475716780889e+03,2.031637645448757394e+04,1.572564671784084560e-03
1.321684511323076294e-01,2.966167760972213273e+03,2.031637137708396040e+04,2.112543982565360384e-03
1.321684671450100157e-01,2.964614677054318690e+03,2.031636267368914196e+04,3.200281995692999103e-03
1.321684793755742715e-01,2.962796702596901923e+03,2.031635118969044925e+04,5.160071586043097312e-03
1.321684873880752398e-01,2.960895385179897858e+03,2.031634151644000303e+04,8.298200900293185855e-03
1.321684928483061461e-01,2.958798547887975474e+03,2.031632822169306382e+04,1.332944739660996657e-02
1.321684967635034236e-01,2.956312554333137996e+03,2.031631395276865805e+04,2.138097060712677161e-02
1.321684999694346108e-01,2.952199817892164447e+03,2.031629147289725006e+04,3.441952513003838920e-02
1.321685023669776915e-01,2.946064940326997203e+03,2.031626391130038610e+04,5.461617569415955914e-02
1.321685046793604768e-01,2.936462878381632436e+03,2.031622207386416994e+04,8.680286860929312120e-02
1.321685077050588908e-01,2.915397811750590336e+03,2.031613938285013501e+04,1.381537496856300729e-01
1.321685126383416453e-01,2.854959354355621599e+03,2.031593035834242983e+04,2.189608109709461348e-01
1.321685188527155219e-01,2.748838824939695769e+03,2.031549338362146227e+04,3.470468728646687318e-01
1.321685347157074419e-01,2.366125194926294625e+03,2.031326156266692851e+04,3.867207231734707817e-01
1.321685505689080553e-01,2.031086534115787435e+04,2.031086534115787435e+04,3.444052313779231156e-01
1.321685664202350008e-01,2.030868372356421969e+04,2.030868372356421969e+04,2.890343126656463313e-01
1.321685822922022968e-01,2.030614042822361444e+04,2.030614042822361444e+04,3.483227136374852373e-01
1.321685843853079301e-01,2.030550171105334084e+04,2.030550171105334084e+04,5.528247479049480662e-01
1.321685891369678012e-01,2.030356511605197011e+04,2.030356511605197011e+04,3.481742534735589034e-01
1.321685978059403410e-01,2.030018765633992007e+04,2.030018765633992007e+04,2.193249929036635570e-01
1.321686136902978925e-01,2.029517618172472430e+04,2.029517618172472430e+04,1.968617704026216220e-01
1.321686295664053212e-01,2.029151627474798079e+04,2.029151627474798079e+04,1.776664115815607681e-01
1.321686454327516691e-01,2.028896480080623587e+04,2.028896480080623587e+04,1.424739289656732077e-01
1.321686613780934105e-01,2.028732274465095543e+04,2.028732274465095543e+04,1.010466034710318095e-01
1.321686759159634850e-01,2.028653641917286950e+04,2.028653641917286950e+04,6.374775217104501623e-02
1.321686879234126311e-01,2.028624579719533722e+04,2.028624579719533722e+04,4.008330061007159273e-02
1.321686998607208841e-01,2.028611592083667711e+04,2.028611592083667711e+04,2.528020809316399928e-02
1.321687137565948356e-01,2.028604098928324311e+04,2.028604098928324311e+04,1.577235236341159585e-02
1.321687298564218072e-01,2.028599784687369174e+04,2.028599784687369174e+04,1.011765928004246598e-02
1.321687463728934975e-01,2.028597059903608169e+04,2.028597059903608169e+04,7.100835885822253876e-03
1.321687633141391260e-01,2.028595243381100590e+04,2.028595243381100590e+04,5.245793280751072027e-03
1.321687792674287598e-01,2.028594108054533717e+04,2.028594108054533717e+04,4.133491315924642771e-03
1.321687959944137791e-01,2.028593199793279928e+04,2.028593199793279928e+04,3.349871737974053753e-03
1.321688132972128893e-01,2.028592291532026138e+04,2.028592291532026138e+04,2.789615621187723719e-03
1.321688306271798785e-01,2.028591790048690746e+04,2.028591790048690746e+04,2.363325002337909701e-03
1.321688483449011686e-01,2.028591156205458901e+04,2.028591156205458901e+04,2.040593036028688113e-03
1.321688650132591403e-01,2.028590702074832006e+04,2.028590702074832006e+04,1.800309295899831918e-03
1.321688814820132785e-01,2.028590427555434144e+04,2.028590427555434144e+04,1.609103000931632341e-03
1.321688984430833269e-01,2.028590020878891664e+04,2.028590020878891664e+04,1.449959518099314766e-03
1.321689157191376363e-01,2.028589793813578217e+04,2.028589793813578217e+04,1.312949192701957143e-03
1.321689317056693735e-01,2.028589566748264770e+04,2.028589566748264770e+04,1.206364961092188607e-03
1.321689486549837977e-01,2.028589339682951686e+04,2.028589339682951686e+04,1.110201123270969283e-03
1.321689666716726885e-01,2.028589112617638239e+04,2.028589112617638239e+04,1.021439777731331447e-03
1.321689725709716268e-01,2.028589065062177906e+04,2.028589065062177906e+04,9.943564545962029714e-04
1.321691079899382781e-01,2.028587929651130617e+04,2.028587929651130617e+04,6.176290087741581223e-04
1.321693047820308442e-01,2.028586841964503765e+04,2.028586841964503765e+04,3.879574221422791127e-04
1.321696025366583260e-01,2.028585933703249975e+04,2.028585933703249975e+04,2.421962869914382334e-04
1.321700565090656310e-01,2.028585204664617413e+04,2.028585204664617413e+04,1.511251034244896221e-04
1.321707386490564018e-01,2.028584571311369655e+04,2.028584571311369655e+04,9.477578777360940658e-05
1.321717908721666834e-01,2.028583890115429313e+04,2.028583890115429313e+04,5.908069828796566863e-05
1.321733924184343711e-01,2.028583388006942187e+04,2.028583388006942187e+04,3.685977148122042006e-05
1.321759246935798326e-01,2.028582933842523198e+04,2.028582933842523198e+04,2.269804018979231904e-05
1.321799967774729134e-01,2.028582479678104210e+04,2.028582479678104210e+04,1.402770680282760145e-05
1.321856609370423430e-01,2.028582025513685585e+04,2.028582025513685585e+04,8.761230024800318800e-06
1.321951590702313550e-01,2.028581619462294839e+04,2.028581619462294839e+04,5.334447137468305362e-06
1.322090620047408904e-01,2.028581392396981391e+04,2.028581392396981391e+04,3.334940767018379139e-06
1.322310819673783722e-01,2.807198848043565704e+03,2.028581165331667944e+04,2.051858915695123027e-06
1.322645985294446658e-01,3.963002454280265738e+03,2.028580986422904243e+04,1.275654923044502881e-06
1.323159157370669969e-01,4.910252902649085627e+03,2.028580807540759633e+04,7.869682295983431143e-07
1.323913906844308430e-01,5.298212071379083682e+03,2.028581082714509830e+04,4.931889369021855813e-07
1.325127126221530283e-01,5.452136188398146260e+03,2.028581405958338655e+04,3.014183150355990848e-07
1.326883000180298644e-01,5.532938451743295445e+03,2.028582004108926049e+04,1.885085437656569773e-07
1.329482572745118718e-01,5.589266083021807390e+03,2.028583282631569818e+04,1.181112518759394705e-07
1.333764479510076428e-01,5.639612627924532717e+03,2.028585432175129245e+04,7.132862269968744501e-08
1.340123660148533347e-01,5.683715418628273255e+03,2.028588902619303190e+04,4.307696081929460646e-08
1.348820972585568212e-01,5.722327111778677136e+03,2.028594272587843079e+04,2.714594684889843112e-08
1.364791062263087662e-01,5.768291215785834538e+03,2.028605613192573583e+04,1.530307100790133269e-08
1.387576187341437450e-01,5.810530265079978562e+03,2.028624349309671015e+04,8.849698931427011610e-09
1.418040783983052222e-01,5.847587995255516034e+03,2.028654425373396589e+04,5.335176036203648287e-09
1.467050693020438834e-01,5.885259847561375864e+03,2.028714199808555350e+04,2.987746688028030460e-09
1.718403972711666228e-01,2.029224590059205366e+04,2.029224590059205366e+04,2.689738821076199588e-09
2.072761803931463809e-01,2.030467397460729626e+04,2.030467397460729626e+04,2.649127333717557945e-09
2.378267736695071355e-01,2.031932145134677558e+04,2.031932145134677558e+04,2.604810540424775184e-09
2.807328508572152215e-01,2.034522664552014976e+04,2.034522664552014976e+04,2.537457182783217393e-09
3.064044288178011666e-01,2.036324359598474621e+04,2.036324359598474621e+04,2.496941677534128996e-09
3.364933773241747250e-01,2.038640539844498198e+04,2.038640539844498198e+04,2.450638870026421657e-09
3.710210098132835088e-01,2.041552690966117370e+04,2.041552690966117370e+04,2.399698396828692311e-09
4.073660785208655932e-01,2.044876534938294208e+04,2.044876534938294208e+04,2.349069076442661874e-09
4.382392893714632809e-01,2.047880295918422416e+04,2.047880295918422416e+04,2.308592634332369333e-09
4.685293469820487333e-01,2.050960086881637835e+04,2.050960086881637835e+04,2.271059925093626289e-09
4.986124467754537992e-01,2.054130272329388754e+04,2.054130272329388754e+04,2.235820221705808123e-09
5.269311994707206459e-01,2.057193698512402261e+04,2.057193698512402261e+04,2.204394421778721955e-09
5.538352484168711509e-01,2.060155684977997953e+04,2.060155684977997953e+04,2.176013150336459009e-09
5.814642775641389871e-01,2.063231802915933804e+04,2.063231802915933804e+04,2.148269803457169115e-09
6.109317367587956404e-01,2.066528867578769859e+04,2.066528867578769859e+04,2.120146721341577593e-09
6.407926473566905035e-01,2.069859277492415640e+04,2.069859277492415640e+04,2.093089077271036336e-09
6.690857019339399026e-01,2.072990885390229232e+04,2.072990885390229232e+04,2.068700428827144491e-09
6.966655629444905573e-01,2.075998909628914407e+04,2.075998909628914407e+04,2.046019613452708179e-09
7.264768172357249920e-01,2.079185941132230073e+04,2.079185941132230073e+04,2.022639209102090434e-09
7.585221722039154901e-01,2.082520822463395598e+04,2.082520822463395598e+04,1.998735506438123599e-09
7.844274754270925687e-01,2.085141282427215992e+04,2.085141282427215992e+04,1.980283233538871214e-09
8.160228849225531489e-01,2.088231717724905684e+04,2.088231717724905684e+04,1.958764823515913339e-09
8.509150873011840366e-01,2.091499511033028830e+04,2.091499511033028830e+04,1.936180217245080321e-09
8.800746453118136747e-01,2.094118726429586604e+04,2.094118726429586604e+04,1.918193020887833819e-09
9.129762281702327176e-01,2.096937447264141883e+04,2.096937447264141883e+04,1.898804137558352602e-09
9.415934100220749725e-01,2.099271471558506164e+04,2.099271471558506164e+04,1.882674696184981723e-09
9.675660287439982188e-01,2.101288050668203869e+04,2.101288050668203869e+04,1.868593824107283145e-09
9.949919312818695794e-01,2.103338256976574485e+04,2.103338256976574485e+04,1.854271143946782236e-09
1.038220681756168995e+00,2.106355419404482745e+04,2.106355419404482745e+04,1.832765883278870453e-09
1.069908769570197871e+00,2.108411192325287266e+04,2.108411192325287266e+04,1.817792112857438843e-09
1.104690049006089358e+00,2.110510813267701451e+04,2.110510813267701451e+04,1.802085873412767229e-09
1.133981064879661771e+00,2.112173739983366249e+04,2.112173739983366249e+04,1.789345461030558341e-09
1.169722551465454563e+00,2.114049360731524939e+04,2.114049360731524939e+04,1.774493586547962519e-09
1.198916610747709388e+00,2.115461546543566510e+04,2.115461546543566510e+04,1.762801039461431216e-09
1.233801015006225743e+00,2.117013210902069113e+04,2.117013210902069113e+04,1.749411947024674414e-09
1.265835390763279555e+00,2.118308093040527092e+04,2.118308093040527092e+04,1.737614717237972689e-09
1.308118705390647785e+00,2.119823830433464536e+04,2.119823830433464536e+04,1.722704032635636713e-09
1.350355846302546903e+00,2.121131912501537590e+04,2.121131912501537590e+04,1.708549890010189816e-09
1.386546889657221504e+00,2.122074185130730984e+04,2.122074185130730984e+04,1.696962416225141553e-09
1.415755272642555074e+00,2.122730709331607068e+04,2.122730709331607068e+04,1.687958213493959125e-09
1.458558532048635170e+00,2.123515407053044692e+04,2.123515407053044692e+04,1.675281827620538157e-09
1.484008930490253064e+00,2.123878077437743923e+04,2.123878077437743923e+04,1.668029712524599513e-09
1.511044071857492899e+00,2.124179883864014118e+04,2.124179883864014118e+04,1.660541357710128934e-09
1.554240610103635900e+00,2.124485584763723091e+04,2.124485584763723091e+04,1.649028465622564179e-09
1.585009265319383687e+00,2.124572504835952350e+04,2.124572504835952350e+04,1.641144899477365877e-09
1.625576338623976325e+00,2.124521013749027406e+04,2.124521013749027406e+04,1.631138199218019906e-09
1.657889794522124483e+00,2.124345148392050396e+04,2.124345148392050396e+04,1.623463459216617570e-09
1.696308704793240141e+00,2.123978798356556945e+04,2.123978798356556945e+04,1.614666550372214840e-09
1.722969164211892057e+00,2.123623338843597230e+04,2.123623338843597230e+04,1.608769851283505728e-09
1.756536309489140857e+00,2.123056505736639519e+04,2.123056505736639519e+04,1.601547123932685785e-09
1.802334218009946420e+00,2.122071229605211556e+04,2.122071229605211556e+04,1.592087372713266042e-09
1.836094658051884432e+00,2.121202122953683283e+04,2.121202122953683283e+04,1.585380514293979714e-09
1.873903857135112760e+00,2.120060734384285024e+04,2.120060734384285024e+04,1.578126352816301297e-09
1.900227506494184926e+00,2.119161270453628094e+04,2.119161270453628094e+04,1.573232545711044475e-09
1.940754079485699890e+00,2.117645149239128659e+04,2.117645149239128659e+04,1.565925299904482498e-09
1.972380310326537378e+00,2.116308465381847782e+04,2.116308465381847782e+04,1.560417238803997320e-09
1.998799753465329010e+00,2.115124912819066958e+04,2.115124912819066958e+04,1.555936522236340392e-09
2.051452853865722403e+00,2.112499171298181682e+04,2.112499171298181682e+04,1.547330075482846307e-09
2.094281351606900099e+00,2.110131166904875863e+04,2.110131166904875863e+04,1.540624436072391903e-09
2.125969439420929419e+00,2.108252332381372980e+04,2.108252332381372980e+04,1.535829200514781185e-09
2.152271027789930624e+00,2.106602036710558241e+04,2.106602036710558241e+04,1.531949106104852439e-09
2.205103870408055666e+00,2.103056084909596029e+04,2.103056084909596029e+04,1.524425403628857746e-09
2.250073157289524950e+00,2.099792472583915151e+04,2.099792472583915151e+04,1.518287636012233165e-09
2.281761245103554270e+00,2.097358471312489928e+04,2.097358471312489928e+04,1.514105269614179675e-09
2.308165647749979676e+00,2.095236451079148173e+04,2.095236451079148173e+04,1.510704701124940832e-09
2.361153639342197685e+00,2.090799102793173006e+04,2.090799102793173006e+04,1.504108708591750373e-09
2.386445007251388084e+00,2.088575412271517780e+04,2.088575412271517780e+04,1.501061665209379946e-09
2.439112119704086812e+00,2.083730876280455050e+04,2.083730876280455050e+04,1.494921384976917639e-09
2.465597162829227251e+00,2.081207251842854748e+04,2.081207251842854748e+04,1.491932524310866128e-09
2.518680528644421823e+00,2.075945004970578520e+04,2.075945004970578520e+04,1.486135660216672001e-09
2.544421164153371606e+00,2.073301090170476164e+04,2.073301090170476164e+04,1.483412887468095684e-09
2.597299977048835196e+00,2.067704659546068069e+04,2.067704659546068069e+04,1.477995433428263671e-09
2.623681290421669754e+00,2.064830763471687169e+04,2.064830763471687169e+04,1.475376790071102064e-09
2.676756332162959051e+00,2.058904675190453781e+04,2.058904675190453781e+04,1.470273190552988101e-09
2.702512625048307804e+00,2.055962982583570920e+04,2.055962982583570920e+04,1.467872079582344701e-09
2.755379606464454678e+00,2.049815932422941842e+04,2.049815932422941842e+04,1.463094163667681079e-09
2.781247381381874550e+00,2.046756036904390567e+04,2.046756036904390567e+04,1.460826611742438595e-09
2.834107362602492408e+00,2.040437204344805650e+04,2.040437204344805650e+04,1.456333081641193073e-09
2.876895792535294927e+00,2.035225986764649133e+04,2.035225986764649133e+04,1.452826716101879626e-09
2.908583880349323803e+00,2.031380756647337694e+04,2.031380756647337694e+04,1.450303592411847439e-09
2.951359079024980847e+00,2.026117139514091832e+04,2.026117139514091832e+04,1.446992431200137381e-09
2.983047166839009723e+00,2.022269319642174014e+04,2.022269319642174014e+04,1.444608301881385198e-09
3.022436227369880157e+00,2.017422383042045840e+04,2.017422383042045840e+04,1.441722999792645451e-09
3.054124315183909033e+00,2.013608528854745236e+04,2.013608528854745236e+04,1.439463488348396953e-09
3.092865329404431929e+00,2.008952512107631264e+04,2.008952512107631264e+04,1.436773091393834389e-09
3.119992750724446928e+00,2.005729300224824692e+04,2.005729300224824692e+04,1.434935363931631451e-09
3.165247563871681269e+00,2.000482111148485637e+04,2.000482111148485637e+04,1.431951506061434839e-09
3.209429343900599196e+00,1.995496949549025885e+04,1.995496949549025885e+04,1.450420300800497353e-09
3.238579843382776602e+00,1.992312260590290680e+04,1.992312260590290680e+04,1.455785519136321174e-09
3.275658412809670850e+00,1.988385960706692276e+04,1.988385960706692276e+04,1.472143280009590928e-09
3.314913442736872273e+00,1.984336693028889204e+04,1.984336693028889204e+04,1.494424115708992761e-09
3.347682439748103533e+00,1.981142346143095710e+04,1.981142346143095710e+04,1.508489988514462808e-09
3.373918504167739751e+00,1.978709578800748204e+04,1.978709578800748204e+04,1.524931305985865854e-09
3.411155395147437819e+00,1.975364675144913417e+04,1.975364675144913417e+04,1.546594142327896935e-09
3.446778754523538435e+00,1.972328717063707518e+04,1.972328717063707518e+04,1.571440106870518466e-09
3.484984990270321603e+00,1.969237015126872211e+04,1.969237015126872211e+04,1.598622908878345100e-09
3.516359131615385714e+00,1.966857121131178428e+04,1.966857121131178428e+04,1.623696986379558175e-09
3.560556503028190711e+00,1.963558284849685151e+04,1.963558284849685151e+04,1.662396044721082172e-09
3.594317594272971039e+00,1.961207794822459982e+04,1.961207794822459982e+04,1.692641217819862837e-09
3.628414348366656661e+00,1.958843458694107903e+04,1.958843458694107903e+04,1.728860166262078652e-09
3.655827859456443729e+00,1.956980614447243715e+04,1.956980614447243715e+04,1.755395966197543983e-09
3.686664257643778697e+00,1.954975760104516667e+04,1.954975760104516667e+04,1.789957172152318058e-09
3.725991958487691935e+00,1.952466780643134553e+04,1.952466780643134553e+04,1.891442096325966552e-09
3.757426407028550575e+00,1.950459286834531304e+04,1.950459286834531304e+04,1.993269722987539879e-09
3.785709811831395655e+00,1.948713922905411891e+04,1.948713922905411891e+04,2.098826104006244029e-09
3.811801079951103510e+00,1.947085656868669685e+04,1.947085656868669685e+04,2.206290774583036945e-09
3.842382930462316715e+00,1.945226653352152425e+04,1.945226653352152425e+04,2.348001362899194860e-09
3.872255967238388941e+00,1.943393278169232144e+04,1.943393278169232144e+04,2.501718821632340888e-09
3.901621710793928166e+00,1.941593895115467603e+04,1.941593895115467603e+04,2.671892931775988608e-09
3.933059241375603143e+00,1.939721836446945235e+04,1.939721836446945235e+04,2.862978385232615714e-09
3.964464992215570582e+00,1.937741441632182614e+04,1.937741441632182614e+04,3.071799755965810629e-09
3.992590756478936687e+00,1.936143339838671454e+04,1.936143339838671454e+04,3.274475394498387242e-09
4.019051160168326753e+00,1.934437885750479472e+04,1.934437885750479472e+04,3.465531221960050557e-09
4.048201985359614952e+00,1.932623157151860505e+04,1.932623157151860505e+04,3.681943361699504484e-09
4.078549362675579992e+00,1.930838667259318026e+04,1.930838667259318026e+04,3.916891084851238887e-09
4.105551837216578903e+00,1.929033352817403284e+04,1.929033352817403284e+04,4.120460632583055687e-09
4.132948841112667360e+00,1.927525842393425046e+04,1.927525842393425046e+04,4.327668279037271366e-09
4.158070505336593392e+00,1.925749963947897413e+04,1.925749963947897413e+04,4.510697609862227329e-09
4.189583184776140889e+00,1.923923639482442377e+04,1.923923639482442377e+04,4.752873626211893491e-09
4.216109620405910974e+00,1.922160817570628933e+04,1.922160817570628933e+04,4.927391031829516842e-09
4.242701301357364230e+00,1.920498691833569683e+04,1.920498691833569683e+04,5.131156207598891305e-09
4.269148368517926784e+00,1.918872102396842456e+04,1.918872102396842456e+04,5.323245306532104209e-09
4.294889969039024535e+00,1.917121624632790190e+04,1.917121624632790190e+04,5.507712763296345853e-09
4.323514432194423662e+00,1.915512588332381347e+04,1.915512588332381347e+04,5.713869172412150547e-09
4.350827133545516645e+00,1.913566939729834849e+04,1.913566939729834849e+04,5.924667196414998306e-09
4.376627160691549001e+00,1.911996619779290995e+04,1.911996619779290995e+04,6.094166290197858370e-09
4.403246693258959787e+00,1.910217992203018730e+04,1.910217992203018730e+04,6.305464040193073121e-09
4.430996365754943156e+00,1.908285624902388736e+04,1.908285624902388736e+04,6.523271851106636681e-09
4.458650444342941555e+00,1.906749365978378410e+04,1.906749365978378410e+04,6.731732659507466199e-09
4.484936042472939199e+00,1.904677957577012057e+04,1.904677957577012057e+04,6.921933686890793926e-09
4.510412783283793026e+00,1.903363804650359089e+04,1.903363804650359089e+04,7.123649153563521005e-09
4.536012647564995781e+00,1.901316454394278480e+04,1.901316454394278480e+04,7.319349349321887839e-09
4.563250746682868453e+00,1.899528136801621804e+04,1.899528136801621804e+04,7.526542906969981046e-09
4.589342513960372294e+00,1.897876563194378468e+04,1.897876563194378468e+04,7.699833039656429055e-09
4.615766624955347730e+00,1.895785392114093702e+04,1.895785392114093702e+04,7.917820660678393884e-09
4.643710034271457232e+00,1.894287850942392470e+04,1.894287850942392470e+04,8.114966729199963175e-09
4.670554347161446351e+00,1.892210858865841510e+04,1.892210858865841510e+04,8.316714731285220808e-09
4.697649210855668223e+00,1.890068513603455722e+04,1.890068513603455722e+04,8.512962924492921781e-09
4.723315519096159321e+00,1.888709035432844757e+04,1.888709035432844757e+04,8.720491110696481655e-09
4.748787942786970362e+00,1.886519544782006051e+04,1.886519544782006051e+04,8.919768547435504824e-09
4.775923351766516056e+00,1.884654416171863340e+04,1.884654416171863340e+04,9.100957066690392414e-09
4.802584357390183634e+00,1.882954547716420348e+04,1.882954547716420348e+04,9.282611139673322153e-09
4.828526602037283233e+00,1.880701760200368881e+04,1.880701760200368881e+04,9.458559102127694425e-09
4.854208542165016738e+00,1.879297981293468183e+04,1.879297981293468183e+04,9.638209637239976231e-09
4.881488658681787385e+00,1.877093824206575300e+04,1.877093824206575300e+04,9.771889709554772519e-09
4.908110253828410485e+00,1.874868618754222916e+04,1.874868618754222916e+04,9.950415213065683156e-09
4.934572376211076694e+00,1.873424281210176559e+04,1.873424281210176559e+04,1.013851006264787197e-08
4.960406244097424810e+00,1.871166569121221255e+04,1.871166569121221255e+04,1.029367138565489538e-08
4.986042013642186355e+00,1.869226058166120492e+04,1.869226058166120492e+04,1.044742231795782785e-08
5.013038651844749616e+00,1.867565418679477079e+04,1.867565418679477079e+04,1.058187926258654939e-08
5.039625653038611652e+00,1.865334782853524666e+04,1.865334782853524666e+04,1.067521502448520491e-08
5.066890060238129045e+00,1.862998806232616334e+04,1.862998806232616334e+04,1.088108448231508407e-08
5.092146569321532645e+00,1.861638028007555840e+04,1.861638028007555840e+04,1.099553104070086027e-08
5.118548971451343910e+00,1.859324367628702748e+04,1.859324367628702748e+04,1.110763176768957025e-08
5.143793424970493966e+00,1.857215382961957221e+04,1.857215382961957221e+04,1.120498359549637692e-08
5.168858251250113334e+00,1.855792974632366895e+04,1.855792974632366895e+04,1.130630348567221892e-08
5.193938554467020019e+00,1.853448840341549294e+04,1.853448840341549294e+04,1.139133330100341600e-08
5.219853298337262082e+00,1.851570591522229734e+04,1.851570591522229734e+04,1.147517676927410512e-08
5.246381295398091282e+00,1.849835805676792734e+04,1.849835805676792734e+04,1.162276233140999959e-08
5.272216741140735685e+00,1.847542840051909661e+04,1.847542840051909661e+04,1.169601649912309056e-08
5.297695263901490925e+00,1.845460457274673172e+04,1.845460457274673172e+04,1.175902256360194725e-08
5.323325993649106636e+00,1.843999208397294933e+04,1.843999208397294933e+04,1.178366966898546555e-08
5.350075674692988947e+00,1.841563481416880677e+04,1.841563481416880677e+04,1.191858410720487928e-08
5.376687771904364865e+00,1.839411668326990184e+04,1.839411668326990184e+04,1.196932087138055424e-08
5.401748268004107345e+00,1.837976583120726355e+04,1.837976583120726355e+04,1.200690871505202720e-08
5.428243845370005261e+00,1.835533981667460102e+04,1.835533981667460102e+04,1.205735407008551649e-08
5.454279492205019508e+00,1.833543163852902944e+04,1.833543163852902944e+04,1.214456150366861359e-08
5.480549872752532359e+00,1.831934643194011005e+04,1.831934643194011005e+04,1.216154117556066191e-08
5.506268417530465697e+00,1.829518992517960942e+04,1.829518992517960942e+04,1.217015732283588051e-08
5.532098204523244078e+00,1.827734329604504092e+04,1.827734329604504092e+04,1.220753905874974810e-08
5.557970080096255927e+00,1.826020925531905959e+04,1.826020925531905959e+04,1.226090885703423438e-08
5.583179900916921845e+00,1.823722827926066020e+04,1.823722827926066020e+04,1.230016543045029587e-08
5.608738439872086090e+00,1.821758267285413604e+04,1.821758267285413604e+04,1.231872460467673117e-08
5.634105501062870225e+00,1.820220476963390320e+04,1.820220476963390320e+04,1.234055219822699029e-08
5.659541418324478990e+00,1.817815817189682639e+04,1.817815817189682639e+04,1.233509656729840409e-08
5.686144137119713449e+00,1.816104650214804133e+04,1.816104650214804133e+04,1.230221720043851789e-08
5.711200034688367566e+00,1.814298781683315610e+04,1.814298781683315610e+04,1.230816567308472241e-08
5.736280065244524273e+00,1.811962283638029839e+04,1.811962283638029839e+04,1.232161774268987654e-08
5.762777689853802343e+00,1.810594038172015280e+04,1.810594038172015280e+04,1.230801635908098515e-08
5.787815071551655421e+00,1.808400117241947009e+04,1.808400117241947009e+04,1.228038941501491448e-08
5.814243092779563860e+00,1.806151600938979027e+04,1.806151600938979027e+04,1.232174888872465354e-08
5.840850937737286586e+00,1.804795072724970305e+04,1.804795072724970305e+04,1.233206582477477930e-08
5.867571158489594652e+00,1.802504490809970957e+04,1.802504490809970957e+04,1.231726314326318207e-08
5.892584327050094828e+00,1.800321964683832266e+04,1.800321964683832266e+04,1.229702716481583916e-08
5.918754687530567438e+00,1.799050496293354809e+04,1.799050496293354809e+04,1.228608400936413314e-08
5.945039998111632862e+00,1.796699884896633739e+04,1.796699884896633739e+04,1.225376304253211068e-08
5.971557471208960521e+00,1.794632981939889578e+04,1.794632981939889578e+04,1.221984115672835598e-08
5.998012596046552680e+00,1.793202827596155839e+04,1.793202827596155839e+04,1.217127052467661297e-08
6.024398528509763651e+00,1.790785697827177137e+04,1.790785697827177137e+04,1.214420251703231332e-08
6.050489229534075086e+00,1.789255655325569751e+04,1.789255655325569751e+04,1.211358909471325034e-08
6.076895553967700536e+00,1.787349988287755696e+04,1.787349988287755696e+04,1.208464975173427551e-08
6.103557999023941250e+00,1.784976968615169972e+04,1.784976968615169972e+04,1.202850631560866440e-08
6.129687316988793988e+00,1.783784583868531990e+04,1.783784583868531990e+04,1.202623817887985165e-08
6.155858472659626379e+00,1.781592938115241486e+04,1.781592938115241486e+04,1.200119923998077902e-08
6.182459397761544295e+00,1.779353862910392854e+04,1.779353862910392854e+04,1.197272993161420509e-08
6.209037203014396766e+00,1.778163301425002282e+04,1.778163301425002282e+04,1.192689781230763229e-08
6.235069273873258489e+00,1.775851453328895150e+04,1.775851453328895150e+04,1.190047374348420434e-08
6.261867522218246940e+00,1.774020024351589018e+04,1.774020024351589018e+04,1.184934333237966678e-08
6.288606179379587324e+00,1.772451125739545387e+04,1.772451125739545387e+04,1.180994100742050882e-08
6.315013269483083391e+00,1.770089093659511127e+04,1.770089093659511127e+04,1.171911982133507983e-08
6.340855463531245739e+00,1.768984010280932125e+04,1.768984010280932125e+04,1.169140676399297442e-08
6.365937863294744758e+00,1.766751342472944089e+04,1.766751342472944089e+04,1.167419116588468487e-08
6.391122444413516845e+00,1.765317242701982832e+04,1.765317242701982832e+04,1.158532470179940250e-08
6.418040788503648564e+00,1.763449881392944735e+04,1.763449881392944735e+04,1.156324055455562820e-08
6.443092567550760208e+00,1.761323831785135189e+04,1.761323831785135189e+04,1.152024053357886640e-08
6.468108772097617809e+00,1.760216267739828982e+04,1.760216267739828982e+04,1.148619283196247195e-08
6.493192107578398264e+00,1.758017959950441946e+04,1.758017959950441946e+04,1.139560151215828806e-08
6.518299951510341472e+00,1.756814614781214186e+04,1.756814614781214186e+04,1.139034294595333720e-08
6.544890986961004131e+00,1.754813034273562516e+04,1.754813034273562516e+04,1.131869394405266026e-08
6.570627779729297124e+00,1.752888193961722936e+04,1.752888193961722936e+04,1.128311797359787756e-08
6.595752563109720690e+00,1.751608135414740536e+04,1.751608135414740536e+04,1.118756993499015106e-08
6.621354107446633108e+00,1.749400822315516416e+04,1.749400822315516416e+04,1.118018764918960879e-08
6.646542229338417762e+00,1.748398611115059612e+04,1.748398611115059612e+04,1.109717461474791674e-08
6.671618101502545528e+00,1.746134800154067489e+04,1.746134800154067489e+04,1.105514989444914349e-08
6.697443160893881142e+00,1.745156595571309299e+04,1.745156595571309299e+04,1.103488659678373430e-08
6.723024610330067929e+00,1.742905413514979955e+04,1.742905413514979955e+04,1.093306988094614950e-08
6.748433165386439114e+00,1.741854458148400590e+04,1.741854458148400590e+04,1.090447827082991890e-08
6.774156644488661172e+00,1.739738136819077044e+04,1.739738136819077044e+04,1.086893096845845752e-08
6.799639791040228864e+00,1.738429060209258387e+04,1.738429060209258387e+04,1.078735958887627999e-08
6.825956836757234747e+00,1.736653591750381383e+04,1.736653591750381383e+04,1.074892166571745718e-08
6.851924626479617864e+00,1.734566882389799866e+04,1.734566882389799866e+04,1.071915918634127545e-08
6.877433557635245442e+00,1.733612948109176432e+04,1.733612948109176432e+04,1.064271247808131924e-08
6.903013376851533600e+00,1.731372900766481689e+04,1.731372900766481689e+04,1.054430488239997842e-08
6.928963425000979726e+00,1.730458864464949875e+04,1.730458864464949875e+04,1.052027048758107534e-08
6.955226799181079222e+00,1.728185392338726160e+04,1.728185392338726160e+04,1.048556998762081263e-08
6.981354313336310291e+00,1.727258947572851321e+04,1.727258947572851321e+04,1.041667200802040235e-08
7.008395782572406141e+00,1.725011681596282506e+04,1.725011681596282506e+04,1.034759242999297032e-08
7.034126635070965250e+00,1.724014248114360089e+04,1.724014248114360089e+04,1.029996063229858415e-08
7.060188020330135927e+00,1.721913919948964030e+04,1.721913919948964030e+04,1.025926446967402947e-08
7.086639980019176832e+00,1.720765489175985931e+04,1.720765489175985931e+04,1.020462756870777874e-08
7.113736402083099541e+00,1.718783313937105413e+04,1.718783313937105413e+04,1.012066496906607472e-08
7.139986830910285853e+00,1.717390564457572691e+04,1.717390564457572691e+04,1.003077104701041005e-08
7.165587660726082220e+00,1.715793749111348006e+04,1.715793749111348006e+04,9.976281341273121103e-09
7.190723681230975828e+00,1.713959937399105183e+04,1.713959937399105183e+04,9.946885164235776968e-09
7.216686370260292804e+00,1.712887576560651360e+04,1.712887576560651360e+04,9.877773094056122955e-09
7.242369702356434402e+00,1.710921496889254922e+04,1.710921496889254922e+04,9.834601598091269599e-09
7.267741848226735968e+00,1.709874105931800659e+04,1.709874105931800659e+04,9.801112377569004826e-09
7.292919196797483572e+00,1.708047082242086253e+04,1.708047082242086253e+04,9.764518830433563476e-09
7.318554917265472248e+00,1.706880171604784482e+04,1.706880171604784482e+04,9.721264536101576304e-09
7.346175174723681423e+00,1.704944235677420147e+04,1.704944235677420147e+04,9.746904283802179482e-09
7.371280996427278076e+00,1.703846917006445437e+04,1.703846917006445437e+04,9.607487641996751663e-09
7.398064678135360950e+00,1.702046572832300080e+04,1.702046572832300080e+04,9.554090565369309232e-09
7.423134515792041199e+00,1.700850387652907739e+04,1.700850387652907739e+04,9.487520871709334282e-09
7.448659014675460988e+00,1.699446137200020530e+04,1.699446137200020530e+04,9.400205735303642569e-09
7.475417974293118384e+00,1.697855243415087534e+04,1.697855243415087534e+04,9.335894362574421080e-09
7.502046517487892530e+00,1.696536292693465657e+04,1.696536292693465657e+04,9.276916746139951798e-09
7.527948615431594881e+00,1.694866992756655236e+04,1.694866992756655236e+04,9.259613348384964462e-09
7.553896580111177705e+00,1.693835486699715329e+04,1.693835486699715329e+04,9.220198154679223720e-09
7.579609953897408658e+00,1.691991880354348177e+04,1.691991880354348177e+04,9.154135306839291991e-09
7.605364307560273929e+00,1.690779864213401743e+04,1.690779864213401743e+04,9.073136086002400000e-09
7.630611234352362438e+00,1.689193995155032826e+04,1.689193995155032826e+04,9.067051077419452384e-09
7.656230771660874623e+00,1.688290629090192306e+04,1.688290629090192306e+04,9.076441465422637543e-09
7.682056767115935436e+00,1.686278465614537345e+04,1.686278465614537345e+04,8.954753784535960078e-09
7.707862464742859743e+00,1.685528258579322210e+04,1.685528258579322210e+04,8.876654815379515835e-09
7.735404937653365565e+00,1.683338476568345141e+04,1.683338476568345141e+04,8.816257482021671455e-09
7.762978470469469094e+00,1.682566963947733529e+04,1.682566963947733529e+04,8.756718081622638909e-09
7.788136645728808816e+00,1.680464645521665079e+04,1.680464645521665079e+04,8.741376254145010635e-09
7.815050847706669579e+00,1.679713597954853685e+04,1.679713597954853685e+04,8.707324074073210434e-09
7.840958351171686935e+00,1.677687942610415121e+04,1.677687942610415121e+04,8.633893492603065307e-09
7.866666661082533096e+00,1.676842967128521923e+04,1.676842967128521923e+04,8.601610080899385188e-09
7.892052998875811021e+00,1.675391460808461852e+04,1.675391460808461852e+04,8.534986504138195008e-09
7.919416894778088967e+00,1.673939489272021456e+04,1.673939489272021456e+04,8.537912790249436891e-09
7.945515873676035845e+00,1.672991536447930048e+04,1.672991536447930048e+04,8.475873707615534629e-09
7.971988582924949718e+00,1.671127704904852362e+04,1.671127704904852362e+04,8.366991403769214212e-09
7.997832689368443937e+00,1.670206917381269523e+04,1.670206917381269523e+04,8.320578546321700881e-09
8.025820083499791480e+00,1.668357306487676397e+04,1.668357306487676397e+04,8.278608373601533419e-09
8.051982571289476809e+00,1.667630859893347588e+04,1.667630859893347588e+04,8.260851653684535598e-09
8.078169376455665684e+00,1.665537676346326043e+04,1.665537676346326043e+04,8.203310795869766973e-09
8.104434183651550327e+00,1.664881851311450373e+04,1.664881851311450373e+04,8.171663092745474284e-09
8.130839714115404959e+00,1.662865358372168703e+04,1.662865358372168703e+04,8.101105611654668568e-09
8.155984938364142067e+00,1.662074197277186613e+04,1.662074197277186613e+04,8.084400917477122172e-09
8.182489348282773634e+00,1.660894147533408977e+04,1.660894147533408977e+04,8.018089443971533130e-09
8.207640584349725543e+00,1.659256504526821664e+04,1.659256504526821664e+04,7.966598350134998838e-09
8.233242569402477784e+00,1.658609740786944894e+04,1.658609740786944894e+04,7.953444786132976779e-09
8.258431263310702874e+00,1.656562520147429677e+04,1.656562520147429677e+04,7.878269420790436247e-09
8.285289245043658823e+00,1.655874456348794047e+04,1.655874456348794047e+04,7.830450553549850720e-09
8.311962291632029931e+00,1.654116459472403949e+04,1.654116459472403949e+04,7.826267689165643958e-09
8.337818181539791595e+00,1.653060906841111500e+04,1.653060906841111500e+04,7.770324602612499752e-09
8.363613762724375178e+00,1.652310857865557409e+04,1.652310857865557409e+04,7.699539563441047124e-09
8.390392241917698612e+00,1.650339533185648543e+04,1.650339533185648543e+04,7.704392455890373885e-09
8.416703062558786641e+00,1.649646357935246851e+04,1.649646357935246851e+04,7.651460857631628536e-09
8.442387425625197395e+00,1.647743075176254933e+04,1.647743075176254933e+04,7.594151183539873695e-09
8.468832319075850990e+00,1.647117982495416072e+04,1.647117982495416072e+04,7.649668816989495009e-09
8.494676120011021681e+00,1.645447259233587465e+04,1.645447259233587465e+04,7.533521976079101017e-09
8.519810696931248373e+00,1.644370798146733796e+04,1.644370798146733796e+04,7.499674055838444728e-09
8.546526870256890618e+00,1.643686065284203505e+04,1.643686065284203505e+04,7.435809517931333496e-09
8.573065463014104992e+00,1.641632162981597503e+04,1.641632162981597503e+04,7.387802205625874078e-09
8.598414918687263153e+00,1.641060282208878198e+04,1.641060282208878198e+04,7.354357613159475627e-09
8.623810415322703093e+00,1.639650521556119566e+04,1.639650521556119566e+04,7.324480587350050253e-09
8.649324488328261396e+00,1.638330186331364166e+04,1.638330186331364166e+04,7.300682085120900040e-09
8.676498501316798340e+00,1.637683512624893956e+04,1.637683512624893956e+04,7.306153583686013453e-09
8.703358413212217926e+00,1.635622254563172464e+04,1.635622254563172464e+04,7.241103557181011366e-09
8.729158046591715348e+00,1.635028974070072218e+04,1.635028974070072218e+04,7.176579708956197532e-09
8.754561422041204466e+00,1.633932385143155079e+04,1.633932385143155079e+04,7.164452417295880851e-09
8.780524571325418748e+00,1.632308667043436435e+04,1.632308667043436435e+04,7.097778281298945765e-09
8.806127755778017985e+00,1.631770010006651864e+04,1.631770010006651864e+04,7.090426317344659279e-09
8.832133932080102667e+00,1.629818597867089738e+04,1.629818597867089738e+04,7.034203300526698761e-09
8.857924461946574013e+00,1.629080509425403943e+04,1.629080509425403943e+04,7.012020364324573757e-09
8.884183162710048265e+00,1.628357853852701373e+04,1.628357853852701373e+04,6.986431842129087792e-09
8.910060490344623219e+00,1.626448296401673724e+04,1.626448296401673724e+04,6.942777077417354468e-09
8.937643901321839834e+00,1.625821216503123287e+04,1.625821216503123287e+04,6.931212436335997900e-09
8.963505931461337894e+00,1.623981112727681466e+04,1.623981112727681466e+04,6.898867808351654182e-09
8.989629447616231062e+00,1.623335131124340478e+04,1.623335131124340478e+04,6.870955776010349335e-09
9.016011446003171059e+00,1.622534220239149909e+04,1.622534220239149909e+04,6.842371402532872790e-09
9.041924631474641316e+00,1.620646925500711950e+04,1.620646925500711950e+04,6.812996313676226232e-09
9.068416428475982727e+00,1.620121457628457756e+04,1.620121457628457756e+04,6.785290275597856710e-09
9.094405237654514806e+00,1.618585270921483243e+04,1.618585270921483243e+04,6.756299698026793563e-09
9.120959585883799292e+00,1.617416911407393309e+04,1.617416911407393309e+04,6.729246838752336688e-09
9.147065072599151137e+00,1.616878544110476287e+04,1.616878544110476287e+04,6.700809976636826791e-09
9.173661499066108505e+00,1.614865652817462251e+04,1.614865652817462251e+04,6.674278783504626713e-09
9.199930354996919135e+00,1.614229487595027786e+04,1.614229487595027786e+04,6.646784254615802427e-09
9.226536248732051249e+00,1.613496791851682610e+04,1.613496791851682610e+04,6.620308754758660749e-09
9.252958023353025752e+00,1.611554141025427452e+04,1.611554141025427452e+04,6.593737738644718626e-09
9.279539341960601817e+00,1.611039334110658274e+04,1.611039334110658274e+04,6.566604626560852050e-09
9.305253100286682511e+00,1.609850283096390376e+04,1.609850283096390376e+04,6.555006288777450533e-09
9.330972790904263903e+00,1.608370745116077160e+04,1.608370745116077160e+04,6.553780230237345494e-09
9.356837434305493417e+00,1.607892036731010739e+04,1.607892036731010739e+04,6.560015828097428437e-09
9.382260883366571491e+00,1.606120532709623330e+04,1.606120532709623330e+04,6.524114583063680798e-09
9.408571472105382583e+00,1.605276494939633267e+04,1.605276494939633267e+04,6.501532361728853547e-09
9.435163115485918794e+00,1.604529202208445349e+04,1.604529202208445349e+04,6.482532751983630391e-09
9.461786581283286424e+00,1.602771101048621495e+04,1.602771101048621495e+04,6.461368123431707966e-09
9.488538570305202313e+00,1.602274688910090299e+04,1.602274688910090299e+04,6.444144340307800873e-09
9.514242692288600978e+00,1.601014835131534710e+04,1.601014835131534710e+04,6.427536166762721568e-09
9.539302350666615027e+00,1.599626500352731637e+04,1.599626500352731637e+04,6.434485337000060041e-09
9.565744542128825856e+00,1.599142858896883627e+04,1.599142858896883627e+04,6.431689804300744944e-09
9.592274603522540133e+00,1.597292115487592855e+04,1.597292115487592855e+04,6.419221035942177584e-09
9.620086847365810101e+00,1.596440625394355266e+04,1.596440625394355266e+04,6.540741616225249449e-09
9.648183953492974751e+00,1.595830510990002767e+04,1.595830510990002767e+04,6.397688115665580994e-09
9.674528229565428461e+00,1.593805538830520163e+04,1.593805538830520163e+04,6.415785140266360110e-09
9.700735074590451035e+00,1.593270946725018803e+04,1.593270946725018803e+04,6.387596105454413392e-09
9.726953779205725681e+00,1.592509421947820920e+04,1.592509421947820920e+04,6.401733138209751515e-09
9.754051162970668543e+00,1.590586297631068192e+04,1.590586297631068192e+04,6.386830004703109865e-09
9.780410460213047941e+00,1.590109312536717880e+04,1.590109312536717880e+04,6.378402270225657970e-09
9.806072241921514276e+00,1.588904640336641933e+04,1.588904640336641933e+04,6.398746620166680091e-09
9.831237139742368569e+00,1.587451183977995242e+04,1.587451183977995242e+04,6.409879025325962820e-09
9.858327383107612363e+00,1.586960469130518140e+04,1.586960469130518140e+04,6.434910201801925825e-09
9.883767771734484953e+00,1.585140456675767382e+04,1.585140456675767382e+04,6.425855927980809776e-09
9.909234778513264175e+00,1.584306633470927227e+04,1.584306633470927227e+04,6.441560359738435756e-09
9.936741574976892366e+00,1.583761887350140933e+04,1.583761887350140933e+04,6.448355509517488910e-09
9.962640044663491068e+00,1.581755035867741208e+04,1.581755035867741208e+04,6.454355297828087771e-09
9.987804545630888597e+00,1.581189947754378954e+04,1.581189947754378954e+04,6.485280016531382142e-09
1.001594459943179949e+01,1.579869091751127053e+04,1.579869091751127053e+04,6.494030385545168395e-09
1.004195916196062477e+01,1.578632740443457442e+04,1.578632740443457442e+04,6.529735161916009394e-09
1.006780543644038417e+01,1.578150442095167091e+04,1.578150442095167091e+04,6.558277448761968532e-09
1.009354886209879787e+01,1.576165892093239381e+04,1.576165892093239381e+04,6.596114487809361276e-09
1.011927162843768713e+01,1.575474608688756598e+04,1.575474608688756598e+04,6.624866502764242616e-09
1.014517590322364526e+01,1.574901450447847492e+04,1.574901450447847492e+04,6.679516739858026921e-09
1.017144597502725745e+01,1.572809122515532727e+04,1.572809122515532727e+04,6.690346606676404176e-09
1.019683872466764640e+01,1.572299667399484861e+04,1.572299667399484861e+04,6.748270133387397111e-09
1.022251980394628923e+01,1.571432502128289525e+04,1.571432502128289525e+04,6.788766789227619161e-09
1.024858621725335617e+01,1.569566936253181120e+04,1.569566936253181120e+04,6.796817881010608505e-09
1.027449744538532350e+01,1.569086011930829227e+04,1.569086011930829227e+04,6.830736640525087483e-09
1.030074776561156824e+01,1.567136506238149741e+04,1.567136506238149741e+04,6.891533227752385045e-09
1.032621608258173040e+01,1.566344523809595194e+04,1.566344523809595194e+04,6.919929298033475590e-09
1.035139329311252254e+01,1.565792498129363776e+04,1.565792498129363776e+04,6.961584810846636301e-09
1.037699592596394105e+01,1.563669635908328200e+04,1.563669635908328200e+04,6.966887669814622911e-09
1.040240386146267504e+01,1.563141781625294425e+04,1.563141781625294425e+04,7.043957281050099195e-09
1.042817490518889478e+01,1.562138131251362574e+04,1.562138131251362574e+04,7.078131433738989339e-09
1.045374039897121676e+01,1.560417368802110104e+04,1.560417368802110104e+04,7.118186215315944113e-09
1.048001717078672712e+01,1.559777588700413617e+04,1.559777588700413617e+04,7.146453784810934713e-09
1.050745139046229326e+01,1.557791460600406026e+04,1.557791460600406026e+04,7.156459017172225272e-09
1.053413008211157553e+01,1.557274510302687668e+04,1.557274510302687668e+04,7.334468312738905772e-09
1.055963246330706085e+01,1.555292660684063958e+04,1.555292660684063958e+04,7.215724777399860491e-09
1.058513663456247045e+01,1.554506667295417901e+04,1.554506667295417901e+04,7.250344141817123325e-09
1.061113027872796089e+01,1.553860790527598147e+04,1.553860790527598147e+04,7.258917115791230168e-09
1.063867321990659143e+01,1.551687337367295004e+04,1.551687337367295004e+04,7.238975761151940707e-09
1.066464113507953293e+01,1.551189645531285532e+04,1.551189645531285532e+04,7.383503811841559441e-09
1.069000652799848794e+01,1.549201686553955733e+04,1.549201686553955733e+04,7.283340178759123381e-09
1.071579238732072525e+01,1.548411970913680307e+04,1.548411970913680307e+04,7.268522363410200356e-09
1.074312936564526844e+01,1.547690105816576579e+04,1.547690105816576579e+04,7.233849995941275159e-09
1.076859764206529491e+01,1.545605160076244465e+04,1.545605160076244465e+04,7.324071718179083612e-09
1.079391918660615524e+01,1.545133419724407759e+04,1.545133419724407759e+04,7.218490909713975502e-09
1.081919854663338754e+01,1.543217980101334979e+04,1.543217980101334979e+04,7.252078845123719510e-09
1.084462101388646005e+01,1.542356216993815178e+04,1.542356216993815178e+04,7.275505917732364853e-09
1.087080596279650102e+01,1.541766621156513611e+04,1.541766621156513611e+04,7.187703892134085101e-09
1.089680693916087861e+01,1.539624049175740765e+04,1.539624049175740765e+04,7.173203178631491409e-09
1.092203840361465339e+01,1.539116150217502764e+04,1.539116150217502764e+04,7.153846205317517014e-09
1.094776249363651566e+01,1.537142685746076859e+04,1.537142685746076859e+04,7.149156446642857144e-09
1.097291808320351336e+01,1.536567493755190117e+04,1.536567493755190117e+04,7.146990597741994348e-09
1.099865629520111554e+01,1.535836228297984599e+04,1.535836228297984599e+04,7.090296033899356401e-09
1.102379108836443145e+01,1.533793449102296108e+04,1.533793449102296108e+04,7.150789629458454036e-09
1.104928478907311273e+01,1.533336940566685371e+04,1.533336940566685371e+04,7.083446641326117659e-09
1.107462537200549946e+01,1.531381556405843003e+04,1.531381556405843003e+04,7.083345499903082309e-09
1.110015414656298027e+01,1.530560590300763943e+04,1.530560590300763943e+04,7.067036671941793546e-09
1.112593393003260367e+01,1.530005673162549829e+04,1.530005673162549829e+04,7.080665997882366429e-09
1.115165254933875083e+01,1.527807589375425960e+04,1.527807589375425960e+04,7.075812087955824737e-09
1.117736633189601392e+01,1.527331114298859393e+04,1.527331114298859393e+04,7.071288014956186558e-09
1.120409276409638899e+01,1.525884666998620560e+04,1.525884666998620560e+04,7.046652672895161885e-09
1.122913614901640678e+01,1.524526522748253956e+04,1.524526522748253956e+04,7.062797031564335288e-09
1.125595935968088668e+01,1.524003944722102278e+04,1.524003944722102278e+04,7.104312150639363991e-09
1.128131341737486260e+01,1.521791248479540263e+04,1.521791248479540263e+04,7.200876981350891244e-09
1.130705681258246109e+01,1.521287515287246970e+04,1.521287515287246970e+04,7.052113377833386628e-09
1.133338927254316175e+01,1.520261061187164159e+04,1.520261061187164159e+04,7.054984610871046862e-09
1.135853905040661616e+01,1.518484038354621407e+04,1.518484038354621407e+04,7.054052699308692166e-09
1.138535785973330405e+01,1.517999182888840551e+04,1.517999182888840551e+04,7.055243171034425324e-09
1.141142682251590124e+01,1.515792824312144148e+04,1.515792824312144148e+04,7.031513824727151816e-09
1.143648863341916133e+01,1.515270375718831565e+04,1.515270375718831565e+04,7.020707156390308308e-09
1.146209653848326049e+01,1.513661573122352274e+04,1.513661573122352274e+04,7.045276221719178694e-09
1.148713975418719180e+01,1.512692587503440700e+04,1.512692587503440700e+04,7.014821853574458098e-09
1.151432369024329816e+01,1.512131663195223700e+04,1.512131663195223700e+04,7.020481825637817774e-09
1.154053139511749038e+01,1.509889502653384807e+04,1.509889502653384807e+04,7.027656081024962825e-09
1.156569793259625811e+01,1.509445315729423419e+04,1.509445315729423419e+04,7.019886404788364448e-09
1.159185647484020087e+01,1.508096620447362875e+04,1.508096620447362875e+04,7.018059999817129039e-09
1.161728763285313448e+01,1.506633245398465806e+04,1.506633245398465806e+04,6.995733957038946168e-09
1.164367691352028444e+01,1.506139062944034777e+04,1.506139062944034777e+04,6.974937275065705300e-09
1.166944458685069463e+01,1.503884031495590170e+04,1.503884031495590170e+04,6.985298565670772317e-09
1.169470636116629336e+01,1.503409185256909950e+04,1.503409185256909950e+04,6.977655791348924098e-09
1.172005963644147464e+01,1.502559747450379473e+04,1.502559747450379473e+04,6.977440925806461118e-09
1.174640072582879924e+01,1.500594023359990751e+04,1.500594023359990751e+04,6.970271880738063339e-09
1.177162848011998264e+01,1.500166198895174239e+04,1.500166198895174239e+04,6.967253705546326499e-09
1.179850707616335015e+01,1.497904941907262946e+04,1.497904941907262946e+04,6.938203245043507393e-09
1.182392829856213901e+01,1.497371398610957658e+04,1.497371398610957658e+04,6.951323789180805474e-09
1.184950188492886625e+01,1.496722990352480520e+04,1.496722990352480520e+04,6.906398318976809032e-09
1.187599499097718869e+01,1.494596367557613848e+04,1.494596367557613848e+04,6.888519662025242795e-09
1.190261439023998413e+01,1.494086353284158577e+04,1.494086353284158577e+04,6.894469708011016326e-09
1.192978996056587171e+01,1.491990845486914986e+04,1.491990845486914986e+04,6.883986080414574483e-09
1.195488652632925941e+01,1.491570167205018879e+04,1.491570167205018879e+04,6.880719222706665696e-09
1.198016252584139174e+01,1.490509268536787204e+04,1.490509268536787204e+04,6.866277239788663730e-09
1.200627612631867969e+01,1.488762110197802576e+04,1.488762110197802576e+04,7.003219619571333603e-09
1.203182032625750786e+01,1.488332994727094774e+04,1.488332994727094774e+04,6.833296940297951682e-09
1.205724893363418992e+01,1.486087617706287347e+04,1.486087617706287347e+04,6.857950367484360614e-09
1.208226224532930537e+01,1.485579886704417731e+04,1.485579886704417731e+04,6.836989842842284912e-09
1.210950414927678942e+01,1.484884457665750051e+04,1.484884457665750051e+04,6.817937247977093503e-09
1.213480322343274409e+01,1.482761686508258936e+04,1.482761686508258936e+04,6.802009156115267587e-09
1.216084586450841343e+01,1.482356148251806371e+04,1.482356148251806371e+04,6.953293419512741008e-09
1.218714213406069291e+01,1.480241755714576720e+04,1.480241755714576720e+04,6.805772480561532847e-09
1.221339754750288265e+01,1.479535294048168544e+04,1.479535294048168544e+04,6.800148537617582569e-09
1.223931163361889318e+01,1.479024947424059974e+04,1.479024947424059974e+04,6.801458438339979083e-09
1.226495702139499677e+01,1.476759361322230689e+04,1.476759361322230689e+04,6.786227502121964020e-09
1.229095670099910897e+01,1.476339543679529561e+04,1.476339543679529561e+04,6.779259348623371093e-09
1.231683526742394008e+01,1.475200500626918438e+04,1.475200500626918438e+04,6.764302897203073213e-09
1.234201532768747533e+01,1.473570883451696318e+04,1.473570883451696318e+04,6.768281853569251556e-09
1.236813269543207205e+01,1.473030192205395542e+04,1.473030192205395542e+04,6.744792577850893516e-09
1.239355085404323553e+01,1.471002543543446154e+04,1.471002543543446154e+04,6.782165303372128854e-09
1.242008415876775018e+01,1.470593450987098186e+04,1.470593450987098186e+04,6.712762836219198258e-09
1.244516089083671062e+01,1.469257302595129477e+04,1.469257302595129477e+04,6.710811066177719489e-09
1.247042101612543696e+01,1.467803598770079407e+04,1.467803598770079407e+04,6.698049996814020446e-09
1.249607343691980077e+01,1.467391645583424361e+04,1.467391645583424361e+04,6.694085026634299259e-09
1.252204707423770458e+01,1.465099625375926553e+04,1.465099625375926553e+04,6.674226353323641576e-09
1.254721230176573066e+01,1.464634829156918931e+04,1.464634829156918931e+04,6.680907517240476214e-09
1.257225732710913491e+01,1.464091876059279093e+04,1.464091876059279093e+04,6.647725534058657524e-09
1.259740035962347626e+01,1.461865594567875996e+04,1.461865594567875996e+04,6.654531646909194439e-09
1.262240358261048812e+01,1.461490441532030309e+04,1.461490441532030309e+04,6.605741876599196300e-09
1.264780147434725421e+01,1.460462906079404820e+04,1.460462906079404820e+04,6.633394680957488180e-09
1.267442247747933770e+01,1.458676558991863931e+04,1.458676558991863931e+04,6.617421714348306555e-09
1.269989172670624633e+01,1.458288061617012318e+04,1.458288061617012318e+04,6.641349291842906670e-09
1.272558702083363080e+01,1.456022728416471000e+04,1.456022728416471000e+04,6.595859939466311497e-09
1.275086292890186890e+01,1.455524720413876094e+04,1.455524720413876094e+04,6.587362044621498073e-09
1.277668415556102843e+01,1.455021373936147575e+04,1.455021373936147575e+04,6.554967385138879068e-09
1.280270654475582859e+01,1.452739346978452886e+04,1.452739346978452886e+04,6.681984536755729889e-09
1.282899868669774435e+01,1.452353319324037147e+04,1.452353319324037147e+04,6.540435590587637595e-09
1.285517543506319527e+01,1.451234182752617016e+04,1.451234182752617016e+04,6.538715612620576035e-09
1.288081515897495066e+01,1.449576816689394946e+04,1.449576816689394946e+04,6.522835284365607657e-09
1.290653046964399309e+01,1.449102903899395278e+04,1.449102903899395278e+04,6.518726160373926731e-09
1.293240247902880569e+01,1.447029745286892648e+04,1.447029745286892648e+04,6.507352988913103032e-09
1.295746148189374303e+01,1.446667205608597578e+04,1.446667205608597578e+04,6.503617748026172970e-09
1.298356442436382174e+01,1.445786538042480242e+04,1.445786538042480242e+04,6.487259566818276388e-09
1.300881160663519509e+01,1.443866235474986752e+04,1.443866235474986752e+04,6.477114940140125496e-09
1.303431616907990431e+01,1.443512947897093545e+04,1.443512947897093545e+04,6.463561131079797673e-09
1.305964990009828597e+01,1.441503971233207994e+04,1.441503971233207994e+04,6.463504329356712720e-09
1.308549603815939655e+01,1.440726882514114914e+04,1.440726882514114914e+04,6.434189628434097774e-09
1.311189784217866539e+01,1.440308903741151153e+04,1.440308903741151153e+04,6.431866912570437829e-09
1.313782567605161233e+01,1.437981037837959229e+04,1.437981037837959229e+04,6.412787800037584049e-09
1.316319276093037516e+01,1.437584443701919918e+04,1.585743645332897177e+04,6.401954933237278906e-09
1.318948644525107738e+01,1.436996927159346524e+04,1.595681557133126626e+04,6.392615849625031291e-09
1.321449284604170771e+01,1.434796102107697516e+04,1.600531685269730770e+04,6.385078187964841260e-09
1.324011144081911695e+01,1.434452082214334769e+04,1.603966113740865876e+04,6.405514465275716748e-09
1.326602791569171025e+01,1.433371267830793295e+04,1.606570320730139792e+04,6.372173110702835854e-09
1.329246814422348422e+01,1.431638784331969873e+04,1.608590916547929191e+04,6.376828036580400345e-09
1.331931555245938981e+01,1.431264064266446258e+04,1.610149620701458662e+04,6.343682266970371326e-09
1.334610391697557397e+01,1.428945236948676393e+04,1.611303615919325421e+04,6.356709031466359289e-09
1.337115584131688983e+01,1.428515934376444056e+04,1.612080297315969074e+04,6.351046966855952511e-09
1.339636695429541824e+01,1.427785938256714508e+04,1.612590241088900984e+04,6.353865358160024522e-09
1.342292313366334255e+01,1.425955044101356725e+04,1.612871456225295151e+04,6.340551306636406765e-09
1.344793211634121022e+01,1.425629264436471385e+04,1.612917700439077271e+04,6.334143669110276074e-09
1.347400951573034966e+01,1.423640676801082736e+04,1.612757159719533411e+04,6.321782425284809874e-09
1.349995933462984965e+01,1.422829903942932833e+04,1.612399556004358601e+04,6.319620421053609672e-09
1.352662284100566659e+01,1.422433760316114240e+04,1.611835085000222170e+04,6.309295095735111570e-09
1.355240885512660931e+01,1.420092336546249680e+04,1.611112006317729538e+04,6.310676708247767172e-09
1.357830035338632158e+01,1.419695812043702790e+04,1.610216923500335724e+04,6.292466426149061801e-09
1.360497122894612509e+01,1.419158830699508144e+04,1.609123689909433779e+04,6.302998703402817397e-09
1.362998695391295456e+01,1.416904814301089027e+04,1.607944904937803403e+04,6.300415699427264609e-09
1.365664123895464677e+01,1.416559720987235596e+04,1.606528616546290687e+04,6.293847481023198097e-09
1.368281368455648206e+01,1.415562225722430594e+04,1.604980708113794753e+04,6.307042107911326621e-09
1.370888197480600290e+01,1.413744770771272306e+04,1.603284282609902948e+04,6.300807687113442956e-09
1.373496230473940649e+01,1.413407121701711367e+04,1.601437078481036588e+04,6.310972385470893191e-09
1.376083852409086461e+01,1.411156879776441565e+04,1.599452833126640144e+04,6.305957839818138037e-09
1.378710543562907453e+01,1.410611911324176435e+04,1.597285308333055400e+04,6.317279038366739521e-09
1.381249906500047508e+01,1.410232544800822870e+04,1.595046220927347167e+04,6.309439800562022923e-09
1.383831555351732412e+01,1.407891843371811956e+04,1.592619960098681076e+04,6.314715970727743498e-09
1.386423895516543503e+01,1.407511681261623744e+04,1.590031538934328637e+04,6.309635377032813637e-09
1.389023418053440295e+01,1.406253416089860912e+04,1.587280951839732370e+04,6.315469907843084905e-09
1.391534512972953763e+01,1.404958199999242606e+04,1.584473917062038709e+04,6.321556318962357323e-09
1.394108161216051478e+01,1.404623128535575415e+04,1.581442700335765767e+04,6.331281910730657018e-09
1.396700793897739601e+01,1.402301846860720798e+04,1.578228247177671074e+04,6.359162092834199326e-09
1.399233993452994618e+01,1.401838355311419218e+04,1.574925682320831038e+04,6.361335775928803653e-09
1.401810537316344174e+01,1.401443345743451573e+04,1.571398224695450153e+04,6.374728046361350118e-09
1.404412617238833505e+01,1.399063077215671910e+04,1.567658160986490111e+04,6.384035264716682897e-09
1.407011543875085557e+01,1.398707422576417594e+04,1.563739671256600923e+04,6.424061925655884367e-09
1.409629208317642401e+01,1.398096558373380685e+04,1.559601100936359398e+04,6.414961087616473316e-09
1.412223274446625965e+01,1.395878034131658387e+04,1.555299219599537173e+04,6.503738725957189135e-09
1.414808993443018359e+01,1.395560895675144275e+04,1.550807389755389158e+04,6.428791423190852733e-09
1.417347847277526895e+01,1.394111900104709275e+04,1.546185069224472318e+04,6.469183082146708078e-09
1.419860225722345959e+01,1.392747167410879229e+04,1.541393137174346521e+04,6.480093231587415245e-09
1.422501910034155514e+01,1.392391991131038048e+04,1.536102988682945579e+04,6.520605419281633915e-09
1.425132623027146828e+01,1.389985560464435548e+04,1.530555590787922119e+04,6.534182595814363812e-09
1.427743069105699369e+01,1.389587602171297112e+04,1.524739886742509407e+04,6.586691134766620005e-09
1.430339398458351141e+01,1.389082558767514638e+04,1.518592920343811966e+04,6.602605094176073081e-09
1.432879400115679580e+01,1.386754577197919934e+04,1.512140060564054329e+04,6.648942281296095880e-09
1.435432572870404755e+01,1.386435293480180189e+04,1.505083077686041725e+04,6.686702418996323554e-09
1.438025505934081494e+01,1.385149478018248374e+04,1.496982170252961259e+04,6.738803737401242996e-09
1.440567610832128764e+01,1.383613160160770894e+04,1.487159836259040276e+04,6.782385655238873596e-09
1.443113211472245894e+01,1.383142883146404165e+04,1.383142883146404165e+04,6.847676430361307625e-09
1.445776244744821248e+01,1.381000555439308482e+04,1.381000555439308482e+04,6.884259538445102264e-09
1.448304926921654179e+01,1.380679321350603823e+04,1.380679321350603823e+04,6.979028820288139843e-09
1.450838851588786049e+01,1.378756961261903416e+04,1.378756961261903416e+04,7.049937517014655406e-09
1.453383222418066900e+01,1.377818456115300251e+04,1.377818456115300251e+04,7.130740590472658931e-09
1.455972258126847230e+01,1.377394099796320188e+04,1.377394099796320188e+04,7.208867281689362159e-09
1.458562630583089437e+01,1.374944146787998943e+04,1.374944146787998943e+04,7.298426645226049270e-09
1.461111226745049763e+01,1.374597547746964847e+04,1.374597547746964847e+04,7.436071396007554021e-09
1.463620347573910863e+01,1.373000998761541814e+04,1.373000998761541814e+04,7.568191141462330638e-09
1.466187609870856789e+01,1.371694909276867838e+04,1.371694909276867838e+04,7.719482419150967684e-09
1.468796353980721747e+01,1.371196082912545353e+04,1.371196082912545353e+04,7.895708238361723137e-09
1.471360128444785431e+01,1.368753678792644678e+04,1.368753678792644678e+04,8.092431167489714859e-09
1.473893569080244070e+01,1.368374835406320199e+04,1.368374835406320199e+04,8.362906501728241837e-09
1.476427821519269301e+01,1.365840732025692887e+04,1.365840732025692887e+04,8.740391434433308621e-09
1.478952363988303098e+01,1.365411028066083600e+04,1.365411028066083600e+04,9.208274517428712334e-09
1.481507593092514696e+01,1.362911507360880387e+04,1.362911507360880387e+04,9.934517947814306241e-09
1.484094217549060168e+01,1.362299512705089546e+04,1.362299512705089546e+04,1.141147586848741296e-08
1.486174470443025974e+01,1.359903526664502897e+04,1.359903526664502897e+04,1.838667164960541816e-08
1.486851175356782129e+01,1.359687768316951224e+04,1.359687768316951224e+04,2.925539176646502138e-08
1.487316474152934376e+01,1.359455606003258617e+04,1.359455606003258617e+04,4.691205627135179050e-08
1.487719650625097678e+01,1.358863396310224562e+04,1.358863396310224562e+04,7.671412523649877025e-08
1.488319947424764678e+01,1.356518125971530026e+04,1.356518125971530026e+04,4.814382096976383218e-08
1.488834007647967184e+01,1.356401154892969134e+04,1.356401154892969134e+04,2.973454440851139561e-08
1.489937138699263208e+01,1.354010227220369597e+04,1.354010227220369597e+04,1.855890045874491024e-08
1.492491879292192181e+01,1.353459239558240552e+04,1.396119797889170513e+04,1.307879251741375419e-08
1.495043816092102062e+01,1.350769955741364538e+04,1.434964459042557428e+04,1.174247853284939571e-08
1.497562807768954229e+01,1.350308377226616540e+04,1.465554420187373762e+04,1.143436506307089272e-08
1.500119081258069720e+01,1.347688410768248650e+04,1.490743406543940910e+04,1.141945865581360501e-08
1.502619095293602847e+01,1.347163444129875461e+04,1.510686827239854028e+04,1.149179003597104958e-08
1.505122994004551451e+01,1.344604285390245968e+04,1.527410892038287420e+04,1.159897265794085998e-08
1.507744198758345178e+01,1.343892984562911988e+04,1.542488236250957561e+04,1.172653293032346987e-08
1.510320535516501295e+01,1.341488679800581122e+04,1.555554284958115750e+04,1.169214886294785486e-08
1.512861724503436811e+01,1.340152497441871674e+04,1.567217211275805676e+04,1.169714531493369919e-08
1.515397581706056762e+01,1.338404281360232017e+04,1.578022490901851415e+04,1.177796283372499006e-08
1.517978352117070706e+01,1.335972271560529407e+04,1.588482885644930866e+04,1.178334993614589131e-08
1.520484474067516167e+01,1.335523855453943543e+04,1.598379043230388015e+04,1.181045300806271143e-08
1.523042100068818527e+01,1.332836688464603139e+04,1.608411492344535873e+04,1.196154245188971271e-08
1.525578626310078612e+01,1.332326322132852874e+04,1.618440776570643538e+04,1.206039209190799255e-08
1.528154368167718680e+01,1.329702085197740234e+04,1.628832154945516049e+04,1.219679515295143834e-08
1.530662834287188367e+01,1.328946908685313610e+04,1.639079971605908577e+04,1.241048144236184274e-08
1.533179680473517870e+01,1.326559245951232151e+04,1.649442073006197097e+04,1.261471508145076359e-08
1.535718751995545972e+01,1.324040475263711414e+04,1.659800407319994702e+04,1.298643890614800061e-08
1.538267754946730648e+01,1.323340883966353249e+04,1.669966316432724125e+04,1.343883411010629800e-08
1.540844938620178084e+01,1.320556740345557228e+04,1.679909235790484308e+04,1.410049159294683447e-08
1.543355426249843809e+01,1.319688693029043679e+04,1.689191030594912081e+04,1.505781318250353019e-08
1.545898242193993610e+01,1.317118624240859026e+04,1.698166480141408465e+04,1.693696689260128873e-08
1.548411772371456507e+01,1.314340915886895709e+04,1.706609386488622476e+04,2.311909854927229372e-08
1.550938551544197175e+01,1.311343900140720507e+04,1.714633646668939036e+04,3.007733103093651013e-08
1.552316102127831066e+01,1.308811964887268550e+04,1.718854154018783811e+04,1.892909144598577570e-08
1.554896140048427533e+01,1.308436112154596594e+04,1.726445186857280351e+04,1.312712765326916255e-08
1.557489161345470130e+01,1.305786801029607341e+04,1.733715775001696238e+04,1.159727101432918349e-08
1.560087257938197425e+01,1.305457153218476014e+04,1.740616341112830196e+04,1.105637857388522625e-08
1.562607765586883168e+01,1.302835796889978337e+04,1.746968278805505906e+04,1.087166509037035916e-08
1.565162642173665297e+01,1.302518923129683208e+04,1.753074336349492660e+04,1.069987795732149620e-08
1.567677147689719597e+01,1.300061035337234352e+04,1.758765279509856919e+04,1.048876929214541193e-08
1.570280488863400414e+01,1.299568778450846185e+04,1.764339195600836319e+04,1.027076428830542217e-08
1.572853981578619376e+01,1.298996504752523288e+04,1.769532070059739999e+04,9.952186733593824983e-09
1.575368021804137975e+01,1.296670348264794484e+04,1.774301868738246412e+04,9.703969376619047385e-09
1.577919469390827700e+01,1.296279592119403969e+04,1.778870348634368929e+04,9.435550692558598804e-09
1.580437843212837379e+01,1.294037156631287871e+04,1.783081319420780346e+04,9.166173853415985426e-09
1.583041846142101150e+01,1.293779419264340868e+04,1.787164788423298160e+04,8.885714099688803880e-09
1.585544299704199211e+01,1.292142356590774398e+04,1.790811532057675140e+04,8.652082046020380306e-09
1.588143696420391571e+01,1.290910614897925734e+04,1.794317923379058266e+04,8.421537613968027336e-09
1.590757906944965683e+01,1.290629697272281919e+04,1.797560499422667272e+04,8.185950093561681347e-09
1.593399243398374843e+01,1.288090480774009302e+04,1.800550278273479125e+04,7.981766944440495211e-09
1.595992558023783126e+01,1.287819885578247704e+04,1.803203554531667032e+04,7.775113787302191972e-09
1.598506333910301080e+01,1.287513356202444629e+04,1.805514049949188484e+04,7.555701932260843837e-09
1.601059085312846264e+01,1.285023681997423591e+04,1.807583484504822263e+04,7.403914517248029038e-09
1.603628910855231382e+01,1.284779966580587643e+04,1.809401393137751438e+04,7.250874017908496077e-09
1.606169248288208351e+01,1.284488064722180388e+04,1.810919350635113005e+04,7.052367778205104256e-09
1.608757505162392576e+01,1.282003298636875479e+04,1.812186718591296449e+04,6.947075261007476147e-09
1.611262342890375621e+01,1.281768207328944300e+04,1.813126229468594101e+04,6.766608600657801767e-09
1.613793554356639959e+01,1.281526516216297387e+04,1.813805007540236693e+04,6.679824541370065614e-09
1.616413764627245087e+01,1.279056693921095393e+04,1.814202605207262604e+04,6.501721480610467707e-09
1.618951672567168032e+01,1.278772386345778978e+04,1.814282834741051192e+04,6.420413130312435470e-09
1.621462205563573278e+01,1.278579017357174780e+04,1.814059920647854960e+04,6.285331763072483214e-09
1.623993307255860330e+01,1.277650016890744701e+04,1.813519610797655696e+04,6.169478057058232779e-09
1.626524679795811679e+01,1.275808142195138680e+04,1.812667290523649353e+04,6.085492426136815606e-09
1.629184462324927551e+01,1.275622078450385561e+04,1.811411254624268622e+04,5.959770835828585252e-09
1.631731004515503969e+01,1.275305869549059753e+04,1.809844644674150913e+04,5.863405934973265427e-09
1.634249724704439544e+01,1.272908505635155052e+04,1.807949551496838103e+04,5.784704357488021302e-09
1.636773185901645888e+01,1.272692697534712897e+04,1.805687742083733610e+04,5.696921650857406948e-09
1.639377818927271235e+01,1.272425103914795363e+04,1.802952854196176122e+04,5.593310735735819402e-09
1.641979181425518419e+01,1.270259945329096263e+04,1.799818751309845538e+04,5.519182418109160646e-09
1.644603906038076602e+01,1.270028212619148871e+04,1.796227328346685317e+04,5.449437260817904555e-09
1.647251950950148824e+01,1.269843474357741616e+04,1.792163045795582730e+04,5.365338990308512986e-09
1.649777024867622544e+01,1.269181185049658416e+04,1.787900846475787330e+04,5.287738999626206463e-09
1.652328962376006771e+01,1.267105257807832095e+04,1.783169162339569448e+04,5.210385554242243400e-09
1.654918413994130688e+01,1.266935004394883981e+04,1.778001944220773294e+04,5.132198265068464235e-09
1.657450895101467481e+01,1.266734353950583318e+04,1.772589573067656966e+04,5.070071818224207306e-09
1.660049875705043476e+01,1.264875905235848040e+04,1.766699596719226247e+04,5.009448626452447969e-09
1.662735056708060810e+01,1.264013066952552435e+04,1.760313623392268346e+04,4.941102739676267185e-09
1.665357828849515798e+01,1.263853449727562111e+04,1.753834994538175306e+04,4.879334526362567203e-09
1.667898134442195612e+01,1.263612586578588707e+04,1.747409685187298601e+04,4.813402770205495320e-09
1.670597399306740982e+01,1.261179723106927486e+04,1.740518165876168132e+04,4.750259956968152603e-09
1.673142322137473315e+01,1.260944452479637584e+04,1.733999613229566603e+04,4.692890957352112193e-09
1.675753444196271502e+01,1.260791722445639243e+04,1.727351547727551224e+04,4.633119108008417700e-09
1.678299625342441104e+01,1.260524160440701235e+04,1.720971186649227457e+04,4.577427420893889075e-09
1.680936386507240599e+01,1.258115146708854081e+04,1.714501230719646992e+04,4.516625287088001491e-09
1.683569694061359456e+01,1.257894488825794724e+04,1.708259608365520035e+04,4.461288835931063629e-09
1.686210444921519169e+01,1.257744954529258212e+04,1.702209888504711853e+04,4.407184231500083458e-09
1.688906419094806566e+01,1.257442870185140055e+04,1.696272353004922479e+04,4.352584274494303541e-09
1.691416572688221009e+01,1.255072943490140642e+04,1.690977721376364570e+04,4.305445162246757998e-09
1.694160221334673011e+01,1.254852390800389912e+04,1.685428584530257285e+04,4.251526904530357729e-09
1.696892751550285894e+01,1.254702642360665595e+04,1.680123148332987694e+04,4.200738725170594131e-09
1.699436916526755326e+01,1.254439869968857238e+04,1.675353884550822841e+04,4.161563967419623266e-09
1.701994030525250068e+01,1.252064414470669362e+04,1.670774888580323022e+04,4.118686137992103995e-09
1.704629840889466408e+01,1.251849008785231308e+04,1.666184990185139759e+04,4.070542166797019187e-09
1.707207015952900875e+01,1.251696166256827928e+04,1.661855061459775607e+04,4.026605929414462709e-09
1.709782573994993271e+01,1.251289111368910199e+04,1.657607779676089922e+04,3.979910730291067390e-09
1.712509447919472194e+01,1.249300026201705805e+04,1.653198301468803038e+04,3.932839311045657484e-09
1.715023582741241626e+01,1.249138401072812667e+04,1.649160411975688839e+04,3.897785533307351172e-09
1.717782660461228872e+01,1.248994477891718088e+04,1.644691040840288042e+04,3.882317937284577202e-09
1.720288510842728513e+01,1.248742463723049877e+04,1.640516468438159063e+04,4.892595563020068171e-09
1.723011890199712326e+01,1.246346182618297098e+04,1.635731312891315793e+04,6.824486701193813589e-09
1.725542817220354408e+01,1.246142982336007481e+04,1.630770143155132246e+04,1.025014578851650066e-08
1.728080781343711791e+01,1.246018204391928157e+04,1.624961914191170399e+04,1.607531302141841974e-08
1.730604752710020477e+01,1.245855090762547479e+04,1.618126376766561771e+04,2.210419465793448910e-08
1.733157398755370338e+01,1.245022248304114146e+04,1.610154357202187748e+04,2.623310411058714668e-08
1.735686110192488485e+01,1.243191197177792310e+04,1.601911001869642132e+04,2.926479975212419570e-08
1.738198309316089407e+01,1.243049155091872126e+04,1.593527346251688141e+04,3.206470225057794925e-08
1.740712242864609394e+01,1.242925341123964972e+04,1.584889954886582018e+04,3.472594570104296917e-08
1.743228261162655102e+01,1.242708876997136213e+04,1.575753440438195321e+04,3.694206237603845128e-08
1.745757054705651612e+01,1.240438788955610107e+04,1.566441476068371048e+04,3.869758991687731689e-08
1.748267213526831654e+01,1.240089807571950769e+04,1.556971591654314216e+04,3.978268119620811530e-08
1.750795472458115754e+01,1.239964171229444582e+04,1.547595281225634062e+04,4.004114556917620083e-08
1.753313152831335131e+01,1.239828410593260196e+04,1.538547389688618932e+04,3.975754805621175922e-08
1.755827064805980697e+01,1.239482773614522557e+04,1.529511738044181402e+04,3.878432357631228257e-08
1.758331692580527417e+01,1.237183796695991987e+04,1.521032282020385355e+04,3.756546923809814227e-08
1.760847386347778354e+01,1.237000166361045194e+04,1.512946046701815794e+04,3.619159677896279982e-08
1.763360903690274384e+01,1.236880996976363895e+04,1.504919404272776956e+04,3.484439194037417124e-08
1.765871799254603403e+01,1.236722130041512901e+04,1.496832678559306441e+04,3.360159673039759798e-08
1.768391213520817118e+01,1.235974512994240104e+04,1.489840675318685135e+04,3.227835263495690033e-08
1.770935829746528967e+01,1.234057779823070268e+04,1.482022189697332215e+04,3.115124137023321050e-08
1.773445922396039620e+01,1.233915585095770984e+04,1.475174133135249576e+04,3.036570216746285368e-08
1.775988506574798365e+01,1.233794716562182475e+04,1.468591747922748800e+04,3.010134687272692123e-08
1.778529534496296804e+01,1.233591587507461554e+04,1.461117435771898818e+04,3.009051516676140035e-08
1.781042050285288170e+01,1.231683805850977114e+04,1.454353802261168676e+04,3.027879913892695071e-08
1.783557287529871260e+01,1.230970226706220274e+04,1.447836332945128197e+04,3.106556430125797640e-08
1.786072456691773880e+01,1.230843153481824811e+04,1.440141994531771525e+04,3.234225338706738589e-08
1.788605607438656264e+01,1.230672286898968196e+04,1.432985458791924066e+04,3.471451027365646593e-08
1.791115075841975468e+01,1.229518311444520805e+04,1.424566064615741743e+04,3.859137866525019992e-08
1.793616042774041119e+01,1.228309304482862899e+04,1.415332672804540562e+04,4.706603316730110376e-08
1.795940844787542900e+01,1.228187909491654864e+04,1.403845459051054968e+04,7.471678733315763410e-08
1.796748463867523427e+01,1.228148076302657864e+04,1.397489836359671244e+04,1.188592102055367003e-07
1.797081612684235452e+01,1.228131000600360676e+04,1.393649734974591775e+04,1.886248752858243923e-07
1.797260104949004145e+01,1.228121161286724600e+04,1.390589248392680565e+04,2.999278273516832806e-07
1.797382855011415970e+01,1.228113563850960782e+04,1.387492126367306810e+04,4.771221192132925681e-07
1.797485521352837878e+01,1.228105939389583727e+04,1.383587391616985951e+04,7.588983889787200231e-07
1.797551679207604280e+01,1.228099549069388377e+04,1.378991282526445866e+04,1.206493823857568499e-06
1.797583981870556258e+01,1.228095233967208333e+04,1.374095855867173486e+04,1.914856452144300191e-06
1.797600291453157340e+01,1.228092122082690003e+04,1.367730468760423355e+04,3.067037447404462067e-06
1.797608648644257201e+01,1.228089793282269420e+04,1.365666399888340493e+04,5.011159846196584288e-06
1.797613380446229669e+01,1.228087823138190288e+04,1.363977507783120564e+04,8.035669444668529758e-06
1.797615783915488308e+01,1.228086303367263099e+04,1.362680645029268999e+04,1.279340252235846670e-05
1.797617142393358947e+01,1.228085010618770866e+04,1.361383320654950148e+04,2.030518516830672967e-05
1.797617946749788587e+01,1.228083848432872946e+04,1.360281360133615271e+04,3.229735334521217222e-05
1.797618427698955657e+01,1.228082777700101542e+04,1.358979434118762401e+04,5.168272762503545045e-05
1.797618722637352207e+01,1.228081752220095041e+04,1.357904394745788886e+04,8.335955898227985570e-05
1.797618907314774717e+01,1.228080724616698899e+04,1.356704894563844027e+04,1.367622148729375473e-04
1.797619015553373600e+01,1.228079749995042766e+04,1.355521665168323307e+04,2.187709352154721158e-04
1.797619083416221031e+01,1.228078762083917172e+04,1.354511098802810011e+04,3.511240540731292966e-04
1.797619126624370978e+01,1.228077727234132544e+04,1.353189203493662171e+04,5.687233066550002577e-04
1.797619152753338767e+01,1.228076693000003252e+04,1.352041673031358187e+04,9.045528947434173595e-04
1.797619157632125564e+01,1.228076427490757669e+04,1.351780105713227385e+04,1.012900804419719809e-03
1.797619159685908841e+01,1.228076305108766064e+04,1.351663668293420960e+04,1.069917630861370178e-03
1.797619161744838578e+01,1.228076174706831262e+04,1.351542618177024815e+04,1.134622511558477714e-03
1.797619163824505151e+01,1.228076034330141556e+04,1.351415401383897733e+04,1.201105803911550014e-03
1.797619165611070002e+01,1.228075905887230874e+04,1.351272199731687215e+04,1.266683431054220097e-03
1.797619167730452006e+01,1.228075742821457425e+04,1.351055627837964676e+04,1.354710545857249230e-03
1.797619169427229835e+01,1.228075603136707832e+04,1.350874566871207935e+04,1.435509029747998730e-03
1.797619171050122588e+01,1.228075460713479333e+04,1.350694529008170866e+04,1.525813969458431063e-03
1.797619172879926452e+01,1.228075288164170888e+04,1.350482697994820592e+04,1.635605737143530289e-03
1.797619174610768411e+01,1.228075111708409349e+04,1.350272592699827328e+04,1.755059627829878800e-03
1.797619176748968783e+01,1.228074872462826715e+04,1.349997934414967312e+04,1.937335353834689078e-03
1.797619178590706213e+01,1.228074644468154293e+04,1.349745608062388601e+04,2.120463518120547283e-03
1.797619180612767664e+01,1.228074363180567707e+04,1.349448155679742194e+04,2.361031427137105180e-03
1.797619182692095663e+01,1.228074033682967092e+04,1.349116090998183063e+04,2.680726036399134170e-03
1.797619184419021465e+01,1.228073718966972774e+04,1.348816677859672563e+04,3.023917414602228515e-03
1.797619186276951098e+01,1.228073326710826223e+04,1.348464559798134724e+04,3.514000546524250531e-03
1.797619188196620499e+01,1.228072840303498015e+04,1.347930483360881226e+04,4.187502198390100419e-03
1.797619189942149376e+01,1.228072293888068089e+04,1.347292530486291253e+04,5.092569490660360347e-03
1.797619191559414986e+01,1.228071655786765223e+04,1.346613707846091529e+04,6.377716418094956513e-03
1.797619193274207205e+01,1.228070748101757090e+04,1.345753256335998594e+04,8.631341673117173818e-03
1.797619194881823645e+01,1.228069494463588853e+04,1.344480228545709178e+04,1.286308671106762246e-02
1.797619196175316958e+01,1.228067871180221846e+04,1.342861096805581656e+04,2.068540922400954885e-02
1.797619197040742733e+01,1.228066079348518906e+04,1.341045012152775598e+04,3.287240398075910036e-02
1.797619197678063685e+01,1.228063956119597424e+04,1.338993600637324562e+04,5.223187911989952970e-02
1.797619198201319080e+01,1.228061209056953703e+04,1.336004732823465747e+04,8.293207841746354225e-02
1.797619198706593124e+01,1.228057070397724601e+04,1.330979841671320355e+04,1.327047848351948223e-01
1.797619199227844788e+01,1.228050340858103482e+04,1.228050340858103482e+04,2.116306401637271239e-01
1.797619199752665509e+01,1.228039195561457200e+04,1.228039195561457200e+04,3.372398757338332387e-01
1.797619200301106446e+01,1.228018982865136059e+04,1.228018982865136059e+04,5.360641035260581555e-01
1.797619200988432553e+01,1.227970988502907312e+04,1.227970988502907312e+04,8.504832836580309419e-01
1.797619202089889257e+01,1.227775329173732280e+04,1.227775329173732280e+04,1.348272443385732489e+00
1.797619203675091626e+01,1.225574130326345403e+04,1.225574130326345403e+04,1.671083672091037586e+00
1.797619204002263515e+01,1.220040209693164434e+04,1.220040209693164434e+04,1.046932796473511340e+00
1.797619205588042846e+01,1.213310075651411898e+04,1.213310075651411898e+04,8.366533503940110084e-01
1.797619207172553146e+01,1.210976245231487701e+04,1.210976245231487701e+04,6.750097603202930285e-01
1.797619208761212661e+01,1.210786967040321542e+04,1.210786967040321542e+04,5.110473319631706479e-01
1.797619210351446384e+01,1.210626492032578426e+04,1.210626492032578426e+04,3.746424808421626174e-01
1.797619211937542971e+01,1.210492502245026481e+04,1.210492502245026481e+04,2.709636450501598515e-01
1.797619213524806270e+01,1.210358863426529751e+04,1.210358863426529751e+04,1.974660100891631465e-01
1.797619215114834645e+01,1.210208570821681315e+04,1.210208570821681315e+04,1.469331188860903414e-01
1.797619216700677569e+01,1.209995262402473600e+04,1.209995262402473600e+04,1.118791545818191013e-01
1.797619218288484788e+01,1.209832038671619557e+04,1.209832038671619557e+04,8.746314761198219212e-02
1.797619219877265095e+01,1.209695691350518246e+04,1.209695691350518246e+04,7.042130284291912845e-02
1.797619221487991226e+01,1.209580978396085447e+04,1.209580978396085447e+04,5.756709861700820552e-02
1.797619223083002638e+01,1.209485290142345548e+04,1.209485290142345548e+04,4.840186697805513860e-02
1.797619224687119655e+01,1.209397134850135444e+04,1.209397134850135444e+04,4.139897919561853074e-02
1.797619226279740801e+01,1.209303565371958393e+04,1.209303565371958393e+04,3.591504741679518026e-02
1.797619227930566055e+01,1.209191433330645850e+04,1.209191433330645850e+04,3.161431215355774149e-02
1.797619229536426744e+01,1.209076025917568040e+04,1.209076025917568040e+04,2.789784236273018872e-02
1.797619231134732587e+01,1.208967220958057987e+04,1.208967220958057987e+04,2.511196047430345676e-02
1.797619232778945531e+01,1.208867279454592426e+04,1.208867279454592426e+04,2.268893721145080755e-02
1.797619234475922667e+01,1.208777572738486015e+04,1.208777572738486015e+04,2.053768458015252027e-02
1.797619236061085601e+01,1.208704962064291431e+04,1.208704962064291431e+04,1.892976795282073910e-02
1.797619237667212388e+01,1.208640946794271258e+04,1.208640946794271258e+04,1.744374088954491267e-02
1.797619239253729262e+01,1.208585878302358105e+04,1.208585878302358105e+04,1.616411136529587872e-02
1.797619240941011753e+01,1.208535093798266826e+04,1.208535093798266826e+04,1.502001170847291379e-02
1.797619242572665499e+01,1.208492824740086326e+04,1.208492824740086326e+04,1.406468736094692966e-02
1.797619244167788821e+01,1.208457517694241687e+04,1.208457517694241687e+04,1.323760567400560605e-02
1.797619245781316266e+01,1.208427549968444509e+04,1.208427549968444509e+04,1.246184376862798614e-02
1.797619247382226959e+01,1.208403266886144047e+04,1.208403266886144047e+04,1.176228584489800826e-02
1.797619248979468765e+01,1.208384086584068609e+04,1.208384086584068609e+04,1.117841612586678059e-02
1.797619250567962013e+01,1.208369462276441845e+04,1.208369462276441845e+04,1.058677684209611419e-02
1.797619252232869869e+01,1.208358117205358394e+04,1.208358117205358394e+04,1.005494627248393509e-02
1.797619253829153863e+01,1.208350251252577618e+04,1.208350251252577618e+04,9.627790207982487788e-03
1.797619255510631220e+01,1.208344339141049204e+04,1.208344339141049204e+04,9.176083642416003883e-03
1.797619257191948350e+01,1.208340180466376660e+04,1.208340180466376660e+04,8.747273079378233007e-03
1.797619258815850429e+01,1.208337339414294547e+04,1.208337339414294547e+04,8.383288917768228626e-03
1.797619260532730934e+01,1.208335219751446493e+04,1.208335219751446493e+04,8.044944388926699927e-03
1.797619262162256959e+01,1.208333806365090641e+04,1.208333806365090641e+04,7.752192363728112497e-03
1.797619263748456220e+01,1.208332835435125526e+04,1.208332835435125526e+04,7.455689163072379971e-03
1.797619265393563737e+01,1.208332139731853204e+04,1.208332139731853204e+04,7.185451392326865257e-03
1.797619267177632452e+01,1.208331651887241060e+04,1.208331651887241060e+04,6.967222496980487491e-03
1.797619268884210797e+01,1.208331380114605054e+04,1.208331380114605054e+04,6.670091591122692849e-03
1.797619270572753791e+01,1.208331252920644147e+04,1.208331252920644147e+04,6.432065130379924570e-03
1.797619272279196068e+01,1.208331234153865807e+04,1.208331234153865807e+04,6.215267594500670928e-03
1.797619273946705576e+01,1.208331297610201364e+04,1.208331297610201364e+04,6.033741664259696311e-03
1.797619275655891968e+01,1.208331426662054764e+04,1.208331426662054764e+04,5.848114233661588085e-03
1.797619277345516764e+01,1.208331601477640652e+04,1.208331601477640652e+04,5.680892192150372756e-03
1.797619278961087019e+01,1.208331800121760170e+04,1.208331800121760170e+04,5.515466392486265829e-03
1.797619280546800269e+01,1.208332013960702534e+04,1.208332013960702534e+04,5.363091452496765270e-03
1.797619282438736477e+01,1.208332281016678644e+04,1.208332281016678644e+04,5.192592796137903213e-03
1.797619284097125814e+01,1.208332514802966216e+04,1.208332514802966216e+04,5.059991414595490546e-03
1.797619285774855769e+01,1.208332740508041206e+04,1.208332740508041206e+04,4.931084471751674692e-03
1.797619287393390763e+01,1.208332938844163073e+04,1.208332938844163073e+04,4.794161293018410659e-03
1.797619289231922224e+01,1.208333130170299592e+04,1.208333130170299592e+04,4.678637828603177638e-03
1.797619291037404921e+01,1.208333271182622411e+04,1.208333271182622411e+04,4.564292270169575255e-03
1.797619292809034874e+01,1.208333353362248090e+04,1.208333353362248090e+04,4.428659719104436308e-03
1.797619294459482475e+01,1.208333371787921351e+04,1.208333371787921351e+04,4.339877583816490608e-03
1.797619296365365571e+01,1.208333313481584082e+04,1.208333313481584082e+04,4.239734324249683738e-03
1.797619298124828902e+01,1.208333177273751244e+04,1.208333177273751244e+04,4.114202101427155700e-03
1.797619299907833934e+01,1.208332954327226980e+04,1.208332954327226980e+04,4.037593872367305041e-03
1.797619301868950004e+01,1.208332608684302431e+04,1.208332608684302431e+04,3.935843465669979641e-03
1.797619303494565557e+01,1.208332243949278745e+04,1.208332243949278745e+04,3.851814808494067981e-03
1.797619305135152246e+01,1.208331807957054480e+04,1.208331807957054480e+04,3.781208334506126669e-03
1.797619306806439354e+01,1.208331300133438890e+04,1.208331300133438890e+04,3.695282117496550937e-03
1.797619308448089726e+01,1.208330746604757041e+04,1.208330746604757041e+04,3.636129164667891399e-03
1.797619310235537071e+01,1.208330093591372679e+04,1.208330093591372679e+04,3.546347367819053902e-03
1.797619311878375115e+01,1.208329457797589748e+04,1.208329457797589748e+04,3.493483623949830089e-03
1.797619313639775740e+01,1.208328750594395206e+04,1.208328750594395206e+04,3.414276213995186965e-03
1.797619315365785653e+01,1.208328044109169787e+04,1.208328044109169787e+04,3.364572336492832865e-03
1.797619317001268158e+01,1.208327372469294642e+04,1.208327372469294642e+04,3.293096240875884474e-03
1.797619319037825747e+01,1.208326545724346579e+04,1.208326545724346579e+04,3.217545828434022811e-03
1.797619320669757315e+01,1.208325899611855493e+04,1.208325899611855493e+04,3.167116238483923783e-03
1.797619322509104478e+01,1.208325196674465769e+04,1.208325196674465769e+04,3.121670627321587472e-03
1.797619324365997784e+01,1.208324519950538888e+04,1.208324519950538888e+04,3.048858091778902830e-03
1.797619326405257212e+01,1.208323820583103407e+04,1.208323820583103407e+04,2.981951529416003704e-03
1.797619328568827157e+01,1.208323132330747649e+04,1.208323132330747649e+04,2.936572940824374710e-03
1.797619330715171415e+01,1.208322506059390798e+04,1.208322506059390798e+04,2.885748956319831096e-03
1.797619332884274712e+01,1.208321930546474505e+04,1.208321930546474505e+04,2.815479872302768718e-03
1.797619334496424059e+01,1.208321539355448658e+04,1.208321539355448658e+04,2.782715996999609014e-03
1.797619336376689603e+01,1.208321121171900450e+04,1.208321121171900450e+04,2.726226974188297302e-03
1.797619337985372923e+01,1.208320794487896092e+04,1.208320794487896092e+04,2.697898793293775511e-03
1.797619339648666781e+01,1.208320485564194678e+04,1.208320485564194678e+04,2.655077419566821435e-03
1.797619341539524385e+01,1.208320168186805495e+04,1.208320168186805495e+04,2.611246448262978612e-03
1.797619343510114476e+01,1.208319873256304163e+04,1.208319873256304163e+04,2.566963010731789386e-03
1.797619345990971595e+01,1.208319550346686265e+04,1.208319550346686265e+04,2.522873698007141365e-03
1.797619348484931834e+01,1.208319275216009009e+04,1.208319275216009009e+04,2.471423864013723784e-03
1.797619351018782652e+01,1.208319041990118239e+04,1.208319041990118239e+04,2.415162037155032301e-03
1.797619352861683950e+01,1.208318898879909648e+04,1.208318898879909648e+04,2.383246416068302096e-03
1.797619355069414482e+01,1.208318754372343028e+04,1.208318754372343028e+04,2.341623070946965025e-03
1.797619356872863250e+01,1.208318656570246458e+04,1.208318656570246458e+04,2.313147898606266861e-03
1.797619358581409088e+01,1.208318579356544069e+04,1.208318579356544069e+04,2.284529393590321346e-03
1.797619361139858896e+01,1.208318489620890978e+04,1.208318489620890978e+04,2.237778878567038728e-03
1.797619362760189077e+01,1.208318447638262478e+04,1.208318447638262478e+04,2.211425495109387452e-03
1.797619365036280570e+01,1.208318406337528177e+04,1.208318406337528177e+04,2.175971619269050604e-03
1.797619366848988776e+01,1.208318387074145176e+04,1.208318387074145176e+04,2.150364189762633219e-03
1.797619368508768289e+01,1.208318379383318461e+04,1.208318379383318461e+04,2.121924363387945895e-03
1.797619371033963986e+01,1.208318384331700690e+04,1.208318384331700690e+04,2.082218999542427822e-03
1.797619372661540993e+01,1.208318397321889643e+04,1.208318397321889643e+04,2.062191897059429888e-03
1.797619374556221317e+01,1.208318421370632313e+04,1.208318421370632313e+04,2.031395526414729591e-03
1.797619376205064157e+01,1.208318449690308080e+04,1.208318449690308080e+04,2.015092236829228115e-03
1.797619378510375299e+01,1.208318499925893411e+04,1.208318499925893411e+04,1.987423119400900939e-03
1.797619380684283641e+01,1.208318557499102644e+04,1.208318557499102644e+04,1.949670181977127730e-03
1.797619382578271896e+01,1.208318615134425090e+04,1.208318615134425090e+04,1.930860736666651246e-03
1.797619384609254212e+01,1.208318684009965000e+04,1.208318684009965000e+04,1.908856655300614344e-03
1.797619386434370625e+01,1.208318751643096766e+04,1.208318751643096766e+04,1.880357808336071074e-03
1.797619389120473699e+01,1.208318860266377669e+04,1.208318860266377669e+04,1.860088863607566294e-03
1.797619391287328483e+01,1.208318954794747333e+04,1.208318954794747333e+04,1.830062660715133785e-03
1.797619393245307862e+01,1.208319044930385098e+04,1.208319044930385098e+04,1.806513321504457431e-03
1.797619396061997676e+01,1.208319181945783566e+04,1.208319181945783566e+04,1.779366098825152596e-03
1.797619398341458918e+01,1.208319298028098274e+04,1.208319298028098274e+04,1.751198883445829980e-03
1.797619400302236770e+01,1.208319401260062114e+04,1.208319401260062114e+04,1.737002660024738717e-03
1.797619403299470875e+01,1.208319563795996328e+04,1.208319563795996328e+04,1.710471730968228521e-03
1.797619405617870214e+01,1.208319692904668591e+04,1.208319692904668591e+04,1.680955985421420714e-03
1.797619408491229009e+01,1.208319856149490261e+04,1.208319856149490261e+04,1.671520685411752652e-03
1.797619410346061386e+01,1.208319962810487050e+04,1.208319962810487050e+04,1.641245296037005617e-03
1.797619413029791957e+01,1.208320118278572409e+04,1.208320118278572409e+04,1.623605677017561340e-03
1.797619415024464473e+01,1.208320234209290174e+04,1.208320234209290174e+04,1.603083768174972789e-03
1.797619417377157802e+01,1.208320370785256819e+04,1.208320370785256819e+04,1.581044123184911256e-03
1.797619419219699566e+01,1.208320477544314235e+04,1.208320477544314235e+04,1.562214948970466147e-03
1.797619421392985117e+01,1.208320602434749708e+04,1.208320602434749708e+04,1.549715332861068690e-03
1.797619423161508578e+01,1.208320703253656757e+04,1.208320703253656757e+04,1.536291203097650201e-03
1.797619425475354049e+01,1.208320833463214876e+04,1.208320833463214876e+04,1.512647008191806601e-03
1.797619427298264583e+01,1.208320934294760809e+04,1.208320934294760809e+04,1.502329848376420061e-03
1.797619428903155381e+01,1.208321021757350900e+04,1.208321021757350900e+04,1.495613027675367444e-03
1.797619430821633912e+01,1.208321124077533023e+04,1.208321124077533023e+04,1.487115287666241747e-03
1.797619432580777143e+01,1.208321215852522073e+04,1.208321215852522073e+04,1.461919104416531303e-03
1.797619435681944111e+01,1.208321372327406243e+04,1.208321372327406243e+04,1.438049040950423879e-03
1.797619437974958956e+01,1.208321483096605880e+04,1.208321483096605880e+04,1.428727511424870414e-03
1.797619439600160618e+01,1.208321558724916213e+04,1.208321558724916213e+04,1.414182618291083635e-03
1.797619441584963340e+01,1.208321647450060300e+04,1.208321647450060300e+04,1.400397871191739899e-03
1.797619443890525304e+01,1.208321745638916400e+04,1.208321745638916400e+04,1.390185439877686304e-03
1.797619445475788069e+01,1.208321809950077841e+04,1.208321809950077841e+04,1.386004315483098772e-03
1.797619447805843507e+01,1.208321899084865072e+04,1.208321899084865072e+04,1.362129685910883981e-03
1.797619449586007789e+01,1.208321963101961592e+04,1.208321963101961592e+04,1.348884023361345691e-03
1.797619451674244928e+01,1.208322033252801521e+04,1.208322033252801521e+04,1.340975696636136040e-03
1.797619454312551923e+01,1.208322114296828659e+04,1.208322114296828659e+04,1.324376654090441688e-03
1.797619456247627312e+01,1.208322167841104238e+04,1.208322167841104238e+04,1.311122268263449284e-03
1.797619459143802345e+01,1.208322239237183931e+04,1.208322239237183931e+04,1.298843390490859746e-03
1.797619460919403522e+01,1.208322277505119200e+04,1.208322277505119200e+04,1.288948977033357044e-03
1.797619464099883047e+01,1.208322335469309655e+04,1.208322335469309655e+04,1.271087558339601287e-03
1.797619465897336255e+01,1.208322362114320094e+04,1.208322362114320094e+04,1.256543289108484705e-03
1.797619469207472420e+01,1.208322400150018257e+04,1.208322400150018257e+04,1.242375373506114265e-03
1.797619471060125917e+01,1.208322415277149594e+04,1.208322415277149594e+04,1.245298165691113542e-03
1.797619472675590302e+01,1.208322424937953110e+04,1.208322424937953110e+04,1.224853590325893776e-03
1.797619475319354976e+01,1.208322433627519240e+04,1.208322433627519240e+04,1.210563801169853336e-03
1.797619477119240727e+01,1.208322434441538644e+04,1.208322434441538644e+04,1.207285191701653465e-03
1.797619478874388932e+01,1.208322431710483943e+04,1.208322431710483943e+04,1.197069205458992525e-03
1.797619482401517388e+01,1.208322415527660269e+04,1.208322415527660269e+04,1.179093523610530349e-03
1.797619484319307048e+01,1.208322401218043888e+04,1.208322401218043888e+04,1.167621751105319631e-03
1.797619487843770614e+01,1.208322365095131863e+04,1.208322365095131863e+04,1.153967986986805970e-03
1.797619489859539854e+01,1.208322338955180749e+04,1.208322338955180749e+04,1.156320310687273178e-03
1.797619491645261647e+01,1.208322313183540427e+04,1.208322313183540427e+04,1.135973678802587681e-03
1.797619494615941349e+01,1.208322264164537046e+04,1.208322264164537046e+04,1.124466100918740559e-03
1.797619496789755544e+01,1.208322224525788079e+04,1.208322224525788079e+04,1.124933913300351414e-03
1.797619499344694205e+01,1.208322173536795890e+04,1.208322173536795890e+04,1.106388417068168662e-03
1.797619501227265459e+01,1.208322133840906281e+04,1.208322133840906281e+04,1.096800914822076587e-03
1.797619502962561810e+01,1.208322095209566032e+04,1.208322095209566032e+04,1.087026422953367476e-03
1.797619505448344768e+01,1.208322037751139760e+04,1.208322037751139760e+04,1.081357261607727256e-03
1.797619508813611233e+01,1.208321956039619727e+04,1.208321956039619727e+04,1.068207669726937590e-03
1.797619510964709377e+01,1.208321901738094857e+04,1.208321901738094857e+04,1.067227513894785252e-03
1.797619513131993330e+01,1.208321846287640983e+04,1.208321846287640983e+04,1.049137113639873452e-03
1.797619516878713597e+01,1.208321747748188500e+04,1.208321747748188500e+04,1.040718967899779360e-03
1.797619519107353270e+01,1.208321688610059573e+04,1.208321688610059573e+04,1.048321653209130727e-03
1.797619521310103607e+01,1.208321629667175148e+04,1.208321629667175148e+04,1.021940297510148723e-03
1.797619525086756909e+01,1.208321529062507034e+04,1.208321529062507034e+04,1.008449227158333614e-03
1.797619528054468674e+01,1.208321450321140765e+04,1.208321450321140765e+04,1.000692790690721088e-03
1.797619529543208472e+01,1.208321411397635529e+04,1.208321411397635529e+04,9.956893551534063726e-04
1.797619707585239368e+01,1.208321977470210732e+04,1.208321977470210732e+04,6.251552877269617907e-04
1.797619990361789277e+01,1.208326836653266946e+04,1.208326836653266946e+04,3.938807184821802618e-04
1.797620440309103884e+01,1.208322818448903126e+04,1.208322818448903126e+04,2.480189515489063701e-04
1.797621159213805342e+01,1.208322781491307978e+04,1.208322781491307978e+04,1.557235003355123329e-04
1.797622328438236039e+01,1.208320879853857332e+04,1.208320879853857332e+04,9.765323034831296933e-05
1.797624178512714721e+01,1.208318488326331862e+04,1.208318488326331862e+04,6.158028084343255160e-05
1.797627147613098941e+01,1.208304892941078288e+04,1.208304892941078288e+04,3.883797957690005156e-05
1.797632013480717816e+01,1.208270615431607075e+04,1.208270615431607075e+04,2.449790184115782925e-05
1.797639732091300502e+01,1.208227103582984091e+04,1.208227103582984091e+04,1.541589175092455510e-05
1.797652384446958251e+01,1.208140339021724685e+04,1.208140339021724685e+04,9.683111497019254092e-06
1.797673152935010066e+01,1.207845352680242286e+04,1.230070021592588819e+04,6.061679609198919717e-06
1.797706947418580725e+01,1.206892637950547760e+04,1.266458008252972104e+04,3.805193275957355035e-06
1.797761083075413069e+01,1.206463879790179635e+04,1.368580253410883779e+04,2.400503942719441662e-06
1.797849457219565394e+01,1.206405269392373339e+04,1.422129267959842036e+04,1.508734725127378216e-06
1.797993125355557709e+01,1.206340557040358726e+04,1.457199331524037189e+04,9.499751865639182143e-07
1.798223382447335084e+01,1.206136480476072938e+04,1.490210891427754359e+04,5.970907008161976722e-07
1.798583880677290736e+01,1.203957774427720688e+04,1.519389796170820409e+04,3.755053933595558207e-07
1.799117734852845274e+01,1.203406515680204939e+04,1.544921899473711164e+04,2.362493140938874489e-07
1.799849139209757354e+01,1.200575278653551322e+04,1.567138552017554684e+04,1.487729022122547768e-07
1.800778077931030197e+01,1.199605892098656659e+04,1.586897362162164427e+04,9.329342949643823632e-08
1.803297742923058422e+01,1.194428375901876097e+04,1.624884326568593860e+04,6.054530953860407076e-08
1.805801135221252807e+01,1.188721598998277295e+04,1.655065890895550183e+04,5.223710563954590407e-08
1.808301143954917478e+01,1.185484173859482325e+04,1.681772772776778947e+04,4.941500777449591268e-08
1.810822755488644731e+01,1.182425727346686836e+04,1.706067887768062064e+04,4.720996283428151972e-08
1.813344469808068382e+01,1.176813156776680808e+04,1.728077863034099209e+04,4.618141640401544121e-08
1.815850327253401986e+01,1.173644921290448838e+04,1.748001972571193619e+04,4.447099294785073848e-08
1.818368590707473231e+01,1.170483343024599162e+04,1.766380131210346372e+04,4.340087984139469606e-08
1.820884195278373241e+01,1.167083780387281695e+04,1.783328858913982913e+04,4.342106369290930617e-08
1.823403884189674073e+01,1.161636179008116414e+04,1.799109275667695692e+04,4.250338092342539510e-08
1.825915290806675273e+01,1.158769416709503093e+04,1.813814072759274859e+04,4.117008865460045435e-08
1.828428680450205590e+01,1.155626706401637966e+04,1.827637116905092262e+04,4.026262158377204625e-08
1.830946558718267525e+01,1.152304819754915115e+04,1.840675196463619795e+04,4.133771764064269085e-08
1.833454614642549174e+01,1.146748666593888811e+04,1.852939639019053720e+04,4.089158822059167294e-08
1.835955023364279981e+01,1.143610079763334579e+04,1.864535261149602593e+04,3.875438306209675014e-08
1.838458188848812469e+01,1.140563692307748170e+04,1.875605760287302110e+04,3.672637582104463759e-08
1.840968383785396867e+01,1.137738065453559102e+04,1.886190963509283029e+04,3.649148405979134876e-08
1.843481467748618030e+01,1.134562947834293482e+04,1.896301787441039778e+04,3.657333442217208006e-08
1.845986754049803835e+01,1.131203018692885962e+04,1.905922429994308914e+04,3.651335102172862535e-08
1.848501194374462742e+01,1.125848402468757740e+04,1.915151766349373429e+04,3.620577964418740861e-08
1.851004376967512144e+01,1.122699739138700170e+04,1.923958489283863310e+04,3.549626561441499957e-08
1.853525223690036938e+01,1.119650974321199101e+04,1.932471090089929567e+04,3.474707738109422618e-08
1.856052626179353027e+01,1.116849673340497793e+04,1.940677799136990507e+04,3.426215404466080026e-08
1.858558439136736240e+01,1.113765244186977179e+04,1.948506849338454413e+04,3.388519954844807874e-08
1.861073465858581244e+01,1.110683675094489263e+04,1.956094925510093526e+04,3.230103841061179240e-08
1.863584306157867942e+01,1.107595530037936805e+04,1.963390445398097654e+04,3.223928386996866312e-08
1.866103085053759614e+01,1.104507009486500465e+04,1.970465954517608770e+04,3.160617774793211614e-08
1.868621192915344764e+01,1.101423975697356764e+04,1.977289603759716920e+04,3.076417278689568451e-08
1.871136382951658916e+01,1.098345845864713738e+04,1.983867606532883656e+04,3.037081439453853819e-08
1.873636569386498962e+01,1.094968373322407388e+04,1.990189074004070062e+04,3.006651355154270519e-08
1.876155625190115828e+01,1.092063811313965016e+04,1.996347998817434927e+04,2.972775607091772255e-08
1.878678095235780177e+01,1.089023072653730196e+04,2.002314384760470784e+04,2.924979968590518436e-08
1.881198945063128747e+01,1.086095427987895528e+04,2.008080566515844112e+04,2.860983622236022405e-08
1.883721715027026988e+01,1.083199979397245079e+04,2.013669726371536672e+04,2.805031703114631618e-08
1.886237728024150329e+01,1.080282596297853888e+04,2.019063790542337665e+04,2.785070562986895707e-08
1.888747073607329696e+01,1.077331597266575227e+04,2.024266692803298065e+04,2.766341971171987615e-08
1.891249889891821567e+01,1.074190559847908844e+04,2.029290268707194627e+04,2.677984377548087648e-08
1.893769963638055387e+01,1.071585350651889894e+04,2.034201084053757586e+04,2.679113134496123542e-08
1.896272069052873022e+01,1.068658206297082143e+04,2.038911548403496636e+04,2.598170941242129877e-08
1.898790730819172268e+01,1.065687849325764182e+04,2.043509096112417683e+04,2.599219977194850506e-08
1.901301146511330842e+01,1.062703683089796687e+04,2.047941954266144967e+04,2.540164612313059649e-08
1.903803330873649458e+01,1.059703160538779775e+04,2.052221116960812651e+04,2.484851624463594732e-08
1.906319161757031466e+01,1.056691332339000655e+04,2.056376877847306605e+04,2.459559811444565056e-08
1.908851204442141380e+01,1.053710881121203784e+04,2.060437403680816715e+04,2.447087488179749627e-08
1.911356777508875382e+01,1.051004713969627846e+04,2.064316390223479902e+04,2.412251975004948388e-08
1.913868563161886271e+01,1.047994142912333155e+04,2.068072146665421678e+04,2.376295682919160605e-08
1.916382347045006540e+01,1.045009724201484278e+04,2.071708327215270765e+04,2.342377452109616727e-08
1.918887103067866562e+01,1.043801076056745660e+04,2.075210762443084968e+04,2.306014188525899621e-08
1.921407802926870545e+01,1.041565007532509844e+04,2.078611240552354502e+04,2.261551128167723165e-08
1.923934433219813300e+01,1.038675914267615190e+04,2.081898293286503031e+04,2.219911038311278478e-08
1.926455016538882603e+01,1.035708145392772531e+04,2.085058569175365119e+04,2.186657844327667795e-08
1.928981813247921195e+01,1.032713735551766149e+04,2.088109583219146225e+04,2.175247243153708492e-08
1.931506794761698131e+01,1.029753304508538167e+04,2.091040847231072985e+04,2.140536044089169459e-08
1.934023720111034450e+01,1.027087747202853097e+04,2.093854310049170090e+04,2.097303286058660819e-08
1.936568230398584234e+01,1.025623432694098847e+04,2.096582955180686622e+04,2.089934032895215360e-08
1.939076226982126983e+01,1.023718651257750207e+04,2.099160902618495675e+04,2.038950376660575906e-08
1.941578518558114297e+01,1.020821937556825651e+04,2.101622299163132629e+04,2.030953345118383001e-08
1.944108545267956956e+01,1.017849718683712490e+04,2.104008227332007300e+04,1.989943762157642948e-08
1.946611127476467118e+01,1.014869658346544747e+04,2.106266536193881984e+04,1.964665559267684421e-08
1.949115585453184352e+01,1.013799688816541129e+04,2.108416268911647785e+04,1.952591778586893533e-08
1.951626273975540471e+01,1.011576237926530848e+04,2.110460108484811644e+04,1.923668600166948338e-08
1.954139175560319330e+01,1.008680017268431402e+04,2.112415583284205059e+04,1.887366244496790289e-08
1.956657690582654396e+01,1.006032968794318185e+04,2.114270025794710091e+04,1.859014531294461032e-08
1.959160168088083509e+01,1.003065813209229418e+04,2.116001063389975752e+04,1.837261266315714301e-08
1.961681366314978092e+01,1.002399901567610141e+04,2.117657479584191242e+04,1.818001345414479342e-08
1.964189828984618913e+01,9.998204261206039519e+03,2.119188621875474564e+04,1.795124990838663698e-08
1.966716789779936292e+01,9.968815157388271473e+03,2.120647205278526235e+04,1.772498918373376599e-08
1.969230328970065358e+01,9.939204729155702807e+03,2.121982571058764370e+04,1.746193367773230933e-08
1.971762234277703030e+01,9.933768272758468811e+03,2.123238173646751602e+04,1.722080986690250499e-08
1.974275781830653642e+01,9.907012092575503630e+03,2.124379854231402351e+04,1.703170806072021805e-08
1.976792597078753033e+01,9.877545059976484481e+03,2.125415190563187207e+04,1.692282261723078933e-08
1.979313746369854954e+01,9.848381099352807723e+03,2.126368707918848668e+04,1.678171006305469880e-08
1.981834113884604420e+01,9.842460984250355978e+03,2.127215270509755646e+04,1.645290172779946111e-08
1.984362044558844218e+01,9.819378290854438092e+03,2.127959175222580234e+04,1.619472678245660369e-08
1.986911188956176844e+01,9.789926833331815942e+03,2.128609464724079953e+04,1.615798674721797958e-08
1.989420350359795009e+01,9.760725407259234998e+03,2.129157789335686539e+04,1.586971340458061567e-08
1.991960459982073317e+01,9.757556571297596747e+03,2.129609350475389874e+04,1.565281412812171213e-08
1.994497406536866180e+01,9.728675765936264725e+03,2.129957754037047926e+04,1.559037024100562750e-08
1.997027902523637266e+01,9.699325498049653106e+03,2.130203345669265764e+04,1.523900089308335424e-08
1.999559249481544398e+01,9.695762825483223423e+03,2.130348546874885506e+04,1.522424373638019856e-08
2.002080000511354285e+01,9.667549525205909958e+03,2.130392177221830207e+04,1.492926857492277281e-08
2.004609526887071169e+01,9.638359035642122763e+03,2.130335529953232253e+04,1.478437969028605626e-08
2.007173326049028717e+01,9.624724270959166461e+03,2.130174506845208089e+04,1.469653733475556567e-08
2.009701555343989554e+01,9.609789522087517980e+03,2.129913221657563190e+04,1.435229176851127270e-08
2.012234813382871224e+01,9.580475817618422298e+03,2.129548050847763443e+04,1.431741218736639850e-08
2.014741546640097525e+01,9.570219469393658073e+03,2.129082781665220318e+04,1.420918757450233493e-08
2.017245817563118493e+01,9.549010029096600192e+03,2.128514145452287630e+04,1.400838015657030224e-08
2.019746122521967635e+01,9.519687560184358517e+03,2.127856317100601882e+04,1.377789299207289492e-08
2.022283216662898653e+01,9.515240014375087412e+03,2.127084513239901571e+04,1.354923546334587845e-08
2.024799598798853495e+01,9.488367345002165166e+03,2.126209315101070024e+04,1.341741489748773027e-08
2.027327947358370608e+01,9.458993205566059260e+03,2.125220746351884736e+04,1.330846619631797640e-08
2.029867465110025293e+01,9.456068760503227168e+03,2.124138639364762639e+04,1.320177824683290508e-08
2.032382525580069554e+01,9.427937896761803131e+03,2.122949689017358105e+04,1.305254239169591153e-08
2.034916193072785617e+01,9.401759443446342630e+03,2.121651177446060319e+04,1.290665296143560695e-08
2.037428765407067033e+01,9.399060306020608550e+03,2.120260333441758485e+04,1.272365036746550061e-08
2.039930531066548980e+01,9.370671231693664595e+03,2.118765878869266453e+04,1.252826895404063696e-08
2.042434485459553173e+01,9.343592662786528308e+03,2.117174594553412680e+04,1.243218047710722371e-08
2.044952777977406555e+01,9.339447901095923953e+03,2.115463493265340367e+04,1.238310759144093919e-08
2.047510543725827503e+01,9.310133243453619798e+03,2.113617640405599013e+04,1.226568990780318104e-08
2.050011655793626986e+01,9.307333542629756266e+03,2.111714180811315236e+04,1.212783057634055668e-08
2.052530847822927385e+01,9.279192367556257523e+03,2.109689701519009759e+04,1.188316060224315948e-08
2.055033708498297074e+01,9.256558214704233251e+03,2.107566659300359242e+04,1.179949622339398425e-08
2.057539364794840253e+01,9.248137721338338451e+03,2.105356884052480746e+04,1.175069820810206888e-08
2.060065513638696899e+01,9.218934376550847446e+03,2.103017939354573173e+04,1.151466969886239320e-08
2.062573490003954646e+01,9.216726338283740915e+03,2.100588898175668146e+04,1.145503080738670192e-08
2.065096306038666896e+01,9.188205630208058210e+03,2.098041906977341932e+04,1.135902068689819792e-08
2.067598072822379152e+01,9.164196896549858138e+03,2.095422617749303754e+04,1.114007582445416065e-08
2.070131035336956415e+01,9.160511157239203385e+03,2.092677355163416360e+04,1.112673436453978359e-08
2.072645636023597504e+01,9.131455032210284116e+03,2.089846820618859419e+04,1.088723047113798181e-08
2.075188472212411028e+01,9.129353867253421413e+03,2.086894216888169103e+04,1.088557826354213220e-08
2.077728312349583462e+01,9.100480545709942817e+03,2.083848125582937064e+04,1.065247391367452857e-08
2.080274768391803875e+01,9.097671050434235440e+03,2.080699823655950604e+04,1.065155975518613075e-08
2.082775480088947262e+01,9.069714442822463752e+03,2.077518952571900081e+04,1.046131976643434370e-08
2.085276906840879363e+01,9.064722061328136988e+03,2.074251769624191002e+04,1.035567759004843492e-08
2.087785458581022624e+01,9.038983476727715242e+03,2.070902120443304375e+04,1.031267647884922554e-08
2.090325667249705077e+01,9.012087252533212450e+03,2.067436659663854152e+04,1.012364130036646748e-08
2.092830186525337055e+01,9.008283223005111722e+03,2.063935575694572981e+04,1.000726886539726438e-08
2.095375169899719481e+01,8.979405544905283023e+03,2.060301099496563620e+04,9.986921022509563074e-09
2.097924601099090935e+01,8.977415322173317691e+03,2.056583557174930320e+04,9.850005518718503966e-09
2.100442116201566023e+01,8.951888102227565469e+03,2.052861949339058992e+04,9.688257689991509869e-09
2.102974714323537953e+01,8.949669436638359912e+03,2.049065851103941168e+04,9.595775416405798903e-09
2.105503810368705686e+01,8.921251869075797003e+03,2.045204334304344229e+04,9.552654401776828880e-09
2.108012820180629987e+01,8.918767700351680105e+03,2.041322899080791467e+04,9.466956232015108037e-09
2.110576992836512744e+01,8.890682538108549124e+03,2.037338126563835249e+04,9.352188432944038349e-09
2.113140444773242166e+01,8.887680095274519772e+03,2.033298975702932512e+04,9.224427434139207328e-09
2.115653086333884403e+01,8.860160922554661738e+03,2.029290497258147298e+04,9.121746515320821738e-09
2.118170827578714821e+01,8.857051753952866420e+03,2.025282006090632785e+04,9.017836663756830967e-09
2.120714630771433207e+01,8.829663613207718299e+03,2.021199533204122781e+04,8.914165228666936083e-09
2.123264410081126030e+01,8.826396343394362702e+03,2.017085326989148234e+04,8.815975068444855937e-09
2.125782362315749552e+01,8.799187379105605942e+03,2.013043089892283751e+04,8.731561829057527440e-09
2.128318901228040971e+01,8.796194018565138322e+03,2.008948796830267383e+04,8.651888971460433853e-09
2.130879358409487523e+01,8.768905468503884549e+03,2.004824004212038199e+04,8.562558850116742788e-09
2.133446981948322474e+01,8.754595337310554896e+03,2.000734663781350173e+04,8.481376210090798582e-09
2.135964851582404123e+01,8.741784549272024378e+03,1.996710758872214501e+04,8.413616160494252826e-09
2.138478642717659994e+01,8.734942785920540700e+03,1.992759119329132955e+04,8.337452769668472342e-09
2.141021709613734458e+01,8.711416649207785667e+03,1.988806429316236608e+04,8.229286883700890000e-09
2.143561879960382299e+01,8.707679914774354984e+03,1.984883611872872643e+04,8.116551960560066727e-09
2.146098031731943223e+01,8.681071723472223312e+03,1.981018311351402372e+04,8.030644519452151420e-09
2.148621381223744109e+01,8.678584802586767182e+03,1.977299263957325820e+04,7.983274641287784835e-09
2.151131153205355062e+01,8.650725548044758398e+03,1.973641462176169080e+04,7.907173201366604828e-09
2.153672205756208413e+01,8.648943953253168729e+03,1.970008199526955650e+04,7.786555269447181822e-09
2.156213689849361970e+01,8.620412706209992393e+03,1.966456099998806894e+04,7.722125022212017684e-09
2.158772561953923486e+01,8.618999304695376850e+03,1.963011353588041311e+04,7.672412011869126717e-09
2.161285727131003043e+01,8.590245264859617237e+03,1.959737346145051197e+04,7.556723419032993059e-09
2.163819609911707076e+01,8.588986357759513339e+03,1.956564625502024501e+04,7.493898469203152463e-09
2.166345988181458182e+01,8.560081951067424598e+03,1.953483128434038008e+04,7.437001652031618006e-09
2.168859649211075435e+01,8.558843791154833525e+03,1.950521018301263757e+04,7.325496401029468949e-09
2.171431622217139079e+01,8.551814928516601867e+03,1.947597405939160308e+04,7.289355134077766495e-09
2.173961708736107923e+01,8.528789285364038733e+03,1.944815426962863421e+04,7.176234036182614772e-09
2.176541054349729976e+01,8.520631039806101398e+03,1.942073023234186257e+04,7.132499571792123065e-09
2.179060921708319754e+01,8.501949723380223077e+03,1.939526921743435742e+04,7.039045995132429188e-09
2.181611209099681403e+01,8.499759546501478326e+03,1.937064386507455129e+04,6.991007666253632828e-09
2.184129894812376094e+01,8.471774161534582163e+03,1.934669627605660207e+04,6.892396430568594772e-09
2.186671478518575995e+01,8.470482378383121613e+03,1.932347369968988278e+04,6.858661133044625436e-09
2.189177558828401260e+01,8.441809384402275100e+03,1.930073165798455739e+04,6.759401312690027633e-09
2.191678473857907861e+01,8.440641079712999272e+03,1.927923078035503204e+04,6.713964597973425762e-09
2.194264082322296616e+01,8.431393531345865995e+03,1.925760786620973522e+04,6.642548524637848670e-09
2.196771632141688357e+01,8.410554242802967565e+03,1.923664146597543368e+04,6.553222093706008038e-09
2.199319218695875477e+01,8.408795088249178661e+03,1.921599320667304710e+04,6.529320407896772851e-09
2.201905848337978000e+01,8.380379099236342881e+03,1.919568301937777142e+04,6.437871957923129667e-09
2.204463974066245058e+01,8.379369000566006434e+03,1.917548572239192072e+04,6.359621512575795255e-09
2.206997366300610608e+01,8.350578864564766263e+03,1.915606464495251566e+04,6.333783921210204227e-09
2.209503916775285504e+01,8.349429402637644671e+03,1.913690674896055862e+04,6.266069471130176013e-09
2.212017553942219905e+01,8.347324809852196267e+03,1.911778570127266357e+04,6.182718303016948761e-09
2.214569313371483972e+01,8.319565652811621476e+03,1.909879603392518038e+04,6.109092041801703633e-09
2.217101103533588713e+01,8.318146058264799649e+03,1.907953163130036046e+04,6.066863943810532862e-09
2.219667221828126813e+01,8.292848854923444378e+03,1.906055114955295721e+04,6.031609021067281983e-09
2.222188014081153895e+01,8.291978301259105137e+03,1.904151519168932646e+04,5.964410303615397776e-09
2.224762111378084128e+01,8.282749180740131123e+03,1.902186607721144537e+04,5.881067221802183635e-09
2.227343506519466843e+01,8.261999480146374481e+03,1.900330613842135426e+04,5.810240217648536176e-09
2.229890690784383267e+01,8.260677786050644499e+03,1.898291721154867264e+04,5.752424779390077618e-09
2.232410079443246431e+01,8.232168616634249702e+03,1.896372233740350566e+04,5.700290850410514674e-09
2.234919242765875325e+01,8.231189178631566392e+03,1.894506366559747767e+04,5.647810815998694209e-09
2.237479044748361190e+01,8.228298758769593405e+03,1.892450578555158427e+04,5.602006195233091928e-09
2.240027290877478094e+01,8.201227133765823964e+03,1.890421524058855721e+04,5.553099741193228572e-09
2.242592681800983456e+01,8.200260233632998279e+03,1.888571015447220998e+04,5.504351969546696142e-09
2.245120705480094614e+01,8.171741832830981366e+03,1.886378549412203574e+04,5.631976285999115603e-09
2.247641651578027222e+01,8.170499168268775065e+03,1.884388976159372760e+04,5.902163520882633334e-09
2.250211390129709343e+01,8.169144472765695355e+03,1.882517741019870300e+04,6.181475177963739074e-09
2.252730158552762774e+01,8.140708524335223956e+03,1.880270411181212694e+04,6.460997810073315382e-09
2.255263245553602403e+01,8.139800697625993052e+03,1.878241981496020162e+04,6.723850534128974786e-09
2.257807842263251530e+01,8.137723950561834499e+03,1.876405538204945697e+04,6.984120608958305087e-09
2.260359511303352420e+01,8.110025149998424240e+03,1.874075130658609487e+04,7.270575083253242552e-09
2.262904710177254586e+01,8.109048919173475042e+03,1.871951936483325335e+04,7.542411442525672355e-09
2.265442705812981572e+01,8.083685610728762185e+03,1.870181441085856932e+04,7.793218504254941835e-09
2.267955987020255293e+01,8.082838225542368491e+03,1.867939538735222231e+04,8.089640100156083424e-09
2.270510428462342389e+01,8.081585795344909457e+03,1.865572974101945147e+04,8.374915346655851919e-09
2.273074728939818456e+01,8.053136174796578416e+03,1.863489589088736830e+04,8.652012390828887380e-09
2.275642433874800119e+01,8.052247137703353474e+03,1.861571762505187144e+04,8.924061772547534017e-09
2.278147416439440676e+01,8.050742627488802100e+03,1.859149263572776545e+04,9.185032715758725079e-09
2.280651402250011373e+01,8.022455516257443378e+03,1.856871403215134706e+04,9.480245102361238243e-09
2.283203189631842633e+01,8.021729220252914274e+03,1.854953704385735909e+04,9.760029189693844494e-09
2.285717871772332543e+01,8.020117986668624326e+03,1.852729282293016149e+04,1.003255411639158444e-08
2.288301201898039139e+01,7.991853606070086244e+03,1.850192963971787321e+04,1.029995617577954337e-08
2.290818115012903888e+01,7.991233260792119836e+03,1.847999280398640985e+04,1.055971169103823162e-08
2.293404541443786471e+01,7.989508726375834158e+03,1.845740754736209783e+04,1.080584629367953437e-08
2.295924503738343248e+01,7.961375923567586142e+03,1.843734619342360747e+04,1.104566093825132751e-08
2.298486673443502326e+01,7.960764200824808540e+03,1.841174463030196057e+04,1.125662155996339754e-08
2.301008606593037698e+01,7.959224889903728581e+03,1.838656774779417538e+04,1.149041154434163329e-08
2.303513341769439648e+01,7.931018655447811398e+03,1.836507628714053862e+04,1.172459903774917505e-08
2.306019692535859278e+01,7.930370392542231457e+03,1.834535440883586125e+04,1.194989093526888633e-08
2.308524360213137072e+01,7.929159982406948075e+03,1.831997728335830470e+04,1.215955244515976403e-08
2.311077744612038742e+01,7.900773796836057954e+03,1.829386259025419713e+04,1.234385879387931598e-08
2.313607171498816939e+01,7.899985826340004678e+03,1.827114977457033456e+04,1.248381400844070127e-08
2.316185835816882843e+01,7.899005169539579583e+03,1.824755109040002208e+04,1.269423635729349410e-08
2.318778722022883088e+01,7.870441579249061760e+03,1.822674960652986192e+04,1.285103442069902497e-08
2.321357608697766750e+01,7.869701535676793355e+03,1.820104141054756838e+04,1.297375220742336333e-08
2.323895318047436476e+01,7.868481866955500664e+03,1.817453893878996678e+04,1.314676826585190060e-08
2.326409364696204563e+01,7.843594036244087874e+03,1.814963555201838972e+04,1.325981031036690410e-08
2.328946287707792706e+01,7.842853885234997506e+03,1.812900751535416566e+04,1.330942227266733954e-08
2.331527683728553768e+01,7.841959174951204659e+03,1.810680957474946990e+04,1.348191947337160888e-08
2.334086473725194111e+01,7.813287096946221936e+03,1.808063660694372811e+04,1.355130735097493616e-08
2.336596389177670829e+01,7.812540972622853587e+03,1.805429082043061499e+04,1.357924658209684814e-08
2.339164712092016885e+01,7.811901603296958456e+03,1.803064559509312676e+04,1.371911795729006583e-08
2.341739272021025187e+01,7.807014641753772594e+03,1.800689685074280715e+04,1.376243674696976495e-08
2.344277456486237554e+01,7.782251074547634744e+03,1.798734027225119644e+04,1.376592181757413755e-08
2.346828482817635830e+01,7.781720334005615769e+03,1.796194354282427958e+04,1.386601623944793579e-08
2.349428895526885341e+01,7.780407346471842175e+03,1.793503436085627982e+04,1.389220139430914224e-08
2.351982575509259021e+01,7.752170673321355025e+03,1.790962707998400947e+04,1.385648753216304706e-08
2.354488536737148152e+01,7.751493087716799891e+03,1.789039960779317698e+04,1.390515332523295963e-08
2.357135843163809241e+01,7.750762339917243480e+03,1.786774802953060134e+04,1.395840895974842988e-08
2.359644259836086277e+01,7.736777435410159342e+03,1.784202150238490503e+04,1.395373976216629752e-08
2.362208527382276557e+01,7.721262125851340897e+03,1.781677795452123610e+04,1.391411790568592298e-08
2.364723603458365986e+01,7.720764706319858306e+03,1.779224636144353281e+04,1.388845188994237394e-08
2.367329912302149353e+01,7.719486642067231514e+03,1.777263423723273445e+04,1.390831331452839528e-08
2.369903235212062498e+01,7.691238678754287321e+03,1.775090949235795051e+04,1.390989740251092382e-08
2.372440001419053601e+01,7.690584350706946680e+03,1.772498697485706361e+04,1.388856009321389948e-08
2.375014646842817712e+01,7.689975271667673951e+03,1.769916068499238827e+04,1.386280053189515870e-08
2.377548327929841321e+01,7.685349921218402415e+03,1.767972259808329545e+04,1.382984314066104905e-08
2.380111740517610741e+01,7.660491731503704614e+03,1.765951851644550698e+04,1.379284672963210491e-08
2.382641990745460703e+01,7.660006971188504394e+03,1.763389197893122400e+04,1.375040590443615744e-08
2.385183376161469582e+01,7.658530603903103838e+03,1.760866552750214032e+04,1.369903925329859367e-08
2.387712502177243223e+01,7.633949576043328307e+03,1.759133108535236533e+04,1.362887860474157479e-08
2.390283549940298613e+01,7.633433627041793443e+03,1.756981508026400843e+04,1.356050005822705242e-08
2.392886150908209686e+01,7.632850745202439612e+03,1.754531372591570835e+04,1.349728706923381342e-08
2.395436637118856638e+01,7.628346400427601111e+03,1.751967248945507890e+04,1.347016809825899640e-08
2.397983910581097078e+01,7.603267965524853935e+03,1.750044068299907303e+04,1.344702083025668317e-08
2.400537749692263745e+01,7.602892366870039041e+03,1.748152496000626343e+04,1.338932954795861915e-08
2.403093025039444441e+01,7.602256355982311106e+03,1.745605123607111091e+04,1.328950675864184966e-08
2.405670254006381015e+01,7.590422146519616945e+03,1.743197900862736788e+04,1.323372177182293474e-08
2.408258304674184203e+01,7.572775514822593323e+03,1.741645771574206447e+04,1.320661892829289860e-08
2.410862718490087886e+01,7.572369707345294046e+03,1.739284540031598226e+04,1.313656348350371101e-08
2.413468740307324012e+01,7.571652069965033661e+03,1.736818289116161759e+04,1.301977767395463062e-08
2.415994577875157745e+01,7.546432342665570104e+03,1.734601248351494360e+04,1.300936906420084674e-08
2.418537562386459072e+01,7.542298910045903540e+03,1.733130315036616594e+04,1.289445115065251504e-08
2.421095850001325189e+01,7.541910569551270783e+03,1.730696093083589949e+04,1.287294773975664321e-08
2.423668236580267177e+01,7.541257476871252948e+03,1.728265163931575808e+04,1.276814417554438556e-08
2.426227633155930263e+01,7.524347432726416628e+03,1.726846149861427330e+04,1.273178998859612115e-08
2.428811482065527372e+01,7.511847126832048161e+03,1.724527706490605851e+04,1.261154946561397888e-08
2.431387782730291391e+01,7.511485919720956190e+03,1.722051737281803798e+04,1.259622397266498058e-08
2.433995223042457212e+01,7.510911699899621453e+03,1.720551402303468421e+04,1.245169245506189370e-08
2.436594292044975063e+01,7.502726912243963852e+03,1.718382637813506517e+04,1.243985416754579935e-08
2.439209619395617423e+01,7.481400096152612605e+03,1.715967482843426478e+04,1.234416764502731530e-08
2.441799919844326539e+01,7.481080949341903761e+03,1.713922636981205142e+04,1.227572772672885366e-08
2.444442421195213910e+01,7.480589780558039820e+03,1.712399491310462327e+04,1.220682538745430913e-08
2.446993371149253349e+01,7.477633386412982873e+03,1.709955310997887500e+04,1.212323233043962950e-08
2.449615083797137061e+01,7.451018251695784784e+03,1.707869653513920275e+04,1.204145178939946556e-08
2.452209905827091063e+01,7.450693828761125587e+03,1.706386271142043552e+04,1.199630833884843757e-08
2.454786415763241791e+01,7.450310085796631938e+03,1.703930087408098552e+04,1.192599713358855497e-08
2.457312345270705833e+01,7.449299100502735200e+03,1.702206322620982246e+04,1.185007524101142060e-08
2.459888641916321816e+01,7.420925669207274950e+03,1.700466277604685820e+04,1.177775942555260410e-08
2.462517189151954256e+01,7.420418776368380350e+03,1.697997624934511623e+04,1.165952204204929930e-08
2.465128537725627922e+01,7.420026482245169063e+03,1.696591152125490044e+04,1.157167242828191804e-08
2.467661620298453329e+01,7.418748903822119246e+03,1.694534763451199979e+04,1.149947117035421470e-08
2.470191178509553609e+01,7.394197357832750640e+03,1.692306585472627921e+04,1.144670622210315156e-08
2.472771622044908923e+01,7.393685788753486122e+03,1.690932789913563465e+04,1.137111160611715669e-08
2.475302853349455035e+01,7.393401464385632607e+03,1.688879619342300430e+04,1.132474139673817285e-08
2.477811019526883740e+01,7.392855999723535206e+03,1.686705029391059361e+04,1.126281267231629432e-08
2.480395628992506829e+01,7.384072528058025455e+03,1.685473238310663510e+04,1.119072857035534430e-08
2.483017814752562913e+01,7.363384354508480101e+03,1.683056022657114227e+04,1.104060329211431716e-08
2.485578911187425177e+01,7.363134994897242905e+03,1.681621872720648753e+04,1.102383022542856976e-08
2.488119750806616537e+01,7.362821866924161441e+03,1.679714956894603893e+04,1.092365148789907605e-08
2.490639365627484025e+01,7.362119062425974334e+03,1.677506929743534783e+04,1.089314178401355597e-08
2.493208495605583153e+01,7.333373992058005570e+03,1.676361821003637306e+04,1.082605778072118670e-08
2.495811649544180355e+01,7.332892685514486402e+03,1.673974987090484137e+04,1.073062109844374596e-08
2.498394344532178835e+01,7.332628891212622875e+03,1.672702427214455383e+04,1.064131932056931997e-08
2.501062301404343913e+01,7.332282684074076315e+03,1.670691493809430540e+04,1.059754790686734260e-08
2.503677047712251635e+01,7.331161259241944208e+03,1.668439344825013177e+04,1.052692075214734361e-08
2.506254950155371120e+01,7.302844978251363500e+03,1.667381451417680364e+04,1.043782345808212835e-08
2.508784500719609767e+01,7.302394757214115998e+03,1.665129058705906573e+04,1.038867511919025793e-08
2.511298574132478478e+01,7.302146303239427652e+03,1.663771743406736641e+04,1.029572993667536520e-08
2.513806150554504626e+01,7.301847824340890838e+03,1.661915808041377750e+04,1.024814745560466981e-08
2.516444581234730293e+01,7.300762380231612951e+03,1.659818224327624557e+04,1.017257346352608718e-08
2.518955538223323742e+01,7.272391586812999776e+03,1.658671082958212719e+04,1.011032182283498508e-08
2.521497054977256980e+01,7.271967734266162552e+03,1.656391721307708576e+04,1.001374675171117104e-08
2.524013874552846914e+01,7.271737822027579568e+03,1.655438588265059298e+04,9.968556495905696550e-09
2.526529943134511669e+01,7.271462063422137362e+03,1.653146667382807573e+04,9.890368591768417608e-09
2.529098320184948889e+01,7.270819455626467061e+03,1.652143950267241962e+04,9.833133510360910958e-09
2.531658068793736760e+01,7.242000214151371438e+03,1.650010882575574215e+04,9.777166188582893037e-09
2.534221176257344155e+01,7.241555536152507557e+03,1.648202825038190713e+04,9.674441963496390278e-09
2.536804193997061674e+01,7.241353669699193233e+03,1.646956562109075458e+04,9.628625104162957826e-09
2.539354425249478808e+01,7.241125762694968216e+03,1.644779681013157096e+04,9.569814622697868558e-09
2.541997978164242511e+01,7.240666226696223021e+03,1.643763612099790771e+04,9.470438404787895641e-09
2.544576923092798637e+01,7.230699929663433977e+03,1.641480638774309045e+04,9.434977982501685051e-09
2.547169748524246202e+01,7.211203222911885860e+03,1.640567679294511981e+04,9.369372676312446433e-09
2.549777092559635605e+01,7.210993732627885038e+03,1.638289751978334789e+04,9.274537642561023492e-09
2.552302729647830404e+01,7.210778997446303038e+03,1.637380375499095499e+04,9.200704485169802297e-09
2.554919214104815595e+01,7.210246653912774491e+03,1.635162812036493051e+04,9.166565581613013231e-09
2.557469166336725763e+01,7.184962418494691519e+03,1.634163734406062576e+04,9.104731652063788290e-09
2.560061905981185859e+01,7.184480761640155833e+03,1.632059620687454481e+04,8.998342669730257512e-09
2.562733917970229669e+01,7.184301627903845656e+03,1.630832077987507546e+04,8.944064978888280922e-09
2.565251163277915580e+01,7.184147503631093969e+03,1.899369207232017288e+04,8.882166392098588640e-09
2.567871978735568206e+01,7.183822173848183411e+03,1.907937188766238251e+04,8.823953948286360875e-09
2.570420453210600797e+01,7.182301308940748640e+03,1.912962061251355408e+04,8.765226009212360425e-09
2.573000032741763476e+01,7.154394532828084266e+03,1.916574357819709257e+04,8.710979636803261768e-09
2.575550601621470292e+01,7.154008800112135759e+03,1.919285186459029137e+04,8.647745055564460232e-09
2.578187006062124453e+01,7.153832130784117908e+03,1.921446715675148516e+04,8.613904967275743739e-09
2.580768149559445135e+01,7.153646593632578515e+03,1.923055377799300913e+04,8.530498144982820460e-09
2.583372910549073254e+01,7.153344190161232291e+03,1.924302181393013598e+04,8.471533406727699654e-09
2.586088717582020635e+01,7.148948485196344336e+03,1.925230371363571248e+04,8.423246073564211980e-09
2.588625642056654996e+01,7.123795498562147259e+03,1.925822093122809747e+04,8.348315660058427155e-09
2.591255886671119768e+01,7.123530789186390393e+03,1.926183538966286505e+04,8.287283031216614350e-09
2.593853000111760210e+01,7.123372335128730811e+03,1.926312187391590851e+04,8.219646555773833978e-09
2.596353420761694153e+01,7.123217891100985980e+03,1.926240880687690878e+04,8.153312884134114130e-09
2.598968426910459684e+01,7.122961711157895479e+03,1.925977050728329050e+04,8.104673135554114127e-09
2.601487042244089309e+01,7.120107378641233481e+03,1.925553563630045755e+04,8.056163532308224163e-09
2.604105482837614360e+01,7.093415290831315360e+03,1.924948416530289614e+04,8.005104580746252701e-09
2.606661788502485777e+01,7.093131201256530403e+03,1.924202063394503784e+04,7.932083008200037762e-09
2.609271351894912527e+01,7.092988159880735111e+03,1.923288288580668814e+04,7.995688966395613302e-09
2.611897567230092676e+01,7.092848956501382418e+03,1.922223804861780445e+04,7.825740462871161161e-09
2.614495196228112306e+01,7.092642235491573047e+03,1.921033584919744317e+04,7.789408061503992539e-09
2.617008580277787289e+01,7.091699614893060243e+03,1.919753026843967382e+04,7.722524356470435535e-09
2.619516924039324479e+01,7.073036285767102527e+03,1.918356817376274194e+04,7.668298715597470327e-09
2.622146581826380540e+01,7.062737972619836910e+03,1.916764732370679121e+04,7.622469264386133527e-09
2.624682693110904452e+01,7.062605849021960239e+03,1.915112286611522723e+04,7.559853691200986224e-09
2.627293438372737100e+01,7.062521343873753722e+03,1.913290054911794869e+04,7.520762755158441855e-09
2.629977368152600548e+01,7.062399548086984396e+03,1.911292140474234475e+04,7.472274299346868540e-09
2.632612561320017619e+01,7.062124643743431989e+03,1.909210876217334226e+04,7.422344558905969142e-09
2.635178826021323673e+01,7.053922891716185404e+03,1.907070155736753804e+04,7.354424854478765104e-09
2.637814654586620122e+01,7.033013534667637032e+03,1.904756489404041349e+04,7.312385396394853238e-09
2.640343703394078645e+01,7.032264813895400948e+03,1.902427081633672424e+04,7.257885259560521449e-09
2.643061892721759776e+01,7.032150117052816313e+03,1.899805462748866194e+04,7.243711227178780890e-09
2.645719908255139075e+01,7.032057494360747114e+03,1.897123620943308561e+04,7.188079619246123120e-09
2.648254824974208788e+01,7.031945093854428706e+03,1.894457525390321098e+04,7.121379830033665773e-09
2.651001300509653902e+01,7.031523215694839564e+03,1.891447547272781230e+04,7.068853451906125132e-09
2.653561243589868468e+01,7.021745926988116480e+03,1.888530374244978520e+04,7.038770760571798274e-09
2.656133685572889647e+01,7.006767776555396267e+03,1.885487087176508430e+04,7.017661645211999079e-09
2.658741490205295221e+01,7.001811056334680870e+03,1.882287209934733255e+04,6.980249038733203939e-09
2.661266832989283770e+01,7.001729985047937589e+03,1.879076772713725586e+04,6.940290298353902641e-09
2.663996556009841754e+01,7.001643375271036348e+03,1.875481116106835907e+04,6.882978590906405771e-09
2.666541277773323415e+01,7.001467130735167302e+03,1.872009708722780852e+04,6.894011129059685199e-09
2.669058786268753636e+01,6.996640176622313447e+03,1.868458958129042730e+04,6.816718393536837846e-09
2.671839033541487396e+01,6.990601997858398136e+03,1.864399719133083272e+04,6.780765929737619768e-09
2.674398361953772962e+01,6.987026740470736513e+03,1.860527695068014509e+04,6.744321378188832707e-09
2.676909589578256998e+01,6.975169334374511891e+03,1.856601671944480768e+04,6.724840190558505247e-09
2.679453767163023770e+01,6.975133147734244631e+03,1.852490267443398989e+04,6.699695532582840523e-09
2.682231936745166934e+01,6.975087138833486279e+03,1.847834603000221614e+04,6.642660116500782001e-09
2.684786838602511239e+01,6.975056054889800180e+03,1.843397509111589898e+04,6.646622990212261814e-09
2.687287221852523089e+01,6.974633149968074576e+03,1.838892510215169023e+04,6.589096107374386631e-09
2.689852584147346448e+01,6.974812218171990025e+03,1.834104869036149466e+04,6.579332999511548184e-09
2.692493921178116878e+01,1.560213160367045566e+04,1.828971371319967511e+04,6.572158027879765165e-09
2.695019703104141939e+01,1.559003218272008598e+04,1.823858111845758322e+04,6.532577861504949842e-09
2.697776047711711200e+01,1.557528765720706906e+04,1.818023480201162602e+04,6.512784022048572801e-09
2.700400311935442588e+01,1.556748375715856855e+04,1.812188491580770278e+04,6.497169640261207777e-09
2.702958837021197169e+01,1.554724098637223688e+04,1.806195334571013154e+04,6.475234564973507215e-09
2.705711830615495828e+01,1.554064635714602082e+04,1.799345567274072891e+04,6.452756480712035822e-09
2.708299566180611606e+01,1.551989640647568012e+04,1.792448748153808629e+04,6.432112867854109232e-09
2.710849423173344519e+01,1.551284124932457235e+04,1.785046525695693708e+04,6.440429236950844122e-09
2.713555867619443873e+01,1.549906590474112636e+04,1.776310323175374651e+04,6.415621277924736744e-09
2.716161041923293595e+01,1.548426515066366119e+04,1.766472445357608376e+04,6.407537016289003430e-09
2.718663922352842377e+01,1.547757275500744618e+04,1.754022891315977904e+04,6.413083201368384345e-09
2.721380559347481309e+01,1.545619657884057597e+04,1.545619657884057597e+04,6.385302490475254545e-09
2.723909260691812406e+01,1.545027327613156740e+04,1.545027327613156740e+04,6.389586030419112929e-09
2.726421685121928462e+01,1.543093202891053443e+04,1.543093202891053443e+04,6.400228869720801795e-09
2.729010540697814236e+01,1.542224189487993863e+04,1.542224189487993863e+04,6.393989965098417031e-09
2.731622313794843393e+01,1.541265144617366968e+04,1.541265144617366968e+04,6.387677786686238251e-09
2.734178763439725657e+01,1.539437744988297891e+04,1.539437744988297891e+04,6.430260260940250828e-09
2.736940284764288833e+01,1.538515785402568144e+04,1.538515785402568144e+04,6.412306110193094972e-09
2.739685354276154072e+01,1.536687850621122743e+04,1.536687850621122743e+04,6.404713006565294087e-09
2.742397595975451452e+01,1.535978456728122728e+04,1.535978456728122728e+04,6.415977394730170048e-09
2.745038470196509905e+01,1.533831645568281601e+04,1.533831645568281601e+04,6.447694391818205445e-09
2.747556363975170513e+01,1.533229870314447544e+04,1.533229870314447544e+04,6.443187025085343368e-09
2.750267088565813722e+01,1.531124503306469160e+04,1.531124503306469160e+04,6.476310525496579378e-09
2.752910759143156483e+01,1.530336478258569878e+04,1.530336478258569878e+04,6.491107035946764935e-09
2.755600294327223310e+01,1.528842417884700444e+04,1.528842417884700444e+04,6.572980393608807924e-09
2.758344751353729052e+01,1.527398370174198499e+04,1.527398370174198499e+04,6.590768820104666157e-09
2.760906921004845316e+01,1.526504640779782130e+04,1.526504640779782130e+04,6.592029650924750624e-09
2.763468150294461267e+01,1.524520287734604244e+04,1.524520287734604244e+04,6.637042707079181769e-09
2.766005236718483573e+01,1.523864461195386502e+04,1.523864461195386502e+04,6.716643769288082996e-09
2.768596701191765419e+01,1.521663342189669129e+04,1.521663342189669129e+04,6.741746254728918205e-09
2.771243266466477095e+01,1.520984228077267653e+04,1.520984228077267653e+04,6.783913363361178183e-09
2.773954262992880970e+01,1.518747522471754382e+04,1.518747522471754382e+04,6.846921905873891374e-09
2.776481129819015337e+01,1.518041566026168948e+04,1.518041566026168948e+04,6.933637957900010591e-09
2.779063123066159235e+01,1.516003558825527034e+04,1.516003558825527034e+04,7.016058178914293625e-09
2.781588711846677597e+01,1.515117778845412067e+04,1.515117778845412067e+04,7.099758030849200170e-09
2.784127238143867444e+01,1.513115227672412220e+04,1.513115227672412220e+04,7.201090005285046355e-09
2.786655245140849502e+01,1.512326333422716016e+04,1.512326333422716016e+04,7.302785334459345414e-09
2.789271978500418570e+01,1.510176370018379930e+04,1.510176370018379930e+04,7.447194195441385621e-09
2.791900034535845876e+01,1.509263959588542093e+04,1.509263959588542093e+04,7.570791751415766987e-09
2.794410310049357804e+01,1.507124620586469609e+04,1.507124620586469609e+04,7.721029382775789722e-09
2.796947823852541504e+01,1.506202879413995470e+04,1.506202879413995470e+04,7.899721253632357773e-09
2.799473134036662003e+01,1.503973625225945398e+04,1.503973625225945398e+04,8.107977099877787230e-09
2.802065712219663141e+01,1.503053145823932937e+04,1.503053145823932937e+04,8.355996480770733526e-09
2.804675669972466423e+01,1.500628287151465884e+04,1.500628287151465884e+04,8.617444655485898844e-09
2.807238439598077306e+01,1.499748279729505703e+04,1.499748279729505703e+04,8.939310782620082987e-09
2.809803559196098988e+01,1.497309764987082053e+04,1.497309764987082053e+04,9.273723520338288818e-09
2.812338236931413249e+01,1.495942913752255663e+04,1.495942913752255663e+04,9.646271661776332704e-09
2.814892925614273622e+01,1.493979534119022355e+04,1.493979534119022355e+04,1.005541611407824841e-08
2.817393255475993996e+01,1.491593992129553226e+04,1.491593992129553226e+04,1.052548263599482219e-08
2.819916457015225930e+01,1.489942524913572379e+04,1.489942524913572379e+04,1.087208332673209488e-08
2.822429952127802366e+01,1.488098377573545258e+04,1.488098377573545258e+04,1.116060534812699566e-08
2.825007510516245546e+01,1.485447204509006042e+04,1.485447204509006042e+04,1.124626100554395710e-08
2.827617282504590790e+01,1.483160574310413358e+04,1.483160574310413358e+04,1.116343720402367699e-08
2.830135388196885060e+01,1.481904479666774205e+04,1.481904479666774205e+04,1.086322098922911948e-08
2.832674584165243203e+01,1.479338082124467837e+04,1.479338082124467837e+04,1.049491375161140456e-08
2.835208201059972311e+01,1.477384264116122358e+04,1.477384264116122358e+04,1.012991995727737341e-08
2.837759755005288653e+01,1.475989037384986659e+04,1.475989037384986659e+04,9.763958994669677033e-09
2.840279899511669370e+01,1.473525442650034893e+04,1.473525442650034893e+04,9.484179858167936408e-09
2.842850173831487837e+01,1.472201541428985547e+04,1.472201541428985547e+04,9.235055127540755822e-09
2.845409772967604312e+01,1.470418948334055676e+04,1.470418948334055676e+04,9.083562946971069035e-09
2.847916322176056525e+01,1.468047092687003351e+04,1.468047092687003351e+04,9.037993522624391481e-09
2.850552525134123627e+01,1.467131691269477415e+04,1.467131691269477415e+04,8.980532252928520565e-09
2.853098823674490347e+01,1.464647088566413731e+04,1.464647088566413731e+04,8.958438325277344784e-09
2.855722445981047386e+01,1.463610440860492054e+04,1.463610440860492054e+04,9.031718366499270204e-09
2.858293031487470515e+01,1.461366875495385102e+04,1.461366875495385102e+04,9.017820908480843834e-09
2.860858285237498677e+01,1.459118081056865594e+04,1.459118081056865594e+04,9.080173232009199582e-09
2.863374801282520465e+01,1.458092632464582675e+04,1.458092632464582675e+04,9.163121717397245911e-09
2.865945157957602163e+01,1.455559647578654585e+04,1.616212211996951737e+04,9.226401010539361110e-09
2.868500539973144470e+01,1.454608818048782268e+04,1.636928318684533042e+04,9.300426441169889988e-09
2.871063435241572037e+01,1.452227954794606194e+04,1.649617269396765914e+04,9.410063395953979953e-09
2.873567608099048698e+01,1.450006828722091086e+04,1.659694457308702476e+04,9.456082115441094780e-09
2.876097205172422733e+01,1.448877582199109020e+04,1.668467247772725386e+04,9.534914259569636603e-09
2.878663416202389769e+01,1.446550932454539361e+04,1.676313029752281727e+04,9.602742726401173969e-09
2.881237184189721390e+01,1.444317561756673786e+04,1.683319008685910376e+04,9.686245111038207681e-09
2.883816290491195033e+01,1.443149010815564907e+04,1.689593967967549179e+04,9.731448074503707908e-09
2.886459648646063059e+01,1.440532412208706592e+04,1.695329412310942280e+04,9.838378571800843885e-09
2.889065004020413241e+01,1.438729175408339142e+04,1.700345103960835331e+04,9.931594644670131063e-09
2.891657212997195003e+01,1.437088446329359795e+04,1.704737956813471101e+04,9.967070024107578413e-09
2.894188943342289022e+01,1.434477935020130826e+04,1.708471690626322743e+04,1.008506617688394502e-08
2.896729107019496041e+01,1.433035759324500214e+04,1.711669693988007566e+04,1.014060658773486692e-08
2.899280916928909591e+01,1.431028531542317796e+04,1.714330403990954437e+04,1.023356501597398374e-08
2.901850180170078275e+01,1.428424229584161185e+04,1.716440044634101287e+04,1.035773944986017968e-08
2.904380962586878567e+01,1.426139924541036635e+04,1.717943566462835588e+04,1.044225127817793568e-08
2.906912923013429406e+01,1.425035439250160380e+04,1.718851850800864486e+04,1.058370736412654669e-08
2.909448874186792011e+01,1.422440992124079276e+04,1.719130481548732496e+04,1.070514981042993392e-08
2.911997902147560779e+01,1.419817221969078491e+04,1.718728008098220744e+04,1.086539157513916025e-08
2.914551508340245789e+01,1.418613635491940113e+04,1.717577687611120200e+04,1.105325693309796026e-08
2.917075906636630478e+01,1.416167292303650902e+04,1.715620386712423351e+04,1.117477493178803828e-08
2.919580173755836228e+01,1.413448351141212879e+04,1.712755785095379906e+04,1.140107035711830350e-08
2.922100380118021334e+01,1.411065159023384513e+04,1.708762869400853378e+04,1.162557494277438413e-08
2.924605935659097611e+01,1.409678657566466063e+04,1.703336707511222266e+04,1.183518783810754088e-08
2.927206335348273214e+01,1.406998883545575882e+04,1.695294907050682014e+04,1.215176727049860064e-08
2.929753674167859856e+01,1.404399040326076829e+04,1.679977137970456533e+04,1.253562659774958299e-08
2.932316467154143069e+01,1.401545731847009301e+04,1.583013434308549404e+04,1.292588131502419689e-08
2.934819504822552005e+01,1.398759395422610214e+04,1.588543319176736259e+04,1.337458502509004636e-08
2.937325897880478820e+01,1.396320324796737623e+04,1.593134361330206957e+04,1.393243149415433498e-08
2.939877375347090194e+01,1.394199579370488755e+04,1.597236126313246132e+04,1.454985835763057730e-08
2.942397706613736119e+01,1.391456400109315837e+04,1.600837750082508683e+04,1.526432038271942917e-08
2.944922294410501351e+01,1.388469837397552328e+04,1.604099814338691067e+04,1.611023468831911824e-08
2.947445347433948726e+01,1.385338894836643158e+04,1.607070453298426401e+04,1.699464927570609586e-08
2.949956297622560086e+01,1.381271217642891679e+04,1.609779736282910926e+04,1.792247102496454369e-08
2.952478880871607458e+01,1.377733551172265106e+04,1.612282900350755517e+04,1.876205985971140437e-08
2.954985518505002773e+01,1.374443394378942321e+04,1.614582962079984100e+04,1.935411541510396678e-08
2.957509852601305766e+01,1.371211587606266767e+04,1.616737515589971190e+04,1.970589931604615632e-08
2.960028078696965181e+01,1.367990906631525104e+04,1.618745060054691203e+04,1.985393908465971294e-08
2.962578424829187185e+01,1.364704444852540655e+04,1.620654027782668709e+04,1.997437229964594547e-08
2.965102138390730602e+01,1.360669909319932594e+04,1.622438045745325326e+04,2.009670803777874557e-08
2.967635016574869766e+01,1.356723037480080347e+04,1.624131977899371668e+04,2.017135172587372355e-08
2.970165972007775324e+01,1.353425136665755963e+04,1.625741436918342333e+04,2.034556500749933787e-08
2.972698157792720153e+01,1.350194548086638315e+04,1.627273762626049029e+04,2.054549946192120215e-08
2.975221277561532673e+01,1.346938486906289836e+04,1.628730333771690493e+04,2.075707563164582535e-08
2.977741448502717603e+01,1.343526216383583596e+04,1.630116192999508894e+04,2.134868156512627634e-08
2.980294237948326597e+01,1.338889644469947598e+04,1.631453678914368356e+04,2.189846958832574798e-08
2.982797764671375518e+01,1.335371686753064751e+04,1.632699368784224498e+04,2.238561492104927902e-08
2.985314827128526716e+01,1.332015729493543768e+04,1.633890592858321907e+04,2.277076106965978027e-08
2.987820685471343651e+01,1.328254021680672668e+04,1.635015383523836499e+04,2.312784943296931025e-08
2.990322299373773163e+01,1.323396161181702337e+04,1.636074659586811867e+04,2.367351774055592184e-08
2.992857170264730016e+01,1.319933069496863754e+04,1.637086453814798551e+04,2.428503968902488805e-08
2.995363871229206509e+01,1.315411362368132541e+04,1.638017646956489079e+04,2.522516386639422278e-08
2.997892338270445478e+01,1.311243041200619336e+04,1.638877030387099148e+04,2.635518985794071076e-08
3.000437645923593522e+01,1.307039558184258567e+04,1.639651363490908261e+04,2.820312208811417100e-08
3.002942802920146192e+01,1.301881253571308480e+04,1.640307458959217547e+04,3.130052493337375913e-08
3.005459170066156105e+01,1.295901861594744150e+04,1.640813649181958317e+04,3.846065341798044627e-08
3.007318120138863904e+01,1.289940946469896517e+04,1.641019684772946493e+04,6.111960791629873349e-08
3.009831281251175028e+01,1.280236145537798802e+04,1.640662929371146674e+04,5.505328737699897153e-08
3.012346948892827925e+01,1.272121358928180962e+04,1.640127519578547799e+04,4.646990980411072988e-08
3.014848914598903207e+01,1.265667394919594335e+04,1.639436081682324220e+04,5.018087416990865237e-08
3.017355602682164317e+01,1.257197266074499021e+04,1.638492565068376280e+04,4.984666422321961337e-08
3.019866759258286493e+01,1.250844850995435081e+04,1.637305955932540928e+04,4.360811197134994941e-08
3.022387982030414832e+01,1.244652270708247852e+04,1.635923032216939282e+04,4.182973640363987266e-08
3.024898476038241668e+01,1.237908291134899446e+04,1.634353356878143495e+04,4.341096732538257501e-08
3.027398775601458425e+01,1.230196174996777881e+04,1.632546327424571609e+04,4.507184354647842789e-08
3.029917273731365412e+01,1.223763824859891793e+04,1.630495963817195661e+04,4.591732301641625345e-08
3.032417766845038543e+01,1.215626204908908221e+04,1.628298000123770180e+04,4.599745325216706888e-08
3.034917811584789504e+01,1.208775336666366638e+04,1.625927848120576527e+04,4.617707598996099354e-08
3.037425517479128345e+01,1.200867776277327903e+04,1.623425898098159269e+04,4.660608054604326320e-08
3.039940713576283216e+01,1.193791919380565560e+04,1.620782694067246121e+04,4.703380717707009111e-08
3.042441167528636470e+01,1.185389137820251926e+04,1.618038327655765534e+04,4.769522265229047992e-08
3.044947960872663728e+01,1.178374903027266555e+04,1.615178064112079119e+04,4.855875623388532471e-08
3.047447984137178523e+01,1.169817878090996783e+04,1.612220965759266801e+04,4.908534521694821275e-08
3.049952097693018516e+01,1.161080625542830239e+04,1.609155985064948800e+04,4.984046935464410116e-08
3.052459648551486282e+01,1.152375741038613705e+04,1.605983191733842614e+04,5.082092298390896890e-08
3.054972827523885570e+01,1.144034275228567276e+04,1.602712732189497910e+04,5.144936143889835265e-08
3.057479640005934129e+01,1.134737275714788302e+04,1.599334695859307067e+04,5.212764710991781645e-08
3.059980316846755244e+01,1.125506926820232547e+04,1.595865051097138894e+04,5.304254358069719844e-08
3.062484370337906370e+01,1.116188248973831469e+04,1.592295200088143974e+04,5.411078204081864736e-08
3.064990813641625778e+01,1.106797449960018093e+04,1.588631842892358509e+04,5.500175484367746539e-08
3.067499630079337791e+01,1.097131656384152666e+04,1.584918051699108219e+04,5.698381044724669878e-08
3.070000560548171364e+01,1.086017755135815787e+04,1.581195241354798418e+04,5.726278374226653396e-08
3.072501361974803302e+01,1.076087954386773163e+04,1.577443412622685537e+04,5.840391241904682946e-08
3.075010633265234361e+01,1.064701930848649681e+04,1.573639338480325569e+04,5.970089289166164915e-08
3.077511259120752740e+01,1.052888331865334294e+04,1.569912197351542090e+04,6.119737638150361570e-08
3.080014353866652499e+01,1.040919901831034986e+04,1.566243352088279062e+04,6.275853800578521318e-08
3.082516672643493649e+01,1.028741555985780360e+04,1.562618804389800971e+04,6.432065179064713058e-08
3.085017041707161667e+01,1.016313959648957643e+04,1.559033179982223010e+04,6.618370155083434622e-08
3.087528599884515046e+01,1.002062473502495413e+04,1.555523143094933585e+04,6.805738642184927043e-08
3.090028865674183933e+01,9.887969227822479297e+03,1.552151168344474354e+04,7.013099685157598846e-08
3.092530098476875011e+01,9.740644099144024949e+03,1.548860165157558004e+04,7.247755300398967276e-08
3.095036505657762049e+01,9.580675695760006420e+03,1.545625217459522901e+04,7.496275533315050454e-08
3.097544046691356456e+01,9.416746779143733875e+03,1.542437704375426074e+04,7.756704035538553255e-08
3.100046703334782094e+01,9.240526860896841754e+03,1.539281321488253889e+04,8.073392269232050848e-08
3.102550348512065170e+01,9.057716119239255931e+03,1.536132665829765210e+04,8.434611475346445645e-08
3.105057922257903869e+01,8.867345776953836321e+03,1.532928736062657663e+04,8.879360428508062518e-08
3.107561454356428499e+01,8.652454703828265338e+03,1.529632827528921734e+04,9.418219080697317607e-08
3.110064891958785438e+01,8.420855289543716935e+03,1.526163691936860960e+04,1.007002587578131186e-07
3.112567124559183895e+01,8.156191115632170295e+03,1.522436684457712181e+04,1.098622844277708877e-07
3.115068993324356583e+01,7.856144885179761332e+03,1.518073183966901888e+04,1.296415130688618172e-07
3.116932163200420902e+01,7.556577147841189799e+03,1.514444063967632246e+04,2.056139537212315004e-07
3.117517400124437188e+01,7.409045559011729893e+03,1.513333942625709096e+04,3.273833714835679960e-07
3.117673489250861607e+01,7.340701230195156313e+03,1.512913544351296514e+04,5.221856272867593101e-07
3.117732763596320567e+01,7.304826591475874011e+03,1.512755958627489053e+04,8.304548545212074903e-07
3.117757550220085960e+01,7.276241411461333882e+03,1.512689539056079957e+04,1.316909112919598749e-06
3.117768255538147670e+01,7.258139130361946627e+03,1.512660007352537104e+04,2.100147794606417953e-06
3.117772659004564062e+01,7.246773473884595660e+03,1.512647079100334486e+04,3.389291361703696547e-06
3.117773813406925498e+01,7.243814313414271055e+03,1.512643372204825573e+04,5.422237744162034076e-06
3.117774543347883309e+01,7.241648910661676382e+03,1.512640801210953032e+04,8.931162367398488874e-06
3.117774962893788882e+01,7.238009902956338010e+03,1.512639133708557165e+04,1.435923912074090069e-05
3.117775224200584816e+01,7.235325046037839456e+03,1.512637918273865762e+04,2.332405574521587640e-05
3.117775387771257201e+01,7.233301970234346300e+03,1.512636983000196051e+04,3.830461139960323182e-05
3.117775484693462218e+01,7.231837382995824555e+03,1.512636279778005337e+04,6.099927516055654071e-05
3.117775547938721203e+01,7.230646913429314736e+03,1.512635667791162996e+04,9.967329975022250633e-05
3.117775585810672823e+01,7.229735705753165348e+03,1.512635166310607929e+04,1.587853105387139572e-04
3.117775611414420922e+01,7.228922843493255641e+03,1.512634675770258036e+04,2.629187768244248876e-04
3.117775626308187142e+01,7.228277352116602742e+03,1.512634251176056205e+04,4.169312498845667027e-04
3.117775635947560886e+01,7.227696057925218156e+03,1.512633845068559822e+04,6.638972426787718159e-04
3.117775641730862901e+01,7.227202810388496800e+03,1.512633482219419784e+04,1.013716911482960082e-03
3.117775643774081118e+01,7.226975947674668532e+03,1.512633308354206747e+04,1.245004959173775638e-03
3.117775645454618783e+01,7.226754024956124340e+03,1.512633134488993710e+04,1.517515079471628810e-03
3.117775647146869744e+01,7.226481507237574988e+03,1.512632917368728340e+04,1.947663706999689130e-03
3.117775648783802822e+01,7.226141345757996532e+03,1.512632643130782890e+04,2.659441049071730422e-03
3.117775650394414200e+01,7.225667543449084405e+03,1.512632250044214379e+04,4.081466927663278399e-03
3.117775651592291197e+01,7.225118152241101598e+03,1.512631788923432032e+04,6.550594135715351145e-03
3.117775652414876575e+01,7.224498982004992286e+03,1.512631265222610273e+04,1.063047320520876630e-02
3.117775652995435109e+01,7.223754700126086391e+03,1.512630635687670292e+04,1.718641620043733637e-02
3.117775653397885449e+01,7.222863456807897819e+03,1.512629890649809386e+04,2.729719282279680082e-02
3.117775653714991435e+01,7.221667182776078334e+03,1.512628913372053648e+04,4.487700787790185192e-02
3.117775653998836560e+01,7.219898411137263793e+03,1.512627525763629455e+04,7.166474974897894812e-02
3.117775654337800617e+01,7.216453973841371408e+03,1.512625083126308891e+04,1.140526500521925057e-01
3.117775654843682531e+01,6.549519794654872385e+03,1.512619568116021765e+04,1.825698788127492755e-01
3.117775655515276156e+01,6.534756225864281987e+03,1.512606544726376706e+04,2.895926047329163144e-01
3.117775656457675382e+01,6.523938707560470903e+03,1.512572428424828286e+04,4.594368200244689504e-01
3.117775657450384941e+01,6.519787141798428820e+03,1.512504079074907168e+04,7.281960839906234106e-01
3.117775659037880942e+01,6.439715992834347162e+03,1.512291121135843969e+04,9.453796845915690694e-01
3.117775660623874856e+01,6.411135955232084598e+03,1.512005293334324779e+04,1.181224874614420717e+00
3.117775662209805176e+01,6.391541761947349187e+03,1.511560141901055977e+04,1.412489229899229315e+00
3.117775663795400476e+01,6.376498107675053689e+03,1.510827243320642629e+04,1.648295778424938129e+00
3.117775665380088768e+01,6.349319351131196527e+03,1.509028779355291590e+04,1.892854715149071332e+00
3.117775666964729098e+01,6.322547830426700784e+03,1.503832194348581834e+04,2.008638287031459413e+00
3.117775668550481072e+01,6.292536987516318732e+03,6.292536987516318732e+03,1.866241251303642823e+00
3.117775670135686283e+01,6.261390115380218049e+03,6.261390115380218049e+03,1.934027954320240106e+00
3.117775671720828257e+01,6.229398398714626637e+03,6.229398398714626637e+03,1.521286885001241096e+00
3.117775673307233220e+01,6.196127392362619503e+03,6.196127392362619503e+03,1.232115290055905810e+00
3.117775674894698668e+01,6.160124452780566571e+03,6.160124452780566571e+03,9.576023740954620056e-01
3.117775676479369196e+01,6.123481181251929229e+03,6.123481181251929229e+03,7.284403889844801583e-01
3.117775678064795031e+01,6.095841772488694915e+03,6.095841772488694915e+03,5.425220663211453020e-01
3.117775679652278598e+01,6.075810897216170815e+03,6.075810897216170815e+03,3.969436401309435758e-01
3.117775681245323227e+01,6.056118859656280620e+03,6.056118859656280620e+03,2.905996463171724442e-01
3.117775682841292806e+01,6.048898870564496065e+03,6.048898870564496065e+03,2.122217282306607944e-01
3.117775684431843786e+01,6.046861696406836018e+03,6.046861696406836018e+03,1.588699065290491708e-01
3.117775686022794090e+01,6.044698286422450110e+03,6.044698286422450110e+03,1.689265553915461071e-01
3.117775687612063606e+01,6.039672848886074462e+03,6.039672848886074462e+03,1.861324760437896020e-01
3.117775689199731914e+01,6.035134514454253804e+03,6.035134514454253804e+03,1.927336753010755188e-01
3.117775690785450848e+01,6.031571423643139497e+03,6.031571423643139497e+03,1.876314659510700256e-01
3.117775692370692298e+01,6.028832038979378012e+03,6.028832038979378012e+03,1.720584654412316561e-01
3.117775693958297012e+01,6.026424509883816427e+03,6.026424509883816427e+03,1.485116649474537975e-01
3.117775695547926418e+01,6.023636871639926540e+03,6.023636871639926540e+03,1.204287094734552560e-01
3.117775697133397728e+01,6.021532443773144223e+03,6.021532443773144223e+03,9.091885673332228412e-02
3.117775698723758282e+01,6.020367545309462912e+03,6.020367545309462912e+03,6.233468202988005219e-02
3.117775700224661506e+01,6.019931212406451777e+03,6.019931212406451777e+03,3.921647896990571730e-02
3.117775701823967438e+01,6.019664869727847872e+03,6.019664869727847872e+03,2.774631530186897135e-02
3.117775703418758582e+01,6.019430497298698356e+03,6.019430497298698356e+03,2.539617155579018334e-02
3.117775705039823109e+01,6.019170439518995408e+03,6.019170439518995408e+03,2.343620855899572128e-02
3.117775706686728654e+01,6.018910817650680656e+03,6.018910817650680656e+03,2.171333618174426869e-02
3.117775708302066207e+01,6.018683609483764485e+03,6.018683609483764485e+03,2.018048105365074715e-02
3.117775709887673585e+01,6.018478058792439697e+03,6.018478058792439697e+03,1.882775144074308460e-02
3.117775711514772752e+01,6.018276188011200247e+03,6.018276188011200247e+03,1.762079195572830576e-02
3.117775713115350911e+01,6.018079076459916905e+03,6.018079076459916905e+03,1.660817121227050469e-02
3.117775714833633671e+01,6.017868105354622458e+03,6.017868105354622458e+03,1.562591255644827856e-02
3.117775716539634701e+01,6.017664579991139362e+03,6.017664579991139362e+03,1.479420922924258759e-02
3.117775718147006359e+01,6.017480032154119726e+03,6.017480032154119726e+03,1.406898796242150342e-02
3.117775719863049488e+01,6.017289272136601539e+03,6.017289272136601539e+03,1.329153192330789768e-02
3.117775721523756616e+01,6.017107571637122419e+03,6.017107571637122419e+03,1.272223635228097657e-02
3.117775723198014504e+01,6.016922651405740908e+03,6.016922651405740908e+03,1.210587108977044871e-02
3.117775724933797576e+01,6.016725361222046558e+03,6.016725361222046558e+03,1.158022060462005585e-02
3.117775726618033971e+01,6.016528874163044748e+03,6.016528874163044748e+03,1.103173880518298899e-02
3.117775728375040600e+01,6.016321721236191479e+03,6.016321721236191479e+03,1.061273302478068538e-02
3.117775729975268462e+01,6.016133559010591853e+03,6.016133559010591853e+03,1.022124697322369935e-02
3.117775731703215314e+01,6.015932427108911725e+03,6.015932427108911725e+03,9.857896172997128448e-03
3.117775733322278953e+01,6.015746501293795518e+03,6.015746501293795518e+03,9.428470367501700505e-03
3.117775735054293662e+01,6.015550433776097634e+03,6.015550433776097634e+03,9.098351170242083633e-03
3.117775736704033918e+01,6.015366120061541551e+03,6.015366120061541551e+03,8.820155940172691098e-03
3.117775738524445472e+01,6.015164797065387575e+03,6.015164797065387575e+03,8.502096227892157188e-03
3.117775740174950272e+01,6.014983308358401700e+03,6.014983308358401700e+03,8.237949297388065181e-03
3.117775741845524351e+01,6.014799890455953573e+03,6.014799890455953573e+03,7.977658535285767419e-03
3.117775743575650083e+01,6.014609795731219492e+03,6.014609795731219492e+03,7.733877863451941136e-03
3.117775745390265030e+01,6.014410224660282438e+03,6.014410224660282438e+03,7.482804310822353984e-03
3.117775747175869228e+01,6.014213862964380496e+03,6.014213862964380496e+03,7.261438091044267011e-03
3.117775749096568916e+01,6.014002960583879940e+03,6.014002960583879940e+03,7.025501640859510392e-03
3.117775750713212091e+01,6.013764693922288643e+03,6.013764693922288643e+03,6.838678035102592652e-03
3.117775752517534471e+01,6.013306582661723041e+03,6.013306582661723041e+03,6.633170289136586066e-03
3.117775754367346863e+01,6.012854429447727853e+03,6.012854429447727853e+03,6.435829256639164463e-03
3.117775756363267803e+01,6.012383409423951889e+03,6.012383409423951889e+03,6.294657633614253456e-03
3.117775758146719767e+01,6.011974061815924870e+03,6.011974061815924870e+03,6.108634386714844114e-03
3.117775760020312603e+01,6.011552089738492214e+03,6.011552089738492214e+03,5.957791835134843700e-03
3.117775761773967957e+01,6.011161617723105337e+03,6.011161617723105337e+03,5.812420133953369664e-03
3.117775763449767013e+01,6.010790681947345547e+03,6.010790681947345547e+03,5.666141366169056420e-03
3.117775765221989204e+01,6.010400075084083255e+03,6.010400075084083255e+03,5.538045817581879922e-03
3.117775766841086238e+01,6.010045239429416142e+03,6.010045239429416142e+03,5.436645305282911296e-03
3.117775768644758827e+01,6.009653657340050813e+03,6.009653657340050813e+03,5.307957079927386190e-03
3.117775770558175807e+01,6.009244585736329100e+03,6.009244585736329100e+03,5.158357002704368546e-03
3.117775772395262734e+01,6.008859898306646755e+03,6.008859898306646755e+03,5.066730633560286023e-03
3.117775773994910082e+01,6.008532544898326705e+03,6.008532544898326705e+03,4.982365811381746397e-03
3.117775775867523791e+01,6.008159253107493896e+03,6.008159253107493896e+03,4.845250930076686405e-03
3.117775777466536269e+01,6.007849450705101845e+03,6.007849450705101845e+03,4.780487729475512045e-03
3.117775779118464641e+01,6.007538264303120741e+03,6.007538264303120741e+03,4.687617575959092744e-03
3.117775780924237594e+01,6.007208460956589988e+03,6.007208460956589988e+03,4.604210449640383160e-03
3.117775782821713193e+01,6.006873427071032893e+03,6.006873427071032893e+03,4.506421212763539463e-03
3.117775784566734387e+01,6.006575470325962669e+03,6.006575470325962669e+03,4.412369128957738772e-03
3.117775786334980026e+01,6.006283116091565716e+03,6.006283116091565716e+03,4.345215523924734688e-03
3.117775788149262794e+01,6.005992712511424543e+03,6.005992712511424543e+03,4.260441820655921918e-03
3.117775790050092866e+01,6.005698271872706755e+03,6.005698271872706755e+03,4.167557423887005910e-03
3.117775791848116995e+01,6.005428409580907100e+03,6.005428409580907100e+03,4.111648180716261265e-03
3.117775793709588683e+01,6.005157237352389529e+03,6.005157237352389529e+03,4.017815698554402792e-03
3.117775795299055019e+01,6.004931819064184310e+03,6.004931819064184310e+03,3.975456690152737518e-03
3.117775797301693430e+01,6.004655174114037436e+03,6.004655174114037436e+03,3.893009901648867774e-03
3.117775799216823884e+01,6.004397664621235890e+03,6.004397664621235890e+03,3.831612906147813767e-03
3.117775801122150625e+01,6.004147732613124390e+03,6.004147732613124390e+03,3.763485078764607691e-03
3.117775802722916367e+01,6.003942234508910587e+03,6.003942234508910587e+03,3.710448710660499503e-03
3.117775804404212536e+01,6.003730547095139627e+03,6.003730547095139627e+03,3.654740745015785681e-03
3.117775806583451370e+01,6.003462172121781805e+03,6.003462172121781805e+03,3.587278997742789164e-03
3.117775808733588505e+01,6.003203740916640527e+03,6.003203740916640527e+03,3.523658621424208791e-03
3.117775810931446046e+01,6.002945849590040780e+03,6.002945849590040780e+03,3.444340498801497230e-03
3.117775813107744654e+01,6.002696507307783577e+03,6.002696507307783577e+03,3.402764585140662882e-03
3.117775815307696519e+01,6.002450291712746548e+03,6.002450291712746548e+03,3.331913042782054524e-03
3.117775817012715578e+01,6.002263298430735631e+03,6.002263298430735631e+03,3.296881466095805385e-03
3.117775819013414207e+01,6.002047894441360768e+03,6.002047894441360768e+03,3.235393975553873397e-03
3.117775820657213259e+01,6.001873923024142641e+03,6.001873923024142641e+03,3.205973510800751939e-03
3.117775822536088270e+01,6.001678071195992743e+03,6.001678071195992743e+03,3.143169422587709528e-03
3.117775824385187633e+01,6.001488073579747834e+03,6.001488073579747834e+03,3.114273251739235228e-03
3.117775826139864392e+01,6.001309893292275774e+03,6.001309893292275774e+03,3.066634389803782942e-03
3.117775828068391064e+01,6.001115901474248858e+03,6.001115901474248858e+03,3.030844815172960803e-03
3.117775830156697836e+01,6.000907280750309837e+03,6.000907280750309837e+03,2.984138131459326826e-03
3.117775831912480555e+01,6.000732390951364323e+03,6.000732390951364323e+03,2.943860453318950052e-03
3.117775833830539156e+01,6.000541139101064800e+03,6.000541139101064800e+03,2.910018226940288503e-03
3.117775836055809435e+01,6.000317989959767147e+03,6.000317989959767147e+03,2.859190926455532685e-03
3.117775838055939985e+01,6.000115284005513786e+03,6.000115284005513786e+03,2.828704708872210091e-03
3.117775839847143615e+01,5.999931318945337807e+03,5.999931318945337807e+03,2.777977282218420125e-03
3.117775841543779336e+01,5.999754455012062863e+03,5.999754455012062863e+03,2.759395197158900741e-03
3.117775843454969120e+01,5.999551725515373619e+03,5.999551725515373619e+03,2.723625386230705755e-03
3.117775845284516123e+01,5.999353895776587706e+03,5.999353895776587706e+03,2.696585920968658581e-03
3.117775847899616792e+01,5.999064585212801830e+03,5.999064585212801830e+03,2.650560129449038450e-03
3.117775849660364429e+01,5.998865655870348746e+03,5.998865655870348746e+03,2.609873287726750812e-03
3.117775852201141973e+01,5.998573537880981348e+03,5.998573537880981348e+03,2.576583067373308233e-03
3.117775854058769269e+01,5.998356992073211586e+03,5.998356992073211586e+03,2.537856970577484061e-03
3.117775856100929843e+01,5.998117060754116210e+03,5.998117060754116210e+03,2.522910750215124568e-03
3.117775857999711064e+01,5.997893165255397435e+03,5.997893165255397435e+03,2.488261853572887143e-03
3.117775859772407898e+01,5.997684265714601679e+03,5.997684265714601679e+03,2.454821864657769255e-03
3.117775862227145822e+01,5.997396584928826087e+03,5.997396584928826087e+03,2.428709985511518562e-03
3.117775864460385193e+01,5.997137803715295377e+03,5.997137803715295377e+03,2.384575176566221602e-03
3.117775866281180441e+01,5.996929727498577449e+03,5.996929727498577449e+03,2.374144861054797682e-03
3.117775868528894989e+01,5.996677307083892629e+03,5.996677307083892629e+03,2.340922095015618258e-03
3.117775870560430107e+01,5.996454015355423508e+03,5.996454015355423508e+03,2.305132364141033400e-03
3.117775872505224655e+01,5.996245025246589648e+03,5.996245025246589648e+03,2.292988841127730111e-03
3.117775874615186993e+01,5.996023925014290398e+03,5.996023925014290398e+03,2.256538421344665528e-03
3.117775876814099334e+01,5.995800062503858499e+03,5.995800062503858499e+03,2.236907811588622914e-03
3.117775879287706431e+01,5.995556508490248234e+03,5.995556508490248234e+03,2.220425556390529399e-03
3.117775880911711184e+01,5.995401465909870240e+03,5.995401465909870240e+03,2.178930069016921014e-03
3.117775883217962374e+01,5.995187985260314235e+03,5.995187985260314235e+03,2.160945190901468731e-03
3.117775885381985645e+01,5.994994841572611222e+03,5.994994841572611222e+03,2.138129712871302251e-03
3.117775887835402671e+01,5.994784276502274224e+03,5.994784276502274224e+03,2.114009887475671104e-03
3.117775889916311272e+01,5.994612656318628069e+03,5.994612656318628069e+03,2.092966124923067474e-03
3.117775892570719520e+01,5.994402984305482278e+03,5.994402984305482278e+03,2.064404675154834536e-03
3.117775894346538124e+01,5.994268467212662472e+03,5.994268467212662472e+03,2.044027441619854744e-03
3.117775896793965629e+01,5.994090592262408791e+03,5.994090592262408791e+03,2.019103198211845331e-03
3.117775899200994516e+01,5.993924102830469565e+03,5.993924102830469565e+03,1.989319720089307002e-03
3.117775901838231434e+01,5.993751257369304767e+03,5.993751257369304767e+03,1.977985162624147034e-03
3.117775904221402072e+01,5.993603633168067063e+03,5.993603633168067063e+03,1.947556417788132025e-03
3.117775906536063246e+01,5.993467997622179610e+03,5.993467997622179610e+03,1.926434188513332854e-03
3.117775908386791528e+01,5.993365016546552397e+03,5.993365016546552397e+03,1.915112350388360751e-03
3.117775910841641007e+01,5.993235871366890024e+03,5.993235871366890024e+03,1.884760046840076170e-03
3.117775913307641744e+01,5.993114622444386441e+03,5.993114622444386441e+03,1.869542091584839834e-03
3.117775916235626354e+01,5.992981537575473340e+03,5.992981537575473340e+03,1.851954187418385122e-03
3.117775918640933241e+01,5.992880868026169082e+03,5.992880868026169082e+03,1.818868132749197446e-03
3.117775921118015603e+01,5.992785127920630657e+03,5.992785127920630657e+03,1.808057392887302620e-03
3.117775923092338175e+01,5.992714399448601398e+03,5.992714399448601398e+03,1.792803835580683569e-03
3.117775925601580767e+01,5.992631362394668940e+03,5.992631362394668940e+03,1.767407116890536882e-03
3.117775927244204226e+01,5.992580981482287825e+03,5.992580981482287825e+03,1.760338095405960873e-03
3.117775930069192469e+01,5.992501280613480048e+03,5.992501280613480048e+03,1.742377739599030705e-03
3.117775932004458639e+01,5.992451447086118606e+03,5.992451447086118606e+03,1.720051367170961172e-03
3.117775934425793949e+01,5.992394143044326484e+03,5.992394143044326484e+03,1.707917633043429294e-03
3.117775936653980651e+01,5.992345987289555524e+03,5.992345987289555524e+03,1.694722171942023839e-03
3.117775938759905330e+01,5.992304160655835403e+03,5.992304160655835403e+03,1.675299671555956129e-03
3.117775941451879973e+01,5.992255418240098152e+03,5.992255418240098152e+03,1.660741235680814358e-03
3.117775943615740175e+01,5.992219691779237110e+03,5.992219691779237110e+03,1.649122467260760293e-03
3.117775946227794748e+01,5.992180202350783475e+03,5.992180202350783475e+03,1.627626485760897508e-03
3.117775948262394081e+01,5.992151909293117569e+03,5.992151909293117569e+03,1.613539721586827388e-03
3.117775951001787149e+01,5.992116808281943122e+03,5.992116808281943122e+03,1.601030496374973924e-03
3.117775953121728350e+01,5.992091733980527351e+03,5.992091733980527351e+03,1.586171923950554239e-03
3.117775955983283254e+01,5.992060403889609006e+03,5.992060403889609006e+03,1.567934814481395517e-03
3.117775958105499967e+01,5.992038806508853668e+03,5.992038806508853668e+03,1.559336497714002316e-03
3.117775961015331276e+01,5.992011158503712068e+03,5.992011158503712068e+03,1.541126503770624476e-03
3.117775962830626568e+01,5.991994919277632107e+03,5.991994919277632107e+03,1.535884281901556516e-03
3.117775964897105112e+01,5.991977267199665221e+03,5.991977267199665221e+03,1.518598022396185077e-03
3.117775967976123752e+01,5.991952413121553946e+03,5.991952413121553946e+03,1.502716523278138780e-03
3.117775970450583145e+01,5.991933522856628770e+03,5.991933522856628770e+03,1.483130639303167518e-03
3.117775973087134034e+01,5.991914308934416113e+03,5.991914308934416113e+03,1.475107612738084254e-03
3.117775975810963729e+01,5.991895305124920014e+03,5.991895305124920014e+03,1.463186286730231789e-03
3.117775978139215098e+01,5.991879648067387279e+03,5.991879648067387279e+03,1.446370547486856622e-03
3.117775979871102976e+01,5.991868307187333812e+03,5.991868307187333812e+03,1.434934198653752642e-03
3.117775982530451984e+01,5.991851336475085191e+03,5.991851336475085191e+03,1.428027474454069681e-03
3.117775985092603719e+01,5.991835413150176464e+03,5.991835413150176464e+03,1.415485630499393327e-03
3.117775988327700531e+01,5.991815802847383566e+03,5.991815802847383566e+03,1.396514414312959767e-03
3.117775990316289736e+01,5.991803969893695466e+03,5.991803969893695466e+03,1.390401226238809898e-03
3.117775993815020641e+01,5.991783456847601883e+03,5.991783456847601883e+03,1.375885591340190008e-03
3.117775995767892994e+01,5.991772134674207337e+03,5.991772134674207337e+03,1.368211373154125257e-03
3.117775998521311109e+01,5.991756274599476455e+03,5.991756274599476455e+03,1.351982012237766409e-03
3.117776000318652407e+01,5.991745959782045247e+03,5.991745959782045247e+03,1.346603649146224007e-03
3.117776002243132893e+01,5.991734927849824089e+03,5.991734927849824089e+03,1.336450031948807626e-03
3.117776004220658592e+01,5.991723588628661673e+03,5.991723588628661673e+03,1.326850230111805123e-03
3.117776005844421761e+01,5.991714258859546135e+03,5.991714258859546135e+03,1.315862665359210327e-03
3.117776007849429831e+01,5.991702703659679173e+03,5.991702703659679173e+03,1.313060925836552831e-03
3.117776009845480445e+01,5.991691145578321994e+03,5.991691145578321994e+03,1.308824994291464148e-03
3.117776012032912192e+01,5.991678399349605570e+03,5.991678399349605570e+03,1.297364608040164728e-03
3.117776015677793566e+01,5.991656916805030960e+03,5.991656916805030960e+03,1.276753987280620584e-03
3.117776018337907118e+01,5.991641020923237193e+03,5.991641020923237193e+03,1.272295511355114178e-03
3.117776021680013088e+01,5.991620745400602573e+03,5.991620745400602573e+03,1.258846388128051713e-03
3.117776023596584878e+01,5.991608960170356113e+03,5.991608960170356113e+03,1.246163299581751552e-03
3.117776025747540913e+01,5.991595587264045207e+03,5.991595587264045207e+03,1.240598433601176540e-03
3.117776027347753498e+01,5.991585544283508170e+03,5.991585544283508170e+03,1.237752795618605019e-03
3.117776029614660871e+01,5.991571171577712448e+03,5.991571171577712448e+03,1.231463062900877564e-03
3.117776031806196713e+01,5.991557124531699628e+03,5.991557124531699628e+03,1.224684342398959418e-03
3.117776033755131238e+01,5.991544516806362481e+03,5.991544516806362481e+03,1.210643470391748952e-03
3.117776035394548018e+01,5.991533828469472610e+03,5.991533828469472610e+03,1.205364443972984896e-03
3.117776037565830194e+01,5.991519568551676457e+03,5.991519568551676457e+03,1.201130988772966621e-03
3.117776039173159575e+01,5.991508949005988143e+03,5.991508949005988143e+03,1.196725299271231757e-03
3.117776042207969311e+01,5.991488762879002934e+03,5.991488762879002934e+03,1.184745707788770804e-03
3.117776043902066618e+01,5.991477436981967912e+03,5.991477436981967912e+03,1.175462415375664368e-03
3.117776045873137392e+01,5.991464221721860667e+03,5.991464221721860667e+03,1.171561551821400423e-03
3.117776048678513234e+01,5.991445373846797338e+03,5.991445373846797338e+03,1.165436055625563129e-03
3.117776050443494640e+01,5.991433511435620858e+03,5.991433511435620858e+03,1.160009258508181698e-03
3.117776052764275718e+01,5.991417922276601530e+03,5.991417922276601530e+03,1.151369529783552491e-03
3.117776055358863019e+01,5.991400545328719090e+03,5.991400545328719090e+03,1.138308955617695203e-03
3.117776057195351669e+01,5.991388292807920152e+03,5.991388292807920152e+03,1.136153902006183927e-03
3.117776059437397151e+01,5.991373403519525709e+03,5.991373403519525709e+03,1.130830028477506147e-03
3.117776062452627173e+01,5.991353529156270270e+03,5.991353529156270270e+03,1.121331437082711971e-03
3.117776064219470555e+01,5.991341977755068001e+03,5.991341977755068001e+03,1.113305308824046828e-03
3.117776066436064397e+01,5.991327594987222255e+03,5.991327594987222255e+03,1.106425745621776200e-03
3.117776068140222279e+01,5.991316628474914978e+03,5.991316628474914978e+03,1.104245364209125325e-03
3.117776069730861010e+01,5.991306469856443073e+03,5.991306469856443073e+03,1.100956538973806931e-03
3.117776071385218728e+01,5.991295982567175997e+03,5.991295982567175997e+03,1.096523064762357441e-03
3.117776073348786170e+01,5.991283644777267000e+03,5.991283644777267000e+03,1.089921294283921656e-03
3.117776075591299900e+01,5.991269708409660780e+03,5.991269708409660780e+03,1.081157724355909580e-03
3.117776078171290877e+01,5.991253879223008880e+03,5.991253879223008880e+03,1.073785301697352491e-03
3.117776080137511485e+01,5.991241964472210384e+03,5.991241964472210384e+03,1.070832205307806640e-03
3.117776082530672355e+01,5.991227640586539565e+03,5.991227640586539565e+03,1.064704917813443820e-03
3.117776084279918436e+01,5.991217294148289511e+03,5.991217294148289511e+03,1.059224585447633401e-03
3.117776085954088927e+01,5.991207486722728390e+03,5.991207486722728390e+03,1.052839375704333388e-03
3.117776087749450653e+01,5.991197074529286510e+03,5.991197074529286510e+03,1.044957987088155141e-03
3.117776089873577305e+01,5.991184896149773522e+03,5.991184896149773522e+03,1.043495446033014529e-03
3.117776092242054631e+01,5.991171488530146235e+03,5.991171488530146235e+03,1.041229605736181335e-03
3.117776094811317478e+01,5.991157147736250408e+03,5.991157147736250408e+03,1.032806187711939137e-03
3.117776096722477064e+01,5.991146613672492094e+03,5.991146613672492094e+03,1.026321751916299367e-03
3.117776099430005843e+01,5.991131880780328174e+03,5.991131880780328174e+03,1.015289815484471132e-03
3.117776101233648234e+01,5.991122183473203222e+03,5.991122183473203222e+03,1.013562236467777187e-03
3.117776102921731507e+01,5.991113195827755590e+03,5.991113195827755590e+03,1.011590177856590929e-03
3.117776104756002198e+01,5.991103515936516487e+03,5.991103515936516487e+03,1.008140178418642958e-03
3.117776106934216429e+01,5.991092141718668245e+03,5.991092141718668245e+03,1.002276747913832507e-03
3.117776109288030995e+01,5.991079989395720077e+03,5.991079989395720077e+03,9.934056375894850539e-04
3.117776361946742725e+01,5.990000594412233113e+03,5.990000594412233113e+03,6.237404908188597455e-04
3.117776761644305950e+01,5.988430277981146901e+03,5.988430277981146901e+03,3.910377828588306078e-04
3.117777406618740699e+01,5.985831477971432832e+03,5.985831477971432832e+03,2.466595543393496895e-04
3.117778432269928857e+01,5.979799405428667342e+03,5.979799405428667342e+03,1.555801783439385733e-04
3.117780109957460866e+01,5.969773613748132448e+03,5.969773613748132448e+03,9.810659056499169712e-05
3.117782816819021363e+01,2.092215934153829039e+03,5.966623048008603291e+03,6.165402183685602972e-05
3.117787193911388144e+01,2.405056941731381357e+03,6.550411089924057706e+03,3.885054338613502019e-05
3.117794223503634043e+01,2.519572976139595994e+03,6.581441032112145876e+03,2.450326718424302821e-05
3.117805717397966703e+01,2.583583976457641711e+03,6.643084726538356335e+03,1.536398883540430750e-05
3.117824359959098501e+01,2.628232649261992719e+03,9.852040179330722822e+03,9.670484869077414632e-06
3.117854968286522777e+01,2.664461857795505239e+03,1.253950682312036042e+04,6.048662178585112592e-06
3.117904992465009073e+01,2.697081862650382845e+03,1.367671492216252409e+04,3.783400214797147570e-06
3.117986102186944919e+01,2.728342333640968718e+03,1.405627509480247318e+04,2.378024756109116851e-06
3.118114394525779076e+01,2.759400763367876152e+03,1.444538401014891133e+04,1.498143861985115911e-06
3.118316906961215551e+01,2.791322648332014978e+03,1.478300924598981692e+04,9.429555391036880413e-07
3.118626665715120083e+01,2.822518566999935047e+03,1.514120021888650444e+04,5.919996250442566477e-07
3.119075799074931865e+01,2.848789336918140634e+03,1.540878997085644005e+04,3.732913346981848512e-07
3.119545280710821089e+01,2.867703802616852499e+03,1.557286950806754794e+04,6.062277720890204767e-07
3.119568302994442632e+01,2.868544959208716591e+03,1.557964171398932922e+04,9.836260791047790789e-07
3.119580538169801187e+01,2.868966047435626479e+03,1.558319550926092052e+04,1.593506868345426389e-06
3.119587231173685637e+01,2.869178968803755652e+03,1.558512176052440373e+04,2.543549842800312772e-06
3.119591139732934693e+01,2.869288847046077535e+03,1.558623712698408053e+04,4.048902572431462395e-06
3.119593562997317804e+01,2.869342795940410724e+03,1.558692115425252814e+04,6.555002498689011627e-06
3.119595100930028053e+01,2.869361961611446077e+03,1.558734776951089043e+04,1.075288701602999123e-05
3.119596093469963449e+01,2.869357133604136834e+03,1.558761527569212012e+04,1.753727379429820241e-05
3.119596752104228798e+01,2.869332967436575018e+03,1.558778328839648020e+04,2.809222457234619076e-05
3.119597236882408353e+01,2.869281514631434675e+03,1.558789111650103405e+04,4.505857427075677659e-05
3.119597388299308705e+01,2.869245770441277728e+03,1.558791532519476277e+04,7.274428022757160948e-05
3.119597466919320539e+01,2.869214783296590667e+03,1.558792224196439929e+04,1.162486140010984072e-04
3.119597519954411169e+01,2.869181660084235773e+03,1.558792085861047235e+04,1.906278951076632725e-04
3.119597555520719112e+01,2.869146037871885710e+03,1.558791332703400440e+04,3.173559733386460235e-04
3.119597577850032977e+01,2.869109945719751977e+03,1.558790218333245321e+04,5.137423478994410011e-04
3.119597592067379566e+01,2.869073262608895220e+03,1.558788834979318017e+04,8.240446763827039825e-04
3.119597596455077237e+01,2.869057362106455003e+03,1.558788150906950432e+04,1.008942920731964931e-03
3.119597598549186301e+01,2.869048469438901520e+03,1.558787805059510174e+04,1.117887797715509451e-03
3.119597600299958273e+01,2.869040241335337214e+03,1.558787459212069916e+04,1.239052498888077369e-03
3.119597601970982836e+01,2.869031529971646250e+03,1.558787044195141607e+04,1.372048011071441351e-03
3.119597603594452551e+01,2.869022033293357708e+03,1.558786629178213298e+04,1.532466765458256148e-03
3.119597605543205887e+01,2.869008972383096079e+03,1.558786075822309067e+04,1.790470554759997007e-03
3.119597607345708923e+01,2.868994691295161374e+03,1.558785384127428551e+04,2.101925702166865598e-03
3.119597608974385849e+01,2.868979214076992321e+03,1.558784692432548218e+04,2.508488090397950968e-03
3.119597610690262712e+01,2.868958892116610059e+03,1.558783724059715496e+04,3.143135205021076097e-03
3.119597612385587126e+01,2.868932106392402602e+03,1.558782417295715823e+04,4.219136192074653124e-03
3.119597614010897502e+01,2.868893891533728947e+03,1.558780618842440708e+04,6.360833004474738053e-03
3.119597615158128434e+01,2.868848766981097015e+03,1.558778405361486693e+04,1.018703671567391424e-02
3.119597615855542116e+01,2.868799788766992151e+03,1.558776053537972984e+04,1.659424641014043550e-02
3.119597616267971318e+01,2.868747065995401954e+03,1.558773432253057399e+04,2.740406741092320936e-02
3.119597616495961034e+01,2.868696639567268448e+03,1.558771011195548635e+04,4.353485770975040747e-02
3.119597616680016472e+01,2.868629639680862056e+03,1.558767760061179797e+04,6.918893001571739532e-02
3.119597616849188881e+01,2.868530120420665753e+03,1.558762924897876655e+04,1.121993857593126670e-01
3.119597617078332874e+01,2.868334051177523179e+03,1.558753392176586385e+04,1.805804126361650330e-01
3.119597617670982359e+01,2.867717228526282270e+03,1.558722285472745352e+04,2.864958363642206018e-01
3.119597618103964010e+01,2.867192215234425476e+03,1.558695052311701329e+04,1.775306130611737365e-01
3.119597618864683142e+01,2.866670695571486704e+03,1.558669676050531052e+04,1.119994504722521267e-01
3.119597619351846518e+01,2.866532379629447405e+03,1.558663313862283394e+04,7.027543641075102709e-02
3.119597619865241001e+01,2.866450854113289097e+03,1.558659581147221797e+04,4.426724137957528671e-02
3.119597620484816503e+01,2.866392788444639336e+03,1.558657016339455913e+04,2.787250081773579372e-02
3.119597621324131964e+01,2.866346083118245133e+03,1.558654944389368757e+04,1.725020060341894007e-02
3.119597622449260044e+01,2.866309154204326660e+03,1.558653283461182582e+04,1.068254339714637749e-02
3.119597624000440561e+01,2.866278525854523650e+03,1.558651968559701891e+04,6.714127487132789257e-03
3.119597625654109407e+01,2.866257740393559743e+03,1.558651068890267743e+04,4.683327099697940157e-03
3.119597627406413665e+01,2.866242268897460690e+03,1.558650380875032533e+04,3.486903081240916302e-03
3.119597629161313890e+01,2.866230662090595160e+03,1.558649961604810414e+04,2.753320405481200772e-03
3.119597630775787422e+01,2.866222201837205375e+03,1.558649619596550474e+04,2.280181792009478448e-03
3.119597632426582479e+01,2.866215009673252553e+03,1.558649342768011775e+04,1.948424358690225991e-03
3.119597634101208783e+01,2.866208850544316192e+03,1.558649065939472894e+04,1.691529600191747640e-03
3.119597636101276095e+01,2.866202564173474912e+03,1.558648858318068596e+04,1.446612042155737566e-03
3.119597637847381932e+01,2.866197847795340294e+03,1.558648719903799247e+04,1.280855405865325087e-03
3.119597640008262474e+01,2.866192708753059833e+03,1.558648512282395131e+04,1.131861448782893942e-03
3.119597641600777749e+01,2.866189327290578603e+03,1.558648443075260366e+04,1.037332153750201774e-03
3.119597642923043779e+01,2.866186730810459267e+03,1.558648373868125600e+04,9.736432057816363618e-04
3.119597654524298491e+01,2.866170166566017542e+03,1.558647889418182604e+04,6.051814784986106260e-04
3.119597672220762874e+01,2.866155105701111097e+03,1.558647685765208189e+04,3.769497768838238317e-04
3.119597702351496338e+01,2.866140226220432851e+03,1.558647889418182604e+04,2.272271577950012525e-04
3.119597750906690692e+01,2.866127199824759828e+03,1.558648585481277951e+04,1.358126291072697168e-04
3.119597821132926541e+01,2.866116999052651863e+03,1.558650034839358887e+04,8.481969096711723818e-05
3.119597941224525428e+01,2.866108397436368705e+03,1.558652941539017047e+04,5.015640116039533371e-05
3.119598118911170914e+01,2.866103562359566695e+03,1.558657574192330139e+04,3.111295228117716806e-05
3.119598392768087791e+01,2.866103005520324587e+03,1.558664979163826683e+04,1.936698648759496784e-05
3.119598850401438384e+01,2.866109157208292345e+03,1.558677703454008042e+04,1.163946111610460612e-05
3.119599521489177363e+01,2.866124578639339234e+03,1.558696590297375951e+04,7.286388586522648252e-06
3.119600536336360008e+01,2.866153344803552955e+03,1.558725497927461765e+04,4.590079771832488433e-06
3.119602140297208948e+01,2.866204188306777723e+03,1.558771268889805287e+04,2.858236755115961389e-06
3.119604881784654538e+01,2.866297014694114750e+03,1.558849730151116819e+04,1.724159868270301395e-06
3.119608811891619737e+01,2.866434716168346768e+03,1.558962153611946451e+04,1.078022401310209236e-06
3.119614934696448216e+01,2.866653166410967515e+03,1.559137040766077735e+04,6.762340549982857706e-07
3.119625175716324250e+01,2.867021432382996409e+03,1.559428484922788084e+04,4.123962760090052351e-07
3.119640581608501506e+01,2.867574853966168575e+03,1.559863825422511582e+04,2.555018270130402194e-07
3.120290437452411680e+01,2.886431912449304491e+03,1.575565564723835269e+04,1.608688309367880274e-07
3.121172219064796849e+01,5.736057925156442252e+03,1.591774206833819335e+04,1.010007820624021569e-07
3.122271045501420517e+01,5.732494443246380797e+03,1.608202985329009789e+04,6.265132729643842805e-08
3.122934586787624411e+01,5.705452962124508304e+03,1.617172286399509539e+04,1.000394307036100180e-07
3.123014837422576306e+01,5.703746634649794942e+03,1.618220821271800014e+04,1.623957047958512779e-07
3.123079395691611282e+01,5.702149413639831437e+03,1.619070657673028654e+04,2.580120348984773200e-07
3.123156320649661666e+01,5.699799790258329267e+03,1.620075226285305143e+04,4.152767506460667174e-07
3.123261008845329556e+01,5.694431315954937418e+03,1.621420257281586419e+04,6.585719240444097702e-07
3.123381588617039029e+01,5.672169304805334832e+03,1.622979006116916207e+04,4.131022274567355624e-07
3.123430988150011345e+01,5.671196036615059711e+03,1.623610821794317962e+04,2.573782324172369268e-07
3.123492072125202057e+01,5.670563900183068654e+03,1.624386684239982242e+04,1.568145504778888689e-07
3.123572079636967302e+01,5.669942953130833303e+03,1.625415891431254386e+04,9.733333859203955212e-08
3.123760312880630252e+01,5.667859421036078857e+03,1.627813430132105532e+04,6.092752087215548842e-08
3.124847349291322729e+01,5.639917471751460653e+03,1.641410143545958999e+04,9.748094066794877336e-08
3.124904173531230001e+01,5.638050509424438133e+03,1.642104610899560430e+04,1.624532644754826170e-07
3.124937808323472055e+01,5.636026951494366585e+03,1.642515156751355971e+04,2.665483996652269374e-07
3.124958100518331250e+01,5.633506677048797428e+03,1.642766350848259026e+04,4.290819288835182899e-07
3.124970745078347178e+01,5.630015076921533364e+03,1.642921962176136731e+04,6.819067244785831683e-07
3.124978963397937903e+01,5.625545327860610996e+03,1.643022342562792255e+04,1.092347691254306607e-06
3.124984290708376733e+01,5.622553088335931534e+03,1.643086723352199988e+04,1.746834771336295983e-06
3.124987824309291540e+01,5.620506946041225092e+03,1.643128774408224126e+04,2.833489363438424374e-06
3.124990098197030974e+01,5.618963747288613376e+03,1.643155106479472670e+04,4.678555060458473961e-06
3.124991472397554304e+01,5.617838938431181305e+03,1.643170218296896201e+04,7.518197624744574286e-06
3.124992332081107449e+01,5.616964886140917770e+03,1.643179041257023346e+04,1.203670173518685328e-05
3.124992868947403224e+01,5.616261265428793195e+03,1.643183740521770960e+04,1.923397368456017828e-05
3.124993210070567784e+01,5.615657165472141060e+03,1.643185882985688659e+04,3.140804783498748489e-05
3.124993409124028787e+01,5.615156438440182683e+03,1.643186343711829613e+04,5.065611923851222277e-05
3.124993525193466226e+01,5.614723436776218477e+03,1.643185698695232350e+04,8.238808243691932219e-05
3.124993587012287577e+01,5.614371344025206781e+03,1.643184592952494131e+04,1.305998407981624992e-04
3.124993618117607497e+01,5.614105407020552775e+03,1.643183395064527576e+04,2.102796644930689240e-04
3.124993636926072682e+01,5.613869759131184765e+03,1.643182128106316668e+04,3.348943216622624411e-04
3.124993649224030889e+01,5.613640011265374596e+03,1.643180745886158911e+04,5.480070794680381475e-04
3.124993656639409423e+01,5.613429137769222507e+03,1.643179432819715294e+04,8.887578045435078804e-04
3.124993658265487539e+01,5.613367661345437227e+03,1.643178995073959231e+04,1.028339169553409149e-03
3.124993659952114200e+01,5.613294044314336134e+03,1.643178442185895983e+04,1.244199671862935164e-03
3.124993661820584734e+01,5.613195749341858573e+03,1.643177797149822436e+04,1.561947868475386169e-03
3.124993663566947788e+01,5.613078821389811310e+03,1.643176967817727564e+04,2.090512696765996995e-03
3.124993665289594347e+01,5.612920541675787717e+03,1.643175769893590768e+04,3.121512903863465308e-03
3.124993666648526158e+01,5.612732262436193196e+03,1.643174318365287400e+04,5.030523823707493125e-03
3.124993667531219543e+01,5.612537939296810691e+03,1.643172843952599214e+04,8.111822107228744416e-03
3.124993668120657020e+01,5.612327042602669280e+03,1.643171185238324688e+04,1.322630209905021823e-02
3.124993668510457212e+01,5.612095595756134571e+03,1.643169434373257172e+04,2.110919000406485946e-02
3.124993668795574919e+01,5.611806580148189823e+03,1.643167245381203975e+04,3.348673475414656181e-02
3.124993669029345611e+01,5.611374675150165785e+03,1.643164204313206210e+04,5.381295829351076532e-02
3.124993669204978985e+01,5.610774207615248997e+03,1.643160426016603014e+04,8.698754818361735530e-02
3.124993669389838402e+01,5.609592243216559837e+03,1.643154550432073302e+04,1.408887112905943539e-01
3.124993669671946250e+01,5.605015530080318968e+03,1.643142315511908237e+04,2.239580025095770088e-01
3.124993670422864511e+01,5.577412622401751833e+03,1.643094331002685431e+04,3.549759653276551297e-01
3.124993672010381474e+01,5.538726396755635506e+03,1.642986985244581956e+04,3.278403718640188758e-01
3.124993673406617489e+01,5.507217304336696543e+03,1.642849995665194001e+04,2.058783430669723080e-01
3.124993674162670487e+01,5.488937513403847333e+03,1.642805308394631356e+04,1.296879906881346634e-01
3.124993674986325587e+01,5.477880759111041698e+03,1.642779043236647703e+04,8.149131563465500383e-02
3.124993675883316158e+01,5.475315825773755932e+03,1.642763560805250017e+04,5.103887922565810559e-02
3.124993676900990636e+01,5.472479655665427345e+03,1.642753614076357189e+04,3.209557206763744702e-02
3.124993678155088972e+01,5.466610106032848307e+03,1.642746507521238163e+04,2.016557948693088048e-02
3.124993679779876743e+01,5.461759959830309526e+03,1.642741072012055520e+04,1.272003358677392670e-02
3.124993681388810529e+01,5.458456851766535692e+03,1.642737574442717960e+04,8.892987160928395377e-03
3.124993683005212119e+01,5.454822413957181197e+03,1.642735174681554054e+04,6.679474379732295436e-03
3.124993684617168199e+01,5.452517782142284887e+03,1.642733328711427748e+04,5.282761697046582314e-03
3.124993686268093285e+01,5.451472398879261164e+03,1.642731851935326995e+04,4.309571121264917266e-03
3.124993687924475694e+01,5.451186161081343016e+03,1.642730652054744860e+04,3.613033032988532782e-03
3.124993689713591394e+01,5.451055015221900248e+03,1.642729636771175501e+04,3.067031779207524903e-03
3.124993691425176934e+01,5.450957767202739888e+03,1.642728723186532079e+04,2.664994877999883691e-03
3.124993693098078040e+01,5.450848225541363718e+03,1.642727984776148878e+04,2.353462370912492736e-03
3.124993694853715454e+01,5.450714500108689208e+03,1.642727338667063668e+04,2.095874389947302921e-03
3.124993696658711784e+01,5.450592300006494952e+03,1.642726775517480201e+04,1.880387904472970119e-03
3.124993698310095880e+01,5.450502183958848946e+03,1.642726231051488867e+04,1.714387466459771359e-03
3.124993700023404131e+01,5.450423862228582038e+03,1.642725769544999275e+04,1.576414741490744396e-03
3.124993701831458637e+01,5.450351729523890754e+03,1.642725308038509684e+04,1.441249699145210174e-03
3.124993703499527342e+01,5.450291100678360635e+03,1.642724938833318083e+04,1.335916168560541753e-03
3.124993705110806630e+01,5.450235409839790009e+03,1.642724652651834913e+04,1.249667481565703859e-03
3.124993706911100588e+01,5.450174006357435246e+03,1.642724292724232873e+04,1.163097777949595240e-03
3.124993708770084666e+01,5.450109723929385837e+03,1.642723923519041273e+04,1.086897717710700846e-03
3.124993710519820311e+01,5.450048548205891166e+03,1.642723646615147663e+04,1.021446072864056007e-03
3.124993711399416085e+01,5.450018006967187830e+03,1.642723554313849672e+04,9.910311564085057950e-04
3.124993729063427139e+01,5.449536913370347065e+03,1.642721440564436853e+04,6.170282440252789760e-04
3.124993755563328790e+01,5.448923931955758235e+03,1.642719769960635676e+04,3.862767140540349889e-04
3.124993796359895271e+01,5.448167946177726662e+03,1.642718302225388106e+04,2.411835889247423449e-04
3.124993857898201455e+01,5.447229649601537858e+03,1.642717286880401662e+04,1.511557239908540694e-04
3.124993952604501501e+01,5.445847832806259248e+03,1.642716825359953509e+04,9.463643794066872142e-05
3.124994096643438724e+01,5.443714575260008132e+03,1.642717009968132697e+04,5.945221564061778152e-05
3.124994316628088953e+01,5.440614016494268981e+03,1.642718219004575076e+04,3.738033023201025310e-05
3.124994663872658407e+01,5.436131382089355611e+03,1.642721071348078112e+04,2.322765530209228957e-05
3.124995207494065497e+01,5.430472209557777205e+03,1.642726424985278572e+04,1.436227891309919578e-05
3.124996034835724856e+01,5.428355874298349590e+03,1.642735368879980888e+04,8.950181802624023714e-06
3.124997336515133028e+01,5.428223402839090340e+03,1.642750137087645271e+04,5.539272597212181826e-06
3.124999372502081840e+01,5.428041043138948226e+03,1.642774032352708673e+04,3.419359498416829645e-06
3.125002397703369539e+01,5.428019680023394358e+03,1.642810281931461577e+04,2.133176819059996663e-06
3.125007251606944436e+01,5.427915393329232757e+03,1.642868939309854977e+04,1.311537026963301893e-06
3.125014402883459042e+01,5.427830096494342797e+03,1.642955990839762308e+04,8.178913020888371712e-07
3.125025555138621414e+01,5.427685817988480267e+03,1.643092207803635029e+04,5.067674925440385539e-07
3.125041982969119658e+01,5.427363739080137748e+03,1.643292958378490584e+04,3.171542248556995510e-07
3.125066989831242381e+01,5.426802837530600300e+03,1.643598291989311474e+04,1.975832379955345676e-07
3.125106394542473254e+01,5.425813099008549216e+03,1.644078026465309449e+04,1.207989169697511683e-07
3.125161973607894694e+01,5.422926030147617894e+03,1.644751160028577942e+04,7.576524337773485752e-08
3.125247848623049052e+01,5.413179106204956952e+03,1.645790727718677954e+04,4.661827527398470422e-08
3.125376747916777376e+01,5.410001674799341345e+03,1.647358488264436528e+04,2.849856335302857116e-08
3.127294042715749001e+01,5.404272992567385700e+03,1.670108202112737490e+04,4.716276415193945427e-08
3.127423829757711360e+01,5.401963945505502124e+03,1.671614196758648905e+04,7.617067505238627454e-08
3.127521428581867369e+01,5.398424057416023970e+03,1.672744284418685493e+04,1.213592021863475262e-07
3.127607706693290623e+01,5.381879202780093692e+03,1.673742960743454387e+04,1.935106215456409095e-07
3.127808853888147667e+01,5.373495585279806619e+03,1.676052944664934694e+04,1.204757066587170803e-07
3.127936386016206072e+01,5.372689241558209687e+03,1.677515041825547814e+04,7.477269310181097997e-08
3.128194696092734262e+01,5.369323393973652855e+03,1.680466133755338888e+04,4.717308545059415711e-08
3.129101211378271330e+01,5.343797963046885343e+03,1.690680067762805993e+04,7.543371687302459114e-08
3.129179898714059505e+01,5.342493784671445610e+03,1.691559802577321898e+04,1.242732271007270604e-07
3.129232384569137793e+01,5.340934674948885913e+03,1.692142154231507448e+04,2.007211333946599874e-07
3.129268465531529131e+01,5.338909174564372734e+03,1.692539869481266214e+04,3.189621468535537191e-07
3.129294552919347794e+01,5.336173545718245805e+03,1.692825484721484463e+04,5.129422978297465999e-07
3.129313767105091060e+01,5.331593227953640053e+03,1.693033995653137754e+04,8.201923386896827586e-07
3.129379174934429741e+01,5.310701766229552049e+03,1.693747470691349372e+04,5.093100593411410387e-07
3.129401624219445921e+01,5.310459506294066159e+03,1.693995931981748072e+04,3.120027501686113424e-07
3.129432311247204268e+01,5.310228679205046319e+03,1.694335624137800914e+04,1.909246116006266581e-07
3.129475648558091194e+01,5.309806609501655657e+03,1.694814558583912731e+04,1.179833368704399414e-07
3.129555491987315818e+01,5.308514064871252231e+03,1.695692737829717953e+04,7.440873941705670354e-08
3.129774119380980224e+01,5.289742846619878037e+03,1.698102023227976315e+04,4.675975516513089400e-08
3.131253851549877609e+01,5.255407889726434405e+03,1.714076262624235096e+04,7.590052171707900382e-08
3.131365937066280125e+01,5.253949858773008600e+03,1.715263774494672180e+04,1.211702282998803673e-07
3.131443119449640022e+01,5.252898057562075337e+03,1.716079132395210763e+04,1.930731544280400801e-07
3.131491409228615908e+01,5.252028829814706114e+03,1.716585480496081436e+04,3.080930859253901342e-07
3.131522945187661477e+01,5.251136353663368936e+03,1.716914198786048655e+04,5.035169188095931267e-07
3.131542095399662529e+01,5.250392719914460031e+03,1.717112380254198797e+04,8.084462285370262390e-07
3.131553763592400585e+01,5.249727583659705488e+03,1.717232911816736669e+04,1.290214729003362627e-06
3.131560924217910014e+01,5.249143901836230725e+03,1.717306685800668129e+04,2.047290155769480560e-06
3.131565389727649773e+01,5.248638759897133241e+03,1.717351788996522009e+04,3.248632899971504996e-06
3.131568270334971515e+01,5.248184647350343766e+03,1.717380041147270822e+04,5.275048505664905173e-06
3.131569966744977052e+01,5.247809748953219241e+03,1.717395791930301857e+04,8.391796624125597508e-06
3.131571018195948142e+01,5.247484376424098627e+03,1.717404758498241426e+04,1.336477441486771502e-05
3.131571639439493282e+01,5.247214420080971649e+03,1.717409105925121185e+04,2.159074061753506486e-05
3.131572084745273088e+01,5.246932474160289530e+03,1.717411279638561246e+04,3.570011908267586978e-05
3.131572317160066987e+01,5.246707606650068556e+03,1.717411415495651090e+04,5.807707935197040176e-05
3.131572445839313446e+01,5.246517753428509423e+03,1.717410464496021086e+04,9.242314254709269310e-05
3.131572521531636610e+01,5.246344438996273311e+03,1.717409105925121185e+04,1.479551518713780652e-04
3.131572565571075373e+01,5.246182646765656500e+03,1.717407339782951385e+04,2.391949186951317964e-04
3.131572590380403298e+01,5.246032020770478084e+03,1.717405437783691377e+04,3.863038947661496863e-04
3.131572604235032742e+01,5.245890302650413105e+03,1.717403399927341525e+04,6.223657966419846336e-04
3.131572611525245620e+01,5.245765527956840742e+03,1.717401507523122564e+04,1.019792296843136060e-03
3.131572613238635583e+01,5.245724208928694679e+03,1.717400954499721774e+04,1.218425762726240433e-03
3.131572614927311449e+01,5.245675197280965222e+03,1.717400148891739445e+04,1.506339179981594067e-03
3.131572616551464350e+01,5.245616247054974338e+03,1.717399197849771372e+04,1.945314652222965160e-03
3.131572618215746573e+01,5.245535420314786279e+03,1.717397975081526602e+04,2.755510175411672678e-03
3.131572619731560181e+01,5.245425903884231957e+03,1.717396344723867151e+04,4.386134329836575453e-03
3.131572620721523137e+01,5.245311887486162959e+03,1.717394578503068988e+04,6.970484451319276104e-03
3.131572621420580660e+01,5.245179915478583098e+03,1.717392540555994492e+04,1.141140535453178534e-02
3.131572621895490016e+01,5.245027231972575464e+03,1.717390230882643664e+04,1.865214423975482261e-02
3.131572622226106972e+01,5.244842787282457721e+03,1.717387513619877427e+04,2.957315960268039334e-02
3.131572622485981938e+01,5.244586800502293954e+03,1.717383854124688514e+04,4.854970377047111013e-02
3.131572622685165541e+01,5.244250542929336916e+03,1.717379379052212607e+04,7.731688785925289187e-02
3.131572622898882230e+01,5.243649942635969637e+03,1.717372576982155442e+04,1.227252360521361857e-01
3.131572623196707639e+01,5.242088020480430714e+03,1.717358869589424648e+04,1.949766772824985395e-01
3.131572623593630667e+01,5.236053390711343127e+03,1.717330619162650692e+04,3.108548447103012813e-01
3.131572625181462044e+01,5.165706246448057755e+03,1.717189563424290827e+04,2.277465399709416305e-01
3.131572626430030226e+01,5.145873606700187338e+03,1.717124114592761543e+04,1.435875899624548258e-01
3.131572627628402827e+01,5.127804471623413519e+03,1.717085458962176563e+04,9.036127763854337469e-02
3.131572628814134518e+01,5.120135669356641301e+03,1.717063112899533371e+04,5.695739996136454930e-02
3.131572630088546916e+01,5.118378638670209511e+03,1.717048935562338011e+04,3.569963384618658753e-02
3.131572631541959240e+01,5.116626068777392902e+03,1.717039432081439372e+04,2.237773581762865158e-02
3.131572633142860695e+01,5.114817710966472077e+03,1.717033137933161197e+04,1.466002365743656298e-02
3.131572634747757533e+01,5.112604858974096715e+03,1.717028857553521084e+04,1.039644695808366638e-02
3.131572636357797634e+01,5.109492913807805962e+03,1.717025914792518961e+04,7.847429386952058453e-03
3.131572637942495163e+01,5.107181154148860514e+03,1.717023640840835287e+04,6.187388615252506323e-03
3.131572639589304075e+01,5.105316971580729842e+03,1.717021893717380590e+04,5.050170417847510591e-03
3.131572641185458039e+01,5.103822659464988647e+03,1.717020430556105202e+04,4.234985822799772898e-03
3.131572642898219172e+01,5.102456781194087853e+03,1.717019218346089474e+04,3.574962254392622090e-03
3.131572644500480607e+01,5.101168007188011870e+03,1.717018156604421529e+04,3.111160645592095809e-03
3.131572646234471691e+01,5.099567435975636727e+03,1.717017220271375481e+04,2.722979598494088861e-03
3.131572647907756490e+01,5.098061859393423219e+03,1.717016417700193051e+04,2.428825496003067953e-03
3.131572649604359171e+01,5.096768452591283676e+03,1.717015740363410441e+04,2.172645710463407681e-03
3.131572651280142949e+01,5.095734279880740360e+03,1.717015080081555425e+04,1.966946240323005652e-03
3.131572652947888358e+01,5.094922078579693334e+03,1.717014536446329294e+04,1.797172269485139374e-03
3.131572654565389868e+01,5.094329985536011918e+03,1.717014135140635699e+04,1.669451039762677924e-03
3.131572656195786308e+01,5.093920055652078190e+03,1.717013600066377330e+04,1.532527417242733961e-03
3.131572657821849148e+01,5.093667092813728232e+03,1.717013198760683736e+04,1.430881469436281681e-03
3.131572659762023036e+01,5.093496145664058531e+03,1.717012797454990141e+04,1.315487381722357883e-03
3.131572661869576635e+01,5.093391621945761472e+03,1.717012262380731772e+04,1.221132662038115942e-03
3.131572663501072995e+01,5.093337696698785294e+03,1.717011994843602588e+04,1.141324598823449145e-03
3.131572665223260188e+01,5.093293436286334327e+03,1.717011727306473404e+04,1.075392167825130196e-03
3.131572667281951183e+01,5.093249429598027746e+03,1.717011326000779809e+04,1.004271814663418045e-03
3.131572667724826786e+01,5.093240661678088145e+03,1.717011192232215035e+04,9.907727689360914559e-04
3.131572685851254079e+01,5.092813818641181570e+03,1.717009043071788983e+04,6.219619741958530871e-04
3.131572712977860107e+01,5.092439521188272920e+03,1.717007045406713587e+04,3.916544792564133240e-04
3.131572753735394699e+01,5.092006534518576700e+03,1.717005440183938481e+04,2.471046303809359794e-04
3.131572817057406510e+01,5.091499780139083668e+03,1.717004227162210736e+04,1.546325433305518072e-04
3.131572915196158746e+01,5.090811405992786604e+03,1.717003424510614423e+04,9.629482154464433566e-05
3.131573070388533964e+01,5.089938177705916132e+03,1.717003290735348128e+04,5.950051975668696561e-05
3.131573303193820124e+01,5.088727534218905021e+03,1.717004093386944805e+04,3.749531917552190164e-05
3.131573660424306382e+01,5.086749197426165665e+03,1.717006233791201885e+04,2.352920224999202717e-05
3.131574241918354318e+01,5.083646030347892520e+03,1.717010782150247906e+04,1.460784286613279739e-05
3.131575108623007253e+01,5.078426033294181252e+03,1.717018407340413614e+04,9.184566585168536191e-06
3.131576526922173542e+01,5.071719602854977893e+03,1.717031658822594181e+04,5.662389090899068945e-06
3.131578638354647026e+01,5.069724467465983253e+03,1.717052392950102512e+04,3.571194468123397930e-06
3.131581935235093184e+01,5.069677173868612954e+03,1.717085310102551011e+04,2.250851439094164700e-06
3.131587364039865307e+01,5.069615455244586883e+03,1.717140421793397763e+04,1.390986918928093452e-06
3.131596055474562945e+01,5.069724518343025920e+03,1.717230087520835150e+04,8.618645543812620419e-07
3.131609005473423224e+01,5.069865534914170894e+03,1.717365479809718454e+04,5.418929962440042046e-07
3.131631096729818964e+01,5.069984122473184470e+03,1.717596951902318324e+04,3.341238873899391298e-07
3.131665482512779874e+01,5.070121922377787996e+03,1.717957081861275947e+04,2.080451584016321584e-07
3.131722010726783267e+01,5.070201166000701960e+03,1.718547640416214199e+04,1.294396748118976848e-07
3.131814363810760327e+01,5.070005594830872724e+03,1.719507173267703183e+04,8.129729082410748085e-08
3.131981535488970891e+01,5.069194720874244013e+03,1.721244049708174134e+04,5.066797606361163810e-08
3.132301524981623331e+01,5.059557852576241203e+03,1.724549764138058526e+04,3.166396774260776512e-08
3.133234173290064106e+01,5.044279718003390371e+03,1.734048535276279290e+04,5.035690143642109047e-08
3.133361295805604740e+01,5.042696827673430562e+03,1.735321930119343233e+04,8.053236468992525600e-08
3.133521147891405789e+01,5.039297930078791069e+03,1.736926794996891476e+04,1.282978466526834600e-07
3.133796535473016576e+01,5.014174685130717990e+03,1.739672560345356396e+04,8.057876157269308703e-08
3.134134645461054092e+01,5.012282920772539910e+03,1.743018438031908954e+04,1.281872516786279401e-07
3.134218738182837782e+01,5.011835924930500369e+03,1.743841570861404762e+04,2.048770715827730490e-07
3.134302555375245092e+01,5.011268491964121495e+03,1.744660313442300685e+04,3.249733221469784386e-07
3.134484562139851249e+01,5.009112324306946903e+03,1.746429636080689670e+04,2.037026596995924515e-07
3.134621303802289560e+01,5.005397511953319736e+03,1.747755307936701865e+04,1.276496073935251135e-07
3.134740077845185269e+01,4.988855723348342508e+03,1.748911793237434540e+04,7.855353517792145153e-08
3.135111110391878242e+01,4.980869788425538900e+03,1.752498434692456431e+04,1.246171461975332287e-07
3.135481613541231383e+01,4.955932674517726809e+03,1.756050329494477774e+04,7.686848009866035090e-08
3.136743397371966680e+01,4.923462678724483339e+03,1.767965915861008762e+04,1.224140468617689994e-07
3.136799708345871451e+01,4.922097840909822480e+03,1.768487315049095560e+04,1.990557154925447927e-07
3.136835013914166126e+01,4.920654790318557389e+03,1.768815358623120119e+04,3.231632230480775718e-07
3.136857071103534622e+01,4.919067990106220350e+03,1.769018867470112309e+04,5.207034940033050359e-07
3.136871188285713785e+01,4.917463152193934548e+03,1.769147914512200441e+04,8.399948121379635932e-07
3.136880658598965255e+01,4.915740560566084241e+03,1.769233251734694932e+04,1.334028063278773898e-06
3.136887138218789772e+01,4.913812480545504513e+03,1.769290373674166403e+04,2.200148480465065567e-06
3.136892079106425157e+01,4.911165933541557933e+03,1.769332287357763198e+04,3.496745564483221308e-06
3.136895550275660582e+01,4.906685171875687956e+03,1.769359266514975388e+04,5.551631286963214225e-06
3.136897169842579203e+01,4.901567876119588618e+03,1.769369852152299063e+04,8.983564747070838183e-06
3.136897871322582532e+01,4.898082125620902843e+03,1.769373109271475914e+04,1.452241510834443264e-05
3.136898328727148666e+01,4.894396646758652423e+03,1.769374086407228606e+04,2.354972056825290380e-05
3.136898630994144099e+01,4.890477673770368710e+03,1.769373434983393599e+04,3.740375167358534847e-05
3.136898852499434298e+01,4.887465534826434123e+03,1.769371212009123337e+04,5.939652598753285143e-05
3.136898958491113021e+01,4.886421909414657421e+03,1.769368769039372637e+04,9.583848468325910342e-05
3.136899019093508301e+01,4.885595386015094846e+03,1.769366326069621937e+04,1.537708539608924373e-04
3.136899056300716992e+01,4.884978488898137584e+03,1.769363826481822616e+04,2.490318873794885560e-04
3.136899079278134650e+01,4.884524068571505268e+03,1.769361277265470926e+04,3.991120951882100396e-04
3.136899093987558018e+01,4.884147077483580688e+03,1.769358834295720226e+04,6.333741628479805678e-04
3.136899104041116715e+01,4.883796384646097977e+03,1.769356065596669578e+04,1.017761470288843948e-03
3.136899105682860522e+01,4.883725719847322580e+03,1.769355414138069318e+04,1.116283084396245883e-03
3.136899107427924349e+01,4.883644410193326621e+03,1.769354762679469059e+04,1.249848112713627512e-03
3.136899109288881959e+01,4.883549062034653616e+03,1.769353841576748528e+04,1.430162824715633038e-03
3.136899110991963724e+01,4.883451939677490373e+03,1.769352971168318618e+04,1.653657894612308278e-03
3.136899112661181022e+01,4.883344850407908780e+03,1.769351887096642167e+04,1.955771351040516345e-03
3.136899114383322740e+01,4.883217641105149596e+03,1.769350584109904958e+04,2.373492871336144346e-03
3.136899116062155812e+01,4.883070061645388705e+03,1.769349118249825187e+04,2.937814670491149110e-03
3.136899117723757513e+01,4.882887628615312678e+03,1.769347163769718827e+04,3.756058123482486442e-03
3.136899119333697783e+01,4.882647442713676355e+03,1.769344557796244044e+04,5.050446307602974444e-03
3.136899120825096787e+01,4.882292659584602916e+03,1.769340648836031687e+04,8.105157781513943824e-03
3.136899121566057858e+01,4.881983576655526122e+03,1.769337554242529950e+04,1.318254598310431014e-02
3.136899122067908152e+01,4.881621145032036111e+03,1.769334296775686380e+04,2.138994083349221934e-02
3.136899122417306884e+01,4.881164763757935361e+03,1.769330768418909065e+04,3.403377491564960056e-02
3.136899122709774446e+01,4.880414067133847311e+03,1.769326207721922037e+04,5.510663857385397768e-02
3.136899122997892775e+01,4.878619921533816523e+03,1.769319203794405985e+04,8.909335307186334874e-02
3.136899124586784993e+01,4.847631374033096108e+03,1.769274189150366874e+04,8.235961252368129148e-02
3.136899125730731086e+01,4.842873361037193717e+03,1.769258489921001456e+04,5.177938669827877871e-02
3.136899126958456563e+01,4.833576819543040983e+03,1.769248551995175876e+04,3.252369466781108998e-02
3.136899128399164383e+01,4.827120248361978156e+03,1.769241433757535924e+04,2.044004479344248282e-02
3.136899130008500336e+01,4.821452275252736399e+03,1.769236545992100218e+04,1.339881590785824139e-02
3.136899131660316797e+01,4.820521400457779237e+03,1.769233124556295297e+04,9.488797897494549369e-03
3.136899133263527162e+01,4.820113413190207211e+03,1.769230843599091895e+04,7.138152886713082339e-03
3.136899134885068818e+01,4.819722253954751068e+03,1.769229051418432209e+04,5.632149056060046718e-03
3.136899136495012286e+01,4.819433058214109224e+03,1.769227585088801425e+04,4.600097577362390576e-03
3.136899138201950166e+01,4.819151194027524070e+03,1.769226330983361549e+04,3.829657708206148006e-03
3.136899139869468911e+01,4.818888019914943470e+03,1.769225353378082582e+04,3.257873249320965888e-03
3.136899141583300121e+01,4.818649636754536004e+03,1.769224538707016836e+04,2.809550256164477285e-03
3.136899143293988246e+01,4.818434313752380149e+03,1.769223837801967602e+04,2.492423182651940135e-03
3.136899144989690313e+01,4.818226451028529482e+03,1.769223186099909435e+04,2.197428551902577860e-03
3.136899146795158089e+01,4.817999124936457520e+03,1.769222583496458901e+04,1.955155267963806613e-03
3.136899148531632875e+01,4.817780445806185526e+03,1.769222094693819236e+04,1.776511661864628357e-03
3.136899150536351044e+01,4.817537919765861261e+03,1.769221556844764200e+04,1.596993201978355809e-03
3.136899152217021580e+01,4.817345034765864511e+03,1.769221117088540268e+04,1.459385356461397835e-03
3.136899153895848613e+01,4.817161309571441052e+03,1.769220791220114188e+04,1.357747151918740685e-03
3.136899155576797327e+01,4.816984894505245393e+03,1.769220465351687744e+04,1.255015119586478690e-03
3.136899157315472308e+01,4.816808352910537906e+03,1.769220139483261300e+04,1.167689871286212849e-03
3.136899159084216393e+01,4.816632794486519742e+03,1.769219813614835221e+04,1.090837011390259712e-03
3.136899161237792555e+01,4.816422593244767995e+03,1.769219487746408777e+04,1.011217401217228947e-03
3.136899161489187549e+01,4.816398282664472390e+03,1.769219487746408777e+04,9.993280965304562197e-04
3.136899178443358238e+01,4.814884419337048712e+03,1.769217532535850842e+04,6.183034634965561913e-04
3.136899203641830525e+01,4.812479257037165553e+03,1.769215903193719350e+04,3.864862741430546782e-04
3.136899240291601743e+01,4.808454466696620329e+03,1.769214599720013939e+04,2.425262603873597472e-04
3.136899299059155410e+01,4.804143738526031484e+03,1.769213622114734972e+04,1.489610641078900296e-04
3.136899385649840610e+01,4.798140379058188955e+03,1.769212970377882448e+04,9.318285185445312308e-05
3.136899515621513501e+01,4.795140471383248041e+03,1.769212807443669226e+04,5.843108978290221281e-05
3.136899711880384345e+01,4.794873019982533151e+03,1.769213459180521750e+04,3.675246130318165805e-05
3.136900015306683542e+01,4.794567457032241691e+03,1.769215088522653241e+04,2.297331642435642150e-05
3.136900482825992142e+01,4.794404246217916807e+03,1.769218347206916587e+04,1.427467708846217061e-05
3.136901175837264333e+01,4.794204345611914505e+03,1.769223724035950727e+04,8.973113607377105447e-06
3.136902231791519569e+01,4.793951392328638576e+03,1.769232522483461435e+04,5.635642664031700692e-06
3.136903874881606669e+01,4.793609826263742434e+03,1.769246860694219868e+04,3.500979304738207759e-06
3.136906521473208542e+01,4.793134813726116590e+03,1.769270545765445422e+04,2.135271243972404085e-06
3.136910332630577258e+01,4.792415307192455657e+03,1.769305193541336848e+04,1.334631289659504933e-06
3.136916176652819033e+01,4.791182047386904742e+03,1.769358677596217603e+04,8.345789867860254262e-07
3.136925004843139675e+01,4.789260744794507445e+03,1.769439778026791464e+04,5.196997059419961041e-07
3.136939025040219420e+01,4.783565911541822061e+03,1.769569080428542293e+04,3.204058039136838165e-07
3.136959384422058861e+01,4.776204324884451125e+03,1.769756999080810419e+04,2.011457124977219142e-07
3.136990695461406986e+01,4.774068004536610715e+03,1.770045868258126939e+04,1.232460135051289036e-07
3.137037967603409072e+01,4.774019703282961927e+03,1.770481114638066356e+04,7.654929340560762643e-08
3.137108487892810160e+01,4.774005972054569611e+03,1.771128293443889197e+04,4.791677541651679446e-08
3.137254484167672430e+01,4.774064977885271219e+03,1.772475758189485350e+04,2.969207433389208214e-08
3.138221396291978493e+01,4.754243583477090397e+03,1.781269332135686273e+04,4.795645605377462370e-08
3.140732700917389408e+01,4.680871258053554811e+03,1.803264530960640695e+04,7.128044059262494221e-08
3.143237504033210428e+01,4.570099051491718456e+03,1.824011809364893270e+04,6.209326224327606446e-08
3.143689951050664533e+01,4.561935352352829796e+03,1.827632197997078401e+04,1.005515712077173651e-07
3.143726267335804536e+01,4.561344698141742811e+03,1.827919043577697448e+04,1.642832402433351087e-07
3.143749621348525736e+01,4.560864347465769242e+03,1.828102779957875100e+04,2.664378547753509773e-07
3.143765022678402588e+01,4.560511795074567999e+03,1.828223865614087481e+04,4.370025249596071260e-07
3.143776122955247487e+01,4.560237850979250652e+03,1.828311317735671400e+04,7.130424686094989588e-07
3.143782655001245629e+01,4.560066103806983847e+03,1.828362082832552551e+04,1.131060780604241635e-06
3.143787151960691162e+01,4.559941205966713824e+03,1.828396613370938212e+04,1.806231327508237124e-06
3.143790248100777518e+01,4.559850125746209415e+03,1.828419583591032278e+04,2.872151270367716750e-06
3.143792340867322466e+01,4.559784106351790797e+03,1.828434238430998812e+04,4.601419339613854581e-06
3.143793722154529036e+01,4.559736188455643060e+03,1.828442924099303127e+04,7.459658902321150123e-06
3.143794594482320548e+01,4.559701639106842777e+03,1.828447186460556986e+04,1.209156104037368776e-05
3.143795138787370291e+01,4.559675897115753287e+03,1.828448907559690633e+04,1.930365666287370946e-05
3.143795487896034402e+01,4.559655149641450407e+03,1.828448907559690633e+04,3.065684247188691606e-05
3.143795718885067814e+01,4.559636761968675273e+03,1.828447556455732411e+04,4.967785507595306939e-05
3.143795858636069696e+01,4.559620900905702911e+03,1.828445626307220300e+04,7.990391660400264322e-05
3.143795943214074029e+01,4.559606616992890849e+03,1.828443117114154302e+04,1.282396447754222525e-04
3.143795996248143254e+01,4.559592723530788135e+03,1.828440221891386318e+04,2.058137973278433193e-04
3.143796026961112489e+01,4.559579850507157062e+03,1.828437326668617970e+04,3.295573329081951134e-04
3.143796045682196194e+01,4.559567079981444294e+03,1.828434060620503442e+04,5.377816570809040983e-04
3.143796056656044868e+01,4.559554665382561325e+03,1.828430972187549560e+04,8.702250522377048001e-04
3.143796058972615981e+01,4.559550972630315300e+03,1.828430007052251312e+04,1.006026176856803650e-03
3.143796060951946103e+01,4.559547292980111706e+03,1.828429041916953429e+04,1.166166168543197575e-03
3.143796062623257370e+01,4.559543664653060659e+03,1.828428269808715049e+04,1.345967440587352839e-03
3.143796064455101202e+01,4.559538916596118725e+03,1.828426918619297430e+04,1.636344543120296646e-03
3.143796066138691003e+01,4.559533505725920804e+03,1.828425567429880175e+04,2.022094569749390350e-03
3.143796067936391836e+01,4.559525895944169861e+03,1.828423637159284044e+04,2.750760955886039690e-03
3.143796069548943350e+01,4.559516040587729549e+03,1.828420934780449534e+04,4.125337863591284175e-03
3.143796070842309831e+01,4.559503509875987220e+03,1.828417667488869847e+04,6.644948086386263941e-03
3.143796071634747946e+01,4.559490875337232865e+03,1.828414371860422762e+04,1.062380387589387937e-02
3.143796072169525857e+01,4.559477173414271419e+03,1.828410718075165641e+04,1.689367658166056330e-02
3.143796072567715427e+01,4.559460992286958572e+03,1.828406471211235475e+04,2.711325258304335059e-02
3.143796072887465343e+01,4.559440833160344482e+03,1.828401079231725453e+04,4.308264460207843205e-02
3.143796073195432328e+01,4.559411744240325788e+03,1.828393537580174598e+04,6.833081183113966228e-02
3.143796073579082773e+01,4.559358775479756332e+03,1.828379650517328628e+04,1.083374399603244387e-01
3.143796074145492625e+01,4.559237464452617132e+03,1.828348202677805239e+04,1.721435797979418147e-01
3.143796074782266459e+01,4.559002755585009254e+03,1.828288168028132350e+04,2.731435177648926516e-01
3.143796075751489028e+01,4.558350637629907396e+03,1.828124504257018998e+04,4.329406669432030452e-01
3.143796076784137483e+01,4.556943997090806988e+03,1.827824925194225216e+04,6.881165389168520941e-01
3.143796077997644645e+01,4.541193605894235588e+03,1.827044193329959671e+04,1.091546645304140473e+00
3.143796079025563728e+01,4.330875605507791079e+03,1.826128296637077074e+04,6.881908088751733654e-01
3.143796080611231147e+01,4.064931550956915544e+03,1.824945676996433758e+04,5.132884268834057018e-01
3.143796082197433606e+01,3.816243937781704062e+03,1.823988901493718004e+04,4.796636437670980802e-01
3.143796083784926765e+01,3.533935312119894661e+03,1.823170009573925927e+04,5.431931522530364376e-01
3.143796085371440441e+01,2.888222847044499758e+03,1.822356084613624625e+04,8.293018343565137229e-01
3.143796086038987525e+01,2.777054669041519446e+03,1.821929622091768397e+04,1.314988661510682499e+00
3.143796086794233702e+01,2.470914183192613564e+03,1.821292184342330802e+04,8.284384616784921107e-01
3.143796088379481191e+01,1.819954969478815838e+04,1.819954969478815838e+04,5.284702775436123101e-01
3.143796089874911459e+01,1.818628607341393945e+04,1.818628607341393945e+04,8.412311250551381958e-01
3.143796090371893470e+01,1.817965936873770988e+04,1.817965936873770988e+04,5.284756728329522701e-01
3.143796091047025953e+01,1.817048322703791928e+04,1.817048322703791928e+04,3.329127602058126190e-01
3.143796092634799777e+01,1.814991659844439346e+04,1.814991659844439346e+04,3.003245193780127997e-01
3.143796094221923809e+01,1.813137977288714683e+04,1.813137977288714683e+04,3.209852120826282573e-01
3.143796095807352842e+01,1.811517001151508521e+04,1.811517001151508521e+04,3.250937863412849405e-01
3.143796097393564537e+01,1.810106128772548982e+04,1.810106128772548982e+04,3.157465716726817750e-01
3.143796098983399290e+01,1.808916690684952482e+04,1.808916690684952482e+04,2.973167070609971097e-01
3.143796100572406260e+01,1.807945542520984964e+04,1.807945542520984964e+04,2.712178827141070725e-01
3.143796102163743100e+01,1.807222624089261444e+04,1.807222624089261444e+04,2.364203921342532544e-01
3.143796103756760374e+01,1.806780288134801231e+04,1.806780288134801231e+04,1.918791970956531812e-01
3.143796105349460035e+01,1.806539683754480211e+04,1.806539683754480211e+04,1.424409435136887447e-01
3.143796106940252955e+01,1.806405955637589432e+04,1.806405955637589432e+04,9.820453278275471931e-02
3.143796108527349986e+01,1.806326969193714467e+04,1.806326969193714467e+04,6.609760488178720306e-02
3.143796110137501998e+01,1.806277359423011148e+04,1.806277359423011148e+04,4.475653936428787560e-02
3.143796111740984145e+01,1.806245052111279074e+04,1.806245052111279074e+04,3.137718256911937315e-02
3.143796113358703437e+01,1.806222419344008085e+04,1.806222419344008085e+04,2.285643006325842330e-02
3.143796114994986723e+01,1.806205829248452574e+04,1.806205829248452574e+04,1.739050037441094640e-02
3.143796116596440982e+01,1.806193430499229362e+04,1.806193430499229362e+04,1.370753710559719299e-02
3.143796118183269073e+01,1.806183930253775907e+04,1.806183930253775907e+04,1.117561572195384031e-02
3.143796119783460696e+01,1.806175972364998597e+04,1.806175972364998597e+04,9.322889652556100304e-03
3.143796121417867084e+01,1.806169246660682256e+04,1.806169246660682256e+04,7.904004660415308442e-03
3.143796123143804522e+01,1.806163324151736742e+04,1.806163324151736742e+04,6.742213591562007217e-03
3.143796124791571245e+01,1.806158512113218603e+04,1.806158512113218603e+04,5.897721528294026447e-03
3.143796126489902676e+01,1.806154191107204315e+04,1.806154191107204315e+04,5.194098574514432846e-03
3.143796128249852728e+01,1.806150304224983120e+04,1.806150304224983120e+04,4.610814791479741527e-03
3.143796130055495297e+01,1.806146787522021259e+04,1.806146787522021259e+04,4.121629566038361933e-03
3.143796131768244706e+01,1.806143761248771625e+04,1.806143761248771625e+04,3.753004790696325144e-03
3.143796133659207825e+01,1.806140799635076110e+04,1.806140799635076110e+04,3.372160261030279771e-03
3.143796135431738747e+01,1.806138273399060563e+04,1.806138273399060563e+04,3.091484754267959534e-03
3.143796137095383258e+01,1.806136172113676366e+04,1.806136172113676366e+04,2.866180571855613500e-03
3.143796138847766031e+01,1.806134136004260654e+04,1.806134136004260654e+04,2.651102330886717130e-03
3.143796140512129966e+01,1.806132284995701048e+04,1.806132284995701048e+04,2.477302704406338183e-03
3.143796142315708764e+01,1.806130433987141078e+04,1.806130433987141078e+04,2.308801175891108618e-03
3.143796144304914364e+01,1.806128582978581471e+04,1.806128582978581471e+04,2.148493901020041581e-03
3.143796146061745844e+01,1.806127036314192810e+04,1.806127036314192810e+04,2.016772805964343017e-03
3.143796147870192925e+01,1.806125555417522992e+04,1.806125555417522992e+04,1.902828538525034967e-03
3.143796149508068893e+01,1.806124259632936810e+04,1.806124259632936810e+04,1.804026447455907853e-03
3.143796151334255384e+01,1.806122963848350628e+04,1.806122963848350628e+04,1.710061642624029861e-03
3.143796153349653011e+01,1.806121668063764446e+04,1.806121668063764446e+04,1.633678971089482001e-03
3.143796155256684344e+01,1.806120372279178264e+04,1.806120372279178264e+04,1.526736802633318641e-03
3.143796157004437575e+01,1.806119261606675718e+04,1.806119261606675718e+04,1.460427077270570620e-03
3.143796159200055840e+01,1.806118150934173536e+04,1.806118150934173536e+04,1.380364423567324687e-03
3.143796160942043016e+01,1.806117158913080493e+04,1.806117158913080493e+04,1.321461394546180352e-03
3.143796162784173731e+01,1.806116233296515929e+04,1.806116233296515929e+04,1.270223545984886003e-03
3.143796165221616334e+01,1.806115004028749900e+04,1.806115004028749900e+04,1.202016886162583396e-03
3.143796166841489992e+01,1.806114263580414990e+04,1.806114263580414990e+04,1.156547307524153885e-03
3.143796168827619653e+01,1.806113338019996081e+04,1.806113338019996081e+04,1.109699750054559926e-03
3.143796170613794416e+01,1.806112597571661172e+04,1.806112597571661172e+04,1.069103675221384732e-03
3.143796173098075286e+01,1.806111605213694565e+04,1.806111605213694565e+04,1.018095295613439004e-03
3.143796174304673841e+01,1.806111116674991354e+04,1.806111116674991354e+04,9.951778487835437510e-04
