cycle_time_years,leading_front_depth_m,deepest_front_depth_m,maximum_velocity_m_s
0.000000000000000000e+00,nan,nan,9.933636632313829363e-04
1.225536288509629425e-07,nan,nan,1.003466898142293560e-03
1.498298215652130401e-07,nan,nan,1.002951551668033927e-03
1.769163528346838956e-07,nan,nan,9.985223586231311427e-04
5.610044589951563944e-06,nan,nan,6.276899491812984065e-04
1.514033515495586393e-05,nan,nan,3.927971987536490236e-04
3.066801682145199208e-05,nan,nan,2.449883774482043849e-04
5.565537703331303963e-05,3.465054995427456106e+03,3.465054995427456106e+03,1.544032964540462127e-04
9.583835484310831965e-05,5.169680565728766851e+03,5.169680565728766851e+03,9.634666156235092364e-05
1.624902705927204830e-04,7.089295621244870745e+03,7.089295621244870745e+03,6.024438100078387487e-05
2.723545917773345345e-04,9.156270973364236852e+03,9.156270973364236852e+03,3.781848369944545627e-05
4.465986292398537805e-04,1.130097828585419120e+04,1.130097828585419120e+04,2.379190256544329543e-05
7.357002751565594771e-04,1.333057122342599541e+04,1.333057122342599541e+04,1.487147932011539658e-05
1.199161331019032951e-03,1.383970772034513357e+04,1.383970772034513357e+04,9.334878545163651607e-06
1.950259271657919877e-03,1.421214624789421941e+04,1.421214624789421941e+04,5.884861899028911076e-06
3.173408924733972514e-03,1.454040947590842370e+04,1.454040947590842370e+04,3.692481845427716814e-06
5.127636072170079461e-03,1.484133703998430792e+04,1.484133703998430792e+04,2.306272354860796525e-06
8.143230246467656613e-03,1.510327150793163128e+04,1.510327150793163128e+04,1.454525743045854239e-06
1.245520176312000377e-02,1.530591064507775809e+04,1.530591064507775809e+04,9.150680886683708290e-07
1.828146876813032881e-02,1.546764754910190641e+04,1.546764754910190641e+04,5.767780210575390821e-07
2.510740596223555096e-02,1.558415684818931186e+04,1.558415684818931186e+04,3.606397550423949420e-07
3.259900968670195048e-02,1.566766887854105335e+04,1.566766887854105335e+04,2.270064968004697865e-07
4.110496782097891599e-02,1.573271922693950364e+04,1.573271922693950364e+04,1.413396819403580593e-07
5.144938082127715334e-02,1.578780388918640165e+04,1.578780388918640165e+04,8.777095946394142122e-08
7.099757574585346953e-02,1.585536292402484287e+04,1.585536292402484287e+04,5.464710521908228252e-08
9.659393407632017869e-02,1.591046745638039283e+04,1.591046745638039283e+04,4.182775596671685020e-08
1.222244382811205482e-01,1.595027086755717937e+04,1.595027086755717937e+04,3.413177216085021760e-08
1.484743099304274006e-01,1.598583179716054474e+04,1.598583179716054474e+04,2.887528495903358272e-08
1.737813858157628011e-01,1.602080494009856011e+04,1.602080494009856011e+04,2.523672338660961093e-08
2.005911607887003456e-01,1.606286273709009038e+04,1.606286273709009038e+04,2.233267918886073507e-08
2.275889081419092963e-01,1.611465829421130184e+04,1.611465829421130184e+04,2.006245849716478236e-08
2.544427272880425139e-01,1.617419681174281504e+04,1.617419681174281504e+04,1.825627998075919471e-08
2.815032553311962449e-01,1.623987961325204560e+04,1.623987961325204560e+04,1.676537431288371203e-08
3.088510732857824848e-01,1.630954771871281446e+04,1.630954771871281446e+04,1.550831506989265576e-08
3.346262643384816382e-01,1.637636062016702817e+04,1.637636062016702817e+04,1.450074720975773759e-08
3.606662378136001323e-01,1.644376795376326481e+04,1.644376795376326481e+04,1.362034904504831500e-08
3.869512214541456219e-01,1.651093167433959024e+04,1.651093167433959024e+04,1.284481920019035128e-08
4.140170411041916854e-01,1.657887391854498492e+04,1.657887391854498492e+04,1.214241515314768986e-08
4.416653840031784517e-01,1.664660699526668031e+04,1.664660699526668031e+04,1.150861123065661631e-08
4.706011526092097608e-01,1.671553068625609376e+04,1.671553068625609376e+04,1.092015749575135231e-08
4.957727761737873440e-01,1.677394046771979993e+04,1.677394046771979993e+04,1.046066354211254462e-08
5.247906658611790620e-01,1.683942922066571555e+04,1.683942922066571555e+04,9.982118113342096619e-09
5.572169105989155380e-01,1.691044850771641723e+04,1.691044850771641723e+04,9.502831079945355006e-09
5.839206084010900577e-01,1.696728896550064746e+04,1.696728896550064746e+04,9.145600231846817127e-09
6.105426581717565693e-01,1.702251097944832145e+04,1.702251097944832145e+04,8.818679579819529231e-09
6.393514708172345351e-01,1.708083340202047839e+04,1.708083340202047839e+04,8.493646894614547743e-09
6.701311189557105363e-01,1.714150270471807744e+04,1.714150270471807744e+04,8.175465561186041928e-09
7.031646954224832768e-01,1.720484997295894573e+04,1.720484997295894573e+04,7.862992056776818398e-09
7.313938517165183839e-01,1.725766329591318936e+04,1.725766329591318936e+04,7.616970295469813135e-09
7.571347039193198070e-01,1.730479541390116356e+04,1.730479541390116356e+04,7.407624148541944643e-09
7.822012862931441157e-01,1.734975192726355090e+04,1.734975192726355090e+04,7.216265687104754917e-09
8.072841625426735446e-01,1.739394897741227760e+04,1.739394897741227760e+04,7.035979300112499996e-09
8.356550025349440691e-01,1.744286730909126709e+04,1.744286730909126709e+04,6.844251432127294479e-09
8.628788251666741349e-01,1.748902606250192184e+04,1.748902606250192184e+04,6.671447735977507966e-09
8.882872030201147684e-01,1.753121486721925612e+04,1.753121486721925612e+04,6.519174055608916092e-09
9.143910436581050849e-01,1.757388293244309534e+04,1.757388293244309534e+04,6.371032464461585442e-09
9.467622027452277100e-01,1.762574059822273557e+04,1.762574059822273557e+04,6.198057530904490522e-09
9.837048179011691484e-01,1.768362208207068397e+04,1.768362208207068397e+04,6.013715071421463511e-09
1.017028976185142319e+00,1.773479404103682100e+04,1.773479404103682100e+04,5.858250340702624557e-09
1.043991127097990690e+00,1.777534988370667270e+04,1.777534988370667270e+04,5.739759529572913636e-09
1.085087600070435920e+00,1.783606330836328198e+04,1.783606330836328198e+04,5.568883815985514605e-09
1.111274873666274754e+00,1.787403160703702815e+04,1.787403160703702815e+04,5.466420968492139708e-09
1.139238083089510356e+00,1.791392680524886964e+04,1.791392680524886964e+04,5.362079465823268618e-09
1.177934007970365737e+00,1.796816166768156472e+04,1.796816166768156472e+04,5.225184030455318989e-09
1.208613864990816689e+00,1.801033289817141122e+04,1.801033289817141122e+04,5.122603598325678060e-09
1.245855603860981375e+00,1.806070683991535407e+04,1.806070683991535407e+04,5.004561066816874528e-09
1.274812917680762325e+00,1.809915745867339501e+04,1.809915745867339501e+04,4.917256185746878228e-09
1.302757205293819665e+00,1.813577476266803569e+04,1.813577476266803569e+04,4.836547161282690754e-09
1.333705008456524954e+00,1.817580509781370347e+04,1.817580509781370347e+04,4.750857505213661395e-09
1.361929767034315342e+00,1.821175694646035117e+04,1.821175694646035117e+04,4.675965619261759774e-09
1.404770003709423953e+00,1.826540183562642778e+04,1.826540183562642778e+04,4.567805076889988843e-09
1.433967240881544480e+00,1.830138950746842238e+04,1.830138950746842238e+04,4.497526996725706206e-09
1.462683616178003687e+00,1.833629066919485194e+04,1.833629066919485194e+04,4.431068564750202415e-09
1.489149529131162275e+00,1.836807187588756278e+04,1.836807187588756278e+04,4.371980662399541434e-09
1.520946858405377800e+00,1.840575115563712825e+04,1.840575115563712825e+04,4.303602641592791774e-09
1.557349702428646676e+00,1.844834878687209493e+04,1.844834878687209493e+04,4.228556350768393921e-09
1.588618136018595361e+00,1.848433743234677968e+04,1.848433743234677968e+04,4.166738715797591731e-09
1.637773957191880791e+00,1.854004462658538978e+04,1.854004462658538978e+04,4.074160682223271288e-09
1.670539707213199776e+00,1.857652025021502050e+04,1.857652025021502050e+04,4.015270511040155558e-09
1.697470795319984349e+00,1.860616413423447375e+04,1.860616413423447375e+04,3.968586303759934070e-09
1.730993183322541151e+00,1.864257695115576644e+04,1.864257695115576644e+04,3.912316201239298143e-09
1.758501646702929078e+00,1.867214072245330317e+04,1.867214072245330317e+04,3.867758554935456922e-09
1.793667943841178669e+00,1.870950336886386503e+04,1.870950336886386503e+04,3.812615325099984807e-09
1.819007583253781979e+00,1.873606933081370880e+04,1.873606933081370880e+04,3.774200543165434897e-09
1.860541662248933026e+00,1.877914420713921572e+04,1.877914420713921572e+04,3.713363391892124047e-09
1.905443502597265804e+00,1.882486683528999129e+04,1.882486683528999129e+04,3.650608232154593991e-09
1.933684072773257157e+00,1.885327450524253436e+04,1.885327450524253436e+04,3.612379902633630014e-09
1.974697131220552793e+00,1.889407901347688312e+04,1.889407901347688312e+04,3.558921263478990733e-09
2.000812303193286734e+00,1.891968610098173667e+04,1.891968610098173667e+04,3.526117197428729080e-09
2.028305945323351178e+00,1.894642948073699154e+04,1.894642948073699154e+04,3.492178643388348067e-09
2.073716893576396103e+00,1.899006893688909622e+04,1.899006893688909622e+04,3.438274755125302709e-09
2.100512421957654308e+00,1.901547921190997658e+04,1.901547921190997658e+04,3.407503302925428344e-09
2.147031379392803530e+00,1.905901821304069017e+04,1.905901821304069017e+04,3.355893362581431502e-09
2.174221211441642598e+00,1.908419605292527922e+04,1.908419605292527922e+04,3.326691634368977578e-09
2.225122851355796794e+00,1.913065020090262988e+04,1.913065020090262988e+04,3.273953116576028225e-09
2.267480332660237519e+00,1.916877846044286707e+04,1.916877846044286707e+04,3.231761833506401348e-09
2.299168420474266394e+00,1.919693831062953905e+04,1.919693831062953905e+04,3.201230444780970365e-09
2.326164751235929806e+00,1.922068887613397601e+04,1.922068887613397601e+04,3.175824581948341247e-09
2.379248858260199384e+00,1.926682894571518045e+04,1.926682894571518045e+04,3.127565199502459863e-09
2.405696886244220956e+00,1.928955524100008188e+04,1.928955524100008188e+04,3.104264847213074749e-09
2.458958373121258312e+00,1.933465376242496859e+04,1.933465376242496859e+04,3.058885388034937649e-09
2.489301168076254012e+00,1.936006824840219633e+04,1.936006824840219633e+04,3.033859805995639631e-09
2.542568221385661520e+00,1.940416678899261024e+04,1.940416678899261024e+04,2.991383382197828220e-09
2.572953724398656217e+00,1.942895468047404574e+04,1.942895468047404574e+04,2.967902589850729692e-09
2.627927731175439430e+00,1.947330083492150516e+04,1.947330083492150516e+04,2.926815508443214331e-09
2.659615818989468305e+00,1.949853666170731594e+04,1.949853666170731594e+04,2.904071823119694850e-09
2.688566332237165568e+00,1.952136803656016127e+04,1.952136803656016127e+04,2.883383489852924454e-09
2.737762208123392771e+00,1.955978504046366288e+04,1.955978504046366288e+04,2.849551753154675455e-09
2.769450295937421647e+00,1.958421445771589424e+04,1.958421445771589424e+04,2.828420343776304804e-09
2.794509037879917557e+00,1.960336137121811043e+04,1.960336137121811043e+04,2.811981994865880044e-09
2.847324190177364489e+00,1.964340669117054858e+04,1.964340669117054858e+04,2.778349817331354509e-09
2.879012277991393365e+00,1.966709277660762382e+04,1.966709277660762382e+04,2.758786100932063951e-09
2.904722424017406102e+00,1.968620486866262581e+04,1.968620486866262581e+04,2.743164155048563637e-09
2.958215285170669784e+00,1.972546853947912678e+04,1.972546853947912678e+04,2.711596421436980435e-09
2.989903372984698660e+00,1.974851643341058661e+04,1.974851643341058661e+04,2.693442798910478043e-09
3.019129594315575371e+00,1.976960006425560277e+04,1.976960006425560277e+04,2.676997287599551521e-09
3.075473483083311255e+00,1.980968422852246294e+04,1.980968422852246294e+04,2.646210600219440563e-09
3.107161570897340575e+00,1.983204752381655271e+04,1.983204752381655271e+04,2.629398275201867128e-09
3.138660230788664407e+00,1.985405487266489217e+04,1.985405487266489217e+04,2.612990461070499173e-09
3.164860842989543066e+00,1.987215963304054094e+04,1.987215963304054094e+04,2.599603728097045635e-09
3.196548930803571942e+00,1.989402172827322283e+04,1.989402172827322283e+04,2.583709065362924083e-09
3.228237018617601262e+00,1.991566176678915872e+04,1.991566176678915872e+04,2.568134680397480204e-09
3.262922569813436979e+00,1.993911845130037545e+04,1.993911845130037545e+04,2.551409783520578536e-09
3.290619206117864959e+00,1.995772906047860670e+04,1.995772906047860670e+04,2.538318811109023641e-09
3.322307293931893835e+00,1.997887946651030143e+04,1.997887946651030143e+04,2.523610299710799281e-09
3.353995381745923154e+00,1.999981506360521234e+04,1.999981506360521234e+04,2.509186991187853413e-09
3.391354994924663302e+00,2.002429141354617605e+04,2.002429141354617605e+04,2.492511298857463923e-09
3.420036052850473407e+00,2.004299133319410976e+04,2.004299133319410976e+04,2.479965209052641658e-09
3.451724140664502283e+00,2.006347877978537144e+04,2.006347877978537144e+04,2.466349153968429601e-09
3.483412228478531159e+00,2.008373592140194523e+04,2.008373592140194523e+04,2.452986133474457342e-09
3.524037345960378431e+00,2.010957107038654067e+04,2.010957107038654067e+04,2.436193784728485251e-09
3.553368951384460850e+00,2.012809404594466105e+04,2.012809404594466105e+04,2.424316790145167023e-09
3.585057039198489726e+00,2.014788580473099137e+04,2.014788580473099137e+04,2.411706268939513373e-09
3.616745127012519045e+00,2.016757714299472718e+04,2.016757714299472718e+04,2.399322309218122513e-09
3.662796928299471677e+00,2.019592684989924237e+04,2.019592684989924237e+04,2.381699718744417326e-09
3.688717659922200021e+00,2.021173795448987948e+04,2.021173795448987948e+04,2.371979278449902420e-09
3.720405747736228896e+00,2.023093087264815767e+04,2.023093087264815767e+04,2.360284466460671485e-09
3.752093835550257772e+00,2.025001882706059405e+04,2.025001882706059405e+04,2.348791343610108070e-09
3.779572935167046843e+00,2.026643043726212636e+04,2.026643043726212636e+04,2.338980388085152158e-09
3.805419936999200559e+00,2.028180999460484600e+04,2.028180999460484600e+04,2.329882272264891037e-09
3.831439035379361258e+00,2.029715455794200898e+04,2.029715455794200898e+04,2.320851318261253108e-09
3.861021895888465227e+00,2.031453565941580382e+04,2.031453565941580382e+04,2.310734828152070396e-09
3.892709983702494103e+00,2.033301296583162548e+04,2.033301296583162548e+04,2.300073562670305319e-09
3.920340955913192094e+00,2.034898791518234793e+04,2.034898791518234793e+04,2.290918196964821246e-09
3.946574982014778854e+00,2.036411527635170569e+04,2.036411527635170569e+04,2.282345787194712228e-09
3.973936586584111641e+00,2.037974159963619968e+04,2.037974159963619968e+04,2.273529570472153094e-09
4.005624674398140073e+00,2.039779271562978829e+04,2.039779271562978829e+04,2.263474420189246604e-09
4.037312762212169837e+00,2.041562614451979243e+04,2.041562614451979243e+04,2.253581797062851778e-09
4.064420318823095180e+00,2.043088666721163463e+04,2.043088666721163463e+04,2.245241174518974989e-09
4.090342721427036921e+00,2.044528306048910235e+04,2.044528306048910235e+04,2.237371143968524110e-09
4.119444973434813306e+00,2.046146067280616990e+04,2.046146067280616990e+04,2.228658641770933902e-09
4.151133061248842182e+00,2.047891370951233694e+04,2.047891370951233694e+04,2.219314660844746556e-09
4.182821149062871058e+00,2.049624064269037262e+04,2.049624064269037262e+04,2.210117048969631264e-09
4.214509236876899934e+00,2.051347830387173599e+04,2.051347830387173599e+04,2.201060904635737003e-09
4.245663985280835995e+00,2.053025037405043622e+04,2.053025037405043622e+04,2.192293672546983091e-09
4.273910883770825286e+00,2.054544411568741998e+04,2.054544411568741998e+04,2.184455451544648041e-09
4.299938381403502596e+00,2.055928830582457158e+04,2.055928830582457158e+04,2.177327268316228788e-09
4.328670655778144472e+00,2.057455328544973236e+04,2.057455328544973236e+04,2.169562953425898593e-09
4.360358743592173347e+00,2.059120976940542823e+04,2.059120976940542823e+04,2.161121689520183090e-09
4.392046831406202223e+00,2.060783940936225918e+04,2.060783940936225918e+04,2.152807538575362894e-09
4.423734919220231099e+00,2.062425263873920267e+04,2.062425263873920267e+04,2.144615488653701880e-09
4.455423007034259975e+00,2.064068236969071950e+04,2.064068236969071950e+04,2.136544911602280590e-09
4.487111094848288850e+00,2.065689743180442747e+04,2.065689743180442747e+04,2.128591822109232630e-09
4.518799182662317726e+00,2.067309962784850723e+04,2.067309962784850723e+04,2.120754665288205173e-09
4.550487270476346602e+00,2.068911391111693956e+04,2.068911391111693956e+04,2.113030678176423493e-09
4.582175358290375478e+00,2.070507561851164428e+04,2.070507561851164428e+04,2.105417499067572632e-09
4.613863446104404353e+00,2.072093664056957641e+04,2.072093664056957641e+04,2.097913301633415837e-09
4.645551533918434117e+00,2.073666838179684783e+04,2.073666838179684783e+04,2.090515176765815175e-09
4.677239621732462993e+00,2.075233011436960078e+04,2.075233011436960078e+04,2.083221971155837726e-09
4.708927709546491869e+00,2.076785508236594978e+04,2.076785508236594978e+04,2.076030461231142844e-09
4.740615797360520745e+00,2.078332410240946410e+04,2.078332410240946410e+04,2.068939921810328350e-09
4.772303885174549620e+00,2.079865260104418485e+04,2.079865260104418485e+04,2.061947027140465267e-09
4.803991972988578496e+00,2.081392992763785151e+04,2.081392992763785151e+04,2.055051253715923858e-09
4.835680060802607372e+00,2.082906454036365540e+04,2.082906454036365540e+04,2.048249370786976450e-09
4.867368148616636248e+00,2.084415076947488706e+04,2.084415076947488706e+04,2.041540849243373164e-09
4.899056236430665123e+00,2.085910352247193077e+04,2.085910352247193077e+04,2.034922737470805988e-09
4.930744324244693999e+00,2.087399732559159747e+04,2.087399732559159747e+04,2.028394312615623091e-09
4.962432412058722875e+00,2.088877161880303902e+04,2.088877161880303902e+04,2.021953072582319173e-09
4.994120499872751751e+00,2.090346657766570570e+04,2.090346657766570570e+04,2.015597930530903987e-09
5.025808587686781514e+00,2.091805108971232403e+04,2.091805108971232403e+04,2.009326989006550046e-09
5.057496675500810390e+00,2.093260160457123493e+04,2.093260160457123493e+04,2.003138697122742993e-09
5.089184763314839266e+00,2.094700769795356973e+04,2.094700769795356973e+04,1.997031739569669601e-09
5.120872851128868142e+00,2.096136479394738126e+04,2.096136479394738126e+04,1.991004327692106023e-09
5.152560938942897018e+00,2.097561035330588857e+04,2.097561035330588857e+04,1.985055187205712387e-09
5.184249026756925893e+00,2.098977772782951070e+04,2.098977772782951070e+04,1.979182775920024026e-09
5.215937114570954769e+00,2.100386635973298689e+04,2.100386635973298689e+04,1.973385772043849062e-09
5.247625202384983645e+00,2.101783918020168130e+04,2.101783918020168130e+04,1.967662773880473350e-09
5.279313290199012521e+00,2.103178139188032219e+04,2.103178139188032219e+04,1.962012477675048638e-09
5.311001378013041396e+00,2.104556526242118707e+04,2.104556526242118707e+04,1.956433678449433698e-09
5.342689465827070272e+00,2.105935977875180106e+04,2.105935977875180106e+04,1.950925062468498771e-09
5.374377553641099148e+00,2.107297506063878245e+04,2.107297506063878245e+04,1.945485342748864684e-09
5.406065641455128912e+00,2.108660719607212013e+04,2.108660719607212013e+04,1.940113306762411251e-09
5.437753729269157787e+00,2.110008437460272398e+04,2.110008437460272398e+04,1.934807772817019053e-09
5.469441817083186663e+00,2.111351726821952616e+04,2.111351726821952616e+04,1.929567584200331706e-09
5.501129904897215539e+00,2.112684724623452348e+04,2.112684724623452348e+04,1.924391786804862395e-09
5.532817992711244415e+00,2.114013890431848631e+04,2.114013890431848631e+04,1.919279117681213623e-09
5.564506080525273291e+00,2.115332699054625482e+04,2.115332699054625482e+04,1.914228481342397675e-09
5.596194168339302166e+00,2.116641612020628600e+04,2.116641612020628600e+04,1.909238821006747494e-09
5.627882256153331042e+00,2.117948294396138226e+04,2.117948294396138226e+04,1.904309160180541262e-09
5.659570343967359918e+00,2.119238363461562039e+04,2.119238363461562039e+04,1.899438587925783748e-09
5.691258431781388794e+00,2.120532337671612549e+04,2.120532337671612549e+04,1.894625960072970871e-09
5.722946519595417669e+00,2.121810812876678756e+04,2.121810812876678756e+04,1.889870308836855996e-09
5.754634607409446545e+00,2.123085407782953553e+04,2.123085407782953553e+04,1.885170740517695539e-09
5.786322695223476309e+00,2.124352403834846336e+04,2.124352403834846336e+04,1.880526452530483244e-09
5.818010783037505185e+00,2.125607848500532054e+04,2.125607848500532054e+04,1.875936361706207205e-09
5.849698870851534060e+00,2.126863255958352238e+04,2.126863255958352238e+04,1.871399580174466619e-09
5.881386958665562936e+00,2.128104082391300835e+04,2.128104082391300835e+04,1.866915386103889090e-09
5.913075046479591812e+00,2.129344046064931536e+04,2.129344046064931536e+04,1.862482877526359776e-09
5.944763134293620688e+00,2.130574057487752725e+04,2.130574057487752725e+04,1.858101125467269335e-09
5.976451222107649563e+00,2.131794516528688837e+04,2.131794516528688837e+04,1.853769384788255567e-09
6.008139309921678439e+00,2.133014336710788120e+04,2.133014336710788120e+04,1.849486968358656877e-09
6.039827397735707315e+00,2.134219755866464038e+04,2.134219755866464038e+04,1.845252910711818230e-09
6.071515485549736191e+00,2.135423763063893784e+04,2.135423763063893784e+04,1.841066493168241343e-09
6.103203573363765067e+00,2.136618174801687201e+04,2.136618174801687201e+04,1.836927130451348846e-09
6.134891661177793942e+00,2.137807796529119878e+04,2.137807796529119878e+04,1.832833872326907495e-09
6.166579748991823706e+00,2.138991548725320172e+04,2.138991548725320172e+04,1.828786071021665785e-09
6.198267836805852582e+00,2.140161697098665536e+04,2.140161697098665536e+04,1.824783142003495041e-09
6.229955924619881458e+00,2.141334862318163505e+04,2.141334862318163505e+04,1.820824196454869972e-09
6.261644012433910333e+00,2.142495993436864228e+04,2.142495993436864228e+04,1.816908697191902233e-09
6.293332100247939209e+00,2.143649127369600319e+04,2.143649127369600319e+04,1.813035969940308387e-09
6.325020188061968085e+00,2.144801587763332282e+04,2.144801587763332282e+04,1.809205228535415773e-09
6.356708275875996961e+00,2.145940693752705556e+04,2.145940693752705556e+04,1.805416081665406224e-09
6.388396363690025836e+00,2.147078476052513724e+04,2.147078476052513724e+04,1.801667684600671497e-09
6.420084451504054712e+00,2.148209549411536500e+04,2.148209549411536500e+04,1.797959495685839628e-09
6.451772539318083588e+00,2.149327657093085872e+04,2.149327657093085872e+04,1.794290985235521438e-09
6.483460627132112464e+00,2.150449306603777222e+04,2.150449306603777222e+04,1.790661381727510299e-09
6.515148714946141340e+00,2.151559412767154572e+04,2.151559412767154572e+04,1.787070378520384970e-09
6.546836802760171103e+00,2.152660939961081021e+04,2.152660939961081021e+04,1.783517145872476671e-09
6.578524890574199979e+00,2.153763275622322180e+04,2.153763275622322180e+04,1.780001290462280859e-09
6.610212978388228855e+00,2.154853832773305476e+04,2.154853832773305476e+04,1.776522195481454416e-09
6.641901066202257731e+00,2.155938227859616745e+04,2.155938227859616745e+04,1.773079316829722058e-09
6.673589154016286606e+00,2.157020138224902985e+04,2.157020138224902985e+04,1.769672208922115494e-09
6.705277241830315482e+00,2.158090407625484659e+04,2.158090407625484659e+04,1.766300215452987903e-09
6.736965329644344358e+00,2.159162881021446083e+04,2.159162881021446083e+04,1.762963022892493532e-09
6.768653417458373234e+00,2.160224959090972334e+04,2.160224959090972334e+04,1.759659898957550669e-09
6.800341505272402109e+00,2.161276521043159664e+04,2.161276521043159664e+04,1.756390625317777938e-09
6.832029593086430985e+00,2.162331410390156816e+04,2.162331410390156816e+04,1.753154434629878135e-09
6.863717680900459861e+00,2.163375317063632247e+04,2.163375317063632247e+04,1.749951148666964213e-09
6.895405768714488737e+00,2.164409836215842734e+04,2.164409836215842734e+04,1.746780015391373894e-09
6.927093856528518501e+00,2.165447399005571788e+04,2.165447399005571788e+04,1.743640863545329910e-09
6.958781944342547376e+00,2.166473584826491788e+04,2.166473584826491788e+04,1.740532965517617636e-09
6.990470032156576252e+00,2.167491428814962273e+04,2.167491428814962273e+04,1.737456172702965902e-09
7.022158119970605128e+00,2.168511187830173367e+04,2.168511187830173367e+04,1.734409774210238910e-09
7.053846207784634004e+00,2.169520614495418340e+04,2.169520614495418340e+04,1.731393605305158080e-09
7.085534295598662879e+00,2.170521259078509684e+04,2.170521259078509684e+04,1.728407024713994769e-09
7.117222383412691755e+00,2.171524621487519107e+04,2.171524621487519107e+04,1.725449811492270897e-09
7.148910471226720631e+00,2.172517068963034399e+04,2.172517068963034399e+04,1.722521423671989033e-09
7.180598559040749507e+00,2.173500421684317189e+04,2.173500421684317189e+04,1.719621557268855610e-09
7.212286646854778382e+00,2.174487376587214749e+04,2.174487376587214749e+04,1.716749792792901912e-09
7.243974734668807258e+00,2.175463942780441721e+04,2.175463942780441721e+04,1.713905719570709691e-09
7.275662822482836134e+00,2.176430777170056899e+04,2.176430777170056899e+04,1.711089062363369246e-09
7.307350910296865898e+00,2.177400499064581527e+04,2.177400499064581527e+04,1.708299293334991148e-09
7.339038998110894774e+00,2.178360613402568197e+04,2.178360613402568197e+04,1.705536266820309056e-09
7.370727085924923649e+00,2.179313509472368969e+04,2.179313509472368969e+04,1.702799431063730794e-09
7.402415173738952525e+00,2.180267398660509207e+04,2.180267398660509207e+04,1.700088540372251313e-09
7.434103261552981401e+00,2.181211756841576062e+04,2.181211756841576062e+04,1.697403245570492853e-09
7.465791349367010277e+00,2.182146591317201819e+04,2.182146591317201819e+04,1.694743113452126494e-09
7.497479437181039152e+00,2.183084705737933837e+04,2.183084705737933837e+04,1.692108012878749096e-09
7.529167524995068028e+00,2.184014600959316886e+04,2.184014600959316886e+04,1.689497423408850484e-09
7.560855612809096904e+00,2.184934807313128113e+04,2.184934807313128113e+04,1.686911098966782612e-09
7.592543700623125780e+00,2.185854676793525141e+04,2.185854676793525141e+04,1.684348771404712306e-09
7.624231788437154655e+00,2.186770535361271322e+04,2.186770535361271322e+04,1.681810018995171693e-09
7.655919876251183531e+00,2.187676528982649324e+04,2.187676528982649324e+04,1.679294651417547617e-09
7.687607964065213295e+00,2.188578240531144183e+04,2.188578240531144183e+04,1.676802321197245125e-09
7.719296051879242171e+00,2.189479775114686709e+04,2.189479775114686709e+04,1.674332675356120043e-09
7.750984139693271047e+00,2.190372522622631732e+04,2.190372522622631732e+04,1.671885550711253247e-09
7.782672227507299922e+00,2.191256473524791727e+04,2.191256473524791727e+04,1.669460575028407781e-09
7.814360315321328798e+00,2.192143435347841660e+04,2.192143435347841660e+04,1.667057435060929586e-09
7.846048403135357674e+00,2.193022932134745133e+04,2.193022932134745133e+04,1.664675968799959581e-09
7.877736490949386550e+00,2.193893431522041283e+04,2.193893431522041283e+04,1.662315829569940878e-09
7.909424578763415425e+00,2.194761246436194051e+04,2.194761246436194051e+04,1.659976717112457402e-09
7.941112666577444301e+00,2.195627909433146851e+04,2.195627909433146851e+04,1.657658446629812616e-09
7.972800754391473177e+00,2.196485963132738107e+04,2.196485963132738107e+04,1.655360743371249599e-09
8.004488842205502053e+00,2.197335440467483932e+04,2.197335440467483932e+04,1.653083295408213569e-09
8.036176930019530928e+00,2.198187448550850968e+04,2.198187448550850968e+04,1.650825873075569582e-09
8.067865017833559804e+00,2.199033217764992150e+04,2.199033217764992150e+04,1.648588316309156454e-09
8.099553105647588680e+00,2.199870964027059745e+04,2.199870964027059745e+04,1.646370278703714487e-09
8.131241193461617556e+00,2.200702653778639433e+04,2.200702653778639433e+04,1.644171523889383045e-09
8.162929281275646431e+00,2.201535433552492032e+04,2.201535433552492032e+04,1.641991870424172521e-09
8.194617369089675307e+00,2.202359874447307448e+04,2.202359874447307448e+04,1.639831091854158646e-09
8.226305456903704183e+00,2.203176577897159223e+04,2.203176577897159223e+04,1.637688903994689910e-09
8.257993544717734835e+00,2.203997055926281610e+04,2.203997055926281610e+04,1.635565084504769545e-09
8.289681632531763711e+00,2.204809336462499414e+04,2.204809336462499414e+04,1.633459458353944636e-09
8.321369720345792587e+00,2.205613968543375813e+04,2.205613968543375813e+04,1.631371814291650750e-09
8.353057808159821462e+00,2.206413370897674395e+04,2.206413370897674395e+04,1.629301887391551587e-09
8.384745895973850338e+00,2.207213725291997252e+04,2.207213725291997252e+04,1.627249468353379176e-09
8.416433983787879214e+00,2.208007151752538994e+04,2.208007151752538994e+04,1.625214350943028246e-09
8.448122071601908090e+00,2.208792860123497667e+04,2.208792860123497667e+04,1.623196412258614876e-09
8.479810159415936965e+00,2.209575512571424042e+04,2.209575512571424042e+04,1.621195368408862462e-09
8.511498247229965841e+00,2.210357149723784823e+04,2.210357149723784823e+04,1.619211021979959811e-09
8.543186335043994717e+00,2.211132187688179692e+04,2.211132187688179692e+04,1.617243178660774106e-09
8.574874422858023593e+00,2.211899264354859042e+04,2.211899264354859042e+04,1.615291646937437216e-09
8.606562510672052468e+00,2.212664218768922365e+04,2.212664218768922365e+04,1.613356296110505934e-09
8.638250598486081344e+00,2.213428354754540851e+04,2.213428354754540851e+04,1.611436886986669714e-09
8.669938686300110220e+00,2.214185263060066063e+04,2.214185263060066063e+04,1.609533228194541042e-09
8.701626774114139096e+00,2.214934890485967480e+04,2.214934890485967480e+04,1.607645139121664251e-09
8.733314861928167971e+00,2.215681557795161643e+04,2.215681557795161643e+04,1.605772441718670217e-09
8.765002949742196847e+00,2.216428153045556610e+04,2.216428153045556610e+04,1.603914960505197525e-09
8.796691037556225723e+00,2.217167440864600940e+04,2.217167440864600940e+04,1.602072556710129058e-09
8.828379125370254599e+00,2.217900061958337756e+04,2.217900061958337756e+04,1.600245038636814789e-09
8.860067213184283474e+00,2.218628188821974254e+04,2.218628188821974254e+04,1.598432222198394393e-09
8.891755300998312350e+00,2.219358006938740436e+04,2.219358006938740436e+04,1.596633941698888638e-09
8.923443388812341226e+00,2.220080579335653601e+04,2.220080579335653601e+04,1.594850033746973965e-09
8.955131476626370102e+00,2.220795852602932791e+04,2.220795852602932791e+04,1.593080337265556901e-09
8.986819564440398977e+00,2.221505569825532439e+04,2.221505569825532439e+04,1.591324693413395175e-09
9.018507652254429630e+00,2.222217594883632046e+04,2.222217594883632046e+04,1.589582945568441405e-09
9.050195740068458505e+00,2.222922689029235335e+04,2.222922689029235335e+04,1.587854943791638490e-09
9.081883827882487381e+00,2.223621764327736673e+04,2.223621764327736673e+04,1.586140555482974998e-09
9.113571915696516257e+00,2.224316278965348101e+04,2.224316278965348101e+04,1.584439603809331782e-09
9.145260003510545133e+00,2.225011118260357762e+04,2.225011118260357762e+04,1.582751940674427130e-09
9.176948091324574008e+00,2.225700012710567535e+04,2.225700012710567535e+04,1.581077420045030025e-09
9.208636179138602884e+00,2.226382957709951006e+04,2.226382957709951006e+04,1.579415897862571136e-09
9.240324266952631760e+00,2.227058411337356301e+04,2.227058411337356301e+04,1.577767232054419981e-09
9.272012354766660636e+00,2.227735939968789171e+04,2.227735939968789171e+04,1.576131282479002321e-09
9.303700442580689511e+00,2.228409138239156164e+04,2.228409138239156164e+04,1.574507910896686087e-09
9.335388530394718387e+00,2.229076149096097288e+04,2.229076149096097288e+04,1.572896980937715109e-09
9.367076618208747263e+00,2.229737105377806074e+04,2.229737105377806074e+04,1.571298358078862560e-09
9.398764706022776139e+00,2.230393825105920041e+04,2.230393825105920041e+04,1.569711909605925138e-09
9.430452793836805014e+00,2.231051209080315675e+04,2.231051209080315675e+04,1.568137504592731086e-09
9.462140881650833890e+00,2.231703219258306854e+04,2.231703219258306854e+04,1.566575013869967477e-09
9.493828969464862766e+00,2.232349073324912024e+04,2.232349073324912024e+04,1.565024309971233562e-09
9.525517057278891642e+00,2.232988766359178408e+04,2.232988766359178408e+04,1.563485267171024280e-09
9.557205145092920517e+00,2.233627528379318392e+04,2.233627528379318392e+04,1.561957761379389640e-09
9.588893232906949393e+00,2.234264134087155981e+04,2.234264134087155981e+04,1.560441670159970977e-09
9.620581320720978269e+00,2.234895647540093705e+04,2.234895647540093705e+04,1.558936872711722742e-09
9.652269408535007145e+00,2.235520636722451309e+04,2.235520636722451309e+04,1.557443249800833885e-09
9.683957496349036020e+00,2.236140179837567848e+04,2.236140179837567848e+04,1.555960683794393897e-09
9.715645584163064896e+00,2.236759815324251394e+04,2.236759815324251394e+04,1.554489058563879239e-09
9.747333671977095548e+00,2.237376590771994597e+04,2.237376590771994597e+04,1.553028259535470325e-09
9.779021759791124424e+00,2.237988169519271469e+04,2.237988169519271469e+04,1.551578173616297823e-09
9.810709847605153300e+00,2.238593090433314501e+04,2.238593090433314501e+04,1.550138689173576404e-09
9.842397935419182176e+00,2.239193181847929736e+04,2.239193181847929736e+04,1.548709696046478297e-09
9.874086023233211051e+00,2.239792595445891129e+04,2.239792595445891129e+04,1.547291085490581914e-09
9.905774111047239927e+00,2.240389850784088776e+04,2.240389850784088776e+04,1.545882750168630372e-09
9.937462198861268803e+00,2.240981363220505227e+04,2.240981363220505227e+04,1.544484584130225665e-09
9.969150286675297679e+00,2.241567833857217192e+04,2.241567833857217192e+04,1.543096482770322802e-09
1.000083837448932655e+01,2.242148892426391831e+04,2.242148892426391831e+04,1.541718348753757714e-09
1.003252646230335543e+01,2.242727480799262048e+04,2.242727480799262048e+04,1.540350093606973327e-09
1.006421455011738431e+01,2.243305271018849817e+04,2.243305271018849817e+04,1.538991598577359331e-09
1.009590263793141318e+01,2.243878038397949422e+04,2.243878038397949422e+04,1.537642764288634071e-09
1.012759072574544206e+01,2.244445313176370473e+04,2.244445313176370473e+04,1.536303492632296120e-09
1.015927881355947093e+01,2.245007620776152180e+04,2.245007620776152180e+04,1.534973686726591774e-09
1.019096690137349981e+01,2.245565038512278261e+04,2.245565038512278261e+04,1.533653250925116290e-09
1.022265498918752868e+01,2.246123616418147139e+04,2.246123616418147139e+04,1.532342090786634606e-09
1.025434307700155756e+01,2.246677142456095316e+04,2.246677142456095316e+04,1.531040113064483305e-09
1.028603116481558644e+01,2.247225906532585577e+04,2.247225906532585577e+04,1.529747253712395035e-09
1.031771925262961531e+01,2.247769215265062303e+04,2.247769215265062303e+04,1.528463402972132900e-09
1.034940734044364419e+01,2.248308534933445117e+04,2.248308534933445117e+04,1.527188462814069004e-09
1.038109542825767306e+01,2.248848763893013529e+04,2.248848763893013529e+04,1.525922344544548815e-09
1.041278351607170194e+01,2.249384215662427960e+04,2.249384215662427960e+04,1.524664960561029414e-09
1.044447160388573081e+01,2.249914019327931237e+04,2.249914019327931237e+04,1.523416224355298878e-09
1.047615969169975969e+01,2.250439062237123653e+04,2.250439062237123653e+04,1.522176078774729538e-09
1.050784777951379034e+01,2.250959252332484539e+04,2.250959252332484539e+04,1.520944427375962662e-09
1.053953586732781922e+01,2.251478076426072948e+04,2.251478076426072948e+04,1.519721171403622972e-09
1.057122395514184809e+01,2.251995270968959085e+04,2.251995270968959085e+04,1.518506228519251908e-09
1.060291204295587697e+01,2.252507383171663969e+04,2.252507383171663969e+04,1.517299517384885714e-09
1.063460013076990585e+01,2.253015091393652256e+04,2.253015091393652256e+04,1.516100987019835583e-09
1.066628821858393472e+01,2.253517691088531137e+04,2.253517691088531137e+04,1.514910549453235955e-09
1.069797630639796360e+01,2.254015788418191732e+04,2.254015788418191732e+04,1.513728106257040568e-09
1.072966439421199247e+01,2.254511980190453687e+04,2.254511980190453687e+04,1.512553579971476266e-09
1.076135248202602135e+01,2.255007117188689153e+04,2.255007117188689153e+04,1.511386904459402992e-09
1.079304056984005022e+01,2.255497647700839661e+04,2.255497647700839661e+04,1.510228037775412122e-09
1.082472865765407910e+01,2.255983493041099428e+04,2.255983493041099428e+04,1.509076861830114974e-09
1.085641674546810798e+01,2.256464370968848016e+04,2.256464370968848016e+04,1.507933302824215882e-09
1.088810483328213685e+01,2.256940952634630594e+04,2.256940952634630594e+04,1.506797301850936536e-09
1.091979292109616573e+01,2.257413664068853541e+04,2.257413664068853541e+04,1.505668817178085074e-09
1.095148100891019460e+01,2.257887034147882878e+04,2.257887034147882878e+04,1.504547733853506042e-09
1.098316909672422348e+01,2.258355580605820796e+04,2.258355580605820796e+04,1.503433981527572423e-09
1.101485718453825235e+01,2.258820258974785611e+04,2.258820258974785611e+04,1.502327529187712444e-09
1.104654527235228123e+01,2.259280109201710002e+04,2.259280109201710002e+04,1.501228293043316203e-09
1.107823336016631011e+01,2.259735117758175329e+04,2.259735117758175329e+04,1.500136182312777858e-09
1.110992144798033898e+01,2.260186222064804679e+04,2.260186222064804679e+04,1.499051147447547136e-09
1.114160953579436786e+01,2.260635634916756317e+04,2.260635634916756317e+04,1.497973151762123750e-09
1.117329762360839673e+01,2.261083000162863755e+04,2.261083000162863755e+04,1.496902083040216761e-09
1.120498571142242561e+01,2.261526382324528458e+04,2.261526382324528458e+04,1.495837885250013545e-09
1.123667379923645449e+01,2.261965770035941750e+04,2.261965770035941750e+04,1.494780544196045306e-09
1.126836188705048514e+01,2.262400183383468539e+04,2.262400183383468539e+04,1.493729938481593055e-09
1.130004997486451401e+01,2.262830577573124538e+04,2.262830577573124538e+04,1.492686017007705562e-09
1.133173806267854289e+01,2.263256879499828938e+04,2.263256879499828938e+04,1.491648764800558785e-09
1.136342615049257176e+01,2.263681450152613979e+04,2.263681450152613979e+04,1.490618062883520813e-09
1.139511423830660064e+01,2.264104543364611527e+04,2.264104543364611527e+04,1.489593875778837920e-09
1.142680232612062952e+01,2.264522537324231598e+04,2.264522537324231598e+04,1.488576165877205829e-09
1.145849041393465839e+01,2.264936885794509362e+04,2.264936885794509362e+04,1.487564827521867996e-09
1.149017850174868727e+01,2.265346748000041043e+04,2.265346748000041043e+04,1.486559850953107525e-09
1.152186658956271614e+01,2.265753205394351608e+04,2.265753205394351608e+04,1.485561155299694425e-09
1.155355467737674502e+01,2.266154770362502313e+04,2.266154770362502313e+04,1.484568664741635638e-09
1.158524276519077389e+01,2.266552028311905451e+04,2.266552028311905451e+04,1.483582386002617695e-09
1.161693085300480277e+01,2.266950345968369584e+04,2.266950345968369584e+04,1.482602194268331849e-09
1.164861894081883165e+01,2.267344549037145407e+04,2.267344549037145407e+04,1.481628081271554144e-09
1.168030702863286052e+01,2.267734604796741405e+04,2.267734604796741405e+04,1.480659976335574012e-09
1.171199511644688940e+01,2.268120101345081275e+04,2.268120101345081275e+04,1.479697812374034552e-09
1.174368320426091827e+01,2.268501964132074136e+04,2.268501964132074136e+04,1.478741580757060936e-09
1.177537129207494715e+01,2.268878735362151565e+04,2.268878735362151565e+04,1.477791167296312566e-09
1.180705937988897603e+01,2.269253065128777962e+04,2.269253065128777962e+04,1.476846592841890696e-09
1.183874746770300490e+01,2.269626941787740725e+04,2.269626941787740725e+04,1.475907740547155146e-09
1.187043555551703378e+01,2.269997435432904604e+04,2.269997435432904604e+04,1.474974606922100838e-09
1.190212364333106265e+01,2.270362906371700228e+04,2.270362906371700228e+04,1.474047113844487375e-09
1.193381173114509153e+01,2.270724717967959077e+04,2.270724717967959077e+04,1.473125226093810482e-09
1.196549981895912040e+01,2.271082365900003424e+04,2.271082365900003424e+04,1.472208894671758567e-09
1.199718790677314928e+01,2.271436323382570845e+04,2.271436323382570845e+04,1.471298061998572914e-09
1.202887599458717993e+01,2.271786215446901770e+04,2.271786215446901770e+04,1.470392698958926155e-09
1.206056408240120881e+01,2.272131610649238792e+04,2.272131610649238792e+04,1.469492734634720084e-09
1.209225217021523768e+01,2.272477058935076639e+04,2.272477058935076639e+04,1.468598150873664342e-09
1.212394025802926656e+01,2.272819209637268432e+04,2.272819209637268432e+04,1.467708872107087124e-09
1.215562834584329543e+01,2.273158178705712999e+04,2.273158178705712999e+04,1.466824882588563222e-09
1.218731643365732431e+01,2.273492810741141511e+04,2.273492810741141511e+04,1.465946110459116600e-09
1.221900452147135319e+01,2.273823087728879182e+04,2.273823087728879182e+04,1.465072534107859456e-09
1.225069260928538206e+01,2.274150049356010641e+04,2.274150049356010641e+04,1.464204093456503220e-09
1.228238069709941094e+01,2.274472622543001853e+04,2.274472622543001853e+04,1.463340753052352777e-09
1.231406878491343981e+01,2.274791849728687885e+04,2.274791849728687885e+04,1.462482472382438095e-09
1.234575687272746869e+01,2.275106713704767390e+04,2.275106713704767390e+04,1.461629194487048427e-09
1.237744496054149757e+01,2.275419936615508050e+04,2.275419936615508050e+04,1.460780905888136166e-09
1.240913304835552644e+01,2.275732006282391376e+04,2.275732006282391376e+04,1.459937520726190485e-09
1.244082113616955532e+01,2.276039556745405207e+04,2.276039556745405207e+04,1.459099059767739686e-09
1.247250922398358419e+01,2.276343650957516365e+04,2.276343650957516365e+04,1.458265417497925305e-09
1.250419731179761307e+01,2.276644274190382930e+04,2.276644274190382930e+04,1.457436606817905128e-09
1.253588539961164194e+01,2.276940326369479953e+04,2.276940326369479953e+04,1.456612553192306069e-09
1.256757348742567082e+01,2.277232874768727561e+04,2.277232874768727561e+04,1.455793226646311299e-09
1.259926157523969970e+01,2.277521904393347359e+04,2.277521904393347359e+04,1.454978605551856197e-09
1.263094966305372857e+01,2.277807400162877093e+04,2.277807400162877093e+04,1.454168611993606571e-09
1.266263775086775745e+01,2.278089261545624686e+04,2.278089261545624686e+04,1.453363264043226036e-09
1.269432583868178632e+01,2.278367141789009111e+04,2.278367141789009111e+04,1.452562476020658116e-09
1.272601392649581520e+01,2.278644429671531907e+04,2.278644429671531907e+04,1.451766224535340471e-09
1.275770201430984407e+01,2.278918297476686712e+04,2.278918297476686712e+04,1.450974493770132636e-09
1.278939010212387473e+01,2.279189196972015998e+04,2.279189196972015998e+04,1.450187208872123222e-09
1.282107818993790360e+01,2.279455533971901241e+04,2.279455533971901241e+04,1.449404370383386847e-09
1.285276627775193248e+01,2.279718696417426327e+04,2.279718696417426327e+04,1.448625927038247822e-09
1.288445436556596135e+01,2.279977233527930730e+04,2.279977233527930730e+04,1.447851825176593013e-09
1.291614245337999023e+01,2.280232660685729206e+04,2.280232660685729206e+04,1.447082074333823653e-09
1.294783054119401910e+01,2.280484353966236085e+04,2.280484353966236085e+04,1.446316604777331353e-09
1.297951862900804798e+01,2.280733181814408090e+04,2.280733181814408090e+04,1.445555375399616015e-09
1.301120671682207686e+01,2.280977449094745316e+04,2.280977449094745316e+04,1.444798396692154694e-09
1.304289480463610573e+01,2.281219058148727709e+04,2.281219058148727709e+04,1.444045596576978390e-09
1.307458289245013461e+01,2.281456737594365040e+04,2.281456737594365040e+04,1.443296938310101634e-09
1.310627098026416348e+01,2.281693805118272212e+04,2.281693805118272212e+04,1.442552425736848038e-09
1.313795906807819236e+01,2.281926999429910938e+04,2.281926999429910938e+04,1.441811999689211312e-09
1.316964715589222124e+01,2.282156595328782714e+04,2.282156595328782714e+04,1.441075620039775684e-09
1.320133524370625011e+01,2.282383226355445731e+04,2.282383226355445731e+04,1.440343276766968653e-09
1.323302333152027899e+01,2.282605244246469010e+04,2.282605244246469010e+04,1.439614938081162703e-09
1.326471141933430786e+01,2.282824091692349248e+04,2.282824091692349248e+04,1.438890553109110896e-09
1.329639950714833674e+01,2.283039607189668823e+04,2.283039607189668823e+04,1.438170091963977612e-09
1.332808759496236561e+01,2.283251044172412003e+04,2.283251044172412003e+04,1.437453561491899615e-09
1.335977568277639449e+01,2.283459537496287157e+04,2.283459537496287157e+04,1.436740895540829399e-09
1.339146377059042337e+01,2.283663754348046496e+04,2.283663754348046496e+04,1.436032064270530562e-09
1.342315185840445224e+01,2.283865102573328113e+04,2.283865102573328113e+04,1.435327044559491390e-09
1.345483994621848112e+01,2.284062262318606736e+04,2.284062262318606736e+04,1.434625829948067815e-09
1.348652803403250999e+01,2.284256671805085716e+04,2.284256671805085716e+04,1.433928363440253643e-09
1.351821612184653887e+01,2.284447339553436541e+04,2.284447339553436541e+04,1.433234617067759010e-09
1.354990420966056952e+01,2.284637283068852776e+04,2.284637283068852776e+04,1.432544563173395644e-09
1.358159229747459840e+01,2.284823215783777414e+04,2.284823215783777414e+04,1.431858203505626696e-09
1.361328038528862727e+01,2.285005108005105649e+04,2.285005108005105649e+04,1.431175481082679272e-09
1.364496847310265615e+01,2.285185029113363998e+04,2.285185029113363998e+04,1.430496368593618561e-09
1.367665656091668502e+01,2.285359900876993197e+04,2.285359900876993197e+04,1.429820839387858791e-09
1.370834464873071390e+01,2.285531864687814959e+04,2.285531864687814959e+04,1.429148874985263183e-09
1.374003273654474278e+01,2.285700404194150178e+04,2.285700404194150178e+04,1.428480458496378581e-09
1.377172082435877165e+01,2.285865231632314317e+04,2.285865231632314317e+04,1.427815545829871063e-09
1.380340891217280053e+01,2.286026465700073095e+04,2.286026465700073095e+04,1.427154111329697886e-09
1.383509699998682940e+01,2.286184770703666072e+04,2.286184770703666072e+04,1.426496129558417812e-09
1.386678508780085828e+01,2.286338686305607189e+04,2.286338686305607189e+04,1.425841575336721855e-09
1.389847317561488715e+01,2.286490274474347098e+04,2.286490274474347098e+04,1.425190442584394109e-09
1.393016126342891603e+01,2.286637609998073822e+04,2.286637609998073822e+04,1.424542688852510356e-09
1.396184935124294491e+01,2.286781883776802351e+04,2.286781883776802351e+04,1.423898287569088282e-09
1.399353743905697378e+01,2.286922082810745997e+04,2.286922082810745997e+04,1.423257214463743985e-09
1.402522552687100266e+01,2.287059951396379256e+04,2.287059951396379256e+04,1.422619445493124036e-09
1.405691361468503153e+01,2.287193703216626454e+04,2.287193703216626454e+04,1.421984956821206380e-09
1.408860170249906041e+01,2.287323152324925104e+04,2.287323152324925104e+04,1.421353729295440774e-09
1.412028979031308928e+01,2.287450549708210747e+04,2.287450549708210747e+04,1.420725746055468898e-09
1.415197787812711816e+01,2.287574591319349929e+04,2.287574591319349929e+04,1.420100972106052159e-09
1.418366596594114704e+01,2.287696989141101949e+04,2.287696989141101949e+04,1.419479384478465512e-09
1.421535405375517591e+01,2.287814846967641279e+04,2.287814846967641279e+04,1.418860960415553966e-09
1.424704214156920479e+01,2.287928347946024223e+04,2.287928347946024223e+04,1.418245677376515341e-09
1.427873022938323544e+01,2.288039610108626948e+04,2.288039610108626948e+04,1.417633513005467818e-09
1.431041831719726432e+01,2.288147519744413876e+04,2.288147519744413876e+04,1.417024445164613061e-09
1.434210640501129319e+01,2.288251160545273888e+04,2.288251160545273888e+04,1.416418451901044555e-09
1.437379449282532207e+01,2.288352354181038390e+04,2.288352354181038390e+04,1.415815511461640171e-09
1.440548258063935094e+01,2.288449329205062531e+04,2.288449329205062531e+04,1.415215609867589566e-09
1.443717066845337982e+01,2.288543220696231219e+04,2.288543220696231219e+04,1.414618718893636735e-09
1.446885875626740869e+01,2.288633396673752941e+04,2.288633396673752941e+04,1.414024815943630156e-09
1.450054684408143757e+01,2.288720182520381422e+04,2.288720182520381422e+04,1.413433880045530776e-09
1.453223493189546645e+01,2.288803568069123139e+04,2.288803568069123139e+04,1.412845890409430238e-09
1.456392301970949532e+01,2.288883424004423432e+04,2.288883424004423432e+04,1.412260826439390938e-09
1.459561110752352420e+01,2.288959819140824766e+04,2.288959819140824766e+04,1.411678667706230746e-09
1.462729919533755307e+01,2.289033267342729232e+04,2.289033267342729232e+04,1.411099393976015863e-09
1.465898728315158195e+01,2.289102633584867363e+04,2.289102633584867363e+04,1.410522985189480159e-09
1.469067537096561082e+01,2.289168940581111747e+04,2.289168940581111747e+04,1.409949421464748451e-09
1.472236345877963970e+01,2.289231182396267832e+04,2.289231182396267832e+04,1.409378683087975304e-09
1.475405154659366858e+01,2.289290258175100098e+04,2.289290258175100098e+04,1.408810750525234924e-09
1.478573963440769745e+01,2.289346576472452216e+04,2.289346576472452216e+04,1.408245604417489835e-09
1.481742772222172633e+01,2.289398332002769530e+04,2.289398332002769530e+04,1.407683225567003190e-09
1.484911581003575520e+01,2.289447338535130621e+04,2.289447338535130621e+04,1.407123594948036085e-09
1.488080389784978408e+01,2.289492987122000704e+04,2.289492987122000704e+04,1.406566693700356046e-09
1.491249198566381295e+01,2.289534584437035301e+04,2.289534584437035301e+04,1.406012503133201298e-09
1.494418007347784183e+01,2.289573760609975216e+04,2.289573760609975216e+04,1.405461004708815316e-09
1.497586816129187071e+01,2.289608134406570389e+04,2.289608134406570389e+04,1.404912180064127439e-09
1.500755624910589958e+01,2.289639754335998077e+04,2.289639754335998077e+04,1.404366010981457645e-09
1.503924433691993023e+01,2.289667805469873929e+04,2.289667805469873929e+04,1.403822479408940680e-09
1.507093242473395911e+01,2.289693091815101434e+04,2.289693091815101434e+04,1.403281567456817595e-09
1.510262051254798799e+01,2.289713411379198442e+04,2.289713411379198442e+04,1.402743257367908915e-09
1.513430860036201686e+01,2.289730941809197975e+04,2.289730941809197975e+04,1.402207531568984418e-09
1.516599668817604574e+01,2.289745892183317483e+04,2.289745892183317483e+04,1.401674372609162785e-09
1.519768477599007461e+01,2.289755767988997832e+04,2.289755767988997832e+04,1.401143763214479263e-09
1.522937286380410349e+01,2.289762809158777236e+04,2.289762809158777236e+04,1.400615686240644751e-09
1.526106095161813236e+01,2.289767199340391016e+04,2.289767199340391016e+04,1.400090124690565701e-09
1.529274903943216124e+01,2.289767571890919498e+04,2.289767571890919498e+04,1.399567061724910312e-09
1.532443712724619012e+01,2.289763896342988664e+04,2.289763896342988664e+04,1.399046485108257055e-09
1.535612521506021899e+01,2.289756343217999165e+04,2.289756343217999165e+04,1.398528377742991944e-09
1.538781330287424787e+01,2.289745841533082057e+04,2.289745841533082057e+04,1.398012719724387900e-09
1.541950139068827674e+01,2.289732567142961125e+04,2.289732567142961125e+04,1.397499494774445742e-09
1.545118947850230562e+01,2.289715135729787653e+04,2.289715135729787653e+04,1.396988686746121183e-09
1.548287756631633449e+01,2.289693515381922043e+04,2.289693515381922043e+04,1.396480279624455376e-09
1.551456565413036337e+01,2.289669292382124331e+04,2.289669292382124331e+04,1.395974257540432466e-09
1.554625374194439225e+01,2.289640589648500827e+04,2.289640589648500827e+04,1.395470604751173781e-09
1.557794182975842112e+01,2.289608986088326492e+04,2.289608986088326492e+04,1.394969305651724952e-09
1.560962991757245000e+01,2.289573379026618204e+04,2.289573379026618204e+04,1.394470344767166266e-09
1.564131800538647887e+01,2.289534539875775954e+04,2.289534539875775954e+04,1.393973718645378550e-09
1.567300609320050775e+01,2.289492382922141769e+04,2.289492382922141769e+04,1.393479401278215157e-09
1.570469418101453662e+01,2.289446156452751529e+04,2.289446156452751529e+04,1.392987376853327895e-09
1.573638226882856550e+01,2.289395900987788991e+04,2.289395900987788991e+04,1.392497630409867878e-09
1.576807035664259438e+01,2.289343191047645087e+04,2.289343191047645087e+04,1.392010147098799949e-09
1.579975844445662503e+01,2.289286396928378235e+04,2.289286396928378235e+04,1.391524912208761373e-09
1.583144653227065390e+01,2.289225576031183300e+04,2.289225576031183300e+04,1.391041913272982060e-09
1.586313462008468278e+01,2.289161160254434799e+04,2.289161160254434799e+04,1.390561147133533137e-09
1.589482270789871166e+01,2.289093579626316932e+04,2.289093579626316932e+04,1.390082586329694549e-09
1.592651079571274053e+01,2.289021393128348063e+04,2.289021393128348063e+04,1.389606216627083616e-09
1.595819888352676941e+01,2.288945983641994462e+04,2.288945983641994462e+04,1.389132023897332431e-09
1.598988697134079828e+01,2.288867325397093373e+04,2.288867325397093373e+04,1.388659994145404883e-09
1.602157505915482716e+01,2.288784696740631989e+04,2.288784696740631989e+04,1.388190123288617472e-09
1.605326314696885603e+01,2.288698076096619479e+04,2.288698076096619479e+04,1.387722395857886653e-09
1.608495123478288491e+01,2.288608122057004584e+04,2.288608122057004584e+04,1.387256790380624052e-09
1.611663932259691379e+01,2.288513924778182627e+04,2.288513924778182627e+04,1.386793293312547850e-09
1.614832741041094266e+01,2.288416663957369747e+04,2.288416663957369747e+04,1.386331891210758792e-09
1.618001549822497154e+01,2.288315097363400855e+04,2.288315097363400855e+04,1.385872584394635447e-09
1.621170358603900041e+01,2.288210080040815228e+04,2.288210080040815228e+04,1.385415352107445399e-09
1.624339167385302929e+01,2.288100466209461956e+04,2.288100466209461956e+04,1.384960175403380412e-09
1.627507976166705816e+01,2.287988122613832456e+04,2.287988122613832456e+04,1.384507041275025767e-09
1.630676784948108704e+01,2.287871329683235308e+04,2.287871329683235308e+04,1.384055943990143482e-09
1.633845593729511592e+01,2.287750685345301827e+04,2.287750685345301827e+04,1.383606877606507920e-09
1.637014402510914479e+01,2.287626435820390907e+04,2.287626435820390907e+04,1.383159815641627780e-09
1.640183211292317367e+01,2.287498551247760042e+04,2.287498551247760042e+04,1.382714745520710214e-09
1.643352020073720254e+01,2.287368227085893159e+04,2.287368227085893159e+04,1.382271662644326408e-09
1.646520828855123142e+01,2.287233034072927694e+04,2.287233034072927694e+04,1.381830561376185955e-09
1.649689637636526029e+01,2.287095346153267019e+04,2.287095346153267019e+04,1.381391414994867468e-09
1.652858446417928917e+01,2.286952809615860679e+04,2.286952809615860679e+04,1.380954211311364385e-09
1.656027255199331805e+01,2.286806297400678159e+04,2.286806297400678159e+04,1.380518953651892164e-09
1.659196063980734692e+01,2.286655963278734271e+04,2.286655963278734271e+04,1.380085622992582982e-09
1.662364872762137580e+01,2.286501773708186010e+04,2.286501773708186010e+04,1.379654199241313646e-09
1.665533681543540467e+01,2.286343694753543969e+04,2.286343694753543969e+04,1.379224675117920346e-09
1.668702490324943355e+01,2.286181692079882123e+04,2.286181692079882123e+04,1.378797054661816975e-09
1.671871299106346243e+01,2.286015730946944313e+04,2.286015730946944313e+04,1.378371306157893822e-09
1.675040107887749130e+01,2.285845776203143032e+04,2.285845776203143032e+04,1.377947418082024035e-09
1.678208916669152018e+01,2.285671792279454894e+04,2.285671792279454894e+04,1.377525402350040262e-09
1.681377725450554905e+01,2.285493743183206607e+04,2.285493743183206607e+04,1.377105226820870347e-09
1.684546534231957793e+01,2.285311592491746705e+04,2.285311592491746705e+04,1.376686877844702215e-09
1.687715343013360680e+01,2.285125303346007058e+04,2.285125303346007058e+04,1.376270365417023227e-09
1.690884151794763568e+01,2.284934838443945773e+04,2.284934838443945773e+04,1.375855662929779788e-09
1.694052960576166811e+01,2.284740160033873690e+04,2.284740160033873690e+04,1.375442753908785950e-09
1.697221769357569698e+01,2.284541229907657544e+04,2.284541229907657544e+04,1.375031650036123872e-09
1.700390578138972586e+01,2.284340561925824659e+04,2.284340561925824659e+04,1.374622322940900823e-09
1.703559386920375474e+01,2.284135456702957163e+04,2.284135456702957163e+04,1.374214756987690754e-09
1.706728195701778361e+01,2.283926001895218724e+04,2.283926001895218724e+04,1.373808969019292388e-09
1.709897004483181249e+01,2.283713380105161923e+04,2.283713380105161923e+04,1.373404921884849344e-09
1.713065813264584136e+01,2.283495565908588833e+04,2.283495565908588833e+04,1.373002611012338540e-09
1.716234622045987024e+01,2.283273927606793222e+04,2.283273927606793222e+04,1.372602041634987192e-09
1.719403430827389911e+01,2.283048305954546959e+04,2.283048305954546959e+04,1.372203181207747778e-09
1.722572239608792799e+01,2.282818186611921919e+04,2.282818186611921919e+04,1.371806036890915503e-09
1.725741048390195687e+01,2.282583528125550583e+04,2.282583528125550583e+04,1.371410593450818498e-09
1.728909857171598574e+01,2.282344288531084021e+04,2.282344288531084021e+04,1.371016829460404061e-09
1.732078665953001462e+01,2.282100796853355132e+04,2.282100796853355132e+04,1.370624763449639984e-09
1.735247474734404349e+01,2.281853717664370197e+04,2.281853717664370197e+04,1.370234356146723167e-09
1.738416283515807237e+01,2.281601934914237427e+04,2.281601934914237427e+04,1.369845614732342126e-09
1.741585092297210124e+01,2.281345775215970207e+04,2.281345775215970207e+04,1.369458526329161877e-09
1.744753901078613012e+01,2.281087286920566839e+04,2.281087286920566839e+04,1.369073071926141895e-09
1.747922709860015900e+01,2.280824031470751288e+04,2.280824031470751288e+04,1.368689264310836426e-09
1.751091518641418787e+01,2.280557122306332531e+04,2.280557122306332531e+04,1.368307067035561474e-09
1.754260327422821675e+01,2.280285650703247666e+04,2.280285650703247666e+04,1.367926496356679033e-09
1.757429136204224562e+01,2.280009283088205848e+04,2.280009283088205848e+04,1.367547523476188901e-09
1.760597944985627450e+01,2.279728708148530495e+04,2.279728708148530495e+04,1.367170149794942951e-09
1.763766753767030337e+01,2.279442847874407744e+04,2.279442847874407744e+04,1.366794364571120395e-09
1.766935562548433225e+01,2.279152821190477698e+04,2.279152821190477698e+04,1.366420152993182172e-09
1.770104371329836113e+01,2.278857712939298290e+04,2.278857712939298290e+04,1.366047519225611055e-09
1.773273180111239000e+01,2.278559097742998347e+04,2.278559097742998347e+04,1.365676435338359598e-09
1.776441988892641888e+01,2.278254507871506576e+04,2.278254507871506576e+04,1.365306917348616314e-09
1.779610797674044775e+01,2.277950152841864838e+04,2.277950152841864838e+04,1.364938927227972839e-09
1.782779606455447663e+01,2.277639066995770190e+04,2.277639066995770190e+04,1.364572489849184606e-09
1.785948415236850551e+01,2.277324362596094215e+04,2.277324362596094215e+04,1.364207562621556089e-09
1.789117224018253438e+01,2.277004371963983431e+04,2.277004371963983431e+04,1.363844168615186210e-09
1.792286032799656326e+01,2.276679797440378752e+04,2.276679797440378752e+04,1.363482269985768471e-09
1.795454841581059213e+01,2.276349482992809135e+04,2.276349482992809135e+04,1.363121886492542740e-09
1.798623650362462101e+01,2.276014615195027727e+04,2.276014615195027727e+04,1.362762982549075546e-09
1.801792459143864988e+01,2.275675911167520098e+04,2.275675911167520098e+04,1.362405577280878666e-09
1.804961267925267876e+01,2.275330040092784839e+04,2.275330040092784839e+04,1.362049634607142762e-09
1.808130076706670764e+01,2.274983216782095042e+04,2.274983216782095042e+04,1.361695175699372807e-09
1.811298885488073651e+01,2.274632716690105372e+04,2.274632716690105372e+04,1.361342161800552868e-09
1.814467694269476539e+01,2.274276763931034293e+04,2.274276763931034293e+04,1.360990617401537364e-09
1.817636503050879426e+01,2.273916068787355471e+04,2.273916068787355471e+04,1.360640503370614091e-09
1.820805311832282314e+01,2.273549255570370951e+04,2.273549255570370951e+04,1.360291838918805861e-09
1.823974120613685201e+01,2.273177934014812490e+04,2.273177934014812490e+04,1.359944593992675639e-09
1.827142929395088089e+01,2.272801732654955777e+04,2.272801732654955777e+04,1.359598777683917532e-09
1.830311738176490977e+01,2.272419645523511645e+04,2.272419645523511645e+04,1.359254371504590934e-09
1.833480546957893864e+01,2.272033524835124990e+04,2.272033524835124990e+04,1.358911371990815199e-09
1.836649355739296752e+01,2.271645099583477713e+04,2.271645099583477713e+04,1.358569774620920418e-09
1.839818164520699639e+01,2.271251859793411495e+04,2.271251859793411495e+04,1.358229560996148256e-09
1.842986973302102527e+01,2.270852156265769008e+04,2.270852156265769008e+04,1.357890742899586863e-09
1.846155782083505770e+01,2.270447618972224518e+04,2.270447618972224518e+04,1.357553289586007173e-09
1.849324590864908657e+01,2.270037705518756411e+04,2.270037705518756411e+04,1.357217216735701094e-09
1.852493399646311545e+01,2.269621841978881275e+04,2.269621841978881275e+04,1.356882499562299388e-09
1.855662208427714432e+01,2.269200962131843698e+04,2.269200962131843698e+04,1.356549137352401995e-09
1.858831017209117320e+01,2.268777439904190396e+04,2.268777439904190396e+04,1.356217127770629271e-09
1.861999825990520208e+01,2.268349216439867087e+04,2.268349216439867087e+04,1.355886448540044690e-09
1.865168634771923095e+01,2.267915128480308340e+04,2.267915128480308340e+04,1.355557116602839341e-09
1.868337443553325983e+01,2.267475823279363976e+04,2.267475823279363976e+04,1.355229103248035937e-09
1.871506252334728870e+01,2.267029123661686390e+04,2.267029123661686390e+04,1.354902409270039918e-09
1.874675061116131758e+01,2.266578226477259159e+04,2.266578226477259159e+04,1.354577034177410050e-09
1.877843869897534645e+01,2.266124429422100002e+04,2.266124429422100002e+04,1.354252956145210861e-09
1.881012678678937533e+01,2.265666025877232823e+04,2.265666025877232823e+04,1.353930185672909561e-09
1.884181487460340421e+01,2.265202189511114193e+04,2.265202189511114193e+04,1.353608705549837668e-09
1.887350296241743308e+01,2.264731096679125767e+04,2.264731096679125767e+04,1.353288503112050256e-09
1.890519105023146196e+01,2.264254424288166047e+04,2.264254424288166047e+04,1.352969593912041484e-09
1.893687913804549083e+01,2.263772104294834207e+04,2.263772104294834207e+04,1.352651949828604536e-09
1.896856722585951971e+01,2.263284036519099027e+04,2.263284036519099027e+04,1.352335567420294385e-09
1.900025531367354859e+01,2.262795362557032786e+04,2.262795362557032786e+04,1.352020455505820646e-09
1.903194340148757746e+01,2.262299158082404392e+04,2.262299158082404392e+04,1.351706589670396844e-09
1.906363148930160634e+01,2.261796146892751131e+04,2.261796146892751131e+04,1.351393967421602062e-09
1.909531957711563521e+01,2.261287366365297930e+04,2.261287366365297930e+04,1.351082595471292494e-09
1.912700766492966409e+01,2.260771619312012990e+04,2.260771619312012990e+04,1.350772451196329850e-09
1.915869575274369296e+01,2.260251367664353529e+04,2.260251367664353529e+04,1.350463530135201964e-09
1.919038384055772184e+01,2.259728985758942508e+04,2.259728985758942508e+04,1.350155842209168319e-09
1.922207192837175072e+01,2.259199781323790376e+04,2.259199781323790376e+04,1.349849363914897453e-09
1.925376001618577959e+01,2.258664773248498022e+04,2.258664773248498022e+04,1.349544089448463777e-09
1.928544810399980847e+01,2.258121673727563029e+04,2.258121673727563029e+04,1.349240027466015237e-09
1.931713619181383734e+01,2.257572205317742555e+04,2.257572205317742555e+04,1.348937160616463032e-09
1.934882427962786622e+01,2.257019629346951479e+04,2.257019629346951479e+04,1.348635480003301417e-09
1.938051236744189509e+01,2.256462372061276255e+04,2.256462372061276255e+04,1.348334986225120675e-09
1.941220045525592397e+01,2.255897843566566007e+04,2.255897843566566007e+04,1.348035677325655408e-09
1.944388854306995285e+01,2.255326811805353645e+04,2.255326811805353645e+04,1.347737537398248908e-09
1.947557663088398172e+01,2.254748132706224351e+04,2.254748132706224351e+04,1.347440560887437478e-09
1.950726471869801060e+01,2.254164037115831161e+04,2.254164037115831161e+04,1.347144753202322650e-09
1.953895280651203947e+01,2.253577810098081318e+04,2.253577810098081318e+04,1.346850101792161644e-09
1.957064089432606835e+01,2.252983964704284153e+04,2.252983964704284153e+04,1.346556596957313003e-09
1.960232898214009722e+01,2.252383634502750647e+04,2.252383634502750647e+04,1.346264233277182969e-09
1.963401706995412610e+01,2.251776297340585006e+04,2.251776297340585006e+04,1.345973016381100399e-09
1.966570515776815498e+01,2.251160801943740080e+04,2.251160801943740080e+04,1.345682932346961902e-09
1.969739324558218385e+01,2.250544822485889381e+04,2.250544822485889381e+04,1.345393973030299399e-09
1.972908133339621273e+01,2.249919853194601092e+04,2.249919853194601092e+04,1.345106133150976468e-09
1.976076942121024160e+01,2.249287608115463809e+04,2.249287608115463809e+04,1.344819414158024326e-09
1.979245750902427048e+01,2.248648275267193821e+04,2.248648275267193821e+04,1.344533809580062864e-09
1.982414559683829935e+01,2.248002525085836896e+04,2.248002525085836896e+04,1.344249308392143089e-09
1.985583368465232823e+01,2.247352925955278624e+04,2.247352925955278624e+04,1.343965905438341329e-09
1.988752177246635711e+01,2.246696018027250830e+04,2.246696018027250830e+04,1.343683595583448169e-09
1.991920986028038598e+01,2.246030027964398323e+04,2.246030027964398323e+04,1.343402382889190699e-09
1.995089794809441841e+01,2.245358989227124766e+04,2.245358989227124766e+04,1.343122254551192919e-09
1.998258603590844729e+01,2.244684460798558939e+04,2.244684460798558939e+04,1.342843203747447336e-09
2.001427412372247616e+01,2.244000268828886328e+04,2.244000268828886328e+04,1.342565225468964439e-09
2.004596221153650504e+01,2.243308637366709809e+04,2.243308637366709809e+04,1.342288314727717748e-09
2.007765029935053391e+01,2.242608047870772134e+04,2.242608047870772134e+04,1.342012471452630529e-09
2.010933838716456279e+01,2.241906417469379085e+04,2.241906417469379085e+04,1.341737690048224225e-09
2.014102647497859166e+01,2.241195288540779802e+04,2.241195288540779802e+04,1.341463961074396669e-09
2.017271456279262054e+01,2.240476907819409462e+04,2.240476907819409462e+04,1.341191279661393526e-09
2.020440265060664942e+01,2.239749208808894764e+04,2.239749208808894764e+04,1.340919640967676213e-09
2.023609073842067829e+01,2.239018132574428455e+04,2.239018132574428455e+04,1.340649040187089210e-09
2.026777882623470717e+01,2.238279776636024326e+04,2.238279776636024326e+04,1.340379474392464911e-09
2.029946691404873604e+01,2.237533561243163422e+04,2.237533561243163422e+04,1.340110942433392778e-09
2.033115500186276492e+01,2.236777649081804702e+04,2.236777649081804702e+04,1.339843433791505561e-09
2.036284308967679380e+01,2.236015311726233631e+04,2.236015311726233631e+04,1.339576943756607930e-09
2.039453117749082267e+01,2.235247822235305648e+04,2.235247822235305648e+04,1.339311467664385161e-09
2.042621926530485155e+01,2.234472120265767808e+04,2.234472120265767808e+04,1.339047000853667471e-09
2.045790735311888042e+01,2.233686311767259758e+04,2.233686311767259758e+04,1.338783538695902464e-09
2.048959544093290930e+01,2.232894378004979444e+04,2.232894378004979444e+04,1.338521076592551578e-09
2.052128352874693817e+01,2.232097008348715462e+04,2.232097008348715462e+04,1.338259610785040939e-09
2.055297161656096705e+01,2.231288838943271548e+04,2.231288838943271548e+04,1.337999140175007043e-09
2.058465970437499593e+01,2.230471318436506772e+04,2.230471318436506772e+04,1.337739655676791513e-09
2.061634779218902480e+01,2.229651201908794974e+04,2.229651201908794974e+04,1.337481152780370731e-09
2.064803588000305368e+01,2.228821504400348567e+04,2.228821504400348567e+04,1.337223627016388791e-09
2.067972396781708255e+01,2.227981350894890784e+04,2.227981350894890784e+04,1.336967073926960096e-09
2.071141205563111143e+01,2.227132988489497802e+04,2.227132988489497802e+04,1.336711489090940964e-09
2.074310014344514030e+01,2.226280630985268363e+04,2.226280630985268363e+04,1.336456868094126930e-09
2.077478823125916918e+01,2.225417147246722379e+04,2.225417147246722379e+04,1.336203206559033732e-09
2.080647631907319806e+01,2.224544100814635385e+04,2.224544100814635385e+04,1.335950500124157202e-09
2.083816440688722693e+01,2.223664502030730364e+04,2.223664502030730364e+04,1.335698744452642121e-09
2.086985249470125581e+01,2.222776539773369586e+04,2.222776539773369586e+04,1.335447935229003896e-09
2.090154058251528468e+01,2.221876870725552726e+04,2.221876870725552726e+04,1.335198068160083744e-09
2.093322867032931356e+01,2.220972217619695584e+04,2.220972217619695584e+04,1.334949138977092243e-09
2.096491675814334243e+01,2.220058300356037944e+04,2.220058300356037944e+04,1.334701143426495044e-09
2.099660484595737131e+01,2.219134741300718088e+04,2.219134741300718088e+04,1.334454077279330645e-09
2.102829293377140019e+01,2.218201038826342847e+04,2.218201038826342847e+04,1.334207936859697946e-09
2.105998102158542906e+01,2.217261224781277633e+04,2.217261224781277633e+04,1.333962717838505851e-09
2.109166910939945794e+01,2.216311054658580542e+04,2.216311054658580542e+04,1.333718415412419942e-09
2.112335719721348681e+01,2.215348574791484134e+04,2.215348574791484134e+04,1.333475025443871627e-09
2.115504528502751569e+01,2.214381665382444044e+04,2.214381665382444044e+04,1.333232543796601950e-09
2.118673337284154456e+01,2.213402644007026538e+04,2.213402644007026538e+04,1.332990966382398325e-09
2.121842146065557344e+01,2.212411307897327424e+04,2.212411307897327424e+04,1.332750289105626703e-09
2.125010954846960232e+01,2.211417091871969751e+04,2.211417091871969751e+04,1.332510507920312616e-09
2.128179763628363119e+01,2.210409022054037268e+04,2.210409022054037268e+04,1.332271618754486411e-09
2.131348572409766007e+01,2.209390239186978215e+04,2.209390239186978215e+04,1.332033617725666902e-09
2.134517381191168894e+01,2.208365538691489201e+04,2.208365538691489201e+04,1.331796501842984681e-09
2.137686189972571782e+01,2.207328022410592894e+04,2.207328022410592894e+04,1.331560266204240909e-09
2.140854998753974670e+01,2.206276614712060837e+04,2.206276614712060837e+04,1.331324906826951573e-09
2.144023807535377557e+01,2.205223150282310962e+04,2.205223150282310962e+04,1.331090419763178409e-09
2.147192616316780800e+01,2.204154447762962081e+04,2.204154447762962081e+04,1.330856801074624979e-09
2.150361425098183688e+01,2.203072898726202038e+04,2.203072898726202038e+04,1.330624046841226732e-09
2.153530233879586575e+01,2.201986174311312425e+04,2.201986174311312425e+04,1.330392153153934682e-09
2.156699042660989463e+01,2.200884817038102847e+04,2.200884817038102847e+04,1.330161116127817948e-09
2.159867851442392350e+01,2.199774557703479513e+04,2.199774557703479513e+04,1.329930931898942386e-09
2.163036660223795238e+01,2.198654099458156998e+04,2.198654099458156998e+04,1.329701596604165259e-09
2.166205469005198125e+01,2.197517263611774251e+04,2.197517263611774251e+04,1.329473106410304727e-09
2.169374277786601013e+01,2.196376509045605781e+04,2.196376509045605781e+04,1.329245457495732798e-09
2.172543086568003901e+01,2.195221378343782271e+04,2.195221378343782271e+04,1.329018646053826952e-09
2.175711895349406788e+01,2.194051827920719734e+04,2.194051827920719734e+04,1.328792668294230350e-09
2.178880704130809676e+01,2.192876262212047368e+04,2.192876262212047368e+04,1.328567520432846253e-09
2.182049512912212563e+01,2.191682814715658242e+04,2.191682814715658242e+04,1.328343201494474835e-09
2.185218321693615451e+01,2.190481172428770151e+04,2.190481172428770151e+04,1.328119707042436721e-09
2.188387130475018338e+01,2.189267138551889730e+04,2.189267138551889730e+04,1.327897031448372717e-09
2.191555939256421226e+01,2.188037702059889853e+04,2.188037702059889853e+04,1.327675170997502788e-09
2.194724748037824114e+01,2.186802290741445540e+04,2.186802290741445540e+04,1.327454121983972383e-09
2.197893556819227001e+01,2.185548091301996101e+04,2.185548091301996101e+04,1.327233880712439797e-09
2.201062365600629889e+01,2.184285569503819352e+04,2.184285569503819352e+04,1.327014443513361226e-09
2.204231174382032776e+01,2.183008613135429187e+04,2.183008613135429187e+04,1.326795806714312211e-09
2.207399983163435664e+01,2.181716272264376676e+04,2.181716272264376676e+04,1.326577970830127896e-09
2.210568791944838551e+01,2.180414642910186740e+04,2.180414642910186740e+04,1.326360930431402364e-09
2.213737600726241439e+01,2.179093610424742292e+04,2.179093610424742292e+04,1.326144679703523265e-09
2.216906409507644327e+01,2.177766204991388804e+04,2.177766204991388804e+04,1.325929215028269217e-09
2.220075218289047214e+01,2.176420674329794929e+04,2.176420674329794929e+04,1.325714532807491822e-09
2.223244027070450102e+01,2.175066518902818279e+04,2.175066518902818279e+04,1.325500629455985373e-09
2.226412835851852989e+01,2.173691417529562023e+04,2.173691417529562023e+04,1.325287505428303401e-09
2.229581644633255877e+01,2.172307697732792076e+04,2.172307697732792076e+04,1.325075156834289516e-09
2.232750453414658764e+01,2.170906899552270625e+04,2.170906899552270625e+04,1.324863576586198250e-09
2.235919262196061652e+01,2.169491550798689423e+04,2.169491550798689423e+04,1.324652761152168152e-09
2.239088070977464540e+01,2.168061462973152447e+04,2.168061462973152447e+04,1.324442706994598171e-09
2.242256879758867427e+01,2.166617323263949220e+04,2.166617323263949220e+04,1.324233413718569328e-09
2.245425688540270315e+01,2.165156848276895107e+04,2.165156848276895107e+04,1.324024880315085884e-09
2.248594497321673202e+01,2.163681194456183948e+04,2.163681194456183948e+04,1.323817097848141739e-09
2.251763306103076090e+01,2.162190589944814565e+04,2.162190589944814565e+04,1.323610062835766426e-09
2.254932114884478978e+01,2.160683707264373152e+04,2.160683707264373152e+04,1.323403771814045591e-09
2.258100923665881865e+01,2.159162098802328546e+04,2.159162098802328546e+04,1.323198229047655499e-09
2.261269732447284753e+01,2.157622638811432626e+04,2.157622638811432626e+04,1.322993425322978103e-09
2.264438541228687640e+01,2.156067527796690047e+04,2.156067527796690047e+04,1.322789355430252681e-09
2.267607350010090528e+01,2.154496426028337737e+04,2.154496426028337737e+04,1.322586015950664834e-09
2.270776158791493415e+01,2.152906761891015412e+04,2.152906761891015412e+04,1.322383410643335202e-09
2.273944967572896303e+01,2.151302293486289636e+04,2.151302293486289636e+04,1.322181532208069175e-09
2.277113776354299191e+01,2.149676406159844555e+04,2.149676406159844555e+04,1.321980374176129490e-09
2.280282585135702078e+01,2.148039434637676459e+04,2.148039434637676459e+04,1.321779933196242077e-09
2.283451393917104966e+01,2.146378099428129281e+04,2.146378099428129281e+04,1.321580215979213231e-09
2.286620202698507853e+01,2.144705284034610668e+04,2.144705284034610668e+04,1.321381210186746005e-09
2.289789011479910741e+01,2.143007581808793839e+04,2.143007581808793839e+04,1.321182911599644798e-09
2.292916369895867135e+01,2.141320859990518875e+04,2.141320859990518875e+04,1.320987901933588612e-09
2.295987318511661712e+01,1.849070832729247923e+04,2.139642252702957558e+04,1.320797080190691444e-09
2.299004988815828909e+01,1.848940785945568496e+04,2.137976836210856709e+04,1.320610205311904617e-09
2.301973272372800849e+01,1.848870637561998228e+04,2.136322300895735680e+04,1.320427011206847701e-09
2.304896559819856705e+01,1.848849933979827256e+04,2.134674383230809326e+04,1.320247188304246615e-09
2.307779676210787656e+01,1.848883591329082265e+04,2.133036569928704557e+04,1.320070413485581253e-09
2.310627721028378900e+01,1.849043537859964636e+04,2.131396392948135690e+04,1.319896351034999026e-09
2.313436603004332071e+01,2.129770302236983480e+04,2.129770302236983480e+04,1.319725224156835031e-09
2.316197879703089413e+01,1.846423779257600472e+04,2.128152752579615480e+04,1.319557522473659072e-09
2.318918853247407696e+01,1.846238441368819258e+04,2.126545407495514155e+04,1.319392775793541231e-09
2.321607470455431255e+01,1.846123576597638748e+04,2.124938154109139577e+04,1.319230475986163640e-09
2.324271835867967795e+01,1.846064267184621349e+04,2.123336499094392639e+04,1.319070127500968706e-09
2.326906030364328615e+01,1.846047778275069140e+04,2.121734195768928475e+04,1.318912057925846499e-09
2.329496156237347648e+01,1.846064052498440287e+04,2.120145780250629468e+04,1.318757087053493908e-09
2.332055324322794121e+01,1.846110263962796307e+04,2.118563020219398459e+04,1.318604410062212849e-09
2.334596183590717544e+01,1.846204818680806056e+04,2.116977272343224104e+04,1.318453252030914864e-09
2.337116186537035389e+01,1.846469392945613799e+04,2.115391097807991173e+04,1.318303757033536646e-09
2.342041171653903930e+01,1.843308171373685036e+04,2.112250963968771612e+04,1.318012804538336299e-09
2.346891391833206342e+01,1.842991070120647055e+04,2.109106632706091841e+04,1.320073138513291845e-09
2.351626531174093060e+01,1.842883007496297796e+04,2.105986857614516339e+04,1.340318650236689629e-09
2.356281984059654278e+01,1.842887148884344424e+04,2.102871890450986029e+04,1.363925554001151507e-09
2.360869455750621171e+01,1.842929735717018411e+04,2.099753642921183928e+04,1.373551807964185134e-09
2.365344492497068174e+01,1.843047812406954836e+04,2.096664826910848933e+04,1.402698502109316624e-09
2.369764268446341049e+01,1.840086837820638902e+04,2.093571677296062626e+04,1.421986012429928433e-09
2.374117349771509566e+01,1.839833739854525993e+04,2.090478801197674329e+04,1.431267794809031667e-09
2.378387382446400622e+01,1.839747820186695753e+04,2.087406216162641067e+04,1.456712536768188153e-09
2.382579170374071609e+01,1.839747025350730109e+04,2.084348752052911004e+04,1.479123539889783981e-09
2.386742983533779494e+01,1.839749747787312663e+04,2.081273734786863497e+04,1.494225850463807861e-09
2.390832843480909276e+01,1.839596642230249927e+04,2.078216165358941362e+04,1.503456215173576293e-09
2.394879362955985869e+01,1.837153428216455359e+04,2.075152146805731172e+04,1.524240636869346642e-09
2.398837746823928185e+01,1.836818517257037092e+04,2.072123558774678531e+04,1.548194288859387304e-09
2.402739373957391322e+01,1.836666909953497452e+04,2.069105100842733373e+04,1.567675121101297394e-09
2.406607531222456586e+01,1.836627073591934459e+04,2.066082108185207471e+04,1.583737412822282341e-09
2.410433565192951733e+01,1.836631720905504699e+04,2.063061740280558661e+04,1.597041344285553551e-09
2.414199458593681058e+01,1.836598073663002651e+04,2.060063227094722970e+04,1.608501592217295298e-09
2.417919110511081726e+01,1.836287552943585615e+04,2.057075222971618132e+04,1.618771753985812303e-09
2.421602571997318520e+01,1.834092034133862035e+04,2.054093966272856051e+04,1.636745690578872356e-09
2.425257209115636670e+01,1.833749426380440491e+04,2.051111185409407335e+04,1.658810820689099473e-09
2.428852033771132568e+01,1.833582718252192353e+04,2.048159891242362937e+04,1.678802209023279975e-09
2.432396022500969224e+01,1.833526385902425682e+04,2.045229242112000065e+04,1.697406313680833719e-09
2.435895108725153335e+01,1.833524374648025696e+04,2.042321720290101075e+04,1.715065665400797934e-09
2.439353156554416913e+01,1.833511852819275737e+04,2.039433974060279797e+04,1.732066017847723867e-09
2.442772736158570979e+01,1.833378237296953012e+04,2.036566689597460572e+04,1.748585056822234276e-09
2.446155672722444052e+01,1.832439428268342454e+04,2.033717021612549797e+04,1.764718467025177783e-09
2.449503473942061049e+01,1.830891740692242820e+04,2.030889213931743870e+04,1.780494202532105543e-09
2.452817689377759791e+01,1.830613364435184849e+04,2.028082861734596372e+04,1.795881689269364897e-09
2.456100222563421553e+01,1.830475368514514776e+04,2.025295447025273461e+04,1.810800931065780446e-09
2.459353592958275669e+01,1.830428329643706093e+04,2.022533319566916543e+04,1.825135528400359366e-09
2.462581127666878800e+01,1.830426489576651147e+04,2.019787806308796644e+04,1.838752463690477969e-09
2.465787052460126816e+01,1.830413545529160547e+04,2.017057669894818537e+04,1.851529457412644380e-09
2.468967673574729460e+01,1.830298511641277582e+04,2.014349349484217964e+04,1.863126268092906650e-09
2.472101806823988568e+01,1.829718912716210980e+04,2.011690760483049235e+04,1.872482286581213514e-09
2.475192853612404420e+01,1.827967234821679085e+04,2.009071815526850696e+04,1.881659219345555103e-09
2.478246252260604265e+01,1.827656110911811993e+04,2.006487471426400225e+04,1.904794091897498782e-09
2.481270730490025400e+01,1.827478591239963498e+04,2.003929370281442971e+04,1.927336964885059231e-09
2.484278077201268786e+01,1.827382642223139919e+04,2.001396504187936443e+04,1.948561925743949217e-09
2.487282313485893326e+01,1.827328744577193720e+04,1.998868113001897655e+04,1.967926339551574304e-09
2.490255287282707997e+01,1.827259747241633158e+04,1.996372158729204602e+04,1.985100331843205444e-09
2.493190081630879718e+01,1.827057064497235842e+04,1.993926340403734866e+04,1.999066708473449171e-09
2.496103974711497031e+01,1.826228790419673533e+04,1.991505920887315006e+04,2.008932938863463636e-09
2.499018592744253553e+01,1.825181842399569723e+04,1.989091470205041333e+04,2.014557236140287817e-09
2.501872712891941930e+01,1.824889225366945175e+04,1.986732600717826062e+04,2.012976434690075848e-09
2.504687577314315305e+01,1.824727724253214910e+04,1.984416987130195048e+04,2.042717245019290456e-09
2.507489412028499487e+01,1.824651648521024254e+04,1.982132976130799943e+04,2.068652260410089288e-09
2.510309651541202669e+01,1.824631896489773862e+04,1.979835563876957895e+04,2.089126387095861564e-09
2.513084070593442831e+01,1.824632977092438159e+04,1.977588086778765137e+04,2.103403221889267148e-09
2.515842281419466175e+01,1.824608369310481794e+04,1.975354782907788831e+04,2.109840852605937898e-09
2.518577470808943986e+01,1.824482265812112746e+04,1.973166234083017116e+04,2.106886203647463643e-09
2.521259355368479760e+01,1.824008929272240130e+04,1.971025845972784009e+04,2.126636559520207936e-09
2.523928802915473568e+01,1.822333100701548028e+04,1.968895108085073662e+04,2.156321522872194842e-09
2.526620226207043984e+01,1.821951396758002011e+04,1.966763929823210128e+04,2.176991734734981590e-09
2.529271433581247308e+01,1.821731361994509643e+04,1.964679255409168400e+04,2.187356156635735721e-09
2.531930833532876335e+01,1.821609749318157264e+04,1.962587238355767477e+04,2.186247657480540505e-09
2.534517773561551124e+01,1.821558103031939754e+04,1.960560617977532456e+04,2.191379839259050119e-09
2.537084254552986451e+01,1.821548629019132204e+04,1.958565868967731149e+04,2.226000237317898503e-09
2.539684881100398428e+01,1.821548668078814808e+04,1.956549609056032568e+04,2.248216806023510744e-09
2.542245692213838737e+01,1.821516016478432357e+04,1.954563005048988998e+04,2.256619236862721832e-09
2.544798879551471060e+01,1.821377728180102349e+04,1.952607166966192381e+04,2.248870822916956729e-09
2.548560959200123222e+01,1.820206141110140015e+04,1.949725693246837182e+04,2.287232163882668621e-09
2.552279517209046134e+01,1.818914381851394137e+04,1.946890955916689200e+04,2.316474058520312702e-09
2.555975556447617336e+01,1.818610217819537138e+04,1.944088245531352732e+04,2.338217754912166493e-09
2.559620146799224116e+01,1.818488983250420642e+04,1.941337223310396075e+04,2.353565974888407266e-09
2.563249913044881367e+01,1.818469513130289488e+04,1.938608127648020309e+04,2.363461451348260632e-09
2.566858325875629987e+01,1.818458332292205523e+04,1.935906749673598824e+04,2.368605521133745795e-09
2.570427605134215554e+01,1.818303194344038275e+04,1.933252667634228419e+04,2.379487193369508762e-09
2.573976310718249039e+01,1.817323247503448874e+04,1.930627507613384660e+04,2.416367878085272993e-09
2.577463476903442086e+01,1.815902243250749598e+04,1.928064923662625006e+04,2.446967247479729391e-09
2.580913002542709833e+01,1.815574238323069221e+04,1.925542726990115625e+04,2.473646391865774818e-09
2.584339727848416857e+01,1.815429740224431953e+04,1.923046564703566764e+04,2.497523111710038622e-09
2.587755096642010599e+01,1.815393080477941112e+04,1.920569411234067229e+04,2.519100858171845049e-09
2.591129172167203976e+01,1.815392262651330384e+04,1.918130052408938354e+04,2.538451497772825423e-09
2.594466475215439161e+01,1.815318162083707648e+04,1.915747276276765479e+04,2.556358044315356181e-09
2.597775138814902718e+01,1.814902464123209211e+04,1.913392834831238360e+04,2.573331311341737503e-09
2.601060329518584169e+01,1.813122521683060768e+04,1.911072488930337204e+04,2.589671255272794363e-09
2.604325555611663745e+01,1.812648881815835921e+04,1.908771301685943763e+04,2.605566694999785750e-09
2.607573302825134931e+01,1.812424657542504428e+04,1.906493862184674435e+04,2.621143127820576361e-09
2.610805388534253879e+01,1.812333013242409288e+04,1.904257103692731107e+04,2.636488001900382570e-09
2.614014452650582854e+01,1.812320213102461275e+04,1.902040830036338957e+04,2.651974633328554562e-09
2.617191798993866314e+01,1.812310368797883348e+04,1.899850806931338957e+04,2.668115369342592767e-09
2.620340880671535544e+01,1.812190085330227521e+04,1.897697235777238166e+04,2.684979143324403170e-09
2.623464138355037889e+01,1.811591077227442656e+04,1.895576917830995808e+04,2.702591210674057988e-09
2.626563476612012593e+01,1.809948060005491061e+04,1.893470655980045558e+04,2.720940744385181285e-09
2.629640582648043434e+01,1.809539404603062212e+04,1.891386831571275252e+04,2.739982254028035585e-09
2.632697140313205253e+01,1.809342221727890501e+04,1.889336610948882299e+04,2.759636211147422829e-09
2.635734970849273751e+01,1.809260502442993675e+04,1.887297768428049312e+04,2.779791626459029631e-09
2.638756110634523111e+01,1.809249214814246079e+04,1.885262382691523453e+04,2.800312236159192660e-09
2.641762827372687994e+01,1.809240664834191193e+04,1.883257988591092726e+04,2.821046837039611039e-09
2.644747394140360086e+01,1.809135343545270371e+04,1.881261974661743079e+04,2.842166241856718264e-09
2.647704490818529877e+01,1.808647787958331901e+04,1.879272986357206901e+04,2.863632814620774285e-09
2.650635206812080114e+01,1.806984287020303964e+04,1.877321238786418689e+04,2.885096709381074432e-09
2.653542260512896434e+01,1.806531220108926937e+04,1.875371320483368618e+04,2.906114914257267169e-09
2.656430175963108553e+01,1.806309253729636112e+04,1.873425589013672288e+04,2.926222849576495450e-09
2.659305145899249112e+01,1.806206057360772320e+04,1.871493910167380091e+04,2.945042637442698934e-09
2.662174496556789904e+01,1.806179630164927948e+04,1.869548098780889632e+04,2.962396451454921912e-09
2.665030645646580254e+01,1.806179822855759267e+04,1.867602261097612791e+04,2.978048654446793574e-09
2.667855541686496679e+01,1.806128154999232720e+04,1.865674161384315084e+04,2.991097091828578080e-09
2.670656841006723781e+01,1.805881338129541109e+04,1.863739297346000967e+04,3.000901095562578630e-09
2.673445350016943678e+01,1.804690693090805144e+04,1.861797322767724108e+04,3.007305642285990184e-09
2.676234037042428682e+01,1.803694678153907080e+04,1.859834527377958511e+04,3.010889046342792808e-09
2.678982216770677383e+01,1.803408560526853398e+04,1.857870662342937067e+04,3.008119203477868791e-09
2.681699441742092560e+01,1.803256750626016947e+04,1.855900045484478323e+04,3.029606784699828867e-09
2.684400826229977710e+01,1.803176734178972038e+04,1.853899308742559879e+04,3.065763284043615453e-09
2.687105030499776959e+01,1.803130639042678376e+04,1.851852145711408957e+04,3.097587754106715538e-09
2.689803147462945532e+01,1.803039846884818689e+04,1.849745536844119852e+04,3.125275373850948481e-09
2.692477084539113363e+01,1.802698935084487312e+04,1.847574052544437291e+04,3.148569871801174261e-09
2.695148238225204196e+01,1.801374809990990616e+04,1.845289960271304881e+04,3.166338688373564189e-09
2.697810197041479441e+01,1.800862720891737990e+04,1.842871851781064470e+04,3.178207276759112367e-09
2.700443321490199011e+01,1.800612469790078467e+04,1.840251256883694441e+04,3.182616042701276221e-09
2.703073038532286176e+01,1.800484709550203479e+04,1.837136929283149948e+04,3.179728205304311792e-09
2.705667441153806152e+01,1.800434812432482795e+04,1.832070338950513906e+04,3.166238522435826503e-09
2.708230664091805195e+01,1.800431585407613238e+04,1.800431585407613238e+04,3.201687557901339618e-09
2.710793023572800919e+01,1.800419707611871490e+04,1.800419707611871490e+04,3.241850766740660900e-09
2.713364970975210255e+01,1.800324070504986594e+04,1.800324070504986594e+04,3.273287096274595533e-09
2.715916500427636748e+01,1.799950910632395244e+04,1.799950910632395244e+04,3.296279052908169567e-09
2.718483521263829061e+01,1.798359265243872869e+04,1.798359265243872869e+04,3.309963483118146454e-09
2.721012541357106684e+01,1.797830874502494771e+04,1.797830874502494771e+04,3.312629061990756054e-09
2.723538947722599346e+01,1.797570281777899436e+04,1.797570281777899436e+04,3.304077152620415899e-09
2.726855500060149140e+01,1.797408403719751004e+04,1.797408403719751004e+04,3.350584110523506201e-09
2.730157628275533455e+01,1.797366278466774384e+04,1.797366278466774384e+04,3.384240654800847180e-09
2.733423375784448695e+01,1.797362719373576329e+04,1.797362719373576329e+04,3.405643845793117215e-09
2.736691668382503195e+01,1.797250025818376162e+04,1.797250025818376162e+04,3.415989224889518934e-09
2.739929942971228272e+01,1.796572819400019944e+04,1.796572819400019944e+04,3.416674431390008401e-09
2.743183765499662030e+01,1.794917708286744528e+04,1.794917708286744528e+04,3.405936133887596113e-09
2.746410543056707709e+01,1.794520662122256908e+04,1.794520662122256908e+04,3.426880451631485750e-09
2.749597417058360094e+01,1.794353862121915881e+04,1.794353862121915881e+04,3.475280217635353016e-09
2.752753219457658673e+01,1.794304254397813929e+04,1.794304254397813929e+04,3.513773110533707638e-09
2.755904698155487154e+01,1.794302954722567665e+04,1.794302954722567665e+04,3.544820945446259121e-09
2.759016893828779615e+01,1.794221333590568611e+04,1.794221333590568611e+04,3.567884615453202612e-09
2.762119964683814644e+01,1.793750556858810887e+04,1.793750556858810887e+04,3.584731837350604412e-09
2.765214453897841906e+01,1.792010911643255167e+04,1.792010911643255167e+04,3.595514110910675016e-09
2.768283160431622392e+01,1.791531038254692612e+04,1.791531038254692612e+04,3.601438183723001470e-09
2.771348315507766458e+01,1.791326456016879092e+04,1.791326456016879092e+04,3.602061076272449247e-09
2.774410193603428709e+01,1.791248735133288210e+04,1.791248735133288210e+04,3.597332038060279262e-09
2.777447236093933469e+01,1.791243957280898030e+04,1.791243957280898030e+04,3.603596361855377449e-09
2.780478493494428704e+01,1.791206451308306714e+04,1.791206451308306714e+04,3.647841721696217701e-09
2.783472228019479999e+01,1.790956552546607054e+04,1.790956552546607054e+04,3.684672575561968981e-09
2.786441194864160309e+01,1.789399023714036593e+04,1.789399023714036593e+04,3.716616837701364256e-09
2.789398377302877918e+01,1.788617104574965197e+04,1.788617104574965197e+04,3.745277178727601796e-09
2.792354455985759998e+01,1.788335883422673578e+04,1.788335883422673578e+04,3.771318716430261376e-09
2.795281747642093961e+01,1.788212918782993074e+04,1.788212918782993074e+04,3.793766476227807690e-09
2.798187981701073568e+01,1.788182165175609771e+04,1.788182165175609771e+04,3.813709390447365360e-09
2.801081251900891189e+01,1.788178235895349644e+04,1.788178235895349644e+04,3.831746341716861710e-09
2.803967832245264447e+01,1.788082074258868306e+04,1.788082074258868306e+04,3.848064930036373082e-09
2.806853763446030214e+01,1.787581693189069119e+04,1.787581693189069119e+04,3.862539904307323993e-09
2.809716841165492340e+01,1.785893252607630711e+04,1.785893252607630711e+04,3.875842360351903617e-09
2.812559836457491258e+01,1.785424738295586576e+04,1.785424738295586576e+04,3.888446811678213604e-09
2.815387634415721507e+01,1.785221483141315912e+04,1.785221483141315912e+04,3.900525640315129331e-09
2.818203583357527364e+01,1.785135745943428265e+04,1.785135745943428265e+04,3.912135184271727081e-09
2.821010230646189854e+01,1.785124112887465162e+04,1.785124112887465162e+04,3.923260342887610818e-09
2.823809735222539885e+01,1.785106747216129224e+04,1.785106747216129224e+04,3.933828658121642895e-09
2.826604146718483435e+01,1.784955943448795369e+04,1.784955943448795369e+04,3.943707513206011945e-09
2.829392334050188396e+01,1.784177406225084633e+04,1.784177406225084633e+04,3.953014325757282108e-09
2.832160216496254179e+01,1.782723966217368798e+04,1.782723966217368798e+04,3.963273505204445862e-09
2.834910964702476122e+01,1.782381823775397061e+04,1.782381823775397061e+04,3.974437333260162476e-09
2.837646584643082548e+01,1.782218201015247178e+04,1.782218201015247178e+04,3.986474727802033425e-09
2.840368390899721618e+01,1.782135231958251461e+04,1.782135231958251461e+04,3.999368380735994119e-09
2.843077271572551723e+01,1.782084735594884478e+04,1.782084735594884478e+04,4.013109611279847892e-09
2.845773850206875721e+01,1.781937339771135885e+04,1.781937339771135885e+04,4.027692681089912740e-09
2.848458594864800730e+01,1.781186602283998582e+04,1.781186602283998582e+04,4.043108899326190430e-09
2.851131898614001514e+01,1.779971657124843114e+04,1.779971657124843114e+04,4.059340714527199428e-09
2.853794143333838207e+01,1.779623711688992989e+04,1.779623711688992989e+04,4.076356108991214794e-09
2.856445752076015765e+01,1.779462773774022207e+04,1.779462773774022207e+04,4.094103800660115904e-09
2.859087231098715520e+01,1.779396838653404484e+04,1.779396838653404484e+04,4.112509938979330716e-09
2.861719200120944251e+01,1.779391524733128972e+04,1.779391524733128972e+04,4.131477048955187110e-09
2.864342408117796168e+01,1.779367040357134829e+04,1.779367040357134829e+04,4.150885839545415865e-09
2.866957731704952295e+01,1.779205289338255898e+04,1.779205289338255898e+04,4.170600155596366222e-09
2.869566154438802386e+01,1.778416970091623807e+04,1.778416970091623807e+04,4.190474779960974549e-09
2.872168727770236529e+01,1.776956404149547598e+04,1.776956404149547598e+04,4.210365144752450478e-09
2.874766517358765938e+01,1.776587926042649997e+04,1.776587926042649997e+04,4.230137499508306125e-09
2.877355854611851527e+01,1.776418079995059816e+04,1.776418079995059816e+04,4.250143978380605265e-09
2.879930370848257581e+01,1.776344464553044963e+04,1.776344464553044963e+04,4.270914187654353950e-09
2.882490393858764222e+01,1.776334699904363879e+04,1.776334699904363879e+04,4.292214869274890983e-09
2.885037054717950156e+01,1.776319434057842955e+04,1.776319434057842955e+04,4.313707381434901418e-09
2.887572401283467016e+01,1.776195211274036410e+04,1.776195211274036410e+04,4.334981947715608035e-09
2.890099364554966499e+01,1.775633857403244474e+04,1.775633857403244474e+04,4.355622584698538302e-09
2.892621531711234084e+01,1.774030846709892649e+04,1.774030846709892649e+04,4.375288526528899474e-09
2.895142729804111426e+01,1.773590070943633327e+04,1.773590070943633327e+04,4.393784861577037455e-09
2.897665987972808566e+01,1.773392834339420733e+04,1.773392834339420733e+04,4.411105583304246409e-09
2.900171603857272729e+01,1.773300923693121149e+04,1.773300923693121149e+04,4.427647610106267905e-09
2.903266539472474506e+01,1.773278980111074634e+04,1.773278980111074634e+04,4.420645018995247053e-09
2.906371012832056522e+01,1.773251853228432446e+04,1.773251853228432446e+04,4.379537740250382834e-09
2.909492079461848135e+01,1.772994167433479015e+04,1.772994167433479015e+04,4.421857237681700580e-09
2.912563866886073782e+01,1.771242154322111310e+04,1.771242154322111310e+04,4.485280355773302280e-09
2.915601040420016687e+01,1.770564411505336466e+04,1.770564411505336466e+04,4.515913556455460050e-09
2.918628148930775268e+01,1.770324336246160965e+04,1.770324336246160965e+04,4.517623220772253991e-09
2.921666698764575543e+01,1.770232099866522913e+04,1.770232099866522913e+04,4.489399888029199955e-09
2.924742037886052870e+01,1.770224836166368186e+04,1.770224836166368186e+04,4.474943144062310236e-09
2.927754402166761238e+01,1.770167639894080639e+04,1.770167639894080639e+04,4.549508557705589304e-09
2.930740476726195354e+01,1.769785000318922539e+04,1.769785000318922539e+04,4.594817042892381466e-09
2.933725231186737403e+01,1.767970441037722412e+04,1.767970441037722412e+04,4.613651607318999711e-09
2.936693478040992389e+01,1.767444353707492701e+04,1.767444353707492701e+04,4.606635264747795554e-09
2.939665100908697681e+01,1.767244427673835526e+04,1.767244427673835526e+04,4.573944274271264783e-09
2.942666606019989928e+01,1.767172468280426983e+04,1.767172468280426983e+04,4.576647779943594498e-09
2.945612905465982578e+01,1.767169558016517840e+04,1.767169558016517840e+04,4.645300860901553436e-09
2.948538909048303580e+01,1.767091947359187907e+04,1.767091947359187907e+04,4.689025066966060382e-09
2.951455466069894129e+01,1.766613355829536886e+04,1.766613355829536886e+04,4.709885319273097660e-09
2.954356596066815399e+01,1.764824672735563581e+04,1.764824672735563581e+04,4.709102535572918552e-09
2.957266841431572146e+01,1.764362540600404463e+04,1.764362540600404463e+04,4.686033754946038538e-09
2.960192692133193759e+01,1.764180384959977891e+04,1.764180384959977891e+04,4.638371937984296027e-09
2.963103308164312111e+01,1.764117738620867749e+04,1.764117738620867749e+04,4.710073209253496463e-09
2.965979612699838697e+01,1.764115286537398788e+04,1.764115286537398788e+04,4.764327496075090711e-09
2.968831297061257501e+01,1.764031668282042665e+04,1.764031668282042665e+04,4.797743410270978692e-09
2.971690047628789344e+01,1.763530568679160933e+04,1.763530568679160933e+04,4.812684251776943685e-09
2.974529852519304995e+01,1.761756407870829935e+04,1.761756407870829935e+04,4.809348176096690098e-09
2.977374736700081570e+01,1.761307881868351615e+04,1.761307881868351615e+04,4.787502271117690828e-09
2.980232161469062646e+01,1.761128964890486168e+04,1.761128964890486168e+04,4.745235515581286308e-09
2.983091168771899859e+01,1.761065276300693949e+04,1.761065276300693949e+04,4.798430069222966845e-09
2.985905046422360698e+01,1.761062988334135662e+04,1.761062988334135662e+04,4.853106202377190143e-09
2.988708010801154558e+01,1.760986634587922163e+04,1.760986634587922163e+04,4.890937159441319972e-09
2.991494929281354231e+01,1.760543886244545138e+04,1.760543886244545138e+04,4.912614845285834359e-09
2.994275297720326279e+01,1.758794408448721151e+04,1.758794408448721151e+04,4.919513958905525861e-09
2.997058536406291296e+01,1.758354279122537264e+04,1.758354279122537264e+04,4.911369696707315419e-09
2.999836327490535837e+01,1.758172986305208906e+04,1.758172986305208906e+04,4.888795367348978538e-09
3.002632104949225678e+01,1.758083528332181595e+04,1.758083528332181595e+04,4.848349413236537883e-09
3.005423392955294659e+01,1.758024455990786009e+04,1.758024455990786009e+04,4.898412623263609603e-09
3.008176289764185540e+01,1.757787371858140614e+04,1.757787371858140614e+04,4.950720824897310383e-09
3.010924865058152022e+01,1.756326082245307771e+04,1.756326082245307771e+04,4.989732084004042673e-09
3.013649227660433638e+01,1.755686057388989502e+04,1.755686057388989502e+04,5.014680236432100905e-09
3.016378009186487930e+01,1.755455069281365650e+04,1.755455069281365650e+04,5.027882059996136123e-09
3.019091143925773224e+01,1.755357326434617426e+04,1.755357326434617426e+04,5.029544481540112782e-09
3.021814120574901352e+01,1.755341195978210817e+04,1.755341195978210817e+04,5.018860141786284517e-09
3.024526711779390098e+01,1.755317527985665947e+04,1.755317527985665947e+04,4.997424207576347812e-09
3.027255019039310824e+01,1.755121268806927765e+04,1.755121268806927765e+04,4.961674638894747612e-09
3.029978841683158919e+01,1.753809685279243422e+04,1.753809685279243422e+04,4.995681318329591002e-09
3.032676009316466903e+01,1.752719161714244183e+04,1.752719161714244183e+04,5.046878527058843646e-09
3.035359430218134591e+01,1.752442212539793400e+04,1.752442212539793400e+04,5.086336272535616459e-09
3.038034173687930561e+01,1.752321547849310446e+04,1.752321547849310446e+04,5.115471087150107618e-09
3.040694612174057454e+01,1.752288763038336765e+04,1.752288763038336765e+04,5.134735758531580008e-09
3.043356157056350852e+01,1.752281759728001634e+04,1.752281759728001634e+04,5.145186217346480083e-09
3.046005983836914410e+01,1.752163530283239743e+04,1.752163530283239743e+04,5.147159514182080345e-09
3.048662291742040154e+01,1.751499340138388288e+04,1.751499340138388288e+04,5.140061935502508260e-09
3.051311763075575456e+01,1.749835624430248208e+04,1.749835624430248208e+04,5.124828435460603665e-09
3.053962502865089235e+01,1.749459230596179623e+04,1.749459230596179623e+04,5.100789906124061124e-09
3.056620128122812119e+01,1.749300285074055137e+04,1.749300285074055137e+04,5.066666578755471929e-09
3.059270389662358980e+01,1.749240641986127230e+04,1.749240641986127230e+04,5.120214017920716675e-09
3.061902041867486091e+01,1.749238859662198593e+04,1.749238859662198593e+04,5.164440968553081179e-09
3.064519534886023777e+01,1.749177071265728227e+04,1.749177071265728227e+04,5.199627194994283126e-09
3.067131250912527918e+01,1.748838766859610041e+04,1.748838766859610041e+04,5.227552256619823975e-09
3.069731120584303952e+01,1.747084541911847191e+04,1.747084541911847191e+04,5.248192605954116619e-09
3.072328360822695359e+01,1.746511954529010836e+04,1.746511954529010836e+04,5.262593804394604722e-09
3.074921911056931378e+01,1.746298741094384604e+04,1.746298741094384604e+04,5.270815507158404907e-09
3.077507065797204433e+01,1.746205315143645566e+04,1.746205315143645566e+04,5.273305398809978311e-09
3.080095223241732683e+01,1.746188141339788854e+04,1.746188141339788854e+04,5.269743162703243671e-09
3.082680533229865105e+01,1.746170172150789949e+04,1.746170172150789949e+04,5.260426946421141103e-09
3.085259661382633567e+01,1.746011028820056526e+04,1.746011028820056526e+04,5.246062265733804366e-09
3.087844655674891214e+01,1.745068220842564551e+04,1.745068220842564551e+04,5.224973664586819242e-09
3.090428232383549201e+01,1.743637855366640360e+04,1.743637855366640360e+04,5.198167549361449753e-09
3.093009007330130800e+01,1.743324924574737452e+04,1.743324924574737452e+04,5.229851680295692798e-09
3.095576712677626219e+01,1.743187675663677874e+04,1.743187675663677874e+04,5.269806150855568248e-09
3.098133711551088965e+01,1.743138440311892191e+04,1.743138440311892191e+04,5.303374465853329855e-09
3.100682577308896626e+01,1.743137484078994748e+04,1.743137484078994748e+04,5.331523974844657379e-09
3.103224772697534917e+01,1.743068741169815621e+04,1.743068741169815621e+04,5.354860588326103453e-09
3.105764798938189841e+01,1.742710785163519540e+04,1.742710785163519540e+04,5.374027587268695648e-09
3.108294215834923335e+01,1.740953830092707358e+04,1.740953830092707358e+04,5.388722285384301209e-09
3.110822831813979761e+01,1.740406086453701937e+04,1.740406086453701937e+04,5.399754886148994648e-09
3.113345405889263873e+01,1.740199410477716810e+04,1.740199410477716810e+04,5.407148591501607861e-09
3.115865668837155766e+01,1.740106801476365945e+04,1.740106801476365945e+04,5.411108498699636796e-09
3.118381247552969526e+01,1.740088012395695478e+04,1.740088012395695478e+04,5.411879246207265531e-09
3.120895007128829945e+01,1.740074317597746995e+04,1.740074317597746995e+04,5.409466580398258514e-09
3.123406067844095801e+01,1.739936594645180230e+04,1.739936594645180230e+04,5.404037273710400448e-09
3.125916120444733792e+01,1.739177942957960840e+04,1.739177942957960840e+04,5.395488338778882061e-09
3.128422866304633843e+01,1.737649491912026861e+04,1.737649491912026861e+04,5.384219315953235279e-09
3.130928570168986624e+01,1.737334192260586497e+04,1.737334192260586497e+04,5.369995218742165247e-09
3.133431703456482254e+01,1.737187503703276525e+04,1.737187503703276525e+04,5.353176988704879538e-09
3.135938487331824831e+01,1.737110537701493377e+04,1.737110537701493377e+04,5.337702965478612242e-09
3.138439720902330521e+01,1.737058597421154627e+04,1.737058597421154627e+04,5.372025947454819910e-09
3.141425701360991241e+01,1.736774397090081766e+04,1.736774397090081766e+04,5.474141340161447926e-09
3.144376752205172210e+01,1.735122163630064460e+04,1.735122163630064460e+04,5.501527854661593984e-09
3.147338013785370237e+01,1.734606851270398329e+04,1.734606851270398329e+04,5.459334476243143878e-09
3.150341446980869975e+01,1.734425302712339180e+04,1.734425302712339180e+04,5.408236195232338115e-09
3.153306352533508417e+01,1.734370162707118652e+04,1.734370162707118652e+04,5.507409982158338822e-09
3.156237562213623349e+01,1.734363641486298002e+04,1.734363641486298002e+04,5.534873577168711475e-09
3.159180091968914539e+01,1.734210538644642293e+04,1.734210538644642293e+04,5.495450949513412219e-09
3.162163215505725233e+01,1.732903277384142712e+04,1.732903277384142712e+04,5.430244306759781779e-09
3.165114752922220731e+01,1.731691876001666242e+04,1.731691876001666242e+04,5.533752291806457312e-09
3.168026829035088099e+01,1.731433841035998921e+04,1.731433841035998921e+04,5.566921054375768863e-09
3.170944850595157050e+01,1.731333234495476427e+04,1.731333234495476427e+04,5.536692263602438954e-09
3.173902817284800548e+01,1.731323371021337516e+04,1.731323371021337516e+04,5.435582177945132142e-09
3.176852642915268632e+01,1.731262410200879458e+04,1.731262410200879458e+04,5.551460241674896823e-09
3.179752150023521651e+01,1.730818172193193095e+04,1.730818172193193095e+04,5.595814236398784626e-09
3.182646075502162120e+01,1.728910980560768803e+04,1.728910980560768803e+04,5.579337128915706965e-09
3.185567162290938015e+01,1.728478079796369275e+04,1.728478079796369275e+04,5.498882994346090712e-09
3.188515650759547881e+01,1.728317529597051544e+04,1.728317529597051544e+04,5.556214080264580506e-09
3.191410064323998697e+01,1.728272389317820489e+04,1.728272389317820489e+04,5.618227923153668048e-09
3.194289992251553301e+01,1.728263381495936119e+04,1.728263381495936119e+04,5.619702757500537535e-09
3.197186002456495402e+01,1.728095686413493604e+04,1.728095686413493604e+04,5.561107845329511384e-09
3.200110281743855012e+01,1.726642123895072291e+04,1.726642123895072291e+04,5.543221647552872931e-09
3.202999409146171672e+01,1.725581162339997172e+04,1.725581162339997172e+04,5.628672697053875682e-09
3.205861359908227115e+01,1.725334076702956372e+04,1.725334076702956372e+04,5.653732024701792188e-09
3.208730166677105444e+01,1.725236253737942752e+04,1.725236253737942752e+04,5.622770246281774022e-09
3.211634211448897247e+01,1.725226615368656348e+04,1.725226615368656348e+04,5.529290176462204371e-09
3.214543856729140003e+01,1.725170212273355355e+04,1.725170212273355355e+04,5.622995838336010184e-09
3.217404412626975585e+01,1.724761028428822465e+04,1.724761028428822465e+04,5.674541375004046727e-09
3.220254090110076817e+01,1.722845121403519806e+04,1.722845121403519806e+04,5.670794102033457771e-09
3.223117910320756607e+01,1.722394830410743089e+04,1.722394830410743089e+04,5.612034200760554731e-09
3.226008980731394615e+01,1.722228478852727130e+04,1.722228478852727130e+04,5.588625230218052682e-09
3.228871090593261073e+01,1.722176177241688492e+04,1.722176177241688492e+04,5.674378310957489396e-09
3.231703926695687557e+01,1.722171934843114650e+04,1.722171934843114650e+04,5.703672938265460446e-09
3.234537587879842846e+01,1.722039627514949461e+04,1.722039627514949461e+04,5.682157171115607075e-09
3.237395075683687651e+01,1.721023360704525840e+04,1.721023360704525840e+04,5.606592375039669622e-09
3.240274195342516350e+01,1.719537942045227101e+04,1.719537942045227101e+04,5.641889457116555420e-09
3.243116019648248738e+01,1.719260249191880575e+04,1.719260249191880575e+04,5.710040358587665011e-09
3.245939457514501925e+01,1.719148768789423775e+04,1.719148768789423775e+04,5.725459286810828451e-09
3.248771182474148134e+01,1.719129714864198831e+04,1.719129714864198831e+04,5.690767143367184953e-09
3.251633966417171706e+01,1.719098600444193653e+04,1.719098600444193653e+04,5.600278033179169560e-09
3.254508561931484678e+01,1.718818618917566346e+04,1.718818618917566346e+04,5.685237326521540917e-09
3.257335304491044781e+01,1.716957706066003084e+04,1.716957706066003084e+04,5.738892183708579917e-09
3.260149121774268366e+01,1.716429185142953429e+04,1.716429185142953429e+04,5.742529449204598271e-09
3.262973744366465922e+01,1.716242029982437816e+04,1.716242029982437816e+04,5.697442146764257200e-09
3.265830801954909646e+01,1.716151457631697122e+04,1.716151457631697122e+04,5.613880741780457509e-09
3.268681967115107057e+01,1.716088029581332739e+04,1.716088029581332739e+04,5.715541338052241189e-09
3.271493114203395436e+01,1.715753960155963796e+04,1.715753960155963796e+04,5.760796526335027663e-09
3.274294938381583364e+01,1.714085894424364596e+04,1.714085894424364596e+04,5.758869813295203185e-09
3.277108776551433778e+01,1.713637253535947821e+04,1.713637253535947821e+04,5.710291889345827603e-09
3.279952989917776307e+01,1.713470382165466071e+04,1.713470382165466071e+04,5.637034655746261336e-09
3.282789997134320004e+01,1.713414347873257793e+04,1.713414347873257793e+04,5.734233194484639412e-09
3.285590472987883714e+01,1.713412579889944027e+04,1.713412579889944027e+04,5.777842852241218629e-09
3.288382747172735066e+01,1.713300482459764680e+04,1.713300482459764680e+04,5.776194219842334688e-09
3.291186982572252617e+01,1.712495135831256994e+04,1.712495135831256994e+04,5.729698911287258964e-09
3.294022519541690031e+01,1.710819567196868957e+04,1.710819567196868957e+04,5.645246708569043039e-09
3.296856220437379648e+01,1.710516064201521658e+04,1.710516064201521658e+04,5.744781336702003043e-09
3.299651802064433070e+01,1.710394794736634867e+04,1.710394794736634867e+04,5.791138650369220240e-09
3.302437301731927022e+01,1.710367008632743818e+04,1.710367008632743818e+04,5.793198159344398448e-09
3.305232659685308505e+01,1.710351310062290577e+04,1.710351310062290577e+04,5.752040222354250394e-09
3.308055915726265539e+01,1.710154185516726284e+04,1.710154185516726284e+04,5.662514115407447198e-09
3.310892454184382672e+01,1.708387296422149666e+04,1.708387296422149666e+04,5.747788978965935381e-09
3.313684657124296962e+01,1.707646118482103338e+04,1.707646118482103338e+04,5.800121412761430288e-09
3.316461087325922819e+01,1.707422438422949563e+04,1.707422438422949563e+04,5.808954060534971799e-09
3.319241390802556424e+01,1.707331095600648041e+04,1.707331095600648041e+04,5.777134411993483650e-09
3.322041223930195031e+01,1.707322249677512445e+04,1.707322249677512445e+04,5.701940019281494319e-09
3.324853348198693936e+01,1.707277788152403446e+04,1.707277788152403446e+04,5.732721025468352916e-09
3.327636613206549043e+01,1.706950502888495612e+04,1.706950502888495612e+04,5.798192308576610726e-09
3.330398747524223779e+01,1.705033261376680821e+04,1.705033261376680821e+04,5.821661977582216484e-09
3.333159815906242329e+01,1.704525746610073111e+04,1.704525746610073111e+04,5.807512427365740155e-09
3.335935436826176925e+01,1.704344858027780356e+04,1.704344858027780356e+04,5.754700608382081477e-09
3.338736710854028900e+01,1.704275482294792891e+04,1.704275482294792891e+04,5.690969805852575579e-09
3.341542758179801353e+01,1.704274906738575737e+04,1.704274906738575737e+04,5.781115905940820594e-09
3.344318503852258573e+01,1.704198026586488049e+04,1.704198026586488049e+04,5.824470107286516432e-09
3.347085372927735847e+01,1.703681766575453003e+04,1.703681766575453003e+04,5.828021289136871420e-09
3.349856938991297994e+01,1.701795177719271669e+04,1.701795177719271669e+04,5.793468604501842617e-09
3.352645946038982316e+01,1.701419698477561542e+04,1.701419698477561542e+04,5.718445282154613902e-09
3.355444081208604956e+01,1.701272502267279924e+04,1.701272502267279924e+04,5.749119905938512491e-09
3.358215674622344693e+01,1.701225200027810934e+04,1.701225200027810934e+04,5.812965027598905225e-09
3.360966966830336844e+01,1.701223939408888691e+04,1.701223939408888691e+04,5.837710670838931523e-09
3.363717100110395819e+01,1.701111279839729104e+04,1.701111279839729104e+04,5.827628957481423617e-09
3.366481343492493750e+01,1.700307065705504283e+04,1.700307065705504283e+04,5.781882536912759333e-09
3.369275566089240215e+01,1.698628822773705178e+04,1.698628822773705178e+04,5.694574763959669566e-09
3.372084171964184662e+01,1.698330121068867447e+04,1.698330121068867447e+04,5.780476218662243388e-09
3.374849737094274360e+01,1.698209278904288294e+04,1.698209278904288294e+04,5.830399776922990175e-09
3.377596991766855439e+01,1.698178615630677450e+04,1.698178615630677450e+04,5.843392039843496612e-09
3.380343392597138319e+01,1.698169853151350617e+04,1.698169853151350617e+04,5.823231763925495967e-09
3.383102853143991950e+01,1.698013541772807730e+04,1.698013541772807730e+04,5.769005100551842177e-09
3.385883298190147173e+01,1.696731761523984460e+04,1.696731761523984460e+04,5.709463797786033535e-09
3.388677069080880244e+01,1.695500708256474536e+04,1.695500708256474536e+04,5.795206632320952962e-09
3.391442991040337773e+01,1.695254522762946726e+04,1.695254522762946726e+04,5.838299361011717198e-09
3.394191186148159289e+01,1.695151794038932712e+04,1.695151794038932712e+04,5.845423607381020880e-09
3.396938290689455187e+01,1.695133408595046421e+04,1.695133408595046421e+04,5.820242495590840846e-09
3.399697330207012413e+01,1.695113154444909014e+04,1.695113154444909014e+04,5.761942854422136234e-09
3.402471736767423494e+01,1.694903417831520710e+04,1.694903417831520710e+04,5.721531207476360463e-09
3.405254931001768171e+01,1.693096298709963594e+04,1.693096298709963594e+04,5.800842508632705409e-09
3.408017303512749407e+01,1.692468538415638614e+04,1.692468538415638614e+04,5.840688103547109942e-09
3.410764425317691462e+01,1.692268017316675832e+04,1.692268017316675832e+04,5.846072987636338987e-09
3.413509779295353042e+01,1.692169116845598182e+04,1.692169116845598182e+04,5.820336517070098550e-09
3.416266124392696923e+01,1.692118174304804052e+04,1.692118174304804052e+04,5.762849318490914519e-09
3.419037051513807768e+01,1.691950665238727379e+04,1.691950665238727379e+04,5.719040697439276658e-09
3.421821015894245477e+01,1.690428448984236456e+04,1.690428448984236456e+04,5.798245631977330672e-09
3.424582508524382973e+01,1.689735342715814477e+04,1.689735342715814477e+04,5.838670961657627138e-09
3.427325281201869700e+01,1.689522162001510151e+04,1.689522162001510151e+04,5.845737038050460786e-09
3.430065715189091691e+01,1.689432670998841786e+04,1.689432670998841786e+04,5.823310402226539372e-09
3.432816971863038447e+01,1.689422557543882067e+04,1.689422557543882067e+04,5.770880703951593208e-09
3.435586991541569546e+01,1.689391432454673486e+04,1.689391432454673486e+04,5.702951689231903575e-09
3.438382753692676630e+01,1.689128541172064797e+04,1.689128541172064797e+04,5.787823403229072634e-09
3.441138985628845859e+01,1.687228322911160649e+04,1.687228322911160649e+04,5.831603161905275316e-09
3.443876531239742889e+01,1.686655057193914763e+04,1.686655057193914763e+04,5.843631383887198347e-09
3.446612411850616553e+01,1.686462052147145369e+04,1.686462052147145369e+04,5.827719752748451655e-09
3.449361024643243923e+01,1.686381763869643328e+04,1.686381763869643328e+04,5.783180587374087250e-09
3.452137611105363391e+01,1.686377124358776200e+04,1.686377124358776200e+04,5.704753225526382966e-09
3.454928121041837130e+01,1.686333774494257523e+04,1.686333774494257523e+04,5.765719738066334106e-09
3.457683012867619254e+01,1.686020312492575249e+04,1.686020312492575249e+04,5.817167205273577933e-09
3.460421298568752491e+01,1.684083754922389562e+04,1.684083754922389562e+04,5.837717407491638300e-09
3.463160885719804583e+01,1.683583607697682237e+04,1.683583607697682237e+04,5.830807735618461015e-09
3.465917245021823589e+01,1.683404495496666277e+04,1.683404495496666277e+04,5.795250590045112530e-09
3.468686256361191766e+01,1.683332065111613338e+04,1.683332065111613338e+04,5.729305438718651212e-09
3.471456967360705193e+01,1.683331251207303649e+04,1.683331251207303649e+04,5.728049575423084431e-09
3.474226527152637090e+01,1.683278469895670059e+04,1.683278469895670059e+04,5.793097652840251872e-09
3.476982633235696341e+01,1.682914128521419480e+04,1.682914128521419480e+04,5.825826210068199598e-09
3.479728821913159464e+01,1.680961540860464811e+04,1.680961540860464811e+04,5.829539842917025778e-09
3.482470664715710740e+01,1.680516648761460237e+04,1.680516648761460237e+04,5.806970135807202690e-09
3.485221502637169522e+01,1.680349998992415931e+04,1.680349998992415931e+04,5.757958645482222619e-09
3.487991182705124515e+01,1.680283862800122370e+04,1.680283862800122370e+04,5.679233825682856229e-09
3.490788577508300250e+01,1.680285064585736473e+04,1.680285064585736473e+04,5.758414563512470081e-09
3.493545775880257054e+01,1.680223940601974391e+04,1.680223940601974391e+04,5.804341628069837175e-09
3.496286309317448371e+01,1.679815669445858293e+04,1.679815669445858293e+04,5.821647603542978461e-09
3.499028321977344547e+01,1.677867477488686200e+04,1.677867477488686200e+04,5.813698946406211227e-09
3.501787795261354574e+01,1.677455489348378615e+04,1.677455489348378615e+04,5.779240649310151833e-09
3.504557631214765223e+01,1.677297079761341229e+04,1.677297079761341229e+04,5.717018626071817364e-09
3.507328831072968711e+01,1.677236313974348013e+04,1.677236313974348013e+04,5.701598016464217410e-09
3.510110129642526289e+01,1.677238800115259437e+04,1.677238800115259437e+04,5.768195986284630307e-09
3.512874313099724333e+01,1.677171512746517328e+04,1.677171512746517328e+04,5.803060514202149491e-09
3.515620208113686829e+01,1.676722075496168327e+04,1.676722075496168327e+04,5.810312446202290479e-09
3.518362852055337697e+01,1.674784928284186753e+04,1.674784928284186753e+04,5.793628309389314990e-09
3.521117409654614505e+01,1.674399291365136014e+04,1.674399291365136014e+04,5.752507417849140265e-09
3.523900693342012147e+01,1.674246587153462315e+04,1.674246587153462315e+04,5.681775928598706477e-09
3.526687823616500594e+01,1.674189357910944818e+04,1.674189357910944818e+04,5.713238761162075715e-09
3.529457896372288417e+01,1.674192587641581486e+04,1.674192587641581486e+04,5.767602816401430534e-09
3.532216798620707010e+01,1.674121668921820674e+04,1.674121668921820674e+04,5.793967785223789121e-09
3.534972706100002426e+01,1.673643307173622816e+04,1.673643307173622816e+04,5.795051707956440089e-09
3.537724379620479453e+01,1.671757098235261583e+04,1.671757098235261583e+04,5.772644970884189533e-09
3.540483550950130365e+01,1.671419611952246123e+04,1.671419611952246123e+04,5.726749510731916690e-09
3.543261871891994730e+01,1.671274805376967925e+04,1.671274805376967925e+04,5.654063037592668787e-09
3.546067113166520812e+01,1.671202053803544914e+04,1.671202053803544914e+04,5.711872225729681176e-09
3.548837275262972923e+01,1.671145643009926425e+04,1.671145643009926425e+04,5.759403227097885935e-09
3.551594622189854533e+01,1.670827961613301522e+04,1.670827961613301522e+04,5.780565181655782796e-09
3.554357655793126725e+01,1.669124750051249430e+04,1.669124750051249430e+04,5.778040663753394149e-09
3.557119435545470054e+01,1.668704615326385829e+04,1.668704615326385829e+04,5.752437339123671397e-09
3.559886049568612520e+01,1.668544085239759443e+04,1.668544085239759443e+04,5.703980551803236937e-09
3.562666046487456128e+01,1.668479931806398235e+04,1.668479931806398235e+04,5.630533819826071268e-09
3.565478551832336507e+01,1.668482110230836406e+04,1.668482110230836406e+04,5.701212047613332299e-09
3.568253416178075099e+01,1.668425826415560732e+04,1.668425826415560732e+04,5.745359925714775532e-09
3.571014645667216314e+01,1.668041525495806854e+04,1.668041525495806854e+04,5.764130225102889789e-09
3.573781283092809247e+01,1.666071248917017147e+04,1.666071248917017147e+04,5.760296396993579951e-09
3.576549265162181257e+01,1.665656769406050444e+04,1.665656769406050444e+04,5.734240513278665848e-09
3.579322226003829854e+01,1.665497595583851216e+04,1.665497595583851216e+04,5.686042365835880517e-09
3.582107378887187821e+01,1.665433883355386934e+04,1.665433883355386934e+04,5.613835910593440363e-09
3.584926041444747113e+01,1.665436300335375563e+04,1.665436300335375563e+04,5.682362324510306727e-09
3.587707809094992939e+01,1.665381154398332001e+04,1.665381154398332001e+04,5.726061120755764733e-09
3.590476762084382756e+01,1.665001836458898470e+04,1.665001836458898470e+04,5.745054975824723950e-09
3.593252122731016129e+01,1.663025923121370579e+04,1.663025923121370579e+04,5.741973757376769540e-09
3.596025051914234894e+01,1.662611542145653584e+04,1.662611542145653584e+04,5.717470533486594188e-09
3.598803033431642717e+01,1.662452341031178730e+04,1.662452341031178730e+04,5.671724434659783448e-09
3.601595761392035655e+01,1.662388136210346056e+04,1.662388136210346056e+04,5.602338797712952252e-09
3.604421763116386757e+01,1.662390528886132961e+04,1.662390528886132961e+04,5.657032629297625005e-09
3.607212691554673256e+01,1.662337766603141426e+04,1.662337766603141426e+04,5.702455364148738200e-09
3.609993143622804723e+01,1.661969849202313344e+04,1.661969849202313344e+04,5.723572056189146235e-09
3.612774171621116182e+01,1.659988538716854237e+04,1.659988538716854237e+04,5.722872220208952101e-09
3.615550748731626385e+01,1.659568848813440127e+04,1.659568848813440127e+04,5.701703967487807783e-09
3.618334019052794304e+01,1.659408228876662179e+04,1.659408228876662179e+04,5.660129821945148711e-09
3.621138325237178179e+01,1.659342670101839394e+04,1.659342670101839394e+04,5.594598455996597065e-09
3.623959090367539915e+01,1.659344745990106821e+04,1.659344745990106821e+04,5.623079175220755615e-09
3.626764618231636206e+01,1.659295817511622954e+04,1.659295817511622954e+04,5.673368697044708481e-09
3.629563788126783663e+01,1.658945701975542033e+04,1.658945701975542033e+04,5.699140571392740628e-09
3.632347832606301807e+01,1.656960306061931624e+04,1.656960306061931624e+04,5.702433023181306790e-09
3.635128228982174647e+01,1.656528834451731018e+04,1.656528834451731018e+04,5.686220249020922053e-09
3.637920590096874918e+01,1.656365187269133821e+04,1.656365187269133821e+04,5.649993143501447856e-09
3.640737767524809243e+01,1.656297522320698408e+04,1.656297522320698408e+04,5.589815396513433531e-09
3.643553056159134229e+01,1.656298887373946127e+04,1.656298887373946127e+04,5.581685579917698158e-09
3.646382305785682121e+01,1.656254431742256929e+04,1.656254431742256929e+04,5.639769517183484950e-09
3.649189815132325521e+01,1.655928530233450510e+04,1.655928530233450510e+04,5.670783626509684909e-09
3.651980008375914366e+01,1.653940938146892586e+04,1.653940938146892586e+04,5.679547706600045971e-09
3.654770303395080333e+01,1.653490723817180697e+04,1.653490723817180697e+04,5.669203530588121315e-09
3.657579963163153991e+01,1.653322696399201232e+04,1.653322696399201232e+04,5.638496789046521615e-09
3.660392589156164433e+01,1.653252794813240689e+04,1.653252794813240689e+04,5.587533305563449146e-09
3.663208611786748037e+01,1.653252895024904501e+04,1.653252895024904501e+04,5.532182318907597379e-09
3.666060147318329143e+01,1.653213789459285545e+04,1.653213789459285545e+04,5.599623058477393062e-09
3.668877475426852897e+01,1.652915646740091324e+04,1.652915646740091324e+04,5.637476403034952909e-09
3.671681195871413905e+01,1.650953343382216917e+04,1.650953343382216917e+04,5.653134547758755890e-09
3.674492219386640102e+01,1.650520072047292706e+04,1.650520072047292706e+04,5.649242300771120239e-09
3.677298768026709297e+01,1.650356071018873990e+04,1.650356071018873990e+04,5.626540453124859669e-09
3.680111237586404371e+01,1.650271952046356455e+04,1.650271952046356455e+04,5.585056199958462064e-09
3.682940547698839850e+01,1.650227000364415289e+04,1.650227000364415289e+04,5.522102300602300082e-09
3.685794780637766621e+01,1.650053757492420118e+04,1.650053757492420118e+04,5.550435996866787989e-09
3.688631714032316467e+01,1.648439727102137840e+04,1.648439727102137840e+04,5.598020488752923464e-09
3.691464191335070666e+01,1.647830857243648643e+04,1.647830857243648643e+04,5.622690925067022758e-09
3.694277210557186208e+01,1.647635289815062424e+04,1.647635289815062424e+04,5.626187026271586571e-09
3.697087846230508035e+01,1.647550162262950835e+04,1.647550162262950835e+04,5.611782788586071695e-09
3.699912774813723360e+01,1.647539542765836450e+04,1.647539542765836450e+04,5.578711196145943461e-09
3.702753886777360037e+01,1.647523793466174175e+04,1.647523793466174175e+04,5.524828606254184198e-09
3.705595174299258332e+01,1.647336049513977923e+04,1.647336049513977923e+04,5.491411926996441309e-09
3.708472051016455850e+01,1.645455165992765615e+04,1.645455165992765615e+04,5.553274496558820272e-09
3.711311270554552522e+01,1.644799450711554164e+04,1.644799450711554164e+04,5.586259333129270388e-09
3.714135778722749137e+01,1.644596018185975845e+04,1.644596018185975845e+04,5.598356876689087019e-09
3.716965500048075199e+01,1.644506836086729527e+04,1.644506836086729527e+04,5.592247928741129211e-09
3.719797741324070017e+01,1.644493032856110221e+04,1.644493032856110221e+04,5.568215202716352512e-09
3.722635045851531288e+01,1.644482280977800838e+04,1.644482280977800838e+04,5.526159582390542936e-09
3.725485308191448297e+01,1.644316274976494242e+04,1.644316274976494242e+04,5.464131789649152317e-09
3.728368954215547859e+01,1.642700148485775935e+04,1.642700148485775935e+04,5.497478465859154876e-09
3.731229501053265807e+01,1.641771138308968875e+04,1.641771138308968875e+04,5.542218274660627424e-09
3.734085545138955808e+01,1.641557151749288096e+04,1.641557151749288096e+04,5.565076952662786455e-09
3.736923206654544316e+01,1.641464001626639219e+04,1.641464001626639219e+04,5.567833952064956943e-09
3.739758699801471664e+01,1.641446456821417814e+04,1.641446456821417814e+04,5.553522229550386677e-09
3.742608605176005909e+01,1.641440286872820070e+04,1.641440286872820070e+04,5.521359995787884701e-09
3.745473460236849661e+01,1.641293186331161996e+04,1.641293186331161996e+04,5.469457234343610304e-09
3.748339619985656412e+01,1.639962945756095360e+04,1.639962945756095360e+04,5.430610834362349858e-09
3.751243632622634294e+01,1.638743800514829491e+04,1.638743800514829491e+04,5.491719646966863966e-09
3.754109302408574678e+01,1.638519693936506883e+04,1.638519693936506883e+04,5.524609937305107348e-09
3.756961554467331865e+01,1.638421758962109016e+04,1.638421758962109016e+04,5.537316618197248260e-09
3.759820684565872995e+01,1.638399985340616331e+04,1.638399985340616331e+04,5.532335309011190301e-09
3.762676609686288742e+01,1.638397829188778451e+04,1.638397829188778451e+04,5.510306200029379179e-09
3.765538732295393487e+01,1.638269607252983769e+04,1.638269607252983769e+04,5.471103105841064358e-09
3.768417271834596960e+01,1.637158357153275210e+04,1.637158357153275210e+04,5.412231594082725569e-09
3.771322047791771581e+01,1.635721781690328316e+04,1.635721781690328316e+04,5.428904115852769411e-09
3.774216648762654103e+01,1.635483458994940520e+04,1.635483458994940520e+04,5.475719734846768872e-09
3.777104548976482334e+01,1.635379717577303745e+04,1.635379717577303745e+04,5.500408514573627825e-09
3.779968129979143043e+01,1.635353603505472893e+04,1.635353603505472893e+04,5.505060951498164612e-09
3.782831817805632824e+01,1.635355028697536181e+04,1.635355028697536181e+04,5.493284970772473668e-09
3.785714186234912404e+01,1.635242511668557381e+04,1.635242511668557381e+04,5.463913152558017762e-09
3.788600809018445403e+01,1.634307352599586011e+04,1.634307352599586011e+04,5.416780001665405723e-09
3.791492145457738872e+01,1.632703023473751637e+04,1.632703023473751637e+04,5.355875774598344891e-09
3.794425859518503330e+01,1.632447781395078528e+04,1.632447781395078528e+04,5.419187236248592703e-09
3.797323445561153221e+01,1.632338604463899901e+04,1.632338604463899901e+04,5.454901262505189774e-09
3.800210995989800722e+01,1.632307431033409739e+04,1.632307431033409739e+04,5.470615273123046146e-09
3.803101275596249309e+01,1.632311600654033100e+04,1.632311600654033100e+04,5.468642127896249358e-09
3.805981899806560875e+01,1.632214136163384683e+04,1.632214136163384683e+04,5.450370053261193152e-09
3.808872509464050182e+01,1.631435670556602236e+04,1.631435670556602236e+04,5.415531332094749849e-09
3.811735238288096639e+01,1.629691625853233745e+04,1.629691625853233745e+04,5.369411542034959231e-09
3.814651125392263964e+01,1.629417863766413211e+04,1.629417863766413211e+04,5.338779324625429701e-09
3.817547301333095788e+01,1.629300492288460919e+04,1.629300492288460919e+04,5.388333707372978110e-09
3.820460226757528233e+01,1.629261543830508344e+04,1.629261543830508344e+04,5.421530943125263760e-09
3.823361918759744071e+01,1.629268409398058793e+04,1.629268409398058793e+04,5.435169860453173127e-09
3.826221396035808908e+01,1.629191989999835823e+04,1.629191989999835823e+04,5.432642942528544137e-09
3.829117992844555118e+01,1.628608767242612885e+04,1.628608767242612885e+04,5.415587028749243062e-09
3.832026060381198818e+01,1.626738073622155935e+04,1.626738073622155935e+04,5.382160300597460609e-09
3.834906256881005504e+01,1.626462007715316577e+04,1.626462007715316577e+04,5.337435633735026004e-09
3.837837577421619528e+01,1.626333346575762152e+04,1.626333346575762152e+04,5.297942547034667927e-09
3.840755540763742459e+01,1.626268857658807610e+04,1.626268857658807610e+04,5.348667464518839043e-09
3.843687225124036644e+01,1.626219387368754542e+04,1.626219387368754542e+04,5.382553979544335706e-09
3.846609070903838301e+01,1.625916484667890472e+04,1.625916484667890472e+04,5.396998795810982745e-09
3.849487549446241275e+01,1.624170372474025498e+04,1.624170372474025498e+04,5.395130003060587871e-09
3.852401343848546844e+01,1.623775387381648943e+04,1.623775387381648943e+04,5.379021978921723369e-09
3.855328121349482728e+01,1.623620846875825919e+04,1.623620846875825919e+04,5.346690454429780905e-09
3.858278134047602492e+01,1.623555933565915802e+04,1.623555933565915802e+04,5.294938361696284861e-09
3.861234019199541478e+01,1.623558996474439664e+04,1.623558996474439664e+04,5.267988838816127036e-09
3.864164572126491493e+01,1.623525148957179590e+04,1.623525148957179590e+04,5.315043240479882049e-09
3.867114814286776436e+01,1.623236302708058975e+04,1.623236302708058975e+04,5.346444249565015191e-09
3.870052812261938158e+01,1.621192863655387191e+04,1.621192863655387191e+04,5.358713350394445861e-09
3.872946974047563629e+01,1.620752710862725689e+04,1.620752710862725689e+04,5.355405470251861298e-09
3.875880890850271498e+01,1.620586034218494024e+04,1.620586034218494024e+04,5.337940485479907717e-09
3.878826082165505085e+01,1.620513918657366048e+04,1.620513918657366048e+04,5.304502666785094863e-09
3.881740679541857730e+01,1.620512097893098871e+04,1.620512097893098871e+04,5.260416080614219065e-09
3.884713643969566732e+01,1.620490758116762117e+04,1.620490758116762117e+04,5.223715144929197903e-09
3.887668541023099067e+01,1.620269197215967142e+04,1.620269197215967142e+04,5.272090258949857464e-09
3.890639793005600211e+01,1.618261542091608680e+04,1.618261542091608680e+04,5.304238726456781158e-09
3.893600288632342199e+01,1.617732747088457836e+04,1.617732747088457836e+04,5.317308894955122819e-09
3.896515635017835422e+01,1.617553506035106329e+04,1.617553506035106329e+04,5.314600819620189024e-09
3.899469050022556615e+01,1.617473216317187325e+04,1.617473216317187325e+04,5.297986829839200189e-09
3.902435289449116596e+01,1.617465198208298898e+04,1.617465198208298898e+04,5.265497596015640690e-09
3.905370671974913677e+01,1.617454382385271310e+04,1.617454382385271310e+04,5.222309072906792211e-09
3.908363907616742949e+01,1.617280203401514518e+04,1.617280203401514518e+04,5.179797515035589068e-09
3.911343146797507586e+01,1.615442141859892217e+04,1.615442141859892217e+04,5.228630534913093894e-09
3.914336916701235936e+01,1.614718619292977928e+04,1.614718619292977928e+04,5.260873359984168515e-09
3.917320553595754973e+01,1.614520077726685668e+04,1.614520077726685668e+04,5.274080319901910678e-09
3.919833356969410687e+01,1.614441187131662082e+04,1.614441187131662082e+04,5.264031520451569288e-09
3.922812186642055821e+01,1.614416322886239868e+04,1.614416322886239868e+04,5.267047995906371355e-09
3.925316383052513203e+01,1.614423520220089813e+04,1.614423520220089813e+04,5.260407707338676627e-09
3.928257268385920042e+01,1.614349988220178238e+04,1.614349988220178238e+04,5.255777060381862093e-09
3.930768384424334982e+01,1.613960937498389649e+04,1.613960937498389649e+04,5.251943230853414726e-09
3.933279303021632245e+01,1.612039569419234613e+04,1.612039569419234613e+04,5.245111440252386143e-09
3.936228075386426184e+01,1.611612409688152911e+04,1.611612409688152911e+04,5.240531355236675227e-09
3.938745863984908624e+01,1.611466905423726894e+04,1.611466905423726894e+04,5.236496609675521712e-09
3.941263652120968430e+01,1.611392616030842328e+04,1.611392616030842328e+04,5.229491019639243266e-09
3.944220479541687041e+01,1.611371959399010484e+04,1.611371959399010484e+04,5.224894281163442122e-09
3.946745267279735003e+01,1.611378264585159377e+04,1.611378264585159377e+04,5.220672930733182650e-09
3.949270083838664647e+01,1.611321485416618088e+04,1.611321485416618088e+04,5.213509483170100918e-09
3.952235147647804325e+01,1.610866123201532355e+04,1.610866123201532355e+04,5.208823380464710866e-09
3.954766758680911920e+01,1.608951764465108135e+04,1.608951764465108135e+04,5.204426019920539004e-09
3.957298811722385778e+01,1.608591273298131819e+04,1.608591273298131819e+04,5.197107760324278380e-09
3.960272349988661489e+01,1.608416169576080574e+04,1.608416169576080574e+04,5.192272488084621548e-09
3.962810888349545735e+01,1.608345165240092683e+04,1.608345165240092683e+04,5.187697276892625373e-09
3.965350425266586853e+01,1.608326312287425753e+04,1.608326312287425753e+04,5.180218900416745366e-09
3.968332725819632856e+01,1.608333196294335539e+04,1.608333196294335539e+04,5.175174678118016651e-09
3.970878518388609990e+01,1.608271262389843105e+04,1.608271262389843105e+04,5.170410993287170880e-09
3.973425827462322246e+01,1.607926618910339494e+04,1.607926618910339494e+04,5.162760754419436895e-09
3.975930820000320409e+01,1.606016209305036136e+04,1.606016209305036136e+04,5.150185666613388488e-09
3.978479548900647700e+01,1.605630584209872541e+04,1.605630584209872541e+04,5.135559865821342904e-09
3.981025290317969478e+01,1.605470327683114192e+04,1.605470327683114192e+04,5.117304522302968818e-09
3.984039070715078168e+01,1.605369016258523880e+04,1.605369016258523880e+04,5.131899934097687245e-09
3.986595870893494009e+01,1.605325817901986738e+04,1.605325817901986738e+04,5.117112935562387141e-09
3.989150118973402215e+01,1.605287816856114296e+04,1.605287816856114296e+04,5.098738362400025512e-09
3.991658104867926937e+01,1.605118010418360063e+04,1.605118010418360063e+04,5.071380290897233883e-09
3.994205792792678267e+01,1.603783904095384423e+04,1.603783904095384423e+04,5.043616341710394267e-09
3.996749719834024006e+01,1.602982160227697386e+04,1.602982160227697386e+04,5.010819857636615606e-09
3.999303845422296178e+01,1.602775871963095597e+04,1.602775871963095597e+04,4.993516577751065491e-09
4.001821586723100665e+01,1.602673922501829838e+04,1.602673922501829838e+04,5.019156077126370185e-09
4.004392958996876217e+01,1.602624203222568212e+04,1.602624203222568212e+04,5.032945281360809447e-09
4.006973321835761936e+01,1.602624344662305703e+04,1.602624344662305703e+04,5.042762251804250860e-09
4.009514315540117479e+01,1.602622993843374388e+04,1.602622993843374388e+04,5.052951319725822400e-09
4.012101486313336096e+01,1.602539662637828951e+04,1.602539662637828951e+04,5.055754065756334096e-09
4.014694571802926504e+01,1.602035592871256813e+04,1.602035592871256813e+04,5.055422793391348407e-09
4.017250080670730483e+01,1.600149668854627998e+04,1.600149668854627998e+04,5.053064702763369480e-09
4.019850753359447992e+01,1.599823118137478923e+04,1.599823118137478923e+04,5.046167714906599329e-09
4.022455766373491315e+01,1.599675403408266175e+04,1.599675403408266175e+04,5.036385678006481907e-09
4.025016584266023045e+01,1.599600956008421235e+04,1.599600956008421235e+04,5.021885876221946608e-09
4.027625277277972771e+01,1.599576892557703650e+04,1.599576892557703650e+04,5.005176848122240563e-09
4.030233093170695469e+01,1.599588362170447544e+04,1.599588362170447544e+04,4.984923292197817401e-09
4.032792828555680842e+01,1.599559260056172388e+04,1.599559260056172388e+04,4.955865910852782627e-09
4.035397731992250669e+01,1.599376971985017190e+04,1.599376971985017190e+04,4.926402362587194758e-09
4.038000158867401268e+01,1.598001793804043155e+04,1.598001793804043155e+04,4.891902701289019190e-09
4.040610847499617364e+01,1.596910937593351809e+04,1.596910937593351809e+04,4.860758613155124405e-09
4.043186724639414820e+01,1.596701490369841849e+04,1.596701490369841849e+04,4.882187797653748301e-09
4.045821240329529900e+01,1.596594885258560498e+04,1.596594885258560498e+04,4.891249855165056358e-09
4.048466080385622945e+01,1.596543942851623797e+04,1.596543942851623797e+04,4.896188347029030403e-09
4.051076028592227374e+01,1.596543522339922129e+04,1.596543522339922129e+04,4.901031614048812025e-09
4.053736627804497772e+01,1.596547161284700815e+04,1.596547161284700815e+04,4.898116026530907426e-09
4.056404076042981188e+01,1.596475191261169130e+04,1.596475191261169130e+04,4.891906962958516531e-09
4.059035440273870421e+01,1.596045302334356165e+04,1.596045302334356165e+04,4.883573217886388299e-09
4.061720731253260652e+01,1.594091620438770042e+04,1.594091620438770042e+04,4.870109925208350899e-09
4.064411061932433711e+01,1.593753163743414916e+04,1.593753163743414916e+04,4.853493355707889290e-09
4.067117944580872546e+01,1.593602617447274133e+04,1.593602617447274133e+04,4.833844331386076756e-09
4.069827021469383510e+01,1.593526938936905208e+04,1.593526938936905208e+04,4.810933098295228948e-09
4.072534542247242939e+01,1.593504103073538317e+04,1.593504103073538317e+04,4.784200113495235089e-09
4.075253686756055060e+01,1.593518967762187640e+04,1.593518967762187640e+04,4.754031000616872299e-09
4.077987016685169408e+01,1.593495994362590682e+04,1.593495994362590682e+04,4.720666986344815046e-09
4.080713479104681340e+01,1.593326434120790509e+04,1.593326434120790509e+04,4.681933520131941251e-09
4.083443332326557851e+01,1.592009957262348507e+04,1.592009957262348507e+04,4.638282079970827816e-09
4.086186918233197218e+01,1.590839897986515825e+04,1.590839897986515825e+04,4.594877485225377789e-09
4.088901218161098683e+01,1.590633023495509951e+04,1.590633023495509951e+04,4.602706060510752953e-09
4.091685536962233982e+01,1.590528868278412119e+04,1.590528868278412119e+04,4.597960865616456908e-09
4.094486838587675948e+01,1.590481041277946133e+04,1.590481041277946133e+04,4.589018474083772846e-09
4.097315469470517257e+01,1.590485448852696209e+04,1.590485448852696209e+04,4.575334677993478955e-09
4.100158125726128588e+01,1.590494803955349926e+04,1.590494803955349926e+04,4.558512437478023838e-09
4.103008735794082895e+01,1.590431724831411884e+04,1.590431724831411884e+04,4.538939835606186317e-09
4.105880566800015430e+01,1.589996593106038199e+04,1.589996593106038199e+04,4.515901977716994970e-09
4.108780318691433564e+01,1.588002469876937175e+04,1.588002469876937175e+04,4.489544910484475075e-09
4.111686452556769211e+01,1.587685644180578493e+04,1.587685644180578493e+04,4.460656872634887573e-09
4.114610639526353708e+01,1.587543359305498416e+04,1.587543359305498416e+04,4.428886252094624425e-09
4.117559870589413151e+01,1.587473574198065216e+04,1.587473574198065216e+04,4.394388555620064550e-09
4.120525223565621076e+01,1.587458747334815598e+04,1.587458747334815598e+04,4.357207005902939901e-09
4.123501615832579148e+01,1.587481067798743970e+04,1.587481067798743970e+04,4.317069811777863886e-09
4.126498813459530624e+01,1.587465772290596215e+04,1.587465772290596215e+04,4.274178129391785638e-09
4.129456575234060267e+01,1.587307575973476378e+04,1.587307575973476378e+04,4.224441134018377874e-09
4.132485234138699326e+01,1.585963207030523517e+04,1.585963207030523517e+04,4.174574817714298089e-09
4.135533529046219314e+01,1.584778958292424977e+04,1.584778958292424977e+04,4.121558537823943090e-09
4.138603794576629014e+01,1.584579697776724061e+04,1.584579697776724061e+04,4.065728444837114262e-09
4.141715680683508793e+01,1.584483429470806004e+04,1.584483429470806004e+04,4.048641443522960155e-09
4.144249736561486230e+01,1.584447974702966894e+04,1.584447974702966894e+04,4.077727768584233163e-09
4.146819646116493630e+01,1.584449258716486474e+04,1.584449258716486474e+04,4.065492081798486229e-09
4.149386343095881102e+01,1.584472235004346112e+04,1.584472235004346112e+04,4.014594589293913526e-09
4.152598591035910403e+01,1.584467847255195556e+04,1.584467847255195556e+04,3.968749814678153198e-09
4.155110154042241533e+01,1.584389263278073486e+04,1.584389263278073486e+04,3.899871336005801940e-09
4.157738419703005661e+01,1.583953891509694586e+04,1.583953891509694586e+04,3.925160578725892687e-09
4.160404556677145393e+01,1.582029130283355516e+04,1.582029130283355516e+04,3.911590254727074788e-09
4.163067465780412846e+01,1.581751974955244441e+04,1.581751974955244441e+04,3.861693239166456806e-09
4.165658140511428797e+01,1.581616626202873522e+04,1.581616626202873522e+04,3.767741858050355637e-09
4.168343137746643379e+01,1.581536565628056633e+04,1.581536565628056633e+04,3.801236412433010665e-09
4.171097100546717229e+01,1.581488053534249593e+04,1.581488053534249593e+04,3.794816730489027569e-09
4.173848210935789638e+01,1.581469284326684283e+04,1.581469284326684283e+04,3.754941327220804861e-09
4.176541789422226003e+01,1.581465046508865817e+04,1.581465046508865817e+04,3.674096070335526405e-09
4.179264607299008105e+01,1.581425945800421141e+04,1.581425945800421141e+04,3.677138323797516237e-09
4.182092183179806000e+01,1.581157387729930633e+04,1.581157387729930633e+04,3.679367319598938933e-09
4.184949432543887582e+01,1.579464781718290396e+04,1.579464781718290396e+04,3.649720084716011476e-09
4.187752707404909103e+01,1.579108776775367369e+04,1.579108776775367369e+04,3.584946810357412509e-09
4.190523344373051629e+01,1.578947491400616673e+04,1.578947491400616673e+04,3.553273586018362958e-09
4.193422965983962314e+01,1.578857244291195275e+04,1.578857244291195275e+04,3.565982293847716016e-09
4.196349254431154918e+01,1.578809347402310232e+04,1.578809347402310232e+04,3.547191769963209339e-09
4.199265405384642946e+01,1.578800746070475361e+04,1.578800746070475361e+04,3.497033185530916665e-09
4.202104962576888170e+01,1.578825579202538756e+04,1.578825579202538756e+04,3.431860296645615390e-09
4.205072879410945319e+01,1.578847957166831657e+04,1.578847957166831657e+04,3.456163078912201923e-09
4.208088958139688174e+01,1.578833387932608639e+04,1.578833387932608639e+04,3.448803012257749250e-09
4.211099633986226110e+01,1.578696682943043015e+04,1.578696682943043015e+04,3.412810997840176654e-09
4.214045013779109894e+01,1.577896942969345218e+04,1.577896942969345218e+04,3.341116696219949541e-09
4.217032616002776280e+01,1.576199706497093393e+04,1.576199706497093393e+04,3.351002218374015281e-09
4.220127182120995712e+01,1.575983104749716949e+04,1.575983104749716949e+04,3.355461268097541649e-09
4.223162511333723046e+01,1.575869712824212002e+04,1.575869712824212002e+04,3.332081778944140349e-09
4.226222751429184399e+01,1.575807065162342042e+04,1.575807065162342042e+04,3.276875993254902030e-09
4.229243506868737512e+01,1.575783788959180310e+04,1.575783788959180310e+04,3.254062803522895944e-09
4.232396385837931518e+01,1.575799572387444641e+04,1.575799572387444641e+04,3.269732658702896736e-09
4.235578502636625586e+01,1.575830792639491847e+04,1.575830792639491847e+04,3.258394352658663226e-09
4.238744801179795729e+01,1.575837637586980418e+04,1.575837637586980418e+04,3.220423071079479134e-09
4.241828394100802768e+01,1.575781114207744395e+04,1.575781114207744395e+04,3.156616285952329005e-09
4.245021321206267118e+01,1.575408282001149746e+04,1.575408282001149746e+04,3.187761087096524352e-09
4.247525081335783881e+01,1.573858407481220820e+04,1.573858407481220820e+04,3.190076874113761635e-09
4.250717065187679822e+01,1.573069824588614756e+04,1.573069824588614756e+04,3.143061100668944725e-09
4.253859528690888681e+01,1.572905827799601866e+04,1.572905827799601866e+04,3.121010376543374965e-09
4.256369571500034255e+01,1.572831984863701837e+04,1.572831984863701837e+04,3.153930090264068181e-09
4.259644511411987367e+01,1.572775421727047978e+04,1.572775421727047978e+04,3.127141734158074886e-09
4.262842945967239672e+01,1.572759710585414359e+04,1.572759710585414359e+04,3.069091485169535728e-09
4.266086257072015542e+01,1.572782135196514719e+04,1.572782135196514719e+04,3.089033560125901201e-09
4.268652283184434282e+01,1.572806950697884895e+04,1.572806950697884895e+04,3.104634510429939418e-09
4.271965436359048596e+01,1.572817373014466830e+04,1.572817373014466830e+04,3.070862123312231160e-09
4.275184242247930655e+01,1.572769117279347483e+04,1.572769117279347483e+04,3.028780590235541231e-09
4.277751722738214113e+01,1.572570582031696904e+04,1.572570582031696904e+04,3.076664209723203385e-09
4.280269459118887454e+01,1.571765176972349218e+04,1.571765176972349218e+04,3.037033498623460706e-09
4.283515688854397041e+01,1.570109480236789386e+04,1.570109480236789386e+04,3.017869299495004402e-09
4.286104963679227353e+01,1.569945206152982246e+04,1.569945206152982246e+04,3.055563671953729216e-09
4.289480121591424933e+01,1.569820022666434670e+04,1.569820022666434670e+04,3.036664194009915585e-09
4.292778115426614249e+01,1.569753202137498738e+04,1.569753202137498738e+04,2.988664515726080787e-09
4.295294603793924182e+01,1.569729125263827700e+04,1.569729125263827700e+04,3.030584430779335016e-09
4.297887627325139448e+01,1.569727981927438850e+04,1.569727981927438850e+04,3.013729012371241055e-09
4.301181978048636267e+01,1.569755871493632185e+04,1.569755871493632185e+04,2.959468966359098028e-09
4.303761607238366338e+01,1.569777259058832169e+04,1.569777259058832169e+04,3.019057441128492200e-09
4.306263362955188256e+01,1.569782765154847766e+04,1.569782765154847766e+04,2.990180894467191113e-09
4.309560607727674864e+01,1.569738048953787802e+04,1.569738048953787802e+04,2.964169215019230739e-09
4.312185427815995098e+01,1.569550311120527476e+04,1.569550311120527476e+04,3.010175500493042093e-09
4.314736347030002861e+01,1.568801322429145148e+04,1.568801322429145148e+04,2.970613599768986500e-09
4.318049883524172117e+01,1.567073052090680721e+04,1.567073052090680721e+04,2.965944834160322681e-09
4.320688859553404626e+01,1.566906461184655745e+04,1.566906461184655745e+04,3.002182663063519158e-09
4.323206445781396212e+01,1.566805315892788713e+04,1.566805315892788713e+04,2.950966750075673371e-09
4.325743109206275250e+01,1.566741674577497179e+04,1.566741674577497179e+04,2.992731445463758800e-09
4.328371437187330173e+01,1.566700168746957024e+04,1.566700168746957024e+04,2.980659788427189290e-09
4.331702571639120691e+01,1.566682162011465698e+04,1.566682162011465698e+04,2.932446882945170263e-09
4.334291268651136875e+01,1.566695260404654073e+04,1.566695260404654073e+04,2.990687256420588416e-09
4.336913491893685801e+01,1.566719891406951137e+04,1.566719891406951137e+04,2.969999423270484560e-09
4.340238077627109448e+01,1.566737827243654101e+04,1.566737827243654101e+04,2.934774708393333887e-09
4.342790418572367628e+01,1.566726460711081563e+04,1.566726460711081563e+04,2.989589890164462054e-09
4.345367707989154127e+01,1.566653951218007387e+04,1.566653951218007387e+04,2.955577514460915680e-09
4.348693385996528349e+01,1.566164783807318418e+04,1.566164783807318418e+04,2.947508052093997058e-09
4.351340400809337439e+01,1.564198633264178170e+04,1.564198633264178170e+04,2.987823798752159271e-09
4.353875437481242017e+01,1.563960228181419188e+04,1.563960228181419188e+04,2.942030417671531898e-09
4.356404709286776722e+01,1.563822450770405703e+04,1.563822450770405703e+04,2.980134036515942073e-09
4.359043623896005926e+01,1.563733305515227767e+04,1.563733305515227767e+04,2.971769621990363157e-09
4.362384778257273865e+01,1.563665103230682143e+04,1.563665103230682143e+04,2.927005019233177880e-09
4.364961376825345951e+01,1.563639360526835299e+04,1.563639360526835299e+04,2.981370419425900904e-09
4.367595937034870701e+01,1.563636490931490698e+04,1.563636490931490698e+04,2.963521240120746719e-09
4.370925304363081665e+01,1.563662386431429331e+04,1.563662386431429331e+04,2.924504880513113997e-09
4.373465627139508172e+01,1.563682788031786731e+04,1.563682788031786731e+04,2.981506761210266583e-09
4.376056607706596679e+01,1.563688662178229424e+04,1.563688662178229424e+04,2.949694878373147700e-09
4.379386164345601884e+01,1.563645520216212390e+04,1.563645520216212390e+04,2.937519328759715586e-09
4.382035361705172249e+01,1.563463037963788702e+04,1.563463037963788702e+04,2.978936558749160672e-09
4.384580831877097040e+01,1.562750913756644150e+04,1.562750913756644150e+04,2.935194936386557609e-09
4.387104995897774984e+01,1.561066444236628377e+04,1.561066444236628377e+04,2.969294427677342473e-09
4.389753151511712304e+01,1.560886270673349827e+04,1.560886270673349827e+04,2.961679144684021420e-09
4.393101544708698469e+01,1.560751540572686099e+04,1.560751540572686099e+04,2.917049915981429227e-09
4.395674617598736234e+01,1.560689435637036331e+04,1.560689435637036331e+04,2.967116988056138815e-09
4.398320808993790365e+01,1.560645881612629819e+04,1.560645881612629819e+04,2.949296760754466661e-09
4.401664754492225740e+01,1.560619259253739801e+04,1.560619259253739801e+04,2.905925367507136920e-09
4.404205181681085435e+01,1.560617392391219619e+04,1.560617392391219619e+04,2.962351279694059109e-09
4.406816942070283716e+01,1.560620013303322412e+04,1.560620013303322412e+04,2.930484927061298430e-09
4.410162184695120402e+01,1.560586834394100515e+04,1.560586834394100515e+04,2.913477179077251080e-09
4.412826059261831091e+01,1.560419979430080093e+04,1.560419979430080093e+04,2.953604679446265423e-09
4.415394548798815322e+01,1.559770064143553282e+04,1.559770064143553282e+04,2.910079102903156279e-09
4.417931476771551758e+01,1.558386082544964847e+04,1.558386082544964847e+04,2.939501727197388924e-09
4.420605829369937823e+01,1.558192162602386270e+04,1.558192162602386270e+04,2.931100844171554919e-09
4.423985905102167493e+01,1.558048793043953992e+04,1.558048793043953992e+04,2.885532534704076015e-09
4.426575367533909855e+01,1.557985626708692143e+04,1.557985626708692143e+04,2.930064121260636760e-09
4.429252079063396508e+01,1.557944522964641874e+04,1.557944522964641874e+04,2.911625421291071847e-09
4.432634069192302917e+01,1.557926515430825020e+04,1.557926515430825020e+04,2.862995568539514662e-09
4.435285171446196983e+01,1.557939496891519047e+04,1.557939496891519047e+04,2.917040774476296578e-09
4.437874201754555514e+01,1.557963938617928943e+04,1.557963938617928943e+04,2.886879376924265368e-09
4.440386879375861184e+01,1.557981821641097667e+04,1.557981821641097667e+04,2.896044996799198772e-09
4.443123392140369532e+01,1.557983190734035452e+04,1.557983190734035452e+04,2.897777940694226447e-09
4.446577252189013052e+01,1.557911622919530600e+04,1.557911622919530600e+04,2.860426653954539974e-09
4.449139885014888307e+01,1.557650689143189629e+04,1.557650689143189629e+04,2.882696148199611614e-09
4.451868794538658847e+01,1.556458392710982480e+04,1.556458392710982480e+04,2.875150465671958771e-09
4.454378755297887693e+01,1.555273013926906424e+04,1.555273013926906424e+04,2.849257648563625080e-09
4.457126035085548921e+01,1.555108376203459557e+04,1.555108376203459557e+04,2.873274396796058691e-09
4.459710699671414602e+01,1.555010117791189805e+04,1.555010117791189805e+04,2.815323710782586414e-09
4.462362285959526531e+01,1.554947195532729893e+04,1.554947195532729893e+04,2.858088124462127692e-09
4.465103068644656759e+01,1.554906548222190759e+04,1.554906548222190759e+04,2.837596284884629085e-09
4.467643709641286875e+01,1.554890159043880885e+04,1.554890159043880885e+04,2.829421181452850329e-09
4.470454067023301548e+01,1.554896740174320439e+04,1.554896740174320439e+04,2.840588128431684743e-09
4.473030820099830862e+01,1.554919819978272972e+04,1.554919819978272972e+04,2.782474176347647509e-09
4.475677728920220488e+01,1.554942973754629929e+04,1.554942973754629929e+04,2.829630638375755424e-09
4.478399550421215736e+01,1.554953125250879566e+04,1.554953125250879566e+04,2.794600102217982943e-09
4.480996229586548196e+01,1.554936325090251376e+04,1.554936325090251376e+04,2.806705177095310356e-09
4.483810226266168542e+01,1.554827521381786210e+04,1.554827521381786210e+04,2.804188230973773339e-09
4.486379451574588728e+01,1.554427321495666001e+04,1.554427321495666001e+04,2.769009491130876395e-09
4.489169576525105043e+01,1.552412226501760779e+04,1.552412226501760779e+04,2.798430395240795611e-09
4.491850142156717851e+01,1.552165640065079788e+04,1.552165640065079788e+04,2.750200821819884830e-09
4.494523978614624582e+01,1.552031913852146317e+04,1.552031913852146317e+04,2.780620089752982411e-09
4.497342137910489868e+01,1.551945882683317177e+04,1.551945882683317177e+04,2.766996000548104790e-09
4.499936433844630557e+01,1.551894270983519345e+04,1.551894270983519345e+04,2.749602181000042221e-09
4.502793572350164908e+01,1.551862022887563216e+04,1.551862022887563216e+04,2.767005610302442077e-09
4.505453252844331047e+01,1.551853729410368214e+04,1.551853729410368214e+04,2.706712826594387864e-09
4.508220586562557486e+01,1.551868548048020239e+04,1.551868548048020239e+04,2.754003944281822662e-09
4.511061875080135763e+01,1.551895820546593859e+04,1.551895820546593859e+04,2.732052601768056675e-09
4.513694648318113423e+01,1.551915276655564230e+04,1.551915276655564230e+04,2.727999533466112033e-09
4.516508169003958528e+01,1.551918997753208896e+04,1.551918997753208896e+04,2.736756868180586757e-09
4.519161535151833675e+01,1.551884090154535807e+04,1.551884090154535807e+04,2.689712337603457475e-09
4.521994185898824981e+01,1.551706452494461519e+04,1.551706452494461519e+04,2.729820205336204223e-09
4.524811344090114318e+01,1.550956672496860847e+04,1.550956672496860847e+04,2.697170116520379781e-09
4.527489979997727687e+01,1.549243818831706812e+04,1.549243818831706812e+04,2.710809568028613551e-09
4.530404310372868792e+01,1.549059684518079848e+04,1.549059684518079848e+04,2.710365899662140514e-09
4.533056424490643366e+01,1.548952938153441391e+04,1.548952938153441391e+04,2.677196187080690198e-09
4.535831105304567501e+01,1.548884128743532710e+04,1.548884128743532710e+04,2.708820772849539269e-09
4.538587375334074636e+01,1.548839360878934531e+04,1.548839360878934531e+04,2.662704618298260994e-09
4.541244638741676454e+01,1.548817553590248644e+04,1.548817553590248644e+04,2.698693659001195626e-09
4.544033703113728251e+01,1.548816847311186757e+04,1.548816847311186757e+04,2.680667544974573431e-09
4.546702471591209616e+01,1.548836114295295192e+04,1.548836114295295192e+04,2.679149373943815267e-09
4.549559107798896918e+01,1.548862590808069217e+04,1.548862590808069217e+04,2.690182771198408563e-09
4.552252659800412715e+01,1.548878499440881569e+04,1.548878499440881569e+04,2.646291692811589229e-09
4.555034469629574545e+01,1.548875001278833042e+04,1.548875001278833042e+04,2.688944663010446186e-09
4.557875926087339735e+01,1.548813736525453351e+04,1.548813736525453351e+04,2.656587083847490044e-09
4.560496776449885203e+01,1.548579185948829581e+04,1.548579185948829581e+04,2.678833964640812664e-09
4.563320258244007732e+01,1.547547962997172363e+04,1.547547962997172363e+04,2.672854492160478169e-09
4.565986482920077094e+01,1.546152135912127414e+04,1.546152135912127414e+04,2.658904361825211632e-09
4.568801563896117557e+01,1.545992155101119351e+04,1.545992155101119351e+04,2.681333055677471619e-09
4.571531217098109323e+01,1.545892592253122893e+04,1.545892592253122893e+04,2.626525307629367388e-09
4.574260915840183372e+01,1.545829633246516642e+04,1.545829633246516642e+04,2.680998919246499563e-09
4.577158436129717956e+01,1.545786835187343240e+04,1.545786835187343240e+04,2.659274747421732960e-09
4.579851443638683151e+01,1.545768375338702754e+04,1.545768375338702754e+04,2.669308753360248536e-09
4.582719426641416760e+01,1.545772149691308005e+04,1.545772149691308005e+04,2.677582153328783684e-09
4.585411709765250521e+01,1.545793316998119917e+04,1.545793316998119917e+04,2.645614700205388715e-09
4.588186400301656676e+01,1.545816697310217023e+04,1.545816697310217023e+04,2.684780757379993072e-09
4.590989249921278059e+01,1.545828390602806394e+04,1.545828390602806394e+04,2.648246492957355677e-09
4.593617378502855075e+01,1.545816479556426384e+04,1.545816479556426384e+04,2.683536125332441432e-09
4.596411488424336511e+01,1.545731850197140375e+04,1.545731850197140375e+04,2.672883624994495004e-09
4.599065598199451443e+01,1.545411191499929555e+04,1.545411191499929555e+04,2.673219171914257467e-09
4.601884243109188333e+01,1.543961783942783040e+04,1.543961783942783040e+04,2.690373178988310327e-09
4.604572862745779105e+01,1.543058190487511092e+04,1.543058190487511092e+04,2.650541657377438945e-09
4.607412315576494422e+01,1.542910705000254529e+04,1.542910705000254529e+04,2.698169620526851973e-09
4.610264860398464748e+01,1.542818903708630387e+04,1.542818903708630387e+04,2.674880395996491634e-09
4.612843521922164314e+01,1.542764116770747023e+04,1.542764116770747023e+04,2.695751549225024824e-09
4.615653320486580213e+01,1.542726890961780919e+04,1.542726890961780919e+04,2.697906920393635167e-09
4.618294272185308813e+01,1.542711813736662225e+04,1.542711813736662225e+04,2.682427236770243023e-09
4.621038434060822198e+01,1.542718347251762498e+04,1.542718347251762498e+04,2.713006935384628663e-09
4.623748857598209838e+01,1.542739878149444667e+04,1.542739878149444667e+04,2.665097928078257099e-09
4.626383369553021652e+01,1.542759500330039555e+04,1.542759500330039555e+04,2.719687260364183159e-09
4.629121532325016375e+01,1.542766582818145253e+04,1.542766582818145253e+04,2.698711228786573996e-09
4.631752500457219668e+01,1.542745601244803220e+04,1.542745601244803220e+04,2.717314597772229953e-09
4.634546346771353598e+01,1.542628534052374744e+04,1.542628534052374744e+04,2.724414923425316143e-09
4.637172473382656079e+01,1.542194397858187403e+04,1.542194397858187403e+04,2.702642761653498452e-09
4.639874469175155269e+01,1.540253573380391572e+04,1.540253573380391572e+04,2.738887619683146384e-09
4.642584234858313152e+01,1.539988299872974130e+04,1.539988299872974130e+04,2.696429405793773373e-09
4.645157706889507665e+01,1.539870953504073259e+04,1.539870953504073259e+04,2.744713445835527763e-09
4.647865981053178075e+01,1.539791757827733454e+04,1.539791757827733454e+04,2.727136527175168907e-09
4.650454163972327137e+01,1.539738450568606095e+04,1.539738450568606095e+04,2.741354553725698461e-09
4.653311291648657999e+01,1.539699660434586622e+04,1.539699660434586622e+04,2.752536766869407972e-09
4.655914989810547411e+01,1.539680683340129508e+04,1.539680683340129508e+04,2.721155958703352549e-09
4.658584725554295858e+01,1.539676174708820326e+04,1.539676174708820326e+04,2.764003881323210515e-09
4.661308295862797024e+01,1.539677891628728139e+04,1.539677891628728139e+04,2.728399856897959798e-09
4.663824835842781624e+01,1.539665521150727000e+04,1.539665521150727000e+04,2.766445905837111695e-09
4.666517919674225823e+01,1.539580921331884201e+04,1.539580921331884201e+04,2.754255835294144718e-09
4.669070583510453787e+01,1.539258100077048948e+04,1.539258100077048948e+04,2.759100586045725179e-09
4.671773211926867475e+01,1.537950252157454815e+04,1.537950252157454815e+04,2.772880481291363468e-09
4.674357806847878294e+01,1.537326288094953816e+04,1.537326288094953816e+04,2.739317589209079082e-09
4.677084096111864397e+01,1.537181176158505332e+04,1.537181176158505332e+04,2.781719099400240608e-09
4.679806407670925239e+01,1.537090590396985681e+04,1.537090590396985681e+04,2.748694867275879102e-09
4.683189648315577358e+01,1.537020340040217707e+04,1.537020340040217707e+04,2.757921269836242224e-09
4.685829780493513397e+01,1.536989811345730050e+04,1.536989811345730050e+04,2.784517231045361578e-09
4.688452451312357994e+01,1.536979113940723801e+04,1.536979113940723801e+04,2.730006012669951222e-09
4.690997838277134946e+01,1.536988941649757544e+04,1.536988941649757544e+04,2.786637194881394109e-09
4.693653090615838863e+01,1.537010603300217917e+04,1.537010603300217917e+04,2.756522169973704610e-09
4.696208067307777867e+01,1.537027088361377355e+04,1.537027088361377355e+04,2.779087172668442235e-09
4.698907442604775753e+01,1.537028757615556242e+04,1.537028757615556242e+04,2.775165688033299588e-09
4.701456053898247234e+01,1.536994564727907346e+04,1.536994564727907346e+04,2.759673998133940796e-09
4.704089205773613713e+01,1.536837816936672789e+04,1.536837816936672789e+04,2.782336035970451549e-09
4.706703590816951532e+01,1.536230205397118880e+04,1.536230205397118880e+04,2.728551885999678038e-09
4.709251073392325537e+01,1.534409819327875448e+04,1.534409819327875448e+04,2.780550696818143165e-09
4.712001979007713004e+01,1.534213267820924739e+04,1.534213267820924739e+04,2.749716839808902955e-09
4.714553035562106942e+01,1.534097244249303003e+04,1.534097244249303003e+04,2.767463189663350538e-09
4.717262231676122752e+01,1.534021339327667192e+04,1.534021339327667192e+04,2.762719108880496773e-09
4.719821713918430106e+01,1.533972409066473301e+04,1.533972409066473301e+04,2.742717501023423263e-09
4.722458604146709860e+01,1.533942931832101931e+04,1.533942931832101931e+04,2.764713055124400645e-09
4.725096306196210350e+01,1.533933034670903908e+04,1.533933034670903908e+04,2.706381243681743743e-09
4.727640873021420020e+01,1.533943541684651609e+04,1.533943541684651609e+04,2.758027046486315975e-09
4.730310745114454818e+01,1.533966189053622293e+04,1.533966189053622293e+04,2.723096829042922644e-09
4.732879869982858168e+01,1.533984169557823043e+04,1.533984169557823043e+04,2.742105372906600184e-09
4.735603025616651962e+01,1.533988227454645494e+04,1.533988227454645494e+04,2.732571893255072909e-09
4.738181999964378832e+01,1.533957389013401371e+04,1.533957389013401371e+04,2.714711054358106471e-09
4.740843359130052903e+01,1.533808326368204143e+04,1.533808326368204143e+04,2.731399294570837357e-09
4.743496801325065348e+01,1.533224958851890915e+04,1.533224958851890915e+04,2.676413625109312520e-09
4.746077956674289311e+01,1.531368302943834169e+04,1.531368302943834169e+04,2.721934624746153319e-09
4.748875019661605990e+01,1.531173032108270309e+04,1.531173032108270309e+04,2.686515533221622902e-09
4.751470564066625002e+01,1.531057854346214117e+04,1.531057854346214117e+04,2.701909798327522866e-09
4.754231881341066668e+01,1.530982703318791755e+04,1.530982703318791755e+04,2.692151410429566812e-09
4.756847289178822535e+01,1.530934356447521532e+04,1.530934356447521532e+04,2.671123073203450898e-09
4.759539805028648374e+01,1.530905576045437556e+04,1.530905576045437556e+04,2.687831053540134225e-09
4.762244445775336033e+01,1.530896410271546483e+04,1.530896410271546483e+04,2.629707005250264536e-09
4.764845438195293070e+01,1.530907746824658898e+04,1.530907746824658898e+04,2.675789115388139414e-09
4.767583684869806149e+01,1.530931768498747078e+04,1.530931768498747078e+04,2.638427790004543120e-09
4.770218807885652268e+01,1.530951817643791037e+04,1.530951817643791037e+04,2.655551097003740823e-09
4.773018929668550925e+01,1.530959010648164258e+04,1.530959010648164258e+04,2.643279746259377930e-09
4.775675446235553778e+01,1.530932484247475622e+04,1.530932484247475622e+04,2.624752528452500541e-09
4.778410447445580900e+01,1.530793372235757670e+04,1.530793372235757670e+04,2.638701835852357098e-09
4.781155251048770083e+01,1.530238992514735219e+04,1.530238992514735219e+04,2.584002689540940774e-09
4.783801464374048606e+01,1.528329796189577064e+04,1.528329796189577064e+04,2.626956939573336736e-09
4.786584177957801245e+01,1.528141539222286337e+04,1.528141539222286337e+04,2.589017523093419263e-09
4.789263337187880154e+01,1.528025204511926495e+04,1.528025204511926495e+04,2.607606857629063301e-09
4.792107594745809962e+01,1.527949570974446397e+04,1.527949570974446397e+04,2.594760958152954887e-09
4.794808467967430232e+01,1.527900884017846693e+04,1.527900884017846693e+04,2.578336901369039185e-09
4.797585500419518922e+01,1.527871944683716356e+04,1.527871944683716356e+04,2.591652295319051242e-09
4.800376701627850196e+01,1.527862720333422294e+04,1.527862720333422294e+04,2.539623239321511641e-09
4.803060325508876360e+01,1.527874148577210508e+04,1.527874148577210508e+04,2.581926502522215256e-09
4.805884648043722507e+01,1.527898783522763188e+04,1.527898783522763188e+04,2.545324757518766869e-09
4.808601686703169520e+01,1.527920133684172106e+04,1.527920133684172106e+04,2.565203991162328950e-09
4.811584007132385210e+01,1.527929315822052922e+04,1.527929315822052922e+04,2.555405329390694262e-09
4.814323862158282452e+01,1.527903854971907276e+04,1.527903854971907276e+04,2.536091587893806179e-09
4.817132412313988965e+01,1.527765787419381377e+04,1.527765787419381377e+04,2.554321660200043578e-09
4.819991153622077462e+01,1.527200201206646307e+04,1.527200201206646307e+04,2.501832419904635856e-09
4.822683559008489595e+01,1.525279650101275365e+04,1.525279650101275365e+04,2.547241924816372292e-09
4.825541157276835236e+01,1.525096412946980672e+04,1.525096412946980672e+04,2.516995651490556461e-09
4.828276789146487857e+01,1.524982591062941901e+04,1.524982591062941901e+04,2.533623550358794222e-09
4.831281514058872517e+01,1.524906063149116744e+04,1.524906063149116744e+04,2.529696413297287500e-09
4.834059423273880896e+01,1.524858244871423085e+04,1.524858244871423085e+04,2.507611606691132508e-09
4.836971411214828720e+01,1.524829844953513202e+04,1.524829844953513202e+04,2.532829125676768530e-09
4.839895165920517428e+01,1.524822513971604349e+04,1.524822513971604349e+04,2.491927996584936327e-09
4.842580309774007219e+01,1.524835168884062477e+04,1.524835168884062477e+04,2.528748425013062313e-09
4.845478361304034109e+01,1.524859585014629374e+04,1.524859585014629374e+04,2.509874703690596157e-09
4.848227147400767478e+01,1.524878714871443299e+04,1.524878714871443299e+04,2.517638826986413073e-09
4.851088645028962532e+01,1.524884157980843156e+04,1.524884157980843156e+04,2.523310263271545609e-09
4.853891490287707455e+01,1.524850860873364581e+04,1.524850860873364581e+04,2.498549445315587322e-09
4.856688924940668528e+01,1.524690984072401261e+04,1.524690984072401261e+04,2.531239403261168512e-09
4.859620752908468688e+01,1.524014863350992346e+04,1.524014863350992346e+04,2.494734933596819084e-09
4.862390715955596932e+01,1.522196339206819903e+04,1.522196339206819903e+04,2.532763554077308632e-09
4.865285492292159830e+01,1.522024788319351319e+04,1.522024788319351319e+04,2.521349994199292334e-09
4.868036168947229925e+01,1.521917899716009015e+04,1.521917899716009015e+04,2.526568852362821917e-09
4.870857699645246441e+01,1.521848734072688603e+04,1.521848734072688603e+04,2.540268718605206441e-09
4.873665024995616335e+01,1.521801215200938532e+04,1.521801215200938532e+04,2.512630566392602166e-09
4.876391292015850354e+01,1.521774432446670835e+04,1.521774432446670835e+04,2.553981576333207928e-09
4.879319230464365376e+01,1.521766283272349210e+04,1.521766283272349210e+04,2.524509430229949744e-09
4.882037526617474299e+01,1.521777975097116723e+04,1.521777975097116723e+04,2.561559450155227290e-09
4.884996953775689832e+01,1.521800274964034725e+04,1.521800274964034725e+04,2.558965837098015473e-09
4.887714510759340669e+01,1.521814700809096576e+04,1.521814700809096576e+04,2.558799623000804319e-09
4.890477767926161334e+01,1.521812479070797053e+04,1.521812479070797053e+04,2.582813569714127701e-09
4.893282113820296786e+01,1.521760033396764084e+04,1.521760033396764084e+04,2.548260093850181887e-09
4.895914400734834970e+01,1.521555379492989050e+04,1.521555379492989050e+04,2.601656034535236689e-09
4.898693663349628480e+01,1.520725852585896064e+04,1.520725852585896064e+04,2.576524725839846369e-09
4.901345082396061059e+01,1.519113947670392190e+04,1.519113947670392190e+04,2.614931779820019824e-09
4.904233512273513895e+01,1.518944763031281218e+04,1.518944763031281218e+04,2.616491880999523722e-09
4.906893014416699828e+01,1.518842917788898012e+04,1.518842917788898012e+04,2.617973980709658673e-09
4.909586006644845213e+01,1.518776106122050805e+04,1.518776106122050805e+04,2.646043835910692682e-09
4.912330049227056605e+01,1.518728673891700237e+04,1.518728673891700237e+04,2.612605769431315100e-09
4.914886110566077804e+01,1.518702335856812533e+04,1.518702335856812533e+04,2.670197428814796665e-09
4.917591451695159321e+01,1.518693200544904903e+04,1.518693200544904903e+04,2.646304045119013898e-09
4.920166398914799544e+01,1.518702185254955657e+04,1.518702185254955657e+04,2.688310575336526409e-09
4.922969277604631344e+01,1.518720306869845626e+04,1.518720306869845626e+04,2.690651763946944810e-09
4.925550567753557374e+01,1.518729891514985684e+04,1.518729891514985684e+04,2.695831725499721643e-09
4.928161076715782229e+01,1.518721207260444316e+04,1.518721207260444316e+04,2.723916567431410701e-09
4.930817912116982882e+01,1.518656814814225618e+04,1.518656814814225618e+04,2.694382762989604696e-09
4.934158297395477888e+01,1.518243317033907260e+04,1.518243317033907260e+04,2.748016317205128282e-09
4.936781413525801554e+01,1.516746759182625647e+04,1.516746759182625647e+04,2.754196838601940944e-09
4.939310120567530760e+01,1.515991542921367181e+04,1.515991542921367181e+04,2.755980215428043277e-09
4.941933160907793621e+01,1.515861434141667814e+04,1.515861434141667814e+04,2.788037895588640389e-09
4.944547049080418333e+01,1.515777108357411089e+04,1.515777108357411089e+04,2.748993401981077595e-09
4.947810878268151669e+01,1.515705297526753566e+04,1.515705297526753566e+04,2.806614349974771230e-09
4.950347194840095710e+01,1.515667998995138805e+04,1.515667998995138805e+04,2.816191988586377641e-09
4.953758192971103114e+01,1.515639251323347344e+04,1.515639251323347344e+04,2.796940501047819269e-09
4.957051784077280132e+01,1.515629285307189821e+04,1.515629285307189821e+04,2.834011377548347262e-09
4.960307787492223497e+01,1.515607667502696131e+04,1.515607667502696131e+04,2.865649030480642337e-09
4.962832967106771775e+01,1.515510929272770591e+04,1.515510929272770591e+04,2.840670297070100179e-09
4.966085546866403888e+01,1.514881111868415610e+04,1.514881111868415610e+04,2.854728077406102068e-09
4.969287181883628080e+01,1.513356845292460093e+04,1.513356845292460093e+04,2.891500942529862671e-09
4.971795916316089148e+01,1.513195626337266913e+04,1.513195626337266913e+04,2.874129185383442332e-09
4.975047905475137355e+01,1.513066132510940588e+04,1.513066132510940588e+04,2.864144841465132130e-09
4.978182258528460835e+01,1.512992283845564270e+04,1.512992283845564270e+04,2.906257614624070065e-09
4.980750318479637428e+01,1.512954889685377930e+04,1.512954889685377930e+04,2.897734761922318308e-09
4.984015447490371997e+01,1.512934625383935418e+04,1.512934625383935418e+04,2.859396070658237181e-09
4.987143984729939916e+01,1.512944793434396342e+04,1.512944793434396342e+04,2.905675422499548430e-09
4.990325861495217907e+01,1.512964143401156616e+04,1.512964143401156616e+04,2.915378228442287480e-09
4.992870099446037813e+01,1.512966441890819260e+04,1.512966441890819260e+04,2.868617590235641198e-09
4.996062505989542046e+01,1.512916097523791723e+04,1.512916097523791723e+04,2.890398042329940541e-09
4.999238862680712714e+01,1.512593419970927062e+04,1.512593419970927062e+04,2.904317698032427919e-09
5.002507945295987213e+01,1.510569797143977848e+04,1.510569797143977848e+04,2.885663252139135327e-09
5.005825332657110494e+01,1.510173994287610913e+04,1.510173994287610913e+04,2.842374245923110575e-09
5.009041336596786920e+01,1.510036367309075285e+04,1.510036367309075285e+04,2.857683543871407566e-09
5.012248535119592674e+01,1.509958762267363454e+04,1.509958762267363454e+04,2.864568832105562321e-09
5.014758162182437928e+01,1.509920779957895138e+04,1.509920779957895138e+04,2.818530735226341692e-09
5.018010662364733321e+01,1.509897957363870410e+04,1.509897957363870410e+04,2.812528775451169151e-09
5.020525161506056833e+01,1.509902556478975021e+04,1.509902556478975021e+04,2.824655708483972492e-09
5.023100600553972583e+01,1.509921211892176871e+04,1.509921211892176871e+04,2.758529769916173925e-09
5.026413683350410366e+01,1.509942669372708224e+04,1.509942669372708224e+04,2.781896864805994789e-09
5.028919569300877868e+01,1.509942330697770922e+04,1.509942330697770922e+04,2.771069907805835843e-09
5.031448974003080821e+01,1.509896770847096195e+04,1.509896770847096195e+04,2.734488316617566758e-09
5.034740109090808602e+01,1.509562142320538442e+04,1.509562142320538442e+04,2.742035970043462770e-09
5.037447668129099299e+01,1.508261110256094253e+04,1.508261110256094253e+04,2.706369775441865369e-09
5.039965887582845738e+01,1.507230792118058889e+04,1.507230792118058889e+04,2.696368845143795826e-09
5.042542116226520221e+01,1.507094081193696184e+04,1.507094081193696184e+04,2.684174508805877805e-09
5.045160373428020506e+01,1.507005214723847712e+04,1.507005214723847712e+04,2.642930901235657257e-09
5.047689652135726845e+01,1.506949405164521340e+04,1.506949405164521340e+04,2.655215132873211317e-09
5.050439209726592793e+01,1.506909220569488025e+04,1.506909220569488025e+04,2.590623189595747154e-09
5.053018944858570904e+01,1.506889300299077149e+04,1.506889300299077149e+04,2.618356740693332861e-09
5.055758972309580201e+01,1.506887890041706669e+04,1.529275995354027509e+04,2.575007904887672034e-09
5.058384593983302580e+01,1.506904199197451999e+04,1.532495253071103980e+04,2.573114306099964582e-09
5.061096414588112680e+01,1.506929442096412640e+04,1.535336659566493108e+04,2.551710143464244269e-09
5.063812933739060895e+01,1.506949842739620181e+04,1.537954625268125892e+04,2.520197910051427100e-09
5.066502834138233879e+01,1.506955298406229122e+04,1.540413357368689503e+04,2.522667202778657951e-09
5.069368382438500475e+01,1.506910187006658452e+04,1.542933891119101099e+04,2.457921612160553639e-09
5.072092514117123585e+01,1.506705219971681800e+04,1.545259949296109517e+04,2.487169558315604580e-09
5.074968575092710665e+01,1.505860240946141857e+04,1.547644484735310107e+04,2.442188001609439532e-09
5.077719929761003215e+01,1.504244369362910220e+04,1.549853048520319135e+04,2.444654743440097603e-09
5.080576753826997560e+01,1.504098335873952783e+04,1.552073927017368987e+04,2.421704938080051455e-09
5.083427250631064709e+01,1.504005125490079990e+04,1.554217786538870132e+04,2.395361342724094831e-09
5.086349262502682222e+01,1.503944691217892068e+04,1.556315974782793091e+04,2.396808551733846738e-09
5.089376044614791539e+01,1.503904135146895533e+04,1.558373111199861160e+04,2.337213679204011016e-09
5.092222083056565651e+01,1.503884718695504853e+04,1.560205360509821912e+04,2.365410045078364296e-09
5.095343998387409812e+01,1.503885230974660772e+04,1.562066880713434512e+04,2.329882177604775302e-09
5.098252544571879952e+01,1.503904525309388191e+04,1.563645589303551242e+04,2.325327597385039651e-09
5.101217173863899035e+01,1.503933099134722761e+04,1.565091814795232312e+04,2.314228723625571363e-09
5.104257109412271376e+01,1.503958303348663503e+04,1.566375252746526166e+04,2.279952127010843836e-09
5.107140684808074838e+01,1.503968506941698615e+04,1.567379058984658877e+04,2.295090795464359454e-09
5.110214860799258219e+01,1.503932623068433350e+04,1.568221381062437285e+04,2.245158169106675591e-09
5.113166178338460810e+01,1.503754254228927493e+04,1.568758746743259690e+04,2.272287684595426939e-09
5.116393897603158791e+01,1.502973710855492573e+04,1.569013405902045270e+04,2.246462475184741772e-09
5.119424463962968730e+01,1.501204497396362603e+04,1.568901941511978475e+04,2.241900448267885474e-09
5.122567079486515951e+01,1.501061485368922331e+04,1.568389937909858600e+04,2.242085821384198712e-09
5.125763024472777829e+01,1.500971504601312154e+04,1.567404844452979160e+04,2.203112056350457145e-09
5.128806122162932724e+01,1.500914771978793760e+04,1.566034391148930445e+04,2.233523268490525089e-09
5.131996502630580181e+01,1.500876961826389197e+04,1.564063861530385657e+04,2.203301442605880976e-09
5.135045638021765058e+01,1.500859241759858742e+04,1.561713878066886355e+04,2.220365261677567606e-09
5.138159544466137163e+01,1.500861720591113226e+04,1.558826723932504319e+04,2.213271102049592349e-09
5.141297961263664718e+01,1.500881779716605524e+04,1.555484926324944354e+04,2.202752515342665156e-09
5.144309341679961989e+01,1.500907274103446071e+04,1.551969097956173027e+04,2.221260336068807290e-09
5.147587109495170665e+01,1.500928519072693052e+04,1.547892582131414201e+04,2.184559149352397290e-09
5.150613491973034286e+01,1.500928675445842782e+04,1.543978454389311810e+04,2.227421130040028940e-09
5.153896569525820581e+01,1.500858082157253739e+04,1.539695744462429138e+04,2.215392137315144776e-09
5.156970544647408161e+01,1.500566548448862886e+04,1.535743727263799337e+04,2.228239139590221389e-09
5.160119933275800719e+01,1.499379401912566755e+04,1.531735419231322885e+04,2.242935994527919914e-09
5.163319777633843444e+01,1.498098095176010429e+04,1.527775170936432187e+04,2.223154354475910133e-09
5.166325291628728422e+01,1.497974363952406748e+04,1.524115530488572767e+04,2.269347177628151903e-09
5.169463201339844005e+01,1.497892904797319898e+04,1.520284782575268036e+04,2.255930744293920278e-09
5.172449425591641159e+01,1.497837645865268314e+04,1.516491148914885162e+04,2.294039078354596838e-09
5.175453425673492092e+01,1.497801328226887381e+04,1.511375052332483392e+04,2.305038479758833823e-09
5.178477105754758725e+01,1.497782305112202084e+04,1.497782305112202084e+04,2.317740719889026486e-09
5.181327510919075507e+01,1.497782259369857275e+04,1.497782259369857275e+04,2.356198154844398995e-09
5.184311226717863264e+01,1.497795320701302990e+04,1.497795320701302990e+04,2.343901546278843042e-09
5.187138762483192522e+01,1.497807851388495874e+04,1.497807851388495874e+04,2.410930206870065165e-09
5.190181560358735169e+01,1.497807495370408287e+04,1.497807495370408287e+04,2.417491315778647298e-09
5.192986094966183686e+01,1.497769667427886452e+04,1.497769667427886452e+04,2.467920476699883084e-09
5.195764364868702501e+01,1.497609086800106161e+04,1.497609086800106161e+04,2.499746595501604398e-09
5.198596398271649832e+01,1.496980507254748045e+04,1.496980507254748045e+04,2.525676788555307429e-09
5.201186090675945195e+01,1.495148189186195486e+04,1.495148189186195486e+04,2.587587750094066836e-09
5.203909308571765280e+01,1.494979778313328461e+04,1.494979778313328461e+04,2.589299210363910396e-09
5.206464399623874328e+01,1.494870400302806229e+04,1.494870400302806229e+04,2.681941798162919644e-09
5.209196137930130988e+01,1.494790972240957308e+04,1.494790972240957308e+04,2.706308004465477583e-09
5.211704853619012567e+01,1.494733094442562833e+04,1.494733094442562833e+04,2.782847699736135022e-09
5.214947212137976607e+01,1.494677590953755498e+04,1.494677590953755498e+04,2.864803785458780092e-09
5.218195701740086179e+01,1.494638508712100520e+04,1.494638508712100520e+04,2.927031055358274483e-09
5.221397644302039964e+01,1.494605185004385203e+04,1.494605185004385203e+04,2.995552821187306731e-09
5.224407718953086999e+01,1.494525290940962077e+04,1.494525290940962077e+04,3.129671407597508384e-09
5.227288332439736251e+01,1.494139390241947876e+04,1.494139390241947876e+04,3.234329405429664983e-09
5.230169688610914847e+01,1.492454672063568796e+04,1.492454672063568796e+04,3.312802174253583489e-09
5.232984560888294112e+01,1.492183834954994018e+04,1.492183834954994018e+04,3.409328905915526640e-09
5.235638546088930667e+01,1.492034353858333634e+04,1.492034353858333634e+04,3.563348841374500698e-09
5.238171042006275968e+01,1.491942246538848121e+04,1.491942246538848121e+04,3.675539514198717086e-09
5.240777734141798305e+01,1.491873380113772146e+04,1.491873380113772146e+04,3.759817173250388388e-09
5.243786066634659448e+01,1.491823004901417335e+04,1.491823004901417335e+04,3.879590364766910132e-09
5.246734079592037148e+01,1.491800686821059935e+04,1.491800686821059935e+04,4.033362763112367256e-09
5.249558690672837002e+01,1.491758590653913961e+04,1.491758590653913961e+04,4.194372459635067416e-09
5.252222767591790387e+01,1.491605211129351483e+04,1.491605211129351483e+04,4.343049369488142391e-09
5.254887010525305868e+01,1.490563689409912877e+04,1.490563689409912877e+04,4.471857351991382199e-09
5.257409851466693596e+01,1.489126993772491187e+04,1.489126993772491187e+04,4.575355348615401784e-09
5.260409338856721462e+01,1.488891559868849981e+04,1.488891559868849981e+04,4.673334471245591199e-09
5.263409761643039531e+01,1.488772389823179947e+04,1.488772389823179947e+04,4.740435038620884417e-09
5.266300030960735512e+01,1.488707148521939416e+04,1.488707148521939416e+04,4.774912839258336050e-09
5.269167744840914480e+01,1.488686397363607830e+04,1.488686397363607830e+04,4.777311648547654092e-09
5.272093746477246867e+01,1.488660486539256453e+04,1.488660486539256453e+04,4.742272170419990980e-09
5.274980608406546168e+01,1.488484351610942758e+04,1.488484351610942758e+04,4.680437909891569046e-09
5.277888573679557993e+01,1.486535046155949749e+04,1.486535046155949749e+04,4.591734060446551919e-09
5.280850712026990834e+01,1.485970280251087752e+04,1.485970280251087752e+04,4.476964685533425513e-09
5.283385029508903585e+01,1.485829625739050425e+04,1.485829625739050425e+04,4.410562412067456775e-09
5.285922077063042934e+01,1.485755949565049559e+04,1.485755949565049559e+04,4.323770669212011760e-09
5.288519323718561083e+01,1.485716979507708493e+04,1.485716979507708493e+04,4.211085502356885301e-09
5.291277641182318092e+01,1.485713423191551374e+04,1.485713423191551374e+04,4.073353967231551709e-09
5.294094411053639249e+01,1.485733430105276784e+04,1.485733430105276784e+04,3.921898108646916906e-09
5.297017668007607938e+01,1.485728456151965474e+04,1.485728456151965474e+04,3.759123297003667642e-09
5.300105230862043726e+01,1.485546964219695474e+04,1.485546964219695474e+04,3.589312515013755208e-09
5.302616750760788733e+01,1.484540741118732512e+04,1.484540741118732512e+04,3.475068122726876965e-09
5.305823858284831118e+01,1.483102429825428044e+04,1.483102429825428044e+04,3.342109437963646911e-09
5.308547340118317237e+01,1.482959706603130144e+04,1.525426174747627556e+04,3.229168192231689378e-09
5.311410908844182899e+01,1.482883646018386025e+04,1.538884541848053232e+04,3.079743561487748122e-09
5.314377584106252073e+01,1.482840717144890550e+04,1.550579817211904265e+04,2.939367122979685663e-09
5.317397774031356761e+01,1.482826450995812775e+04,1.561361875464563855e+04,2.858048592611016898e-09
5.320535510408484470e+01,1.482843052722175889e+04,1.571771513896905890e+04,2.741377217217014027e-09
5.323114548075929520e+01,1.482876192860619813e+04,1.579879902780749035e+04,2.612355466118523783e-09
5.326504293848667970e+01,1.482926757731424186e+04,1.590044354100141391e+04,2.536472708575259879e-09
5.329161226564195175e+01,1.482960081751492908e+04,1.597674892099144563e+04,2.446939924842060829e-09
5.331916658090935357e+01,1.482970902033118182e+04,1.605313263249834017e+04,2.362330041447939360e-09
5.334772872463319260e+01,1.482905208661827965e+04,1.612955681948129131e+04,2.296868813775081527e-09
5.337845008553716752e+01,1.482589631972389179e+04,1.620883713103881928e+04,2.183343479571899936e-09
5.340790018674245232e+01,1.481287748056208511e+04,1.628215932131617410e+04,2.148573108260170084e-09
5.344150852130375284e+01,1.480169509354605361e+04,1.636275873220814901e+04,2.048985091252932769e-09
5.347329172793615015e+01,1.480080636756132299e+04,1.643618506037364205e+04,1.999265859938909018e-09
5.350690609063988035e+01,1.480029079678946982e+04,1.651095475958191673e+04,1.927739414710458438e-09
5.354199848909826898e+01,1.479998607794036252e+04,1.658607944923938339e+04,1.855489553620161153e-09
5.356734631164677296e+01,1.479990387217340503e+04,1.663853377926478788e+04,1.818449081275909239e-09
5.360006106939225390e+01,1.479994819965848546e+04,1.670413811875618921e+04,1.764318009965282185e-09
5.363150524862027879e+01,1.480016867928341526e+04,1.676506434403766980e+04,1.716926384427480495e-09
5.365957477885748972e+01,1.480049674529107142e+04,1.681776361060532145e+04,1.680682490577415659e-09
5.368547770688545029e+01,1.480088785072638711e+04,1.686507730652675673e+04,1.624923283191683156e-09
5.371958098457500341e+01,1.480147624325618381e+04,1.692549959438744918e+04,1.604187801538276912e-09
5.375283203900985995e+01,1.480210026713127627e+04,1.698249562953966233e+04,1.537885401724182230e-09
5.378022090448439485e+01,1.480265504258952751e+04,1.702808587486492615e+04,1.531358501328452592e-09
5.381949672212575564e+01,1.709146317612526400e+04,1.709146317612526400e+04,1.468075705241249456e-09
5.384733881848458026e+01,1.713503009694522916e+04,1.713503009694522916e+04,1.457926986358887203e-09
5.387536911928817318e+01,1.717780703504155463e+04,1.717780703504155463e+04,1.431594564190703015e-09
5.390154852964640497e+01,1.721683244821244443e+04,1.721683244821244443e+04,1.387375758626771154e-09
5.392878503647975208e+01,1.725650277036173065e+04,1.725650277036173065e+04,1.385582324234171170e-09
5.395802278236088512e+01,1.729808833352525471e+04,1.729808833352525471e+04,1.357869356068103694e-09
5.398680061447855394e+01,1.733806889645724004e+04,1.733806889645724004e+04,1.324574707715071755e-09
5.402716445970085601e+01,1.739257673155851808e+04,1.739257673155851808e+04,1.310900457216257728e-09
5.406977427823530036e+01,1.477189791051849352e+04,1.744824893479281309e+04,1.286755670739226659e-09
5.411072106456528275e+01,1.477155631879701650e+04,1.750002910000858537e+04,1.276078790359496405e-09
5.415083336038438944e+01,1.477139004432485126e+04,1.754921867418075271e+04,1.266375754797959622e-09
5.417768562581846226e+01,1.477136149691518585e+04,1.758129699278905900e+04,1.260273991129616272e-09
5.420825386359996401e+01,1.477141007996928965e+04,1.761703417923174857e+04,1.253693061780079467e-09
5.424339324506331650e+01,1.477158178279535969e+04,1.765711189708849633e+04,1.246583096438159875e-09
5.427253596448854722e+01,1.477181476521116201e+04,1.768955642541882844e+04,1.245720571732888760e-09
5.429754231682100851e+01,1.477207618366690440e+04,1.771681489959332612e+04,1.245667828493836197e-09
5.432288503313262851e+01,1.477239359990279081e+04,1.774391044655194855e+04,1.245614231276978297e-09
5.435484115990854548e+01,1.777737004341351349e+04,1.777737004341351349e+04,1.245546445740510788e-09
5.438070263017154105e+01,1.780383586471503440e+04,1.780383586471503440e+04,1.245491431828293700e-09
5.440943033727253919e+01,1.783261990875362608e+04,1.783261990875362608e+04,1.245430164300709493e-09
5.444239085310604764e+01,1.786486350796045372e+04,1.786486350796045372e+04,1.245359676927437770e-09
5.447570033509561682e+01,1.789659042915424288e+04,1.789659042915424288e+04,1.245288246270720944e-09
5.450389170009216144e+01,1.792275147841250873e+04,1.792275147841250873e+04,1.245227644942803153e-09
5.453409418302225475e+01,1.795013826324058391e+04,1.795013826324058391e+04,1.245162583481737186e-09
5.455929505355246789e+01,1.797247295744580697e+04,1.797247295744580697e+04,1.245108193043019481e-09
5.458804069164621353e+01,1.799732474603838273e+04,1.799732474603838273e+04,1.245046044061092947e-09
5.461717813142688271e+01,1.802185406395909376e+04,1.802185406395909376e+04,1.244982940405963125e-09
5.465527311477201522e+01,1.805297599390219693e+04,1.805297599390219693e+04,1.244900286950181526e-09
5.468405585596527629e+01,1.807571627279825771e+04,1.807571627279825771e+04,1.244837735119359429e-09
5.471788554182185038e+01,1.810163507796030171e+04,1.810163507796030171e+04,1.244764116347560742e-09
5.474951611787680150e+01,1.812510389238780408e+04,1.812510389238780408e+04,1.244695196847673388e-09
5.477802426204731745e+01,1.814555658332019084e+04,1.814555658332019084e+04,1.244633018956873428e-09
5.480468219744157921e+01,1.816404450165565868e+04,1.816404450165565868e+04,1.244574832848909481e-09
5.483468722033301646e+01,1.818424194794032883e+04,1.818424194794032883e+04,1.244509297830341919e-09
5.486746441482648606e+01,1.820541640858075334e+04,1.820541640858075334e+04,1.244437668307657596e-09
5.490372754673639122e+01,1.474179032188050769e+04,1.822775530437643829e+04,1.244358388573566010e-09
5.494420364485483788e+01,1.474165446322499884e+04,1.825137425108126263e+04,1.244269884612824145e-09
5.497516551525689010e+01,1.474161950359797083e+04,1.826846530742099276e+04,1.244202190158642426e-09
5.501070748614066019e+01,1.474166159212087223e+04,1.828696296315010113e+04,1.244124508020023543e-09
5.503736727875025281e+01,1.474175230719593492e+04,1.830006327603452519e+04,1.244066270759918996e-09
5.506911089601947396e+01,1.831469714057350211e+04,1.831469714057350211e+04,1.243996977975794778e-09
5.510500364967585085e+01,1.833003464357839403e+04,1.833003464357839403e+04,1.243918714752312910e-09
5.513239084253378053e+01,1.834075077972725921e+04,1.834075077972725921e+04,1.243859076548219475e-09
5.516513223449410219e+01,1.835248578668707341e+04,1.835248578668707341e+04,1.243787888354361614e-09
5.519290769059700352e+01,1.836141265845184171e+04,1.836141265845184171e+04,1.243727608340850545e-09
5.523732235162476201e+01,1.837357788180456191e+04,1.837357788180456191e+04,1.243631473710905221e-09
5.527902712595708579e+01,1.838251543671350737e+04,1.838251543671350737e+04,1.243541555499665096e-09
5.530697447955075319e+01,1.838697128812027950e+04,1.838697128812027950e+04,1.243481527524048996e-09
5.533914933631086797e+01,1.839043860855915773e+04,1.839043860855915773e+04,1.243412687639515362e-09
5.536624592223547836e+01,1.839183806867880048e+04,1.839183806867880048e+04,1.243354969804819357e-09
5.539605825812462570e+01,1.839160514611399049e+04,1.839160514611399049e+04,1.243291784626575873e-09
5.542599242098706469e+01,1.838925241078665931e+04,1.838925241078665931e+04,1.252227306715027495e-09
5.545314778602999439e+01,1.471519385444471300e+04,1.838503650277982524e+04,1.286715196110456758e-09
5.548384295572977010e+01,1.471456330146664368e+04,1.837750118381246648e+04,1.310591381657102156e-09
5.551233785853898439e+01,1.471403634703761963e+04,1.836735912382010429e+04,1.373817023929346426e-09
5.554131112549850258e+01,1.471355203871001868e+04,1.835326864156216834e+04,1.472401302729840161e-09
5.556792100017852221e+01,1.471313876988241645e+04,1.833614980166082023e+04,1.759707823388548196e-09
5.560206088921572132e+01,1.471262468620136497e+04,1.830627699226615732e+04,2.375892826790820614e-09
5.563594821359944120e+01,1.471209142641007020e+04,1.826351190621930800e+04,3.711587509326504038e-09
5.566083080872197542e+01,1.471159420915955707e+04,1.821785498002562599e+04,6.402001665836114465e-09
5.567645836015610428e+01,1.471113947616261430e+04,1.817726238843444298e+04,1.160514484295756397e-08
5.568423288626498646e+01,1.471081045669620107e+04,1.815020324328426432e+04,1.898519503204899063e-08
5.568914045093026033e+01,1.471052222365457601e+04,1.812831040963175110e+04,3.079677221387876514e-08
5.569239646004800193e+01,1.471025393657434142e+04,1.810920666417446773e+04,5.121834952800261113e-08
5.569459852723207405e+01,1.470998458192549879e+04,1.809126811702136547e+04,9.291388817644154028e-08
5.569558835323099544e+01,1.470980165382697487e+04,1.807994325241355182e+04,1.478156228770703074e-07
5.569624209917746072e+01,1.470962359944485434e+04,1.806970320145834921e+04,2.440296591829614220e-07
5.569666198054577677e+01,1.470944871607308414e+04,1.806017629943355496e+04,4.184206053616033232e-07
5.569690831864327407e+01,1.470929211850058709e+04,1.805247617140462171e+04,6.952072014709691658e-07
5.569707423704363691e+01,1.470913605646705219e+04,1.804554098544217413e+04,1.131488443234121382e-06
5.569720390555009004e+01,1.470895702755075399e+04,1.803808328422278646e+04,1.816033344403332840e-06
5.569732863702190429e+01,1.470869257625470345e+04,1.802771075207127433e+04,2.987863060791885230e-06
5.569743622040493136e+01,1.470831145319698408e+04,1.801383604364362691e+04,4.880837810150250588e-06
5.569750987454325042e+01,1.470784456782779671e+04,1.799664769334650191e+04,7.882426825003507900e-06
5.569755258478217996e+01,1.470734947557316809e+04,1.797853545458986264e+04,1.256963893956464043e-05
5.569757726613259052e+01,1.470682897904762649e+04,1.795878083131953827e+04,2.047961592678463027e-05
5.569759139019300420e+01,1.470628651586550586e+04,1.793722319166148736e+04,3.314921271584328889e-05
5.569759898559268407e+01,1.470576606567672934e+04,1.791618276520862491e+04,5.326087522181424775e-05
5.569760364979558886e+01,1.470520197442314202e+04,1.789278038778690097e+04,8.779485691253383051e-05
5.569760627050630575e+01,1.470464071300984688e+04,1.786682963562403893e+04,1.417633622116166211e-04
5.569760774811232551e+01,1.470409921695583762e+04,1.783808401477055304e+04,2.263171992417421590e-04
5.569760875364690378e+01,1.470346516266567778e+04,1.778703581809315074e+04,3.775721455085728653e-04
5.569760933813095249e+01,1.470282111666141282e+04,1.470282111666141282e+04,6.200195135677360548e-04
5.569760970244610832e+01,1.470213542656895697e+04,1.470213542656895697e+04,1.006745235495691386e-03
5.569760973192383346e+01,1.470205982986316121e+04,1.470205982986316121e+04,1.066474086135973335e-03
5.569760975408600245e+01,1.470200026808233997e+04,1.470200026808233997e+04,1.112494920180371466e-03
5.569760977450319217e+01,1.470194313369095835e+04,1.470194313369095835e+04,1.156140992928226998e-03
5.569760979513059596e+01,1.470188299625719264e+04,1.470188299625719264e+04,1.202245334485075061e-03
5.569760981490682639e+01,1.470182284542892012e+04,1.470182284542892012e+04,1.248976322985851772e-03
5.569760983405513599e+01,1.470176205361102620e+04,1.470176205361102620e+04,1.296641442726572920e-03
5.569760985361522643e+01,1.470169714861332795e+04,1.470169714861332795e+04,1.347127243530066602e-03
5.569760987442364808e+01,1.470162471225249465e+04,1.470162471225249465e+04,1.416700296499528609e-03
5.569760989532750983e+01,1.470154804245355990e+04,1.470154804245355990e+04,1.498477374549186817e-03
5.569760991132186234e+01,1.470148639528640342e+04,1.470148639528640342e+04,1.562173502523498108e-03
5.569760994055535264e+01,1.470136578408755668e+04,1.470136578408755668e+04,1.683822883116894249e-03
5.569760996801740305e+01,1.470124149541533734e+04,1.470124149541533734e+04,1.810416346317585308e-03
5.569760999616979547e+01,1.470110158921800939e+04,1.470110158921800939e+04,1.961960580678337451e-03
5.569761002337877898e+01,1.470095329443411174e+04,1.470095329443411174e+04,2.167405175077718668e-03
5.569761004486648659e+01,1.470082593186063059e+04,1.470082593186063059e+04,2.335525209575734992e-03
5.569761006455876640e+01,1.470069968943943604e+04,1.470069968943943604e+04,2.504939702920498581e-03
5.569761008393196988e+01,1.470056491561557959e+04,1.470056491561557959e+04,2.688748782821088253e-03
5.569761010499254894e+01,1.470040443048249290e+04,1.470040443048249290e+04,2.983290607547507949e-03
5.569761012774262099e+01,1.470021019098915713e+04,1.470021019098915713e+04,3.322842025885946061e-03
5.569761014823620826e+01,1.470001010083300571e+04,1.470001010083300571e+04,3.675168184644648454e-03
5.569761017035503414e+01,1.469976259425175886e+04,1.469976259425175886e+04,4.227800539100668928e-03
5.569761018628085480e+01,1.469956140035077624e+04,1.469956140035077624e+04,4.683363401901937360e-03
5.569761020580407518e+01,1.469927995415330770e+04,1.469927995415330770e+04,5.347605040749735250e-03
5.569761022428053820e+01,1.469896621531111668e+04,1.469896621531111668e+04,6.342330113899241791e-03
5.569761024182343334e+01,1.469860149292848473e+04,1.469860149292848473e+04,7.446649361943410636e-03
5.569761025803682486e+01,1.469818734930837309e+04,1.469818734930837309e+04,9.115660155668553824e-03
5.569761027588053537e+01,1.469761000370345755e+04,1.469761000370345755e+04,1.184511539210325592e-02
5.569761029237957217e+01,1.469686282523110822e+04,1.469686282523110822e+04,1.617513281336907180e-02
5.569761030891064024e+01,1.469573061756307652e+04,1.469573061756307652e+04,2.525138973636180395e-02
5.569761032079699703e+01,1.469433253498918384e+04,1.469433253498918384e+04,4.078010747947367204e-02
5.569761032814393076e+01,1.469286028159643865e+04,1.469286028159643865e+04,6.546923737858709180e-02
5.569761033370593850e+01,1.469097878267487977e+04,1.469097878267487977e+04,1.057470224549329485e-01
5.569761033766670977e+01,1.468872314569581431e+04,1.468872314569581431e+04,1.683414056855602747e-01
5.569761034105118114e+01,1.468572313519098861e+04,1.468572313519098861e+04,2.690635465464768505e-01
5.569761034444967862e+01,1.467633275081984175e+04,1.467633275081984175e+04,4.275640869931032206e-01
5.569761036030641321e+01,1.460261219400130358e+04,1.460261219400130358e+04,4.797056055301903155e-01
5.569761037618067689e+01,1.453445104045675726e+04,1.453445104045675726e+04,4.877320044535600196e-01
5.569761039206400710e+01,1.447241222056834886e+04,1.447241222056834886e+04,5.540316942284788659e-01
5.569761040793881790e+01,1.440545985054557423e+04,1.440545985054557423e+04,5.982604080547830883e-01
5.569761042382565108e+01,1.434361669696333047e+04,1.434361669696333047e+04,5.840377469400469534e-01
5.569761043970958525e+01,1.429052661447417995e+04,1.429052661447417995e+04,5.521619365202788954e-01
5.569761045558173151e+01,1.423688798823278012e+04,1.423688798823278012e+04,4.912285808252683239e-01
5.569761047146796784e+01,1.419535573581865901e+04,1.419535573581865901e+04,4.129060665784908823e-01
5.569761048733430897e+01,1.415898990772397519e+04,1.415898990772397519e+04,3.527176917244801424e-01
5.569761050324078866e+01,1.413649537741546010e+04,1.413649537741546010e+04,2.801044769014435221e-01
5.569761051912520600e+01,1.411558259903526232e+04,1.411558259903526232e+04,2.320308818047793487e-01
5.569761053510094939e+01,1.410069460502764196e+04,1.410069460502764196e+04,1.834367678751799013e-01
5.569761055095895586e+01,1.408695901729632897e+04,1.408695901729632897e+04,1.536088876640664402e-01
5.569761056683642408e+01,1.408501614872010578e+04,1.408501614872010578e+04,1.267995634724430609e-01
5.569761058288185751e+01,1.408251040720095989e+04,1.408251040720095989e+04,1.054945926985660920e-01
5.569761059898784339e+01,1.407481248280647924e+04,1.407481248280647924e+04,8.966673903343568008e-02
5.569761061509952071e+01,1.406867813784385362e+04,1.406867813784385362e+04,7.652397583790208901e-02
5.569761063101125842e+01,1.406294661074363285e+04,1.406294661074363285e+04,6.740335206314228278e-02
5.569761064689537022e+01,1.406007528851967254e+04,1.406007528851967254e+04,5.861302785783008978e-02
5.569761066286017837e+01,1.405954027478567514e+04,1.405954027478567514e+04,5.244455725489755027e-02
5.569761067909786334e+01,1.405903835084333332e+04,1.405903835084333332e+04,4.726707735800069615e-02
5.569761069542476406e+01,1.405859704010647329e+04,1.405859704010647329e+04,4.182598116588440162e-02
5.569761071134115582e+01,1.405812197020950407e+04,1.405812197020950407e+04,3.818739015217361560e-02
5.569761072726250717e+01,1.405759023833174979e+04,1.405759023833174979e+04,3.503271103367222583e-02
5.569761074382343224e+01,1.405707292283507013e+04,1.405707292283507013e+04,3.218306654982646536e-02
5.569761075983670651e+01,1.405655398601970410e+04,1.405655398601970410e+04,3.026104395498559890e-02
5.569761077628672297e+01,1.405600123421962599e+04,1.405600123421962599e+04,2.809716340717418812e-02
5.569761079300830175e+01,1.405541739824727119e+04,1.405541739824727119e+04,2.579503047119122844e-02
5.569761080960645927e+01,1.405355504682783612e+04,1.405355504682783612e+04,2.451468614391212608e-02
5.569761082635994853e+01,1.405135009195878956e+04,1.405135009195878956e+04,2.287003857119470837e-02
5.569761084319110012e+01,1.404942837842516565e+04,1.404942837842516565e+04,2.135047171260554683e-02
5.569761085951310520e+01,1.404786738350313135e+04,1.404786738350313135e+04,2.034074525616597767e-02
5.569761087542224232e+01,1.404653873806893353e+04,1.404653873806893353e+04,1.942658933913186600e-02
5.569761089218872741e+01,1.404524163544689691e+04,1.404524163544689691e+04,1.851128506108861219e-02
5.569761090849313945e+01,1.404408332245023485e+04,1.404408332245023485e+04,1.763296880045216869e-02
5.569761092563870619e+01,1.404297651282562038e+04,1.404297651282562038e+04,1.678079157063064666e-02
5.569761094182430128e+01,1.404196330857830071e+04,1.404196330857830071e+04,1.604180788998916390e-02
5.569761095891093561e+01,1.404069768601645592e+04,1.404069768601645592e+04,1.530869334714048124e-02
5.569761097478689038e+01,1.403923845791841995e+04,1.403923845791841995e+04,1.459322695002032537e-02
5.569761099145569716e+01,1.403768074628353133e+04,1.403768074628353133e+04,1.391564920571880352e-02
5.569761100906895024e+01,1.403624102438458249e+04,1.403624102438458249e+04,1.330787290391959206e-02
5.569761102701957611e+01,1.403503470946174639e+04,1.403503470946174639e+04,1.274261065028247167e-02
5.569761104332000912e+01,1.403414719165776296e+04,1.403414719165776296e+04,1.251921620373792204e-02
5.569761106084561675e+01,1.403339474365225033e+04,1.403339474365225033e+04,1.202623016625534516e-02
5.569761107672096756e+01,1.403289383316534440e+04,1.403289383316534440e+04,1.148960577573874750e-02
5.569761109507552277e+01,1.403252593023645932e+04,1.403252593023645932e+04,1.105110823525263554e-02
5.569761111166980783e+01,1.403234052599806091e+04,1.403234052599806091e+04,1.088941453282790857e-02
5.569761112937202796e+01,1.403222292324446971e+04,1.403222292324446971e+04,1.039738036749753881e-02
5.569761114734477303e+01,1.403214064910120578e+04,1.403214064910120578e+04,9.990147227087447374e-03
5.569761116556774994e+01,1.403207444298963856e+04,1.403207444298963856e+04,9.862824911784074527e-03
5.569761118250593768e+01,1.403202135212134453e+04,1.403202135212134453e+04,9.439225904262186703e-03
5.569761119898889490e+01,1.403197452750894990e+04,1.403197452750894990e+04,9.272028091142570788e-03
5.569761121666597603e+01,1.403192666782629385e+04,1.403192666782629385e+04,8.968624408411377327e-03
5.569761123475277032e+01,1.403187533323092794e+04,1.403187533323092794e+04,8.619185514367126710e-03
5.569761125275036306e+01,1.403181570527836266e+04,1.403181570527836266e+04,8.527567717289298924e-03
5.569761126873559220e+01,1.403175355337276051e+04,1.403175355337276051e+04,8.192057497966987942e-03
5.569761128774840131e+01,1.403167351436728131e+04,1.403167351436728131e+04,8.100847582002090180e-03
5.569761130510858749e+01,1.403160177099433167e+04,1.403160177099433167e+04,7.776918308060834506e-03
5.569761132157437800e+01,1.403153819008162282e+04,1.403153819008162282e+04,7.714115652377086067e-03
5.569761133977286960e+01,1.403147327756744926e+04,1.403147327756744926e+04,7.406063088799200687e-03
5.569761135706663424e+01,1.403141605722212807e+04,1.403141605722212807e+04,7.344618680879043057e-03
5.569761137573740939e+01,1.403135836604557699e+04,1.403135836604557699e+04,7.054272080806303809e-03
5.569761139393511229e+01,1.403130572658551318e+04,1.403130572658551318e+04,6.993780832910965681e-03
5.569761141346734235e+01,1.403125282384832462e+04,1.403125282384832462e+04,6.718322005217678382e-03
5.569761143264364023e+01,1.403120411709853761e+04,1.403120411709853761e+04,6.658493381588057730e-03
5.569761144895071681e+01,1.403116472017463093e+04,1.403116472017463093e+04,6.409325073573972006e-03
5.569761146512421846e+01,1.403112680506932520e+04,1.403112680506932520e+04,6.351805804750929388e-03
5.569761148156142383e+01,1.403108857471051306e+04,1.403108857471051306e+04,6.277173631372008969e-03
5.569761149928491761e+01,1.403104657268942901e+04,1.403104657268942901e+04,6.071643206022489699e-03
5.569761151610089911e+01,1.403100513363331629e+04,1.403100513363331629e+04,6.032828266918486074e-03
5.569761153396195397e+01,1.403095914664887459e+04,1.403095914664887459e+04,5.825914661604624130e-03
5.569761155248531281e+01,1.403090978686416929e+04,1.403090978686416929e+04,5.753801189044015912e-03
5.569761157060565893e+01,1.403086075861270547e+04,1.403086075861270547e+04,5.685419846028768459e-03
5.569761159019512320e+01,1.403080791746441537e+04,1.403080791746441537e+04,5.499744532179021324e-03
5.569761160876586814e+01,1.403075862657417565e+04,1.403075862657417565e+04,5.462949360978139671e-03
5.569761162850347347e+01,1.403070749366621385e+04,1.403070749366621385e+04,5.271679297852352626e-03
5.569761164896569028e+01,1.403065607400004410e+04,1.403065607400004410e+04,5.211088051318969912e-03
5.569761166898096150e+01,1.403060745404702720e+04,1.403060745404702720e+04,5.143613599876391621e-03
5.569761168514110494e+01,1.403056944745121109e+04,1.403056944745121109e+04,4.994442417143856762e-03
5.569761170578222931e+01,1.403052251858873751e+04,1.403052251858873751e+04,4.953825642000657739e-03
5.569761172162808549e+01,1.403048766559875912e+04,1.403048766559875912e+04,4.893166595621444535e-03
5.569761173861306247e+01,1.403045132011545684e+04,1.403045132011545684e+04,4.752662916273094236e-03
5.569761175484126170e+01,1.403041739370182950e+04,1.403041739370182950e+04,4.719606426761760801e-03
5.569761177136997077e+01,1.403038337807739299e+04,1.403038337807739299e+04,4.687419999282359077e-03
5.569761178893263320e+01,1.403034743827581769e+04,1.403034743827581769e+04,4.529585471704782040e-03
5.569761180631349617e+01,1.403031160384703799e+04,1.403031160384703799e+04,4.498556354742662237e-03
5.569761182342164574e+01,1.403027557268720921e+04,1.403027557268720921e+04,4.476991388189070775e-03
5.569761184120056186e+01,1.403023684360848893e+04,1.403023684360848893e+04,4.372160099068232719e-03
5.569761186007743703e+01,1.403019390176767774e+04,1.403019390176767774e+04,4.290791904038119067e-03
5.569761187778431122e+01,1.403015175633235958e+04,1.403015175633235958e+04,4.268507808388657607e-03
5.569761189617040742e+01,1.403010614392742536e+04,1.403010614392742536e+04,4.206132641272564143e-03
5.569761191597153527e+01,1.403005517697113464e+04,1.403005517697113464e+04,4.093892590202693159e-03
5.569761193466382565e+01,1.403000568543664849e+04,1.403000568543664849e+04,4.067152757779322024e-03
5.569761195385692076e+01,1.402995388032814299e+04,1.402995388032814299e+04,4.031458618900251277e-03
5.569761197463264324e+01,1.402989711610315499e+04,1.402989711610315499e+04,3.902856710599943591e-03
5.569761199438795529e+01,1.402984285519567129e+04,1.402984285519567129e+04,3.875932710866935964e-03
5.569761201433389886e+01,1.402978809438942517e+04,1.402978809438942517e+04,3.853236538614422928e-03
5.569761203524948456e+01,1.402973096440606605e+04,1.402973096440606605e+04,3.742900143849927155e-03
5.569761205767262879e+01,1.402967029946919320e+04,1.402967029946919320e+04,3.694501019729456125e-03
5.569761207841275308e+01,1.402961490476839936e+04,1.402961490476839936e+04,3.675242989287190367e-03
5.569761209992010720e+01,1.402955832484381244e+04,1.402955832484381244e+04,3.598494977274087001e-03
5.569761212317793309e+01,1.402949824874006481e+04,1.402949824874006481e+04,3.523455215678639868e-03
5.569761214477509981e+01,1.402944355288141560e+04,1.402944355288141560e+04,3.503318172901101913e-03
5.569761216713532548e+01,1.402938805469575345e+04,1.402938805469575345e+04,3.453902587085190806e-03
5.569761218335482766e+01,1.402934850416189329e+04,1.402934850416189329e+04,3.365506460999552647e-03
5.569761220664824464e+01,1.402929268717990999e+04,1.402929268717990999e+04,3.344045239826868351e-03
5.569761222969912495e+01,1.402923847635603670e+04,1.402923847635603670e+04,3.324124228984285008e-03
5.569761225380032954e+01,1.402918269489788872e+04,1.402918269489788872e+04,3.234660300785505323e-03
5.569761227092612899e+01,1.402914347577542321e+04,1.402914347577542321e+04,3.196674976190781031e-03
5.569761228691245236e+01,1.402910707826216822e+04,1.402910707826216822e+04,3.181646517760623218e-03
5.569761230309241995e+01,1.402907035016441478e+04,1.402907035016441478e+04,3.170668824438767873e-03
5.569761231946005609e+01,1.402903321233823226e+04,1.402903321233823226e+04,3.140756295109329091e-03
5.569761233688201685e+01,1.402899359053367334e+04,1.402899359053367334e+04,3.063009347861783867e-03
5.569761235577968250e+01,1.402895039734645252e+04,1.402895039734645252e+04,3.039728752798162570e-03
5.569761237234067153e+01,1.402891227228382377e+04,1.402891227228382377e+04,3.026633390357932971e-03
5.569761238946906445e+01,1.402887252318360333e+04,1.402887252318360333e+04,3.014486460037347007e-03
5.569761240675086356e+01,1.402883205401573468e+04,1.402883205401573468e+04,2.977651297004468324e-03
5.569761242558766412e+01,1.402878751904895580e+04,1.402878751904895580e+04,2.902577528719790540e-03
5.569761244390311106e+01,1.402874380555169046e+04,1.402874380555169046e+04,2.891353995389375243e-03
5.569761246127205823e+01,1.402870200798935912e+04,1.402870200798935912e+04,2.879816440039591023e-03
5.569761247933051607e+01,1.402865824964062449e+04,1.402865824964062449e+04,2.865893619222716938e-03
5.569761249762329669e+01,1.402861366439378071e+04,1.402861366439378071e+04,2.823506828272722043e-03
5.569761251797442725e+01,1.402856383407341855e+04,1.402856383407341855e+04,2.762429500408990560e-03
5.569761253762112574e+01,1.402851558179507083e+04,1.402851558179507083e+04,2.749627676417737941e-03
5.569761255598709937e+01,1.402847041615156559e+04,1.402847041615156559e+04,2.739487756605021342e-03
5.569761257495463269e+01,1.402842377121266509e+04,1.402842377121266509e+04,2.721712810118983878e-03
5.569761259448782909e+01,1.402837580250744941e+04,1.402837580250744941e+04,2.670573796177660997e-03
5.569761261530084795e+01,1.402832481927254412e+04,1.402832481927254412e+04,2.628108085769134510e-03
5.569761263520774719e+01,1.402827623097021751e+04,1.402827623097021751e+04,2.615747642118022680e-03
5.569761265474402023e+01,1.402822875926933921e+04,1.402822875926933921e+04,2.606078329494332380e-03
5.569761267462535415e+01,1.402818068426769059e+04,1.402818068426769059e+04,2.584149225126024588e-03
5.569761269554498284e+01,1.402813036969774112e+04,1.402813036969774112e+04,2.525803805817527798e-03
5.569761271749869280e+01,1.402807787832999202e+04,1.402807787832999202e+04,2.499874214241398513e-03
5.569761273793975676e+01,1.402802927088292017e+04,1.402802927088292017e+04,2.488589827656775832e-03
5.569761275866501649e+01,1.402798022217694961e+04,1.402798022217694961e+04,2.478490173019127097e-03
5.569761277960187584e+01,1.402793086170461720e+04,1.402793086170461720e+04,2.451265659269509425e-03
5.569761280216916788e+01,1.402787779058597516e+04,1.402787779058597516e+04,2.385088613839808028e-03
5.569761282499798938e+01,1.402782412230194859e+04,1.402782412230194859e+04,2.377720071367431329e-03
5.569761284620821584e+01,1.402777414630266867e+04,1.402777414630266867e+04,2.367727821855040212e-03
5.569761286814826207e+01,1.402772216739398391e+04,1.402772216739398391e+04,2.355945720021913100e-03
5.569761289033472451e+01,1.402766912200740808e+04,1.402766912200740808e+04,2.322166008434231686e-03
5.569761291492718414e+01,1.402760948432725854e+04,1.402760948432725854e+04,2.270660669651743211e-03
5.569761293787446732e+01,1.402755274975395332e+04,1.402755274975395332e+04,2.261641777635233115e-03
5.569761296020900687e+01,1.402749626235514916e+04,1.402749626235514916e+04,2.252715691053792501e-03
5.569761298326061194e+01,1.402743637179422876e+04,1.402743637179422876e+04,2.237940089325593691e-03
5.569761300694302975e+01,1.402737291144519440e+04,1.402737291144519440e+04,2.196808029975189612e-03
5.569761303230513505e+01,1.402730254371348565e+04,1.402730254371348565e+04,2.161132275784689426e-03
5.569761305666659723e+01,1.402723243698655824e+04,1.402723243698655824e+04,2.151452346721276568e-03
5.569761308046319215e+01,1.402716151094079760e+04,1.402716151094079760e+04,2.142824591386145120e-03
5.569761310460990700e+01,1.402708707633055928e+04,1.402708707633055928e+04,2.123513330452129685e-03
5.569761313013073334e+01,1.402700579785632726e+04,1.402700579785632726e+04,2.073994735274264662e-03
5.569761315824245429e+01,1.402691335014326796e+04,1.402691335014326796e+04,2.055452338993732971e-03
5.569761318297386765e+01,1.402682968698515833e+04,1.402682968698515833e+04,2.046485853902618550e-03
5.569761320823933914e+01,1.402674217822263199e+04,1.402674217822263199e+04,2.036661367967518375e-03
5.569761323378802587e+01,1.402665181308400679e+04,1.402665181308400679e+04,2.010048451583828881e-03
5.569761326180249483e+01,1.402655081053058166e+04,1.402655081053058166e+04,1.961644302029143250e-03
5.569761328882484008e+01,1.402645172662749428e+04,1.402645172662749428e+04,1.955192778247410654e-03
5.569761331466902021e+01,1.402635564309090114e+04,1.402635564309090114e+04,1.947145568555871389e-03
5.569761334134958020e+01,1.402625528384009522e+04,1.402625528384009522e+04,1.934677706769411974e-03
5.569761336862498524e+01,1.402615163800134178e+04,1.402615163800134178e+04,1.900700699960382583e-03
5.569761339964647817e+01,1.402603266879599141e+04,1.402603266879599141e+04,1.867598579395023540e-03
5.569761342791600356e+01,1.402592341996697724e+04,1.402592341996697724e+04,1.859487289096307385e-03
5.569761345551253129e+01,1.402581613637531518e+04,1.402581613637531518e+04,1.851560871565020167e-03
5.569761348343555341e+01,1.402570706024710489e+04,1.402570706024710489e+04,1.833612756839445154e-03
5.569761351311835540e+01,1.402559065014332191e+04,1.402559065014332191e+04,1.789012854495067133e-03
5.569761352977332791e+01,1.402552516154676414e+04,1.402552516154676414e+04,1.779715202877055940e-03
5.569761354562818667e+01,1.402546272532272997e+04,1.402546272532272997e+04,1.776443955316900402e-03
5.569761357421883474e+01,1.402534994695415298e+04,1.402534994695415298e+04,1.768817175370192328e-03
5.569761360352327983e+01,1.402523416302559417e+04,1.402523416302559417e+04,1.759217525857254862e-03
5.569761363318547609e+01,1.402511682589238626e+04,1.402511682589238626e+04,1.733626580325173163e-03
5.569761366610617870e+01,1.402498649507309165e+04,1.402498649507309165e+04,1.695822571434554664e-03
5.569761369692948705e+01,1.402486441537050632e+04,1.402486441537050632e+04,1.689934775347707620e-03
5.569761372697354318e+01,1.402474539514499520e+04,1.402474539514499520e+04,1.682839760142728919e-03
5.569761375772172585e+01,1.402451308239514947e+04,1.402451308239514947e+04,1.669962782092156758e-03
5.569761378962498100e+01,1.402426671200959390e+04,1.402426671200959390e+04,1.636434076962094229e-03
5.569761380712853338e+01,1.402413413309561474e+04,1.402413413309561474e+04,1.615687278408367306e-03
5.569761382359063617e+01,1.402401106849139614e+04,1.402401106849139614e+04,1.614691544207061272e-03
5.569761384022554296e+01,1.402388826266488286e+04,1.402388826266488286e+04,1.611351640325214309e-03
5.569761387167815059e+01,1.402366018476092177e+04,1.402366018476092177e+04,1.604536428781685228e-03
5.569761388792606027e+01,1.402354438965425106e+04,1.402354438965425106e+04,1.600337900835120545e-03
5.569761390399838774e+01,1.402343113510877447e+04,1.402343113510877447e+04,1.593580403671490805e-03
5.569761392025644398e+01,1.402331782672345980e+04,1.402331782672345980e+04,1.582313951059611179e-03
5.569761393712899888e+01,1.402320151763421563e+04,1.402320151763421563e+04,1.564817913105030420e-03
5.569761395511359581e+01,1.402307892507252291e+04,1.402307892507252291e+04,1.539742648531967906e-03
5.569761397286029592e+01,1.402295928379405268e+04,1.402295928379405268e+04,1.539227402932084616e-03
5.569761399075991193e+01,1.402283987598052045e+04,1.402283987598052045e+04,1.536366549161607411e-03
5.569761400735867340e+01,1.402273022985870739e+04,1.402273022985870739e+04,1.533006608442209111e-03
5.569761402380917303e+01,1.402262252611838449e+04,1.402262252611838449e+04,1.529818378228164346e-03
5.569761404089943824e+01,1.402251160079145120e+04,1.402251160079145120e+04,1.526023611745271026e-03
5.569761405776594643e+01,1.402240305031537537e+04,1.402240305031537537e+04,1.520159695035381555e-03
5.569761407474560144e+01,1.402229463658162604e+04,1.402229463658162604e+04,1.510372355069308867e-03
5.569761409228511440e+01,1.402218351566380443e+04,1.402218351566380443e+04,1.494953610590082872e-03
5.569761411087726088e+01,1.402206664591692788e+04,1.402206664591692788e+04,1.472543126447657452e-03
5.569761413123956828e+01,1.402193966050185736e+04,1.402193966050185736e+04,1.467101873464814101e-03
5.569761415034744800e+01,1.402182142102865510e+04,1.402182142102865510e+04,1.464572954747061281e-03
5.569761416783074992e+01,1.402171397945321951e+04,1.402171397945321951e+04,1.461382164787545807e-03
5.569761418507331996e+01,1.402160868219873191e+04,1.402160868219873191e+04,1.458315205949775638e-03
5.569761420298551258e+01,1.402149998256998515e+04,1.402149998256998515e+04,1.454724790344066789e-03
5.569761422068313550e+01,1.402139325485473273e+04,1.402139325485473273e+04,1.449278021405372941e-03
5.569761423847160131e+01,1.402128662318057832e+04,1.402128662318057832e+04,1.440225012549699616e-03
5.569761425681684130e+01,1.402117733759855037e+04,1.402117733759855037e+04,1.425918555765888582e-03
5.569761427622837147e+01,1.402106243432884548e+04,1.402106243432884548e+04,1.405029213692186472e-03
5.569761429743726922e+01,1.402093775750442546e+04,1.402093775750442546e+04,1.398384183278335562e-03
5.569761431768613846e+01,1.402081955738829129e+04,1.402081955738829129e+04,1.396175317717703642e-03
5.569761433610644730e+01,1.402071275251413863e+04,1.402071275251413863e+04,1.393159812727254787e-03
5.569761435419385265e+01,1.402060854061318241e+04,1.402060854061318241e+04,1.390213284320622553e-03
5.569761437295890971e+01,1.402050112125681699e+04,1.402050112125681699e+04,1.386786085161776597e-03
5.569761439152494376e+01,1.402039554977005901e+04,1.402039554977005901e+04,1.381649785947977041e-03
5.569761441017021042e+01,1.402029024840368402e+04,1.402029024840368402e+04,1.373154460345489720e-03
5.569761442938107621e+01,1.402018250376463948e+04,1.402018250376463948e+04,1.359720873926928680e-03
5.569761444968869313e+01,1.402006944649725119e+04,1.402006944649725119e+04,1.340059486360413964e-03
5.569761447184813363e+01,1.401994706944013524e+04,1.401994706944013524e+04,1.332974618243145054e-03
5.569761449322397340e+01,1.401983000897034799e+04,1.401983000897034799e+04,1.331018318212643086e-03
5.569761451260232121e+01,1.401972473312221882e+04,1.401972473312221882e+04,1.328173148190282295e-03
5.569761453158381670e+01,1.401962239744848921e+04,1.401962239744848921e+04,1.325345138301872901e-03
5.569761455124496052e+01,1.401951720775814465e+04,1.401951720775814465e+04,1.322045976519555964e-03
5.569761457071644628e+01,1.401941385401733169e+04,1.401941385401733169e+04,1.317128763955910994e-03
5.569761459026825889e+01,1.401931088648200603e+04,1.401931088648200603e+04,1.309035476959329947e-03
5.569761461040942407e+01,1.401920567876792120e+04,1.401920567876792120e+04,1.296259275095767039e-03
5.569761463169749760e+01,1.401909541055959926e+04,1.401909541055959926e+04,1.277558338608744811e-03
5.569761465492316432e+01,1.401897619074380418e+04,1.401897619074380418e+04,1.270733018716469799e-03
5.569761467739103722e+01,1.401886193067838576e+04,1.401886193067838576e+04,1.268953827470171557e-03
5.569761469774066143e+01,1.401875933111988343e+04,1.401875933111988343e+04,1.266267851646823766e-03
5.569761471766568661e+01,1.401865966975913580e+04,1.401865966975913580e+04,1.263553660499174176e-03
5.569761473830197929e+01,1.401855727523534370e+04,1.401855727523534370e+04,1.260345705334344054e-03
5.569761475871572287e+01,1.401845678353343283e+04,1.401845678353343283e+04,1.255564688011089752e-03
5.569761477922569526e+01,1.401835658254542977e+04,1.401835658254542977e+04,1.247732366510571986e-03
5.569761480036846990e+01,1.401825407613965217e+04,1.401825407613965217e+04,1.235415892488936178e-03
5.569761482273226250e+01,1.401814647048687038e+04,1.401814647048687038e+04,1.217427798386300089e-03
5.569761484715676403e+01,1.401802984984515751e+04,1.401802984984515751e+04,1.211513948029081670e-03
5.569761487066161010e+01,1.401791845574781655e+04,1.401791845574781655e+04,1.209835905999472527e-03
5.569761489198975823e+01,1.401781802063495343e+04,1.401781802063495343e+04,1.207294251919087185e-03
5.569761491291077959e+01,1.401772004189663494e+04,1.401772004189663494e+04,1.204685251133590746e-03
5.569761493461045632e+01,1.401761890455454341e+04,1.401761890455454341e+04,1.201530369509149973e-03
5.569761495600490520e+01,1.401751961518488497e+04,1.401751961518488497e+04,1.196806674055457629e-03
5.569761497752990920e+01,1.401742005896021692e+04,1.401742005896021692e+04,1.189103766534242062e-03
5.569761499975498964e+01,1.401731752700693869e+04,1.401731752700693869e+04,1.177063420641127510e-03
5.569761502330420200e+01,1.401720907421500488e+04,1.401720907421500488e+04,1.159557446908524372e-03
5.569761504908346694e+01,1.401709040478657516e+04,1.401709040478657516e+04,1.155166822034999971e-03
5.569761507355462982e+01,1.401697764378486863e+04,1.401697764378486863e+04,1.153521494621681303e-03
5.569761509586626147e+01,1.401687459041226612e+04,1.401687459041226612e+04,1.151107767613470789e-03
5.569761511784299302e+01,1.401677270938678703e+04,1.401677270938678703e+04,1.148590132048315973e-03
5.569761514056985163e+01,1.401666681981075089e+04,1.401666681981075089e+04,1.145464411347802943e-03
5.569761516299148241e+01,1.401656165281305766e+04,1.401656165281305766e+04,1.140729835199012212e-03
5.569761518560036251e+01,1.401645474859788737e+04,1.401645474859788737e+04,1.133043903747670694e-03
5.569761520899659502e+01,1.401634302853633744e+04,1.401634302853633744e+04,1.121126787125150065e-03
5.569761523385239599e+01,1.401622290593141224e+04,1.401622290593141224e+04,1.103910577930657805e-03
5.569761526116098338e+01,1.401608896847188407e+04,1.401608896847188407e+04,1.101539831801367705e-03
5.569761528653367577e+01,1.401596242285234439e+04,1.401596242285234439e+04,1.099879948338953811e-03
5.569761530984190756e+01,1.401584419819217874e+04,1.401584419819217874e+04,1.097578542018661819e-03
5.569761533294548883e+01,1.401572496284895897e+04,1.401572496284895897e+04,1.095132391240150483e-03
5.569761535670672004e+01,1.401560005169297619e+04,1.401560005169297619e+04,1.091998490526530693e-03
5.569761538020678415e+01,1.401547410764900815e+04,1.401547410764900815e+04,1.087179559497663227e-03
5.569761540397659871e+01,1.401534416213944860e+04,1.401534416213944860e+04,1.079398862849215114e-03
5.569761542864853965e+01,1.401520647081674178e+04,1.401520647081674178e+04,1.067456745427553498e-03
5.569761545495629917e+01,1.401505643037690425e+04,1.401505643037690425e+04,1.050344811166334120e-03
5.569761548400961715e+01,1.401488682793246517e+04,1.401488682793246517e+04,1.050479075095551952e-03
5.569761551021753121e+01,1.401473035195477496e+04,1.401473035195477496e+04,1.048773096113261036e-03
5.569761553454532788e+01,1.401458222404646767e+04,1.401458222404646767e+04,1.046568450918897381e-03
5.569761555886756099e+01,1.401443146120956408e+04,1.401443146120956408e+04,1.044164004671439220e-03
5.569761558369629029e+01,1.401427495848307626e+04,1.401427495848307626e+04,1.040965689978676223e-03
5.569761560833468650e+01,1.401411724883898933e+04,1.401411724883898933e+04,1.035969489135590404e-03
5.569761563335912058e+01,1.401395482318279574e+04,1.401395482318279574e+04,1.027962454895996192e-03
5.569761565943932169e+01,1.401378341321249718e+04,1.401378341321249718e+04,1.015826667405966268e-03
5.569761568738918101e+01,1.401359764720111889e+04,1.401359764720111889e+04,1.001625864238415336e-03
5.569761571435688552e+01,1.401341674580115250e+04,1.401341674580115250e+04,1.001941014052006636e-03
5.569761574162159690e+01,1.401323256593696897e+04,1.401323256593696897e+04,1.000346250289274163e-03
5.569761576715952600e+01,1.401305922274305703e+04,1.401305922274305703e+04,9.982468132481482365e-04
5.569761862179418443e+01,1.400423632148254364e+04,1.400423632148254364e+04,6.288044369875637075e-04
5.569762340694621372e+01,1.400351650126444292e+04,1.400351650126444292e+04,3.959934427796106397e-04
5.569763066239473659e+01,1.400291850951164452e+04,1.400291850951164452e+04,2.468365146866955046e-04
5.569764237965202369e+01,1.400207444930514976e+04,1.400207444930514976e+04,1.553041256337439570e-04
5.569766168073915225e+01,1.400084402448440960e+04,1.400084402448440960e+04,9.758425238667538086e-05
5.569769188672015048e+01,1.399761356838553365e+04,1.399761356838553365e+04,6.135379584717779832e-05
5.569774103222429318e+01,1.398752303278739964e+04,1.398752303278739964e+04,3.867676117689805587e-05
5.569781786070524987e+01,1.397786784648637513e+04,1.397786784648637513e+04,2.434229824271910391e-05
5.569794244033512598e+01,1.397732295781353787e+04,1.397732295781353787e+04,1.519461931395570498e-05
5.569814438032240389e+01,1.397708974617700187e+04,1.397708974617700187e+04,9.541686068728558789e-06
5.569848274751123540e+01,1.397690394336149257e+04,1.397690394336149257e+04,5.957508273077854156e-06
5.569902658202455825e+01,1.397680008343757981e+04,1.397680008343757981e+04,3.756950100866292386e-06
5.569990122451478243e+01,1.397590544545357443e+04,1.397590544545357443e+04,2.335598276847578247e-06
5.570131795446093292e+01,1.397213184219163304e+04,1.450822833895302756e+04,1.465707120193612457e-06
5.570366565717086615e+01,1.395475023184866768e+04,1.497441641615887420e+04,9.218573440916943585e-07
5.570749688149368950e+01,1.395350082300907161e+04,1.527687048752497503e+04,5.797289764537765221e-07
5.571375806561832889e+01,1.395355130602922145e+04,1.554051836118454594e+04,3.615153938356252542e-07
5.572378652836302138e+01,1.395409521261342343e+04,1.576690116822064738e+04,2.265400036883373276e-07
5.573877118892959004e+01,1.395524660324034085e+04,1.595652749967768432e+04,1.427974526701332164e-07
5.575883564059524389e+01,1.395609829673079003e+04,1.611627022794385448e+04,8.999189708841893678e-08
5.578346273993153659e+01,1.395495618459182697e+04,1.625489197352610609e+04,5.644802747224246309e-08
5.580860899632247651e+01,1.393236232553627451e+04,1.636550332446819812e+04,3.740240943738153048e-08
5.583465605116429487e+01,1.393005444629139311e+04,1.646185110054239703e+04,2.580107366466453091e-08
5.585997869927816595e+01,1.392923753166812639e+04,1.654415320734963825e+04,1.892335018145020931e-08
5.588660282000856938e+01,1.392894824277408952e+04,1.662265235283982474e+04,1.435180977919050879e-08
5.591244297476399083e+01,1.392884263614333759e+04,1.669295968901434753e+04,1.143821853846085587e-08
5.593792259461744010e+01,1.392889848975363202e+04,1.675829208633631060e+04,9.459363223917853465e-09
5.596334988837496383e+01,1.392911474213088513e+04,1.682035770731723096e+04,8.038190389206825001e-09
5.598950524577170285e+01,1.392948549182203533e+04,1.688168635942247056e+04,6.956581947026654395e-09
5.601595620774170214e+01,1.392994021984349456e+04,1.694169001576646042e+04,6.126969642619326592e-09
5.604296724284565556e+01,1.393039255009797307e+04,1.700125267617842110e+04,5.470681489699841997e-09
5.606988510654934288e+01,1.393081802081191381e+04,1.705920679359946735e+04,4.952762168330947754e-09
5.609629066715778833e+01,1.393117813368291354e+04,1.711487550108528376e+04,4.541778698090546205e-09
5.612168169560570163e+01,1.393140882184090515e+04,1.716755566697259201e+04,4.214597662097264975e-09
5.614710052163596998e+01,1.393148305051536954e+04,1.721944365349229338e+04,3.938849845259816533e-09
5.617353788778586221e+01,1.393161511918463657e+04,1.727244754483553334e+04,3.695160119386844930e-09
5.619991131945393903e+01,1.732437219300222932e+04,1.732437219300222932e+04,3.487058711412946903e-09
5.622671055950858232e+01,1.737635826857068605e+04,1.737635826857068605e+04,3.304355595055150069e-09
5.625230787701348589e+01,1.390210403710212631e+04,1.742515403955601505e+04,3.151907484591693714e-09
5.627977016369338514e+01,1.390147946083248644e+04,1.747645709801023622e+04,3.008128947403745281e-09
5.630483096351592565e+01,1.390113855412560224e+04,1.752252561610407429e+04,2.891836681780294831e-09
5.633045339181734334e+01,1.390088368480217105e+04,1.756868217662379175e+04,2.785360370708498165e-09
5.635801914852720529e+01,1.390069804113350438e+04,1.761746697392283386e+04,2.682707556277623986e-09
5.638348995675949027e+01,1.390061963705386188e+04,1.766171076657784215e+04,2.597239210537510662e-09
5.641027671851238523e+01,1.390060776710557002e+04,1.770732568868174349e+04,2.515725575327843309e-09
5.643633537373131759e+01,1.390067768061348761e+04,1.775089091448751060e+04,2.443560297219485600e-09
5.646383319799300438e+01,1.390084723688891427e+04,1.779600944824685575e+04,2.374055839283028845e-09
5.649058132359231621e+01,1.390109222868294455e+04,1.783905237144136481e+04,2.312171225559185537e-09
5.651913899814160658e+01,1.390143366770668581e+04,1.788416408637304630e+04,2.251560926763157720e-09
5.654438413193825141e+01,1.390178765911849405e+04,1.792324721518395381e+04,2.202130740970243684e-09
5.657089758523490275e+01,1.390219169602438160e+04,1.796375100784334063e+04,2.153944527923422448e-09
5.659682931032423170e+01,1.390261741105473448e+04,1.800263621530132878e+04,2.110119787853355720e-09
5.662225218837752294e+01,1.804006687428155055e+04,1.804006687428155055e+04,2.070005313348513936e-09
5.664777047632372131e+01,1.807715315816703151e+04,1.807715315816703151e+04,2.032304277954823793e-09
5.667573252709153309e+01,1.811714335043477695e+04,1.811714335043477695e+04,1.993662675748774586e-09
5.670160173772910639e+01,1.815351206062770871e+04,1.815351206062770871e+04,1.960162720174119554e-09
5.672689924612260626e+01,1.818853820862435532e+04,1.818853820862435532e+04,1.929306088853005290e-09
5.675270776147905849e+01,1.822374497247217732e+04,1.822374497247217732e+04,1.899601082467499401e-09
5.678123821047572051e+01,1.826217172826056776e+04,1.826217172826056776e+04,1.868673526055245688e-09
5.680825321692334029e+01,1.829801619370944900e+04,1.829801619370944900e+04,1.841078243795418599e-09
5.683764989900544151e+01,1.833637839304528825e+04,1.833637839304528825e+04,1.812761489368978935e-09
5.686534925012379205e+01,1.837198101940228662e+04,1.837198101940228662e+04,1.787575486724685424e-09
5.689047105037314367e+01,1.840386619040429287e+04,1.840386619040429287e+04,1.765894429061034898e-09
5.691764977929679503e+01,1.843797487630594333e+04,1.843797487630594333e+04,1.743588142976062627e-09
5.694851744633662349e+01,1.847616673713157434e+04,1.847616673713157434e+04,1.719598071508302658e-09
5.697576630498959815e+01,1.850941823482700784e+04,1.850941823482700784e+04,1.699519231729686797e-09
5.700087026948453683e+01,1.387200334382803521e+04,1.853966363143973285e+04,1.681870953795983320e-09
5.703135866805773446e+01,1.387188362681737090e+04,1.857591775257672271e+04,1.661459143398227181e-09
5.705709316027017053e+01,1.387183722354666679e+04,1.860616025307928430e+04,1.645045009550261614e-09
5.709059141155552197e+01,1.387184140697341718e+04,1.864496004145737970e+04,1.624719291449568770e-09
5.711816576284422808e+01,1.387190661311475742e+04,1.867654518578337229e+04,1.608814066430184901e-09
5.714337540380727631e+01,1.387201935459490778e+04,1.870511736246501459e+04,1.594883490604847506e-09
5.717161579602836952e+01,1.873676049149221217e+04,1.873676049149221217e+04,1.579931306457090710e-09
5.720208688803256081e+01,1.877051943711123749e+04,1.877051943711123749e+04,1.564527188513951281e-09
5.723156349291030409e+01,1.880277664532183553e+04,1.880277664532183553e+04,1.550301250216071258e-09
5.726165332967423183e+01,1.883532589540872141e+04,1.883532589540872141e+04,1.536425008585847826e-09
5.729482406460371635e+01,1.887077513874114811e+04,1.887077513874114811e+04,1.521837652409259968e-09
5.732748405365211397e+01,1.890523800989747178e+04,1.890523800989747178e+04,1.508157007894096811e-09
5.735345514739696426e+01,1.893234015355354131e+04,1.893234015355354131e+04,1.497735091041766862e-09
5.738128027937573705e+01,1.896113434736858835e+04,1.896113434736858835e+04,1.486994048966217070e-09
5.741405288236605031e+01,1.899464944303692027e+04,1.899464944303692027e+04,1.474877383572105123e-09
5.744940953334885592e+01,1.903035227789917190e+04,1.903035227789917190e+04,1.462418059671454246e-09
5.747592238794313602e+01,1.905690058982768460e+04,1.905690058982768460e+04,1.453469688932174361e-09
5.750153643710104490e+01,1.908231565369866803e+04,1.908231565369866803e+04,1.445130397331485230e-09
5.754223658040415756e+01,1.912216007227282171e+04,1.912216007227282171e+04,1.432465494536701937e-09
5.757389661740830178e+01,1.915281260937661500e+04,1.915281260937661500e+04,1.423085180727782380e-09
5.761034915323386940e+01,1.918778158963536407e+04,1.918778158963536407e+04,1.412767026281738647e-09
5.764200081913033813e+01,1.921777134602915612e+04,1.921777134602915612e+04,1.404204919128713049e-09
5.766861448506703169e+01,1.924271706693919623e+04,1.924271706693919623e+04,1.397277620202373773e-09
5.770980168413190370e+01,1.928104688063171125e+04,1.928104688063171125e+04,1.387022707310576207e-09
5.774419154453939740e+01,1.931263334881364062e+04,1.931263334881364062e+04,1.378872682624707324e-09
5.777399668291324986e+01,1.933970777355352402e+04,1.933970777355352402e+04,1.372097412712581953e-09
5.781690214318201981e+01,1.937834910648348887e+04,1.937834910648348887e+04,1.362790750337166094e-09
5.784422011062945046e+01,1.940265715483847089e+04,1.940265715483847089e+04,1.357127519379677781e-09
5.788414232320742059e+01,1.943785398226046527e+04,1.943785398226046527e+04,1.349200112695115041e-09
5.792561162731011137e+01,1.947395845685943277e+04,1.947395845685943277e+04,1.341383386609408154e-09
5.796795179233401996e+01,1.951035505640041083e+04,1.951035505640041083e+04,1.333818297953373730e-09
5.799394992809753546e+01,1.953255596109859471e+04,1.953255596109859471e+04,1.329371906661953129e-09
5.802894954688746054e+01,1.956212268473832955e+04,1.956212268473832955e+04,1.323614735833437450e-09
5.805483079725415507e+01,1.958377444029763501e+04,1.958377444029763501e+04,1.319520103978942274e-09
5.808017358679914821e+01,1.960481894133794049e+04,1.960481894133794049e+04,1.315640037642610104e-09
5.812627379309019915e+01,1.964282450765447356e+04,1.964282450765447356e+04,1.308897908974175576e-09
5.816586255931629523e+01,1.967504290395726275e+04,1.967504290395726275e+04,1.303419721594537483e-09
5.819223557366543531e+01,1.969625092111613048e+04,1.969625092111613048e+04,1.299923298072927472e-09
5.822262098341727921e+01,1.972056936121705439e+04,1.972056936121705439e+04,1.296041122157880776e-09
5.826920250166866566e+01,1.975744638390008186e+04,1.975744638390008186e+04,1.290382355214355677e-09
5.831276637422378428e+01,1.979153702460006753e+04,1.979153702460006753e+04,1.285397194611720947e-09
5.834167787413598916e+01,1.981390695239624256e+04,1.981390695239624256e+04,1.282245755434600491e-09
5.837171388815620787e+01,1.983701096843174309e+04,1.983701096843174309e+04,1.279099976422188636e-09
5.842471673802894117e+01,1.987728696859630872e+04,1.987728696859630872e+04,1.273855445693831094e-09
5.846909990305181282e+01,1.991059522609153646e+04,1.991059522609153646e+04,1.269752993322151072e-09
5.849794424656241176e+01,1.993197684985616434e+04,1.993197684985616434e+04,1.267222613541496181e-09
5.853773855845901153e+01,1.996128218504452525e+04,1.996128218504452525e+04,1.263901334291194310e-09
5.857782011416830414e+01,1.999048252822760332e+04,1.999048252822760332e+04,1.260748861703391635e-09
5.860350596587842631e+01,2.000906816867472662e+04,2.000906816867472662e+04,1.258827408953921265e-09
5.863776393482584837e+01,2.003357585565086629e+04,2.003357585565086629e+04,1.256381674134193232e-09
5.869289395676815246e+01,2.007261957043227085e+04,2.007261957043227085e+04,1.252718728253448586e-09
5.872180239037802352e+01,2.009285038132220507e+04,2.009285038132220507e+04,1.250929030277164609e-09
5.877709454935990152e+01,2.013112694033132721e+04,2.013112694033132721e+04,1.247750284320328113e-09
5.881582516382640335e+01,2.015760433944160832e+04,2.015760433944160832e+04,1.245711307648882290e-09
5.887048789498948054e+01,2.019449930599890286e+04,2.019449930599890286e+04,1.244706373405554381e-09
5.890234427225297509e+01,2.021576036559401837e+04,2.021576036559401837e+04,1.244597126120264080e-09
5.892804642639507762e+01,2.023272622983630572e+04,2.023272622983630572e+04,1.244508933613191366e-09
5.895956420754976790e+01,2.025346731656888005e+04,2.025346731656888005e+04,1.244400730793106468e-09
5.900077048000088098e+01,2.028030749382140129e+04,2.028030749382140129e+04,1.244259187677020117e-09
5.905536359437594740e+01,2.031536046226870167e+04,2.031536046226870167e+04,1.244071548740806636e-09
5.909169570418610817e+01,2.033843774721037698e+04,2.033843774721037698e+04,1.243946620461739733e-09
5.911826427515702420e+01,2.035509005087448895e+04,2.035509005087448895e+04,1.243855244010687539e-09
5.914995236297105663e+01,2.037491839053106378e+04,2.037491839053106378e+04,1.243746243868727625e-09
5.919068316575211242e+01,2.040010704304013416e+04,2.040010704304013416e+04,1.243606123338437149e-09
5.921645766377953635e+01,2.041582731113620684e+04,2.041582731113620684e+04,1.243517452164799571e-09
5.924814575159356878e+01,2.043513530737602559e+04,2.043513530737602559e+04,1.243408437873753566e-09
5.928661034807208807e+01,2.045828020856812873e+04,2.045828020856812873e+04,1.243276122614850426e-09
5.931384215326337284e+01,2.047447854791844657e+04,2.047447854791844657e+04,1.243182459137962038e-09
5.934553024107739816e+01,2.049326527352174526e+04,2.049326527352174526e+04,1.243073486416027168e-09
5.938827335058166312e+01,2.051829222269983438e+04,2.051829222269983438e+04,1.242926536000238935e-09
5.941454509400038830e+01,2.053345353191899267e+04,2.053345353191899267e+04,1.242836241000557071e-09
5.944623318181442073e+01,2.055173952902779638e+04,2.055173952902779638e+04,1.242727363522898055e-09
5.948619104362964549e+01,2.057448303820852379e+04,2.057448303820852379e+04,1.242590129826754783e-09
5.951397753722901030e+01,2.059010935852842158e+04,2.059010935852842158e+04,1.242494740052258933e-09
5.954566562504303562e+01,2.060786077352672510e+04,2.060786077352672510e+04,1.242386003616562735e-09
5.959021096343356305e+01,2.063247407080841731e+04,2.063247407080841731e+04,1.242233240171946157e-09
5.961675634113763778e+01,2.064700073928406709e+04,2.064700073928406709e+04,1.242142260541443633e-09
5.964844442895167020e+01,2.066420056160292370e+04,2.066420056160292370e+04,1.242033713087771429e-09
5.968926449023879854e+01,2.068606191024498548e+04,2.068606191024498548e+04,1.241893984166477815e-09
5.971752880575581202e+01,2.070112815459116973e+04,2.070112815459116973e+04,1.241797302947346431e-09
5.974921689356984444e+01,2.071781312762547532e+04,2.071781312762547532e+04,1.241688981680668966e-09
5.977496969350514888e+01,2.073128768750560630e+04,2.073128768750560630e+04,1.241601006146085377e-09
5.982116008709243715e+01,2.075516553555912833e+04,2.075516553555912833e+04,1.241443348474566287e-09
5.984783976707730346e+01,2.076876751289534513e+04,2.076876751289534513e+04,1.241352368014089968e-09
5.987952785489132879e+01,2.078485784906107801e+04,2.078485784906107801e+04,1.241244388925015990e-09
5.992312348615003259e+01,2.080664874591784610e+04,2.080664874591784610e+04,1.241095984481420195e-09
5.994816799087040948e+01,2.081911567843890953e+04,2.081911567843890953e+04,1.241010811420655331e-09
5.997985607868444191e+01,2.083461411223964024e+04,2.083461411223964024e+04,1.240903131303082652e-09
6.001154416649846723e+01,2.085010468519005008e+04,2.085010468519005008e+04,1.240795552142389023e-09
6.004813232019125735e+01,2.086767259254043893e+04,2.086767259254043893e+04,1.240671465783154161e-09
6.007620805560202371e+01,2.088109828304248003e+04,2.088109828304248003e+04,1.240576343739495058e-09
6.010789614341604903e+01,2.089599703332252830e+04,2.089599703332252830e+04,1.240469086063251875e-09
6.013958423123008146e+01,2.091085457366409537e+04,2.091085457366409537e+04,1.240361937638768277e-09
6.018055858241761058e+01,2.092978791299627846e+04,2.092978791299627846e+04,1.240223558514833008e-09
6.020693631515462840e+01,2.094185933535410368e+04,2.094185933535410368e+04,1.240134576715697647e-09
6.023862440296865373e+01,2.095617265218960529e+04,2.095617265218960529e+04,1.240027789394761444e-09
6.027031249078268615e+01,2.097040880635902795e+04,2.097040880635902795e+04,1.239921122235638020e-09
6.030969153438034169e+01,2.098782949778476905e+04,2.098782949778476905e+04,1.239788735642971385e-09
6.033700424862502842e+01,2.099982229888382062e+04,2.099982229888382062e+04,1.239697026091505611e-09
6.036869233643905375e+01,2.101350259001960876e+04,2.101350259001960876e+04,1.239590743767789332e-09
6.040038042425308618e+01,2.102716374762669511e+04,2.102716374762669511e+04,1.239484589064339116e-09
6.044007860252980180e+01,2.104393944310932784e+04,2.104393944310932784e+04,1.239351783596558488e-09
6.046718358669757976e+01,2.105536222374829595e+04,2.105536222374829595e+04,1.239261225773389364e-09
6.049887167451161218e+01,2.106850140723475488e+04,2.106850140723475488e+04,1.239155479050187190e-09
6.053055976232563751e+01,2.108151040815958186e+04,2.108151040815958186e+04,1.239049868429010326e-09
6.056981227175951688e+01,2.109743163916271078e+04,2.109743163916271078e+04,1.238919235987519754e-09
6.059699305852804230e+01,2.110829446680724868e+04,2.110829446680724868e+04,1.238828902576034621e-09
6.062868114634207473e+01,2.112089625763478762e+04,2.112089625763478762e+04,1.238723719996288302e-09
6.066036923415610005e+01,2.113328934096414014e+04,2.113328934096414014e+04,1.238618678612974783e-09
6.069923905061116898e+01,2.114838412240319303e+04,2.114838412240319303e+04,1.238490025426915709e-09
6.072637193383936705e+01,2.115872327234859404e+04,2.115872327234859404e+04,1.238400348218755775e-09
6.075806002165339237e+01,2.117074542008806384e+04,2.117074542008806384e+04,1.238295751467273902e-09
6.078974810946742480e+01,2.118260340993021600e+04,2.118260340993021600e+04,1.238191301635951124e-09
6.082804522409696801e+01,2.119671201931064570e+04,2.119671201931064570e+04,1.238065265690771029e-09
6.085513829778675188e+01,2.120661678515127278e+04,2.120661678515127278e+04,1.237976233921711320e-09
6.088682638560078431e+01,2.121802201274921026e+04,2.121802201274921026e+04,1.237872242162998965e-09
6.091851447341480963e+01,2.122930817600560113e+04,2.122930817600560113e+04,1.237768402370676954e-09
6.095614323185445471e+01,2.124255120692399214e+04,2.124255120692399214e+04,1.237645294359555401e-09
6.098316343274295548e+01,2.125187468224570330e+04,2.125187468224570330e+04,1.237557028216979122e-09
6.101485152055698080e+01,2.126278317398346917e+04,2.126278317398346917e+04,1.237453657384933914e-09
6.104653960837101323e+01,2.127351058302026649e+04,2.127351058302026649e+04,1.237350442888491919e-09
6.108338799287717791e+01,2.128577519757848859e+04,2.128577519757848859e+04,1.237230618484857768e-09
6.111031120526345717e+01,2.129467887183251878e+04,2.129467887183251878e+04,1.237143205145355319e-09
6.114199929307748249e+01,2.130498959887933961e+04,2.130498959887933961e+04,1.237040469089111321e-09
6.117368738089151492e+01,2.131511559330210002e+04,2.131511559330210002e+04,1.236937893247856619e-09
6.120966024212073364e+01,2.132655839805734286e+04,2.132655839805734286e+04,1.236821642226006453e-09
6.123645302780711575e+01,2.133492217695431827e+04,2.133492217695431827e+04,1.236735195077635254e-09
6.126814111562114817e+01,2.134465501744557696e+04,2.134465501744557696e+04,1.236633103763981002e-09
6.129982920343517350e+01,2.135432133166064523e+04,2.135432133166064523e+04,1.236531176010772141e-09
6.133483893093495709e+01,2.136478954379940114e+04,2.136478954379940114e+04,1.236418756532021515e-09
6.136145874210481566e+01,2.137263542772598521e+04,2.137263542772598521e+04,1.236333412986702383e-09
6.139314682991884808e+01,2.138190996811448349e+04,2.138190996811448349e+04,1.236231974065935027e-09
6.142483491773287341e+01,2.139100536138431926e+04,2.139100536138431926e+04,1.236130703548779535e-09
6.145880576150173624e+01,2.140057091241575472e+04,2.140057091241575472e+04,1.236022324308552235e-09
6.148519554054764313e+01,2.140794735476352434e+04,2.140794735476352434e+04,1.235938265164665603e-09
6.151688362836166846e+01,2.141666514848515726e+04,2.141666514848515726e+04,1.235837486280531846e-09
6.154857171617570089e+01,2.142522293080102827e+04,2.142522293080102827e+04,1.235736877495705188e-09
6.158144128577676923e+01,2.143392615899947850e+04,2.143392615899947850e+04,1.235632698851910155e-09
6.160752641948133146e+01,2.144079725174445412e+04,2.144079725174445412e+04,1.235550156050681615e-09
6.163921450729535678e+01,2.144898738707835582e+04,2.144898738707835582e+04,1.235450039778455887e-09
6.167090259510938921e+01,2.145701457170254798e+04,2.145701457170254798e+04,1.235350098460364083e-09
6.170262418423429551e+01,2.146489946571847031e+04,2.146489946571847031e+04,1.235250225579471368e-09
6.172831217061528264e+01,2.147124209467255059e+04,2.147124209467255059e+04,1.235169477829713349e-09
6.176000025842931507e+01,2.147891433497779144e+04,2.147891433497779144e+04,1.235070028959364692e-09
6.179168834624334039e+01,2.148643136945689912e+04,2.148643136945689912e+04,1.234970755773137056e-09
6.182223168026985149e+01,2.149350334610004938e+04,2.149350334610004938e+04,1.234875237575255353e-09
6.184741626166123751e+01,2.149931959789363464e+04,2.149931959789363464e+04,1.234796602530432211e-09
6.187910434947526284e+01,2.150648099492854089e+04,2.150648099492854089e+04,1.234697821026211739e-09
6.191079243728929526e+01,2.151347857211905648e+04,2.151347857211905648e+04,1.234599218121021701e-09
6.194014232570192036e+01,2.151982261878822464e+04,2.151982261878822464e+04,1.234508052781423046e-09
6.199639958789691008e+01,2.153170615145568445e+04,2.153170615145568445e+04,1.234333742314818963e-09
6.202808767571093540e+01,2.153821876290979708e+04,2.153821876290979708e+04,1.234235810893281875e-09
6.205624007167951106e+01,2.154386840023677360e+04,2.154386840023677360e+04,1.234148958814400831e-09
6.211177319109115302e+01,2.155465494016475714e+04,2.155465494016475714e+04,1.233978062226847710e-09
6.214346127890517835e+01,2.156066113070435676e+04,2.156066113070435676e+04,1.233880800010316110e-09
6.217041781647068177e+01,2.156565660710598968e+04,2.156565660710598968e+04,1.233798206523861888e-09
6.222512792835864559e+01,2.157544849993948810e+04,2.157544849993948810e+04,1.233630992260251248e-09
6.225681601617267802e+01,2.158089685117748741e+04,2.158089685117748741e+04,1.233534397227562249e-09
6.228257852926729754e+01,2.158526932533024956e+04,2.158526932533024956e+04,1.233456003746988552e-09
6.233637935059343960e+01,2.159405859911033986e+04,2.159405859911033986e+04,1.233292695336812745e-09
6.236806743840746492e+01,2.159903659315003097e+04,2.159903659315003097e+04,1.233196765036002420e-09
6.241376065390782202e+01,2.160593652800113705e+04,2.160593652800113705e+04,1.233058773789910763e-09
6.244544874172184734e+01,2.161053380168411604e+04,2.161053380168411604e+04,1.232963311896878908e-09
6.247713682953587977e+01,2.161499171539892268e+04,2.161499171539892268e+04,1.232868043426064492e-09
6.252056275860300616e+01,2.162089540490374566e+04,2.162089540490374566e+04,1.232737801126321947e-09
6.255225084641703148e+01,2.162501757504131092e+04,2.162501757504131092e+04,1.232642994199884115e-09
6.258393893423106391e+01,2.162897403242216387e+04,2.162897403242216387e+04,1.232548384019023134e-09
6.262499090701427207e+01,2.163387024100572671e+04,2.163387024100572671e+04,1.232426110692035527e-09
6.265667899482829739e+01,2.163745210204012983e+04,2.163745210204012983e+04,1.232331954906799643e-09
6.268722583185291342e+01,2.164077397978509180e+04,2.164077397978509180e+04,1.232241380028697607e-09
6.273036521816614908e+01,2.164521634756536514e+04,2.164521634756536514e+04,1.232113784161161936e-09
6.276205330598018151e+01,2.164830913852507001e+04,2.164830913852507001e+04,1.232020296808101657e-09
6.279349634988971474e+01,2.165120693302103609e+04,2.165120693302103609e+04,1.231927734689727495e-09
6.282968164603259709e+01,2.165435181308210304e+04,2.165435181308210304e+04,1.231821461809310644e-09
6.285657302566670523e+01,2.165655110628515467e+04,2.165655110628515467e+04,1.231742660216880541e-09
6.288826111348073766e+01,2.165897808229962538e+04,2.165897808229962538e+04,1.231649996841420531e-09
6.291499714856915659e+01,2.166087848871711685e+04,2.166087848871711685e+04,1.231571958436389961e-09
6.296600600334254239e+01,2.166419595549428777e+04,2.166419595549428777e+04,1.231423503783548681e-09
6.299667174957428983e+01,2.166597418846593791e+04,2.166597418846593791e+04,1.231334517686330539e-09
6.303201229882414935e+01,2.166781539508754940e+04,2.166781539508754940e+04,1.231232217669057210e-09
6.305864810219626548e+01,2.166905829186465053e+04,2.166905829186465053e+04,1.231155290015114062e-09
6.308562654763890265e+01,2.167017249015332345e+04,2.167017249015332345e+04,1.231077528167548868e-09
6.311686686393615986e+01,2.167132005261638915e+04,2.167132005261638915e+04,1.230987677964978436e-09
6.316581543310878288e+01,2.167274697682585247e+04,2.167274697682585247e+04,1.230847326750030577e-09
6.320438362236109953e+01,2.167353636148358783e+04,2.167353636148358783e+04,1.230737109679541112e-09
6.324758056478820123e+01,2.167411680820393667e+04,2.167411680820393667e+04,1.230614060465718241e-09
6.328559750564748754e+01,2.167430076482821096e+04,2.167430076482821096e+04,1.230506118540584160e-09
6.332620810807629397e+01,2.167418236567367421e+04,2.167418236567367421e+04,1.230391173343070059e-09
6.335206535144514106e+01,2.167393146842886927e+04,2.167393146842886927e+04,1.230318183336989596e-09
6.337880031661146774e+01,2.167352241726461216e+04,2.167352241726461216e+04,1.230242878580149743e-09
6.342310118627489857e+01,2.167248934078724778e+04,2.167248934078724778e+04,1.230118468342153135e-09
6.346458793592400838e+01,2.167115238232840056e+04,2.167115238232840056e+04,1.230002383255916838e-09
6.350177415677935500e+01,2.166963513812467136e+04,2.166963513812467136e+04,1.229898688324156086e-09
6.354247948598918327e+01,2.166758241655873644e+04,2.166758241655873644e+04,1.229785563923832794e-09
6.357904526973479875e+01,2.166541640281617947e+04,2.166541640281617947e+04,1.229684297310134961e-09
6.361907642832478871e+01,2.166266206995755419e+04,2.166266206995755419e+04,1.229573818574051448e-09
6.365530548737783789e+01,2.165981083575582306e+04,2.165981083575582306e+04,1.229474188176646134e-09
6.369571438152351561e+01,1.369284730818178832e+04,2.165622868959011976e+04,1.229363466137314830e-09
6.372971632730214964e+01,1.369251786734517373e+04,2.165287788770956467e+04,1.229270636081486819e-09
6.377217566687069450e+01,1.369219747597004061e+04,2.164821926632023678e+04,1.229155153051154566e-09
6.380190474816455293e+01,1.369203821854607122e+04,2.164465511954488829e+04,1.229074589709820028e-09
6.383745027575731257e+01,1.369191798306730198e+04,2.164004883492997396e+04,1.228978593023316348e-09
6.387241697126659545e+01,1.369188017161372954e+04,2.163516055234688974e+04,1.243310918041584019e-09
6.390487551769430752e+01,1.369190922689619947e+04,2.163025704168527955e+04,1.273316139518724889e-09
6.393848053188654035e+01,1.369198236856235962e+04,2.162479696652457642e+04,1.331951163307037829e-09
6.396834664363010603e+01,1.369205362024663918e+04,2.161963841906277594e+04,1.375049359035553278e-09
6.399899477447100793e+01,1.369208681756236911e+04,2.161397273405459055e+04,1.421532544449596312e-09
6.402739189855033430e+01,1.369202077743483096e+04,2.160846210709188745e+04,1.482104458395460375e-09
6.405458387498393336e+01,1.369175636599499740e+04,2.160289415460563032e+04,1.519151857890008342e-09
6.408286310156782406e+01,1.369099118002881005e+04,2.159678334887134406e+04,1.594672483902019730e-09
6.412002214440079229e+01,1.368792132349183339e+04,2.158824803559061911e+04,1.665857305872459821e-09
6.414589677031020187e+01,1.367936439560222061e+04,2.158194312593862924e+04,1.749369115592312000e-09
6.417974667033837477e+01,1.366137661927343652e+04,2.157326466300111861e+04,1.830242752261558869e-09
6.421364143835461391e+01,1.366027105269583626e+04,2.156403036266814524e+04,1.957973516469462014e-09
6.424515627585125799e+01,1.365942108805804128e+04,2.155492767362994709e+04,2.054496057556454821e-09
6.427472764075099576e+01,1.365875238026800253e+04,2.154593450275308714e+04,2.188714344684289772e-09
6.430379389004045265e+01,1.365818629211418011e+04,2.153661669262433861e+04,2.318812053200511107e-09
6.432945365344750144e+01,1.365776988638043804e+04,2.152799194598124450e+04,2.441062631640359721e-09
6.435627366205643796e+01,1.365739609514807853e+04,2.151855981428734594e+04,2.606372604706981080e-09
6.438855565473879494e+01,1.365692827109366044e+04,2.150662686597683569e+04,2.800436498388196825e-09
6.441709196970545293e+01,1.365614501856490278e+04,2.149547026383116827e+04,2.990713956933443531e-09
6.444439970811450280e+01,1.365323711500925674e+04,2.148429579212965109e+04,3.241303049933750386e-09
6.447077513788107694e+01,1.363851669773578760e+04,2.147296035043311713e+04,3.491797542685843537e-09
6.450030009461153213e+01,1.362916864307840297e+04,2.145964255919061543e+04,3.798732263814163211e-09
6.452776364777771789e+01,1.362737864139656631e+04,2.144660233116295058e+04,4.117073350271330093e-09
6.455718323587564100e+01,1.362601096426730328e+04,2.143186910087331125e+04,4.509512373720106752e-09
6.458430885648148490e+01,1.362489546174664247e+04,2.141759560887013868e+04,4.903128929660652663e-09
6.461305964142111691e+01,1.362343454709566686e+04,2.140165999385440591e+04,5.335790305121188423e-09
6.463918935194485016e+01,1.361767207462605620e+04,2.138644712365678060e+04,5.708449582136980850e-09
6.466788020227805589e+01,1.360074546680138519e+04,2.136882962821961701e+04,6.134586660037144152e-09
6.469452462028900186e+01,1.359837004955980046e+04,2.135162300635740758e+04,6.466216205667945843e-09
6.471952756680967411e+01,1.359712383141623104e+04,2.133467426818206513e+04,6.591243176155517815e-09
6.474519132713651004e+01,1.359628536421053104e+04,2.131643247875847374e+04,6.730979383593458265e-09
6.477237207748676440e+01,1.359515866756925243e+04,2.129611061914463789e+04,6.606538516260065651e-09
6.479747823818266284e+01,1.358286949398981960e+04,2.127641657656278767e+04,6.407542872177110159e-09
6.482367628259429182e+01,1.356970554457967955e+04,2.125481696037987786e+04,6.113538383226631169e-09
6.485068814654397329e+01,1.356809123494561754e+04,2.123134844602183875e+04,5.650462447647138827e-09
6.487577441656638655e+01,1.356744832752946422e+04,2.120839794388343580e+04,5.229289755307888708e-09
6.490334151344752911e+01,1.356723709708094066e+04,2.118177095285458563e+04,5.146598516821901378e-09
6.492877504600579641e+01,1.356733009972646869e+04,2.115571680708172062e+04,5.220892750544237485e-09
6.495652511423978126e+01,1.356708530365840488e+04,2.112553490166026677e+04,5.309298443631135881e-09
6.498173714410270918e+01,1.356257287265428931e+04,2.109628432574910403e+04,5.322042728948749725e-09
6.500806156324270546e+01,1.354307989536657442e+04,2.106360586548068750e+04,5.433336696934644383e-09
6.503383687073835517e+01,1.354139737603260073e+04,2.102915824884753238e+04,5.477087496943037191e-09
6.505929080235294748e+01,1.354059547242748704e+04,2.099237209204619285e+04,5.555210194246818996e-09
6.508434532979215703e+01,1.354023237203899407e+04,2.095292761471159247e+04,5.584299449916863458e-09
6.511411773774240430e+01,1.354007807623085864e+04,2.090077215340883777e+04,5.625176113211409250e-09
6.514354787971612382e+01,1.354013925317704525e+04,2.084177463817892567e+04,5.729187532272034464e-09
6.517237228431656604e+01,1.354040827988757519e+04,2.077403628441661931e+04,5.829849774033074270e-09
6.520091607503420050e+01,1.354086031666554481e+04,2.069116954313606766e+04,5.897950021982002062e-09
6.522882999697102946e+01,1.354147186880876325e+04,2.058058012936143859e+04,5.898536990172843746e-09
6.525659157544755828e+01,1.354222069462989930e+04,2.029616859863381251e+04,6.026382769709885178e-09
6.528394168869969860e+01,1.354307871249544041e+04,1.665677167864822331e+04,6.087182925619506338e-09
6.531088827918539153e+01,1.664754558592464309e+04,1.664754558592464309e+04,6.129637858432040603e-09
6.533758159225453710e+01,1.664333428245445975e+04,1.664333428245445975e+04,6.227172529961169675e-09
6.536386260409848603e+01,1.662993003233302079e+04,1.662993003233302079e+04,6.253323675734146786e-09
6.538991453898404416e+01,1.661841478091752651e+04,1.661841478091752651e+04,6.347334711622397656e-09
6.541557560695846973e+01,1.661433615220068532e+04,1.661433615220068532e+04,6.402373917435504124e-09
6.544094597768628319e+01,1.660660471406490615e+04,1.660660471406490615e+04,6.428062937092511532e-09
6.546618694938990757e+01,1.659044697261296096e+04,1.659044697261296096e+04,6.544430692051167091e-09
6.549515468500248971e+01,1.658490560323948739e+04,1.658490560323948739e+04,6.582075348544807165e-09
6.552377756425055111e+01,1.657818646668651127e+04,1.657818646668651127e+04,6.616171570255893367e-09
6.555219946029126277e+01,1.655990364170394241e+04,1.655990364170394241e+04,6.745325172058299266e-09
6.558019169804344983e+01,1.655470953826601908e+04,1.655470953826601908e+04,6.773499580328523485e-09
6.560794079030787884e+01,1.654883480962299654e+04,1.654883480962299654e+04,6.837863328581023304e-09
6.563543613800588616e+01,1.653033775415576383e+04,1.653033775415576383e+04,6.928606804167181178e-09
6.566250174111388560e+01,1.652487243164109532e+04,1.652487243164109532e+04,6.925835364831257298e-09
6.568956362609564792e+01,1.652031746160082184e+04,1.652031746160082184e+04,7.049358694949307293e-09
6.571609348380967219e+01,1.650294848679288771e+04,1.650294848679288771e+04,7.033748908110425354e-09
6.574265883766531715e+01,1.649646284274008576e+04,1.649646284274008576e+04,7.152225423231839001e-09
6.576883638652415698e+01,1.649115705345821334e+04,1.649115705345821334e+04,7.161681757564569354e-09
6.579483804022866877e+01,1.647404034226955264e+04,1.647404034226955264e+04,7.224245231649124135e-09
6.582063684789582680e+01,1.646848263668645450e+04,1.646848263668645450e+04,7.292454815130933617e-09
6.584621785552297979e+01,1.646498791711949889e+04,1.646498791711949889e+04,7.228119818617361072e-09
6.587194949783130937e+01,1.644876744995586705e+04,1.644876744995586705e+04,7.379617721211500282e-09
6.589732225800405274e+01,1.643960089285595313e+04,1.643960089285595313e+04,7.394531324329776197e-09
6.592253964811035871e+01,1.643636700564535204e+04,1.643636700564535204e+04,7.366249792187529556e-09
6.594787216812393638e+01,1.642866085238940650e+04,1.642866085238940650e+04,7.486628839082906124e-09
6.597631133204392029e+01,1.641084041489692754e+04,1.641084041489692754e+04,7.408777634091103912e-09
6.600476161558793819e+01,1.640668171879365036e+04,1.640668171879365036e+04,7.547364158988128779e-09
6.603286030047650002e+01,1.640021848219657841e+04,1.640021848219657841e+04,7.537050261966122355e-09
6.606092107600626662e+01,1.638125194208820176e+04,1.638125194208820176e+04,7.572923367205421858e-09
6.608904114166340094e+01,1.637680601697047314e+04,1.637680601697047314e+04,7.609906654072384696e-09
6.611678773207353288e+01,1.637210658350167614e+04,1.637210658350167614e+04,7.589101650652238006e-09
6.614475826983463946e+01,1.635233339589021125e+04,1.635233339589021125e+04,7.647163133019514438e-09
6.617235997665866876e+01,1.634712922879060352e+04,1.634712922879060352e+04,7.609854700034989728e-09
6.620020833320084819e+01,1.634359531612849059e+04,1.634359531612849059e+04,7.660629326448700588e-09
6.622774131851160462e+01,1.632492363407573794e+04,1.632492363407573794e+04,7.635756338666208421e-09
6.625545106082759617e+01,1.631765077627274513e+04,1.631765077627274513e+04,7.646440113423664768e-09
6.628310454248968142e+01,1.631464817835534086e+04,1.631464817835534086e+04,7.656800636896657216e-09
6.631061790522596766e+01,1.630036577242785643e+04,1.630036577242785643e+04,7.592377738149630119e-09
6.633836992534868671e+01,1.628853725881038372e+04,1.628853725881038372e+04,7.660624371062043440e-09
6.636592445854445543e+01,1.628537839000478743e+04,1.628537839000478743e+04,7.549803711493413291e-09
6.639374497064986258e+01,1.627908863845550331e+04,1.627908863845550331e+04,7.622941136590919298e-09
6.642138950420930144e+01,1.626115573559309451e+04,1.626115573559309451e+04,7.589287639221529772e-09
6.644909168675911815e+01,1.625699038889382609e+04,1.625699038889382609e+04,7.512174434726847725e-09
6.647709099478778683e+01,1.625053920700656090e+04,1.625053920700656090e+04,7.572230854396443327e-09
6.650491833662725583e+01,1.623341540831747079e+04,1.623341540831747079e+04,7.489879804856745604e-09
6.653295234955783144e+01,1.622952697566300776e+04,1.622952697566300776e+04,7.465624936775609643e-09
6.656116224231843148e+01,1.622631022499455685e+04,1.622631022499455685e+04,7.485083831993723927e-09
6.658928384131931466e+01,1.620720528231258868e+04,1.620720528231258868e+04,7.385139359408977012e-09
6.661765185523312027e+01,1.620051079650546126e+04,1.620051079650546126e+04,7.367653548254669363e-09
6.664621839639275436e+01,1.619790729562263004e+04,1.619790729562263004e+04,7.376398000906729402e-09
6.667124124942033347e+01,1.619126150456027244e+04,1.619126150456027244e+04,7.339688307495447273e-09
6.669635845020043519e+01,1.617371032481681686e+04,1.617371032481681686e+04,7.301135738377686155e-09
6.672158745998544305e+01,1.616977172434977729e+04,1.616977172434977729e+04,7.261070258871021249e-09
6.674693990204166028e+01,1.616765374077241358e+04,1.616765374077241358e+04,7.219714760696981752e-09
6.677242390678466677e+01,1.616083577251245515e+04,1.616083577251245515e+04,7.177231634736397373e-09
6.679804551920709343e+01,1.614336703023533664e+04,1.614336703023533664e+04,7.133739294436382374e-09
6.682380972827792220e+01,1.613953620021727329e+04,1.613953620021727329e+04,7.089314625626208420e-09
6.684972139323616602e+01,1.613749205835858993e+04,1.613749205835858993e+04,7.043989188962169678e-09
6.687578617748665977e+01,1.613103377710009045e+04,1.613103377710009045e+04,6.997745058060178406e-09
6.690201147492975053e+01,1.611324563225602105e+04,1.611324563225602105e+04,6.950516124478741909e-09
6.692839246495152850e+01,1.610938462310222531e+04,1.610938462310222531e+04,6.902278217669233546e-09
6.695493749119620475e+01,1.610740261589532383e+04,1.610740261589532383e+04,6.852875017632476492e-09
6.698166195449537952e+01,1.610172882771801233e+04,1.610172882771801233e+04,6.802119493586996432e-09
6.700858587688144041e+01,1.608334249555954739e+04,1.608334249555954739e+04,6.749874682125420877e-09
6.703573259046298460e+01,1.607930436162695514e+04,1.607930436162695514e+04,6.696112817456119452e-09
6.706306377341847735e+01,1.607735558698541900e+04,1.607735558698541900e+04,6.640752557589747147e-09
6.709057661858898314e+01,1.607260063728359273e+04,1.607260063728359273e+04,6.583557386238412828e-09
6.711830177422575616e+01,1.605433189214760750e+04,1.605433189214760750e+04,6.524466209658120238e-09
6.714627663959340964e+01,1.605019305218053159e+04,1.605019305218053159e+04,6.463714271449480584e-09
6.717443970363886763e+01,1.604757612504265671e+04,1.604757612504265671e+04,6.400604066536210693e-09
6.720279851615620714e+01,1.603545541759748085e+04,1.603545541759748085e+04,6.334915588040712579e-09
6.723140175314141231e+01,1.602474497937851811e+04,1.602474497937851811e+04,6.267122538172991611e-09
6.726026873967794018e+01,1.602193989880435220e+04,1.602193989880435220e+04,6.197571913795841008e-09
6.728932972196831486e+01,1.602012732921260977e+04,1.602012732921260977e+04,6.124827946417728923e-09
6.731448298288454168e+01,1.601343241880811729e+04,1.601343241880811729e+04,6.125623543744615034e-09
6.733988757325460028e+01,1.599667955544073993e+04,1.599667955544073993e+04,6.101316876885651694e-09
6.736533638233062504e+01,1.599294621919540077e+04,1.599294621919540077e+04,5.986946682099225562e-09
6.739103479620723647e+01,1.599118957338523978e+04,1.599118957338523978e+04,5.980499012582655270e-09
6.741699948583655555e+01,1.598948096955079018e+04,1.598948096955079018e+04,5.958361407662376384e-09
6.744304403371404533e+01,1.597865681623759519e+04,1.597865681623759519e+04,5.847664702549553762e-09
6.746931856253623039e+01,1.596536877536441716e+04,1.596536877536441716e+04,5.838856509728004612e-09
6.749586208328588555e+01,1.596230017729328210e+04,1.596230017729328210e+04,5.817522912240794564e-09
6.752251127478069748e+01,1.596074342803887885e+04,1.596074342803887885e+04,5.709200030043323194e-09
6.754938306639505186e+01,1.595871141169330258e+04,1.595871141169330258e+04,5.701757687765739064e-09
6.757651555626263473e+01,1.594254769808974743e+04,1.594254769808974743e+04,5.680278342733158394e-09
6.760377307985406503e+01,1.593430389561968695e+04,1.593430389561968695e+04,5.573394142269773426e-09
6.763125567302300567e+01,1.593172538573170823e+04,1.593172538573170823e+04,5.570287313463918919e-09
6.765898010803374518e+01,1.593031455440237369e+04,1.593031455440237369e+04,5.548005890091356977e-09
6.768684455344809692e+01,1.592769007793973105e+04,1.592769007793973105e+04,5.441911484451342862e-09
6.771494453070972952e+01,1.590961628386103439e+04,1.590961628386103439e+04,5.445501850825162740e-09
6.774325726778603496e+01,1.590340437193028629e+04,1.590340437193028629e+04,5.422017892211223936e-09
6.777172198814447768e+01,1.590118839909150847e+04,1.590118839909150847e+04,5.316338218479255945e-09
6.780043864147530996e+01,1.589987508438280565e+04,1.589987508438280565e+04,5.328412275623367558e-09
6.782932922535771070e+01,1.589623930133360227e+04,1.589623930133360227e+04,5.303584979789029504e-09
6.785838168277479099e+01,1.587743201095524455e+04,1.587743201095524455e+04,5.198225742282048823e-09
6.788770210767621904e+01,1.587261134955891430e+04,1.587261134955891430e+04,5.220033131717828209e-09
6.791715221177840078e+01,1.587067262497914271e+04,1.587067262497914271e+04,5.193937559490019002e-09
6.794458413791514317e+01,1.586950630622540302e+04,1.586950630622540302e+04,5.113708225195051222e-09
6.797021906604916808e+01,1.586639709873628635e+04,1.586639709873628635e+04,5.130578514696472672e-09
6.799944664464382527e+01,1.584765962781458802e+04,1.584765962781458802e+04,5.042363342409321461e-09
6.802550246322437033e+01,1.584290132422669012e+04,1.584290132422669012e+04,5.078675364242874155e-09
6.805131248238306796e+01,1.584092778454038125e+04,1.584092778454038125e+04,5.028265104146032445e-09
6.807713683491844847e+01,1.583978113963834585e+04,1.583978113963834585e+04,5.005485323792617822e-09
6.810618568650644988e+01,1.583802830270191043e+04,1.583802830270191043e+04,4.981471070552749562e-09
6.813279134784188784e+01,1.582641169959285980e+04,1.582641169959285980e+04,4.960453624218491013e-09
6.816224730888113470e+01,1.581455928206001590e+04,1.581455928206001590e+04,4.931712124547426716e-09
6.818890593754370855e+01,1.581200411261552472e+04,1.581200411261552472e+04,4.919420210707929976e-09
6.821899071665907854e+01,1.581013666600156830e+04,1.581013666600156830e+04,4.884208361985023537e-09
6.824561687816692768e+01,1.580738174307022018e+04,1.580738174307022018e+04,4.884209716517783473e-09
6.827323259050433535e+01,1.579224857818512828e+04,1.579224857818512828e+04,4.871693850445414161e-09
6.829951991492509933e+01,1.578661260391408359e+04,1.578661260391408359e+04,4.821643172743443108e-09
6.832558221005896826e+01,1.578441710260896616e+04,1.578441710260896616e+04,4.857857622284263563e-09
6.835116693961047929e+01,1.578320110222326912e+04,1.578320110222326912e+04,4.814230545851730587e-09
6.837635274980894451e+01,1.578220597004942829e+04,1.578220597004942829e+04,4.792671177806512270e-09
6.840145228801669930e+01,1.577882455740662226e+04,1.577882455740662226e+04,4.823787740354352811e-09
6.842845840475540342e+01,1.576087258331497287e+04,1.576087258331497287e+04,4.776678844784391046e-09
6.845590993024073612e+01,1.575583665155193194e+04,1.575583665155193194e+04,4.791537329786330228e-09
6.848135936173207483e+01,1.575388648281353744e+04,1.575388648281353744e+04,4.796887735034736528e-09
6.850640873236756079e+01,1.575275528755773303e+04,1.575275528755773303e+04,4.745885010003035276e-09
6.853180928046747056e+01,1.575173171325332623e+04,1.575173171325332623e+04,4.764333579765550184e-09
6.855748970689496957e+01,1.574782266344205891e+04,1.574782266344205891e+04,4.786053160990382567e-09
6.858337232648560189e+01,1.573022322576354600e+04,1.573022322576354600e+04,4.740874880645323520e-09
6.861088603621560367e+01,1.572535746526353068e+04,1.572535746526353068e+04,4.770130985217980798e-09
6.863814751416433069e+01,1.572333986520954932e+04,1.572333986520954932e+04,4.770406885747255062e-09
6.866410860510251268e+01,1.572221617795746351e+04,1.572221617795746351e+04,4.719158587156623919e-09
6.868938148772117813e+01,1.572111996958054806e+04,1.572111996958054806e+04,4.778962621310343731e-09
6.871608374061646884e+01,1.571586329155004205e+04,1.571586329155004205e+04,4.775255405290269271e-09
6.874287546488474732e+01,1.569846982400077650e+04,1.569846982400077650e+04,4.746033357774179058e-09
6.876926987572272765e+01,1.569454697981969366e+04,1.569454697981969366e+04,4.800588883871859814e-09
6.879503714882375220e+01,1.569275837416948707e+04,1.569275837416948707e+04,4.781430698014584463e-09
6.882037030985766535e+01,1.569167828463089427e+04,1.569167828463089427e+04,4.767380370294589545e-09
6.884643718759009801e+01,1.569044736529642432e+04,1.569044736529642432e+04,4.824631650337690100e-09
6.887235837697517127e+01,1.568444371471888371e+04,1.568444371471888371e+04,4.808868170154606753e-09
6.889855867802509692e+01,1.566763342822930099e+04,1.566763342822930099e+04,4.810603025634661404e-09
6.892562038281741366e+01,1.566383544838518719e+04,1.566383544838518719e+04,4.859592341254024264e-09
6.895214355071404100e+01,1.566207623804296963e+04,1.566207623804296963e+04,4.814631896226442303e-09
6.897797496296713859e+01,1.566099890425321064e+04,1.566099890425321064e+04,4.876680982546285243e-09
6.900425505218262856e+01,1.565948562660632888e+04,1.565948562660632888e+04,4.897576782148636884e-09
6.902972250069738891e+01,1.565083815584953481e+04,1.565083815584953481e+04,4.846566095026899315e-09
6.905479942472599930e+01,1.563632420327996806e+04,1.563632420327996806e+04,4.931432186804863752e-09
6.907996712252544569e+01,1.563310854965985163e+04,1.563310854965985163e+04,4.952679818538568652e-09
6.910569311139985871e+01,1.563143561272122133e+04,1.563143561272122133e+04,4.905288662700997767e-09
6.913084387741690762e+01,1.563036594941739531e+04,1.563036594941739531e+04,4.993732660813085187e-09
6.915663653679200706e+01,1.562872333892865026e+04,1.562872333892865026e+04,5.007569267830091594e-09
6.918222250382952154e+01,1.561830808969745704e+04,1.561830808969745704e+04,4.992593146331581156e-09
6.920757248458708943e+01,1.560578340615275010e+04,1.560578340615275010e+04,5.069461459129926224e-09
6.923317788995613853e+01,1.560295185214356570e+04,1.560295185214356570e+04,5.060475164593728746e-09
6.925893612578198599e+01,1.560121842047439532e+04,1.560121842047439532e+04,5.096083259870214213e-09
6.928461613181940493e+01,1.559928219419694506e+04,1.559928219419694506e+04,5.143541439918611226e-09
6.931102320970714459e+01,1.559040254039825959e+04,1.559040254039825959e+04,5.111869683098301630e-09
6.933781565137292091e+01,1.557815567096383347e+04,1.557815567096383347e+04,5.205789937558724293e-09
6.936372230042817932e+01,1.557525471453419959e+04,1.557525471453419959e+04,5.169733413330523813e-09
6.938895345872685994e+01,1.557372798581646748e+04,1.557372798581646748e+04,5.256581172251512524e-09
6.941470210676607167e+01,1.557255806533920440e+04,1.557255806533920440e+04,5.270288425995474561e-09
6.944160103053089017e+01,1.556916899977060166e+04,1.556916899977060166e+04,5.310666855975358413e-09
6.947025258586600671e+01,1.555001786030040785e+04,1.555001786030040785e+04,5.314289480851916227e-09
6.949598338092219763e+01,1.554558132612459849e+04,1.554558132612459849e+04,5.385840628277040065e-09
6.952430042887137063e+01,1.554346979588939757e+04,1.554346979588939757e+04,5.366629801692215951e-09
6.954942678768824749e+01,1.554225193751058760e+04,1.554225193751058760e+04,5.457340417673186747e-09
6.957478659722040959e+01,1.554017801457565656e+04,1.554017801457565656e+04,5.460715976440067781e-09
6.960207153129134383e+01,1.552273610297138111e+04,1.552273610297138111e+04,5.527501469791033004e-09
6.962949205998701530e+01,1.551563290671591312e+04,1.551563290671591312e+04,5.489194100507530942e-09
6.965679870802921414e+01,1.551322294521514596e+04,1.551322294521514596e+04,5.601725983282170088e-09
6.968361009580505083e+01,1.551179450524142158e+04,1.551179450524142158e+04,5.590722237001449967e-09
6.971055342156343215e+01,1.550973279263315999e+04,1.550973279263315999e+04,5.656859548237214118e-09
6.973707134518747353e+01,1.549295511407794947e+04,1.549295511407794947e+04,5.691399613522395746e-09
6.976379784846464815e+01,1.548521423037482600e+04,1.548521423037482600e+04,5.693884206554382184e-09
6.978998390161646626e+01,1.548274294222029675e+04,1.548274294222029675e+04,5.775001308418463608e-09
6.981622829866792301e+01,1.548126017093138944e+04,1.548126017093138944e+04,5.722477319639572102e-09
6.984240451488645363e+01,1.547934478950063203e+04,1.547934478950063203e+04,5.840473232784968552e-09
6.986804964891183545e+01,1.546500078753443086e+04,1.546500078753443086e+04,5.827398565953394390e-09
6.989397837158283266e+01,1.545493520107628137e+04,1.545493520107628137e+04,5.889946252003154708e-09
6.991939373378110645e+01,1.545231849972253622e+04,1.545231849972253622e+04,5.918524938391565530e-09
6.994513919721953243e+01,1.545077032876042358e+04,1.545077032876042358e+04,5.923733020299076649e-09
6.997028543045141191e+01,1.544904703293050989e+04,1.544904703293050989e+04,5.995069277045080231e-09
6.999555989665797995e+01,1.543787334047660806e+04,1.543787334047660806e+04,5.947912472899421520e-09
7.002082355777177725e+01,1.542476192058706874e+04,1.542476192058706874e+04,6.056409064891899124e-09
7.004973287385030289e+01,1.542162923070169018e+04,1.542162923070169018e+04,6.080175857563811805e-09
7.007862873124699377e+01,1.541990034094762450e+04,1.541990034094762450e+04,6.076753587765336624e-09
7.010757624477083993e+01,1.342185871907314322e+04,1.541678510735195960e+04,6.065690068284585888e-09
7.013650220422596249e+01,1.342163430504731150e+04,1.539723028485204668e+04,6.145898606922945875e-09
7.016498269588699088e+01,1.342139793180733250e+04,1.539275012534388588e+04,6.207045714180594083e-09
7.019324676734267143e+01,1.342110234390733058e+04,1.539047055113504211e+04,6.240584911588802328e-09
7.022133455715926686e+01,1.342064494641295460e+04,1.538631568306008194e+04,6.243630121585937252e-09
7.024965710929171792e+01,1.341974974112751261e+04,1.536886838315102432e+04,6.224376260970218186e-09
7.027780368359306351e+01,1.341768388277023769e+04,1.536485383111908777e+04,6.274012586699876597e-09
7.030570009576621260e+01,1.341261715881330929e+04,1.536294374070364574e+04,6.343296643253613743e-09
7.033341466782806606e+01,1.340009481399811557e+04,1.536074894255394793e+04,6.386049017472107577e-09
7.036086078566331992e+01,1.339006372598048256e+04,1.534283760236870876e+04,6.398617917206986006e-09
7.038832447408472603e+01,1.338803793571291499e+04,1.533546943289310911e+04,6.383024179546151389e-09
7.041576105303778377e+01,1.338577603301222189e+04,1.533307680500014612e+04,6.412524176437437439e-09
7.044127521575369144e+01,1.338243881365413836e+04,1.533146610093439995e+04,9.138651677822433918e-09
7.044960979622121044e+01,1.338020817654884740e+04,1.533072415625389840e+04,1.543871732262233198e-08
7.045492569369315561e+01,1.337747166372894208e+04,1.533002435073229572e+04,2.713637061996196387e-08
7.045744223541399265e+01,1.337487984367778154e+04,1.532957916647965430e+04,4.578128398495459315e-08
7.045890605461026723e+01,1.337188732111125319e+04,1.532926990636540904e+04,7.856891830157207900e-08
7.045982489263319337e+01,1.336782021282971436e+04,1.532905091923697182e+04,1.438662236620644444e-07
7.046025699756147276e+01,1.336371730476143966e+04,1.532893917492727451e+04,2.359122220638431097e-07
7.046050392370911197e+01,1.336008973282968327e+04,1.532887158491188711e+04,3.748152875306498034e-07
7.046067558962488420e+01,1.335664746383916645e+04,1.532882178548571937e+04,6.381231986256262172e-07
7.046076835656022297e+01,1.335408839062344123e+04,1.532879283761323131e+04,1.034048585041131629e-06
7.046083587987500607e+01,1.335148443314925680e+04,1.532876943008798480e+04,1.904667440338032637e-06
7.046086651767170395e+01,1.334982358336758989e+04,1.532875703655184225e+04,3.101043563885164876e-06
7.046088642085723563e+01,1.334836586394658843e+04,1.532874723989304584e+04,5.261712919859069198e-06
7.046089737645112905e+01,1.334728377779301627e+04,1.532874027914823455e+04,8.552294408126638508e-06
7.046090442311425761e+01,1.334634739060008724e+04,1.532873417979000078e+04,1.431960591736523156e-05
7.046090846933140028e+01,1.334561207512696637e+04,1.532872914716197192e+04,2.336797272631687851e-05
7.046091137204565769e+01,1.334485781651604884e+04,1.532872351969307419e+04,4.271715404126203677e-05
7.046091281612686430e+01,1.334429532692954308e+04,1.532871889071273290e+04,7.268722460996283495e-05
7.046091359068964266e+01,1.334385463774870004e+04,1.532871491063912981e+04,1.166092714768758316e-04
7.046091416537626628e+01,1.334335929162446519e+04,1.532871002176611364e+04,2.128633415188287180e-04
7.046091444859557384e+01,1.334297273460502765e+04,1.532870586065215139e+04,3.561778003497273579e-04
7.046091460956948538e+01,1.334263592791159681e+04,1.532870196496589779e+04,5.813094021928967309e-04
7.046091471821762298e+01,1.334227844402969640e+04,1.532869759040919598e+04,1.014144576841381328e-03
7.046091473514464099e+01,1.334220218016955187e+04,1.532869662136262377e+04,1.146695351560154561e-03
7.046091475363614620e+01,1.334210778443274103e+04,1.532869541699416914e+04,1.338333870720322376e-03
7.046091477566987749e+01,1.334197445016177335e+04,1.532869368642321388e+04,1.668590426795210895e-03
7.046091479897840770e+01,1.334179519184917626e+04,1.532869133485724706e+04,2.258247550182997804e-03
7.046091481810024959e+01,1.334159674007666945e+04,1.532868868258792645e+04,3.161941799481115568e-03
7.046091483721325233e+01,1.334130076326044036e+04,1.532868466656124292e+04,5.239950928557684899e-03
7.046091484873805655e+01,1.334100847486847670e+04,1.532868067909859201e+04,8.549871169516965255e-03
7.046091485619336936e+01,1.334069419711672163e+04,1.532867642764928132e+04,1.411127560441144922e-02
7.046091486136094773e+01,1.334031155177457731e+04,1.532867133942099827e+04,2.447010900611599343e-02
7.046091486462803744e+01,1.333986022395349028e+04,1.532866558352841093e+04,4.177931052500792608e-02
7.046091486692114358e+01,1.333923724544430479e+04,1.532865825698766457e+04,7.067397332226131590e-02
7.046091486827192796e+01,1.333853247293567983e+04,1.532865101444644461e+04,1.144324595979305526e-01
7.046091486960891359e+01,1.333725551681835532e+04,1.532864043360953110e+04,1.876120798752709540e-01
7.046091487132729014e+01,1.333569914387689096e+04,1.532862271233411957e+04,3.003588089797862848e-01
7.046091487491973737e+01,1.331648692262927034e+04,1.532857631775589653e+04,4.781452348845332545e-01
7.046091487830760514e+01,1.329722141850045409e+04,1.532850138991819404e+04,7.601748044751236444e-01
7.046091488169763295e+01,1.326030199475525296e+04,1.532836802622660616e+04,1.210029860547657599e+00
7.046091488649700807e+01,1.318639857271599249e+04,1.532802109718624160e+04,1.922043749401166179e+00
7.046091489431441346e+01,1.300598806260485071e+04,1.532675576991650632e+04,3.050123040884460401e+00
7.046091491015965858e+01,1.246341126051551510e+04,1.531763164988790231e+04,4.262011090400555702e+00
7.046091492600508843e+01,1.178723374910632810e+04,1.178723374910632810e+04,4.889180567915254016e+00
7.046091494185638737e+01,1.104953135686920541e+04,1.104953135686920541e+04,5.261555010075008809e+00
7.046091495770460256e+01,1.026726888798111395e+04,1.026726888798111395e+04,5.472483608816971490e+00
7.046091497354949240e+01,9.462835275280558562e+03,9.462835275280558562e+03,5.512050884125094363e+00
7.046091498939662756e+01,8.639840767229215999e+03,8.639840767229215999e+03,5.414141865664174880e+00
7.046091500524248374e+01,7.804400654864109129e+03,7.804400654864109129e+03,5.182004581149995737e+00
7.046091502109365479e+01,6.946074103578544964e+03,6.946074103578544964e+03,4.929576888751489250e+00
7.046091503694198366e+01,6.041203830138926605e+03,6.041203830138926605e+03,4.673138693846731861e+00
7.046091505279341050e+01,5.037986787865825136e+03,5.037986787865825136e+03,4.378523873465200111e+00
7.046091506864229359e+01,nan,nan,4.697692943239216490e+00
7.046091507271620458e+01,nan,nan,2.960952782091363922e+00
7.046091507754114502e+01,nan,nan,1.865152956678061802e+00
7.046091508986805252e+01,nan,nan,1.175971491885950071e+00
7.046091510572756533e+01,nan,nan,9.017465162858799843e-01
7.046091512162183790e+01,nan,nan,7.761458506687735071e-01
7.046091513748969248e+01,nan,nan,6.857076067948296716e-01
7.046091515333935718e+01,nan,nan,6.386126394255240424e-01
7.046091516922668063e+01,nan,nan,5.896736454673013883e-01
7.046091518508075069e+01,nan,nan,5.271987620469280600e-01
7.046091520097085947e+01,nan,nan,4.753123704022380047e-01
7.046091521685684711e+01,nan,nan,4.362539800319290006e-01
7.046091523273339874e+01,nan,nan,3.862426866786475843e-01
7.046091524858216815e+01,nan,nan,3.427991581855772130e-01
7.046091526447553122e+01,nan,nan,3.049701068675974569e-01
7.046091528034622797e+01,nan,nan,2.687023758114106542e-01
7.046091529620169069e+01,nan,nan,2.265072855055718370e-01
7.046091531207456171e+01,nan,nan,1.949041546053718599e-01
7.046091532800666357e+01,nan,nan,1.674632084592086179e-01
7.046091534403693402e+01,nan,nan,1.381913377071066762e-01
7.046091535992098898e+01,nan,nan,1.229568056821593036e-01
7.046091537590893950e+01,nan,nan,1.069798912474861502e-01
7.046091539191743891e+01,nan,nan,9.684940027857777411e-02
7.046091540796969355e+01,nan,nan,8.700573098844491260e-02
7.046091542415354070e+01,nan,nan,7.539723017876683031e-02
7.046091544009108532e+01,nan,nan,7.146167090193580873e-02
7.046091545598970640e+01,nan,nan,6.561576085093166755e-02
7.046091547229605112e+01,nan,nan,5.980857189212294978e-02
7.046091548816910688e+01,nan,nan,5.420158340237138384e-02
7.046091550441956031e+01,nan,nan,5.192210921258786499e-02
7.046091552079765563e+01,nan,nan,4.806077453945487021e-02
7.046091553723933032e+01,nan,nan,4.409043875899969211e-02
7.046091555325635625e+01,nan,nan,4.145856941114363370e-02
7.046091556956240254e+01,nan,nan,3.934052084827081158e-02
7.046091558594098103e+01,nan,nan,3.783026211939612832e-02
7.046091560184926550e+01,nan,nan,3.650346643017027964e-02
7.046091561811373083e+01,nan,nan,3.351014961619395993e-02
7.046091563446510975e+01,nan,nan,3.266443198287401900e-02
7.046091565091452935e+01,nan,nan,3.121772372759070921e-02
7.046091566742431667e+01,nan,nan,2.975678470403108136e-02
7.046091568432866836e+01,nan,nan,2.841935954666335862e-02
7.046091570051027020e+01,nan,nan,2.783541226430774271e-02
7.046091571724157632e+01,nan,nan,2.592833141555701479e-02
7.046091573396823549e+01,nan,nan,2.518854545638796183e-02
7.046091574989961259e+01,nan,nan,2.482721895044168528e-02
7.046091576604990792e+01,nan,nan,2.403931686025270395e-02
7.046091578274101153e+01,nan,nan,2.294375154641611902e-02
7.046091579884905798e+01,nan,nan,2.200818345513656099e-02
7.046091581551817740e+01,nan,nan,2.110734704500207698e-02
7.046091583278499115e+01,nan,nan,2.026194410281559680e-02
7.046091584907102856e+01,nan,nan,1.965956297871350456e-02
7.046091586585902178e+01,nan,nan,1.907075998817549939e-02
7.046091588296101804e+01,nan,nan,1.851821504640915189e-02
7.046091589884808570e+01,nan,nan,1.817316621706033253e-02
7.046091591521899034e+01,nan,nan,1.784842596215532179e-02
7.046091593201612113e+01,nan,nan,1.754022187527005602e-02
7.046091594935502656e+01,nan,nan,1.721402413371706311e-02
7.046091596557404557e+01,nan,nan,1.695014464437965412e-02
7.046091598208764140e+01,nan,nan,1.645328204755379040e-02
7.046091599870193534e+01,nan,nan,1.572681482626406974e-02
7.046091601563125550e+01,nan,nan,1.517859020254829633e-02
7.046091603324359198e+01,nan,nan,1.505213725337721693e-02
7.046091604965830868e+01,nan,nan,1.503619137303238013e-02
7.046091606631854631e+01,nan,nan,1.464182277628294469e-02
7.046091608255430572e+01,nan,nan,1.382298301446478056e-02
7.046091609927285049e+01,nan,nan,1.387581884577963366e-02
7.046091611517250897e+01,nan,nan,1.386454919671446274e-02
7.046091613304008661e+01,nan,nan,1.328926575246284006e-02
7.046091615068168323e+01,nan,nan,1.285318449449776752e-02
7.046091616696283211e+01,nan,nan,1.300959776509123290e-02
7.046091618402117263e+01,nan,nan,1.261955237814123970e-02
7.046091620012862222e+01,nan,nan,1.220044228868730034e-02
7.046091621768185576e+01,nan,nan,1.231059263345509781e-02
7.046091623532726089e+01,nan,nan,1.187454849524096495e-02
7.046091625244562806e+01,nan,nan,1.157438290348555138e-02
7.046091626870344271e+01,nan,nan,1.167803916099376810e-02
7.046091628676595064e+01,nan,nan,1.104278595744647394e-02
7.046091630271061490e+01,nan,nan,1.121259117945855310e-02
7.046091631948966949e+01,nan,nan,1.091419512995562939e-02
7.046091633809753318e+01,nan,nan,1.061620980713366171e-02
7.046091635573623080e+01,nan,nan,1.072339903781359231e-02
7.046091637237064731e+01,nan,nan,1.015232404903877554e-02
7.046091638981097560e+01,nan,nan,1.037159380885928697e-02
7.046091640778408305e+01,nan,nan,9.936244891190363152e-03
7.046091642529803778e+01,nan,nan,9.956652512049564072e-03
7.046091644136274112e+01,nan,nan,9.719260148716697342e-03
7.046091645909682200e+01,nan,nan,9.628589034153514983e-03
7.046091647584360373e+01,nan,nan,9.498197060093433591e-03
7.046091649395118850e+01,nan,nan,9.306241405025382843e-03
7.046091651125939848e+01,nan,nan,9.272390312088370917e-03
7.046091652991421483e+01,nan,nan,8.990733215572891887e-03
7.046091654763522172e+01,nan,nan,9.041462538745690530e-03
7.046091656687450211e+01,nan,nan,8.688124456174003279e-03
7.046091658505287114e+01,nan,nan,8.805766632523470694e-03
7.046091660147182267e+01,nan,nan,8.492322134515473478e-03
7.046091662016374357e+01,nan,nan,8.554001449381965980e-03
7.046091663687631979e+01,nan,nan,8.304078372796064311e-03
7.046091665581508323e+01,nan,nan,8.298576608752239805e-03
7.046091667291446470e+01,nan,nan,8.127197449603921001e-03
7.046091669272297509e+01,nan,nan,8.048498217083571021e-03
7.046091671033512682e+01,nan,nan,7.941297556874428454e-03
7.046091672621984969e+01,nan,nan,7.708134826552887064e-03
7.046091674484137002e+01,nan,nan,7.830113732973129764e-03
7.046091676442810581e+01,nan,nan,7.449456065272429088e-03
7.046091678068430042e+01,nan,nan,7.662770726875378635e-03
7.046091679988978740e+01,nan,nan,7.325111323528496997e-03
7.046091681725656031e+01,nan,nan,7.441897162127300569e-03
7.046091683641249404e+01,nan,nan,7.243172804334288388e-03
7.046091685378857505e+01,nan,nan,7.160965224691701048e-03
7.046091686985479896e+01,nan,nan,7.215755074986424968e-03
7.046091688650142260e+01,nan,nan,6.914830030913841213e-03
7.046091690473357971e+01,nan,nan,7.049384078521335820e-03
7.046091692070255874e+01,nan,nan,6.916407092730100792e-03
7.046091693899442987e+01,nan,nan,6.724557856704428682e-03
7.046091695662205723e+01,nan,nan,6.852436965455143726e-03
7.046091697378376750e+01,nan,nan,6.594752741833780768e-03
7.046091699278321130e+01,nan,nan,6.651434218209481206e-03
7.046091700969698479e+01,nan,nan,6.594070548410565710e-03
7.046091702851433070e+01,nan,nan,6.310498664579648580e-03
7.046091704766976704e+01,nan,nan,6.499237946536120906e-03
7.046091706543019484e+01,nan,nan,6.293648669113300134e-03
7.046091708589531777e+01,nan,nan,6.272494047249062288e-03
7.046091710397124075e+01,nan,nan,6.272709803565520124e-03
7.046091712339769231e+01,nan,nan,5.998805053286173500e-03
7.046091714352985491e+01,nan,nan,6.154920988309065151e-03
7.046091716195324750e+01,nan,nan,6.004289692239823950e-03
7.046091718338583121e+01,nan,nan,5.906188375955127856e-03
7.046091720291606464e+01,nan,nan,5.964184457875343522e-03
7.046091722302247717e+01,nan,nan,5.719258815601387276e-03
7.046091723990741684e+01,nan,nan,5.792565603609823970e-03
7.046091725938168793e+01,nan,nan,5.771903658332930807e-03
7.046091728068904558e+01,nan,nan,5.514549236430738369e-03
7.046091729775700685e+01,nan,nan,5.665051223893046405e-03
7.046091731759294419e+01,nan,nan,5.575129369949715676e-03
7.046091733425426185e+01,nan,nan,5.380272282291742245e-03
7.046091735134125145e+01,nan,nan,5.506913963292199045e-03
7.046091737173547642e+01,nan,nan,5.442567320127128516e-03
7.046091738866998355e+01,nan,nan,5.254782005385212618e-03
7.046091740699709760e+01,nan,nan,5.356290747064973781e-03
7.046091742796375001e+01,nan,nan,5.305653267975989074e-03
7.046091744528754930e+01,nan,nan,5.123957035861620261e-03
7.046091746407594769e+01,nan,nan,5.209818554395942956e-03
7.046091748028649704e+01,nan,nan,5.211308278232644822e-03
7.046091749729764331e+01,nan,nan,5.056693804630772726e-03
7.046091751634084233e+01,nan,nan,5.018893319277025790e-03
7.046091753394182433e+01,nan,nan,5.095582838443068856e-03
7.046091755057467765e+01,nan,nan,4.990377951353421222e-03
7.046091756939655681e+01,nan,nan,4.814690410455401380e-03
7.046091758871639854e+01,nan,nan,4.956956441099133123e-03
7.046091760558755368e+01,nan,nan,4.912838135963410770e-03
7.046091762406534542e+01,nan,nan,4.750103973890777362e-03
7.046091764439157146e+01,nan,nan,4.796038738966360189e-03
7.046091766215786834e+01,nan,nan,4.818729354740235345e-03
7.046091768025958402e+01,nan,nan,4.687488897865139947e-03
7.046091770064674620e+01,nan,nan,4.615239886417951340e-03
7.046091772012360366e+01,nan,nan,4.705300226386983746e-03
7.046091773802164937e+01,nan,nan,4.622112438251555974e-03
7.046091775819756720e+01,nan,nan,4.459283836235423439e-03
7.046091777930131173e+01,nan,nan,4.572343180733704458e-03
7.046091779760925533e+01,nan,nan,4.545377951157481521e-03
7.046091781742156002e+01,nan,nan,4.399344972031927516e-03
7.046091783944150677e+01,nan,nan,4.421177815649266971e-03
7.046091785883278646e+01,nan,nan,4.453843558808427347e-03
7.046091787826510711e+01,nan,nan,4.339531332299709221e-03
7.046091790020932422e+01,nan,nan,4.254179306534195022e-03
7.046091792152743949e+01,nan,nan,4.346015668928272964e-03
7.046091794086112259e+01,nan,nan,4.275798621683885720e-03
7.046091796259814544e+01,nan,nan,4.125962516920137282e-03
7.046091798551697138e+01,nan,nan,4.222119267063641906e-03
7.046091800535229766e+01,nan,nan,4.202115229782497040e-03
7.046091802674469307e+01,nan,nan,4.068814340637321759e-03
7.046091805055633017e+01,nan,nan,4.083380322418229437e-03
7.046091807156469145e+01,nan,nan,4.115987367221891555e-03
7.046091809257401906e+01,nan,nan,4.011871665983806484e-03
7.046091811632371105e+01,nan,nan,3.931765144387401600e-03
7.046091813225291389e+01,nan,nan,4.006405760838131422e-03
7.046091815314716200e+01,nan,nan,3.986597433655462812e-03
7.046091817572835225e+01,nan,nan,3.859755847409705645e-03
7.046091819223784114e+01,nan,nan,3.831893599817567421e-03
7.046091820852359433e+01,nan,nan,3.903470422154360544e-03
7.046091822996076814e+01,nan,nan,3.882743013793606580e-03
7.046091825317967050e+01,nan,nan,3.758629126202733036e-03
7.046091827016573461e+01,nan,nan,3.735503711788813914e-03
7.046091828679156777e+01,nan,nan,3.803635699289287589e-03
7.046091830878202700e+01,nan,nan,3.781405853546449935e-03
7.046091833267078641e+01,nan,nan,3.659726127115505052e-03
7.046091835016164850e+01,nan,nan,3.642452482646794509e-03
7.046091836711107703e+01,nan,nan,3.706775456680497065e-03
7.046091838966664511e+01,nan,nan,3.682491351813658477e-03
7.046091840570289833e+01,nan,nan,3.606899606393578362e-03
7.046091842309662923e+01,nan,nan,3.518609049848821051e-03
7.046091844130491211e+01,nan,nan,3.590925451052539522e-03
7.046091845732779291e+01,nan,nan,3.618395099133775786e-03
7.046091848066733121e+01,nan,nan,3.552240266030599804e-03
7.046091849801084095e+01,nan,nan,3.468307872941335437e-03
7.046091851656852612e+01,nan,nan,3.465720232961422113e-03
7.046091853411945749e+01,nan,nan,3.521429955959555838e-03
7.046091855785041957e+01,nan,nan,3.491564775824358268e-03
7.046091857494896260e+01,nan,nan,3.417366936893023472e-03
7.046091859333010632e+01,nan,nan,3.337124074420886894e-03
7.046091861241652055e+01,nan,nan,3.415127356342870582e-03
7.046091862910351722e+01,nan,nan,3.435067912486525123e-03
7.046091864530120574e+01,nan,nan,3.399244273305436492e-03
7.046091866299840945e+01,nan,nan,3.325438090881129016e-03
7.046091868191552976e+01,nan,nan,3.257891986237433472e-03
7.046091870146432257e+01,nan,nan,3.331377357805308335e-03
7.046091871847582411e+01,nan,nan,3.346784248724492174e-03
7.046091873513805126e+01,nan,nan,3.308674144265973463e-03
7.046091875348577105e+01,nan,nan,3.235074370430811135e-03
7.046091877298239581e+01,nan,nan,3.181922443948224759e-03
7.046091879201630093e+01,nan,nan,3.248058478420388657e-03
7.046091880942907437e+01,nan,nan,3.261297964671398993e-03
7.046091882655009897e+01,nan,nan,3.222749096274091143e-03
7.046091884541313277e+01,nan,nan,3.150524420139419381e-03
7.046091886547336003e+01,nan,nan,3.104484587508146102e-03
7.046091888485835852e+01,nan,nan,3.167135808935862915e-03
7.046091890267032909e+01,nan,nan,3.178076928302775526e-03
7.046091892026763048e+01,nan,nan,3.138983115477546500e-03
7.046091893966682562e+01,nan,nan,3.068062286497301016e-03
7.046091896031683177e+01,nan,nan,3.029438746217445657e-03
7.046091898005275311e+01,nan,nan,3.088520729813996109e-03
7.046091899826967619e+01,nan,nan,3.097022438140758539e-03
7.046091901636317800e+01,nan,nan,3.057257134314572342e-03
7.046091903632260767e+01,nan,nan,2.987564699997043247e-03
7.046091905759369922e+01,nan,nan,2.956773491603230126e-03
7.046091907869289628e+01,nan,nan,3.013778736252308629e-03
7.046091909725360836e+01,nan,nan,3.016951016196379228e-03
7.046091911592618828e+01,nan,nan,2.974352807526313165e-03
7.046091913655274652e+01,nan,nan,2.905192521934550718e-03
7.046091915860280608e+01,nan,nan,2.890453525234648602e-03
7.046091917978685615e+01,nan,nan,2.940560246012643465e-03
7.046091919873202869e+01,nan,nan,2.938604418605551740e-03
7.046091921802938884e+01,nan,nan,2.893396072321514131e-03
7.046091923938183754e+01,nan,nan,2.824827131965345142e-03
7.046091926222642599e+01,nan,nan,2.825822633500499857e-03
7.046091928351444267e+01,nan,nan,2.868918318157422966e-03
7.046091930287229843e+01,nan,nan,2.861760620889401609e-03
7.046091932285577286e+01,nan,nan,2.813999031126824396e-03
7.046091934501497178e+01,nan,nan,2.745976508229339922e-03
7.046091936873746420e+01,nan,nan,2.763259620042929441e-03
7.046091939012339367e+01,nan,nan,2.798782278535651667e-03
7.046091940992832292e+01,nan,nan,2.785994625799016310e-03
7.046091943069166064e+01,nan,nan,2.735528288090325125e-03
7.046091945363598086e+01,nan,nan,2.668278518734825983e-03
7.046091947790533538e+01,nan,nan,2.701687068228062882e-03
7.046091949942628219e+01,nan,nan,2.729760676948383546e-03
7.046091951973021139e+01,nan,nan,2.711586646135873743e-03
7.046091954136062441e+01,nan,nan,2.658739937535623595e-03
7.046091956503953213e+01,nan,nan,2.592487983530718763e-03
7.046091958967159030e+01,nan,nan,2.640763316945899178e-03
7.046091961138765214e+01,nan,nan,2.661789789679218192e-03
7.046091963224816368e+01,nan,nan,2.638703991104737832e-03
7.046091965483232400e+01,nan,nan,2.583920957484003942e-03
7.046091967923489108e+01,nan,nan,2.522763293350291890e-03
7.046091970434356710e+01,nan,nan,2.580906152653431127e-03
7.046091972629636757e+01,nan,nan,2.594803928553838547e-03
7.046091974778305200e+01,nan,nan,2.566890677821233226e-03
7.046091977145682961e+01,nan,nan,2.510344272599904312e-03
7.046091979666553584e+01,nan,nan,2.470681037086573575e-03
7.046091982089512840e+01,nan,nan,2.520482205921122272e-03
7.046091984322107749e+01,nan,nan,2.529277784659994879e-03
7.046091986536522711e+01,nan,nan,2.498281231112818319e-03
7.046091988983887688e+01,nan,nan,2.441618423133009533e-03
7.046091991591642056e+01,nan,nan,2.416921672844374227e-03
7.046091994149206528e+01,nan,nan,2.462412476276217010e-03
7.046091996415110259e+01,nan,nan,2.464162892543984677e-03
7.046091998708611470e+01,nan,nan,2.428755280971842904e-03
7.046092001248491954e+01,nan,nan,2.371681241379393519e-03
7.046092003965721062e+01,nan,nan,2.367599168815053261e-03
7.046092006505607230e+01,nan,nan,2.404751620045623029e-03
7.046092008814278529e+01,nan,nan,2.399798512328821590e-03
7.046092011198095406e+01,nan,nan,2.360462072360544877e-03
7.046092013845486690e+01,nan,nan,2.303101946406863575e-03
7.046092016531771662e+01,nan,nan,2.316539424848212004e-03
7.046092019077235591e+01,nan,nan,2.347140946709663518e-03
7.046092021438278152e+01,nan,nan,2.337264211389035971e-03
7.046092023915264235e+01,nan,nan,2.295442410091113813e-03
7.046092026658858742e+01,nan,nan,2.238428665794707766e-03
7.046092029534501933e+01,nan,nan,2.268293581398747073e-03
7.046092032081114098e+01,nan,nan,2.290514787989890791e-03
7.046092034501847934e+01,nan,nan,2.274192210182529334e-03
7.046092037098880212e+01,nan,nan,2.229076446020289686e-03
7.046092039933853357e+01,nan,nan,2.172414423332094755e-03
7.046092042847054415e+01,nan,nan,2.219881836984597453e-03
7.046092045404830628e+01,nan,nan,2.234043652562185504e-03
7.046092047897597865e+01,nan,nan,2.211831361742361800e-03
7.046092050633865256e+01,nan,nan,2.164000155455032652e-03
7.046092053561493174e+01,nan,nan,2.127069144906559503e-03
7.046092056369957390e+01,nan,nan,2.170232839301721242e-03
7.046092058960081772e+01,nan,nan,2.178192894104454772e-03
7.046092061533059336e+01,nan,nan,2.151820295061174313e-03
7.046092064381407738e+01,nan,nan,2.102939196418377506e-03
7.046092067417821170e+01,nan,nan,2.084221972721354670e-03
7.046092070353930126e+01,nan,nan,2.121953641247186634e-03
7.046092072977222642e+01,nan,nan,2.122196334113597704e-03
7.046092075650983588e+01,nan,nan,2.090753026680452435e-03
7.046092078618490007e+01,nan,nan,2.040922049618902005e-03
7.046092081792848205e+01,nan,nan,2.044632777273251625e-03
7.046092084689463775e+01,nan,nan,2.073365179212156590e-03
7.046092087362210066e+01,nan,nan,2.066186361261347030e-03
7.046092090157830512e+01,nan,nan,2.030236853592068055e-03
7.046092093267044731e+01,nan,nan,1.979588126282154446e-03
7.046092094880242485e+01,nan,nan,1.981047037797707341e-03
7.046092096515459957e+01,nan,nan,2.004571454375869526e-03
7.046092099392318175e+01,nan,nan,2.024366270925245879e-03
7.046092102131554213e+01,nan,nan,2.010113188768604051e-03
7.046092105075572931e+01,nan,nan,1.970256148152948333e-03
7.046092106661234311e+01,nan,nan,1.945593592141460449e-03
7.046092108289094824e+01,nan,nan,1.919540274574671771e-03
7.046092109982944862e+01,nan,nan,1.944743117980543383e-03
7.046092111573241823e+01,nan,nan,1.963603913855002051e-03
7.046092114452584099e+01,nan,nan,1.974882033870473119e-03
7.046092117277832756e+01,nan,nan,1.954252328093828654e-03
7.046092120400066960e+01,nan,nan,1.911210909222017329e-03
7.046092122036800731e+01,nan,nan,1.886675974607545693e-03
7.046092123727180478e+01,nan,nan,1.885021954754654856e-03
7.046092125453208155e+01,nan,nan,1.907841598786426656e-03
7.046092128480998440e+01,nan,nan,1.927538420769652318e-03
7.046092131357016797e+01,nan,nan,1.914712580333282352e-03
7.046092134441903454e+01,nan,nan,1.877197893308123373e-03
7.046092136108380544e+01,nan,nan,1.853674284671987405e-03
7.046092137817768730e+01,nan,nan,1.828763963575169484e-03
7.046092139593430659e+01,nan,nan,1.851599949599182487e-03
7.046092141264300324e+01,nan,nan,1.869706631045021852e-03
7.046092144288319048e+01,nan,nan,1.880754002996359777e-03
7.046092147254742599e+01,nan,nan,1.861364321497955545e-03
7.046092150532561504e+01,nan,nan,1.820456837168635223e-03
7.046092152252455776e+01,nan,nan,1.796987193132743629e-03
7.046092154027898857e+01,nan,nan,1.795650266560278605e-03
7.046092155834898563e+01,nan,nan,1.817278177010757693e-03
7.046092157468834216e+01,nan,nan,1.830657061224844713e-03
7.046092160514109537e+01,nan,nan,1.833217903596290072e-03
7.046092163598845559e+01,nan,nan,1.807817203299922444e-03
7.046092165273704211e+01,nan,nan,1.787623399823317369e-03
7.046092167025177844e+01,nan,nan,1.765135475953020193e-03
7.046092168821292034e+01,nan,nan,1.741256635055245857e-03
7.046092170689766476e+01,nan,nan,1.764663663668436045e-03
7.046092172434191525e+01,nan,nan,1.781546767241365880e-03
7.046092174048351353e+01,nan,nan,1.790381656079041098e-03
7.046092177143053448e+01,nan,nan,1.785057948544805902e-03
7.046092180377779357e+01,nan,nan,1.754562835387599683e-03
7.046092182176734298e+01,nan,nan,1.732979640183221915e-03
7.046092183986411328e+01,nan,nan,1.710437208866724896e-03
7.046092185855694368e+01,nan,nan,1.712431839963288963e-03
7.046092187732158152e+01,nan,nan,1.732444237878921290e-03
7.046092189435671571e+01,nan,nan,1.744606023709635708e-03
7.046092191047117126e+01,nan,nan,1.748994321853217281e-03
7.046092194219394855e+01,nan,nan,1.736241472339348103e-03
7.046092195874575737e+01,nan,nan,1.720946097725408385e-03
7.046092197645498345e+01,nan,nan,1.701408851858445068e-03
7.046092199486659524e+01,nan,nan,1.679845840757559182e-03
7.046092201375584807e+01,nan,nan,1.661396479630922966e-03
7.046092203349979854e+01,nan,nan,1.683481611014845617e-03
7.046092205159899891e+01,nan,nan,1.698711562461305280e-03
7.046092206842349981e+01,nan,nan,1.706284752345898874e-03
7.046092208467962337e+01,nan,nan,1.706434649733906163e-03
7.046092210088153251e+01,nan,nan,1.699689927538646688e-03
7.046092211750405454e+01,nan,nan,1.686981991626793640e-03
7.046092213506102553e+01,nan,nan,1.669559754762569648e-03
7.046092215393578329e+01,nan,nan,1.648850379682881588e-03
7.046092217303429095e+01,nan,nan,1.627052712908353370e-03
7.046092219276621904e+01,nan,nan,1.634740753273968353e-03
7.046092221212063578e+01,nan,nan,1.652799403881537307e-03
7.046092222980701081e+01,nan,nan,1.663383674281521726e-03
7.046092224663381387e+01,nan,nan,1.666597698748176854e-03
7.046092226319474605e+01,nan,nan,1.662814712620859113e-03
7.046092227998056501e+01,nan,nan,1.652772015530575575e-03
7.046092229749270075e+01,nan,nan,1.637576297669762065e-03
7.046092231631675418e+01,nan,nan,1.618463853913829293e-03
7.046092233568585073e+01,nan,nan,1.597703285955511887e-03
7.046092235558525374e+01,nan,nan,1.586916320120417218e-03
7.046092237426569227e+01,nan,nan,1.605523684293480146e-03
7.046092239307137106e+01,nan,nan,1.619529927418614321e-03
7.046092241067071882e+01,nan,nan,1.626296805227005465e-03
7.046092242770676251e+01,nan,nan,1.626004496730029626e-03
7.046092244472389154e+01,nan,nan,1.619186466169383583e-03
7.046092246222279698e+01,nan,nan,1.606749380688064603e-03
7.046092248074953091e+01,nan,nan,1.589881238147513882e-03
7.046092250056354089e+01,nan,nan,1.570037223651634143e-03
7.046092252068517325e+01,nan,nan,1.548997562105634915e-03
7.046092254147686162e+01,nan,nan,1.560000778200998622e-03
7.046092256154797440e+01,nan,nan,1.576540941497123509e-03
7.046092257997081276e+01,nan,nan,1.585962573673178628e-03
7.046092259756871101e+01,nan,nan,1.588386946371209705e-03
7.046092261494491993e+01,nan,nan,1.584193129090194279e-03
7.046092263261232347e+01,nan,nan,1.574115362457533668e-03
7.046092265110299024e+01,nan,nan,1.559225724285174608e-03
7.046092267104795326e+01,nan,nan,1.540664193566596094e-03
7.046092269142114617e+01,nan,nan,1.520677368934450057e-03
7.046092271237614568e+01,nan,nan,1.515300506327299773e-03
7.046092273387182559e+01,nan,nan,1.534051444188925693e-03
7.046092275325671039e+01,nan,nan,1.545846271068938588e-03
7.046092277150421523e+01,nan,nan,1.550735140520021968e-03
7.046092278932145803e+01,nan,nan,1.548991773232476958e-03
7.046092280724657542e+01,nan,nan,1.541191888391541670e-03
7.046092282580873700e+01,nan,nan,1.528269800363486058e-03
7.046092284560563712e+01,nan,nan,1.511361956067025589e-03
7.046092286640431723e+01,nan,nan,1.492184860811790470e-03
7.046092288768926437e+01,nan,nan,1.472254828371381786e-03
7.046092290981576411e+01,nan,nan,1.492016556247775143e-03
7.046092293029569475e+01,nan,nan,1.505996497202893554e-03
7.046092294930160449e+01,nan,nan,1.513198105781588887e-03
7.046092296763953300e+01,nan,nan,1.513802493338996247e-03
7.046092298589719860e+01,nan,nan,1.508246927264811788e-03
7.046092300461076263e+01,nan,nan,1.497320504168873218e-03
7.046092302435798160e+01,nan,nan,1.482090670857976735e-03
7.046092304569845055e+01,nan,nan,1.463666911620662391e-03
7.046092306723765830e+01,nan,nan,1.444125429916422870e-03
7.046092308947397953e+01,nan,nan,1.450595510439357501e-03
7.046092311119940632e+01,nan,nan,1.466550295012662144e-03
7.046092313107662619e+01,nan,nan,1.475886226783443625e-03
7.046092315001496331e+01,nan,nan,1.478696949419327925e-03
7.046092316867843408e+01,nan,nan,1.475306850028806254e-03
7.046092318761996864e+01,nan,nan,1.466363126635590727e-03
7.046092320740822856e+01,nan,nan,1.452830084088829873e-03
7.046092322871207614e+01,nan,nan,1.435752556810229209e-03
7.046092325060322992e+01,nan,nan,1.417099630541870676e-03
7.046092327308156200e+01,nan,nan,1.410059025535295631e-03
7.046092329624454464e+01,nan,nan,1.427761667298378494e-03
7.046092331709817813e+01,nan,nan,1.438988197623877969e-03
7.046092333670928554e+01,nan,nan,1.443786738154215991e-03
7.046092335584731359e+01,nan,nan,1.442399978936187346e-03
7.046092337509209358e+01,nan,nan,1.435345428898791680e-03
7.046092339501210233e+01,nan,nan,1.423472364862100447e-03
7.046092341624820676e+01,nan,nan,1.407815318809762855e-03
7.046092343861737106e+01,nan,nan,1.389893692465936923e-03
7.046092346148674324e+01,nan,nan,1.371160773267078364e-03
7.046092348524368276e+01,nan,nan,1.389570114781744350e-03
7.046092350717979969e+01,nan,nan,1.402524721734960903e-03
7.046092352755631794e+01,nan,nan,1.409175414225223924e-03
7.046092354723602114e+01,nan,nan,1.409690040118690172e-03
7.046092356684737013e+01,nan,nan,1.404473440111201005e-03
7.046092358696689928e+01,nan,nan,1.394256219945138675e-03
7.046092360821859302e+01,nan,nan,1.380017271216491632e-03
7.046092363116321167e+01,nan,nan,1.362781223393953918e-03
7.046092365434572002e+01,nan,nan,1.344376645626523805e-03
7.046092367827316139e+01,nan,nan,1.352063573290552753e-03
7.046092370141445826e+01,nan,nan,1.366579302054343487e-03
7.046092372264946846e+01,nan,nan,1.374936931793329558e-03
7.046092374293732519e+01,nan,nan,1.377233944919270710e-03
7.046092376297652038e+01,nan,nan,1.373781288609837335e-03
7.046092378335968931e+01,nan,nan,1.365193748428830635e-03
7.046092380470277305e+01,nan,nan,1.352369534521325389e-03
7.046092382773895224e+01,nan,nan,1.336240076954075097e-03
7.046092385130170044e+01,nan,nan,1.318662252911905353e-03
7.046092387550903879e+01,nan,nan,1.315390428463561337e-03
7.046092390000957550e+01,nan,nan,1.331296067406231897e-03
7.046092392219095757e+01,nan,nan,1.341181080289342766e-03
7.046092394314896978e+01,nan,nan,1.345100044628523865e-03
7.046092396367447463e+01,nan,nan,1.343291278193972779e-03
7.046092398438432269e+01,nan,nan,1.336262022349029048e-03
7.046092400589384397e+01,nan,nan,1.324819247250410550e-03
7.046092402890809581e+01,nan,nan,1.309901871987254789e-03
7.046092405296572281e+01,nan,nan,1.293012392987894681e-03
7.046092407757438991e+01,nan,nan,1.280000215737858889e-03
7.046092410330138023e+01,nan,nan,1.296896019766205672e-03
7.046092412649568359e+01,nan,nan,1.308077796251288800e-03
7.046092414817637462e+01,nan,nan,1.313399766264291418e-03
7.046092416923943347e+01,nan,nan,1.313049288137172702e-03
7.046092419033628573e+01,nan,nan,1.307440796920309898e-03
7.046092421208865630e+01,nan,nan,1.297290888789656227e-03
7.046092423518553005e+01,nan,nan,1.283508271627463839e-03
7.046092425982048724e+01,nan,nan,1.267231792381654605e-03
7.046092428491630244e+01,nan,nan,1.249592529919867643e-03
7.046092431083700092e+01,nan,nan,1.263123769124135584e-03
7.046092433512399111e+01,nan,nan,1.275507180483850898e-03
7.046092435760903072e+01,nan,nan,1.282159846303694605e-03
7.046092437926307639e+01,nan,nan,1.283209414686241508e-03
7.046092440079303287e+01,nan,nan,1.278990518577704898e-03
7.046092442283317325e+01,nan,nan,1.270128833516294105e-03
7.046092444606300376e+01,nan,nan,1.257481406512352172e-03
7.046092447131965741e+01,nan,nan,1.241821745143933692e-03
7.046092449675731473e+01,nan,nan,1.225009109381919098e-03
7.046092452298366027e+01,nan,nan,1.230185372260397163e-03
7.046092454845721420e+01,nan,nan,1.243620973802969437e-03
7.046092457180600377e+01,nan,nan,1.251457150894991687e-03
7.046092459409848630e+01,nan,nan,1.253776218993757439e-03
7.046092461610912494e+01,nan,nan,1.250846038927596509e-03
7.046092463849038268e+01,nan,nan,1.243206734659407916e-03
7.046092466191895198e+01,nan,nan,1.231652506388101987e-03
7.046092468720024726e+01,nan,nan,1.217000087838575155e-03
7.046092471312378791e+01,nan,nan,1.200865055716306747e-03
7.046092473972595371e+01,nan,nan,1.198047432844037349e-03
7.046092476650248670e+01,nan,nan,1.212424300891646158e-03
7.046092479078187409e+01,nan,nan,1.221324313182863735e-03
7.046092481375980299e+01,nan,nan,1.224802523455263172e-03
7.046092483629482217e+01,nan,nan,1.223073569506071077e-03
7.046092485906331149e+01,nan,nan,1.216597891944742058e-03
7.046092488274452137e+01,nan,nan,1.206101781883993102e-03
7.046092490812222309e+01,nan,nan,1.192407965995944188e-03
7.046092493460115236e+01,nan,nan,1.176867864758899748e-03
7.046092496167415220e+01,nan,nan,1.167035284083561006e-03
7.046092498691695027e+01,nan,nan,1.180764005787800523e-03
7.046092501232722327e+01,nan,nan,1.191092583671620516e-03
7.046092503615966507e+01,nan,nan,1.196123046739934080e-03
7.046092505928820060e+01,nan,nan,1.195974786024779808e-03
7.046092508244937846e+01,nan,nan,1.191018797832091910e-03
7.046092510632864503e+01,nan,nan,1.181889998899104911e-03
7.046092513168363780e+01,nan,nan,1.169390963097391304e-03
7.046092515878757467e+01,nan,nan,1.154488536615369283e-03
7.046092518637563273e+01,nan,nan,1.138222006741199110e-03
7.046092521485820726e+01,nan,nan,1.151107741679038452e-03
7.046092524137981172e+01,nan,nan,1.162221325333556710e-03
7.046092526598260974e+01,nan,nan,1.168121994942991973e-03
7.046092528972316416e+01,nan,nan,1.168929665589246670e-03
7.046092531336938691e+01,nan,nan,1.164950854945168580e-03
7.046092533761873256e+01,nan,nan,1.156755162851267173e-03
7.046092536322483113e+01,nan,nan,1.145107780304702606e-03
7.046092539102082242e+01,nan,nan,1.130708932560254296e-03
7.046092541904513951e+01,nan,nan,1.115120414723241903e-03
7.046092544793762613e+01,nan,nan,1.122276258479333166e-03
7.046092547555215901e+01,nan,nan,1.134042523507390902e-03
7.046092550098383356e+01,nan,nan,1.140713510999643654e-03
7.046092552537074027e+01,nan,nan,1.142377705581245099e-03
7.046092554953662557e+01,nan,nan,1.139293241017675642e-03
7.046092557419635227e+01,nan,nan,1.131969126325365997e-03
7.046092560010418993e+01,nan,nan,1.121127599436894627e-03
7.046092562817510441e+01,nan,nan,1.107450657213321366e-03
7.046092565673916397e+01,nan,nan,1.092445162767652703e-03
7.046092568608929696e+01,nan,nan,1.094199296758366921e-03
7.046092571486380507e+01,nan,nan,1.106540388065334899e-03
7.046092574116654816e+01,nan,nan,1.113900214304840717e-03
7.046092576623226478e+01,nan,nan,1.116344463419472735e-03
7.046092579094910491e+01,nan,nan,1.114090247717280805e-03
7.046092581605283556e+01,nan,nan,1.107589873412875413e-03
7.046092584230179057e+01,nan,nan,1.097519804555710824e-03
7.046092587059452228e+01,nan,nan,1.084577416842432730e-03
7.046092589975724252e+01,nan,nan,1.070093896909636013e-03
7.046092592962565959e+01,nan,nan,1.066974949239840424e-03
7.046092595960841720e+01,nan,nan,1.079789274391117519e-03
7.046092598681123320e+01,nan,nan,1.087728505671519460e-03
7.046092601258101240e+01,nan,nan,1.090846695395198155e-03
7.046092603787798225e+01,nan,nan,1.089328597623588505e-03
7.046092606346189768e+01,nan,nan,1.083575738758138897e-03
7.046092609009882324e+01,nan,nan,1.074219271202344608e-03
7.046092611867791788e+01,nan,nan,1.061955209211535960e-03
7.046092614848656410e+01,nan,nan,1.047942591069549699e-03
7.046092617893725674e+01,nan,nan,1.040724081860058261e-03
7.046092621013897883e+01,nan,nan,1.053882310104629167e-03
7.046092623824816314e+01,nan,nan,1.062261939492813948e-03
7.046092626473512155e+01,nan,nan,1.065916827703707525e-03
7.046092629063630852e+01,nan,nan,1.065008510042011547e-03
7.046092631673759854e+01,nan,nan,1.059895587324470242e-03
7.046092634381597009e+01,nan,nan,1.051167507259295969e-03
7.046092637275837944e+01,nan,nan,1.039508014460027762e-03
7.046092640325440470e+01,nan,nan,1.025920157432136381e-03
7.046092643434474212e+01,nan,nan,1.015514808308075985e-03
7.046092646334450649e+01,nan,nan,1.027615981324328607e-03
7.046092649254076434e+01,nan,nan,1.036790902315414551e-03
7.046092651991081368e+01,nan,nan,1.041360251453562471e-03
7.046092654647091535e+01,nan,nan,1.041417360213172869e-03
7.046092657307048057e+01,nan,nan,1.037267884487993834e-03
7.046092660049855283e+01,nan,nan,1.029442293250982512e-03
7.046092662962851705e+01,nan,nan,1.018606209537959708e-03
7.046092666085465339e+01,nan,nan,1.005515401044578851e-03
7.046092669260106334e+01,nan,nan,9.910703025605505437e-04
