cycle_time_years,leading_front_depth_m,deepest_front_depth_m,maximum_velocity_m_s
0.000000000000000000e+00,nan,nan,9.974977762839832424e-04
6.001285809535208426e-08,nan,nan,1.005053994590034356e-03
8.987667841805787698e-08,nan,nan,1.016081676657597200e-03
1.177847737470839488e-07,nan,nan,1.023025359408327424e-03
1.447619384186172314e-07,nan,nan,1.025172989693456721e-03
1.716355991946169274e-07,nan,nan,1.022297931290500582e-03
1.991696299341787742e-07,nan,nan,1.014632400907431072e-03
2.281782209886798558e-07,nan,nan,1.002875847737525871e-03
2.596192895787404027e-07,nan,nan,9.881496358684445022e-04
6.040473109667003492e-06,nan,nan,6.177592888033363403e-04
1.594642660604350326e-05,nan,nan,3.870128423335391830e-04
3.139311558279117044e-05,2.071248688689698611e+03,2.071248688689698611e+03,2.439745057416650373e-04
5.742243225530311830e-05,3.542718424332460472e+03,3.542718424332460472e+03,1.534366810026696875e-04
9.802836524091492257e-05,5.230974311321188907e+03,5.230974311321188907e+03,9.596472747146685980e-05
1.662398438116780475e-04,7.233722418842681691e+03,7.233722418842681691e+03,5.991922982325015930e-05
2.761672934576335330e-04,9.385641030916196542e+03,9.385641030916196542e+03,3.728250685681349844e-05
4.586696204091851624e-04,1.171416860829170037e+04,1.171416860829170037e+04,2.322214695008456632e-05
7.609404212854858690e-04,1.356869816122754310e+04,1.356869816122754310e+04,1.449876056400765515e-05
1.238131133897236785e-03,1.395310554377881999e+04,1.395310554377881999e+04,9.086367469560098411e-06
2.032435425068786997e-03,1.431798570535993895e+04,1.431798570535993895e+04,5.695840792372721935e-06
3.300525601542935589e-03,1.465031722336899657e+04,1.465031722336899657e+04,3.586730030002325727e-06
5.415046094328011296e-03,1.496102400957712416e+04,1.496102400957712416e+04,2.253364810112575689e-06
8.755519508236633136e-03,1.522273443068555389e+04,1.522273443068555389e+04,1.415192398225936905e-06
1.417521029865647687e-02,1.545654255802139960e+04,1.545654255802139960e+04,8.908591031169471918e-07
2.238641735618763021e-02,1.564860157421336771e+04,1.564860157421336771e+04,5.617260729014151954e-07
3.454678745276665297e-02,1.580048266766563938e+04,1.580048266766563938e+04,3.524619953073797911e-07
5.057516881182797658e-02,1.590863977568878363e+04,1.590863977568878363e+04,2.198384160184381733e-07
6.874442931130821111e-02,1.597956059062122949e+04,1.597956059062122949e+04,1.380529324646494162e-07
8.768297455242947402e-02,1.602669460527371302e+04,1.602669460527371302e+04,8.686417491871284441e-08
1.084709782086902691e-01,1.606232399558775251e+04,1.606232399558775251e+04,5.437027819915826347e-08
1.338013669513225534e-01,1.609301239367181552e+04,1.609301239367181552e+04,3.392167291324189195e-08
1.613913799114008729e-01,1.611745022865792271e+04,1.611745022865792271e+04,2.457056182434311949e-08
1.864383303383250201e-01,1.613480422552976779e+04,1.613480422552976779e+04,2.174581572428634782e-08
2.116221201915742534e-01,1.614894748615808203e+04,1.614894748615808203e+04,1.954617100773024771e-08
2.367686287484386809e-01,1.616120461214645002e+04,1.616120461214645002e+04,1.779204783098153711e-08
2.624187140496271886e-01,1.617213811566350341e+04,1.617213811566350341e+04,1.633384585860009480e-08
2.885434523450348121e-01,1.618171579286126507e+04,1.618171579286126507e+04,1.510210450094579540e-08
3.141632123981304425e-01,1.619084213623855430e+04,1.619084213623855430e+04,1.408328910031252765e-08
3.440340485063183018e-01,1.620069571586961320e+04,1.620069571586961320e+04,1.307751448580716768e-08
3.702432359942441908e-01,1.620856427276252361e+04,1.620856427276252361e+04,1.232167587134000695e-08
3.971058150543490539e-01,1.621633317482596976e+04,1.621633317482596976e+04,1.164529496512883225e-08
4.249912512969356571e-01,1.622488735432449175e+04,1.622488735432449175e+04,1.102883575463530884e-08
4.529170923974090157e-01,1.623308404612517370e+04,1.623308404612517370e+04,1.048334252127995278e-08
4.825413048029532082e-01,1.624149119316853466e+04,1.624149119316853466e+04,9.969933159210001297e-09
5.088666924452193152e-01,1.624935011686721919e+04,1.624935011686721919e+04,9.561095210670809522e-09
5.360366775202479728e-01,1.625784306216794357e+04,1.625784306216794357e+04,9.178780403243871637e-09
5.627712072193944426e-01,1.626613519661007376e+04,1.626613519661007376e+04,8.836803553898559532e-09
5.923253830121334440e-01,1.627571339726910628e+04,1.627571339726910628e+04,8.492464191897224872e-09
6.193178707195161614e-01,1.628504666109892605e+04,1.628504666109892605e+04,8.204477076376365344e-09
6.449143174375047138e-01,1.629391261098536233e+04,1.629391261098536233e+04,7.952604413568835618e-09
6.706383752326057213e-01,1.630293107710428558e+04,1.630293107710428558e+04,7.717645965621025114e-09
6.988787188911829151e-01,1.631378789136516207e+04,1.631378789136516207e+04,7.478372387759026057e-09
7.282424870782301385e-01,1.632509694797031807e+04,1.632509694797031807e+04,7.248021171183272354e-09
7.583940863831432067e-01,1.633707020477431433e+04,1.633707020477431433e+04,7.028864765363555074e-09
7.868972185602610692e-01,1.634896275649728705e+04,1.634896275649728705e+04,6.836083104632482734e-09
8.176795704181883950e-01,1.636175995217339005e+04,1.636175995217339005e+04,6.641994140628916970e-09
8.438162404954407947e-01,1.637321650597605912e+04,1.637321650597605912e+04,6.487665615664305236e-09
8.774677230060866640e-01,1.638795375602231434e+04,1.638795375602231434e+04,6.301509884788175891e-09
9.076171441471894141e-01,1.640143735826636112e+04,1.640143735826636112e+04,6.145517217348760110e-09
9.381087154243540338e-01,1.641521640400392062e+04,1.641521640400392062e+04,5.997303176327041038e-09
9.654133426914632832e-01,1.642754299333207382e+04,1.642754299333207382e+04,5.872001827995888276e-09
9.948587742336416628e-01,1.644110726179407720e+04,1.644110726179407720e+04,5.744044013712516275e-09
1.022703007191920532e+00,1.645371650237984795e+04,1.645371650237984795e+04,5.629328730029701126e-09
1.057500122125379693e+00,1.646982738276054079e+04,1.646982738276054079e+04,5.493837849609865083e-09
1.084648691675528687e+00,1.648217881298389329e+04,1.648217881298389329e+04,5.393734095280683772e-09
1.116429381829164846e+00,1.649679650255462184e+04,1.649679650255462184e+04,5.282283459994127627e-09
1.144718628543578864e+00,1.650964914646179386e+04,1.650964914646179386e+04,5.187889612620756418e-09
1.171565058023469552e+00,1.652198325064235178e+04,1.652198325064235178e+04,5.102293827655910421e-09
1.198569273738428143e+00,1.653424876635704277e+04,1.653424876635704277e+04,5.019619569759022052e-09
1.224973915611246689e+00,1.654616418714776228e+04,1.654616418714776228e+04,4.942213693007168934e-09
1.250405231640813852e+00,1.655773956271970383e+04,1.655773956271970383e+04,4.870308046179473304e-09
1.285027180047205286e+00,1.657320147090432511e+04,1.657320147090432511e+04,4.776784430895336786e-09
1.315260673125868918e+00,1.658689613673819258e+04,1.658689613673819258e+04,4.699293216756732440e-09
1.344748797244613714e+00,1.660000818279887244e+04,1.660000818279887244e+04,4.625907964331456640e-09
1.377405066730997385e+00,1.661462918476411869e+04,1.661462918476411869e+04,4.548510867360168870e-09
1.415249992476901753e+00,1.663135887282956901e+04,1.663135887282956901e+04,4.462939166901197089e-09
1.447732980225081123e+00,1.664580996394478643e+04,1.664580996394478643e+04,4.392770478874805226e-09
1.477011583409847395e+00,1.665868759973552369e+04,1.665868759973552369e+04,4.331976517719673955e-09
1.511736782732416629e+00,1.667398947236831009e+04,1.667398947236831009e+04,4.262647880141537660e-09
1.542893921608743169e+00,1.668764375864144313e+04,1.668764375864144313e+04,4.202953509325192229e-09
1.573924250663313540e+00,1.670119413258379427e+04,1.670119413258379427e+04,4.145551155376987043e-09
1.608774724958193625e+00,1.671639373677974436e+04,1.671639373677974436e+04,4.083755003716785564e-09
1.634921078692734397e+00,1.672778929199437698e+04,1.672778929199437698e+04,4.038652461380258081e-09
1.663745777872931431e+00,1.674034203605658331e+04,1.674034203605658331e+04,3.990642791399293884e-09
1.695439434109173638e+00,1.675399670493189114e+04,1.675399670493189114e+04,3.939596144863765436e-09
1.738896038865403559e+00,1.677284288526319870e+04,1.677284288526319870e+04,3.872370274762971419e-09
1.778113461855346467e+00,1.678971774552212446e+04,1.678971774552212446e+04,3.814258218349715483e-09
1.805829312156554511e+00,1.680165567425271729e+04,1.680165567425271729e+04,3.774595020450405963e-09
1.835043556910188389e+00,1.681410470234106833e+04,1.681410470234106833e+04,3.733984057523337137e-09
1.882207638444527431e+00,1.683435605609783670e+04,1.683435605609783670e+04,3.670876397204143730e-09
1.919698438154208597e+00,1.685033198855708179e+04,1.685033198855708179e+04,3.622673819103609103e-09
1.960691034474245864e+00,1.686777701277658707e+04,1.686777701277658707e+04,3.572095739976554958e-09
1.989360931199243732e+00,1.687993996737512134e+04,1.687993996737512134e+04,3.537592920391012579e-09
2.024102777361909133e+00,1.689468862530064871e+04,1.689468862530064871e+04,3.497166543420710013e-09
2.060556130271527842e+00,1.691006390388276850e+04,1.691006390388276850e+04,3.456107146419116818e-09
2.086342047435338465e+00,1.692096733337909973e+04,1.692096733337909973e+04,3.427816065499361910e-09
2.126380241594136411e+00,1.693782071390833880e+04,1.693782071390833880e+04,3.385202100225274060e-09
2.166716145521745851e+00,1.695477294452318529e+04,1.695477294452318529e+04,3.343648899475539149e-09
2.203203451247300659e+00,1.697007132339340751e+04,1.697007132339340751e+04,3.307297415989224992e-09
2.236234688953739447e+00,1.698389006067697483e+04,1.698389006067697483e+04,3.275317134355493927e-09
2.270450196182947966e+00,1.699815637069758668e+04,1.699815637069758668e+04,3.243087199666164952e-09
2.299952575559322643e+00,1.701048202400871742e+04,1.701048202400871742e+04,3.215989036222191738e-09
2.337351461845613709e+00,1.702598870629304656e+04,1.702598870629304656e+04,3.182545794291028791e-09
2.371211504072708642e+00,1.704009388715576279e+04,1.704009388715576279e+04,3.153092493516386189e-09
2.418708165403185895e+00,1.705974061545211589e+04,1.705974061545211589e+04,3.113252157203126453e-09
2.447009817505135576e+00,1.707146407623660707e+04,1.707146407623660707e+04,3.089853343519182453e-09
2.493780928131569929e+00,1.709073650495909533e+04,1.709073650495909533e+04,3.052605527637269433e-09
2.520317819523540059e+00,1.710168196353293388e+04,1.710168196353293388e+04,3.031993177181495481e-09
2.571511991986860313e+00,1.712270118820412245e+04,1.712270118820412245e+04,2.993428815154857999e-09
2.610938942271118890e+00,1.713885628355236622e+04,1.713885628355236622e+04,2.964560745071002141e-09
2.642627030085147766e+00,1.715181478171418712e+04,1.715181478171418712e+04,2.942003388959813328e-09
2.668396360625252761e+00,1.716235139142706248e+04,1.716235139142706248e+04,2.923966604016127659e-09
2.720900625291576613e+00,1.718377579155040803e+04,1.718377579155040803e+04,2.888274702092215886e-09
2.765366254342923824e+00,1.720180803433659094e+04,1.720180803433659094e+04,2.858940675093483674e-09
2.797054342156952700e+00,1.721473157649099085e+04,1.721473157649099085e+04,2.838605073897156965e-09
2.824336144867863663e+00,1.722577817063224211e+04,1.722577817063224211e+04,2.821382985340298373e-09
2.877587384906054258e+00,1.724734498900407198e+04,1.724734498900407198e+04,2.788697885640526981e-09
2.904386453023321657e+00,1.725813975715135530e+04,1.725813975715135530e+04,2.772618931479488498e-09
2.957755426169408786e+00,1.727968263315677905e+04,1.727968263315677905e+04,2.741461732611323390e-09
2.987380824386506983e+00,1.729156070142596218e+04,1.729156070142596218e+04,2.724570688544019644e-09
3.040851099592084772e+00,1.731307190161032486e+04,1.731307190161032486e+04,2.694896966918909605e-09
3.071533648888264079e+00,1.732532150962388550e+04,1.732532150962388550e+04,2.678262076559367858e-09
3.124538048934546008e+00,1.734656896184720244e+04,1.734656896184720244e+04,2.650271418495678489e-09
3.157218318525870426e+00,1.735959785478550839e+04,1.735959785478550839e+04,2.633415321463696123e-09
3.211208429648600760e+00,1.738109512760250436e+04,1.738109512760250436e+04,2.606289373413904243e-09
3.242896517462629635e+00,1.739375659466432626e+04,1.739375659466432626e+04,2.590977549235701787e-09
3.271188758609049785e+00,1.740498558183090790e+04,1.740498558183090790e+04,2.577073002825798898e-09
3.318549904445340371e+00,1.742378431218329570e+04,1.742378431218329570e+04,2.554693718347039628e-09
3.350237992259369246e+00,1.743632133221940239e+04,1.743632133221940239e+04,2.540074675039403306e-09
3.376524144956469353e+00,1.744670743496343857e+04,1.744670743496343857e+04,2.528071149379644621e-09
3.429808735040868140e+00,1.746775790800106552e+04,1.746775790800106552e+04,2.504327254428536534e-09
3.461496822854897015e+00,1.748025830311632308e+04,1.748025830311632308e+04,2.490571288832790843e-09
3.504157532450363988e+00,1.749704835690231266e+04,1.749704835690231266e+04,2.472282459545833037e-09
3.535845620264392863e+00,1.750949952616915834e+04,1.750949952616915834e+04,2.459000568071470736e-09
3.567533708078421739e+00,1.752195932972354058e+04,1.752195932972354058e+04,2.445959202908722569e-09
3.594059740012204518e+00,1.753232579056645773e+04,1.753232579056645773e+04,2.435145226207080204e-09
3.648236894060862046e+00,1.755357240356334660e+04,1.755357240356334660e+04,2.413569263956109548e-09
3.679924981874890921e+00,1.756591830743120227e+04,1.756591830743120227e+04,2.401239510632448608e-09
3.707692560539332050e+00,1.757679197153764835e+04,1.757679197153764835e+04,2.390543107329150328e-09
3.762943697373918539e+00,1.759833050193329109e+04,1.759833050193329109e+04,2.369740803638151652e-09
3.794631785187947415e+00,1.761067666945171368e+04,1.761067666945171368e+04,2.358075191190487918e-09
3.824555234219525257e+00,1.762226276766521187e+04,1.762226276766521187e+04,2.347181458890978320e-09
3.849708327922415574e+00,1.763207619118550792e+04,1.763207619118550792e+04,2.338160372875544831e-09
3.881396415736444450e+00,1.764436449316655489e+04,1.764436449316655489e+04,2.326947461997830987e-09
3.913084503550473325e+00,1.765662969519580656e+04,1.765662969519580656e+04,2.315913614951455451e-09
3.944717867371791087e+00,1.766890118419610371e+04,1.766890118419610371e+04,2.305025344635722578e-09
3.970980985078031544e+00,1.767903422288539514e+04,1.767903422288539514e+04,2.296119152467632243e-09
4.002669072892060420e+00,1.769129332932054604e+04,1.769129332932054604e+04,2.285516594606322426e-09
4.034357160706089296e+00,1.770352581926785570e+04,1.770352581926785570e+04,2.275074520218820660e-09
4.068079925079135961e+00,1.771650030244955997e+04,1.771650030244955997e+04,2.264096342932801019e-09
4.095404536945271623e+00,1.772705011965514132e+04,1.772705011965514132e+04,2.255332910354544752e-09
4.127092624759300499e+00,1.773922053628722279e+04,1.773922053628722279e+04,2.245303834936754095e-09
4.158780712573329374e+00,1.775140813228547995e+04,1.775140813228547995e+04,2.235419579407660007e-09
4.194391935352868472e+00,1.776508280233951155e+04,1.776508280233951155e+04,2.224451266436580137e-09
4.222537783540137646e+00,1.777584303198280395e+04,1.777584303198280395e+04,2.215910135735583526e-09
4.254225871354167410e+00,1.778802257804276087e+04,1.778802257804276087e+04,2.206417412655166799e-09
4.285913959168196286e+00,1.780012771189232080e+04,1.780012771189232080e+04,2.197057171423742720e-09
4.323645152571077510e+00,1.781456037168430339e+04,1.781456037168430339e+04,2.186056717002592832e-09
4.352440241645049390e+00,1.782554780912218848e+04,1.782554780912218848e+04,2.177784209925190446e-09
4.384128329459078266e+00,1.783763952160227564e+04,1.783763952160227564e+04,2.168795848605364096e-09
4.415816417273107142e+00,1.784973452593673937e+04,1.784973452593673937e+04,2.159929085062362763e-09
4.455567024512161467e+00,1.786483896796502813e+04,1.786483896796502813e+04,2.148950975533806955e-09
4.484870304361201043e+00,1.787601510304191470e+04,1.787601510304191470e+04,2.140977857572404983e-09
4.516558392175229919e+00,1.788803436173088994e+04,1.788803436173088994e+04,2.132462110043189981e-09
4.548246479989258795e+00,1.790007044899242101e+04,1.790007044899242101e+04,2.124056367520500849e-09
4.590183837589034255e+00,1.791597080232994631e+04,1.791597080232994631e+04,2.113081190124470451e-09
4.619847095463730291e+00,1.792719640902187166e+04,1.792719640902187166e+04,2.105431562301095859e-09
4.651535183277759167e+00,1.793920934760031741e+04,1.793920934760031741e+04,2.097357748633852478e-09
4.683223271091788042e+00,1.795116537008890009e+04,1.795116537008890009e+04,2.089386261770915364e-09
4.729730082863494722e+00,1.796875851454417352e+04,1.796875851454417352e+04,2.077850249067370705e-09
4.755934434077354389e+00,1.797862466724909973e+04,1.797862466724909973e+04,2.071443080732410637e-09
4.787622521891383265e+00,1.799057168175450715e+04,1.799057168175450715e+04,2.063781339474906424e-09
4.819310609705412141e+00,1.800252352051348862e+04,1.800252352051348862e+04,2.056211601659791220e-09
4.846420678849256092e+00,1.801269698945210621e+04,1.801269698945210621e+04,2.049803935745900137e-09
4.871806500980384591e+00,1.802225652288709171e+04,1.802225652288709171e+04,2.043861367350649390e-09
4.897833337975953327e+00,1.803204084210404108e+04,1.803204084210404108e+04,2.037827357847379098e-09
4.928197185834538807e+00,1.804342043004264997e+04,1.804342043004264997e+04,2.030861906135588972e-09
4.959885273648567683e+00,1.805534454424071373e+04,1.805534454424071373e+04,2.023676692518035108e-09
4.986204185831920377e+00,1.806519906593129781e+04,1.806519906593129781e+04,2.017768397148368105e-09
5.038174626838361370e+00,1.808467544367149094e+04,1.808467544367149094e+04,2.006266687568152568e-09
5.069862714652390245e+00,1.809651521514781780e+04,1.809651521514781780e+04,1.999360635535898934e-09
5.101550802466419121e+00,1.810836222717298006e+04,1.810836222717298006e+04,1.992532593078113701e-09
5.129396817581878487e+00,1.811877936827050507e+04,1.811877936827050507e+04,1.986593265568625283e-09
5.155943527387194969e+00,1.812866501013521702e+04,1.812866501013521702e+04,1.980984589459892722e-09
5.183649154037118123e+00,1.813900722231424152e+04,1.813900722231424152e+04,1.975187146858394091e-09
5.215337241851147887e+00,1.815083206344246355e+04,1.815083206344246355e+04,1.968625622782132638e-09
5.247025329665176763e+00,1.816259751893068096e+04,1.816259751893068096e+04,1.962137094955859568e-09
5.273968299427216344e+00,1.817265634049246364e+04,1.817265634049246364e+04,1.956672725672502042e-09
5.299773039049433088e+00,1.818225924699372263e+04,1.818225924699372263e+04,1.951486426766265473e-09
5.329039547046146907e+00,1.819310598555194883e+04,1.819310598555194883e+04,1.945660861173085402e-09
5.360727634860175783e+00,1.820490388331058784e+04,1.820490388331058784e+04,1.939418643454535418e-09
5.392415722674204659e+00,1.821665866404119879e+04,1.821665866404119879e+04,1.933242778990680227e-09
5.424103810488233535e+00,1.822839652509398366e+04,1.822839652509398366e+04,1.927132290960047128e-09
5.451325051725827819e+00,1.823850693848925584e+04,1.823850693848925584e+04,1.921932187464765699e-09
5.477737630356170229e+00,1.824828195615929144e+04,1.824828195615929144e+04,1.916931731201332157e-09
5.508236868809054165e+00,1.825955760374172678e+04,1.825955760374172678e+04,1.911212370852025055e-09
5.539924956623083041e+00,1.827129032598407139e+04,1.827129032598407139e+04,1.905331492960420574e-09
5.571613044437111917e+00,1.828297534604266184e+04,1.828297534604266184e+04,1.899511004511916309e-09
5.603301132251141681e+00,1.829471432008544070e+04,1.829471432008544070e+04,1.893749962328167485e-09
5.634989220065170556e+00,1.830639686018869543e+04,1.830639686018869543e+04,1.888047445509146626e-09
5.665307769417402994e+00,1.831757640648387678e+04,1.831757640648387678e+04,1.882644530136105271e-09
5.693322815589434427e+00,1.832791848497905812e+04,1.832791848497905812e+04,1.877697405160971993e-09
5.721217704834217876e+00,1.833817481309764480e+04,1.833817481309764480e+04,1.872815517996435018e-09
5.752905792648246752e+00,1.834984748013595890e+04,1.834984748013595890e+04,1.867322617608013499e-09
5.784593880462275628e+00,1.836151630196413316e+04,1.836151630196413316e+04,1.861884634893731543e-09
5.816281968276304504e+00,1.837312969961669296e+04,1.837312969961669296e+04,1.856500084528692769e-09
5.847970056090333379e+00,1.838480676189899532e+04,1.838480676189899532e+04,1.851168154592085269e-09
5.879658143904362255e+00,1.839643154874796892e+04,1.839643154874796892e+04,1.845888049262463764e-09
5.911346231718391131e+00,1.840804838496039156e+04,1.840804838496039156e+04,1.840658989025027213e-09
5.943034319532420007e+00,1.841968641455866964e+04,1.841968641455866964e+04,1.835480210942731394e-09
5.974722407346448882e+00,1.843127400562919502e+04,1.843127400562919502e+04,1.830351728304477074e-09
6.006410495160477758e+00,1.844289247542398880e+04,1.844289247542398880e+04,1.825272108327814207e-09
6.038098582974506634e+00,1.845449376352297259e+04,1.845449376352297259e+04,1.820240560095865813e-09
6.069786670788535510e+00,1.846605408090180208e+04,1.846605408090180208e+04,1.815256387620957878e-09
6.101474758602565274e+00,1.847766450220375918e+04,1.847766450220375918e+04,1.810318910551659276e-09
6.133162846416594149e+00,1.848921980596481808e+04,1.848921980596481808e+04,1.805427463339559636e-09
6.164850934230623025e+00,1.850080775269235892e+04,1.850080775269235892e+04,1.800581394418814537e-09
6.196539022044651901e+00,1.851237215727826333e+04,1.851237215727826333e+04,1.795780658194073458e-09
6.228227109858680777e+00,1.852389817223327555e+04,1.852389817223327555e+04,1.791024145500808894e-09
6.259915197672709652e+00,1.853547411991712943e+04,1.853547411991712943e+04,1.786311111184743070e-09
6.291603285486738528e+00,1.854700530472375976e+04,1.854700530472375976e+04,1.781640951297282197e-09
6.323291373300767404e+00,1.855853793413844323e+04,1.855853793413844323e+04,1.777013072150514987e-09
6.354979461114796280e+00,1.857007648888613767e+04,1.857007648888613767e+04,1.772426889973469061e-09
6.386667548928825155e+00,1.858156820410496948e+04,1.858156820410496948e+04,1.767881830739441548e-09
6.418355636742854031e+00,1.859310728689607640e+04,1.859310728689607640e+04,1.763377382018745325e-09
6.450043724556882907e+00,1.860461162473219156e+04,1.860461162473219156e+04,1.758913343855852245e-09
6.481731812370912671e+00,1.861609422954339243e+04,1.861609422954339243e+04,1.754488890461559156e-09
6.513419900184941547e+00,1.862761585143514822e+04,1.862761585143514822e+04,1.750103342917231695e-09
6.545107987998970422e+00,1.863908374464658846e+04,1.863908374464658846e+04,1.745756175668621461e-09
6.576796075812999298e+00,1.865057005042806122e+04,1.865057005042806122e+04,1.741446872654393359e-09
6.608484163627028174e+00,1.866205795531282638e+04,1.866205795531282638e+04,1.737174927213747933e-09
6.640172251441057050e+00,1.867349903429813639e+04,1.867349903429813639e+04,1.732939841949844538e-09
6.671860339255085925e+00,1.868497958866886620e+04,1.868497958866886620e+04,1.728741363297809071e-09
6.703548427069114801e+00,1.869643085571071060e+04,1.869643085571071060e+04,1.724578802061035148e-09
6.735236514883143677e+00,1.870788994873497359e+04,1.870788994873497359e+04,1.720451651229314982e-09
6.766924602697172553e+00,1.871934575155276980e+04,1.871934575155276980e+04,1.716359449864181789e-09
6.798612690511201428e+00,1.873075394871411481e+04,1.873075394871411481e+04,1.712301756556143487e-09
6.830300778325230304e+00,1.874221418258492486e+04,1.874221418258492486e+04,1.708278326783194711e-09
6.861988866139260068e+00,1.875363755350255087e+04,1.875363755350255087e+04,1.704288504853223805e-09
6.893676953953288944e+00,1.876504241424486827e+04,1.876504241424486827e+04,1.700331860598637303e-09
6.925365041767317820e+00,1.877648437630893386e+04,1.877648437630893386e+04,1.696407971326679821e-09
6.957053129581346695e+00,1.878787897296068695e+04,1.878787897296068695e+04,1.692516421604844580e-09
6.988741217395375571e+00,1.879928945179284347e+04,1.879928945179284347e+04,1.688656895948349090e-09
7.020429305209404447e+00,1.881069906230820561e+04,1.881069906230820561e+04,1.684829001760799883e-09
7.052117393023433323e+00,1.882206861810806367e+04,1.882206861810806367e+04,1.681032236930689453e-09
7.083805480837462198e+00,1.883347982426318049e+04,1.883347982426318049e+04,1.677266213732575804e-09
7.115493568651491074e+00,1.884486214696174284e+04,1.884486214696174284e+04,1.673530550958905692e-09
7.147181656465519950e+00,1.885621997641062990e+04,1.885621997641062990e+04,1.669824873760380550e-09
7.178869744279548826e+00,1.886762005265401967e+04,1.886762005265401967e+04,1.666148852193927133e-09
7.210557832093577701e+00,1.887897106687408814e+04,1.887897106687408814e+04,1.662502212755225213e-09
7.242245919907607465e+00,1.889033214808096454e+04,1.889033214808096454e+04,1.658884465922368939e-09
7.273934007721636341e+00,1.890170354286900329e+04,1.890170354286900329e+04,1.655295261149558582e-09
7.305622095535665217e+00,1.891303387731303155e+04,1.891303387731303155e+04,1.651734253613987409e-09
7.337310183349694093e+00,1.892439106764564349e+04,1.892439106764564349e+04,1.648201104120683658e-09
7.368998271163722968e+00,1.893572926198429923e+04,1.893572926198429923e+04,1.644695478961806692e-09
7.400686358977751844e+00,1.894706419474904760e+04,1.894706419474904760e+04,1.641217054815747645e-09
7.432374446791780720e+00,1.895841608073010866e+04,1.895841608073010866e+04,1.637765635845498233e-09
7.464062534605809596e+00,1.896971799540706343e+04,1.896971799540706343e+04,1.634340767376780405e-09
7.495750622419838471e+00,1.898105756415280121e+04,1.898105756415280121e+04,1.630942136710751010e-09
7.527438710233867347e+00,1.899237814047598658e+04,1.899237814047598658e+04,1.627569436131778356e-09
7.559126798047896223e+00,1.900366279473322720e+04,1.900366279473322720e+04,1.624222362780983049e-09
7.590814885861925987e+00,1.901500295298680794e+04,1.901500295298680794e+04,1.620900618573858452e-09
7.622502973675954863e+00,1.902629357858985531e+04,1.902629357858985531e+04,1.617603910102134806e-09
7.654191061489983738e+00,1.903758929796184748e+04,1.903758929796184748e+04,1.614331948540397777e-09
7.685879149304012614e+00,1.904889413336904545e+04,1.904889413336904545e+04,1.611084490667271222e-09
7.717567237118041490e+00,1.906016577656192021e+04,1.906016577656192021e+04,1.607861278515672970e-09
7.749255324932070366e+00,1.907146344624153062e+04,1.907146344624153062e+04,1.604661969549337740e-09
7.780943412746099241e+00,1.908275377961985578e+04,1.908275377961985578e+04,1.601486292484019693e-09
7.812631500560128117e+00,1.909400247376094558e+04,1.909400247376094558e+04,1.598333980199213369e-09
7.844319588374156993e+00,1.910529850121091658e+04,1.910529850121091658e+04,1.595204769641031307e-09
7.876007676188185869e+00,1.911656597918052285e+04,1.911656597918052285e+04,1.592098401756567061e-09
7.907695764002214744e+00,1.912780572675735311e+04,1.912780572675735311e+04,1.589014621409169982e-09
7.939383851816243620e+00,1.913908454490038275e+04,1.913908454490038275e+04,1.585953177316777662e-09
7.971071939630273384e+00,1.915031407159274386e+04,1.915031407159274386e+04,1.582913821962436087e-09
8.002760027444301372e+00,1.916158977143657830e+04,1.916158977143657830e+04,1.579896311536836020e-09
8.034448115258330247e+00,1.917283715369254060e+04,1.917283715369254060e+04,1.576900409402078667e-09
8.066136203072359123e+00,1.918406089115986833e+04,1.918406089115986833e+04,1.573925942413209348e-09
8.097824290886387999e+00,1.919532346893492286e+04,1.919532346893492286e+04,1.570972607326743390e-09
8.129512378700416875e+00,1.920654280989267500e+04,1.920654280989267500e+04,1.568040174525722708e-09
8.161200466514447527e+00,1.921777270788617170e+04,1.921777270788617170e+04,1.565128417764444455e-09
8.192888554328476403e+00,1.922901363189649419e+04,1.922901363189649419e+04,1.562237114103442348e-09
8.224576642142505278e+00,1.924021178502954717e+04,1.924021178502954717e+04,1.559366043854150976e-09
8.256264729956534154e+00,1.925144403601737577e+04,1.925144403601737577e+04,1.556514990508991665e-09
8.287952817770563030e+00,1.926266276996538363e+04,1.926266276996538363e+04,1.553683740699847188e-09
8.319640905584591906e+00,1.927385045055243245e+04,1.927385045055243245e+04,1.550872084119967017e-09
8.351328993398620781e+00,1.928508037844476712e+04,1.928508037844476712e+04,1.548079813482765672e-09
8.383017081212649657e+00,1.929627808306015868e+04,1.929627808306015868e+04,1.545306724469426402e-09
8.414705169026678533e+00,1.930746255925901278e+04,1.930746255925901278e+04,1.542552615669621089e-09
8.446393256840707409e+00,1.931868228679978347e+04,1.931868228679978347e+04,1.539817288526140222e-09
8.478081344654736284e+00,1.932985851173627816e+04,1.932985851173627816e+04,1.537100547297600283e-09
8.509769432468765160e+00,1.934104352200488574e+04,1.934104352200488574e+04,1.534402198991537869e-09
8.541457520282794036e+00,1.935223737441592311e+04,1.935223737441592311e+04,1.531722053324701711e-09
8.573145608096822912e+00,1.936340548298654176e+04,1.936340548298654176e+04,1.529059922683959703e-09
8.604833695910851787e+00,1.937460941432854452e+04,1.937460941432854452e+04,1.526415622059676952e-09
8.636521783724880663e+00,1.938576800649765210e+04,1.938576800649765210e+04,1.523788969021249842e-09
8.668209871538909539e+00,1.939693158783133549e+04,1.939693158783133549e+04,1.521179783653262786e-09
8.699897959352938415e+00,1.940811618962681314e+04,1.940811618962681314e+04,1.518587909125509848e-09
8.731586047166967290e+00,1.941926622747151487e+04,1.941926622747151487e+04,1.516013150326691251e-09
8.763274134980996166e+00,1.943043613082529191e+04,1.943043613082529191e+04,1.513455332127410043e-09
8.794962222795025042e+00,1.944160100262182459e+04,1.944160100262182459e+04,1.510914284323368190e-09
8.826650310609053918e+00,1.945272159321799700e+04,1.945272159321799700e+04,1.508389839031154068e-09
8.858338398423082793e+00,1.946390428358011923e+04,1.946390428358011923e+04,1.505881830632408797e-09
8.890026486237111669e+00,1.947504519212471860e+04,1.947504519212471860e+04,1.503390095742501125e-09
8.921714574051142321e+00,1.948617425504473431e+04,1.948617425504473431e+04,1.500914473182276105e-09
8.953402661865171197e+00,1.949733665172567999e+04,1.949733665172567999e+04,1.498454803926901623e-09
8.985090749679200073e+00,1.950846365646679260e+04,1.950846365646679260e+04,1.496010931077429935e-09
9.016778837493228949e+00,1.951959322090484784e+04,1.951959322090484784e+04,1.493582699823947798e-09
9.048466925307257824e+00,1.953073698916919238e+04,1.953073698916919238e+04,1.491169957408940440e-09
9.080155013121286700e+00,1.954184591707880099e+04,1.954184591707880099e+04,1.488772553091614635e-09
9.111843100935315576e+00,1.955298249300784300e+04,1.955298249300784300e+04,1.486390338120993206e-09
9.143531188749344452e+00,1.956410817395032791e+04,1.956410817395032791e+04,1.484023165699742836e-09
9.175219276563373327e+00,1.957519932119234363e+04,1.957519932119234363e+04,1.481670890942698398e-09
9.206907364377402203e+00,1.958634270138030479e+04,1.958634270138030479e+04,1.479333370867493071e-09
9.238595452191431079e+00,1.959744997734774370e+04,1.959744997734774370e+04,1.477010464336514247e-09
9.270283540005459955e+00,1.960856905220546469e+04,1.960856905220546469e+04,1.474702032050500741e-09
9.301971627819488830e+00,1.961968115504980597e+04,1.961968115504980597e+04,1.472407936506938086e-09
9.333659715633517706e+00,1.963076594167099393e+04,1.963076594167099393e+04,1.470128041962505985e-09
9.365347803447546582e+00,1.964188272410889476e+04,1.964188272410889476e+04,1.467862214432681050e-09
9.397035891261575458e+00,1.965298750370457128e+04,1.965298750370457128e+04,1.465610321630112060e-09
9.428723979075604333e+00,1.966405545226984395e+04,1.966405545226984395e+04,1.463372232959356609e-09
9.460412066889633209e+00,1.967518014162656254e+04,1.967518014162656254e+04,1.461147819479501845e-09
9.492100154703662085e+00,1.968626615833783944e+04,1.968626615833783944e+04,1.458936953879276057e-09
9.523788242517690961e+00,1.969734305495416629e+04,1.969734305495416629e+04,1.456739510462809585e-09
9.555476330331719836e+00,1.970844636045470543e+04,1.970844636045470543e+04,1.454555381374972377e-09
9.587164418145748712e+00,1.971951130905732498e+04,1.971951130905732498e+04,1.452384432846737104e-09
9.618852505959777588e+00,1.973060517948156848e+04,1.973060517948156848e+04,1.450226539928452350e-09
9.650540593773806464e+00,1.974168636996286295e+04,1.974168636996286295e+04,1.448081583060543073e-09
9.682228681587837116e+00,1.975274168782916604e+04,1.975274168782916604e+04,1.445949444177066200e-09
9.713916769401865992e+00,1.976383708056108662e+04,1.976383708056108662e+04,1.443830006673084343e-09
9.745604857215894867e+00,1.977490493239225543e+04,1.977490493239225543e+04,1.441723155373271407e-09
9.777292945029923743e+00,1.978595102737519846e+04,1.978595102737519846e+04,1.439628776527006371e-09
9.808981032843952619e+00,1.979703809056028695e+04,1.979703809056028695e+04,1.437546757773128156e-09
9.840669120657981495e+00,1.980808995534980932e+04,1.980808995534980932e+04,1.435476988129552855e-09
9.872357208472010370e+00,1.981915917481590805e+04,1.981915917481590805e+04,1.433419357954880971e-09
9.904045296286039246e+00,1.983023067056855871e+04,1.983023067056855871e+04,1.431373758941774183e-09
9.935733384100068122e+00,1.984126387999132203e+04,1.984126387999132203e+04,1.429340084100864822e-09
9.967421471914096998e+00,1.985234080294342857e+04,1.985234080294342857e+04,1.427318227728695176e-09
9.999109559728125873e+00,1.986338627882313085e+04,1.986338627882313085e+04,1.425308085386530088e-09
1.003079764754215475e+01,1.987441913542618931e+04,1.987441913542618931e+04,1.423309553894792302e-09
1.006248573535618362e+01,1.988548898776097849e+04,1.988548898776097849e+04,1.421322531307907492e-09
1.009417382317021250e+01,1.989653175736861158e+04,1.989653175736861158e+04,1.419346916891139063e-09
1.012586191098424138e+01,1.990756974574031847e+04,1.990756974574031847e+04,1.417382611106951051e-09
1.015754999879827025e+01,1.991862681085830263e+04,1.991862681085830263e+04,1.415429515597949377e-09
1.018923808661229913e+01,1.992964437744910174e+04,1.992964437744910174e+04,1.413487533167653006e-09
1.022092617442632800e+01,1.994068918244414817e+04,1.994068918244414817e+04,1.411556567759609907e-09
1.025261426224035688e+01,1.995173467853945112e+04,1.995173467853945112e+04,1.409636524446021048e-09
1.028430235005438576e+01,1.996274321489731665e+04,1.996274321489731665e+04,1.407727353251743396e-09
1.031599043786841463e+01,1.997380030298683778e+04,1.997380030298683778e+04,1.405828918729141256e-09
1.034767852568244351e+01,1.998482914021777833e+04,1.998482914021777833e+04,1.403941128764958839e-09
1.037936661349647238e+01,1.999583895202760687e+04,1.999583895202760687e+04,1.402063892759141557e-09
1.041105470131050126e+01,2.000688844056163725e+04,2.000688844056163725e+04,1.400197121163437365e-09
1.044274278912453191e+01,2.001790044690771538e+04,2.001790044690771538e+04,1.398340725449287467e-09
1.047443087693856079e+01,2.002891826167834733e+04,2.002891826167834733e+04,1.396494618123072707e-09
1.050611896475258966e+01,2.003994798309625548e+04,2.003994798309625548e+04,1.394658712672794745e-09
1.053780705256661854e+01,2.005095187030687521e+04,2.005095187030687521e+04,1.392832923590701101e-09
1.056949514038064741e+01,2.006199146214625580e+04,2.006199146214625580e+04,1.391017166332951416e-09
1.060118322819467629e+01,2.007300565276308407e+04,2.007300565276308407e+04,1.389211357323691934e-09
1.063287131600870516e+01,2.008399901151728045e+04,2.008399901151728045e+04,1.387415413924663858e-09
1.066455940382273404e+01,2.009503297189373188e+04,2.009503297189373188e+04,1.385629254433926177e-09
1.069624749163676292e+01,2.010603870986279799e+04,2.010603870986279799e+04,1.383852798071779330e-09
1.072793557945079179e+01,2.011703648949919443e+04,2.011703648949919443e+04,1.382086019601445133e-09
1.075962366726482067e+01,2.012806339540876797e+04,2.012806339540876797e+04,1.380328786107795633e-09
1.079131175507884954e+01,2.013905210304391585e+04,2.013905210304391585e+04,1.378581019209023226e-09
1.082299984289287842e+01,2.015006646123633618e+04,2.015006646123633618e+04,1.376842641657318342e-09
1.085468793070690730e+01,2.016107620825144113e+04,2.016107620825144113e+04,1.375113577059063189e-09
1.088637601852093617e+01,2.017205737484102792e+04,2.017205737484102792e+04,1.373393749872112817e-09
1.091806410633496505e+01,2.018307636160506445e+04,2.018307636160506445e+04,1.371683085377811389e-09
1.094975219414899392e+01,2.019408165315283622e+04,2.019408165315283622e+04,1.369981509688589003e-09
1.098144028196302280e+01,2.020504832806533523e+04,2.020504832806533523e+04,1.368288949722550919e-09
1.101312836977705167e+01,2.021607877799003472e+04,2.021607877799003472e+04,1.366605333194866394e-09
1.104481645759108055e+01,2.022706639315279972e+04,2.022706639315279972e+04,1.364930588611856828e-09
1.107650454540510943e+01,2.023804570739110932e+04,2.023804570739110932e+04,1.363264687281346127e-09
1.110819263321913830e+01,2.024905417864906121e+04,2.024905417864906121e+04,1.361607537166164232e-09
1.113988072103316718e+01,2.026002143328773309e+04,2.026002143328773309e+04,1.359959049423373463e-09
1.117156880884719605e+01,2.027103461957636682e+04,2.027103461957636682e+04,1.358319155587316618e-09
1.120325689666122670e+01,2.028203034688056141e+04,2.028203034688056141e+04,1.356687787935197416e-09
1.123494498447525558e+01,2.029298781849039369e+04,2.029298781849039369e+04,1.355064879460629330e-09
1.126663307228928446e+01,2.030400431403595576e+04,2.030400431403595576e+04,1.353450363889754240e-09
1.129832116010331333e+01,2.031497695456721340e+04,2.031497695456721340e+04,1.351844175642418288e-09
1.133000924791734221e+01,2.032595743505816426e+04,2.032595743505816426e+04,1.350246249837279314e-09
1.136169733573137108e+01,2.033696332921722569e+04,2.033696332921722569e+04,1.348656522285492982e-09
1.139338542354539996e+01,2.034792606044900458e+04,2.034792606044900458e+04,1.347074984321437231e-09
1.142507351135942884e+01,2.035891627499754759e+04,2.035891627499754759e+04,1.345501530206716104e-09
1.145676159917345771e+01,2.036991137726899979e+04,2.036991137726899979e+04,1.343936085982319005e-09
1.148844968698748659e+01,2.038086535072896004e+04,2.038086535072896004e+04,1.342378590104504547e-09
1.152013777480151546e+01,2.039186040713630064e+04,2.039186040713630064e+04,1.340828981675227907e-09
1.155182586261554434e+01,2.040284815990127026e+04,2.040284815990127026e+04,1.339287200426711635e-09
1.158351395042957321e+01,2.041379077290982605e+04,2.041379077290982605e+04,1.337753186726628148e-09
1.161520203824360209e+01,2.042479566449787308e+04,2.042479566449787308e+04,1.336226881551699223e-09
1.164689012605763097e+01,2.043577752731651708e+04,2.043577752731651708e+04,1.334708226494496876e-09
1.167857821387165984e+01,2.044673175651723432e+04,2.044673175651723432e+04,1.333197228006489940e-09
1.171026630168568872e+01,2.045772059303597780e+04,2.045772059303597780e+04,1.331693770788710326e-09
1.174195438949971759e+01,2.046868031073326711e+04,2.046868031073326711e+04,1.330197792139737673e-09
1.177364247731374647e+01,2.047967592939980022e+04,2.047967592939980022e+04,1.328709236001907896e-09
1.180533056512777534e+01,2.049065204718267705e+04,2.049065204718267705e+04,1.327228046898110314e-09
1.183701865294180422e+01,2.050159957480033336e+04,2.050159957480033336e+04,1.325754169901409235e-09
1.186870674075583310e+01,2.051259286094372874e+04,2.051259286094372874e+04,1.324287550653660484e-09
1.190039482856986197e+01,2.052355721502276720e+04,2.052355721502276720e+04,1.322828135341040090e-09
1.193208291638389085e+01,2.053451755688153935e+04,2.053451755688153935e+04,1.321375920799514175e-09
1.196377100419792150e+01,2.054551344532404983e+04,2.054551344532404983e+04,1.319930827308539355e-09
1.199545909201195037e+01,2.055646514357316119e+04,2.055646514357316119e+04,1.318492779583913511e-09
1.202714717982597925e+01,2.056743912345715580e+04,2.056743912345715580e+04,1.317061725934800461e-09
1.205883526764000813e+01,2.057841935600456054e+04,2.057841935600456054e+04,1.315637615191537644e-09
1.209052335545403700e+01,2.058937044927231182e+04,2.058937044927231182e+04,1.314220396687070054e-09
1.212221144326806588e+01,2.060034268317710666e+04,2.060034268317710666e+04,1.312810020262555217e-09
1.215389953108209475e+01,2.061132255255541531e+04,2.061132255255541531e+04,1.311406436258167007e-09
1.218558761889612363e+01,2.062227215557139425e+04,2.062227215557139425e+04,1.310009668947889216e-09
1.221727570671015251e+01,2.063325830509073421e+04,2.063325830509073421e+04,1.308619598186158820e-09
1.224896379452418138e+01,2.064423041833218304e+04,2.064423041833218304e+04,1.307236173754271733e-09
1.228065188233821026e+01,2.065517703060501663e+04,2.065517703060501663e+04,1.305859347908657534e-09
1.231233997015223913e+01,2.066617137039252339e+04,2.066617137039252339e+04,1.304489073375029148e-09
1.234402805796626801e+01,2.067713559082509892e+04,2.067713559082509892e+04,1.303125303339407726e-09
1.237571614578029688e+01,2.068807858211236089e+04,2.068807858211236089e+04,1.301767991443273505e-09
1.240740423359432576e+01,2.069906517758478731e+04,2.069906517758478731e+04,1.300417143767594299e-09
1.243909232140835464e+01,2.071002223547508402e+04,2.071002223547508402e+04,1.299072688069355003e-09
1.247078040922238351e+01,2.072099943214591622e+04,2.072099943214591622e+04,1.297734554045389680e-09
1.250246849703641239e+01,2.073197665054610479e+04,2.073197665054610479e+04,1.296402697096860358e-09
1.253415658485044126e+01,2.074291226767216358e+04,2.074291226767216358e+04,1.295077073054607205e-09
1.256584467266447014e+01,2.075391634925284234e+04,2.075391634925284234e+04,1.293757638173359718e-09
1.259753276047849901e+01,2.076487451672400493e+04,2.076487451672400493e+04,1.292444349126546983e-09
1.262922084829252789e+01,2.077582673738471567e+04,2.077582673738471567e+04,1.291137218725069596e-09
1.266090893610655677e+01,2.078681738767556089e+04,2.078681738767556089e+04,1.289836171615028439e-09
1.269259702392058742e+01,2.079777429370710888e+04,2.079777429370710888e+04,1.288541142706702561e-09
1.272428511173461629e+01,2.080875164544304789e+04,2.080875164544304789e+04,1.287252090291465857e-09
1.275597319954864517e+01,2.081972863145229348e+04,2.081972863145229348e+04,1.285968973053445433e-09
1.278766128736267405e+01,2.083067447707569954e+04,2.083067447707569954e+04,1.284691750062776159e-09
1.281934937517670292e+01,2.084166759724935400e+04,2.084166759724935400e+04,1.283420382682553899e-09
1.285103746299073180e+01,2.085263464203179683e+04,2.085263464203179683e+04,1.282154906760074489e-09
1.288272555080476067e+01,2.086358201823000854e+04,2.086358201823000854e+04,1.280895204457853247e-09
1.291441363861878955e+01,2.087458110592029698e+04,2.087458110592029698e+04,1.279641236351721232e-09
1.294610172643281842e+01,2.088555603152518597e+04,2.088555603152518597e+04,1.278392963388784352e-09
1.297778981424684730e+01,2.089651101210590787e+04,2.089651101210590787e+04,1.277150346872943770e-09
1.300947790206087618e+01,2.090749970156218478e+04,2.090749970156218478e+04,1.275913348473710761e-09
1.304116598987490505e+01,2.091845749219056961e+04,2.091845749219056961e+04,1.274681976915242199e-09
1.307285407768893393e+01,2.092945158607495614e+04,2.092945158607495614e+04,1.273456181790777171e-09
1.310454216550296280e+01,2.094043298518571828e+04,2.094043298518571828e+04,1.272235891713272031e-09
1.313623025331699168e+01,2.095137810814194017e+04,2.095137810814194017e+04,1.271021069740312262e-09
1.316791834113102055e+01,2.096238753727395670e+04,2.096238753727395670e+04,1.269811679260919520e-09
1.319960642894504943e+01,2.097336628494328033e+04,2.097336628494328033e+04,1.268607683995878581e-09
1.323129451675907831e+01,2.098431974729547801e+04,2.098431974729547801e+04,1.267409075623666663e-09
1.326298260457310718e+01,2.099532263889296883e+04,2.099532263889296883e+04,1.266215844660034141e-09
1.329467069238713606e+01,2.100629567620801026e+04,2.100629567620801026e+04,1.265027901857444278e-09
1.332635878020116493e+01,2.101727719723658083e+04,2.101727719723658083e+04,1.263845212231481103e-09
1.335804686801519381e+01,2.102826946712909194e+04,2.102826946712909194e+04,1.262667741119329025e-09
1.338973495582922268e+01,2.103924277960443578e+04,2.103924277960443578e+04,1.261495454159654555e-09
1.342142304364325156e+01,2.105022729483930380e+04,2.105022729483930380e+04,1.260328340261663468e-09
1.345311113145728221e+01,2.106122275247921789e+04,2.106122275247921789e+04,1.259166401710254849e-09
1.348479921927131109e+01,2.107218729786542099e+04,2.107218729786542099e+04,1.258009545868949947e-09
1.351648730708533996e+01,2.108319853693963887e+04,2.108319853693963887e+04,1.256857739587481517e-09
1.354817539489936884e+01,2.109419359396487198e+04,2.109419359396487198e+04,1.255710950016340841e-09
1.357986348271339772e+01,2.110515762665703733e+04,2.110515762665703733e+04,1.254569144590496336e-09
1.361155157052742659e+01,2.111616685746099756e+04,2.111616685746099756e+04,1.253432322325916158e-09
1.364323965834145547e+01,2.112714226574328859e+04,2.112714226574328859e+04,1.252300470971220812e-09
1.367492774615548434e+01,2.113815436982804385e+04,2.113815436982804385e+04,1.251173507556180550e-09
1.370661583396951322e+01,2.114915092730884135e+04,2.114915092730884135e+04,1.250051400650620433e-09
1.373830392178354209e+01,2.116012937233888806e+04,2.116012937233888806e+04,1.248934119095281439e-09
1.376999200959757097e+01,2.117115226430183247e+04,2.117115226430183247e+04,1.247821632002340352e-09
1.380168009741159985e+01,2.118214992586052540e+04,2.118214992586052540e+04,1.246713960107131460e-09
1.383336818522562872e+01,2.119312981482488976e+04,2.119312981482488976e+04,1.245611052899830040e-09
1.386505627303965760e+01,2.120415775782915080e+04,2.120415775782915080e+04,1.244512848855010346e-09
1.389674436085368647e+01,2.121515102176736400e+04,2.121515102176736400e+04,1.243419318140568400e-09
1.392843244866771535e+01,2.122615323879891730e+04,2.122615323879891730e+04,1.242330431187304076e-09
1.396012053648174422e+01,2.123717104637413286e+04,2.123717104637413286e+04,1.241246158679104940e-09
1.399180862429577310e+01,2.124817136536589533e+04,2.124817136536589533e+04,1.240166553475646883e-09
1.402349671210980198e+01,2.125918483631006893e+04,2.125918483631006893e+04,1.239091505523166811e-09
1.405518479992383085e+01,2.127020997291591993e+04,2.127020997291591993e+04,1.238020985298359472e-09
1.408687288773785973e+01,2.128120150647600894e+04,2.128120150647600894e+04,1.236954964473482422e-09
1.411856097555188860e+01,2.129223787319370604e+04,2.129223787319370604e+04,1.235893414960873915e-09
1.415024906336591748e+01,2.130326403778432359e+04,2.130326403778432359e+04,1.234836348022725789e-09
1.418193715117994635e+01,2.131425463410206794e+04,2.131425463410206794e+04,1.233783740669224236e-09
1.421362523899397701e+01,2.132530303684241881e+04,2.132530303684241881e+04,1.232735521513043749e-09
1.424531332680800588e+01,2.133632397014542221e+04,2.133632397014542221e+04,1.231691663408643041e-09
1.427700141462203476e+01,2.134733337255975857e+04,2.134733337255975857e+04,1.230652139433596456e-09
1.430868950243606363e+01,2.135837972340950728e+04,2.135837972340950728e+04,1.229616927631575641e-09
1.434037759025009251e+01,2.136939157466161123e+04,2.136939157466161123e+04,1.228586075011705209e-09
1.437206567806412139e+01,2.138044831468342454e+04,2.138044831468342454e+04,1.227559476820721398e-09
1.440375376587815026e+01,2.139148930115730764e+04,2.139148930115730764e+04,1.226537107026798069e-09
1.443544185369217914e+01,2.140249490343666184e+04,2.140249490343666184e+04,1.225518939812390222e-09
1.446712994150620801e+01,2.141355554035773093e+04,2.141355554035773093e+04,1.224504949575758902e-09
1.449881802932023689e+01,2.142459772244871419e+04,2.142459772244871419e+04,1.223495172114885919e-09
1.453050611713426576e+01,2.143562633519574592e+04,2.143562633519574592e+04,1.222489542574306837e-09
1.456219420494829464e+01,2.144669839949821471e+04,2.144669839949821471e+04,1.221488014176748946e-09
1.459388229276232352e+01,2.145773509644147998e+04,2.145773509644147998e+04,1.220490562154850374e-09
1.462557038057635239e+01,2.146878051531900928e+04,2.146878051531900928e+04,1.219497161942400757e-09
1.465725846839038127e+01,2.147985574409999026e+04,2.147985574409999026e+04,1.218507830996551235e-09
1.468894655620441014e+01,2.149089361966417346e+04,2.149089361966417346e+04,1.217522544156843650e-09
1.472063464401843902e+01,2.150196312570530063e+04,2.150196312570530063e+04,1.216541236331118728e-09
1.475232273183246789e+01,2.151302103827281826e+04,2.151302103827281826e+04,1.215563883749717668e-09
1.478401081964649677e+01,2.152406011282914551e+04,2.152406011282914551e+04,1.214590462829725135e-09
1.481569890746052565e+01,2.153514752161260549e+04,2.153514752161260549e+04,1.213620979218240304e-09
1.484738699527455452e+01,2.154621892674445189e+04,2.154621892674445189e+04,1.212655434158311736e-09
1.487907508308858340e+01,2.155727073684004063e+04,2.155727073684004063e+04,1.211693750847957669e-09
1.491076317090261227e+01,2.156837300988551578e+04,2.156837300988551578e+04,1.210735906463222074e-09
1.494245125871664115e+01,2.157943699923083113e+04,2.157943699923083113e+04,1.209781878363826029e-09
1.497413934653067180e+01,2.159053114550411556e+04,2.159053114550411556e+04,1.208831666389263823e-09
1.500582743434470068e+01,2.160162318559379491e+04,2.160162318559379491e+04,1.207885285954459968e-09
1.503751552215872955e+01,2.161268086438230239e+04,2.161268086438230239e+04,1.206942654629869876e-09
1.506920360997275843e+01,2.162378700658075468e+04,2.162378700658075468e+04,1.206003750490337911e-09
1.510089169778678730e+01,2.163487369844261048e+04,2.163487369844261048e+04,1.205068551782936742e-09
1.513257978560081618e+01,2.164596814308147441e+04,2.164596814308147441e+04,1.204137058067043180e-09
1.516426787341484506e+01,2.165708862302805210e+04,2.165708862302805210e+04,1.203209287689716980e-09
1.519595596122887393e+01,2.166816987729580796e+04,2.166816987729580796e+04,1.202285158180168055e-09
1.522764404904290281e+01,2.167928231396263436e+04,2.167928231396263436e+04,1.201364648463755937e-09
1.525933213685693168e+01,2.169039759517212951e+04,2.169039759517212951e+04,1.200447737633984057e-09
1.529102022467096056e+01,2.170149309830118000e+04,2.170149309830118000e+04,1.199534430023207771e-09
1.532270831248498943e+01,2.171262406251277207e+04,2.171262406251277207e+04,1.198624736613607114e-09
1.535439640029901831e+01,2.172374091726392362e+04,2.172374091726392362e+04,1.197718580005455420e-09
1.538608448811304719e+01,2.173482913010941775e+04,2.173482913010941775e+04,1.196815939937334986e-09
1.541777257592707606e+01,2.174599409771612409e+04,2.174599409771612409e+04,1.195916796307711165e-09
1.544946066374110494e+01,2.175711883120533093e+04,2.175711883120533093e+04,1.195021162853519244e-09
1.548114875155513381e+01,2.176823049371000161e+04,2.176823049371000161e+04,1.194129033745284712e-09
1.551283683936916269e+01,2.177938203848802732e+04,2.177938203848802732e+04,1.193240341350622129e-09
1.554452492718319156e+01,2.179049376443820074e+04,2.179049376443820074e+04,1.192355066185131074e-09
1.557621301499722044e+01,2.180167969810231079e+04,2.180167969810231079e+04,1.191473188905937592e-09
1.560790110281124932e+01,2.181281228182261111e+04,2.181281228182261111e+04,1.190594736890389376e-09
1.563958919062527819e+01,2.182394154445569075e+04,2.182394154445569075e+04,1.189719678860278420e-09
1.567127727843930707e+01,2.183513063623278504e+04,2.183513063623278504e+04,1.188847961247619660e-09
1.570296536625333594e+01,2.184628270938765854e+04,2.184628270938765854e+04,1.187979565295555864e-09
1.573465345406736660e+01,2.185744254970504699e+04,2.185744254970504699e+04,1.187114472395284587e-09
1.576634154188139547e+01,2.186862254037545063e+04,2.186862254037545063e+04,1.186252727417553786e-09
1.579802962969542435e+01,2.187977838751848685e+04,2.187977838751848685e+04,1.185394265764125516e-09
1.582971771750945322e+01,2.189095760136612444e+04,2.189095760136612444e+04,1.184539051828351050e-09
1.586140580532348210e+01,2.190214249273108362e+04,2.190214249273108362e+04,1.183687067560995977e-09
1.589309389313751097e+01,2.191328565974902085e+04,2.191328565974902085e+04,1.182838298466805739e-09
1.592478198095153985e+01,2.192451901295889184e+04,2.192451901295889184e+04,1.181992800153832260e-09
1.595647006876556873e+01,2.193569119207869880e+04,2.193569119207869880e+04,1.181150477809517034e-09
1.598815815657959760e+01,2.194688696380722467e+04,2.194688696380722467e+04,1.180311313924106233e-09
1.601984624439362648e+01,2.195811010663477282e+04,2.195811010663477282e+04,1.179475291114854025e-09
1.605153433220765535e+01,2.196929065688991977e+04,2.196929065688991977e+04,1.178642419616064120e-09
1.608322242002168423e+01,2.198049961933649683e+04,2.198049961933649683e+04,1.177812706991646646e-09
1.611491050783571310e+01,2.199173163436772302e+04,2.199173163436772302e+04,1.176986083711303394e-09
1.614659859564974198e+01,2.200292069714261743e+04,2.200292069714261743e+04,1.176162532901781125e-09
1.617828668346377086e+01,2.201415671298579764e+04,2.201415671298579764e+04,1.175342037818646334e-09
1.620997477127779973e+01,2.202538750323378190e+04,2.202538750323378190e+04,1.174524636296090755e-09
1.624166285909182861e+01,2.203661366349499804e+04,2.203661366349499804e+04,1.173710281997252280e-09
1.627335094690585748e+01,2.204786961082344715e+04,2.204786961082344715e+04,1.172898933561273040e-09
1.630503903471988636e+01,2.205908423023856813e+04,2.205908423023856813e+04,1.172090574738578056e-09
1.633672712253391524e+01,2.207034139772709023e+04,2.207034139772709023e+04,1.171285194603729402e-09
1.636841521034794411e+01,2.208160671856342742e+04,2.208160671856342742e+04,1.170482845506011229e-09
1.640010329816197299e+01,2.209282810475194856e+04,2.209282810475194856e+04,1.169683437600586504e-09
1.643179138597600186e+01,2.210411694724150220e+04,2.210411694724150220e+04,1.168886955098244515e-09
1.646347947379003074e+01,2.211538361125858137e+04,2.211538361125858137e+04,1.168093382327254464e-09
1.649516756160405961e+01,2.212663467897298688e+04,2.212663467897298688e+04,1.167302741489392352e-09
1.652685564941808849e+01,2.213793334242835408e+04,2.213793334242835408e+04,1.166515019751497123e-09
1.655854373723211737e+01,2.214920963229272456e+04,2.214920963229272456e+04,1.165730161049563731e-09
1.659023182504614624e+01,2.216049472623410111e+04,2.216049472623410111e+04,1.164948150164405894e-09
1.662191991286017512e+01,2.217179502678149584e+04,2.217179502678149584e+04,1.164168971980276472e-09
1.665360800067420399e+01,2.218307277183877522e+04,2.218307277183877522e+04,1.163392683887335907e-09
1.668529608848823287e+01,2.219439429591738008e+04,2.219439429591738008e+04,1.162619203627505881e-09
1.671698417630226174e+01,2.220571153254821184e+04,2.220571153254821184e+04,1.161848511019666425e-09
1.674867226411629062e+01,2.221698631913648205e+04,2.221698631913648205e+04,1.161080591382626426e-09
1.678036035193031950e+01,2.222833037856362353e+04,2.222833037856362353e+04,1.160315461955356969e-09
1.681204843974434837e+01,2.223963039595733426e+04,2.223963039595733426e+04,1.159553121684072968e-09
1.684373652755837725e+01,2.225098814251154909e+04,2.225098814251154909e+04,1.158793510595262753e-09
1.687542461537240968e+01,2.226232405100821052e+04,2.226232405100821052e+04,1.158036614421628058e-09
1.690711270318643855e+01,2.227365685101086274e+04,2.227365685101086274e+04,1.157282418999303763e-09
1.693880079100046743e+01,2.228502523125895459e+04,2.228502523125895459e+04,1.156530980891273832e-09
1.697048887881449630e+01,2.229637031564588324e+04,2.229637031564588324e+04,1.155782221168900999e-09
1.700217696662852518e+01,2.230771541458013235e+04,2.230771541458013235e+04,1.155036119924617437e-09
1.703386505444255405e+01,2.231910566672756977e+04,2.231910566672756977e+04,1.154292663389133517e-09
1.706555314225658293e+01,2.233045284935603195e+04,2.233045284935603195e+04,1.153551872806673934e-09
1.709724123007061181e+01,2.234185025420195598e+04,2.234185025420195598e+04,1.152813740667174709e-09
1.712892931788464068e+01,2.235322326468332176e+04,2.235322326468332176e+04,1.152078212132053381e-09
1.716061740569866956e+01,2.236460431675421205e+04,2.236460431675421205e+04,1.151345273811855659e-09
1.719230549351269843e+01,2.237602749791611495e+04,2.237602749791611495e+04,1.150614913994386495e-09
1.722399358132672731e+01,2.238740818648218192e+04,2.238740818648218192e+04,1.149887191796380010e-09
1.725568166914075618e+01,2.239881821953989856e+04,2.239881821953989856e+04,1.149162019837038898e-09
1.728736975695478506e+01,2.241024423220281460e+04,2.241024423220281460e+04,1.148439385101239532e-09
1.731905784476881394e+01,2.242164854798568558e+04,2.242164854798568558e+04,1.147719274657972417e-09
1.735074593258284281e+01,2.243309023131936192e+04,2.243309023131936192e+04,1.147001721194957189e-09
1.738243402039687169e+01,2.244453432311623692e+04,2.244453432311623692e+04,1.146286695560017239e-09
1.741412210821090056e+01,2.245593637987766488e+04,2.245593637987766488e+04,1.145574155596651379e-09
1.744581019602492944e+01,2.246742530666415041e+04,2.246742530666415041e+04,1.144864088730406319e-09
1.747749828383895832e+01,2.247886589873876437e+04,2.247886589873876437e+04,1.144156498602222371e-09
1.750918637165298719e+01,2.249034772654512562e+04,2.249034772654512562e+04,1.143451414722769810e-09
1.754087445946701607e+01,2.250181275842592004e+04,2.250181275842592004e+04,1.142748766360123142e-09
1.757256254728104494e+01,2.251326732738900319e+04,2.251326732738900319e+04,1.142048541277755106e-09
1.760425063509507382e+01,2.252476742616041520e+04,2.252476742616041520e+04,1.141350727326664693e-09
1.763593872290910269e+01,2.253624263294314369e+04,2.253624263294314369e+04,1.140655374847125280e-09
1.766762681072313157e+01,2.254773585639709563e+04,2.254773585639709563e+04,1.139962420358616386e-09
1.769931489853716045e+01,2.255926471924431826e+04,2.255926471924431826e+04,1.139271840670790189e-09
1.773100298635118932e+01,2.257074559058742307e+04,2.257074559058742307e+04,1.138583623959621163e-09
1.776269107416521820e+01,2.258229459717405553e+04,2.258229459717405553e+04,1.137897794802386314e-09
1.779437916197924707e+01,2.259381783206772889e+04,2.259381783206772889e+04,1.137214341730721310e-09
1.782606724979327595e+01,2.260532796732687711e+04,2.260532796732687711e+04,1.136533216268174331e-09
1.785775533760730482e+01,2.261689543475010578e+04,2.261689543475010578e+04,1.135854406909262142e-09
1.788944342542133370e+01,2.262843848522081680e+04,2.262843848522081680e+04,1.135177914132716555e-09
1.792113151323536258e+01,2.264000198760961575e+04,2.264000198760961575e+04,1.134503775094418867e-09
1.795281960104939145e+01,2.265156518809748377e+04,2.265156518809748377e+04,1.133831917726423853e-09
1.798450768886342033e+01,2.266312838858535179e+04,2.266312838858535179e+04,1.133162330827640196e-09
1.801619577667744920e+01,2.267472310252980969e+04,2.267472310252980969e+04,1.132495003269191723e-09
1.804788386449147808e+01,2.268630820453689375e+04,2.268630820453689375e+04,1.131829984896547255e-09
1.807957195230550695e+01,2.269791397641845469e+04,2.269791397641845469e+04,1.131167214358771279e-09
1.811126004011953583e+01,2.270951947547214149e+04,2.270951947547214149e+04,1.130506669852719366e-09
1.814294812793356471e+01,2.272110412595146772e+04,2.272110412595146772e+04,1.129848340545137697e-09
1.817463621574759358e+01,2.273276176265308459e+04,2.273276176265308459e+04,1.129192254744019158e-09
1.820632430356162246e+01,2.274437744982868753e+04,2.274437744982868753e+04,1.128538394485802919e-09
1.823801239137565133e+01,2.275599470365675006e+04,2.275599470365675006e+04,1.127886716982049101e-09
1.826970047918968021e+01,2.276767210900464852e+04,2.276767210900464852e+04,1.127237211679557257e-09
1.830138856700370908e+01,2.277929912002524361e+04,2.277929912002524361e+04,1.126589886736959075e-09
1.833307665481773796e+01,2.279097331084776306e+04,2.279097331084776306e+04,1.125944764784495225e-09
1.836476474263177039e+01,2.280265917923189409e+04,2.280265917923189409e+04,1.125301783421453623e-09
1.839645283044579926e+01,2.281432234564334431e+04,2.281432234564334431e+04,1.124660932371589815e-09
1.842814091825982814e+01,2.282603115478950349e+04,2.282603115478950349e+04,1.124022201428524674e-09
1.845982900607385702e+01,2.283771825291929781e+04,2.283771825291929781e+04,1.123385649675656944e-09
1.849151709388788589e+01,2.284943455815574998e+04,2.284943455815574998e+04,1.122751197976343210e-09
1.852320518170191477e+01,2.286115527526910955e+04,2.286115527526910955e+04,1.122118835779047313e-09
1.855489326951594364e+01,2.287285044549769009e+04,2.287285044549769009e+04,1.121488553136726139e-09
1.858658135732997252e+01,2.288461589283611829e+04,2.288461589283611829e+04,1.120860390800255547e-09
1.861826944514400139e+01,2.289634313741972073e+04,2.289634313741972073e+04,1.120234306519979133e-09
1.864995753295803027e+01,2.290809953126333858e+04,2.290809953126333858e+04,1.119610271971236734e-09
1.868164562077205915e+01,2.291987337396124713e+04,2.291987337396124713e+04,1.118988277462295566e-09
1.871333370858608802e+01,2.293161984194780962e+04,2.293161984194780962e+04,1.118368346481966348e-09
1.874502179640011690e+01,2.294343093393421441e+04,2.294343093393421441e+04,1.117750471469918991e-09
1.877670988421414577e+01,2.295521799851276955e+04,2.295521799851276955e+04,1.117134607428133875e-09
1.880839797202817465e+01,2.296701786971029651e+04,2.296701786971029651e+04,1.116520744914033907e-09
1.884008605984220353e+01,2.297884249279549113e+04,2.297884249279549113e+04,1.115908891183104378e-09
1.887177414765623240e+01,2.299064299941551872e+04,2.299064299941551872e+04,1.115299071267408470e-09
1.890346223547026128e+01,nan,nan,1.114691224533477974e-09
1.893515032328429015e+01,nan,nan,1.114085341781024031e-09
1.896683841109831903e+01,nan,nan,1.113481414960401170e-09
1.899852649891234790e+01,nan,nan,1.112879499827608977e-09
1.903021458672637678e+01,nan,nan,1.112279521036839404e-09
1.906190267454040566e+01,nan,nan,1.111681469613044046e-09
1.909359076235443453e+01,nan,nan,1.111085336640908930e-09
1.912527885016846341e+01,nan,nan,1.110491166071073862e-09
1.915696693798249228e+01,nan,nan,1.109898909559686143e-09
1.918865502579652116e+01,nan,nan,1.109308544713716512e-09
1.922034311361055003e+01,nan,nan,1.108720062840530708e-09
1.925203120142457891e+01,nan,nan,1.108133493496114442e-09
1.928371928923860779e+01,nan,nan,1.107548817180124420e-09
1.931540737705263666e+01,nan,nan,1.106965997716701427e-09
1.934709546486666554e+01,nan,nan,1.106385026623342581e-09
1.937878355268069441e+01,nan,nan,1.105805919754933425e-09
1.941047164049472329e+01,nan,nan,1.105228685027017944e-09
1.944215972830875216e+01,nan,nan,1.104653273191179252e-09
1.947384781612278104e+01,nan,nan,1.104079675974941826e-09
1.950553590393680992e+01,nan,nan,1.103507896186084022e-09
1.953722399175083879e+01,nan,nan,1.102937967820295306e-09
1.956891207956486767e+01,nan,nan,1.102369829211741603e-09
1.960060016737889654e+01,nan,nan,1.101803472292773235e-09
1.963228825519292542e+01,nan,nan,1.101238889046682028e-09
1.966397634300695429e+01,nan,nan,1.100676133430629325e-09
1.969566443082098317e+01,nan,nan,1.100115136911004207e-09
1.972735251863501205e+01,nan,nan,1.099555889947586909e-09
1.975904060644904092e+01,nan,nan,1.098998384718374544e-09
1.979072869426306980e+01,nan,nan,1.098442662500650996e-09
1.982241678207709867e+01,nan,nan,1.097888680086394603e-09
1.985410486989112755e+01,nan,nan,1.097336415869676098e-09
1.988579295770515998e+01,nan,nan,1.096785862218163248e-09
1.991748104551918885e+01,nan,nan,1.096237048121738790e-09
1.994916913333321773e+01,nan,nan,1.095689954876330784e-09
1.998085722114724661e+01,nan,nan,1.095144549226629975e-09
2.001254530896127548e+01,nan,nan,1.094600823723947118e-09
2.004423339677530436e+01,nan,nan,1.094058795460787322e-09
2.007592148458933323e+01,nan,nan,1.093518469415982541e-09
2.010760957240336211e+01,nan,nan,1.092979801094161450e-09
2.013929766021739098e+01,nan,nan,1.092442783225026641e-09
2.017098574803141986e+01,nan,nan,1.091907421366600900e-09
2.020267383584544874e+01,nan,nan,1.091373743450264467e-09
2.023436192365947761e+01,nan,nan,1.090841694087914397e-09
2.026605001147350649e+01,nan,nan,1.090311266185311645e-09
2.029773809928753536e+01,nan,nan,1.089782454009629486e-09
2.032942618710156424e+01,nan,nan,1.089255307959979477e-09
2.036111427491559311e+01,nan,nan,1.088729761981652594e-09
2.039280236272962199e+01,nan,nan,1.088205809152066932e-09
2.042449045054365087e+01,nan,nan,1.087683442584935415e-09
2.045617853835767974e+01,nan,nan,1.087162704872724770e-09
2.048786662617170862e+01,nan,nan,1.086643549401852027e-09
2.051955471398573749e+01,nan,nan,1.086125959434825792e-09
2.055124280179976637e+01,nan,nan,1.085609928244632821e-09
2.058293088961379524e+01,nan,nan,1.085095486808926079e-09
2.061461897742782412e+01,nan,nan,1.084582611576170981e-09
2.064630706524185300e+01,nan,nan,1.084071274848686491e-09
2.067799515305588187e+01,nan,nan,1.083561470060569124e-09
2.070968324086991075e+01,nan,nan,1.083053216740742093e-09
2.074137132868393962e+01,nan,nan,1.082546514030306751e-09
2.077305941649796850e+01,nan,nan,1.082041323451626592e-09
2.080474750431199737e+01,nan,nan,1.081537638593280523e-09
2.083643559212602625e+01,nan,nan,1.081035467648612038e-09
2.086812367994005513e+01,nan,nan,1.080534832236983407e-09
2.089981176775408400e+01,nan,nan,1.080035683189174289e-09
2.093149985556811288e+01,nan,nan,1.079538014242115952e-09
2.096318794338214175e+01,nan,nan,1.079041822257070320e-09
2.099487603119617063e+01,nan,nan,1.078547151333545515e-09
2.102656411901019951e+01,nan,nan,1.078053941598219225e-09
2.105825220682422838e+01,nan,nan,1.077562186932730314e-09
2.108994029463825726e+01,nan,nan,1.077071881255129310e-09
2.112162838245228613e+01,nan,nan,1.076583065902909125e-09
2.115331647026631501e+01,nan,nan,1.076095695574542271e-09
2.118500455808034388e+01,nan,nan,1.075609755862764284e-09
2.121669264589437276e+01,nan,nan,1.075125240822806358e-09
2.124838073370840164e+01,nan,nan,1.074642179748304361e-09
2.128006882152243051e+01,nan,nan,1.074160551176522053e-09
2.131175690933645939e+01,nan,nan,1.073680329322297314e-09
2.134344499715048826e+01,nan,nan,1.073201508376742298e-09
2.137513308496451714e+01,nan,nan,1.072724105588852692e-09
2.140682117277854957e+01,nan,nan,1.072248123327764556e-09
2.143850926059257844e+01,nan,nan,1.071773524425388646e-09
2.147019734840660732e+01,nan,nan,1.071300303205453195e-09
2.150188543622063619e+01,nan,nan,1.070828464768440920e-09
2.153357352403466507e+01,nan,nan,1.070358035534806023e-09
2.156526161184869395e+01,nan,nan,1.069888966819097920e-09
2.159694969966272282e+01,nan,nan,1.069421253079055133e-09
2.162863778747675170e+01,nan,nan,1.068954888796937746e-09
2.166032587529078057e+01,nan,nan,1.068489919659915810e-09
2.169201396310480945e+01,nan,nan,1.068026290436940476e-09
2.172370205091883832e+01,nan,nan,1.067563993991719664e-09
2.175539013873286720e+01,nan,nan,1.067103024931815191e-09
2.178707822654689608e+01,nan,nan,1.066643415785658589e-09
2.181876631436092495e+01,nan,nan,1.066185137358724703e-09
2.185045440217495383e+01,nan,nan,1.065728170009304247e-09
2.188214248998898270e+01,nan,nan,1.065272508467536036e-09
2.191383057780301158e+01,nan,nan,1.064818171969981465e-09
2.194551866561704045e+01,nan,nan,1.064365157599629049e-09
2.197720675343106933e+01,nan,nan,1.063913433088022057e-09
2.200889484124509821e+01,nan,nan,1.063462993284630451e-09
2.204058292905912708e+01,nan,nan,1.063013843973530380e-09
2.207227101687315596e+01,nan,nan,1.062566008846646968e-09
2.210395910468718483e+01,nan,nan,1.062119442823981621e-09
2.213564719250121371e+01,nan,nan,1.061674140868593567e-09
2.216733528031524258e+01,nan,nan,1.061230097976022109e-09
2.219902336812927146e+01,nan,nan,1.060787356214363301e-09
2.223071145594330034e+01,nan,nan,1.060345866188246862e-09
2.226239954375732921e+01,nan,nan,1.059905620044575153e-09
2.229408763157135809e+01,nan,nan,1.059466612886024531e-09
2.232577571938538696e+01,nan,nan,1.059028872127181534e-09
2.235746380719941584e+01,nan,nan,1.058592377390306395e-09
2.238915189501344472e+01,nan,nan,1.058157106796874747e-09
2.242083998282747359e+01,nan,nan,1.057723055555013381e-09
2.245252807064150247e+01,nan,nan,1.057290236158796584e-09
2.248421615845553134e+01,nan,nan,1.056858657743512744e-09
2.251590424626956022e+01,nan,nan,1.056428284162749655e-09
2.254759233408358909e+01,nan,nan,1.055999110732099550e-09
2.257928042189761797e+01,nan,nan,1.055571134795591569e-09
2.261096850971164685e+01,nan,nan,1.055144395450480673e-09
2.264265659752567572e+01,nan,nan,1.054718842044223706e-09
2.267434468533970460e+01,nan,nan,1.054294469996403981e-09
2.270603277315373347e+01,nan,nan,1.053871274749304298e-09
2.273772086096776235e+01,nan,nan,1.053449285344998976e-09
2.276940894878179122e+01,nan,nan,1.053028476941195369e-09
2.280109703659582010e+01,nan,nan,1.052608831507148829e-09
2.283278512440984898e+01,nan,nan,1.052190344582868584e-09
2.286447321222387785e+01,nan,nan,1.051773028758564889e-09
2.289616130003791028e+01,nan,nan,1.051356891790310404e-09
2.292784938785193916e+01,nan,nan,1.050941899800391473e-09
2.295953747566596803e+01,nan,nan,1.050528048424816802e-09
2.299122556347999691e+01,nan,nan,1.050115333422904982e-09
2.302291365129402578e+01,nan,nan,1.049703795872193563e-09
2.305460173910805466e+01,nan,nan,1.049293385695308880e-09
2.308628982692208353e+01,nan,nan,1.048884098622756962e-09
2.311797791473611241e+01,nan,nan,1.048475930408308497e-09
2.314966600255014129e+01,nan,nan,1.048068904665541785e-09
2.318135409036417016e+01,nan,nan,1.047663006179317940e-09
2.321304217817819904e+01,nan,nan,1.047258213658374227e-09
2.324473026599222791e+01,nan,nan,1.046854522948930970e-09
2.327641835380625679e+01,nan,nan,1.046451939597656453e-09
2.330810644162028566e+01,nan,nan,1.046050484174417822e-09
2.333979452943431454e+01,nan,nan,1.045650117934746856e-09
2.337148261724834342e+01,nan,nan,1.045250836812992320e-09
2.340317070506237229e+01,nan,nan,1.044852636767550157e-09
2.343485879287640117e+01,nan,nan,1.044455548340734377e-09
2.346654688069043004e+01,nan,nan,1.044059541552180668e-09
2.349823496850445892e+01,nan,nan,1.043664603541058573e-09
2.352992305631848780e+01,nan,nan,1.043270730346231130e-09
2.356161114413251667e+01,nan,nan,1.042877932995190912e-09
2.359329923194654555e+01,nan,nan,1.042486220212280705e-09
2.362498731976057442e+01,nan,nan,1.042095560208555829e-09
2.365667540757460330e+01,nan,nan,1.041705949108935676e-09
2.368836349538863217e+01,nan,nan,1.041317383057642312e-09
2.372005158320266105e+01,nan,nan,1.040929895156537820e-09
2.375173967101668993e+01,nan,nan,1.040543449392799666e-09
2.378342775883071880e+01,nan,nan,1.040158036952158538e-09
2.381511584664474768e+01,nan,nan,1.039773654060328475e-09
2.384680393445877655e+01,nan,nan,1.039390312979797183e-09
2.387849202227280543e+01,nan,nan,1.039008019007505876e-09
2.391018011008683430e+01,nan,nan,1.038626743098465665e-09
2.394186819790086318e+01,nan,nan,1.038246481557755879e-09
2.397355628571489206e+01,nan,nan,1.037867230709073615e-09
2.400524437352892093e+01,nan,nan,1.037489022091772761e-09
2.403693246134294981e+01,nan,nan,1.037111821878193807e-09
2.406862054915697868e+01,nan,nan,1.036735621160651248e-09
2.410030863697100756e+01,nan,nan,1.036360416339929003e-09
2.413199672478503643e+01,nan,nan,1.035986216677069866e-09
2.416368481259906531e+01,nan,nan,1.035613032569042614e-09
2.419537290041309419e+01,nan,nan,1.035240833392596507e-09
2.422706098822712306e+01,nan,nan,1.034869615619429659e-09
2.425874907604115194e+01,nan,nan,1.034499375744379112e-09
2.429043716385518081e+01,nan,nan,1.034130139379256608e-09
2.432212525166920969e+01,nan,nan,1.033761883645137689e-09
2.435381333948323856e+01,nan,nan,1.033394595123605787e-09
2.438550142729726744e+01,nan,nan,1.033028270380050454e-09
2.441718951511129987e+01,nan,nan,1.032662911340829753e-09
2.444887760292532874e+01,nan,nan,1.032298542121024217e-09
2.448056569073935762e+01,nan,nan,1.031935126209455259e-09
2.451225377855338650e+01,nan,nan,1.031572660241317170e-09
2.454394186636741537e+01,nan,nan,1.031211140867920406e-09
2.457562995418144425e+01,nan,nan,1.030850583625186358e-09
2.460731804199547312e+01,nan,nan,1.030490984833399382e-09
2.463900612980950200e+01,nan,nan,1.030132322426017167e-09
2.467069421762353088e+01,nan,nan,1.029774593123776060e-09
2.470238230543755975e+01,nan,nan,1.029417793661964168e-09
2.473407039325158863e+01,nan,nan,1.029061951361406487e-09
2.476575848106561750e+01,nan,nan,1.028707038420456129e-09
2.479744656887964638e+01,nan,nan,1.028353045361451343e-09
2.482913465669367525e+01,nan,nan,1.027999968987414130e-09
2.486082274450770413e+01,nan,nan,1.027647810521083696e-09
2.489251083232173301e+01,nan,nan,1.027296594016802980e-09
2.492419892013576188e+01,nan,nan,1.026946284442052563e-09
2.495588700794979076e+01,nan,nan,1.026596878660990330e-09
2.498757509576381963e+01,nan,nan,1.026248373556409510e-09
2.501926318357784851e+01,nan,nan,1.025900779316090693e-09
2.505095127139187738e+01,nan,nan,1.025554101487326270e-09
2.508263935920590626e+01,nan,nan,1.025208314821657026e-09
2.511432744701993514e+01,nan,nan,1.024863416262128027e-09
2.514601553483396401e+01,nan,nan,1.024519402767432941e-09
2.517770362264799289e+01,nan,nan,1.024176291779697172e-09
2.520939171046202176e+01,nan,nan,1.023834073760890087e-09
2.524107979827605064e+01,nan,nan,1.023492731523343375e-09
2.527276788609007951e+01,nan,nan,1.023152262087797729e-09
2.530445597390410839e+01,nan,nan,1.022812662487769233e-09
2.533614406171813727e+01,nan,nan,1.022473955706021427e-09
2.536783214953216614e+01,nan,nan,1.022136120564656680e-09
2.539952023734619502e+01,nan,nan,1.021799146197833983e-09
2.543120832516022389e+01,nan,nan,1.021463029697634840e-09
2.546289641297425277e+01,nan,nan,1.021127768170284303e-09
2.549458450078828164e+01,nan,nan,1.020793388394170033e-09
2.552627258860231052e+01,nan,nan,1.020459861068397033e-09
2.555796067641633940e+01,nan,nan,1.020127179873284329e-09
2.558964876423036827e+01,nan,nan,1.019795341970370128e-09
2.562133685204439715e+01,nan,nan,1.019464344537896515e-09
2.565302493985842602e+01,nan,nan,1.019134216405641286e-09
2.568471302767245490e+01,nan,nan,1.018804923627469504e-09
2.571640111548648377e+01,nan,nan,1.018476462692799145e-09
2.574808920330051265e+01,nan,nan,1.018148830831719357e-09
2.577977729111454153e+01,nan,nan,1.017822025649814406e-09
2.581146537892857040e+01,nan,nan,1.017496075287528024e-09
2.584315346674259928e+01,nan,nan,1.017170945538339777e-09
2.587484155455662815e+01,nan,nan,1.016846633687160000e-09
2.590652964237065703e+01,nan,nan,1.016523137031697991e-09
2.593821773018468946e+01,nan,nan,1.016200452883156848e-09
2.596990581799871833e+01,nan,nan,1.015878609261016717e-09
2.600159390581274721e+01,nan,nan,1.015557572727226564e-09
2.603328199362677609e+01,nan,nan,1.015237340475604286e-09
2.606497008144080496e+01,nan,nan,1.014917909869119598e-09
2.609665816925483384e+01,nan,nan,1.014599278283122418e-09
2.612834625706886271e+01,nan,nan,1.014281470934921580e-09
2.616003434488289159e+01,nan,nan,1.013964459460933939e-09
2.619172243269692046e+01,nan,nan,1.013648238972581840e-09
2.622341052051094934e+01,nan,nan,1.013332806895031740e-09
2.625509860832497822e+01,nan,nan,1.013018160666704426e-09
2.628678669613900709e+01,nan,nan,1.012704321062792711e-09
2.631847478395303597e+01,nan,nan,1.012391268092232953e-09
2.635016287176706484e+01,nan,nan,1.012078993124599214e-09
2.638185095958109372e+01,nan,nan,1.011767493644714217e-09
2.641353904739512259e+01,nan,nan,1.011456767148818469e-09
2.644522713520915147e+01,nan,nan,1.011146828367125526e-09
2.647691522302318035e+01,nan,nan,1.010837668880626891e-09
2.650860331083720922e+01,nan,nan,1.010529274720540960e-09
2.654029139865123810e+01,nan,nan,1.010221643427951351e-09
2.657197948646526697e+01,nan,nan,1.009914772560231768e-09
2.660366757427929585e+01,nan,nan,1.009608669280189355e-09
2.663535566209332472e+01,nan,nan,1.009303339763288008e-09
2.666704374990735360e+01,nan,nan,1.008998763186055275e-09
2.669873183772138248e+01,nan,nan,1.008694937150602301e-09
2.673041992553541135e+01,nan,nan,1.008391859269399013e-09
2.676210801334944023e+01,nan,nan,1.008089527677694106e-09
2.679379610116346910e+01,nan,nan,1.007787966083994782e-09
2.682548418897749798e+01,nan,nan,1.007487145327365829e-09
2.685717227679152685e+01,nan,nan,1.007187063065272284e-09
2.688886036460555573e+01,nan,nan,1.006887716963731406e-09
2.692054845241958461e+01,nan,nan,1.006589104702263348e-09
2.695223654023361348e+01,nan,nan,1.006291240344542427e-09
2.698392462804764236e+01,nan,nan,1.005994115062882669e-09
2.701561271586167123e+01,nan,nan,1.005697716499176979e-09
2.704730080367570011e+01,nan,nan,1.005402042376797457e-09
2.707898889148972899e+01,nan,nan,1.005107090426015716e-09
2.711067697930375786e+01,nan,nan,1.004812862022537547e-09
2.714236506711778674e+01,nan,nan,1.004519373232599755e-09
2.717405315493181561e+01,nan,nan,1.004226599655542872e-09
2.720574124274584449e+01,nan,nan,1.003934539065906320e-09
2.723742933055987336e+01,nan,nan,1.003643189241460079e-09
2.726911741837390224e+01,nan,nan,1.003352547976882940e-09
2.730080550618793112e+01,nan,nan,1.003062627453848510e-09
2.733249359400195999e+01,nan,nan,1.002773421455648843e-09
2.736418168181598887e+01,nan,nan,1.002484917248734244e-09
2.739586976963001774e+01,nan,nan,1.002197112663339863e-09
2.742755785744404662e+01,nan,nan,1.001910005540705248e-09
2.745924594525807905e+01,nan,nan,1.001623593730615962e-09
2.749093403307210792e+01,nan,nan,1.001337897369489479e-09
2.752262212088613680e+01,nan,nan,1.001052893664035011e-09
2.755431020870016567e+01,nan,nan,1.000768578681195686e-09
2.758599829651419455e+01,nan,nan,1.000484950313149041e-09
2.761768638432822343e+01,nan,nan,1.000202006455038674e-09
2.764937447214225230e+01,nan,nan,9.999197491634349401e-10
2.768106255995628118e+01,nan,nan,9.996381913184451175e-10
2.771275064777031005e+01,nan,nan,9.993573115371604454e-10
2.774443873558433893e+01,nan,nan,9.990771077561435238e-10
2.777612682339836780e+01,nan,nan,9.987975779211847729e-10
2.780781491121239668e+01,nan,nan,9.985187199856065058e-10
2.783950299902642556e+01,nan,nan,9.982405392755787782e-10
2.787119108684045443e+01,nan,nan,9.979630414946918256e-10
2.790287917465448331e+01,nan,nan,9.976862093305655908e-10
2.793456726246851218e+01,nan,nan,9.974100407729377726e-10
2.796625535028254106e+01,nan,nan,9.971345338236069838e-10
2.799794343809656993e+01,nan,nan,9.968596864875558619e-10
2.802963152591059881e+01,nan,nan,9.965855046554156883e-10
2.806131961372462769e+01,nan,nan,9.963119922913171999e-10
2.809300770153865656e+01,nan,nan,9.960391334196494975e-10
2.812469578935268544e+01,nan,nan,9.957669260846434913e-10
2.815638387716671431e+01,nan,nan,9.954953683359423341e-10
2.818807196498074319e+01,nan,nan,9.952244582317833784e-10
2.821976005279477206e+01,nan,nan,9.949541995855325276e-10
2.825144814060880094e+01,nan,nan,9.946845999060775087e-10
2.828313622842282982e+01,nan,nan,9.944156419112022329e-10
2.831482431623685869e+01,nan,nan,9.941473236923776883e-10
2.834651240405088757e+01,nan,nan,9.938796433499008801e-10
2.837820049186491644e+01,nan,nan,9.936125989904021219e-10
2.840988857967894532e+01,nan,nan,9.933461898078904800e-10
2.844157666749297420e+01,nan,nan,9.930804319389706025e-10
2.847326475530700307e+01,nan,nan,9.928153042464901222e-10
2.850495284312103195e+01,nan,nan,9.925508048694655416e-10
2.853664093093506082e+01,nan,nan,9.922869319562954524e-10
2.856832901874908970e+01,nan,nan,9.920236836637567520e-10
2.860001710656311857e+01,nan,nan,9.917610581534190224e-10
2.863170519437714745e+01,nan,nan,9.914990669885645372e-10
2.866339328219117633e+01,nan,nan,9.912377008096810612e-10
2.869508137000520520e+01,nan,nan,9.909769517751303018e-10
2.872676945781923408e+01,nan,nan,9.907168180777513362e-10
2.875845754563326295e+01,nan,nan,9.904572979227682029e-10
2.879014563344729183e+01,nan,nan,9.901983895163961099e-10
2.882183372126132070e+01,nan,nan,9.899400942611139955e-10
2.885352180907534958e+01,nan,nan,9.896824225367715134e-10
2.888520989688937846e+01,nan,nan,9.894253570613316592e-10
2.891689798470340733e+01,nan,nan,9.891688960748953015e-10
2.894858607251743976e+01,nan,nan,9.889130378241383607e-10
2.898027416033146864e+01,nan,nan,9.886577805642153584e-10
2.901196224814549751e+01,nan,nan,9.884031225576437577e-10
2.904365033595952639e+01,nan,nan,9.881490705503587663e-10
2.907533842377355526e+01,nan,nan,9.878956235153480316e-10
2.910702651158758414e+01,nan,nan,9.876427703861620803e-10
2.913871459940161301e+01,nan,nan,9.873905094525942423e-10
2.917040268721564189e+01,nan,nan,9.871388390136925515e-10
2.920209077502967077e+01,nan,nan,9.868877573735735908e-10
2.923377886284369964e+01,nan,nan,9.866372628419990370e-10
2.926546695065772852e+01,nan,nan,9.863873637112938513e-10
2.929715503847175739e+01,nan,nan,9.861380551802265140e-10
2.932884312628578627e+01,nan,nan,9.858893285629764564e-10
2.936053121409981514e+01,nan,nan,9.856411821992592199e-10
2.939221930191384402e+01,nan,nan,9.853936144327151110e-10
2.942390738972787290e+01,nan,nan,9.851466236165981362e-10
2.945559547754190177e+01,nan,nan,9.849002081104224046e-10
2.948728356535593065e+01,nan,nan,9.846543740572707917e-10
2.951897165316995952e+01,nan,nan,9.844091202787630966e-10
2.955065974098398840e+01,nan,nan,9.841644367613450933e-10
2.958234782879801728e+01,nan,nan,9.839203218888936349e-10
2.961403591661204615e+01,nan,nan,9.836767740542532463e-10
2.964572400442607503e+01,nan,nan,9.834337916537941029e-10
2.967741209224010390e+01,nan,nan,9.831913730915899132e-10
2.970910018005413278e+01,nan,nan,9.829495188033942540e-10
2.974078826786816165e+01,nan,nan,9.827082383655358067e-10
2.977247635568219053e+01,nan,nan,9.824675168613586380e-10
2.980416444349621941e+01,nan,nan,9.822273527173662860e-10
2.983585253131024828e+01,nan,nan,9.819877443705083389e-10
2.986754061912427716e+01,nan,nan,9.817486902609531518e-10
2.989922870693830603e+01,nan,nan,9.815101888373596748e-10
2.993091679475233491e+01,nan,nan,9.812722385529204285e-10
2.996260488256636378e+01,nan,nan,9.810348451486379933e-10
2.999429297038039266e+01,nan,nan,9.807980068061131636e-10
3.002598105819442154e+01,nan,nan,9.805617148495551425e-10
3.005766914600845041e+01,nan,nan,9.803259677573246614e-10
3.008935723382247929e+01,nan,nan,9.800907640122399210e-10
3.012104532163650816e+01,nan,nan,9.798561021052426564e-10
3.015273340945053704e+01,nan,nan,9.796219805305665745e-10
3.018442149726456591e+01,nan,nan,9.793883977903356511e-10
3.021610958507859479e+01,nan,nan,9.791553599703897954e-10
3.024779767289262367e+01,nan,nan,9.789228637998690953e-10
3.027948576070665254e+01,nan,nan,9.786909018559382498e-10
3.031117384852068142e+01,nan,nan,9.784594726636928679e-10
3.034286193633471029e+01,nan,nan,9.782285747528297503e-10
3.037455002414873917e+01,nan,nan,9.779982066591250620e-10
3.040623811196276804e+01,nan,nan,9.777683669261935381e-10
3.043792619977679692e+01,nan,nan,9.775390540978583632e-10
3.046961428759082935e+01,nan,nan,9.773102698420820934e-10
3.050130237540485822e+01,nan,nan,9.770820189878572566e-10
3.053299046321888710e+01,nan,nan,9.768542905714528408e-10
3.056467855103291598e+01,nan,nan,9.766270831626007748e-10
3.059636663884694485e+01,nan,nan,9.764003953354158042e-10
3.062805472666097373e+01,nan,nan,9.761742256707227636e-10
3.065974281447500260e+01,nan,nan,9.759485727526920195e-10
3.069143090228903148e+01,nan,nan,9.757234351727371457e-10
3.072311899010306036e+01,nan,nan,9.754988115261997896e-10
3.075480707791708923e+01,nan,nan,9.752747061430900437e-10
3.078649516573111811e+01,nan,nan,9.750511176897433657e-10
3.081818325354514698e+01,nan,nan,9.748280388513885706e-10
3.084987134135917586e+01,nan,nan,9.746054682465546262e-10
3.088155942917320473e+01,nan,nan,9.743834044959401949e-10
3.091324751698723361e+01,nan,nan,9.741618462282940608e-10
3.094493560480126249e+01,nan,nan,9.739407920736477585e-10
3.097662369261529136e+01,nan,nan,9.737202406709101248e-10
3.100831178042932024e+01,nan,nan,9.735001906615648030e-10
3.103999986824334911e+01,nan,nan,9.732806428855971614e-10
3.107168795605737799e+01,nan,nan,9.730616021876754214e-10
3.110337604387140686e+01,nan,nan,9.728430587088766393e-10
3.113506413168543574e+01,nan,nan,9.726250111101751084e-10
3.116675221949946462e+01,nan,nan,9.724074580604413881e-10
3.119844030731349349e+01,nan,nan,9.722327919342295985e-10
3.123012839512752237e+01,nan,nan,9.722314611962637961e-10
3.126181648294155124e+01,nan,nan,9.722301610865616548e-10
3.129350457075558012e+01,nan,nan,9.722288897518396949e-10
3.132519265856960899e+01,nan,nan,9.722276464681790157e-10
3.135688074638363787e+01,nan,nan,9.722264339335559507e-10
3.138856883419766675e+01,nan,nan,9.722252498995215413e-10
3.142025692201169562e+01,nan,nan,9.722240915464650267e-10
3.145194500982572450e+01,nan,nan,9.722229582050072467e-10
3.148363309763975337e+01,nan,nan,9.722218492169024783e-10
3.151532118545378225e+01,nan,nan,9.722207672635427039e-10
3.154700927326781112e+01,nan,nan,9.722197092794861158e-10
3.157869736108184000e+01,nan,nan,9.722186735226150704e-10
3.161038544889586888e+01,nan,nan,9.722176593864103438e-10
3.164207353670989775e+01,nan,nan,9.722166662746461475e-10
3.167376162452392663e+01,nan,nan,9.722156938721178644e-10
3.170544971233795550e+01,nan,nan,9.722147445295807715e-10
3.173713780015198438e+01,nan,nan,9.722138143145911467e-10
3.176882588796601325e+01,nan,nan,9.722129026783200301e-10
3.180051397578004213e+01,nan,nan,9.722120090811154106e-10
3.183220206359407101e+01,nan,nan,9.722111329923227272e-10
3.186389015140809988e+01,nan,nan,9.722102738899455184e-10
3.189557823922212876e+01,nan,nan,9.722094329411842255e-10
3.192726632703615763e+01,nan,nan,9.722086090197772300e-10
3.195895441485018651e+01,nan,nan,9.722078004589096893e-10
3.199064250266421894e+01,nan,nan,9.722070067754638714e-10
3.202233059047824781e+01,nan,nan,9.722062274933838920e-10
3.205401867829227314e+01,nan,nan,9.722054621434101898e-10
3.208570676610630557e+01,nan,nan,9.722047102626787569e-10
3.211739485392033089e+01,nan,nan,9.722039734128050533e-10
3.214908294173436332e+01,nan,nan,9.722032495360100081e-10
3.218077102954838864e+01,nan,nan,9.722025377106487760e-10
3.221245911736242107e+01,nan,nan,9.722018375003428452e-10
3.224414720517644639e+01,nan,nan,9.722011484728152791e-10
3.227583529299047882e+01,nan,nan,9.722004701994765051e-10
3.230752338080450414e+01,nan,nan,9.721998039760592514e-10
3.233921146861853657e+01,nan,nan,9.721991483929247108e-10
3.237089955643256189e+01,nan,nan,9.721985022547317578e-10
3.240258764424659432e+01,nan,nan,9.721978651442912301e-10
3.243427573206061965e+01,nan,nan,9.721972366449675559e-10
3.246596381987465207e+01,nan,nan,9.721966184718033098e-10
3.249765190768867740e+01,nan,nan,9.721960085645138907e-10
3.252933999550270983e+01,nan,nan,9.721954059772554911e-10
3.256102808331673515e+01,nan,nan,9.721948105200623612e-10
3.259271617113076758e+01,nan,nan,9.721942241535709284e-10
3.262440425894479290e+01,nan,nan,9.721936437782603707e-10
3.265609234675882533e+01,nan,nan,9.721930697467515795e-10
3.268778043457285065e+01,nan,nan,9.721925030507129273e-10
3.271946852238688308e+01,nan,nan,9.721919412617222542e-10
3.275115661020091551e+01,nan,nan,9.721913864211918287e-10
3.278284469801494083e+01,nan,nan,9.721908365924716002e-10
3.281453278582897326e+01,nan,nan,9.721902921320383621e-10
3.284622087364299858e+01,nan,nan,9.721897534920137347e-10
3.287790896145703101e+01,nan,nan,9.721892225937674679e-10
3.290959704927105633e+01,nan,nan,9.721887175381140577e-10
3.294128513708508876e+01,nan,nan,9.721882040579820030e-10
3.297297322489911409e+01,nan,nan,9.721876821571360097e-10
3.300466131271314651e+01,nan,nan,9.721871518393509165e-10
3.303634940052717184e+01,nan,nan,9.721866131083879137e-10
3.306803748834120427e+01,nan,nan,9.721860659680013672e-10
3.309972557615522959e+01,nan,nan,9.721855104219601187e-10
3.313141366396926202e+01,nan,nan,9.721849464740466583e-10
3.316310175178328734e+01,nan,nan,9.721843741280091483e-10
3.319478983959731977e+01,nan,nan,9.721837933876309059e-10
3.322647792741134509e+01,nan,nan,9.721832042566880107e-10
3.325816601522537752e+01,nan,nan,9.721826067389296586e-10
3.328985410303940284e+01,nan,nan,9.721820008381184877e-10
3.332154219085343527e+01,nan,nan,9.721813865580177560e-10
3.335323027866746060e+01,nan,nan,9.721807639023872063e-10
3.338491836648149302e+01,nan,nan,9.721801328749698308e-10
3.341660645429551835e+01,nan,nan,9.721794934795189615e-10
3.344829454210955078e+01,nan,nan,9.721788457197953751e-10
3.347998262992357610e+01,nan,nan,9.721781895995488882e-10
3.351167071773760853e+01,nan,nan,9.721775251225408977e-10
3.354335880555163385e+01,nan,nan,9.721768522925218405e-10
3.357504689336566628e+01,nan,nan,9.721761711132361565e-10
3.360673498117969160e+01,nan,nan,9.721754815884276652e-10
3.363842306899372403e+01,nan,nan,9.721747837218135094e-10
3.367011115680774935e+01,nan,nan,9.721740775171554997e-10
3.370179924462178178e+01,nan,nan,9.721733629781503064e-10
3.373348733243580710e+01,nan,nan,9.721726401085392672e-10
3.376517542024983953e+01,nan,nan,9.721719089120542076e-10
3.379686350806386486e+01,nan,nan,9.721711693924164064e-10
3.382855159587789728e+01,nan,nan,9.721704215533539665e-10
3.386023968369192261e+01,nan,nan,9.721696653985852716e-10
3.389192777150595504e+01,nan,nan,9.721689009318187792e-10
3.392361585931998036e+01,nan,nan,9.721681281567658418e-10
3.395530394713401279e+01,nan,nan,9.721673470770900425e-10
3.398699203494803811e+01,nan,nan,9.721665576965211386e-10
3.401868012276207054e+01,nan,nan,9.721657600187297441e-10
3.405036821057609586e+01,nan,nan,9.721649540474079796e-10
3.408205629839012829e+01,nan,nan,9.721641397862372125e-10
3.411374438620415361e+01,nan,nan,9.721633172389029460e-10
3.414543247401818604e+01,nan,nan,9.721624864090702105e-10
3.417712056183221137e+01,nan,nan,9.721616473004276113e-10
3.420880864964624379e+01,nan,nan,9.721607999166201197e-10
3.424049673746027622e+01,nan,nan,9.721599442613129729e-10
3.427218482527430155e+01,nan,nan,9.721590803381408026e-10
3.430387291308833397e+01,nan,nan,9.721582081507347250e-10
3.433556100090235930e+01,nan,nan,9.721573277027366093e-10
3.436724908871639173e+01,nan,nan,9.721564389977610282e-10
3.439893717653041705e+01,nan,nan,9.721555420394705306e-10
3.443062526434444948e+01,nan,nan,9.721546368314525987e-10
3.446231335215847480e+01,nan,nan,9.721537233773358672e-10
3.449400143997250723e+01,nan,nan,9.721528016807287047e-10
3.452568952778653255e+01,nan,nan,9.721518717452291400e-10
3.455737761560056498e+01,nan,nan,9.721509335744079050e-10
3.458906570341459030e+01,nan,nan,9.721499871718669578e-10
3.462075379122862273e+01,nan,nan,9.721490325411323624e-10
3.465244187904264805e+01,nan,nan,9.721480696858031818e-10
3.468412996685668048e+01,nan,nan,9.721470986094298819e-10
3.471581805467070581e+01,nan,nan,9.721461193155635491e-10
3.474750614248473823e+01,nan,nan,9.721451318077587852e-10
3.477919423029876356e+01,nan,nan,9.721441360895600592e-10
3.481088231811279599e+01,nan,nan,9.721431321644911605e-10
3.484257040592682131e+01,nan,nan,9.721421200360690543e-10
3.487425849374085374e+01,nan,nan,9.721410997077941622e-10
3.490594658155487906e+01,nan,nan,9.721400711831664920e-10
3.493763466936891149e+01,nan,nan,9.721390344656589616e-10
3.496932275718293681e+01,nan,nan,9.721379895587653751e-10
3.500101084499696924e+01,nan,nan,9.721369364659522397e-10
3.503269893281099456e+01,nan,nan,9.721358751906891645e-10
3.506438702062502699e+01,nan,nan,9.721348057364498943e-10
3.509607510843905231e+01,nan,nan,9.721337281066668153e-10
3.512776319625308474e+01,nan,nan,9.721326423048000238e-10
3.515945128406711007e+01,nan,nan,9.721315483342376516e-10
3.519113937188114249e+01,nan,nan,9.721304461984052606e-10
3.522282745969516782e+01,nan,nan,9.721293359007019425e-10
3.525451554750920025e+01,nan,nan,9.721282174444949430e-10
3.528620363532322557e+01,nan,nan,9.721270908331800451e-10
3.531789172313725800e+01,nan,nan,9.721259560701319391e-10
3.534957981095128332e+01,nan,nan,9.721248131586916073e-10
3.538126789876531575e+01,nan,nan,9.721236621022653797e-10
3.541295598657934107e+01,nan,nan,9.721225029041559814e-10
3.544464407439337350e+01,nan,nan,9.721213355676946757e-10
3.547633216220739882e+01,nan,nan,9.721201600961742619e-10
3.550802025002143125e+01,nan,nan,9.721189764928949836e-10
3.553970833783545658e+01,nan,nan,9.721177847611397141e-10
3.557139642564948900e+01,nan,nan,9.721165849041677517e-10
3.560308451346351433e+01,nan,nan,9.721153769252414967e-10
3.563477260127754676e+01,nan,nan,9.721141608276276922e-10
3.566646068909157208e+01,nan,nan,9.721129366145579260e-10
3.569814877690560451e+01,nan,nan,9.721117042892577890e-10
3.572983686471962983e+01,nan,nan,9.721104638549559738e-10
3.576152495253366226e+01,nan,nan,9.721092153148195483e-10
3.579321304034769469e+01,nan,nan,9.721079586720155802e-10
3.582490112816172001e+01,nan,nan,9.721066939297045198e-10
3.585658921597575244e+01,nan,nan,9.721054210910263447e-10
3.588827730378977776e+01,nan,nan,9.721041401591137947e-10
3.591996539160381019e+01,nan,nan,9.721028511370869951e-10
3.595165347941783551e+01,nan,nan,9.721015540280718615e-10
3.598334156723186794e+01,nan,nan,9.721002488351508823e-10
3.601502965504589326e+01,nan,nan,9.720989355614162654e-10
3.604671774285992569e+01,nan,nan,9.720976142099157580e-10
3.607840583067395102e+01,nan,nan,9.720962847836696031e-10
3.611009391848798344e+01,nan,nan,9.720949472857191371e-10
3.614178200630200877e+01,nan,nan,9.720936017190331112e-10
3.617347009411604120e+01,nan,nan,9.720922480866046784e-10
3.620515818193006652e+01,nan,nan,9.720908863914342297e-10
3.623684626974409895e+01,nan,nan,9.720895166364739726e-10
3.626853435755812427e+01,nan,nan,9.720881388246692906e-10
3.630022244537215670e+01,nan,nan,9.720867529589690824e-10
3.633191053318618202e+01,nan,nan,9.720853590422779928e-10
3.636359862100021445e+01,nan,nan,9.720839570774657181e-10
3.639528670881423977e+01,nan,nan,9.720825470673990596e-10
3.642697479662827220e+01,nan,nan,9.720811290149140060e-10
3.645866288444229752e+01,nan,nan,9.720797029228430305e-10
3.649035097225632995e+01,nan,nan,9.720782687940221218e-10
3.652203906007035528e+01,nan,nan,9.720768266312465300e-10
3.655372714788438770e+01,nan,nan,9.720753764373352867e-10
3.658541523569841303e+01,nan,nan,9.720739182150493139e-10
3.661650395713381556e+01,nan,nan,9.720724797750410143e-10
3.664591073309549785e+01,nan,nan,9.720711120498186123e-10
3.667449592781150614e+01,nan,nan,9.720697759163505432e-10
3.670514963645014461e+01,nan,nan,9.720683358461266274e-10
3.673683772426417704e+01,nan,nan,9.720668392975362211e-10
3.676852581207820236e+01,nan,nan,9.720653347361504118e-10
3.680021389989223479e+01,nan,nan,9.720638221646275512e-10
3.683124762424026954e+01,nan,nan,9.720623330667480189e-10
3.686036945194941694e+01,nan,nan,9.720609287250132290e-10
3.688852779264413329e+01,nan,nan,9.720595644183401150e-10
3.691898821088903304e+01,nan,nan,9.720580814601063158e-10
3.695067629870305836e+01,nan,nan,9.720565308901502555e-10
3.698236438651709079e+01,nan,nan,9.720549723248760846e-10
3.701405247433111612e+01,nan,nan,9.720534057667634836e-10
3.704511722217712588e+01,nan,nan,9.720518622684962824e-10
3.707405554102250278e+01,nan,nan,9.720504175185596761e-10
3.710175479461540249e+01,nan,nan,9.720490283909128405e-10
3.713180331034769210e+01,nan,nan,9.720475145487998204e-10
3.716349139816172453e+01,nan,nan,9.720459103304747306e-10
3.719517948597574986e+01,nan,nan,9.720442981333623211e-10
3.722686757378978228e+01,nan,nan,9.720426779598297760e-10
3.725819201028077998e+01,nan,nan,9.720410685420328510e-10
3.728721153874241878e+01,nan,nan,9.720395705969653221e-10
3.731434714604694136e+01,nan,nan,9.720381638500376718e-10
3.734340506690465133e+01,nan,nan,9.720366509694513898e-10
3.737509315471868376e+01,nan,nan,9.720349935161151390e-10
3.740678124253270909e+01,nan,nan,9.720333280995307767e-10
3.743846933034674151e+01,nan,nan,9.720316547219703613e-10
3.747015741816076684e+01,nan,nan,9.720299733856749317e-10
3.749984141491110989e+01,nan,nan,9.720283911667354274e-10
3.752683834163085663e+01,nan,nan,9.720269461132983961e-10
3.755440819427060717e+01,nan,nan,9.720254644357031397e-10
3.758609628208463960e+01,nan,nan,9.720237539990444544e-10
3.761778436989866492e+01,nan,nan,9.720220356137659332e-10
3.764947245771269735e+01,nan,nan,9.720203092820025291e-10
3.768116054552672267e+01,nan,nan,9.720185750058755470e-10
3.771110597230428141e+01,nan,nan,9.720169288058261226e-10
3.773816984928116369e+01,nan,nan,9.720154349139446293e-10
3.776517713080314564e+01,nan,nan,9.720139383734949210e-10
3.779686521861717097e+01,nan,nan,9.720121751073590554e-10
3.782855330643120340e+01,nan,nan,9.720104039063967974e-10
3.786024139424522872e+01,nan,nan,9.720086247726126123e-10
3.789192948205926115e+01,nan,nan,9.720068377079704338e-10
3.791814346004509417e+01,nan,nan,9.720053533658014312e-10
3.794386051532251969e+01,nan,nan,9.720038918896733399e-10
3.797554860313654501e+01,nan,nan,9.720020839064592030e-10
3.800723669095057744e+01,nan,nan,9.720002679995159219e-10
3.803892477876460987e+01,nan,nan,9.719984441707209898e-10
3.807061286657863519e+01,nan,nan,9.719966124219498321e-10
3.809809284101996241e+01,nan,nan,9.719950175150560703e-10
3.812488671410037711e+01,nan,nan,9.719934566962327520e-10
3.815556673658043252e+01,nan,nan,9.719916625486934171e-10
3.818725482439445784e+01,nan,nan,9.719898016627780041e-10
3.821894291220849027e+01,nan,nan,9.719879328654193537e-10
3.825063100002251559e+01,nan,nan,9.719860561584176179e-10
3.827598760721843263e+01,nan,nan,9.719845487338557197e-10
3.833254987539956460e+01,nan,nan,9.719811679235140621e-10
3.836423796321359703e+01,nan,nan,9.719792628736651523e-10
3.839592605102762235e+01,nan,nan,9.719773499220886551e-10
3.842761413884165478e+01,nan,nan,9.719754290704544413e-10
3.845514891542816827e+01,nan,nan,9.719737535687572854e-10
3.848188119396899509e+01,nan,nan,9.719721211949701749e-10
3.851205054246415926e+01,nan,nan,9.719702721915935967e-10
3.854373863027818459e+01,nan,nan,9.719683224037494993e-10
3.857542671809221702e+01,nan,nan,9.719663647236091211e-10
3.860340741530378494e+01,nan,nan,9.719646295250305858e-10
3.863047964462213457e+01,nan,nan,9.719629448093663118e-10
3.866008973506583857e+01,nan,nan,9.719610955693430798e-10
3.869177782287987100e+01,nan,nan,9.719591089241254554e-10
3.872346591069389632e+01,nan,nan,9.719571143939149346e-10
3.875062102838058564e+01,nan,nan,9.719553989081590252e-10
3.877693035672115229e+01,nan,nan,9.719537313332067071e-10
3.880702627286982676e+01,nan,nan,9.719518170898272103e-10
3.883871436068385208e+01,nan,nan,9.719497938953438799e-10
3.887040244849788451e+01,nan,nan,9.719477628229832675e-10
3.889816436504406028e+01,nan,nan,9.719459769286513157e-10
3.892494603360977834e+01,nan,nan,9.719442483644207029e-10
3.895434889127281508e+01,nan,nan,9.719423441442312592e-10
3.898603697908684040e+01,nan,nan,9.719402843367634662e-10
3.901772506690087283e+01,nan,nan,9.719382166581619811e-10
3.904451184741102310e+01,nan,nan,9.719364626568172783e-10
3.907041403397430912e+01,nan,nan,9.719347612316081156e-10
3.910044015773319614e+01,nan,nan,9.719327823406286735e-10
3.913212824554722147e+01,nan,nan,9.719306862572217050e-10
3.916381633336125390e+01,nan,nan,9.719285823092989030e-10
3.919136243772457817e+01,nan,nan,9.719267469821284921e-10
3.921785868220003834e+01,nan,nan,9.719249759987900086e-10
3.924706287684442430e+01,nan,nan,9.719230176514722181e-10
3.927875096465844962e+01,nan,nan,9.719208851900883825e-10
3.931043905247248205e+01,nan,nan,9.719187448705693777e-10
3.933687836585961861e+01,nan,nan,9.719169530585273531e-10
3.936239710250738000e+01,nan,nan,9.719152184482047210e-10
3.939234948440535078e+01,nan,nan,9.719131759670888928e-10
3.942403757221938321e+01,nan,nan,9.719110074884167807e-10
3.945572566003340853e+01,nan,nan,9.719088311578294840e-10
3.948304582851121580e+01,nan,nan,9.719069485130843949e-10
3.950925262333588250e+01,nan,nan,9.719051371085631497e-10
3.953827983162380377e+01,nan,nan,9.719031244923506632e-10
3.956996791943783620e+01,nan,nan,9.719009198650546727e-10
3.960165600725186152e+01,nan,nan,9.718987073919753877e-10
3.962777447310131862e+01,nan,nan,9.718968778945061343e-10
3.965293737492370951e+01,nan,nan,9.718951102909335419e-10
3.968280583382725979e+01,nan,nan,9.718930057201970918e-10
3.971449392164128511e+01,nan,nan,9.718907653200856413e-10
3.974618200945531754e+01,nan,nan,9.718885170802030516e-10
3.977325783841854445e+01,nan,nan,9.718865898656691254e-10
3.979916456478127174e+01,nan,nan,9.718847405093380953e-10
3.982804258009539922e+01,nan,nan,9.718826728737034732e-10
3.985973066790942454e+01,nan,nan,9.718803965521413055e-10
3.989141875572345697e+01,nan,nan,9.718781123968147775e-10
3.991724587790920253e+01,nan,nan,9.718762449210765062e-10
3.997185120435242567e+01,nan,nan,9.718722794600966273e-10
4.000353929216645099e+01,nan,nan,9.718699675976089513e-10
4.003522737998048342e+01,nan,nan,9.718676479072406507e-10
4.006204563985989608e+01,nan,nan,9.718656785924079102e-10
4.008763964576911576e+01,nan,nan,9.718637939497246840e-10
4.011638290025197762e+01,nan,nan,9.718616713236368253e-10
4.014807098806601005e+01,nan,nan,9.718593237684271064e-10
4.017975907588003537e+01,nan,nan,9.718569683913844871e-10
4.020533434954055707e+01,nan,nan,9.718550616771983472e-10
4.025952363051165150e+01,nan,nan,9.718510048730126169e-10
4.029121171832568393e+01,nan,nan,9.718486219958513298e-10
4.032289980613970926e+01,nan,nan,9.718462313027812031e-10
4.034942959291812770e+01,nan,nan,9.718442237654866289e-10
4.037468941031271186e+01,nan,nan,9.718423072384111806e-10
4.040333318494776194e+01,nan,nan,9.718401279554857900e-10
4.043502127276178726e+01,nan,nan,9.718377096184798586e-10
4.046670936057581969e+01,nan,nan,9.718352834717255152e-10
4.049207148696740433e+01,nan,nan,9.718333360363224890e-10
4.054585274322784016e+01,nan,nan,9.718291898865038443e-10
4.057754083104187259e+01,nan,nan,9.718267364354925197e-10
4.060922891885589792e+01,nan,nan,9.718242751808427526e-10
4.063544002209836492e+01,nan,nan,9.718222334348197941e-10
4.068893205873730068e+01,nan,nan,9.718180500464326041e-10
4.072062014655132600e+01,nan,nan,9.718155613714651780e-10
4.075230823436535843e+01,nan,nan,9.718130648992606534e-10
4.077748638388094804e+01,nan,nan,9.718110757396069068e-10
4.083086804257060720e+01,nan,nan,9.718068421305829209e-10
4.086255613038463252e+01,nan,nan,9.718043185419453877e-10
4.089424421819866495e+01,nan,nan,9.718017871624696185e-10
4.092012502252848805e+01,nan,nan,9.717997139148016607e-10
4.097322369497474881e+01,nan,nan,9.717954440481160890e-10
4.100491178278878124e+01,nan,nan,9.717928854718553999e-10
4.103659987060280656e+01,nan,nan,9.717903191115323249e-10
4.106161413001821359e+01,nan,nan,9.717882877560728701e-10
4.111460606389004369e+01,nan,nan,9.717839683766113457e-10
4.114629415170407611e+01,nan,nan,9.717813750823273760e-10
4.117798223951810144e+01,nan,nan,9.717787740107932662e-10
4.120353366900784664e+01,nan,nan,9.717766709955420405e-10
4.125625734631500308e+01,nan,nan,9.717723155879925695e-10
4.128794543412903550e+01,nan,nan,9.717696875406842055e-10
4.131963352194306083e+01,nan,nan,9.717670517233629113e-10
4.136812774746140775e+01,nan,nan,9.717630029304329942e-10
4.139710670699211192e+01,nan,nan,9.717605747889934013e-10
4.142879479480614435e+01,nan,nan,9.717579122178045619e-10
4.146048288262016968e+01,nan,nan,9.717552418839043156e-10
4.148571648751643437e+01,nan,nan,9.717531099143637266e-10
4.153808164731233887e+01,nan,nan,9.717486699191277401e-10
4.156976973512636420e+01,nan,nan,9.717459728264100998e-10
4.160145782294039662e+01,nan,nan,9.717432679787414543e-10
4.164959376677903435e+01,nan,nan,9.717391443337914365e-10
4.167840897561669777e+01,nan,nan,9.717366672735304482e-10
4.171009706343073020e+01,nan,nan,9.717339358525923938e-10
4.174178515124475553e+01,nan,nan,9.717311966845832635e-10
4.179027853613655452e+01,nan,nan,9.717269898457075985e-10
4.181873871028666656e+01,nan,nan,9.717245124595316587e-10
4.185042679810069188e+01,nan,nan,9.717217467452984100e-10
4.188211488591472431e+01,nan,nan,9.717189732922880187e-10
4.192988062077672851e+01,nan,nan,9.717147780473890250e-10
4.195854707582929422e+01,nan,nan,9.717122518461486764e-10
4.199023516364332664e+01,nan,nan,9.717094520032366200e-10
4.202192325145735197e+01,nan,nan,9.717066444301025364e-10
4.206984285327516204e+01,nan,nan,9.717023840615921742e-10
4.209826142749840727e+01,nan,nan,9.716998491173672863e-10
4.212994951531243970e+01,nan,nan,9.716970152068010514e-10
4.216163760312646502e+01,nan,nan,9.716941735749260741e-10
4.220901526131336823e+01,nan,nan,9.716899105824083506e-10
4.223754961546111986e+01,nan,nan,9.716873347678108158e-10
4.226923770327515228e+01,nan,nan,9.716844669333916162e-10
4.230092579108917761e+01,nan,nan,9.716815913868555118e-10
4.234830929595148774e+01,nan,nan,9.716772771715081941e-10
4.237667532419410321e+01,nan,nan,9.716746862299781766e-10
4.240836341200812853e+01,nan,nan,9.716717845520211137e-10
4.244005149982216096e+01,nan,nan,9.716688751714973598e-10
4.248702425923946180e+01,nan,nan,9.716645482922135941e-10
4.251544221535086621e+01,nan,nan,9.716619223703578082e-10
4.254713030316489863e+01,nan,nan,9.716589869787343741e-10
4.257881839097892396e+01,nan,nan,9.716560438944282301e-10
4.262569920573221793e+01,nan,nan,9.716516756564571167e-10
4.265400334404969129e+01,nan,nan,9.716490302011168383e-10
4.268569143186371662e+01,nan,nan,9.716460611894094912e-10
4.271737951967774904e+01,nan,nan,9.716430844951958238e-10
4.276393640187813361e+01,nan,nan,9.716386971364700496e-10
4.279225134871551717e+01,nan,nan,9.716360207301846074e-10
4.282393943652954249e+01,nan,nan,9.716330182196222495e-10
4.285562752434357492e+01,nan,nan,9.716300080371946296e-10
4.290203441469259360e+01,nan,nan,9.716255858159013461e-10
4.293027027909482740e+01,nan,nan,9.716228871087275346e-10
4.296195836690885272e+01,nan,nan,9.716198512014374000e-10
4.299364645472288515e+01,nan,nan,9.716168076331048344e-10
4.303978385016661434e+01,nan,nan,9.716123625503288184e-10
4.306800654175560084e+01,nan,nan,9.716096354504251196e-10
4.309969462956962616e+01,nan,nan,9.716065662627245188e-10
4.313138271738365859e+01,nan,nan,9.716034894253210992e-10
4.317733984051712781e+01,nan,nan,9.715990135126501506e-10
4.320550425238662484e+01,nan,nan,9.715962625439560498e-10
4.323719234020065727e+01,nan,nan,9.715931601831123170e-10
4.326888042801468259e+01,nan,nan,9.715900501841388494e-10
4.331460073083783158e+01,nan,nan,9.715855495516507167e-10
4.334273954625766834e+01,nan,nan,9.715827717141060024e-10
4.337442763407170077e+01,nan,nan,9.715796362941248920e-10
4.340611572188572609e+01,nan,nan,9.715764932479794211e-10
4.345164240971162428e+01,nan,nan,9.715719642501106806e-10
4.347973484755677731e+01,nan,nan,9.715691617655921682e-10
4.351142293537080263e+01,nan,nan,9.715659933968044778e-10
4.354311102318483506e+01,nan,nan,9.715628174141892054e-10
4.358841976977365817e+01,nan,nan,9.715582630623744223e-10
4.361648111683429363e+01,nan,nan,9.715554345883936201e-10
4.364816920464832606e+01,nan,nan,9.715522333842655755e-10
4.367985729246235138e+01,nan,nan,9.715490245789279688e-10
4.372496786949861303e+01,nan,nan,9.715444434767983812e-10
4.375298949327424225e+01,nan,nan,9.715415900548774236e-10
4.378467758108826757e+01,nan,nan,9.715383561276776999e-10
4.381636566890230000e+01,nan,nan,9.715351146123310435e-10
4.386126867992103229e+01,nan,nan,9.715305082957306791e-10
4.388925741664595392e+01,nan,nan,9.715276294061313078e-10
4.392094550445997925e+01,nan,nan,9.715243628699858073e-10
4.395263359227401168e+01,nan,nan,9.715210887589712773e-10
4.399733763235039419e+01,nan,nan,9.715164569254676013e-10
4.402529036769550430e+01,nan,nan,9.715135530592426918e-10
4.405697845550952962e+01,nan,nan,9.715102540280163413e-10
4.408866654332356205e+01,nan,nan,9.715069474356014946e-10
4.413316848350721955e+01,nan,nan,9.715022909830273041e-10
4.416108823198306510e+01,nan,nan,9.714993619994949408e-10
4.419277631979709753e+01,nan,nan,9.714960305885473826e-10
4.422446440761112285e+01,nan,nan,9.714926916303799271e-10
4.426876794696029549e+01,nan,nan,9.714880107430488468e-10
4.429665387472221028e+01,nan,nan,9.714850568993511514e-10
4.432834196253624270e+01,nan,nan,9.714816932241700338e-10
4.436003005035026803e+01,nan,nan,9.714783220160194798e-10
4.440413460317245864e+01,nan,nan,9.714736173228472692e-10
4.443198811482953658e+01,nan,nan,9.714706386400024873e-10
4.446367620264356191e+01,nan,nan,9.714672428171904982e-10
4.449536429045759434e+01,nan,nan,9.714638394760373482e-10
4.453927177453353892e+01,nan,nan,9.714591113372175304e-10
4.456709290441963134e+01,nan,nan,9.714561079800655942e-10
4.459878099223366377e+01,nan,nan,9.714526801268290565e-10
4.463046908004768909e+01,nan,nan,9.714492447700713326e-10
4.467418006779528383e+01,nan,nan,9.714444936846334924e-10
4.470196962502207327e+01,nan,nan,9.714414657335711875e-10
4.473365771283609860e+01,nan,nan,9.714380059675992908e-10
4.476534580065013103e+01,nan,nan,9.714345387132866266e-10
4.480886185328839844e+01,nan,nan,9.714297650688436701e-10
4.483662019672241428e+01,nan,nan,9.714267126516383478e-10
4.486830828453643960e+01,nan,nan,9.714232210914757933e-10
4.489999637235047203e+01,nan,nan,9.714197220584341312e-10
4.494331870706110976e+01,nan,nan,9.714149262746675159e-10
4.497104648169281660e+01,nan,nan,9.714118494863485802e-10
4.500273456950684903e+01,nan,nan,9.714083262508395084e-10
4.503442265732087435e+01,nan,nan,9.714047955581255745e-10
4.507755290037298579e+01,nan,nan,9.713999780035039381e-10
4.510525061765239485e+01,nan,nan,9.713968769520170114e-10
4.513693870546642728e+01,nan,nan,9.713933221604607190e-10
4.516862679328045260e+01,nan,nan,9.713897599277303246e-10
4.521156647796086503e+01,nan,nan,9.713849209750891983e-10
4.523923475580260600e+01,nan,nan,9.713817957550871106e-10
4.527092284361663133e+01,nan,nan,9.713782095273722603e-10
4.530261093143066375e+01,nan,nan,9.713746158747328578e-10
4.534536167974145116e+01,nan,nan,9.713697558804735550e-10
4.537300109053137476e+01,nan,nan,9.713666065897480797e-10
4.540468917834540008e+01,nan,nan,9.713629890458824486e-10
4.543637726615943251e+01,nan,nan,9.713593640935750796e-10
4.547894051072313459e+01,nan,nan,9.713544834292017842e-10
4.550655167514867827e+01,nan,nan,9.713513101583294052e-10
4.553823976296271070e+01,nan,nan,9.713476614188241094e-10
4.556992785077673602e+01,nan,nan,9.713440052876818703e-10
4.561230489264142562e+01,nan,nan,9.713391043343397631e-10
4.563988839074931292e+01,nan,nan,9.713359071769320968e-10
4.567157647856333824e+01,nan,nan,9.713322273627554767e-10
4.570326456637737067e+01,nan,nan,9.713285401739135915e-10
4.574545642129908884e+01,nan,nan,9.713236193403293635e-10
4.577301282242444103e+01,nan,nan,9.713203983893914960e-10
4.580470091023846635e+01,nan,nan,9.713166876216827047e-10
4.583638899805249878e+01,nan,nan,9.713129694965406816e-10
4.587839638899390593e+01,nan,nan,9.713080292213287138e-10
4.590592622487645258e+01,nan,nan,9.713047845727827837e-10
4.593761431269048501e+01,nan,nan,9.713010429733483023e-10
4.596930240050451033e+01,nan,nan,9.712972940339589155e-10
4.601112576385101960e+01,nan,nan,9.712923347863227279e-10
4.603862951120245128e+01,nan,nan,9.712890665413014912e-10
4.607031759901648371e+01,nan,nan,9.712852942323975804e-10
4.610200568683051614e+01,nan,nan,9.712815146012011381e-10
4.614364518046095043e+01,nan,nan,9.712765368806413950e-10
4.617112326980737436e+01,nan,nan,9.712732451443767013e-10
4.620281135762139968e+01,nan,nan,9.712694422486260626e-10
4.623449944543543211e+01,nan,nan,9.712656320484535091e-10
4.627595501025315627e+01,nan,nan,9.712606363787506937e-10
4.630340782844872649e+01,nan,nan,9.712573212608013745e-10
4.633509591626275181e+01,nan,nan,9.712534879015444953e-10
4.636678400407678424e+01,nan,nan,9.712496472559828180e-10
4.640805545473717331e+01,nan,nan,9.712446341751676676e-10
4.643548333724457677e+01,nan,nan,9.712412957904675737e-10
4.646717142505860210e+01,nan,nan,9.712374320915629635e-10
4.649885951287263453e+01,nan,nan,9.712335611245957829e-10
4.653994662203483301e+01,nan,nan,9.712285311747003142e-10
4.656734986898708684e+01,nan,nan,9.712251696415385480e-10
4.659903795680111216e+01,nan,nan,9.712212757272380406e-10
4.663072604461514459e+01,nan,nan,9.712173745633318438e-10
4.667162861111859229e+01,nan,nan,9.712123282823144157e-10
4.669900749657599448e+01,nan,nan,9.712089437215978993e-10
4.673069558439001980e+01,nan,nan,9.712050197167974955e-10
4.676238367220405223e+01,nan,nan,9.712010884810604550e-10
4.680310158304419588e+01,nan,nan,9.711960263951109210e-10
4.683045636492884256e+01,nan,nan,9.711926189291482343e-10
4.686214445274287499e+01,nan,nan,9.711886649592030199e-10
4.689383254055690031e+01,nan,nan,9.711847037771045793e-10
4.693436579630212435e+01,nan,nan,9.711796263966742344e-10
4.696169672924205685e+01,nan,nan,9.711761961473686386e-10
4.699338481705608928e+01,nan,nan,9.711722123378739954e-10
4.702507290487011460e+01,nan,nan,9.711682213352039242e-10
4.706542166176022590e+01,nan,nan,9.711631291493883277e-10
4.709272898321707856e+01,nan,nan,9.711596762401932204e-10
4.712441707103111099e+01,nan,nan,9.711556627172580028e-10
4.715610515884513632e+01,nan,nan,9.711516420203085825e-10
4.719626965349541337e+01,nan,nan,9.711465355059237976e-10
4.722355361662594220e+01,nan,nan,9.711430600576917139e-10
4.725524170443996752e+01,nan,nan,9.711390169477343485e-10
4.728692979225399995e+01,nan,nan,9.711349666830838583e-10
4.732691034540533792e+01,nan,nan,9.711298463035791231e-10
4.735417119097500205e+01,nan,nan,9.711263484378679764e-10
4.738585927878903448e+01,nan,nan,9.711222758674919714e-10
4.741754736660305980e+01,nan,nan,9.711181961618481444e-10
4.745734435555251451e+01,nan,nan,9.711130623705124375e-10
4.748458230659696255e+01,nan,nan,9.711095422104848714e-10
4.751627039441098788e+01,nan,nan,9.711054403065582262e-10
4.754795848222502030e+01,nan,nan,9.711013312870173635e-10
4.758757222822849542e+01,nan,nan,9.710961845416351833e-10
4.761478751000809240e+01,nan,nan,9.710926422095716534e-10
4.764647559782212483e+01,nan,nan,9.710885110993368733e-10
4.767816368563615015e+01,nan,nan,9.710843728932353651e-10
4.771759450109022538e+01,nan,nan,9.710792136499490498e-10
4.774478729168522761e+01,nan,nan,9.710756492735362575e-10
4.777647537949925294e+01,nan,nan,9.710714890843307666e-10
4.780816346731328537e+01,nan,nan,9.710673218191584453e-10
4.784741157670874401e+01,nan,nan,9.710621505427343113e-10
4.787458202870970325e+01,nan,nan,9.710585642524260838e-10
4.790627011652372857e+01,nan,nan,9.710543751118369082e-10
4.793795820433776100e+01,nan,nan,9.710501789153267972e-10
4.797702374789751900e+01,nan,nan,9.710449960793476655e-10
4.800417197568285133e+01,nan,nan,9.710413880103096575e-10
4.803586006349688375e+01,nan,nan,9.710371700462706187e-10
4.806754815131090908e+01,nan,nan,9.710329450465087406e-10
4.810643119907969378e+01,nan,nan,9.710277511316682903e-10
4.813355727494057845e+01,nan,nan,9.710241214243199943e-10
4.816524536275460378e+01,nan,nan,9.710198747649657119e-10
4.819693345056863620e+01,nan,nan,9.710156210902078684e-10
4.823563405501587908e+01,nan,nan,9.710104165773321275e-10
4.826273798986575514e+01,nan,nan,9.710067653800079136e-10
4.829442607767978046e+01,nan,nan,9.710024901536845586e-10
4.832611416549381289e+01,nan,nan,9.709982079323703920e-10
4.836463233303869202e+01,nan,nan,9.709929933064899476e-10
4.839171410922840977e+01,nan,nan,9.709893207713869126e-10
4.842340219704244220e+01,nan,nan,9.709850171067411294e-10
4.845509028485647463e+01,nan,nan,9.709807064676969892e-10
4.849342606129146560e+01,nan,nan,9.709754822066463705e-10
4.852048560489543405e+01,nan,nan,9.709717884936930617e-10
4.855217369270946648e+01,nan,nan,9.709674565196614215e-10
4.858386178052349180e+01,nan,nan,9.709631175919179706e-10
4.862201522753136373e+01,nan,nan,9.709578841692398804e-10
4.864905242528997320e+01,nan,nan,9.709541694438087273e-10
4.868074051310400563e+01,nan,nan,9.709498092894835180e-10
4.871242860091803095e+01,nan,nan,9.709454422022505040e-10
4.875039981635296016e+01,nan,nan,9.709402000842884853e-10
4.877741450695032910e+01,nan,nan,9.709364645186199982e-10
4.880910259476435442e+01,nan,nan,9.709320763133418687e-10
4.884079068257838685e+01,nan,nan,9.709276811960984933e-10
4.887857976627373091e+01,nan,nan,9.709224308468326274e-10
4.890557174768584048e+01,nan,nan,9.709186746192654988e-10
4.893725983549987291e+01,nan,nan,9.709142584927233410e-10
4.896894792331389823e+01,nan,nan,9.709098354752687180e-10
4.900655497355025858e+01,nan,nan,9.709045773567230107e-10
4.903352398411582413e+01,nan,nan,9.709008006543838999e-10
4.906521207192984946e+01,nan,nan,9.708963567364591322e-10
4.909690015974388189e+01,nan,nan,9.708919059487993772e-10
4.913432520190016817e+01,nan,nan,9.708866405309406295e-10
4.916127093150639382e+01,nan,nan,9.708828435484121951e-10
4.919295901932042625e+01,nan,nan,9.708783719691961327e-10
4.922464710713445157e+01,nan,nan,9.708738935415398139e-10
4.926189008501738442e+01,nan,nan,9.708686213039396345e-10
4.928881215070869359e+01,nan,nan,9.708648042468877213e-10
4.932050023852272602e+01,nan,nan,9.708603051368637631e-10
4.935218832633675135e+01,nan,nan,9.708557991998293167e-10
4.938924905087103667e+01,nan,nan,9.708505206393643461e-10
4.941614700140706873e+01,nan,nan,9.708466837242784572e-10
4.944783508922110116e+01,nan,nan,9.708421572143082306e-10
4.947952317703512648e+01,nan,nan,9.708376238988815677e-10
4.951640132416871154e+01,nan,nan,9.708323395303739231e-10
4.954327462734561038e+01,nan,nan,9.708284829865183322e-10
4.957496271515964281e+01,nan,nan,9.708239292077860648e-10
4.960665080297366814e+01,nan,nan,9.708193686452550176e-10
4.964334592632214793e+01,nan,nan,9.708140790001560417e-10
4.967019396066596215e+01,nan,nan,9.708102030710413474e-10
4.970188204847998747e+01,nan,nan,9.708056221551467184e-10
4.973357013629401990e+01,nan,nan,9.708010344772176723e-10
4.977008169354103728e+01,nan,nan,9.707957401002609536e-10
4.979690374854022394e+01,nan,nan,9.707918450440837259e-10
4.982859183635424927e+01,nan,nan,9.707872371231309947e-10
4.986027992416828170e+01,nan,nan,9.707826224620773675e-10
4.989660730829011470e+01,nan,nan,9.707773239071763382e-10
4.992340258731311309e+01,nan,nan,9.707734099966046719e-10
4.995509067512713841e+01,nan,nan,9.707687752032262526e-10
4.998677876294117084e+01,nan,nan,9.707641336917668988e-10
5.002292133403836516e+01,nan,nan,9.707588315173995804e-10
5.004968896004937307e+01,nan,nan,9.707548990390013066e-10
5.008137704786339839e+01,nan,nan,9.707502375062723618e-10
5.011306513567743082e+01,nan,nan,9.707455692775953542e-10
5.014902231814090783e+01,nan,nan,9.707402640325838824e-10
5.017576132268785472e+01,nan,nan,9.707363132887237070e-10
5.020744941050188714e+01,nan,nan,9.707316251502361803e-10
5.023913749831591247e+01,nan,nan,9.707269303380856638e-10
5.027490875898160994e+01,nan,nan,9.707216225646901502e-10
5.030161810329051519e+01,nan,nan,9.707176538707443302e-10
5.033330619110454762e+01,nan,nan,9.707129392606869762e-10
5.036499427891858005e+01,nan,nan,9.707082179993859152e-10
5.040057915896288421e+01,nan,nan,9.707029082284325608e-10
5.042725772886734603e+01,nan,nan,9.706989219137455387e-10
5.045894581668137846e+01,nan,nan,9.706941809668656656e-10
5.049063390449540378e+01,nan,nan,9.706894333912649728e-10
5.052603203909667684e+01,nan,nan,9.706841221388038443e-10
5.055267864176848747e+01,nan,nan,9.706801185473506128e-10
5.058436672958251279e+01,nan,nan,9.706753513988711576e-10
5.061605481739654522e+01,nan,nan,9.706705776443480392e-10
5.065126585128727754e+01,nan,nan,9.706652654240800105e-10
5.067787923056586408e+01,nan,nan,9.706612449123946455e-10
5.070956731837989651e+01,nan,nan,9.706564516981374241e-10
5.074125540619392183e+01,nan,nan,9.706516519006723077e-10
5.077627903609459281e+01,nan,nan,9.706463392176134767e-10
5.080285784660665627e+01,nan,nan,9.706423021589984529e-10
5.083454593442068159e+01,nan,nan,9.706374830154534361e-10
5.086623402223471402e+01,nan,nan,9.706326573116742251e-10
5.090106991832774952e+01,nan,nan,9.706273446739151132e-10
5.092761273021564961e+01,nan,nan,9.706232914580093085e-10
5.095930081802967493e+01,nan,nan,9.706184465222825101e-10
5.099098890584370736e+01,nan,nan,9.706135950494393545e-10
5.102563671242977250e+01,nan,nan,9.706082829680863835e-10
5.105214199886308535e+01,nan,nan,9.706042140029348922e-10
5.108383008667711778e+01,nan,nan,9.705993434127789743e-10
5.111551817449114310e+01,nan,nan,9.705944663087792190e-10
5.114997746205197870e+01,nan,nan,9.705891553054605483e-10
5.117644359740258864e+01,nan,nan,9.705850710181514031e-10
5.120813168521661396e+01,nan,nan,9.705801749120237857e-10
5.123981977303064639e+01,nan,nan,9.705752723155208925e-10
5.127409005457398194e+01,nan,nan,9.705699629201989396e-10
5.130051531125457132e+01,nan,nan,9.705658637577680473e-10
5.133220339906860374e+01,nan,nan,9.705609422749822825e-10
5.136389148688262907e+01,nan,nan,9.705560143254482084e-10
5.139797223412108451e+01,nan,nan,9.705507070740981667e-10
5.142435477477469163e+01,nan,nan,9.705465935049683956e-10
5.145604286258872406e+01,nan,nan,9.705416467856457772e-10
5.148773095040274939e+01,nan,nan,9.705366936233906201e-10
5.152162160469518426e+01,nan,nan,9.705313890563481657e-10
5.154795949607514416e+01,nan,nan,9.705272615684901095e-10
5.157964758388916948e+01,nan,nan,9.705222897535760100e-10
5.161133567170320191e+01,nan,nan,9.705173115197306377e-10
5.164503568465133299e+01,nan,nan,9.705120101754365825e-10
5.167132690176482157e+01,nan,nan,9.705078692759760632e-10
5.170301498957885400e+01,nan,nan,9.705028725073367140e-10
5.173470307739287932e+01,nan,nan,9.704978693439387909e-10
5.176821196537932224e+01,nan,nan,9.704925717503432289e-10
5.179445439850090338e+01,nan,nan,9.704884179648122848e-10
5.182614248631492870e+01,nan,nan,9.704833963852753078e-10
5.185783057412896113e+01,nan,nan,9.704783684353760016e-10
5.189114793421850891e+01,nan,nan,9.704730751072015815e-10
5.191733940447120688e+01,nan,nan,9.704689089772223612e-10
5.194902749228523220e+01,nan,nan,9.704638627305937263e-10
5.198071558009926463e+01,nan,nan,9.704588101382124195e-10
5.201384109273746503e+01,nan,nan,9.704535215762375929e-10
5.203997936452744000e+01,nan,nan,9.704493436576802243e-10
5.207166745234146532e+01,nan,nan,9.704442728887239834e-10
5.210335554015549775e+01,nan,nan,9.704391957988648169e-10
5.213628897488828784e+01,nan,nan,9.704339124886911322e-10
5.216237175791578551e+01,nan,nan,9.704297233514964991e-10
5.219405984572981083e+01,nan,nan,9.704246282060028215e-10
5.222574793354384326e+01,nan,nan,9.704195267646894364e-10
5.225848916834312519e+01,nan,nan,9.704142491734532894e-10
5.228451412320445257e+01,nan,nan,9.704100494009003560e-10
5.231620221101848500e+01,nan,nan,9.704049300257574933e-10
5.234789029883251033e+01,nan,nan,9.703998043801533857e-10
5.238043925822178437e+01,nan,nan,9.703945329662325700e-10
5.240640399439019603e+01,nan,nan,9.703903231554094607e-10
5.243809208220422136e+01,nan,nan,9.703851796986457263e-10
5.246978017001825378e+01,nan,nan,9.703800299970499042e-10
5.250213680785630288e+01,nan,nan,9.703747652127006636e-10
5.252803888537356158e+01,nan,nan,9.703705459742796693e-10
5.255972697318759401e+01,nan,nan,9.703653785850688149e-10
5.259141506100161934e+01,nan,nan,9.703602049769577781e-10
5.262357933149989719e+01,nan,nan,9.703549472729805182e-10
5.264941624792334807e+01,nan,nan,9.703507192334738185e-10
5.268110433573737339e+01,nan,nan,9.703455280622150638e-10
5.271279242355140582e+01,nan,nan,9.703403306982798201e-10
5.274476422341694359e+01,nan,nan,9.703350805335773876e-10
5.277053340982323704e+01,nan,nan,9.703308443362390906e-10
5.280222149763726236e+01,nan,nan,9.703256295346630024e-10
5.283390958545129479e+01,nan,nan,9.703204085670049025e-10
5.286568879946313615e+01,nan,nan,9.703151664013397914e-10
5.289138761617002160e+01,nan,nan,9.703109227070231001e-10
5.292307570398405403e+01,nan,nan,9.703056844283251824e-10
5.295476379179807935e+01,nan,nan,9.703004400104697750e-10
5.298635022950222861e+01,nan,nan,9.702952063150497641e-10
5.301197596755947217e+01,nan,nan,9.702909558021629287e-10
5.304366405537349749e+01,nan,nan,9.702856942010420861e-10
5.307535214318752992e+01,nan,nan,9.702804264880764303e-10
5.310674554285971283e+01,nan,nan,9.702752017450504161e-10
5.313229542039288589e+01,nan,nan,9.702709451103270463e-10
5.316398350820691121e+01,nan,nan,9.702656603430362487e-10
5.319567159602094364e+01,nan,nan,9.702603694916045712e-10
5.322687171924373217e+01,nan,nan,9.702551541786110413e-10
5.325234290323010100e+01,nan,nan,9.702508921336932295e-10
5.328403099104412632e+01,nan,nan,9.702455843581871645e-10
5.331571907885815875e+01,nan,nan,9.702402705267187475e-10
5.334672564035547282e+01,nan,nan,9.702350651286549060e-10
5.337211524579471700e+01,nan,nan,9.702307984003525489e-10
5.340380333360874232e+01,nan,nan,9.702254677764563662e-10
5.343549142142277475e+01,nan,nan,9.702201311252261389e-10
5.346630416492749305e+01,nan,nan,9.702149361216313344e-10
5.349160927951572830e+01,nan,nan,9.702106654479642803e-10
5.352329736732976073e+01,nan,nan,9.702053121374420408e-10
5.355498545514378606e+01,nan,nan,9.701999528287052025e-10
5.358560414472088240e+01,nan,nan,9.701947686952388929e-10
5.361082183386616862e+01,nan,nan,9.701904948245014005e-10
5.364250992168019394e+01,nan,nan,9.701851189911108773e-10
5.367419800949422637e+01,nan,nan,9.701797371891823073e-10
5.370462249453981229e+01,nan,nan,9.701745643864715972e-10
5.372974982578512737e+01,nan,nan,9.701702880732157533e-10
5.376143791359915269e+01,nan,nan,9.701648898828631142e-10
5.379312600141318512e+01,nan,nan,9.701594857542224234e-10
5.382335612697652749e+01,nan,nan,9.701543247430908728e-10
5.384839016103184406e+01,nan,nan,9.701500467496357834e-10
5.388007824884586938e+01,nan,nan,9.701446263705610865e-10
5.391176633665990181e+01,nan,nan,9.701392000841051142e-10
5.394180199318673630e+01,nan,nan,9.701340513171586574e-10
5.399842787907438435e+01,nan,nan,9.701243300153154672e-10
5.403011596688840967e+01,nan,nan,9.701188817424951798e-10
5.405995705071757129e+01,nan,nan,9.701137456708471036e-10
5.411648375874236905e+01,nan,nan,9.701040023891385495e-10
5.414817184655640148e+01,nan,nan,9.700985323040514777e-10
5.417781822405671477e+01,nan,nan,9.700934093836269853e-10
5.423424279628444822e+01,nan,nan,9.700836450836894069e-10
5.426593088409848065e+01,nan,nan,9.700781533633794988e-10
5.429538238200316158e+01,nan,nan,9.700730440567855516e-10
5.435170183802372179e+01,nan,nan,9.700632597140772698e-10
5.438338992583774711e+01,nan,nan,9.700577465387443742e-10
5.441264625819469103e+01,nan,nan,9.700526513283478310e-10
5.446885756178237870e+01,nan,nan,9.700428479383114366e-10
5.450054564959641112e+01,nan,nan,9.700373134916926334e-10
5.452960645907752735e+01,nan,nan,9.700322328728164828e-10
5.458570653404047590e+01,nan,nan,9.700224114486919779e-10
5.461739462185450833e+01,nan,nan,9.700168559182857442e-10
5.464625941089007455e+01,nan,nan,9.700117904116852631e-10
5.470224510874621870e+01,nan,nan,9.700019519906349198e-10
5.473393319656024403e+01,nan,nan,9.699963755680477184e-10
5.476260136806611456e+01,nan,nan,9.699913257133265279e-10
5.481846948018871046e+01,nan,nan,9.699814713549749150e-10
5.485015756800274289e+01,nan,nan,9.699758742363343709e-10
5.487862841052456275e+01,nan,nan,9.699708405950786239e-10
5.493437566528952942e+01,nan,nan,9.699609713828805559e-10
5.496606375310355475e+01,nan,nan,9.699553537693547195e-10
5.499433645073852972e+01,nan,nan,9.699503369240042055e-10
5.504995951471874349e+01,nan,nan,9.699404539658322487e-10
5.508164760253276881e+01,nan,nan,9.699348160640799950e-10
5.510972125878242878e+01,nan,nan,9.699298166142180286e-10
5.516521674897243344e+01,nan,nan,9.699199210409908281e-10
5.519690483678646586e+01,nan,nan,9.699142630637295099e-10
5.522477846456627759e+01,nan,nan,9.699092816283285192e-10
5.528014294978136434e+01,nan,nan,9.698993745947184522e-10
5.531183103759539677e+01,nan,nan,9.698936967613267077e-10
5.533950355057037029e+01,nan,nan,9.698887339810231879e-10
5.539473354234176838e+01,nan,nan,9.698788166682375516e-10
5.542642163015579371e+01,nan,nan,9.698731192056110228e-10
5.545389188741357600e+01,nan,nan,9.698681757353380452e-10
5.550898386293062714e+01,nan,nan,9.698582493484077658e-10
5.554067195074465957e+01,nan,nan,9.698525324917614638e-10
5.556793868283864413e+01,nan,nan,9.698476090148109530e-10
5.562288904537724932e+01,nan,nan,9.698376747910437508e-10
5.565457713319127464e+01,nan,nan,9.698319387849478925e-10
5.568163892516912483e+01,nan,nan,9.698270360169133829e-10
5.573644398675396161e+01,nan,nan,9.698170952307923363e-10
5.576813207456798693e+01,nan,nan,9.698113403302662909e-10
5.579498737144373877e+01,nan,nan,9.698064590191301940e-10
5.584964335032925931e+01,nan,nan,9.697965129848941291e-10
5.588133143814328463e+01,nan,nan,9.697907394568452989e-10
5.590797844449667053e+01,nan,nan,9.697858804024865108e-10
5.596248139653719278e+01,nan,nan,9.697759304891950283e-10
5.599416948435121810e+01,nan,nan,9.697701386141424861e-10
5.602060614205377931e+01,nan,nan,9.697653026740956323e-10
5.607495193224939811e+01,nan,nan,9.697553503139815640e-10
5.610664002006343054e+01,nan,nan,9.697495403879602230e-10
5.613286399368590196e+01,nan,nan,9.697447284818232903e-10
5.618704828100781157e+01,nan,nan,9.697347751766078093e-10
5.621873636882184400e+01,nan,nan,9.697289475134768772e-10
5.624474494507492039e+01,nan,nan,9.697241606435150422e-10
5.629876309721863237e+01,nan,nan,9.697142079844781664e-10
5.633045118503266480e+01,nan,nan,9.697083629187707829e-10
5.635624124738340157e+01,nan,nan,9.697036021772464728e-10
5.641008830933077434e+01,nan,nan,9.696936518565029845e-10
5.644177639714480677e+01,nan,nan,9.696877897469890947e-10
5.646734440033861091e+01,nan,nan,9.696830563239804984e-10
5.652101506552143206e+01,nan,nan,9.696731101464930882e-10
5.655270315333546449e+01,nan,nan,9.696672313804158482e-10
5.657804502333655705e+01,nan,nan,9.696625265859144262e-10
5.663153354170757581e+01,nan,nan,9.696525864944629667e-10
5.666322162952160824e+01,nan,nan,9.696466914927781059e-10
5.668833271460369616e+01,nan,nan,9.696420167702088572e-10
5.674163284058700185e+01,nan,nan,9.696320848649087640e-10
5.677332092840103428e+01,nan,nan,9.696261740889245702e-10
5.681961274229658443e+01,nan,nan,9.696175312797124792e-10
5.685130083011061686e+01,nan,nan,9.696116096016524208e-10
5.688298891792464218e+01,nan,nan,9.696056835616278693e-10
5.692883584004205488e+01,nan,nan,9.695971020259904660e-10
5.696052392785608731e+01,nan,nan,9.695911654996173774e-10
5.699221201567011263e+01,nan,nan,9.695852247658167796e-10
5.703759865441053023e+01,nan,nan,9.695767086663723721e-10
5.706928674222456266e+01,nan,nan,9.695707579122088179e-10
5.710097483003858798e+01,nan,nan,9.695648031292227991e-10
5.714588362447459247e+01,nan,nan,9.695563571456720839e-10
5.717757171228862489e+01,nan,nan,9.695503928713415064e-10
5.720925980010265022e+01,nan,nan,9.695444247775226483e-10
5.725367049660658836e+01,nan,nan,9.695360542324806657e-10
5.728535858442062079e+01,nan,nan,9.695300772568951799e-10
5.731704667223464611e+01,nan,nan,9.695240967110716117e-10
5.736093545143515371e+01,nan,nan,9.695158077717316907e-10
5.739262353924918614e+01,nan,nan,9.695098190586650710e-10
5.742431162706321146e+01,nan,nan,9.695038270775424748e-10
5.746765020551692515e+01,nan,nan,9.694956269761996893e-10
5.749933829333095048e+01,nan,nan,9.694896276819025736e-10
5.753102638114498291e+01,nan,nan,9.694836254936011747e-10
5.757378037256958692e+01,nan,nan,9.694755229097704956e-10
5.760546846038361934e+01,nan,nan,9.694695144532776352e-10
5.763715654819765177e+01,nan,nan,9.694635035776146302e-10
5.767928549551164963e+01,nan,nan,9.694555087376220234e-10
5.771097358332567495e+01,nan,nan,9.694494929082377868e-10
5.774266167113970738e+01,nan,nan,9.694434752806524408e-10
5.778416825148467950e+01,nan,nan,9.694355907677540080e-10
5.781585633929871193e+01,nan,nan,9.694295698932368104e-10
5.784754442711273725e+01,nan,nan,9.694235480621162536e-10
5.788834497769670406e+01,nan,nan,9.694157936593242044e-10
5.792003306551073649e+01,nan,nan,9.694097708937060700e-10
5.795172115332476181e+01,nan,nan,9.764757454234214419e-10
5.799175177083609611e+01,1.515757355722393913e+04,1.515757355722393913e+04,1.072226141783293348e-09
5.802268971231433170e+01,1.514243118252758177e+04,1.514243118252758177e+04,1.160725837987938229e-09
5.805437780012835702e+01,1.512811225105479207e+04,1.512811225105479207e+04,1.268208916747334809e-09
5.809567889367433935e+01,1.511356639533898124e+04,1.511356639533898124e+04,1.440830906866276291e-09
5.812286670634355801e+01,1.510003724465745654e+04,1.510003724465745654e+04,1.579454927675912199e-09
5.816660161523902417e+01,1.508009414533474774e+04,1.508009414533474774e+04,1.855978831036395057e-09
5.820208741880111347e+01,1.507243121474178770e+04,1.507243121474178770e+04,2.131319638797427958e-09
5.823393185566809649e+01,1.507031274651483909e+04,1.507031274651483909e+04,2.401558970473794879e-09
5.826675475274470273e+01,1.506832323100143549e+04,1.506832323100143549e+04,3.016421115302666540e-09
5.829399352857328154e+01,1.506738677486486267e+04,1.506738677486486267e+04,3.614507075082472864e-09
5.832158758206990257e+01,1.506727548020796712e+04,1.506727548020796712e+04,3.989269332593673957e-09
5.835265274310830108e+01,1.506761920758693122e+04,1.506761920758693122e+04,4.111208779645713846e-09
5.838268887730920653e+01,1.506786663588055126e+04,1.506786663588055126e+04,4.061764577860494838e-09
5.841281129990763077e+01,1.506773440438019497e+04,1.506773440438019497e+04,3.904766049442180758e-09
5.843800980595731431e+01,1.506619765652635942e+04,1.506619765652635942e+04,3.695124873859740891e-09
5.846359732576721058e+01,1.505626604079633944e+04,1.505626604079633944e+04,3.651846671281264938e-09
5.848983852342863798e+01,1.504083413526940785e+04,1.504083413526940785e+04,3.473396437043321774e-09
5.851832839993450364e+01,1.503925484122119269e+04,1.517679180642740175e+04,3.326596789242112349e-09
5.854664329257797561e+01,1.503838447486388759e+04,1.520260575445319773e+04,3.248801637984378039e-09
5.857646586343976480e+01,1.503802200141505455e+04,1.522445793172864433e+04,3.053990877290935009e-09
5.860811806973269711e+01,1.503798657081286365e+04,1.524536873838372412e+04,2.975004785268329821e-09
5.864017140647013093e+01,1.503832597678331513e+04,1.526554153211763514e+04,2.876512665279718784e-09
5.866593715457305080e+01,1.503883237274878411e+04,1.528108190787923195e+04,2.748502992546309307e-09
5.869122639389915008e+01,1.503936619379124386e+04,1.529644056395484040e+04,2.706478152364545592e-09
5.871885099253784546e+01,1.503990344196882143e+04,1.531287140660430487e+04,2.596488394697540148e-09
5.874553833216884158e+01,1.504036154511731911e+04,1.532910283493538009e+04,2.547204010335983321e-09
5.877478233130802465e+01,1.504079598282262123e+04,1.534684527378980056e+04,2.453056294501594671e-09
5.880304571099673439e+01,1.504117259779282540e+04,1.536444919525406112e+04,2.398370783977627865e-09
5.883402595557973314e+01,1.504146893651446953e+04,1.538408752451680812e+04,2.316821610584553448e-09
5.886401285266179428e+01,1.504159422410952357e+04,1.540359278540783998e+04,2.259195302894859966e-09
5.889685158453858094e+01,1.504222222238796712e+04,1.542568608825387491e+04,2.186900035649656297e-09
5.892869298146986523e+01,1.501244014303243785e+04,1.544783724853831882e+04,2.128833883602961239e-09
5.896351756208731132e+01,1.501107408498713994e+04,1.547296075907176055e+04,2.062626006922812176e-09
5.899732975317591155e+01,1.501022327522516207e+04,1.549834660284470192e+04,2.054948054505346761e-09
5.903427818140321648e+01,1.500976985900673753e+04,1.552728503362676565e+04,2.139016408286953883e-09
5.907017677716040538e+01,1.500959206897581680e+04,1.555665444808991197e+04,2.224273725674763238e-09
5.909605321575568837e+01,1.500961087400179713e+04,1.557860007705422322e+04,2.287815747870015253e-09
5.912225411676730857e+01,1.500976251867714382e+04,1.560152128265334068e+04,2.353841151051459640e-09
5.914753180138306021e+01,1.501002078382321997e+04,1.562429206567848087e+04,2.418725200054086136e-09
5.917499302215657053e+01,1.501042390148271443e+04,1.564981350878394369e+04,2.490653915103798804e-09
5.920281037409299785e+01,1.501091810783010078e+04,1.567648023097821351e+04,2.564422557326217615e-09
5.922978369864029702e+01,1.501141419511222921e+04,1.570312299585508481e+04,2.636619697485463425e-09
5.925896715402969051e+01,1.501195049111184562e+04,1.573273432808012330e+04,2.714423261647471912e-09
5.928855258454722588e+01,1.501249939115725647e+04,1.576363627697011543e+04,2.793019350510267596e-09
5.931748783216438881e+01,1.579467839557877960e+04,1.579467839557877960e+04,2.867808790411328001e-09
5.934858699560796680e+01,1.582879425500070101e+04,1.582879425500070101e+04,2.945771405055403943e-09
5.938008329454854106e+01,1.586425213447278475e+04,1.586425213447278475e+04,3.020766514842301726e-09
5.941140307138029186e+01,1.590031408277911032e+04,1.590031408277911032e+04,3.090141225115167756e-09
5.944631324875471989e+01,1.594143216422529258e+04,1.594143216422529258e+04,3.158600956762056466e-09
5.947202174276711162e+01,1.597210741841929485e+04,1.597210741841929485e+04,3.203351211209005446e-09
5.951262768715622542e+01,1.602107687720174908e+04,1.602107687720174908e+04,3.261699966801276532e-09
5.954391673879698743e+01,1.605948222303849434e+04,1.605948222303849434e+04,3.293121170679011822e-09
5.957176123198001250e+01,1.609375209201625330e+04,1.609375209201625330e+04,3.312292574227731295e-09
5.960946205428460587e+01,1.614013543722227951e+04,1.614013543722227951e+04,3.323574698195049903e-09
5.964216829012222121e+01,1.618066695645981599e+04,1.618066695645981599e+04,3.320831972480586739e-09
5.967245453780098075e+01,1.621795399340186304e+04,1.621795399340186304e+04,3.306193322517890262e-09
5.970118930191332396e+01,1.498218961563270932e+04,1.625311207300927526e+04,3.284603650891771358e-09
5.973691868296765506e+01,1.498186702659461662e+04,1.629657536810663441e+04,3.247842502952255785e-09
5.976196502677148459e+01,1.498174113325358121e+04,1.632673104698864154e+04,3.210449302972769245e-09
5.979839829809246510e+01,1.498165459542403551e+04,1.637006268339399867e+04,3.149428651033959154e-09
5.982919652543814237e+01,1.498166770537746197e+04,1.640612245741915467e+04,3.091860258111248910e-09
5.986369297309460080e+01,1.498178879881007742e+04,1.644602476493349604e+04,3.021051349865985203e-09
5.989979942888184183e+01,1.498203193155616464e+04,1.648716177808944485e+04,2.941892189800203722e-09
5.993273842762624781e+01,1.652357968502625954e+04,1.652357968502625954e+04,2.864399342692887425e-09
5.995855384023823831e+01,1.655185940316510823e+04,1.655185940316510823e+04,2.802935979082284595e-09
5.999364609365240142e+01,1.658954345833413754e+04,1.658954345833413754e+04,2.718510942902915504e-09
6.003380734663421947e+01,1.663202909311668191e+04,1.663202909311668191e+04,2.619046970781533802e-09
6.007149080214136205e+01,1.667053679803622799e+04,1.667053679803622799e+04,2.526467682290018370e-09
6.010094611739366854e+01,1.670020692042059090e+04,1.670020692042059090e+04,2.455375911735680144e-09
6.014504181383006198e+01,1.674340627564479655e+04,1.674340627564479655e+04,2.351552799442721674e-09
6.018634884948935593e+01,1.678323378708188829e+04,1.678323378708188829e+04,2.255627959468229993e-09
6.021339129647822119e+01,1.680837998440607771e+04,1.680837998440607771e+04,2.195001736762564250e-09
6.024103771553806297e+01,1.683370023470278102e+04,1.683370023470278102e+04,2.135908114357857104e-09
6.028317857778123567e+01,1.687198863176117447e+04,1.687198863176117447e+04,2.046364620425449034e-09
6.031146860510413887e+01,1.689677966473728884e+04,1.689677966473728884e+04,1.989376172180925077e-09
6.033854667622326673e+01,1.692034587516716419e+04,1.692034587516716419e+04,1.936694776084809872e-09
6.037506020619935043e+01,1.695149303204100215e+04,1.695149303204100215e+04,1.868391105747901408e-09
6.042940161318492898e+01,1.699700988842716470e+04,1.699700988842716470e+04,1.772323186532744746e-09
6.047096580192426529e+01,1.703077632028715016e+04,1.703077632028715016e+04,1.703742487984623530e-09
6.050187764751284902e+01,1.705575251698417560e+04,1.705575251698417560e+04,1.655196616820268374e-09
6.053336062893748704e+01,1.708059186744066028e+04,1.708059186744066028e+04,1.607796236285186020e-09
6.056935551323500988e+01,1.710859870834121102e+04,1.710859870834121102e+04,1.556210837751198212e-09
6.062419637172678932e+01,1.715078502765177109e+04,1.715078502765177109e+04,1.482577818479232032e-09
6.066456178057008231e+01,1.718129262819844007e+04,1.718129262819844007e+04,1.431885176788634163e-09
6.069624986838411473e+01,1.720523543844431697e+04,1.720523543844431697e+04,1.394224775550449657e-09
6.072441704753333624e+01,1.722620031739323167e+04,1.722620031739323167e+04,1.362211627867062488e-09
6.077803445674516070e+01,1.726619365971460866e+04,1.726619365971460866e+04,1.304698616260961556e-09
6.082160554639524719e+01,1.729859358115429495e+04,1.729859358115429495e+04,1.261045742218148454e-09
6.085329363420927962e+01,1.732215481146095044e+04,1.732215481146095044e+04,1.231089595699336841e-09
6.088108026025972208e+01,1.734310049919508674e+04,1.734310049919508674e+04,1.205852954966783072e-09
6.093392448293028707e+01,1.738308807862242611e+04,1.738308807862242611e+04,1.160582599919706136e-09
6.097916938295807654e+01,1.741860458783581271e+04,1.741860458783581271e+04,1.124344047832971996e-09
6.101085747077210897e+01,1.744369353934583705e+04,1.744369353934583705e+04,1.100379496776035361e-09
6.103710021372185679e+01,1.746596426768594392e+04,1.746596426768594392e+04,1.081262483698659042e-09
6.109026889651541836e+01,1.751424373595315774e+04,1.751424373595315774e+04,1.044619345970544801e-09
6.113623280768464241e+01,1.756307520489719172e+04,1.756307520489719172e+04,1.014975304035651559e-09
6.116792089549867484e+01,nan,nan,9.956314499261410957e-10
6.119381271006665202e+01,nan,nan,9.803807498638610752e-10
6.124694026732667140e+01,nan,nan,9.687668211498776818e-10
6.127211822572590449e+01,nan,nan,9.687616261872973872e-10
6.132501527392211926e+01,nan,nan,9.687506942700220883e-10
6.135076838044400205e+01,nan,nan,9.687453634170121788e-10
6.140387928412499008e+01,nan,nan,9.687343518772361125e-10
6.142925360736533946e+01,nan,nan,9.687290826491065648e-10
6.148224619744648578e+01,nan,nan,9.687180609543867039e-10
6.150796541528813322e+01,nan,nan,9.687127033674550552e-10
6.156108750815236874e+01,nan,nan,9.687016203019161199e-10
6.158661558714629791e+01,nan,nan,9.686962861016516193e-10
6.163968510381304355e+01,nan,nan,9.686851801302556408e-10
6.166543099558062835e+01,nan,nan,9.686797840742775498e-10
6.171858526986911642e+01,nan,nan,9.686686267792716001e-10
6.174424763151193218e+01,nan,nan,9.686632321189965975e-10
6.179738759800255110e+01,nan,nan,9.686520446943777228e-10
6.182319835467362878e+01,nan,nan,9.686466028311701050e-10
6.187639987681411924e+01,nan,nan,9.686353696065334776e-10
6.190218999244599729e+01,nan,nan,9.686299162656327915e-10
6.195539967860489838e+01,nan,nan,9.686186488517540870e-10
6.198130116126100830e+01,nan,nan,9.686131562384139925e-10
6.203456089772470960e+01,nan,nan,9.686018460458276032e-10
6.206047940021284148e+01,nan,nan,9.685963342444015868e-10
6.211376079344391599e+01,nan,nan,9.685849875952534838e-10
6.213977181097946101e+01,nan,nan,9.685794406405465047e-10
6.219309804170788425e+01,nan,nan,9.685680528503249024e-10
6.221914935282975989e+01,nan,nan,9.685624819422090125e-10
6.227250561167511478e+01,nan,nan,9.685510564290946900e-10
6.229864071320991314e+01,nan,nan,9.685454523346049142e-10
6.235203991322573813e+01,nan,nan,9.685339865637250115e-10
6.237823031597800139e+01,nan,nan,9.685283554431156675e-10
6.243166496138631771e+01,nan,nan,9.685168512499618366e-10
6.245793599061322965e+01,nan,nan,9.685111877083185763e-10
6.251141335382952491e+01,nan,nan,9.684996437329004248e-10
6.253774982376319258e+01,nan,nan,9.684939510820693392e-10
6.259126628467208064e+01,nan,nan,9.684823683063532381e-10
6.261768320088589235e+01,nan,nan,9.684766433388072920e-10
6.267124293114113698e+01,nan,nan,9.684650210469087462e-10
6.269773250238567641e+01,nan,nan,9.684592654784852278e-10
6.275133388532466228e+01,nan,nan,9.684476042011659181e-10
6.277790520599880608e+01,nan,nan,9.684418160792572218e-10
6.283155068453764613e+01,nan,nan,9.684301154526939567e-10
6.285820003405271450e+01,nan,nan,9.684242956040375331e-10
6.291188898901992133e+01,nan,nan,9.684125559239035410e-10
6.293862206033488604e+01,nan,nan,9.684067031179001044e-10
6.299235595583637348e+01,nan,nan,9.683949242160583113e-10
6.301917122483918376e+01,nan,nan,9.683890387939359944e-10
6.307294990717290517e+01,nan,nan,9.683772208499207824e-10
6.309985106208703343e+01,nan,nan,9.683713020061016216e-10
6.315367541911611227e+01,nan,nan,9.683594449626278381e-10
6.318066210808072469e+01,nan,nan,9.683534927736762911e-10
6.323453217395751835e+01,nan,nan,9.683415967544332872e-10
6.326160688555778222e+01,nan,nan,9.683356106670805025e-10
6.331552319921265592e+01,nan,nan,9.683236756777156468e-10
6.334268614876423698e+01,nan,nan,9.683176556363635067e-10
6.339664879147213838e+01,nan,nan,9.683056817784614028e-10
6.342390173237374995e+01,nan,nan,9.682996273836712136e-10
6.347791101392265745e+01,nan,nan,9.682876147027638116e-10
6.350525440604643990e+01,nan,nan,9.682815258384535957e-10
6.355931038647072029e+01,nan,nan,9.682694744304280857e-10
6.358674550541354620e+01,nan,nan,9.682633507957907182e-10
6.364084833075493464e+01,nan,nan,9.682512607321789913e-10
6.366837569073303627e+01,nan,nan,9.682451021928830291e-10
6.372252536467379969e+01,nan,nan,9.682329735724595493e-10
6.375014590159521077e+01,nan,nan,9.682267798972831958e-10
6.380434244583972969e+01,nan,nan,9.682146128107365301e-10
6.383205661351291837e+01,nan,nan,9.682083838739671504e-10
6.388629995363261571e+01,nan,nan,9.681961784300560396e-10
6.391410840268300575e+01,nan,nan,9.681899140596876293e-10
6.396839844945196774e+01,nan,nan,9.681776703669956589e-10
6.399630152355649670e+01,nan,nan,9.681713704580035771e-10
6.405063811702616761e+01,nan,nan,9.681590886377261485e-10
6.407863619744259154e+01,nan,nan,9.681527530747950072e-10
6.413301914471702503e+01,nan,nan,9.681404332523324944e-10
6.416111242974237427e+01,nan,nan,9.681340619598538498e-10
6.421554148329964562e+01,nan,nan,9.681217042702072987e-10
6.424373011148311718e+01,nan,nan,9.681152971848085692e-10
6.429820498049777200e+01,nan,nan,9.681029017703874620e-10
6.432648894724609079e+01,nan,nan,9.680964588602257096e-10
6.438100929233185354e+01,nan,nan,9.680840258724429759e-10
6.440938853312657386e+01,nan,nan,9.680775471185271676e-10
6.446395397663759752e+01,nan,nan,9.680650767155174066e-10
6.449242826646778326e+01,nan,nan,9.680585621348566507e-10
6.454703838511053959e+01,nan,nan,9.680460544833602420e-10
6.457560745655004553e+01,nan,nan,9.680395041022241403e-10
6.463026179060139498e+01,nan,nan,9.680269593755496911e-10
6.465892523853550244e+01,nan,nan,9.680203732514543863e-10
6.471362329369328847e+01,nan,nan,9.680077916293782290e-10
6.474238064942454685e+01,nan,nan,9.680011698344106504e-10
6.479712189768092401e+01,nan,nan,9.679885515031793241e-10
6.482597258867355094e+01,nan,nan,9.679818941335114188e-10
6.488075647404923529e+01,nan,nan,9.679692392847948724e-10
6.490969985397816799e+01,nan,nan,9.679625464539896463e-10
6.496452579415992545e+01,nan,nan,9.679498552846885052e-10
6.499356114286821651e+01,nan,nan,9.679431271238561533e-10
6.504842852947878384e+01,nan,nan,9.679303998361004789e-10
6.507755503391236118e+01,nan,nan,9.679236364985221183e-10
6.513246323960562734e+01,nan,nan,9.679108732981504292e-10
6.516168003327834413e+01,nan,nan,9.679040749502701019e-10
6.521662840643944037e+01,nan,nan,9.678912760481352858e-10
6.524593452972617058e+01,nan,nan,9.678844428788984146e-10
6.530092240148358940e+01,nan,nan,9.678716084893508855e-10
6.533031684810505624e+01,nan,nan,9.678647406996546189e-10
6.538534352985757891e+01,nan,nan,9.678518710413461302e-10
6.541482518163556392e+01,nan,nan,9.678449688593959507e-10
6.546988996599066013e+01,nan,nan,9.678320641551648234e-10
6.549945767555099962e+01,nan,nan,9.678251278173397920e-10
6.555455983425527222e+01,nan,nan,9.678121882948710052e-10
6.558421233679108298e+01,nan,nan,9.678052180665594069e-10
6.563935112064463340e+01,nan,nan,9.677922439584383645e-10
6.566908711690435041e+01,nan,nan,9.677852401147151830e-10
6.572426175949551919e+01,nan,nan,9.677722316576904889e-10
6.575407981968885451e+01,nan,nan,9.677651945060702498e-10
6.580928953372504964e+01,nan,nan,9.677521519419375504e-10
6.583918821309336522e+01,nan,nan,9.677450817953102125e-10
6.589443218967318217e+01,nan,nan,9.677320053711990216e-10
6.592440988803301138e+01,nan,nan,9.677249025811157250e-10
6.597968730128783932e+01,nan,nan,9.677117925485197612e-10
6.600974243892768811e+01,nan,nan,9.677046574637957460e-10
6.606505244114805464e+01,nan,nan,9.676915140798130835e-10
6.609518326422423229e+01,nan,nan,9.676843470927993460e-10
6.615052499763977778e+01,nan,nan,9.676711706174798530e-10
6.618072979025811264e+01,nan,nan,9.676639721138110968e-10
6.623610237574281712e+01,nan,nan,9.676507628128896470e-10
6.626637926958161984e+01,nan,nan,9.676435332169862473e-10
6.632178181647284987e+01,nan,nan,9.676302913596096276e-10
6.635212895593595306e+01,nan,nan,9.676230310953851048e-10
6.640756056383695238e+01,nan,nan,9.676097569537596365e-10
6.643797600101761702e+01,nan,nan,9.676024664697390292e-10
6.649343576035212777e+01,nan,nan,9.675891603190244818e-10
6.652391752907458056e+01,nan,nan,9.675818400707756513e-10
6.657940452444724144e+01,nan,nan,9.675685021883306473e-10
6.660995060081880581e+01,nan,nan,9.675611526479923639e-10
6.666546390852779780e+01,nan,nan,9.675477833140067583e-10
6.669607225273061601e+01,nan,nan,9.675404049603215889e-10
6.675161094826724195e+01,nan,nan,9.675270044560491976e-10
6.678227946903705003e+01,nan,nan,9.675195977829732149e-10
6.683784262381058738e+01,nan,nan,9.675061663916113148e-10
6.686856920317536890e+01,nan,nan,9.674987319024138179e-10
6.692415588814604632e+01,nan,nan,9.674852699082426719e-10
6.695493839937959990e+01,nan,nan,9.674778081112433113e-10
6.701054768061517564e+01,nan,nan,9.674643158007128773e-10
6.704138392017664216e+01,nan,nan,9.674568272257994175e-10
6.709701486540130588e+01,nan,nan,9.674433048860187094e-10
6.712790267379688203e+01,nan,nan,9.674357900553681440e-10
6.718355434133127346e+01,nan,nan,9.674222379768005999e-10
6.721449144377470475e+01,nan,nan,9.674146974436553108e-10
6.727016289615245626e+01,nan,nan,9.674011159168040736e-10
6.730114708223088371e+01,nan,nan,9.673935502217751879e-10
6.735683737017792794e+01,nan,nan,9.673799395411113857e-10
6.738786629702998709e+01,nan,nan,9.673723492602268025e-10
6.744357447782400072e+01,nan,nan,9.673587097197761268e-10
6.747464586355319227e+01,nan,nan,9.673510954173142650e-10
6.753037097737291106e+01,nan,nan,9.673374273164368949e-10
6.756148245244125405e+01,nan,nan,9.673297895812839694e-10
6.761722354522065359e+01,nan,nan,9.673160932191301871e-10
6.764837272933711176e+01,nan,nan,9.673084326460412592e-10
6.770412884041371626e+01,nan,nan,9.672947083246037462e-10
6.773531335422543975e+01,nan,nan,9.672870255113084187e-10
6.779108351383072772e+01,nan,nan,9.672732735360701451e-10
6.782230092340417116e+01,nan,nan,9.672655690970138934e-10
6.787808416837499692e+01,nan,nan,9.672517897730957310e-10
6.790933204582577787e+01,nan,nan,9.672440643245010214e-10
6.796512740502006977e+01,nan,nan,9.672302579602794179e-10
6.799640330365674856e+01,nan,nan,9.672225121262955884e-10
6.805220980962984356e+01,nan,nan,9.672086790305268746e-10
6.808351128401722008e+01,nan,nan,9.672009134382461649e-10
6.813932797125426077e+01,nan,nan,9.671870539205082684e-10
6.817065255768525844e+01,nan,nan,9.671792692048385344e-10
6.822647846417197570e+01,nan,nan,9.671653835751159422e-10
6.825782374265118335e+01,nan,nan,9.671575803633618024e-10
6.831365790847864616e+01,nan,nan,9.671436689324258571e-10
6.834502140397511027e+01,nan,nan,9.671358478687980540e-10
6.840086287948830090e+01,nan,nan,9.671219109461694010e-10
6.843224221049239020e+01,nan,nan,9.671140726547883214e-10
6.848809004615669949e+01,nan,nan,9.671001105512558808e-10
6.851948275141529621e+01,nan,nan,9.670922556793208707e-10
6.857533601356993813e+01,nan,nan,9.670782687030104548e-10
6.860673974593990465e+01,nan,nan,9.670703978723572281e-10
6.866259749808779134e+01,nan,nan,9.670563863333664407e-10
6.869400982109404197e+01,nan,nan,9.670485001912793364e-10
6.874987114564947888e+01,nan,nan,9.670344643963000721e-10
6.878128972775168393e+01,nan,nan,9.670265635668680440e-10
6.883715370312100390e+01,nan,nan,9.670125038248530887e-10
6.886857616789973235e+01,nan,nan,9.670045889464769695e-10
6.892444188575117892e+01,nan,nan,9.669905055643442450e-10
6.895586590738285793e+01,nan,nan,9.669825772656912265e-10
6.901173245991340366e+01,nan,nan,9.669684705514741074e-10
6.904315569092563010e+01,nan,nan,9.669605294696924641e-10
6.909902217982531170e+01,nan,nan,9.669463997303103197e-10
6.913044232078486573e+01,nan,nan,9.669384464933740659e-10
6.918630784877818485e+01,nan,nan,9.669242940367279220e-10
6.921772257696038366e+01,nan,nan,9.669163292813975913e-10
6.927358625342677101e+01,nan,nan,9.669021544149641301e-10
6.930499328542454407e+01,nan,nan,9.668941787709865918e-10
6.936085422011045409e+01,nan,nan,9.668799818034026162e-10
6.939225127986453856e+01,nan,nan,9.668719959014782719e-10
6.944810858853736590e+01,nan,nan,9.668577771411138191e-10
6.947949341729989214e+01,nan,nan,9.668497816103747360e-10
6.953534621806450389e+01,nan,nan,9.668355413662336706e-10
6.956671654598493149e+01,nan,nan,9.668275368414568032e-10
6.962256396743234177e+01,nan,nan,9.668132754211088649e-10
6.965391760332656190e+01,nan,nan,9.668052625197744076e-10
6.970975876799406024e+01,nan,nan,9.667909802335519130e-10
6.974109348302278022e+01,nan,nan,9.667829595854383746e-10
6.979692753290545681e+01,nan,nan,9.667686567399244439e-10
6.982824115901104278e+01,nan,nan,9.667606289619656659e-10
6.988406723579360857e+01,nan,nan,9.667463058650224476e-10
6.991535762959267686e+01,nan,nan,9.667382715704103131e-10
6.997117488477987024e+01,nan,nan,9.667239285285338667e-10
7.000243994766238131e+01,nan,nan,9.667158883215430453e-10
7.005824753949977435e+01,nan,nan,9.667015256407192666e-10
7.008948518509311043e+01,nan,nan,9.666934801249469668e-10
7.014528228619613515e+01,nan,nan,9.666790981085666793e-10
7.017649048488448216e+01,nan,nan,9.666710478754410420e-10
7.023227627648401494e+01,nan,nan,9.666566468258110492e-10
7.026345303456487557e+01,nan,nan,9.666485924598578065e-10
7.031922670802460118e+01,nan,nan,9.666341726777587635e-10
7.035037006344342103e+01,nan,nan,9.666261147576277704e-10
7.040613082278532886e+01,nan,nan,9.666116765416710510e-10
7.043723885622341641e+01,nan,nan,9.666036156372010345e-10
7.049298591493955257e+01,nan,nan,9.665891592845787776e-10
7.052405675279395325e+01,nan,nan,9.665810959559296241e-10
7.057978933507629904e+01,nan,nan,9.665666217621084698e-10
7.061082114073856530e+01,nan,nan,9.665585565619317475e-10
7.066653848013422134e+01,nan,nan,9.665440648209588939e-10
7.069752943279193858e+01,nan,nan,9.665359982998624145e-10
7.075323077524797100e+01,nan,nan,9.665214893035624254e-10
7.078417911943016350e+01,nan,nan,9.665134219971576296e-10
7.083986371396056825e+01,nan,nan,9.664988960375155419e-10
7.087076770662427805e+01,nan,nan,9.664908284800719768e-10
7.092643481342031464e+01,nan,nan,9.664762858471452896e-10
7.095729276587100287e+01,nan,nan,9.664682185606333605e-10
7.101294165066474307e+01,nan,nan,9.664536595439505911e-10
7.104375186648030649e+01,nan,nan,9.664455930541808891e-10
7.109938180601493229e+01,nan,nan,9.664310179413157202e-10
7.113014265855265705e+01,nan,nan,9.664229527575951359e-10
7.118575292923917175e+01,nan,nan,9.664083618371198640e-10
7.121646280328728551e+01,nan,nan,9.664002984674975596e-10
7.127205269135195920e+01,nan,nan,9.663856920262984802e-10
7.130271001742067938e+01,nan,nan,9.663776309684536684e-10
7.135827881379587723e+01,nan,nan,9.663630092930386419e-10
7.138888203782451569e+01,nan,nan,9.663549510422091117e-10
7.144442904239906511e+01,nan,nan,9.663403144176028637e-10
7.147497665205878548e+01,nan,nan,9.663322594595922026e-10
7.153050117075622438e+01,nan,nan,9.663176081700361186e-10
7.156099169573690233e+01,nan,nan,9.663095569810735050e-10
7.161649304131719873e+01,nan,nan,9.662948913098442713e-10
7.164692504765585568e+01,nan,nan,9.662868443579896479e-10
7.170240253974415623e+01,nan,nan,9.662721645873105362e-10
7.173277462959147499e+01,nan,nan,9.662641223324655704e-10
7.178822759990934799e+01,nan,nan,9.662494287421326974e-10
7.181853841719238574e+01,nan,nan,9.662413916344219884e-10
7.187396620526831725e+01,nan,nan,9.662266845029274210e-10
7.190421442491258119e+01,nan,nan,9.662186529855545477e-10
7.195961638033956831e+01,nan,nan,9.662039325894313821e-10
7.198980076548164675e+01,nan,nan,9.661959070833400796e-10
7.204517624686083366e+01,nan,nan,9.661811736974161792e-10
7.207529553355988128e+01,nan,nan,9.661731546318827866e-10
7.213064391525908547e+01,nan,nan,9.661584085274760806e-10
7.216069694412585989e+01,nan,nan,9.661503963050190917e-10
7.221601760687008209e+01,nan,nan,9.661356377523984375e-10
7.224600324067878887e+01,nan,nan,9.661276327706077972e-10
7.230129557457360079e+01,nan,nan,9.661128620381492563e-10
7.233121270850075746e+01,nan,nan,9.661048646869337103e-10
7.238647611735643750e+01,nan,nan,9.660900820399649767e-10
7.241632370706236088e+01,nan,nan,9.660820926939304294e-10
7.247155760182114648e+01,nan,nan,9.660672983964523994e-10
7.250133462020504282e+01,nan,nan,9.660593174264042739e-10
7.255653842318561431e+01,nan,nan,9.660445117399433331e-10
7.258624389934624332e+01,nan,nan,9.660365395024055723e-10
7.264141703974297570e+01,nan,nan,9.660217226871693737e-10
7.267105002327990348e+01,nan,nan,9.660137595338895729e-10
7.272619193838775686e+01,nan,nan,9.659989318484043178e-10
7.275575152772184140e+01,nan,nan,9.659909781187031314e-10
7.281086166155544959e+01,nan,nan,9.659761398201942798e-10
7.284034696825088417e+01,nan,nan,9.659681958504471853e-10
7.289542477069171866e+01,nan,nan,9.659533471950797515e-10
7.292483497425787675e+01,nan,nan,9.659454133039529101e-10
7.297987990108038048e+01,nan,nan,9.659305545467055249e-10
7.300921416046976731e+01,nan,nan,9.659226310589632799e-10
7.306422567399741297e+01,nan,nan,9.659077624535553981e-10
7.309348322771445794e+01,nan,nan,9.658998496729264763e-10
7.314846079650580180e+01,nan,nan,9.658849714717917007e-10
7.317764086589359351e+01,nan,nan,9.658770697071256973e-10
7.323258396240409240e+01,nan,nan,9.658621821620602878e-10
7.326168585590670546e+01,nan,nan,9.658542916990598029e-10
7.331659395843527705e+01,nan,nan,9.658393950606810803e-10
7.334561697242102696e+01,nan,nan,9.658315161886372304e-10
7.340048956573119199e+01,nan,nan,9.658166107062018035e-10
7.342943304269360283e+01,nan,nan,9.658087437022378781e-10
7.348426962078882241e+01,nan,nan,9.657938296228523063e-10
7.351313293138369431e+01,nan,nan,9.657859747567280333e-10
7.356793299131567210e+01,nan,nan,9.657710523270344143e-10
7.359671555532149512e+01,nan,nan,9.657632098553767883e-10
7.365147860437487282e+01,nan,nan,9.657482793195284401e-10
7.368017988167547117e+01,nan,nan,9.657404494882510194e-10
7.373490543415162790e+01,nan,nan,9.657255110888285827e-10
7.376352487944791392e+01,nan,nan,9.657176941453849292e-10
7.381821246058051145e+01,nan,nan,9.657027481222856710e-10
7.384674962887372374e+01,nan,nan,9.656949442868605103e-10
7.390139877265607993e+01,nan,nan,9.656799908778337161e-10
7.392985318631775726e+01,nan,nan,9.656722003796011593e-10
7.398446343435816175e+01,nan,nan,9.656572398206122998e-10
7.401283471469601238e+01,nan,nan,9.656494628616833831e-10
7.406740562177461129e+01,nan,nan,9.656344953852980098e-10
7.409569337093790864e+01,nan,nan,9.656267321730287146e-10
7.415022449736726173e+01,nan,nan,9.656117580105306627e-10
7.417842840325758402e+01,nan,nan,9.656040087286737856e-10
7.423291932204085697e+01,nan,nan,9.655890281080677396e-10
7.426103905473419786e+01,nan,nan,9.655812929451939903e-10
7.431548934580388277e+01,nan,nan,9.655663060927748522e-10
7.434352465487401673e+01,nan,nan,9.655585852154428374e-10
7.439793390838605092e+01,nan,nan,9.655435923548589450e-10
7.442588452835752832e+01,nan,nan,9.655358859336295847e-10
7.448025234038809117e+01,nan,nan,9.655208872870628912e-10
7.450811808076588250e+01,nan,nan,9.655131954716234094e-10
7.456244405878730674e+01,nan,nan,9.654981912582604405e-10
7.459022470443760255e+01,nan,nan,9.654905142048880024e-10
7.464450845699280990e+01,nan,nan,9.654755046437395075e-10
7.467220385342568534e+01,nan,nan,9.654678424916982411e-10
7.472644500028194159e+01,nan,nan,9.654528277988347565e-10
7.475405499250075536e+01,nan,nan,9.654451806872632649e-10
7.480825315536161213e+01,nan,nan,9.654301610782956211e-10
7.483577764497941587e+01,nan,nan,9.654225291303679218e-10
7.488993245642278396e+01,nan,nan,9.654075048180122308e-10
7.491737132603353189e+01,nan,nan,9.653998881618581872e-10
7.497148241871106222e+01,nan,nan,9.653848593589329244e-10
7.499883561122851461e+01,nan,nan,9.653772581055703076e-10
7.505290262985309369e+01,nan,nan,9.653622250215959796e-10
7.508017006188120490e+01,nan,nan,9.653546392890324437e-10
7.513419264804296915e+01,nan,nan,9.653396021345068709e-10
7.516137431920908796e+01,nan,nan,9.653320320172713756e-10
7.521535213331146963e+01,nan,nan,9.653169909975047150e-10
7.524244798706173754e+01,nan,nan,9.653094366053620596e-10
7.529638068116308602e+01,nan,nan,9.652943919280626718e-10
7.532339075724159727e+01,nan,nan,9.652868533435551416e-10
7.537727800437653514e+01,nan,nan,9.652718052106336783e-10
7.540420231616317892e+01,nan,nan,9.652642825231962480e-10
7.545804378843214977e+01,nan,nan,9.652492311368601117e-10
7.548488240676101668e+01,nan,nan,9.652417244194286048e-10
7.553867779226648338e+01,nan,nan,9.652266699774529577e-10
7.556543077088373650e+01,nan,nan,9.652191793072806665e-10
7.561917975741717157e+01,nan,nan,9.652041220075527538e-10
7.564584721784817134e+01,nan,nan,9.651966474424089384e-10
7.569954951461414794e+01,nan,nan,9.651815874768181185e-10
7.572613156975538118e+01,nan,nan,9.651741290764004037e-10
7.577978688784796191e+01,nan,nan,9.651590666363314550e-10
7.580628368640560666e+01,nan,nan,9.651516244497265995e-10
7.585989175104718640e+01,nan,nan,9.651365597225793577e-10
7.588630346557026485e+01,nan,nan,9.651291337916586237e-10
7.593986401334822745e+01,nan,nan,9.651140669616522083e-10
7.596619083384659632e+01,nan,nan,9.651066573228067865e-10
7.601970361071808213e+01,nan,nan,9.650915885714589519e-10
7.604594575129661393e+01,nan,nan,9.650841952537189526e-10
7.609941051689729363e+01,nan,nan,9.650691247587114030e-10
7.612556821398403883e+01,nan,nan,9.650617477842396833e-10
7.617898473765193046e+01,nan,nan,9.650466757204448110e-10
7.620505824262492922e+01,nan,nan,9.650393151065610852e-10
7.625842630526842925e+01,nan,nan,9.650242416455580694e-10
7.628441589707554726e+01,nan,nan,9.650168974011975426e-10
7.633773529066124297e+01,nan,nan,9.650018227113966338e-10
7.636364126269870667e+01,nan,nan,9.649944948407857853e-10
7.641691179085546537e+01,nan,nan,9.649794190872366057e-10
7.644273444527938466e+01,nan,nan,9.649721075914782741e-10
7.649595592100662600e+01,nan,nan,9.649570309365117104e-10
7.652169557904379360e+01,nan,nan,9.649497358106674205e-10
7.657486782379503154e+01,nan,nan,9.649346584141903063e-10
7.660052483511472587e+01,nan,nan,9.649273796446107509e-10
7.665364768852474242e+01,nan,nan,9.649123016612818726e-10
7.667922239245478977e+01,nan,nan,9.649050392366011765e-10
7.673229569565498309e+01,nan,nan,9.648899608205797032e-10
7.675778846019407808e+01,nan,nan,9.648827147206367865e-10
7.681081206766843650e+01,nan,nan,9.648676360222464578e-10
7.683622327658066808e+01,nan,nan,9.648604062217254579e-10
7.688919705756687506e+01,nan,nan,9.648453273869934303e-10
7.691452709796129739e+01,nan,nan,9.648381138589896775e-10
7.696745092675725175e+01,nan,nan,9.648230350324529418e-10
7.699270020336196296e+01,nan,nan,9.648158377443463617e-10
7.704557396852901263e+01,nan,nan,9.648007590664380588e-10
7.707074288756962233e+01,nan,nan,9.647935779845274521e-10
7.712356648313976848e+01,nan,nan,9.647784995940170561e-10
7.714865548501087744e+01,nan,nan,9.647713346741938438e-10
7.720142882464557488e+01,nan,nan,9.647562567041914655e-10
7.722643833896661647e+01,nan,nan,9.647491079047463060e-10
7.727916133925501185e+01,nan,nan,9.647340304874939304e-10
7.732507629638362801e+01,nan,nan,9.647208923834198003e-10
7.735676438419764622e+01,nan,nan,9.647118210305767898e-10
7.740255029149525967e+01,nan,nan,9.646987079603300120e-10
7.743423837930929210e+01,nan,nan,9.646896284014892975e-10
7.747989561513747958e+01,nan,nan,9.646765403948564392e-10
7.751158370295151201e+01,nan,nan,9.646674526794848690e-10
7.755711274956706802e+01,nan,nan,9.646543897356743181e-10
7.758880083738108624e+01,nan,nan,9.646452939133371748e-10
7.763420207292709563e+01,nan,nan,9.646322560606463667e-10
7.766589016074112806e+01,nan,nan,9.646231521810309422e-10
7.771116408984509860e+01,nan,nan,9.646101394107103739e-10
7.774285217765913103e+01,nan,nan,9.646010275236400312e-10
7.778799923023389340e+01,nan,nan,9.645880398476188878e-10
7.781968731804791162e+01,nan,nan,9.645789200030470641e-10
7.786470801237044270e+01,nan,nan,9.645659574071317536e-10
7.789639610018446092e+01,nan,nan,9.645568296551917979e-10
7.794129089219637763e+01,nan,nan,9.645438921423752665e-10
7.797297898001041006e+01,nan,nan,9.645347565333510746e-10
7.801774840081061768e+01,nan,nan,9.645218440842988026e-10
7.804943648862465011e+01,nan,nan,9.645127006686992635e-10
7.809408101463458252e+01,nan,nan,9.644998132791109458e-10
7.812576910244861494e+01,nan,nan,9.644906621076054215e-10
7.817028927432603780e+01,nan,nan,9.644777997539967801e-10
7.820197736214007023e+01,nan,nan,9.644686408775207780e-10
7.824637368007449822e+01,nan,nan,9.644558035474534980e-10
7.827806176788853065e+01,nan,nan,9.644466370171747564e-10
7.832233477764569329e+01,nan,nan,9.644338246843866805e-10
7.835402286545971151e+01,nan,nan,9.644246505517264686e-10
7.839817310663312355e+01,nan,nan,9.644118631911399623e-10
7.842986119444715598e+01,nan,nan,9.644026815078022383e-10
7.847388919571042720e+01,nan,nan,9.643899190969399090e-10
7.850557728352445963e+01,nan,nan,9.643807299149365490e-10
7.854948361812833468e+01,nan,nan,9.643679924178580197e-10
7.858117170594235290e+01,nan,nan,9.643587957895464546e-10
7.862495690937882387e+01,nan,nan,9.643460831806963937e-10
7.865664499719284208e+01,nan,nan,9.643368791587754731e-10
7.870030965635092457e+01,nan,nan,9.643241913972458703e-10
7.873199774416495700e+01,nan,nan,9.643149800347703383e-10
7.877554237706971207e+01,nan,nan,9.643023170991736116e-10
7.880723046488374450e+01,nan,nan,9.642930984496632946e-10
7.885065570505015842e+01,nan,nan,9.642804602846209429e-10
7.888234379286417663e+01,nan,nan,9.642712344019817539e-10
7.892565013256681539e+01,nan,nan,9.642586209928344822e-10
7.895733822038083360e+01,nan,nan,9.642493879314651270e-10
7.900052628904907692e+01,nan,nan,9.642367992232935194e-10
7.903221437686310935e+01,nan,nan,9.642275590380885985e-10
7.907528467257324678e+01,nan,nan,9.642149950139337982e-10
7.910697276038727921e+01,nan,nan,9.642057477602939399e-10
7.914992588394295581e+01,nan,nan,9.641932083730103742e-10
7.918161397175697402e+01,nan,nan,9.641839541069377740e-10
7.922445043823871913e+01,nan,nan,9.641714393341837081e-10
7.925613852605275156e+01,nan,nan,9.641621781122624830e-10
7.929885887101744402e+01,nan,nan,9.641496879255847649e-10
7.933054695883147645e+01,nan,nan,9.641404198050345134e-10
7.937315173143937841e+01,nan,nan,9.641279541719131579e-10
7.940483981925341084e+01,nan,nan,9.641186792106208064e-10
7.944732944126576513e+01,nan,nan,9.641062381357573012e-10
7.947901752907978334e+01,nan,nan,9.640969563923135001e-10
7.952139252467735275e+01,nan,nan,9.640845398504740802e-10
7.955308061249138518e+01,nan,nan,9.640752513842358626e-10
7.959534153414546154e+01,nan,nan,9.640628593419035832e-10
7.962702962195947975e+01,nan,nan,9.640535642129490771e-10
7.966917702437181958e+01,nan,nan,9.640411966360455446e-10
7.970086511218583780e+01,nan,nan,9.640318949053114913e-10
7.974289949387906518e+01,nan,nan,9.640195517762692506e-10
7.977458758169309760e+01,nan,nan,9.640102435054751111e-10
7.981650944460803032e+01,nan,nan,9.639979248059137953e-10
7.984819753242206275e+01,nan,nan,9.639886100576541878e-10
7.989000732938151828e+01,nan,nan,9.639763157838117796e-10
7.992169541719555070e+01,nan,nan,9.639669946215326977e-10
7.996339362047943666e+01,nan,nan,9.639547247640860444e-10
7.999508170829346909e+01,nan,nan,9.639453972521218740e-10
8.003666871519669712e+01,nan,nan,9.639331518240231764e-10
8.006835680301072955e+01,nan,nan,9.639238180275487186e-10
8.010983303373251374e+01,nan,nan,9.639115970351910489e-10
8.014152112154654617e+01,nan,nan,9.639022570202351690e-10
8.018288694330530575e+01,nan,nan,9.638900604857679424e-10
8.021457503111932397e+01,nan,nan,9.638807143191143079e-10
8.025648131287604770e+01,nan,nan,9.638683503056320624e-10
8.028816940069008012e+01,nan,nan,9.638589980008478829e-10
8.033006981863218243e+01,nan,nan,9.638466276408914571e-10
8.036175790644621486e+01,nan,nan,9.638372692583660873e-10
8.040278523491363671e+01,nan,nan,9.638251488794147792e-10
8.043447332272765493e+01,nan,nan,9.638157845511695534e-10
8.047600090358929492e+01,nan,nan,9.638035086070264456e-10
8.050768899140332735e+01,nan,nan,9.637941383523071684e-10
8.054861115178982800e+01,nan,nan,9.637820337933848396e-10
8.058029923960386043e+01,nan,nan,9.637726577212540340e-10
8.062153222448672807e+01,nan,nan,9.637604536748242431e-10
8.065322031230074629e+01,nan,nan,9.637510718198528888e-10
8.069396578279418009e+01,nan,nan,9.637390046938631815e-10
8.072565387060821251e+01,nan,nan,9.637296171530640548e-10
8.076660282438810157e+01,nan,nan,9.637174824425595042e-10
8.079829091220211978e+01,nan,nan,9.637080892563955923e-10
8.083885017354509728e+01,nan,nan,9.636960628550353049e-10
8.087053826135912971e+01,nan,nan,9.636866641076128849e-10
8.091184409563162205e+01,nan,nan,9.636744090835490654e-10
8.094353218344565448e+01,nan,nan,9.636650047681561869e-10
8.098471213485281339e+01,nan,nan,9.636527798935830629e-10
8.101640022266683161e+01,nan,nan,9.636433700660362195e-10
8.105739967931648948e+01,nan,nan,9.636311916779605200e-10
8.108908776713052191e+01,nan,nan,9.636217763920154913e-10
8.112989711380348012e+01,nan,nan,9.636096474757963604e-10
8.116158520161749834e+01,nan,nan,9.720044572553826420e-10
8.120221411354768293e+01,nan,nan,1.006554527797361255e-09
8.123313325791548323e+01,nan,nan,1.032778594396841892e-09
8.127461196235958596e+01,nan,nan,1.066325767400030873e-09
8.130301196812601461e+01,nan,nan,1.090277085846043457e-09
8.132827534909685596e+01,1.606084249938201719e+04,1.606084249938201719e+04,1.112864710413627233e-09
8.137452701643219655e+01,1.605848762975745194e+04,1.605848762975745194e+04,1.158001825238842917e-09
8.140058936882284968e+01,1.605781670582079641e+04,1.605781670582079641e+04,1.180564658410413616e-09
8.144553420291946111e+01,1.605755220507944614e+04,1.605755220507944614e+04,1.215764935886133267e-09
8.147327548828080523e+01,1.605857593589727549e+04,1.605857593589727549e+04,1.240990315348439834e-09
8.151621242869887851e+01,1.603387931936101086e+04,1.603387931936101086e+04,1.279320231215132533e-09
8.154597135568630506e+01,1.603144820723892735e+04,1.603144820723892735e+04,1.304110053420982412e-09
8.158758497874192983e+01,1.602972414827073590e+04,1.602972414827073590e+04,1.338622546390688037e-09
8.161833709068444875e+01,1.602936362455069320e+04,1.602936362455069320e+04,1.362281200868721565e-09
8.165633051655680674e+01,1.602963711907575998e+04,1.602963711907575998e+04,1.382494551880936182e-09
8.169127885426729563e+01,1.603061598938919087e+04,1.603061598938919087e+04,1.412382278330437739e-09
8.172309004745864058e+01,nan,nan,1.436776211066866480e-09
8.176339858208943667e+01,1.600154235615069047e+04,1.600154235615069047e+04,1.468721187954535785e-09
8.179721048211820289e+01,1.599913822377191354e+04,1.599913822377191354e+04,1.488938694629758825e-09
8.183341279423031267e+01,1.599803457148491725e+04,1.599803457148491725e+04,1.504806216400331878e-09
8.186779498084503359e+01,1.599792306994099454e+04,1.599792306994099454e+04,1.517709786442609087e-09
8.190098333261023811e+01,1.599828473164324532e+04,1.599828473164324532e+04,1.538332391778586691e-09
8.193824459209395172e+01,1.599889228921707945e+04,1.599889228921707945e+04,1.567659906678662792e-09
8.197505422671729036e+01,nan,nan,1.588943298209568508e-09
8.200900717929403072e+01,1.597045451595123268e+04,1.597045451595123268e+04,1.604142514650202834e-09
8.204230978749706082e+01,1.596811722453075163e+04,1.596811722453075163e+04,1.617348255387889583e-09
8.207748914077197355e+01,1.596711050143934881e+04,1.596711050143934881e+04,1.627231482606246915e-09
8.211254224943006363e+01,1.596708958763236842e+04,1.596708958763236842e+04,1.634021087296501828e-09
8.214765797850100171e+01,1.596756655041558406e+04,1.596756655041558406e+04,1.642512083747287106e-09
8.218216002583025670e+01,1.596805624641859868e+04,1.596805624641859868e+04,1.661792353012432178e-09
8.221633392095725412e+01,1.596833972663006352e+04,1.596833972663006352e+04,1.678081467902780743e-09
8.225034095544167201e+01,1.594078999612106236e+04,1.594078999612106236e+04,1.692258976988648268e-09
8.228429324799814992e+01,1.593790154255034031e+04,1.593790154255034031e+04,1.704821853512414314e-09
8.231815127110331787e+01,1.593662045063816913e+04,1.593662045063816913e+04,1.715956249589683448e-09
8.235152330336218540e+01,1.593639580182849932e+04,1.593639580182849932e+04,1.725737662429238584e-09
8.238457932485395929e+01,1.593678750828256852e+04,1.593678750828256852e+04,1.734720645340621666e-09
8.241739483184538528e+01,1.593736087311043229e+04,1.593736087311043229e+04,1.743179418199335829e-09
8.245001393789377175e+01,1.593769287784144035e+04,1.593769287784144035e+04,1.751268920603634679e-09
8.248246402229453622e+01,1.593682029518525815e+04,1.593682029518525815e+04,1.759072643358009986e-09
8.251476392039458574e+01,1.590947757444397212e+04,1.590947757444397212e+04,1.766623805176832954e-09
8.254692932168188690e+01,1.590707498295759797e+04,1.590707498295759797e+04,1.773916085177706773e-09
8.257897684595114640e+01,1.590601810052707333e+04,1.590601810052707333e+04,1.780911419928818134e-09
8.261092729094318088e+01,1.590587455367590155e+04,1.590587455367590155e+04,1.787549262296966314e-09
8.264280803939348630e+01,1.590629526168050143e+04,1.590629526168050143e+04,1.793759858509716888e-09
8.267465432713925111e+01,1.590689741593341023e+04,1.590689741593341023e+04,1.799482159982855214e-09
8.270623678141726032e+01,1.590727995486961481e+04,1.590727995486961481e+04,1.804326500894792323e-09
8.273751935243161881e+01,1.590674312152415587e+04,1.590674312152415587e+04,1.807880224928484689e-09
8.276851725553935069e+01,1.588010456492820231e+04,1.588010456492820231e+04,1.809677360346407448e-09
8.279927229143399359e+01,1.587723646230735903e+04,1.587723646230735903e+04,1.809249150589015948e-09
8.282986193142372144e+01,1.587580939949672029e+04,1.587580939949672029e+04,1.806262315353181099e-09
8.286039958099368619e+01,1.587533540470981279e+04,1.587533540470981279e+04,1.813434757458956910e-09
8.289102755537271605e+01,1.587553151092182634e+04,1.587553151092182634e+04,1.826937823084155640e-09
8.292178589510008635e+01,1.587608644845613708e+04,1.587608644845613708e+04,1.838885097745601064e-09
8.295216030571337740e+01,1.587664662603429497e+04,1.587664662603429497e+04,1.849855547693213393e-09
8.298228409296294217e+01,1.587681953224537756e+04,1.587681953224537756e+04,1.858779625442670824e-09
8.301234446783475107e+01,1.587505085050374328e+04,1.587505085050374328e+04,1.864855429879938685e-09
8.304258410134282542e+01,1.584900964371222472e+04,1.584900964371222472e+04,1.867910744522706782e-09
8.307252805271529894e+01,1.584647192101089240e+04,1.584647192101089240e+04,1.867067312519755986e-09
8.310208770009103318e+01,1.584521516406401497e+04,1.584521516406401497e+04,1.860902206173887219e-09
8.313146996329344063e+01,1.584480981360824444e+04,1.584480981360824444e+04,1.860523666094856871e-09
8.316099294437036349e+01,1.584501368198770069e+04,1.584501368198770069e+04,1.878563380836131468e-09
8.319064248998397204e+01,1.584555251904412580e+04,1.584555251904412580e+04,1.892630423215674265e-09
8.321990740634767292e+01,1.584610502215685301e+04,1.584610502215685301e+04,1.902680921111246691e-09
8.324915548596145243e+01,1.584631184405066597e+04,1.584631184405066597e+04,1.907275189669695130e-09
8.327842820608044860e+01,1.584512750193099237e+04,1.584512750193099237e+04,1.905917799377722874e-09
8.330727300751827613e+01,1.581973435218222585e+04,1.581973435218222585e+04,1.896697777170461946e-09
8.333590628644442688e+01,1.581699400207805229e+04,1.581699400207805229e+04,1.901527337077155122e-09
8.336481008415729832e+01,1.581545838291065775e+04,1.581545838291065775e+04,1.921024443148700617e-09
8.339357744928557281e+01,1.581469802723300745e+04,1.581469802723300745e+04,1.934500087148169600e-09
8.342214977948493981e+01,1.581445843673322088e+04,1.581445843673322088e+04,1.940592404755711311e-09
8.345083818291709576e+01,1.581445318127898645e+04,1.581445318127898645e+04,1.938454275686747450e-09
8.347907129454242181e+01,1.581419365668815044e+04,1.581419365668815044e+04,1.925859260272020224e-09
8.350710967792369388e+01,1.581252110521787836e+04,1.581252110521787836e+04,1.938848977808692870e-09
8.353559685100280774e+01,1.579824150010975063e+04,1.579824150010975063e+04,1.958285358414533693e-09
8.356367213023477802e+01,1.579113750404020539e+04,1.579113750404020539e+04,1.969561266805567484e-09
8.359183003613055973e+01,1.578898341044303743e+04,1.578898341044303743e+04,1.970657885193245402e-09
8.361963469524062020e+01,1.578788596055735252e+04,1.578788596055735252e+04,1.959673095746684307e-09
8.364714213751841498e+01,1.578751260367504983e+04,1.578751260367504983e+04,1.963649007028360134e-09
8.367497658960208184e+01,1.578767735555597574e+04,1.578767735555597574e+04,1.986488979982708449e-09
8.370258524971856673e+01,1.578815251191573225e+04,1.578815251191573225e+04,1.998770800855523504e-09
8.373027359511310408e+01,1.578867013728923121e+04,1.578867013728923121e+04,1.998686397467813142e-09
8.375754210740410599e+01,1.578891025178227756e+04,1.578891025178227756e+04,1.983798440587442778e-09
8.378457287749820637e+01,1.578821791903225494e+04,1.578821791903225494e+04,1.998609217049540875e-09
8.381215737458822446e+01,1.577744707875006861e+04,1.577744707875006861e+04,2.019824692296318486e-09
8.383923743991627475e+01,1.576083877744205893e+04,1.576083877744205893e+04,2.028339007947759092e-09
8.386637064417698184e+01,1.575860975351551679e+04,1.575860975351551679e+04,2.021529580882550364e-09
8.389304623422322038e+01,1.575742642953455652e+04,1.575742642953455652e+04,2.010427272399910374e-09
8.391978891153230791e+01,1.575693755334816524e+04,1.575693755334816524e+04,2.040017079041208306e-09
8.394657110389911736e+01,1.575698831273258656e+04,1.575698831273258656e+04,2.054534475585237022e-09
8.397339893833141389e+01,1.575738931671373575e+04,1.575738931671373575e+04,2.052424670783008497e-09
8.399974311945247507e+01,1.575787938473835675e+04,1.575787938473835675e+04,2.030360649742566305e-09
8.402596049225928709e+01,1.575819619691471235e+04,1.575819619691471235e+04,2.062671120370279437e-09
8.405245280343314107e+01,1.575786140533159232e+04,1.575786140533159232e+04,2.080653765039585935e-09
8.407879845387270734e+01,1.575473425665688592e+04,1.575473425665688592e+04,2.080146961264195640e-09
8.410476050451043761e+01,1.573192160039534065e+04,1.573192160039534065e+04,2.057636454188019624e-09
8.413056980870133827e+01,1.572903596650801774e+04,1.572903596650801774e+04,2.089602466955555906e-09
8.415667313963410834e+01,1.572737770114005252e+04,1.572737770114005252e+04,2.108023621475501535e-09
8.418266080484957570e+01,1.572652415842565097e+04,1.572652415842565097e+04,2.105790959302724546e-09
8.420821317053183463e+01,1.572626313099695835e+04,1.572626313099695835e+04,2.083829775827404944e-09
8.423368948415748036e+01,1.572644150448560868e+04,1.572644150448560868e+04,2.120743280563312055e-09
8.425931398510552128e+01,1.572686611529729089e+04,1.572686611529729089e+04,2.136184488936272516e-09
8.428496262980932840e+01,1.572729613523078297e+04,1.572729613523078297e+04,2.128297086394211189e-09
8.431009256323123680e+01,1.572744047370005501e+04,1.572744047370005501e+04,2.122275072200419126e-09
8.433538192154917112e+01,1.572668069168196052e+04,1.572668069168196052e+04,2.154636352390595388e-09
8.436053297993798594e+01,1.572160393947301054e+04,1.572160393947301054e+04,2.163101198781540702e-09
8.439795223181690176e+01,1.569940386454166401e+04,1.569940386454166401e+04,2.176761440962017300e-09
8.442300155867191336e+01,1.569734938199316821e+04,1.569734938199316821e+04,2.165799987093648664e-09
8.446022576682588578e+01,1.569586855627899604e+04,1.569586855627899604e+04,2.184989123057642661e-09
8.449708978355192812e+01,1.569562246224217597e+04,1.569562246224217597e+04,2.201819000098758587e-09
8.453365974464482235e+01,1.569611435179330147e+04,1.569611435179330147e+04,2.217012402317437392e-09
8.457003667239224853e+01,1.569662978724791537e+04,1.569662978724791537e+04,2.231113474298097993e-09
8.460629426117347407e+01,1.569603089957024167e+04,1.569603089957024167e+04,2.244398752625277951e-09
8.464249684400729734e+01,1.568460905351219844e+04,1.568460905351219844e+04,2.256976583988376912e-09
8.467841515486489357e+01,1.566827690603571136e+04,1.566827690603571136e+04,2.268928547436212725e-09
8.471396989163706337e+01,1.566587602752459497e+04,1.566587602752459497e+04,2.280626058723736041e-09
8.474923602438950354e+01,1.566496114626349663e+04,1.566496114626349663e+04,2.292332646968065935e-09
8.478425224295595797e+01,1.566502207144014756e+04,1.566502207144014756e+04,2.304205991575705832e-09
8.481904075941147880e+01,1.566555143987346128e+04,1.566555143987346128e+04,2.316352576562013709e-09
8.485361352620793696e+01,1.566581751008663741e+04,1.566581751008663741e+04,2.328851095778728813e-09
8.488797571242797346e+01,1.566425190499792370e+04,1.566425190499792370e+04,2.341763169662684684e-09
8.492212788548644653e+01,1.564172364877388100e+04,1.564172364877388100e+04,2.355137591237388178e-09
8.495606759286368970e+01,1.563709516027695463e+04,1.563709516027695463e+04,2.369010650127044263e-09
8.498979071819900355e+01,1.563500917615654180e+04,1.563500917615654180e+04,2.383403804876264278e-09
8.502329282357003137e+01,1.563421273925232344e+04,1.563421273925232344e+04,2.398319521229194917e-09
8.505657058754722755e+01,1.563429117769271943e+04,1.563429117769271943e+04,2.413736290549087244e-09
8.508962335592262605e+01,1.563476704931653512e+04,1.563476704931653512e+04,2.429604225614263566e-09
8.512245472154926063e+01,1.563494185318731797e+04,1.563494185318731797e+04,2.445843220173050916e-09
8.515507394029280874e+01,1.563331133265126300e+04,1.563331133265126300e+04,2.462345890618044925e-09
8.518749689774041656e+01,1.561236721493922596e+04,1.561236721493922596e+04,2.478987144381405322e-09
8.521974629270482637e+01,1.560717194601344454e+04,1.560717194601344454e+04,2.495640688562021623e-09
8.525185075128622714e+01,1.560505672452359977e+04,1.560505672452359977e+04,2.512200309200716886e-09
8.528383292936757698e+01,1.560405508064955575e+04,1.560405508064955575e+04,2.528595904400823857e-09
8.531561084515263360e+01,1.560373292689949085e+04,1.560373292689949085e+04,2.544691444151866441e-09
8.534709373920335906e+01,1.560358335222497044e+04,1.560358335222497044e+04,2.560164494092974376e-09
8.537824231125883045e+01,1.560232448216365083e+04,1.560232448216365083e+04,2.574541563023760802e-09
8.540909962721163140e+01,1.559377969486690381e+04,1.559377969486690381e+04,2.587407528744922807e-09
8.543973506565673404e+01,1.558094668297891440e+04,1.558094668297891440e+04,2.598515622780092173e-09
8.547023976853454030e+01,1.557816079852657094e+04,1.557816079852657094e+04,2.607933671540900294e-09
8.550071483465387701e+01,1.557685522564194980e+04,1.557685522564194980e+04,2.616122420501543061e-09
8.553087865298037684e+01,1.557646546739864425e+04,1.557646546739864425e+04,2.621303375897147143e-09
8.556064315281832933e+01,1.557669494460937130e+04,1.557669494460937130e+04,2.627295238275926172e-09
8.559013101241460220e+01,1.557703100348555381e+04,1.557703100348555381e+04,2.660979760635612007e-09
8.561949259393641398e+01,1.557677660448663482e+04,1.557677660448663482e+04,2.692786172071121559e-09
8.564880835139902615e+01,1.557378856144754900e+04,1.557378856144754900e+04,2.722165945473083979e-09
8.567787804051887690e+01,1.555331727274175319e+04,1.555331727274175319e+04,2.749501666106061186e-09
8.570664823324882775e+01,1.554892000566155002e+04,1.554892000566155002e+04,2.774110658821722258e-09
8.573532121588114308e+01,1.554683305988481334e+04,1.554683305988481334e+04,2.795142882544186226e-09
8.576384501071572686e+01,1.554587286476237387e+04,1.554587286476237387e+04,2.812301736142021138e-09
8.579194133624672247e+01,1.554567275857482491e+04,1.554567275857482491e+04,2.824116634048252157e-09
8.581982913135799151e+01,1.554593986984081494e+04,1.554593986984081494e+04,2.830029877823874627e-09
8.584778584551300185e+01,1.554614761672950772e+04,1.554614761672950772e+04,2.831460884498014459e-09
8.587524987449714331e+01,1.554553952247343659e+04,1.554553952247343659e+04,2.837327591295610078e-09
8.590241565529174750e+01,1.554133107641459901e+04,1.554133107641459901e+04,2.881956926083689832e-09
8.592959970175870410e+01,1.552191177860662356e+04,1.552191177860662356e+04,2.920463774078654003e-09
8.595658344558273711e+01,1.551792251143335307e+04,1.551792251143335307e+04,2.953272948489722664e-09
8.598333087666402719e+01,1.551599049785918760e+04,1.551599049785918760e+04,2.979307364255922367e-09
8.600995047165670826e+01,1.551507057813563915e+04,1.551507057813563915e+04,2.997580038198863097e-09
8.603617213622965210e+01,1.551484336061288923e+04,1.551484336061288923e+04,3.006154279816208372e-09
8.606230111036079222e+01,1.551505713464652035e+04,1.551505713464652035e+04,3.005002746745254716e-09
8.608823130873037144e+01,1.551522519864306923e+04,1.551522519864306923e+04,3.003117980366263543e-09
8.611376882450650783e+01,1.551469313808017250e+04,1.551469313808017250e+04,3.056969544300794962e-09
8.613931326034652614e+01,1.551128905523349204e+04,1.551128905523349204e+04,3.100931414707916486e-09
8.616465181488369751e+01,1.549237413479942916e+04,1.549237413479942916e+04,3.134916391558608052e-09
8.618986104000079251e+01,1.548775675900265924e+04,1.548775675900265924e+04,3.157487763034728355e-09
8.622293886369648419e+01,1.548510552640966125e+04,1.548510552640966125e+04,3.190396932748530343e-09
8.625572590480142310e+01,1.548409963964589042e+04,1.548409963964589042e+04,3.214375093694712288e-09
8.628815139815635860e+01,1.548408976945393260e+04,1.548408976945393260e+04,3.230494091633461575e-09
8.632037986064312918e+01,1.548429234138867650e+04,1.548429234138867650e+04,3.238871172321357945e-09
8.635232940016477698e+01,1.548325020961465088e+04,1.548325020961465088e+04,3.251353555448264231e-09
8.638368855624455023e+01,1.547328194967999298e+04,1.547328194967999298e+04,3.312023518927539522e-09
8.641481896263429974e+01,1.545757294542672389e+04,1.545757294542672389e+04,3.367045910483416395e-09
8.644569476210206460e+01,1.545460084753765477e+04,1.545460084753765477e+04,3.416253904804866842e-09
8.647620035300569441e+01,1.545338118172771465e+04,1.545338118172771465e+04,3.459467076274533273e-09
8.650628015719445330e+01,1.545316097894901031e+04,1.545316097894901031e+04,3.497557377465488390e-09
8.653607486396086301e+01,1.545335772972958512e+04,1.545335772972958512e+04,3.531697135578080829e-09
8.656554313535967538e+01,1.545283014047737743e+04,1.545283014047737743e+04,3.562457883922398427e-09
8.659468260312296195e+01,1.544804442371182631e+04,1.544804442371182631e+04,3.590541340283301567e-09
8.662355568584342791e+01,1.542878605283317847e+04,1.542878605283317847e+04,3.616249170521905080e-09
8.665209613355555973e+01,1.542467079679930976e+04,1.542467079679930976e+04,3.640459664976635577e-09
8.668038066518847984e+01,1.542293190996434714e+04,1.542293190996434714e+04,3.663116707098773694e-09
8.670835619805465910e+01,1.542229711602542011e+04,1.542229711602542011e+04,3.685087251947502135e-09
8.673596338851555743e+01,1.542236101342046459e+04,1.542236101342046459e+04,3.725665555783098263e-09
8.676317505352031390e+01,1.542230150901482375e+04,1.542230150901482375e+04,3.779976468598947329e-09
8.679008381781346770e+01,1.542067875857612671e+04,1.542067875857612671e+04,3.832698635352222220e-09
8.681674230839833228e+01,1.540837072864804031e+04,1.540837072864804031e+04,3.884748975228405593e-09
8.684317824130835106e+01,1.539644020441679640e+04,1.539644020441679640e+04,3.936590473196740160e-09
8.686929483140684738e+01,1.539381243155383891e+04,1.539381243155383891e+04,3.987265570847019235e-09
8.689511978674316595e+01,1.539253465930993661e+04,1.539253465930993661e+04,4.037328385431153726e-09
8.692064433344516772e+01,1.539192473101476389e+04,1.539192473101476389e+04,4.086887255184515882e-09
8.694583514182777151e+01,1.539143505661653580e+04,1.539143505661653580e+04,4.135803686129350004e-09
8.697687000874820740e+01,1.538789968958198006e+04,1.538789968958198006e+04,4.215870062926760325e-09
8.700740894109419798e+01,1.537078621799138273e+04,1.537078621799138273e+04,4.242505362418240677e-09
8.703761184876280765e+01,1.536633814925893239e+04,1.536633814925893239e+04,4.244888793990880514e-09
8.706729037291248119e+01,1.536471312696434325e+04,1.536471312696434325e+04,4.378826846113735180e-09
8.709654975724107828e+01,1.536431432841100650e+04,1.536431432841100650e+04,4.464666121427272575e-09
8.712533832474501594e+01,1.536428541476816099e+04,1.536428541476816099e+04,4.503934209574985207e-09
8.715392696569270470e+01,1.536263180386457498e+04,1.536263180386457498e+04,4.497640131809222413e-09
8.718187477711265387e+01,1.534599458762800168e+04,1.534599458762800168e+04,4.621422298425271722e-09
8.720958515321422055e+01,1.533698638674230642e+04,1.533698638674230642e+04,4.733001208407168094e-09
8.723674176841406336e+01,1.533445922380610682e+04,1.533445922380610682e+04,4.801567259497532229e-09
8.726346741024364917e+01,1.533348797192439451e+04,1.533348797192439451e+04,4.831921304532247893e-09
8.728975861842612005e+01,1.533336910922616880e+04,1.533336910922616880e+04,4.839599613559331124e-09
8.731562866822166313e+01,1.533291919938553838e+04,1.533291919938553838e+04,4.989446899729359961e-09
8.734126657840586461e+01,1.532921436351101511e+04,1.532921436351101511e+04,5.107892367959330786e-09
8.736631984909949722e+01,1.531014290464270744e+04,1.531014290464270744e+04,5.191143450915678380e-09
8.739588122030913553e+01,1.530453977991106876e+04,1.530453977991106876e+04,5.172604068078558119e-09
8.742497871706744661e+01,1.530276752236222455e+04,1.530276752236222455e+04,5.389412485692055396e-09
8.745332886370842118e+01,1.530236320248730590e+04,1.530236320248730590e+04,5.460148092380379283e-09
8.748118460452336365e+01,1.530183329036325085e+04,1.530183329036325085e+04,5.542643827805252126e-09
8.750858880633067827e+01,1.529646372189848989e+04,1.529646372189848989e+04,5.722782421571083149e-09
8.753536697755767193e+01,1.527689902122847343e+04,1.527689902122847343e+04,5.741678384011743862e-09
8.756160806544906450e+01,1.527301600604125269e+04,1.527301600604125269e+04,5.926755174500190204e-09
8.758730807229524373e+01,1.527163033327850462e+04,1.527163033327850462e+04,6.073007606193509006e-09
8.761245840779356797e+01,1.527129998216185595e+04,1.527129998216185595e+04,6.070663174826450872e-09
8.764115306260372051e+01,1.527003354439898249e+04,1.527003354439898249e+04,6.364284888613618758e-09
8.766903524966805605e+01,1.525296186579589084e+04,1.525296186579589084e+04,6.407239200782225876e-09
8.769633950417642154e+01,1.524325980358039669e+04,1.524325980358039669e+04,6.680355025188648820e-09
8.772285534871629409e+01,1.524093107603921271e+04,1.524093107603921271e+04,6.782608673026065819e-09
8.774876023975713224e+01,1.524024399570595233e+04,1.524024399570595233e+04,7.021165670015664327e-09
8.777401477524493600e+01,1.523933464350547547e+04,1.523933464350547547e+04,7.169364664182905761e-09
8.780204292785118980e+01,1.522570342836084819e+04,1.522570342836084819e+04,7.321659882860998958e-09
8.782915230142262430e+01,1.521212913817376284e+04,1.521212913817376284e+04,7.684726416477132866e-09
8.785553052392066320e+01,1.520970804870527536e+04,1.520970804870527536e+04,7.928518169576202443e-09
8.788085207945877642e+01,1.520901369991382126e+04,1.520901369991382126e+04,8.006910961984380386e-09
8.790851561103978895e+01,1.520616383539188246e+04,1.520616383539188246e+04,8.382603138442615685e-09
8.793513795070506944e+01,1.518399627104269712e+04,1.518399627104269712e+04,8.789770559793952564e-09
8.796065668286072992e+01,1.517927836521421341e+04,1.517927836521421341e+04,9.197171951818411609e-09
8.798785479859311920e+01,1.517789311339706910e+04,1.517789311339706910e+04,9.605165034627008278e-09
8.801391685797351272e+01,1.517541325902186327e+04,1.517541325902186327e+04,1.004663395917297525e-08
8.804124962891164330e+01,1.515292101254854606e+04,1.515292101254854606e+04,1.044855123962626492e-08
8.806709048214217717e+01,1.514873043526659967e+04,1.514873043526659967e+04,1.097908783238706419e-08
8.809384515699576923e+01,1.514612079467758849e+04,1.514612079467758849e+04,1.189940098283440416e-08
8.812081572151780051e+01,1.512419943558379236e+04,1.512419943558379236e+04,1.245325623244433280e-08
8.814617494717383295e+01,1.511984131562663424e+04,1.511984131562663424e+04,1.366848877741115729e-08
8.817131331274151762e+01,1.511756469898138857e+04,1.511756469898138857e+04,1.453829694404022696e-08
8.819778655004785151e+01,1.509212810064197038e+04,1.509212810064197038e+04,1.597679038854219269e-08
8.822330168106842052e+01,1.508784004536777684e+04,1.508784004536777684e+04,1.795901860242553991e-08
8.824863219145302651e+01,1.507358425043130046e+04,1.507358425043130046e+04,2.041721617112675404e-08
8.827415643029570447e+01,1.505673621155184810e+04,1.505673621155184810e+04,2.391745928815129701e-08
8.829942699187526500e+01,1.503514554161372871e+04,1.503514554161372871e+04,2.867804209533436282e-08
8.832489813019263636e+01,1.502271586415765341e+04,1.502271586415765341e+04,3.837632580122777454e-08
8.835036211335471990e+01,1.499126219703362040e+04,1.499126219703362040e+04,5.998866290523295179e-08
8.836562076606254834e+01,1.496044023380149156e+04,1.496044023380149156e+04,9.711564530000693705e-08
8.837328342103766943e+01,1.493353808179438784e+04,1.493353808179438784e+04,1.539756402654359252e-07
8.837796044276468876e+01,1.491851716349858725e+04,1.491851716349858725e+04,2.484618348982304492e-07
8.838046029353303368e+01,1.490061080722498082e+04,1.490061080722498082e+04,3.939604562027308525e-07
8.838188186283842640e+01,1.488802615516031256e+04,1.488802615516031256e+04,6.250063186228177084e-07
8.838271095711220937e+01,1.486881993693169534e+04,1.486881993693169534e+04,9.960568568464333179e-07
8.838317106356154795e+01,1.486523274017230688e+04,1.486523274017230688e+04,1.584212256280739542e-06
8.838344710419177375e+01,1.485458218246728029e+04,1.485458218246728029e+04,2.550154378442617121e-06
8.838359451950269374e+01,1.484246957382605797e+04,1.484246957382605797e+04,4.053630317275047057e-06
8.838367843772590504e+01,1.484028331764531868e+04,1.484028331764531868e+04,6.514910307818356109e-06
8.838372987769926681e+01,1.483836559619758191e+04,1.483836559619758191e+04,1.062263941834005938e-05
8.838376266248764068e+01,1.483523062203588597e+04,1.483523062203588597e+04,1.713904566472774973e-05
8.838378335635377425e+01,1.482564482181671156e+04,1.482564482181671156e+04,2.768387461965931575e-05
8.838379871390199582e+01,1.481210816644963415e+04,1.481210816644963415e+04,4.388060912465203761e-05
8.838380608020437990e+01,1.481059439050244146e+04,1.481059439050244146e+04,7.262847166688775368e-05
8.838380929356806348e+01,1.480962612936212463e+04,1.480962612936212463e+04,1.208659706333896648e-04
8.838381049443005111e+01,1.480907916580481469e+04,1.480907916580481469e+04,1.969169528134492571e-04
8.838381158711605678e+01,1.480844666760049768e+04,1.480844666760049768e+04,3.233465711803690246e-04
8.838381285737527548e+01,1.480712625612289594e+04,1.480712625612289594e+04,5.145466950699746156e-04
8.838381405916585720e+01,1.480386901200534339e+04,1.480386901200534339e+04,8.172408465263431660e-04
8.838381425402099012e+01,1.480126370349784338e+04,1.480126370349784338e+04,1.028829439009576723e-03
8.838381428305636689e+01,1.480048996563796027e+04,1.480048996563796027e+04,1.089261223077029510e-03
8.838381430878213507e+01,1.479979587895463374e+04,1.479979587895463374e+04,1.143297014354940347e-03
8.838381433459507264e+01,1.479909438595665779e+04,1.479909438595665779e+04,1.196100126842293250e-03
8.838381435786160978e+01,1.479846026565929969e+04,1.479846026565929969e+04,1.240222326328377757e-03
8.838381437920673989e+01,1.479787922715732202e+04,1.479787922715732202e+04,1.275601711456744768e-03
8.838381439956717145e+01,1.479732763679841810e+04,1.479732763679841810e+04,1.302926592428231512e-03
8.838381441944082439e+01,1.479679346510466166e+04,1.479679346510466166e+04,1.322399397586836644e-03
8.838381443897922907e+01,1.479627355604200966e+04,1.479627355604200966e+04,1.334696428822679855e-03
8.838381445867500474e+01,1.479575497213758899e+04,1.479575497213758899e+04,1.341987343653795739e-03
8.838381447680592373e+01,1.479528147388254365e+04,1.479528147388254365e+04,1.347088092547762831e-03
8.838381449345243368e+01,1.479484830413235795e+04,1.479484830413235795e+04,1.353491683315269237e-03
8.838381450947241547e+01,1.479443099922792680e+04,1.479443099922792680e+04,1.363743925516391117e-03
8.838381452555870510e+01,1.479400995017578680e+04,1.479400995017578680e+04,1.379862973200029173e-03
8.838381454214997746e+01,1.479357254083305816e+04,1.479357254083305816e+04,1.403500074601011583e-03
8.838381455924772467e+01,1.479311817768854962e+04,1.479311817768854962e+04,1.439794813510208082e-03
8.838381457750128334e+01,1.479262955830276042e+04,1.479262955830276042e+04,1.503380146816354554e-03
8.838381459744886115e+01,1.479209251144322843e+04,1.479209251144322843e+04,1.575757498034256743e-03
8.838381461673834849e+01,1.479157130791947020e+04,1.479157130791947020e+04,1.645963732318854065e-03
8.838381463368918389e+01,1.479111240824086963e+04,1.479111240824086963e+04,1.705541509474783847e-03
8.838381465069676324e+01,1.479065112209823201e+04,1.479065112209823201e+04,1.760729378946636163e-03
8.838381468084440939e+01,1.478982638352586400e+04,1.478982638352586400e+04,1.836260154090813175e-03
8.838381470870820067e+01,1.478903003398328656e+04,1.478903003398328656e+04,1.866595592009982676e-03
8.838381473644433584e+01,1.478812509969996245e+04,1.478812509969996245e+04,1.860053012931910067e-03
8.838381476114300028e+01,1.478712507942342199e+04,1.478712507942342199e+04,1.848766977157960834e-03
8.838381478428991045e+01,1.478600607138889973e+04,1.478600607138889973e+04,1.861905658657666673e-03
8.838381480893950481e+01,1.478472944094660670e+04,1.478472944094660670e+04,1.930516438813405060e-03
8.838381483724771215e+01,1.478331467288161730e+04,1.478331467288161730e+04,2.087956132810500631e-03
8.838381486507445572e+01,1.478206160755309429e+04,1.478206160755309429e+04,2.242362182554884752e-03
8.838381489006769698e+01,1.478107172211833858e+04,1.478107172211833858e+04,2.357282157360462808e-03
8.838381491201414519e+01,1.478031408082129019e+04,1.478031408082129019e+04,2.414640367326741956e-03
8.838381493317572790e+01,1.477969584453842617e+04,1.477969584453842617e+04,2.417457347721252425e-03
8.838381495398824939e+01,1.477922053189900726e+04,1.477922053189900726e+04,2.388612905564126750e-03
8.838381497217991978e+01,1.477892712342782033e+04,1.477892712342782033e+04,2.376293517233899182e-03
8.838381499049482670e+01,1.477872813956737446e+04,1.477872813956737446e+04,2.406880413229294229e-03
8.838381501046154654e+01,1.477857478336697932e+04,1.477857478336697932e+04,2.548187101433643971e-03
8.838381503394869299e+01,1.477842864973452015e+04,1.477842864973452015e+04,2.765804033637793685e-03
8.838381505474387723e+01,1.477830838398411470e+04,1.477830838398411470e+04,2.949593128560473385e-03
8.838381507298140605e+01,1.477820418005891588e+04,1.477820418005891588e+04,3.074203105425856158e-03
8.838381508971906442e+01,1.477810787716694722e+04,1.477810787716694722e+04,3.128510274901135420e-03
8.838381510616315495e+01,1.477800810281308077e+04,1.477800810281308077e+04,3.119622199988419768e-03
8.838381512847865906e+01,1.477784615728099197e+04,1.477784615728099197e+04,3.163373877216440686e-03
8.838381514970400588e+01,1.477766335943319064e+04,1.477766335943319064e+04,3.425128332177238780e-03
8.838381517193137427e+01,1.477746548694317971e+04,1.477746548694317971e+04,3.868106720280316789e-03
8.838381519170434331e+01,1.477728455001942893e+04,1.477728455001942893e+04,4.197074366945496848e-03
8.838381521048631839e+01,1.477710580500662400e+04,1.477710580500662400e+04,4.737884143022453622e-03
8.838381522653810407e+01,1.477694962877490616e+04,1.477694962877490616e+04,5.163115547753910177e-03
8.838381524664275446e+01,1.477674472564684584e+04,1.477674472564684584e+04,5.867538903491810280e-03
8.838381526361068552e+01,1.477654398019982364e+04,1.477654398019982364e+04,6.469704778651308094e-03
8.838381527960528672e+01,1.477632595295118153e+04,1.477632595295118153e+04,7.255948592010365121e-03
8.838381529648201251e+01,1.477606830840374096e+04,1.477606830840374096e+04,7.927754979210891589e-03
8.838381531243001632e+01,1.477579951406692817e+04,1.477579951406692817e+04,9.006073752291407844e-03
8.838381532913992089e+01,1.477548321421569381e+04,1.477548321421569381e+04,1.008774195596538921e-02
8.838381534607056267e+01,1.477504363721425943e+04,1.477504363721425943e+04,1.118995910295627998e-02
8.838381536331010579e+01,1.477440830305111376e+04,1.477440830305111376e+04,1.262506915077556656e-02
8.838381538023645589e+01,1.477355423656241146e+04,1.477355423656241146e+04,1.470428269333852629e-02
8.838381539711873813e+01,1.477151270355213092e+04,1.477151270355213092e+04,2.280552444543115787e-02
8.838381541063408520e+01,1.476474868317775326e+04,1.476474868317775326e+04,3.620285992114911228e-02
8.838381542126431611e+01,1.475709058602291407e+04,1.475709058602291407e+04,5.873819455233932063e-02
8.838381542957907300e+01,1.474881227679756921e+04,1.474881227679756921e+04,9.574107516894866943e-02
8.838381543618748992e+01,1.474539226623122886e+04,1.474539226623122886e+04,1.540534716060517617e-01
8.838381543894821846e+01,1.474436528562148305e+04,1.474436528562148305e+04,2.468858438941890221e-01
8.838381544561846681e+01,1.472917334890194797e+04,1.472917334890194797e+04,3.962846355136886434e-01
8.838381546121337351e+01,1.468292088329601393e+04,1.468292088329601393e+04,6.317185284132862400e-01
8.838381547545145622e+01,1.459768632657677699e+04,1.459768632657677699e+04,1.005901105091780323e+00
8.838381549131013060e+01,1.447719727910084475e+04,1.447719727910084475e+04,1.403626982040363069e+00
8.838381550715592994e+01,1.432285887736268887e+04,1.432285887736268887e+04,1.774477903850712579e+00
8.838381552300323563e+01,1.413271644333931363e+04,1.413271644333931363e+04,2.042999746584804655e+00
8.838381553886304687e+01,1.392824183539233491e+04,1.392824183539233491e+04,2.149054569169651430e+00
8.838381555471833906e+01,1.370218583699383089e+04,1.370218583699383089e+04,2.300296258437036556e+00
8.838381557056999327e+01,1.347829144939800972e+04,1.347829144939800972e+04,2.451729896963931399e+00
8.838381558642279856e+01,1.323827220347288676e+04,1.323827220347288676e+04,2.456735389271260672e+00
8.838381560228305034e+01,1.298928806252001959e+04,1.298928806252001959e+04,2.538173719096496583e+00
8.838381561813464771e+01,1.273905675138692823e+04,1.273905675138692823e+04,2.422815005448013537e+00
8.838381563399035201e+01,1.249743002982782855e+04,1.249743002982782855e+04,2.452518491236330256e+00
8.838381564984648264e+01,1.225547713077454682e+04,1.225547713077454682e+04,2.343455834247842873e+00
8.838381566569670156e+01,1.201073725380665746e+04,1.201073725380665746e+04,2.310107874705851216e+00
8.838381568155028845e+01,1.176832055298749765e+04,1.176832055298749765e+04,2.255811888794367004e+00
8.838381569740442956e+01,1.153035188671243668e+04,1.153035188671243668e+04,2.219735889253171557e+00
8.838381571325415109e+01,1.129464132407932266e+04,1.129464132407932266e+04,2.180364506014146997e+00
8.838381572911438866e+01,1.105674816262879358e+04,1.105674816262879358e+04,2.108639488357981318e+00
8.838381574496024484e+01,1.082751728094122700e+04,1.082751728094122700e+04,2.030954086555244675e+00
8.838381576080743685e+01,1.060742710584085398e+04,1.060742710584085398e+04,1.821082151635109891e+00
8.838381577665710154e+01,1.040794567308386650e+04,1.040794567308386650e+04,1.634421143692802225e+00
8.838381579251709752e+01,1.023698964045646244e+04,1.023698964045646244e+04,1.370598631926021937e+00
8.838381580836338003e+01,1.009193194462351312e+04,1.009193194462351312e+04,1.144683999145024611e+00
8.838381582424531757e+01,9.960852848609467401e+03,9.960852848609467401e+03,9.134327596357989520e-01
8.838381584010744518e+01,9.857597454432494487e+03,9.857597454432494487e+03,6.975672880532932663e-01
8.838381585595486456e+01,9.795364166342358658e+03,9.795364166342358658e+03,4.619311309004804911e-01
8.838381586743795992e+01,9.756321454267919762e+03,9.756321454267919762e+03,2.901082680784076162e-01
8.838381587842563647e+01,9.736554491322813192e+03,9.736554491322813192e+03,1.828861796508521875e-01
8.838381588976271530e+01,9.712090759608574444e+03,9.712090759608574444e+03,1.136239604598344999e-01
8.838381589981199227e+01,9.709194294304967116e+03,9.709194294304967116e+03,7.152192986642752492e-02
8.838381591589163122e+01,9.706820779357774882e+03,9.706820779357774882e+03,5.636887899715722905e-02
8.838381593198620578e+01,9.703805145974622064e+03,9.703805145974622064e+03,5.227159339952010264e-02
8.838381594803132657e+01,9.697288745295272747e+03,9.697288745295272747e+03,4.767662585302839123e-02
8.838381596432196829e+01,9.691954869894632793e+03,9.691954869894632793e+03,4.351718315086006844e-02
8.838381598030018438e+01,9.685335455346352319e+03,9.685335455346352319e+03,3.793475214579836163e-02
8.838381599631146912e+01,9.682094271275984283e+03,9.682094271275984283e+03,3.663335737794676250e-02
8.838381601267191456e+01,9.681394558053034416e+03,9.681394558053034416e+03,3.362725230234852453e-02
8.838381602922552815e+01,9.681249567656974250e+03,9.681249567656974250e+03,3.208951152608598145e-02
8.838381604598167485e+01,9.681163092735547252e+03,9.681163092735547252e+03,2.828643279482059500e-02
8.838381606212253416e+01,9.681004419207671162e+03,9.681004419207671162e+03,2.799459926180512120e-02
8.838381607897902370e+01,9.680842522266480955e+03,9.680842522266480955e+03,2.707515534966136242e-02
8.838381609553680107e+01,9.680730337030474402e+03,9.680730337030474402e+03,2.535063554490614088e-02
8.838381611194239440e+01,9.680650426349495319e+03,9.680650426349495319e+03,2.376555077643627972e-02
8.838381612798914944e+01,9.680591115196732062e+03,9.680591115196732062e+03,2.262445840430448579e-02
8.838381614483735405e+01,9.680527032960322686e+03,9.680527032960322686e+03,2.152230895617745360e-02
8.838381616117585793e+01,9.680447455567349607e+03,9.680447455567349607e+03,2.080101081494525536e-02
8.838381617831423398e+01,9.680358401996545581e+03,9.680358401996545581e+03,2.002414832580798332e-02
8.838381619481192786e+01,9.680280031186277483e+03,9.680280031186277483e+03,1.926082582064579315e-02
8.838381621181002856e+01,9.680210014922000482e+03,9.680210014922000482e+03,1.817048830455046324e-02
8.838381622917916047e+01,9.680149657783669682e+03,9.680149657783669682e+03,1.687682894189779584e-02
8.838381624590725494e+01,9.680100628092850457e+03,9.680100628092850457e+03,1.605834023208737096e-02
8.838381626333652719e+01,9.680055655631560512e+03,9.680055655631560512e+03,1.604705076184595111e-02
8.838381627998001022e+01,9.680013641202514918e+03,9.680013641202514918e+03,1.582144028488450399e-02
8.838381629639613379e+01,9.679967578703297477e+03,9.679967578703297477e+03,1.452389451959159965e-02
8.838381631387694881e+01,9.679909671391844313e+03,9.679909671391844313e+03,1.412241997821616496e-02
8.838381633009935001e+01,9.679848391990461096e+03,9.679848391990461096e+03,1.432642530424577988e-02
8.838381634620274951e+01,9.679783415781166696e+03,9.679783415781166696e+03,1.310571946597871400e-02
8.838381636332050562e+01,9.679713171659695945e+03,9.679713171659695945e+03,1.311358569245138495e-02
8.838381638129065720e+01,9.679640826093242140e+03,9.679640826093242140e+03,1.297309495490490266e-02
8.838381639879058582e+01,9.679573320793266248e+03,9.679573320793266248e+03,1.182813569169420889e-02
8.838381641535447386e+01,9.679512821441814594e+03,9.679512821441814594e+03,1.226783205897592245e-02
8.838381643189387660e+01,9.679455956475329003e+03,9.679455956475329003e+03,1.135231647497215828e-02
8.838381644914636581e+01,9.679400373508742632e+03,9.679400373508742632e+03,1.145968881073517430e-02
8.838381646712738871e+01,9.679346235371016519e+03,9.679346235371016519e+03,1.103452328338028546e-02
8.838381648506864963e+01,9.679295636677752555e+03,9.679295636677752555e+03,1.061839165761308164e-02
8.838381650143011825e+01,9.679252000492791922e+03,9.679252000492791922e+03,1.056997118113100348e-02
8.838381651732613875e+01,9.679211405454871056e+03,9.679211405454871056e+03,1.020235100672733063e-02
8.838381653439579111e+01,9.679169178126694533e+03,9.679169178126694533e+03,1.001132712788644664e-02
8.838381655113157365e+01,9.679128465425126706e+03,9.679128465425126706e+03,9.795581901228998800e-03
8.838381656891091609e+01,9.679085196551190165e+03,9.679085196551190165e+03,9.478934988423807703e-03
8.838381658662051166e+01,9.679041409698122152e+03,9.679041409698122152e+03,9.393410281418424629e-03
8.838381660508959214e+01,9.678994567601881499e+03,9.678994567601881499e+03,8.976135569540520318e-03
8.838381662388910343e+01,9.678945558738350883e+03,9.678945558738350883e+03,8.996120520255982203e-03
8.838381663975967228e+01,9.678903310100637100e+03,9.678903310100637100e+03,8.397786093749319905e-03
8.838381665666807407e+01,9.678857721944012155e+03,9.678857721944012155e+03,8.759489276953814560e-03
8.838381667296263799e+01,9.678813563248824721e+03,9.678813563248824721e+03,8.179722040505823036e-03
8.838381669051369727e+01,9.678766126937558511e+03,9.678766126937558511e+03,8.279116435893222117e-03
8.838381670722657191e+01,9.678721392047404152e+03,9.678721392047404152e+03,8.114877632293347395e-03
8.838381672481618523e+01,9.678675040478254232e+03,9.678675040478254232e+03,7.654448046597189977e-03
8.838381674340047311e+01,9.678627109771330652e+03,9.678627109771330652e+03,7.928319332606688363e-03
8.838381676137763066e+01,9.678581913510477534e+03,9.678581913510477534e+03,7.373840586964701231e-03
8.838381678087739601e+01,9.678534268676756255e+03,9.678534268676756255e+03,7.538343166660217178e-03
8.838381679927432799e+01,9.678490652797974690e+03,9.678490652797974690e+03,7.300564226331972967e-03
8.838381681880679253e+01,9.678445717411612350e+03,9.678445717411612350e+03,6.994418957646104419e-03
8.838381683522682408e+01,9.678408964188029131e+03,9.678408964188029131e+03,7.205839584112380333e-03
8.838381685500159790e+01,9.678365814484970542e+03,9.678365814484970542e+03,6.737852910370781268e-03
8.838381687171586520e+01,9.678330166982597802e+03,9.678330166982597802e+03,6.737547180151798841e-03
8.838381688847238138e+01,9.678295047893510855e+03,9.678295047893510855e+03,6.834428928851910348e-03
8.838381690521208611e+01,9.678260436435624797e+03,9.678260436435624797e+03,6.438212094007111572e-03
8.838381692264680112e+01,9.678224701682331215e+03,9.678224701682331215e+03,6.404879136880432811e-03
8.838381694036931435e+01,9.678188481426592261e+03,9.678188481426592261e+03,6.516963905181134657e-03
8.838381695788538650e+01,9.678152529808505278e+03,9.678152529808505278e+03,6.148841654047911692e-03
8.838381697609300147e+01,9.678114689601810824e+03,9.678114689601810824e+03,6.092112391385809400e-03
8.838381699480656550e+01,9.678074939190864825e+03,9.678074939190864825e+03,6.212671281554360894e-03
8.838381701315476846e+01,9.678034758284480631e+03,9.678034758284480631e+03,5.869209463189445364e-03
8.838381703220002805e+01,9.677991415268892524e+03,9.677991415268892524e+03,5.798329582696222506e-03
8.838381705191781634e+01,9.677944436890735233e+03,9.677944436890735233e+03,5.921455139600290477e-03
8.838381707115236452e+01,9.677896286884444635e+03,9.677896286884444635e+03,5.599097591636519218e-03
8.838381709110508666e+01,9.677843770807401597e+03,9.677843770807401597e+03,5.522305886684391631e-03
8.838381710701288796e+01,9.677800011175100735e+03,9.677800011175100735e+03,5.658353201459643753e-03
8.838381712672099866e+01,9.677743540065133857e+03,9.677743540065133857e+03,5.434657504122478860e-03
8.838381714736974004e+01,9.677681869527556046e+03,9.677681869527556046e+03,5.194104748847797742e-03
8.838381716440808589e+01,9.677629234995012666e+03,9.677629234995012666e+03,5.376256728601595120e-03
8.838381718482031602e+01,9.677564346354083682e+03,9.677564346354083682e+03,5.266657706889001436e-03
8.838381720108091599e+01,9.677511411360057537e+03,9.677511411360057537e+03,5.009270409586361918e-03
8.838381721775510869e+01,9.677456150932555829e+03,9.677456150932555829e+03,5.017297967641201964e-03
8.838381723523798428e+01,9.677397304188154521e+03,9.677397304188154521e+03,5.138510998762549874e-03
8.838381725122611954e+01,9.677342821570438900e+03,9.677342821570438900e+03,5.016908355681051063e-03
8.838381726828181684e+01,9.677284120486883694e+03,9.677284120486883694e+03,4.772469054626754179e-03
8.838381728581853736e+01,9.677223278983225100e+03,9.677223278983225100e+03,4.786499027786371777e-03
8.838381730407287762e+01,9.677159555316189653e+03,9.677159555316189653e+03,4.897455008156527748e-03
8.838381732086185139e+01,9.677100704012023925e+03,9.677100704012023925e+03,4.777362009874590136e-03
8.838381733875029056e+01,9.677037838428674149e+03,9.677037838428674149e+03,4.545431384869984791e-03
8.838381735722275323e+01,9.676972848561383216e+03,9.676972848561383216e+03,4.568586825682074276e-03
8.838381737623858214e+01,9.676905965014231697e+03,9.676905965014231697e+03,4.667996352831853789e-03
8.838381739387763503e+01,9.676844012696974460e+03,9.676844012696974460e+03,4.547744509068418761e-03
8.838381741264215918e+01,9.676778273345782509e+03,9.676778273345782509e+03,4.327952593317942881e-03
8.838381743213484754e+01,9.676710223808629962e+03,9.676710223808629962e+03,4.362707390181577542e-03
8.838381745190854133e+01,9.676641510387978997e+03,9.676641510387978997e+03,4.449383471853345789e-03
8.838381747045504255e+01,9.676577388045610860e+03,9.676577388045610860e+03,4.327491390412341495e-03
8.838381749014780553e+01,9.676509698464562462e+03,9.676509698464562462e+03,4.119587845583931943e-03
8.838381751072552106e+01,9.676439427006094775e+03,9.676439427006094775e+03,4.167991553886843739e-03
8.838381753125737816e+01,9.676369818186691191e+03,9.676369818186691191e+03,4.240859896455344454e-03
8.838381755077926982e+01,9.676304122448887938e+03,9.676304122448887938e+03,4.116145778092597171e-03
8.838381757146476048e+01,9.676235041025516693e+03,9.676235041025516693e+03,3.920000438299196290e-03
8.838381759324204268e+01,9.676162916969005892e+03,9.676162916969005892e+03,3.984017878309202565e-03
8.838381761452794194e+01,9.676093026023496350e+03,9.676093026023496350e+03,4.041551066470020458e-03
8.838381763511291922e+01,9.676025999184654211e+03,9.676025999184654211e+03,3.912681514589656795e-03
8.838381765676128055e+01,9.675956106690668094e+03,9.675956106690668094e+03,3.729192547817266473e-03
8.838381767987954163e+01,9.675882127714110538e+03,9.675882127714110538e+03,3.809795168007282500e-03
8.838381770192631848e+01,9.675812192409983254e+03,9.675812192409983254e+03,3.850596633378641168e-03
8.838381772368541078e+01,9.675743732118069602e+03,9.675743732118069602e+03,3.716686551818679587e-03
8.838381774624937748e+01,9.675673306196080375e+03,9.675673306196080375e+03,3.546866844266425081e-03
8.838381776210842133e+01,9.675624128992349142e+03,9.675624128992349142e+03,3.599241008455107693e-03
8.838381777873007650e+01,9.675572855814709328e+03,9.675572855814709328e+03,3.671622175391971166e-03
8.838381780099251728e+01,9.675504575913140798e+03,9.675504575913140798e+03,3.635985528749440063e-03
8.838381782465795311e+01,9.675432439126565441e+03,9.675432439126565441e+03,3.468694849328885898e-03
8.838381784849751455e+01,9.675360170343768914e+03,9.675360170343768914e+03,3.402390881341629814e-03
8.838381786598293388e+01,9.675307371796070584e+03,9.675307371796070584e+03,3.485129481831696074e-03
8.838381788197982303e+01,9.675259191655293762e+03,9.675259191655293762e+03,3.508374740806184493e-03
8.838381790555804685e+01,9.675188335655126139e+03,9.675188335655126139e+03,3.407521046359159728e-03
8.838381792244183544e+01,9.675137677634647844e+03,9.675137677634647844e+03,3.293678990288831810e-03
8.838381793887614890e+01,9.675088392168341670e+03,9.675088392168341670e+03,3.219727631488723645e-03
8.838381795692178855e+01,9.675034269884668902e+03,9.675034269884668902e+03,3.301680299351793333e-03
8.838381797433081033e+01,9.674982017303264001e+03,9.674982017303264001e+03,3.347551994676774799e-03
8.838381799052660881e+01,9.674933339234978121e+03,9.674933339234978121e+03,3.321739737893886386e-03
8.838381800741530014e+01,9.674882479429896193e+03,9.674882479429896193e+03,3.233252272239951763e-03
8.838381802493596240e+01,9.674829586824689613e+03,9.674829586824689613e+03,3.127410692742507194e-03
8.838381804235622496e+01,9.674776833906340471e+03,9.674776833906340471e+03,3.084912892521138577e-03
8.838381806164947818e+01,9.674718190286686877e+03,9.674718190286686877e+03,3.163099884096862071e-03
8.838381807948151447e+01,9.674663750620093197e+03,9.674663750620093197e+03,3.194491022190859651e-03
8.838381809644697285e+01,9.674611732495912293e+03,9.674611732495912293e+03,3.157506096169306487e-03
8.838381811450162218e+01,9.674556115743647752e+03,9.674556115743647752e+03,3.064997261332943427e-03
8.838381813260086517e+01,9.674500081837048128e+03,9.674500081837048128e+03,2.968536387527521709e-03
8.838381815116557050e+01,9.674442299714368346e+03,9.674442299714368346e+03,2.958647939229059557e-03
8.838381817123129736e+01,9.674379491602428971e+03,9.674379491602428971e+03,3.028931954810926402e-03
8.838381818956305835e+01,9.674321788471712352e+03,9.674321788471712352e+03,3.046426059371675626e-03
8.838381820740544015e+01,9.674265324280342611e+03,9.674265324280342611e+03,2.999456013391695475e-03
8.838381822677901312e+01,9.674203690473916140e+03,9.674203690473916140e+03,2.904651065603825171e-03
8.838381824557785649e+01,9.674143561594682978e+03,9.674143561594682978e+03,2.817634913519049319e-03
8.838381826535710672e+01,9.674079961526625993e+03,9.674079961526625993e+03,2.839254788457820557e-03
8.838381828636836701e+01,9.674012047671756591e+03,9.674012047671756591e+03,2.899686262306190501e-03
8.838381830526203942e+01,9.673950669244057281e+03,9.673950669244057281e+03,2.902468339129136727e-03
8.838381832413040229e+01,9.673889104577065154e+03,9.673889104577065154e+03,2.845494434215836092e-03
8.838381834438905571e+01,9.673822720727492197e+03,9.673822720727492197e+03,2.752772887077673588e-03
8.838381836407999970e+01,9.673757929607931146e+03,9.673757929607931146e+03,2.674654548137971044e-03
8.838381838533223345e+01,9.673687720446292587e+03,9.673687720446292587e+03,2.726156135375859806e-03
8.838381840681692836e+01,9.673616479620513928e+03,9.673616479620513928e+03,2.773491926484935970e-03
8.838381842640674790e+01,9.673551303067966728e+03,9.673551303067966728e+03,2.762621226909690083e-03
8.838381844647308583e+01,9.673484349464581101e+03,9.673484349464581101e+03,2.697413725945309575e-03
8.838381846779948603e+01,9.673412987998959579e+03,9.673412987998959579e+03,2.608436652094085761e-03
8.838381848861467915e+01,9.673343161451206470e+03,9.673343161451206470e+03,2.554091373265176233e-03
8.838381851150919033e+01,9.673266172599056517e+03,9.673266172599056517e+03,2.618325441651510408e-03
8.838381853323872406e+01,9.673192944140078907e+03,9.673192944140078907e+03,2.650299502754051555e-03
8.838381855367066464e+01,9.673123966656496123e+03,9.673123966656496123e+03,2.625892767466443591e-03
8.838381857518255913e+01,9.673051224921375251e+03,9.673051224921375251e+03,2.553640529158945210e-03
8.838381859713504696e+01,9.672976886300155456e+03,9.672976886300155456e+03,2.472281638641562161e-03
8.838381861937234873e+01,9.672901483159823329e+03,9.672901483159823329e+03,2.454002428394812512e-03
8.838381864348835393e+01,9.672819612317311112e+03,9.672819612317311112e+03,2.512615096346643932e-03
8.838381866562029643e+01,9.672744402436195742e+03,9.672744402436195742e+03,2.529356889996433721e-03
8.838381868708438560e+01,9.672671395604207646e+03,9.672671395604207646e+03,2.492744031482029086e-03
8.838381871032848380e+01,9.672592272049523672e+03,9.672592272049523672e+03,2.415743579725921492e-03
8.838381873299918823e+01,9.672515042169839944e+03,9.672515042169839944e+03,2.343163379296482780e-03
8.838381875680296673e+01,9.672433886706128760e+03,9.672433886706128760e+03,2.360024110589500294e-03
8.838381878201531094e+01,9.672347859566951229e+03,9.672347859566951229e+03,2.409014134867772019e-03
8.838381880470475949e+01,9.672270376782393214e+03,9.672270376782393214e+03,2.410058336451933667e-03
8.838381882745620999e+01,9.672192605623788040e+03,9.672192605623788040e+03,2.361993409626700780e-03
8.838381885183702025e+01,9.672087737787391234e+03,9.672087737787391234e+03,2.285609786779619831e-03
8.838381887558615801e+01,9.671976342381653012e+03,9.671976342381653012e+03,2.221309549251262398e-03
8.838381890134947128e+01,9.671857014847830214e+03,9.671857014847830214e+03,2.270890198274121315e-03
8.838381892680394003e+01,9.671740590744169822e+03,9.671740590744169822e+03,2.305953536858902728e-03
8.838381895030509838e+01,9.671634350838254250e+03,9.671634350838254250e+03,2.292581830363093522e-03
8.838381897464587666e+01,9.671525508535167319e+03,9.671525508535167319e+03,2.235471971816890141e-03
8.838381900017620296e+01,9.671412577167920972e+03,9.671412577167920972e+03,2.162974800383852744e-03
8.838381902543882518e+01,9.671301985435738970e+03,9.671301985435738970e+03,2.132066113604811491e-03
8.838381905317943676e+01,9.671181754618890409e+03,9.671181754618890409e+03,2.184271855817447074e-03
8.838381907880598476e+01,9.671071707196499119e+03,9.671071707196499119e+03,2.203437452781889169e-03
8.838381910339529668e+01,9.670966927300120005e+03,9.670966927300120005e+03,2.176111521199652985e-03
8.838381912976512922e+01,9.670855335061432925e+03,9.670855335061432925e+03,2.111949853885558732e-03
8.838381915589211246e+01,9.670745410153645935e+03,9.670745410153645935e+03,2.047394440579418124e-03
8.838381918303534235e+01,9.670631744088450432e+03,9.670631744088450432e+03,2.053610352524874727e-03
8.838381921187337298e+01,9.670511390312911317e+03,9.670511390312911317e+03,2.097373665297128618e-03
8.838381923798287687e+01,9.670402615664166660e+03,9.670402615664166660e+03,2.100937474838624787e-03
8.838381926401575583e+01,9.670294159160541312e+03,9.670294159160541312e+03,2.061510744845958688e-03
8.838381929197238662e+01,9.670177499013578199e+03,9.670177499013578199e+03,1.995764665076464953e-03
8.838381931922283741e+01,9.670063393007903869e+03,9.670063393007903869e+03,1.938969918142993513e-03
8.838381934869566692e+01,9.669939282988698324e+03,9.669939282988698324e+03,1.979074794368411265e-03
8.838381937788557252e+01,9.669815401936142734e+03,9.669815401936142734e+03,2.009768767594878602e-03
8.838381940483769483e+01,9.669699916806388501e+03,9.669699916806388501e+03,1.998508700770073015e-03
8.838381943275672370e+01,9.669578949215136163e+03,9.669578949215136163e+03,1.949240428522916457e-03
8.838381946203047335e+01,9.669450395875946924e+03,9.669450395875946924e+03,1.886466442530625696e-03
8.838381949106293689e+01,9.669320906002240008e+03,9.669320906002240008e+03,1.861367691452850328e-03
8.838381952275361186e+01,9.669176999548129970e+03,9.669176999548129970e+03,1.906065602508517009e-03
8.838381955199122331e+01,9.669041621298929385e+03,9.669041621298929385e+03,1.921110765360342556e-03
8.838381958020629270e+01,9.668908403937610274e+03,9.668908403937610274e+03,1.895882571831196319e-03
8.838381961062356140e+01,9.668761758420783735e+03,9.668761758420783735e+03,1.839360337963223549e-03
8.838381964053253625e+01,9.668614348076189344e+03,9.668614348076189344e+03,1.783925330691669801e-03
8.838381967184830046e+01,9.668456462979593198e+03,9.668456462979593198e+03,1.795818752087312157e-03
8.838381968897530783e+01,9.668368549818191241e+03,9.668368549818191241e+03,1.817589749459106634e-03
8.838381970486625505e+01,9.668285987770786960e+03,9.668285987770786960e+03,1.831639251515234561e-03
8.838381973460907659e+01,9.668128882458204316e+03,9.668128882458204316e+03,1.830900705082868065e-03
8.838381976462672185e+01,9.667966956661137374e+03,9.667966956661137374e+03,1.793467533185448678e-03
8.838381978078493262e+01,9.667878421319532208e+03,9.667878421319532208e+03,1.764793248375266061e-03
8.838381979670791111e+01,9.667790253828292407e+03,9.667790253828292407e+03,1.736089524798834719e-03
8.838381982807680970e+01,9.667613987959743099e+03,9.667613987959743099e+03,1.691855245634452153e-03
8.838381984471172359e+01,9.667519186221321434e+03,9.667519186221321434e+03,1.712219082557629420e-03
8.838381986231112819e+01,9.667417927782013066e+03,9.667417927782013066e+03,1.733311851456926199e-03
8.838381987918047855e+01,9.667319995860474592e+03,9.667319995860474592e+03,1.748496111151992766e-03
8.838381989505656122e+01,9.667227078873784194e+03,9.667227078873784194e+03,1.754811905052157351e-03
8.838381992587677871e+01,9.667044795485997383e+03,9.667044795485997383e+03,1.739568602011260651e-03
8.838381995835675298e+01,9.666850251925463454e+03,9.666850251925463454e+03,1.692957194830946874e-03
8.838381997520053801e+01,9.666748495876321613e+03,9.666748495876321613e+03,1.665080374600793950e-03
8.838381999146561441e+01,9.666649738751850236e+03,9.666649738751850236e+03,1.640006620687866831e-03
8.838382000792536530e+01,9.666549361860032150e+03,9.666549361860032150e+03,1.617680920502903531e-03
8.838382002522644143e+01,9.666443431405692536e+03,9.666443431405692536e+03,1.633199604207725844e-03
8.838382004336938280e+01,9.666331947456748821e+03,9.666331947456748821e+03,1.653444935127243009e-03
8.838382006125860357e+01,9.666221688430796348e+03,9.666221688430796348e+03,1.669336885286645854e-03
8.838382007800787221e+01,9.666118209330530590e+03,9.666118209330530590e+03,1.676975283051271260e-03
8.838382009418172913e+01,9.666018115783332178e+03,9.666018115783332178e+03,1.675685318338799874e-03
8.838382011026493501e+01,9.665918467233999763e+03,9.665918467233999763e+03,1.665601565220018853e-03
8.838382012669670473e+01,9.665816576952141986e+03,9.665816576952141986e+03,1.647588793490737920e-03
8.838382014393697261e+01,9.665709649887723572e+03,9.665709649887723572e+03,1.623315793285014241e-03
8.838382016174254829e+01,9.665599229451925567e+03,9.665599229451925567e+03,1.596398392143217378e-03
8.838382017879926877e+01,9.665493529610772384e+03,9.665493529610772384e+03,1.571959069570549568e-03
8.838382019593920802e+01,9.665387431713979822e+03,9.665387431713979822e+03,1.550190972903804512e-03
8.838382021388602539e+01,9.665276518462795138e+03,9.665276518462795138e+03,1.558673979842061007e-03
8.838382023266431986e+01,9.665160714606323381e+03,9.665160714606323381e+03,1.578003239629320424e-03
8.838382025159540945e+01,9.665044286697018833e+03,9.665044286697018833e+03,1.594194273710753881e-03
8.838382026924378465e+01,9.664936069433922967e+03,9.664936069433922967e+03,1.602699141129713348e-03
8.838382028620995357e+01,9.664832379414399838e+03,9.664832379414399838e+03,1.602721662668651599e-03
8.838382030301626457e+01,9.664730025936980383e+03,9.664730025936980383e+03,1.594288948686919082e-03
8.838382032012266620e+01,9.664626251642721400e+03,9.664626251642721400e+03,1.578122052872677318e-03
8.838382033800456838e+01,9.664518232623764561e+03,9.664518232623764561e+03,1.555700276550140782e-03
8.838382035679514104e+01,9.664405280350891189e+03,9.664405280350891189e+03,1.529832185277658733e-03
8.838382037468527130e+01,9.664298295990663973e+03,9.664298295990663973e+03,1.506138976407030714e-03
8.838382039256433131e+01,9.664191951571398022e+03,9.664191951571398022e+03,1.484997448216920446e-03
8.838382041119226074e+01,9.664081783903820906e+03,9.664081783903820906e+03,1.488486396585411231e-03
8.838382043069269400e+01,9.663967185881647310e+03,9.663967185881647310e+03,1.506894801162375966e-03
8.838382045066576609e+01,9.663850604107114123e+03,9.663850604107114123e+03,1.523026202050399005e-03
8.838382046922539814e+01,9.663743025255318571e+03,9.663743025255318571e+03,1.531970446240495196e-03
8.838382048701035387e+01,9.663640629733210517e+03,9.663640629733210517e+03,1.532855326907457336e-03
8.838382050457973094e+01,9.663540162014483940e+03,9.663540162014483940e+03,1.525634833727921658e-03
8.838382052241546205e+01,9.663438882944765282e+03,9.663438882944765282e+03,1.510926004528262206e-03
8.838382054101104757e+01,9.663334069543125224e+03,9.663334069543125224e+03,1.490064314438341395e-03
8.838382056079258575e+01,9.663223451820271293e+03,9.663223451820271293e+03,1.465288869123531528e-03
8.838382057954700599e+01,9.663119438349607663e+03,9.663119438349607663e+03,1.442434493369411982e-03
8.838382059821893222e+01,9.663016718767550628e+03,9.663016718767550628e+03,1.421992450404531124e-03
8.838382061760796660e+01,9.662910951084131739e+03,9.662910951084131739e+03,1.422396872549738225e-03
8.838382063791105736e+01,9.662801183400995797e+03,9.662801183400995797e+03,1.439923892097866136e-03
8.838382065890780837e+01,9.662688736614838490e+03,9.662688736614838490e+03,1.455702246802350816e-03
8.838382067837977729e+01,9.662585439055173993e+03,9.662585439055173993e+03,1.464714513475006861e-03
8.838382069700365662e+01,9.662487525607650241e+03,9.662487525607650241e+03,1.466058969644931089e-03
8.838382071537252216e+01,9.662391804219634651e+03,9.662391804219634651e+03,1.459648345245331044e-03
8.838382073399125716e+01,9.662295645207317648e+03,9.662295645207317648e+03,1.446030805498424096e-03
8.838382075337365507e+01,9.662196471422153991e+03,9.662196471422153991e+03,1.426438244337065696e-03
8.838382077409286808e+01,9.662091504039290157e+03,9.662091504039290157e+03,1.402813381093848902e-03
8.838382079373721467e+01,9.661992979919910795e+03,9.661992979919910795e+03,1.380858475996375127e-03
8.838382081325100614e+01,9.661896074356285681e+03,9.661896074356285681e+03,1.361173436780853483e-03
8.838382083347678986e+01,9.661796639789023175e+03,9.661796639789023175e+03,1.360059743387442583e-03
8.838382085465836724e+01,9.661693609021536759e+03,9.661693609021536759e+03,1.376766033290184382e-03
8.838382087665529241e+01,9.661587793037431766e+03,9.661587793037431766e+03,1.391981299715939818e-03
8.838382089703785027e+01,9.661490815986855523e+03,9.661490815986855523e+03,1.400779756237057133e-03
8.838382091651870098e+01,9.661399091848486933e+03,9.661399091848486933e+03,1.402269281896012651e-03
8.838382093572171527e+01,9.661309588526313746e+03,9.661309588526313746e+03,1.396347071749517174e-03
8.838382095517501114e+01,9.661219839270239390e+03,9.661219839270239390e+03,1.383520123451773606e-03
8.838382097541492044e+01,9.661127440432024741e+03,9.661127440432024741e+03,1.364948319270240613e-03
8.838382099703916595e+01,9.661029812577058692e+03,9.661029812577058692e+03,1.342467876913489705e-03
8.838382101759471254e+01,9.660938051679113414e+03,9.660938051679113414e+03,1.321447407914205785e-03
8.838382103799716560e+01,9.660847970515253110e+03,9.660847970515253110e+03,1.302556843421662875e-03
8.838382105913268560e+01,9.660755686260414222e+03,9.660755686260414222e+03,1.301156463615846595e-03
8.838382108126589287e+01,9.660660168880353012e+03,9.660660168880353012e+03,1.317103757423951924e-03
8.838382110423904692e+01,9.660562231298150436e+03,9.660562231298150436e+03,1.331608326707220272e-03
8.838382112553100001e+01,9.660472544401583946e+03,9.660472544401583946e+03,1.339984645452953682e-03
8.838382114588743832e+01,9.660387763928716595e+03,9.660387763928716595e+03,1.341380649474674868e-03
8.838382116595940374e+01,9.660305084977117076e+03,9.660305084977117076e+03,1.335698060931041859e-03
8.838382118629856166e+01,9.660222224184986771e+03,9.660222224184986771e+03,1.323424166783788514e-03
8.838382120746612713e+01,9.660136964823859671e+03,9.660136964823859671e+03,1.305671192913029520e-03
8.838382123008811675e+01,9.660046931218519603e+03,9.660046931218519603e+03,1.284193659459085092e-03
8.838382125156815050e+01,9.659962471635944894e+03,9.659962471635944894e+03,1.264135388819063316e-03
8.838382127290761048e+01,9.659879548037237328e+03,9.659879548037237328e+03,1.246066651256223312e-03
8.838382129503187912e+01,9.659794594968887395e+03,9.659794594968887395e+03,1.245482399354264297e-03
8.838382131819595600e+01,9.659706752931926530e+03,9.659706752931926530e+03,1.260725906882901757e-03
8.838382134211330765e+01,9.659617224392473872e+03,9.659617224392473872e+03,1.274391113954204948e-03
8.838382136430942637e+01,9.659535190294445783e+03,9.659535190294445783e+03,1.282162051081549899e-03
8.838382138555931533e+01,9.659457590054758839e+03,9.659457590054758839e+03,1.283253293395419979e-03
8.838382140653685326e+01,9.659381875626157125e+03,9.659381875626157125e+03,1.277589139926041872e-03
8.838382142781779294e+01,9.659305957775757633e+03,9.659305957775757633e+03,1.265656481434732127e-03
8.838382144999035006e+01,9.659227808089641258e+03,9.659227808089641258e+03,1.248541588624112924e-03
8.838382147364642094e+01,9.659145481458359427e+03,9.659145481458359427e+03,1.227997294422026892e-03
8.838382149606781013e+01,9.659068442088142547e+03,9.659068442088142547e+03,1.208912988983051407e-03
8.838382151839672929e+01,9.658992669720855702e+03,9.658992669720855702e+03,1.191677467125045820e-03
8.838382154159519644e+01,9.658914937561397892e+03,9.658914937561397892e+03,1.192815031860142193e-03
8.838382156587621807e+01,9.658834646137302116e+03,9.658834646137302116e+03,1.207394534460519550e-03
8.838382159070523869e+01,9.658753659032563519e+03,9.658753659032563519e+03,1.220113057081810299e-03
8.838382161380108926e+01,9.658679326484178091e+03,9.658679326484178091e+03,1.227127418859643966e-03
8.838382163596439511e+01,9.658608891819112614e+03,9.658608891819112614e+03,1.227739297714572440e-03
8.838382165788782174e+01,9.658540073004816804e+03,9.658540073004816804e+03,1.221910583351658959e-03
8.838382168017189144e+01,9.658470982855673356e+03,9.658470982855673356e+03,1.210144130877925488e-03
8.838382170343467692e+01,9.658399776133954219e+03,9.658399776133954219e+03,1.193518487144556214e-03
8.838382172802883474e+01,9.658325498952657654e+03,9.658325498952657654e+03,1.173958150544507752e-03
8.838382175142186270e+01,9.658255798280295494e+03,9.658255798280295494e+03,1.155837218854265710e-03
8.838382177479766710e+01,9.658187062324368526e+03,9.658187062324368526e+03,1.139424793396632022e-03
8.838382179915930692e+01,9.658116388902242761e+03,9.658116388902242761e+03,1.142896973617312656e-03
8.838382182464755488e+01,9.658043485390813657e+03,9.658043485390813657e+03,1.156832143339432120e-03
8.838382185036657290e+01,9.657970986965749034e+03,9.657970986965749034e+03,1.168529159155075802e-03
8.838382187436526749e+01,9.657904288197909409e+03,9.657904288197909409e+03,1.174683309953849196e-03
8.838382189746793927e+01,9.657840941919113902e+03,9.657840941919113902e+03,1.174695157112393314e-03
8.838382192038294249e+01,9.657778935076899870e+03,9.657778935076899870e+03,1.168574603081408078e-03
8.838382194373669165e+01,9.657716579050338623e+03,9.657716579050338623e+03,1.156852367819437549e-03
8.838382196818028547e+01,9.657652210364069106e+03,9.657652210364069106e+03,1.140612403882620106e-03
8.838382199370825276e+01,9.657585954004031009e+03,9.657585954004031009e+03,1.122012750694315010e-03
8.838382201810597394e+01,9.657523549856432510e+03,9.657523549856432510e+03,1.104842992389738722e-03
8.838382204259563935e+01,9.657461801025066961e+03,9.657461801025066961e+03,1.089233519835586250e-03
8.838382206822386422e+01,9.657398132565262131e+03,9.657398132565262131e+03,1.095578491093131268e-03
8.838382209502499620e+01,9.657332580707963643e+03,9.657332580707963643e+03,1.108869067214823508e-03
8.838382212161155849e+01,9.657268582676890219e+03,9.657268582676890219e+03,1.119466318104700084e-03
8.838382214651771562e+01,9.657209552986942072e+03,9.657209552986942072e+03,1.124660772377189316e-03
8.838382217059003665e+01,9.657153339403963400e+03,9.657153339403963400e+03,1.123960647361260104e-03
8.838382219454993560e+01,9.657098205716922166e+03,9.657098205716922166e+03,1.117433505650224741e-03
8.838382221905131075e+01,9.657042660767267080e+03,9.657042660767267080e+03,1.105649277851404643e-03
8.838382224478246485e+01,9.656985231064696563e+03,9.656985231064696563e+03,1.089709306607970904e-03
8.838382227124108681e+01,9.656927134883093458e+03,9.656927134883093458e+03,1.072057250791092929e-03
8.838382229668557954e+01,9.656872177428374926e+03,9.656872177428374926e+03,1.055825946895424085e-03
8.838382232237110259e+01,9.656817597462797494e+03,9.656817597462797494e+03,1.040990391818361928e-03
8.838382234933253301e+01,9.656761271171926637e+03,9.656761271171926637e+03,1.050724358524546698e-03
8.838382237758253268e+01,9.656703308004311111e+03,9.656703308004311111e+03,1.063349052077448148e-03
8.838382240501357501e+01,9.656648052932128849e+03,9.656648052932128849e+03,1.072757281850142538e-03
8.838382243083411538e+01,9.656596960868406313e+03,9.656596960868406313e+03,1.076889044534938599e-03
8.838382245591300546e+01,9.656548185490568358e+03,9.656548185490568358e+03,1.075366727289695607e-03
8.838382248098228899e+01,9.656500262169985945e+03,9.656500262169985945e+03,1.068325136543768440e-03
8.838382250672601970e+01,9.656451911033440410e+03,9.656451911033440410e+03,1.056384921999624707e-03
8.838382253387528920e+01,9.656401861463349633e+03,9.656401861463349633e+03,1.040675949759572875e-03
8.838382256126402581e+01,9.656352346508958362e+03,9.656352346508958362e+03,1.023970833271592917e-03
8.838382258781142298e+01,9.656305284565993134e+03,9.656305284565993134e+03,1.008664984079929135e-03
8.838382261479829083e+01,9.656258377985106563e+03,9.656258377985106563e+03,9.963745457785317013e-04
8.838382264309611003e+01,9.656210200705416355e+03,9.656210200705416355e+03,1.008215551767864494e-03
8.838382267297878059e+01,9.656160441891406663e+03,9.656160441891406663e+03,1.020125539672457962e-03
8.838382270123054241e+01,9.656114447023515822e+03,9.656114447023515822e+03,1.028234910785274722e-03
8.838382272797636574e+01,9.656071838217018012e+03,9.656071838217018012e+03,1.031188322283359445e-03
8.838382275410909017e+01,9.656031083909601875e+03,9.656031083909601875e+03,1.028727321958309519e-03
8.838382278036947071e+01,9.655990995135738558e+03,9.655990995135738558e+03,1.021064463977775384e-03
8.838382280747558184e+01,9.655950523177498326e+03,9.655950523177498326e+03,1.008883652891180704e-03
8.838382283620916269e+01,9.655908621912574745e+03,9.655908621912574745e+03,9.933535092361705805e-04
8.838382667319859820e+01,9.654697871340804340e+03,9.654697871340804340e+03,6.255250016129004992e-04
8.838383349430380065e+01,9.654541639092964033e+03,9.654541639092964033e+03,3.889946201011691804e-04
8.838384422301119514e+01,9.654529878919309340e+03,9.654529878919309340e+03,2.426776590736517275e-04
8.838386205595385547e+01,9.654485117475342122e+03,9.654485117475342122e+03,1.519409054503094414e-04
8.838388997133881730e+01,9.654504358587229945e+03,9.654504358587229945e+03,9.459655936740596468e-05
8.838393552078883886e+01,9.654529549414608482e+03,9.654529549414608482e+03,5.957660596219442373e-05
8.838400542842424557e+01,9.654614003699245586e+03,9.654614003699245586e+03,3.757060205684829900e-05
8.838402750869197178e+01,9.654639935584387786e+03,9.654639935584387786e+03,6.022983068756609221e-05
8.838402816870298295e+01,9.654640389992908240e+03,9.654640389992908240e+03,9.606303939575364570e-05
8.838402857674562085e+01,9.654640599461348756e+03,9.654640599461348756e+03,1.529072375206294446e-04
8.838402883161120371e+01,9.654640669288428398e+03,9.654640669288428398e+03,2.428247842143802199e-04
8.838402899511694955e+01,9.654640650888570235e+03,9.654640650888570235e+03,3.896400864507038172e-04
8.838402909615138014e+01,9.654640578846661811e+03,9.654640578846661811e+03,6.183384970291227892e-04
8.838402916148055510e+01,9.654640469328720428e+03,9.654640469328720428e+03,9.848717335381937388e-04
8.838402916495242323e+01,9.654640460701824850e+03,9.654640460701824850e+03,1.016536615979379658e-03
8.838402918083170334e+01,9.654640415288535223e+03,9.654640415288535223e+03,1.190154994751889492e-03
8.838402919724570950e+01,9.654640360501669420e+03,9.654640360501669420e+03,1.440188387344661352e-03
8.838402921353754493e+01,9.654640287375726984e+03,9.654640287375726984e+03,1.808798779785746524e-03
8.838402923041971349e+01,9.654640184787500402e+03,9.654640184787500402e+03,2.436987341666437597e-03
8.838402924712322317e+01,9.654640038304483824e+03,9.654640038304483824e+03,3.608338828486692875e-03
8.838402926223012912e+01,9.654639822778592134e+03,9.654639822778592134e+03,5.958675371752584528e-03
8.838402927283576105e+01,9.654639571361745766e+03,9.654639571361745766e+03,9.794038425269570997e-03
8.838402928084819621e+01,9.654639260682277381e+03,9.654639260682277381e+03,1.612145799129352866e-02
8.838402928731198926e+01,9.654638855716797480e+03,9.654638855716797480e+03,2.639017631353860610e-02
8.838402929287030929e+01,9.654638315256133865e+03,9.654638315256133865e+03,4.220162979063203645e-02
8.838402929884342996e+01,9.654637426755936758e+03,9.654637426755936758e+03,6.705043199872554038e-02
8.838402931471752311e+01,9.654633699844483999e+03,9.654633699844483999e+03,1.001259768584387005e-01
8.838402933057552957e+01,9.654629277521220502e+03,9.654629277521220502e+03,1.097468756426802777e-01
8.838402934644604159e+01,9.654624441651132656e+03,9.654624441651132656e+03,1.194837599774670744e-01
8.838402936238715313e+01,9.654619169748581044e+03,9.654619169748581044e+03,1.289432150696316060e-01
8.838402937831375539e+01,9.654613489089762879e+03,9.654613489089762879e+03,1.383043508764900120e-01
8.838402939421430915e+01,9.654607407276524100e+03,9.654607407276524100e+03,1.473545564015243670e-01
8.838402941009329083e+01,9.654600917385634602e+03,9.654600917385634602e+03,1.572498006723766772e-01
8.838402942595027412e+01,9.654593988575215917e+03,9.654593988575215917e+03,1.669389105487982528e-01
8.838402944184834098e+01,9.654586590730437820e+03,9.654586590730437820e+03,1.768860818098784982e-01
8.838402945772938324e+01,9.654578729691898843e+03,9.654578729691898843e+03,1.875939738274692292e-01
8.838402947364461681e+01,9.654570356994470785e+03,9.654570356994470785e+03,1.978757748260707439e-01
8.838402948955835825e+01,9.654561459098298656e+03,9.654561459098298656e+03,2.089013049971538138e-01
8.838402950541907899e+01,9.654552036713033885e+03,9.654552036713033885e+03,2.206443031499622787e-01
8.838402952129146684e+01,9.654542011559782622e+03,9.654542011559782622e+03,2.326729013613842711e-01
8.838402953719045740e+01,9.654531329290668509e+03,9.654531329290668509e+03,2.457539650116640495e-01
8.838402955307432762e+01,9.654519960797339081e+03,9.654519960797339081e+03,2.592958937661824503e-01
8.838402956892707607e+01,9.654507862436366850e+03,9.654507862436366850e+03,2.741530513455167073e-01
8.838402958478393145e+01,9.654494935489607087e+03,9.654494935489607087e+03,2.898930588365083438e-01
8.838402960064804859e+01,9.654481098307838693e+03,9.654481098307838693e+03,3.064257607380004855e-01
8.838402961653517309e+01,9.654466242463351591e+03,9.654466242463351591e+03,3.249114120081014745e-01
8.838402963240467614e+01,9.654450291382279829e+03,9.654450291382279829e+03,3.442930573623066981e-01
8.838402964825125707e+01,9.654433132535208642e+03,9.654433132535208642e+03,3.658287378836726500e-01
8.838402966411379680e+01,9.654414582742976563e+03,9.654414582742976563e+03,3.887255249376729838e-01
8.838402967997699022e+01,9.654394486060415147e+03,9.654394486060415147e+03,4.135993562034993021e-01
8.838402969584551272e+01,9.654372643491740746e+03,9.654372643491740746e+03,4.414862423608901798e-01
8.838402971169917066e+01,9.654348852608562083e+03,9.654348852608562083e+03,4.707952339802771169e-01
8.838402972759030263e+01,9.654322765370978232e+03,9.654322765370978232e+03,5.026043802312957220e-01
8.838402974343978258e+01,9.654294192573617693e+03,9.654294192573617693e+03,5.400859568787246268e-01
8.838402975933502148e+01,9.654262596274427779e+03,9.654262596274427779e+03,5.801626479051867902e-01
8.838402977519960757e+01,9.654227670839112761e+03,9.654227670839112761e+03,6.229744085380682916e-01
8.838402979105978829e+01,9.654188822821946815e+03,9.654188822821946815e+03,6.711162902313331236e-01
8.838402980690558763e+01,9.654145404456225151e+03,9.654145404456225151e+03,7.245731787088067755e-01
8.838402982277762021e+01,9.654096472141543927e+03,9.654096472141543927e+03,7.799988250854187344e-01
8.838402983862570750e+01,9.654041136178751913e+03,9.654041136178751913e+03,8.488410405847359730e-01
8.838402985449597793e+01,9.653977898974872005e+03,9.653977898974872005e+03,9.211665910368193044e-01
8.838402987034069724e+01,9.653905239872095990e+03,9.653905239872095990e+03,9.967716649097810855e-01
8.838402988620281064e+01,9.653820689414040316e+03,9.653820689414040316e+03,1.092769180327860967e+00
8.838402990205452170e+01,9.653721309240154369e+03,9.653721309240154369e+03,1.190632998126948339e+00
8.838402991791609509e+01,9.653602710029364971e+03,9.653602710029364971e+03,1.310520396693746870e+00
8.838402993376932670e+01,9.653458902579113783e+03,9.653458902579113783e+03,1.450987199566880381e+00
8.838402994961343495e+01,9.653280818476736385e+03,9.653280818476736385e+03,1.610154793794804196e+00
8.838402996547391410e+01,9.653053791528223883e+03,9.653053791528223883e+03,1.795492734615447672e+00
8.838402998132993105e+01,9.652753949843736336e+03,9.652753949843736336e+03,2.026443160537300781e+00
8.838402999719029651e+01,9.652336850666100872e+03,9.652336850666100872e+03,2.296476891212885008e+00
8.838403001303650797e+01,9.651710351834268295e+03,9.651710351834268295e+03,2.610572712025140074e+00
8.838403002888611582e+01,9.650634023672757394e+03,9.650634023672757394e+03,3.120952056722910761e+00
8.838403004473487101e+01,9.648159831653594665e+03,9.648159831653594665e+03,3.841532332721418364e+00
8.838403005865933437e+01,nan,nan,6.089158207342325824e+00
8.838403006045652432e+01,nan,nan,9.710800273660618487e+00
8.838403006163142095e+01,nan,nan,6.111223474448610027e+00
8.838403007748011930e+01,nan,nan,4.247887927969991928e+00
8.838403009333063665e+01,nan,nan,4.294152867285352393e+00
8.838403010917467384e+01,nan,nan,4.302449675607651791e+00
8.838403012502814704e+01,nan,nan,4.213025970153873700e+00
8.838403014088325449e+01,nan,nan,4.074616491580007605e+00
8.838403015673635821e+01,nan,nan,3.764843116220745856e+00
8.838403017259382466e+01,nan,nan,3.403137753927787834e+00
8.838403018843980874e+01,nan,nan,3.176683845082803881e+00
8.838403020429134926e+01,nan,nan,2.856196566876159526e+00
8.838403022015000943e+01,nan,nan,2.326291212309148815e+00
8.838403023599593666e+01,nan,nan,1.760576094721273854e+00
8.838403025184994988e+01,nan,nan,1.275402556894205564e+00
8.838403026770063775e+01,nan,nan,9.270890498908713750e-01
8.838403028356462698e+01,nan,nan,8.257075907054878261e-01
8.838403029844894832e+01,nan,nan,5.166063686544614120e-01
8.838403031436914148e+01,nan,nan,3.539821123998774244e-01
8.838403033032645340e+01,nan,nan,2.724172661671206974e-01
8.838403034633337541e+01,nan,nan,2.027991325208267359e-01
8.838403036233269461e+01,nan,nan,1.626127403366109669e-01
8.838403037822750719e+01,nan,nan,1.307298480481001723e-01
8.838403039416016327e+01,nan,nan,1.134539569607057458e-01
8.838403041008344019e+01,nan,nan,9.523659120575243830e-02
8.838403042603820836e+01,nan,nan,8.823990549068923273e-02
8.838403044223606742e+01,nan,nan,7.414611384665735494e-02
8.838403045826409254e+01,nan,nan,6.698713278001965088e-02
8.838403047414428215e+01,nan,nan,6.446843600552464026e-02
8.838403049005420087e+01,nan,nan,5.505526993733389496e-02
8.838403050647092130e+01,nan,nan,5.357080888655068457e-02
8.838403052286001582e+01,nan,nan,5.014112795048869531e-02
8.838403053871118686e+01,nan,nan,4.637081400007931481e-02
8.838403055492234728e+01,nan,nan,4.204423951658068509e-02
8.838403057147239394e+01,nan,nan,3.810269625450011383e-02
8.838403058766608922e+01,nan,nan,3.808957721149602155e-02
8.838403060407542000e+01,nan,nan,3.441258247250320729e-02
8.838403062045799174e+01,nan,nan,3.388554869837616390e-02
8.838403063693169770e+01,nan,nan,3.021443393863159493e-02
8.838403065351191401e+01,nan,nan,3.057964084284139558e-02
8.838403066941451414e+01,nan,nan,2.921015118458673843e-02
8.838403068635355453e+01,nan,nan,2.670363001072548897e-02
8.838403070293733776e+01,nan,nan,2.499513570797317133e-02
8.838403071915834630e+01,nan,nan,2.445862116627598240e-02
8.838403073617843120e+01,nan,nan,2.402451559749092455e-02
8.838403075248882601e+01,nan,nan,2.323387645117905645e-02
8.838403076941457925e+01,nan,nan,2.245983523784217048e-02
8.838403078559430526e+01,nan,nan,2.147799029049190719e-02
8.838403080231370268e+01,nan,nan,2.051403033190625849e-02
8.838403081959822316e+01,nan,nan,1.958244918925680991e-02
8.838403083600665866e+01,nan,nan,1.850848359248804045e-02
8.838403085306735818e+01,nan,nan,1.814994333809306568e-02
8.838403086895401373e+01,nan,nan,1.822327838049096413e-02
8.838403088562004939e+01,nan,nan,1.803627057806231684e-02
8.838403090285191865e+01,nan,nan,1.728746857935131373e-02
8.838403092004631389e+01,nan,nan,1.612356305063113171e-02
8.838403093617635875e+01,nan,nan,1.583860413096415190e-02
8.838403095281894650e+01,nan,nan,1.604260762790652578e-02
8.838403097030351319e+01,nan,nan,1.541206279982011533e-02
8.838403098743367536e+01,nan,nan,1.427625589744788842e-02
8.838403100333259488e+01,nan,nan,1.467983070541914632e-02
8.838403102027767488e+01,nan,nan,1.433764517332911798e-02
8.838403103665606864e+01,nan,nan,1.335631743531813520e-02
8.838403105377751956e+01,nan,nan,1.373743188808291757e-02
8.838403107187320984e+01,nan,nan,1.322407225042789014e-02
8.838403108949914611e+01,nan,nan,1.250235727193771580e-02
8.838403110585143452e+01,nan,nan,1.289452670016283907e-02
8.838403112219103264e+01,nan,nan,1.186303056085155974e-02
8.838403113892384511e+01,nan,nan,1.225982209043023456e-02
8.838403115655576414e+01,nan,nan,1.171789832144857525e-02
8.838403117372007500e+01,nan,nan,1.149930658276200439e-02
8.838403118960962956e+01,nan,nan,1.140679543960723859e-02
8.838403120739936014e+01,nan,nan,1.093510537866284639e-02
8.838403122386249322e+01,nan,nan,1.107528443694509937e-02
8.838403124237341046e+01,nan,nan,1.040918698571821621e-02
8.838403125941610483e+01,nan,nan,1.071764768421050798e-02
8.838403127596487252e+01,nan,nan,1.005112363790801322e-02
8.838403129362478694e+01,nan,nan,1.032686303656546976e-02
8.838403131077011210e+01,nan,nan,9.704048954441562083e-03
8.838403132907558302e+01,nan,nan,9.951048643018822748e-03
8.838403134682312157e+01,nan,nan,9.367998889015353298e-03
8.838403136278714101e+01,nan,nan,9.527621061144072451e-03
8.838403138095614509e+01,nan,nan,9.187882288008377210e-03
8.838403139736064418e+01,nan,nan,9.074346372199370778e-03
8.838403141610939429e+01,nan,nan,9.016393389851032683e-03
8.838403143293147934e+01,nan,nan,8.621364459750500975e-03
8.838403144954274637e+01,nan,nan,8.891793873761068973e-03
8.838403146643054242e+01,nan,nan,8.302025934094740128e-03
8.838403148420945854e+01,nan,nan,8.590019450433509021e-03
8.838403150106067585e+01,nan,nan,8.249509061312190056e-03
8.838403151935018798e+01,nan,nan,8.131103523560207977e-03
8.838403153670330425e+01,nan,nan,8.193912154658759134e-03
8.838403155515685228e+01,nan,nan,7.636688147783161559e-03
8.838403157405676325e+01,nan,nan,8.000515103847222198e-03
8.838403159260151654e+01,nan,nan,7.543088670674680599e-03
8.838403161242487727e+01,nan,nan,7.658401571324945263e-03
8.838403163087728842e+01,nan,nan,7.507192498606963214e-03
8.838403164692822145e+01,nan,nan,7.118280373278738048e-03
8.838403166346212458e+01,nan,nan,7.435564075276824246e-03
8.838403168311602087e+01,nan,nan,7.107272044697831789e-03
8.838403169978609242e+01,nan,nan,6.970295565046503126e-03
8.838403171642644907e+01,nan,nan,7.172645235389826616e-03
8.838403173298392801e+01,nan,nan,6.840084165919908636e-03
8.838403175030525460e+01,nan,nan,6.739636354104493361e-03
8.838403176740450817e+01,nan,nan,6.915228065337461830e-03
8.838403178460713150e+01,nan,nan,6.583177467724380880e-03
8.838403180262508840e+01,nan,nan,6.517779828429376768e-03
8.838403182018612370e+01,nan,nan,6.666496433669609825e-03
8.838403183807528762e+01,nan,nan,6.335552259802008403e-03
8.838403185684323660e+01,nan,nan,6.304860203263836123e-03
8.838403187487902812e+01,nan,nan,6.425674616546179704e-03
8.838403189350688649e+01,nan,nan,6.095908391181409890e-03
8.838403191308897533e+01,nan,nan,6.101245867848307039e-03
8.838403193160949911e+01,nan,nan,6.191717743282977929e-03
8.838403195104793042e+01,nan,nan,5.862928893047212459e-03
8.838403197150446999e+01,nan,nan,5.906990850910128800e-03
8.838403199052355319e+01,nan,nan,5.963258573079549887e-03
8.838403201077635174e+01,nan,nan,5.636955991160336014e-03
8.838403203199092673e+01,nan,nan,5.718624059441332341e-03
8.838403205155591991e+01,nan,nan,5.741111690713748480e-03
8.838403207257594829e+01,nan,nan,5.421026532257191242e-03
8.838403208898964181e+01,nan,nan,5.470058764661496313e-03
8.838403210973399382e+01,nan,nan,5.570624752759407473e-03
8.838403212567280320e+01,nan,nan,5.369234353817084644e-03
8.838403214211739112e+01,nan,nan,5.162676302180895481e-03
8.838403215952882874e+01,nan,nan,5.357998294939901596e-03
8.838403218037291253e+01,nan,nan,5.313754417937653629e-03
8.838403219762527385e+01,nan,nan,5.076898398719606638e-03
8.838403221500449547e+01,nan,nan,5.073346302570452479e-03
8.838403223230490369e+01,nan,nan,5.205353462950114245e-03
8.838403224850669915e+01,nan,nan,5.106012903578899254e-03
8.838403226632284770e+01,nan,nan,4.878349890873998410e-03
8.838403228458099647e+01,nan,nan,4.922580379980522926e-03
8.838403230209524963e+01,nan,nan,5.025437814015636800e-03
8.838403231904763402e+01,nan,nan,4.904534704405261007e-03
8.838403233753207644e+01,nan,nan,4.687815350857483382e-03
8.838403235677407110e+01,nan,nan,4.777223297175555577e-03
8.838403237454591022e+01,nan,nan,4.848294630574506194e-03
8.838403239238394349e+01,nan,nan,4.706117501499345636e-03
8.838403241152239787e+01,nan,nan,4.503574361692207206e-03
8.838403243146042598e+01,nan,nan,4.634114663926409451e-03
8.838403244957763150e+01,nan,nan,4.673543840798917957e-03
8.838403246844785599e+01,nan,nan,4.513289133078876234e-03
8.838403248809763113e+01,nan,nan,4.330644548096966931e-03
8.838403250880627127e+01,nan,nan,4.493096576374722498e-03
8.838403252736686966e+01,nan,nan,4.500717883364912034e-03
8.838403254744063986e+01,nan,nan,4.325745338850069295e-03
8.838403256776619799e+01,nan,nan,4.207076837738813781e-03
8.838403258897909609e+01,nan,nan,4.353572315645231304e-03
8.838403260810618178e+01,nan,nan,4.329080971174897353e-03
8.838403262905536906e+01,nan,nan,4.148175500294279568e-03
8.838403265028900080e+01,nan,nan,4.089442798517127844e-03
8.838403267192913404e+01,nan,nan,4.214060527827579762e-03
8.838403269177764798e+01,nan,nan,4.159433582054922196e-03
8.838403271381415038e+01,nan,nan,3.976995424850615288e-03
8.838403273606999733e+01,nan,nan,3.978522876645206909e-03
8.838403275794277647e+01,nan,nan,4.074422553597024411e-03
8.838403277870381203e+01,nan,nan,3.990787349089958309e-03
8.838403280145799101e+01,nan,nan,3.815389677431183825e-03
8.838403282502109448e+01,nan,nan,3.870907422716142725e-03
8.838403284699070639e+01,nan,nan,3.933909535739431307e-03
8.838403286889315780e+01,nan,nan,3.824736735775494372e-03
8.838403288484653331e+01,nan,nan,3.707836819205915287e-03
8.838403290878207486e+01,nan,nan,3.718510626735028850e-03
8.838403292470076167e+01,nan,nan,3.792146699802853831e-03
8.838403294666504451e+01,nan,nan,3.763562987727142074e-03
8.838403296263214770e+01,nan,nan,3.661393005590326578e-03
8.838403297876624265e+01,nan,nan,3.555826430955838936e-03
8.838403299529169033e+01,nan,nan,3.572383485412440867e-03
8.838403301231026887e+01,nan,nan,3.654730041862677518e-03
8.838403303507725184e+01,nan,nan,3.649147326841021416e-03
8.838403305117834918e+01,nan,nan,3.560360081469181488e-03
8.838403306812313076e+01,nan,nan,3.453576840413534639e-03
8.838403308499925970e+01,nan,nan,3.434898789615367480e-03
8.838403310264604329e+01,nan,nan,3.520153824281143165e-03
8.838403311857561562e+01,nan,nan,3.548693442174340879e-03
8.838403314266207644e+01,nan,nan,3.460655701793204260e-03
8.838403316036163915e+01,nan,nan,3.354961769047867543e-03
8.838403317761925848e+01,nan,nan,3.303940611880394878e-03
8.838403319601344776e+01,nan,nan,3.389728487255175716e-03
8.838403321274077484e+01,nan,nan,3.429271083402636588e-03
8.838403322891680602e+01,nan,nan,3.399526061979627096e-03
8.838403324645433656e+01,nan,nan,3.310904052585128890e-03
8.838403326441626007e+01,nan,nan,3.214408168458975697e-03
8.838403328268323378e+01,nan,nan,3.220644406732771966e-03
8.838403330151380999e+01,nan,nan,3.295704368047813141e-03
8.838403331839670329e+01,nan,nan,3.311808053019315353e-03
8.838403333538317952e+01,nan,nan,3.261707779162494915e-03
8.838403335417901019e+01,nan,nan,3.165575661568695558e-03
8.838403337252491099e+01,nan,nan,3.080168421230071538e-03
8.838403339197579101e+01,nan,nan,3.142132320784917898e-03
8.838403341054599593e+01,nan,nan,3.197870124901020308e-03
8.838403342782459049e+01,nan,nan,3.190990906638675045e-03
8.838403344590363986e+01,nan,nan,3.123557775863128414e-03
8.838403346551855577e+01,nan,nan,3.028675837089188534e-03
8.838403348466856357e+01,nan,nan,2.985977755563183102e-03
8.838403350497883082e+01,nan,nan,3.062484008480534717e-03
8.838403352342984931e+01,nan,nan,3.095870309736400722e-03
8.838403354136427481e+01,nan,nan,3.066926395975672157e-03
8.838403356090194052e+01,nan,nan,2.985865100340158798e-03
8.838403358074508276e+01,nan,nan,2.899917672750889405e-03
8.838403360105148465e+01,nan,nan,2.914253056852761977e-03
8.838403362176248379e+01,nan,nan,2.979141019312344946e-03
8.838403364038217092e+01,nan,nan,2.989194589971786407e-03
8.838403365928951416e+01,nan,nan,2.940168281795542578e-03
8.838403368010978056e+01,nan,nan,2.853104903768768560e-03
8.838403370044241569e+01,nan,nan,2.777317847895099685e-03
8.838403372221583254e+01,nan,nan,2.846353155874558737e-03
8.838403374245962141e+01,nan,nan,2.890723297307631629e-03
8.838403376157341995e+01,nan,nan,2.877933527102789421e-03
8.838403378184314363e+01,nan,nan,2.812236722118824882e-03
8.838403380347989469e+01,nan,nan,2.727912770850389034e-03
8.838403382486946214e+01,nan,nan,2.708630582422412881e-03
8.838403384718398570e+01,nan,nan,2.774859344593212217e-03
8.838403386734933065e+01,nan,nan,2.796773617416696989e-03
8.838403388731279620e+01,nan,nan,2.762682156168246115e-03
8.838403390944256444e+01,nan,nan,2.684917146084744334e-03
8.838403393124769991e+01,nan,nan,2.610386987893125940e-03
8.838403395403682339e+01,nan,nan,2.647509314176146183e-03
8.838403397625694424e+01,nan,nan,2.698147465881620306e-03
8.838403399673366323e+01,nan,nan,2.697171498685263600e-03
8.838403401797816628e+01,nan,nan,2.644499277557026216e-03
8.838403404112466433e+01,nan,nan,2.565210565824308907e-03
8.838403406375711313e+01,nan,nan,2.521339403137576318e-03
8.838403408779188908e+01,nan,nan,2.585789904206335903e-03
8.838403410965675278e+01,nan,nan,2.615229478738224141e-03
8.838403413086589921e+01,nan,nan,2.592433941790116270e-03
8.838403415392747320e+01,nan,nan,2.525429351858292544e-03
8.838403417744765989e+01,nan,nan,2.452830556540183757e-03
8.838403420150002887e+01,nan,nan,2.465637933576673990e-03
8.838403422582692315e+01,nan,nan,2.518914881388679625e-03
8.838403424781121487e+01,nan,nan,2.525855614390864600e-03
8.838403427023992265e+01,nan,nan,2.483394575158686182e-03
8.838403429488049312e+01,nan,nan,2.410270982849042985e-03
8.838403431898248641e+01,nan,nan,2.351178627903292937e-03
8.838403434488922983e+01,nan,nan,2.412382661621515628e-03
8.838403436853374728e+01,nan,nan,2.445404295586714374e-03
8.838403439114811988e+01,nan,nan,2.430029172505505757e-03
8.838403441541868233e+01,nan,nan,2.371532609997394590e-03
8.838403444077250981e+01,nan,nan,2.302074348644748795e-03
8.838403446633849114e+01,nan,nan,2.301116266357823136e-03
8.838403449257631905e+01,nan,nan,2.353554337888750722e-03
8.838403451616063933e+01,nan,nan,2.364464586791505292e-03
8.838403453997935344e+01,nan,nan,2.328808101064073696e-03
8.838403456628324761e+01,nan,nan,2.261386222759058373e-03
8.838403459203175316e+01,nan,nan,2.200553346921229215e-03
8.838403461952842122e+01,nan,nan,2.253673930445087171e-03
8.838403464498065887e+01,nan,nan,2.287442454447426079e-03
8.838403466912707529e+01,nan,nan,2.276354976219636776e-03
8.838403469484934760e+01,nan,nan,2.224120007436648522e-03
8.838403472209556355e+01,nan,nan,2.158479083563357229e-03
8.838403474930115067e+01,nan,nan,2.151206165339565515e-03
8.838403477732747149e+01,nan,nan,2.201083035812337416e-03
8.838403480258037348e+01,nan,nan,2.213410216219815346e-03
8.838403482795486354e+01,nan,nan,2.182099259862295589e-03
8.838403485605130072e+01,nan,nan,2.119676593420068752e-03
8.838403488357408833e+01,nan,nan,2.062183725213626983e-03
8.838403491284226732e+01,nan,nan,2.108444592624045440e-03
8.838403494009192229e+01,nan,nan,2.140893384071931426e-03
8.838403496587996244e+01,nan,nan,2.131596584225462204e-03
8.838403499329045587e+01,nan,nan,2.083618817392089966e-03
8.838403502244977972e+01,nan,nan,2.022116262037031414e-03
8.838403505149717887e+01,nan,nan,2.014233787554390014e-03
8.838403508140613951e+01,nan,nan,2.060772659647773248e-03
8.838403510836671728e+01,nan,nan,2.072270684527080607e-03
8.838403513547307000e+01,nan,nan,2.043027981267455523e-03
8.838403516547934657e+01,nan,nan,1.984792098540353374e-03
8.838403519489052940e+01,nan,nan,1.930937960704244647e-03
8.838403522620679098e+01,nan,nan,1.975659928512758703e-03
8.838403525520008941e+01,nan,nan,2.005039629730301452e-03
8.838403528273968845e+01,nan,nan,1.995333477753363956e-03
8.838403531211254460e+01,nan,nan,1.949778909196629977e-03
8.838403532799527795e+01,nan,nan,1.919823712077630123e-03
8.838403535839682945e+01,nan,nan,1.867859563911617414e-03
8.838403537430107804e+01,nan,nan,1.889071487930780177e-03
8.838403539085818750e+01,nan,nan,1.913574660143895411e-03
8.838403542069565333e+01,nan,nan,1.940827908438528615e-03
8.838403544915860266e+01,nan,nan,1.930184660162856392e-03
8.838403547963655171e+01,nan,nan,1.885242496297465445e-03
8.838403549597379083e+01,nan,nan,1.856431774100914412e-03
8.838403552740355451e+01,nan,nan,1.807636432951177782e-03
8.838403554388372640e+01,nan,nan,1.830586323302737595e-03
8.838403556102355196e+01,nan,nan,1.854093174095707485e-03
8.838403559169158541e+01,nan,nan,1.878895639028344781e-03
8.838403562111636802e+01,nan,nan,1.866930497870460072e-03
8.838403565279340057e+01,nan,nan,1.822301199980795724e-03
8.838403566957468627e+01,nan,nan,1.794646846599707224e-03
8.838403568574233304e+01,nan,nan,1.769577662749634295e-03
8.838403570207987059e+01,nan,nan,1.752200981826526095e-03
8.838403571914679446e+01,nan,nan,1.774624122762735560e-03
8.838403573665495117e+01,nan,nan,1.796788624301074279e-03
8.838403575278825031e+01,nan,nan,1.812157515474216701e-03
8.838403578328912147e+01,nan,nan,1.816849618303478450e-03
8.838403581451574098e+01,nan,nan,1.786528061169104188e-03
8.838403583154786247e+01,nan,nan,1.761277388863221032e-03
8.838403584877798380e+01,nan,nan,1.734769803456959972e-03
8.838403586546795054e+01,nan,nan,1.710756223425031423e-03
8.838403588241266107e+01,nan,nan,1.698935903675792558e-03
8.838403590010044297e+01,nan,nan,1.720828623408284614e-03
8.838403591796742376e+01,nan,nan,1.741604231190138760e-03
8.838403593450435380e+01,nan,nan,1.755563970498652494e-03
8.838403596595037470e+01,nan,nan,1.758050527195304706e-03
8.838403598181042753e+01,nan,nan,1.746279802763635184e-03
8.838403599836736646e+01,nan,nan,1.726969972048276363e-03
8.838403601613866556e+01,nan,nan,1.702022378370218704e-03
8.838403603382148788e+01,nan,nan,1.676661371493001155e-03
8.838403605105850147e+01,nan,nan,1.653675938796629044e-03
8.838403606865222173e+01,nan,nan,1.647838247146214078e-03
8.838403608700321001e+01,nan,nan,1.669184502830681162e-03
8.838403610521439191e+01,nan,nan,1.688492646052169432e-03
8.838403612215343230e+01,nan,nan,1.700952178374876000e-03
8.838403613843887285e+01,nan,nan,1.705272969656728473e-03
8.838403615457883689e+01,nan,nan,1.701035279339936862e-03
8.838403617103097076e+01,nan,nan,1.688579470459955229e-03
8.838403618827359765e+01,nan,nan,1.669038368253059198e-03
8.838403620685498652e+01,nan,nan,1.644353993683399327e-03
8.838403622499352252e+01,nan,nan,1.620152395980127948e-03
8.838403624280911686e+01,nan,nan,1.598166936792746280e-03
8.838403626110648759e+01,nan,nan,1.598945351057424720e-03
8.838403628017641722e+01,nan,nan,1.619706747948655972e-03
8.838403629870968814e+01,nan,nan,1.637418051379904097e-03
8.838403631604671773e+01,nan,nan,1.648233560379155655e-03
8.838403633280510974e+01,nan,nan,1.651062761770148279e-03
8.838403634949379750e+01,nan,nan,1.645619132428597026e-03
8.838403636658551932e+01,nan,nan,1.632354738353724655e-03
8.838403638458268574e+01,nan,nan,1.612495420136503960e-03
8.838403640407054240e+01,nan,nan,1.588031488350487167e-03
8.838403642266752058e+01,nan,nan,1.565020647070039777e-03
8.838403644110596247e+01,nan,nan,1.544000596767250433e-03
8.838403646018373649e+01,nan,nan,1.552361493207860118e-03
8.838403648005153457e+01,nan,nan,1.572455468975100237e-03
8.838403649887382585e+01,nan,nan,1.588354575626922368e-03
8.838403651660155447e+01,nan,nan,1.597294764286352276e-03
8.838403653385023517e+01,nan,nan,1.598398899042795729e-03
8.838403655112894342e+01,nan,nan,1.591532994647822542e-03
8.838403656892805316e+01,nan,nan,1.577283647313669967e-03
8.838403658777917826e+01,nan,nan,1.556992902384967412e-03
8.838403660782043403e+01,nan,nan,1.533285614478708484e-03
8.838403662691567320e+01,nan,nan,1.511446078377763754e-03
8.838403664603509924e+01,nan,nan,1.491308969640629725e-03
8.838403666598206598e+01,nan,nan,1.507828396552337961e-03
8.838403668674116886e+01,nan,nan,1.527104820307202638e-03
8.838403670583750227e+01,nan,nan,1.540990956991161124e-03
8.838403672396407273e+01,nan,nan,1.547868578578001685e-03
8.838403674173397917e+01,nan,nan,1.547076360471245178e-03
8.838403675965771811e+01,nan,nan,1.538647193823135034e-03
8.838403677824713611e+01,nan,nan,1.523320469751822176e-03
8.838403679806989999e+01,nan,nan,1.502569463496374784e-03
8.838403681844980042e+01,nan,nan,1.479964768320100313e-03
8.838403683809806921e+01,nan,nan,1.459268869477556253e-03
8.838403685797668174e+01,nan,nan,1.446678671154897570e-03
8.838403687872158798e+01,nan,nan,1.465199648964395605e-03
8.838403689969639743e+01,nan,nan,1.482840098728256282e-03
8.838403691910326643e+01,nan,nan,1.494756224319237093e-03
8.838403693767673985e+01,nan,nan,1.499678040958758903e-03
8.838403695601333254e+01,nan,nan,1.497127697967217232e-03
8.838403697463455444e+01,nan,nan,1.487297406285083756e-03
8.838403699407787428e+01,nan,nan,1.471070001231418282e-03
8.838403701495283826e+01,nan,nan,1.450032150724600739e-03
8.838403703571870551e+01,nan,nan,1.428562642505292650e-03
8.838403705598776128e+01,nan,nan,1.408919661414133112e-03
8.838403707670831011e+01,nan,nan,1.405888968480364801e-03
8.838403709830390653e+01,nan,nan,1.424036243882432747e-03
8.838403711945042573e+01,nan,nan,1.439861873646990000e-03
8.838403713919558413e+01,nan,nan,1.449753935336752083e-03
8.838403715825275242e+01,nan,nan,1.452700881511940828e-03
8.838403717720620989e+01,nan,nan,1.448404762756881018e-03
8.838403719659301316e+01,nan,nan,1.437218352086407644e-03
8.838403721698155380e+01,nan,nan,1.420170131775648449e-03
8.838403723903257969e+01,nan,nan,1.398948190138809113e-03
8.838403726021911666e+01,nan,nan,1.378652644452989413e-03
8.838403728119060077e+01,nan,nan,1.359970177536039531e-03
8.838403730286978544e+01,nan,nan,1.366988045800627367e-03
8.838403732544021807e+01,nan,nan,1.384570098318361813e-03
8.838403734674848522e+01,nan,nan,1.398333977520167977e-03
8.838403736684402645e+01,nan,nan,1.405982843113119532e-03
8.838403738642375629e+01,nan,nan,1.406763354899870670e-03
8.838403740606325698e+01,nan,nan,1.400571116213106823e-03
8.838403742632058879e+01,nan,nan,1.387937813262256044e-03
8.838403744780370630e+01,nan,nan,1.370054737703239748e-03
8.838403747050651305e+01,nan,nan,1.349363808308209119e-03
8.838403749219742167e+01,nan,nan,1.330222824269005960e-03
8.838403751397856922e+01,nan,nan,1.313202652684038836e-03
8.838403753671993002e+01,nan,nan,1.329833460716495653e-03
8.838403756005862988e+01,nan,nan,1.346326203430754567e-03
8.838403758155207868e+01,nan,nan,1.357842305995207201e-03
8.838403760204330695e+01,nan,nan,1.363129422816469370e-03
8.838403762220876558e+01,nan,nan,1.361673223821492466e-03
8.838403764262415052e+01,nan,nan,1.353569227589820250e-03
8.838403766387571636e+01,nan,nan,1.339537415231128580e-03
8.838403768662246307e+01,nan,nan,1.320932685133300059e-03
8.838403770960299255e+01,nan,nan,1.301305458047922504e-03
8.838403773191969037e+01,nan,nan,1.283241482564916264e-03
8.838403775464503553e+01,nan,nan,1.277681382189734850e-03
8.838403777833042341e+01,nan,nan,1.294100645335795503e-03
8.838403780167068646e+01,nan,nan,1.308684544799512423e-03
8.838403782342729187e+01,nan,nan,1.317973453026209272e-03
8.838403784439667277e+01,nan,nan,1.321008153961032543e-03
8.838403786522751204e+01,nan,nan,1.317482336378359006e-03
8.838403788651032755e+01,nan,nan,1.307681635159079619e-03
8.838403790886778211e+01,nan,nan,1.292502695722840293e-03
8.838403793302168765e+01,nan,nan,1.273434160367222043e-03
8.838403795637010774e+01,nan,nan,1.254935175399206218e-03
8.838403797944371831e+01,nan,nan,1.237812054816322732e-03
8.838403800327246529e+01,nan,nan,1.243717437307090149e-03
8.838403802807567899e+01,nan,nan,1.259644435040623402e-03
8.838403805145389924e+01,nan,nan,1.272050205546596501e-03
8.838403807351748753e+01,nan,nan,1.278908431791442920e-03
8.838403809503166997e+01,nan,nan,1.279541468618715155e-03
8.838403811662780640e+01,nan,nan,1.273859079361460561e-03
8.838403813891997629e+01,nan,nan,1.262350188361575009e-03
8.838403816257942935e+01,nan,nan,1.246099039902202063e-03
8.838403818749983998e+01,nan,nan,1.227382645673413559e-03
8.838403821135004534e+01,nan,nan,1.210001681417032220e-03
8.838403823534299875e+01,nan,nan,1.196103852411560401e-03
8.838403826037583144e+01,nan,nan,1.211292816033338222e-03
8.838403828580031529e+01,nan,nan,1.225954005989247095e-03
8.838403830928672278e+01,nan,nan,1.235995692067307907e-03
8.838403833174402280e+01,nan,nan,1.240341540661761728e-03
8.838403835390116114e+01,nan,nan,1.238563861510637819e-03
8.838403837638904292e+01,nan,nan,1.230789876322616180e-03
8.838403839985653576e+01,nan,nan,1.217715325850207567e-03
8.838403842503974772e+01,nan,nan,1.200602298513160204e-03
8.838403845018729044e+01,nan,nan,1.182910109715760039e-03
8.838403847473369979e+01,nan,nan,1.166532801856335093e-03
8.838403849984196370e+01,nan,nan,1.165064179057088761e-03
8.838403852599022059e+01,nan,nan,1.180010469242518756e-03
8.838403855129037368e+01,nan,nan,1.192612751994485141e-03
8.838403857499883998e+01,nan,nan,1.200248209126811034e-03
8.838403859796534334e+01,nan,nan,1.202142881230901629e-03
8.838403862088379981e+01,nan,nan,1.198094002734109405e-03
8.838403864440411439e+01,nan,nan,1.188439335512853729e-03
8.838403866922269003e+01,nan,nan,1.174071976987452800e-03
8.838403869613279085e+01,nan,nan,1.156411635071002714e-03
8.838403872164069242e+01,nan,nan,1.139831773690816929e-03
8.838403874709037211e+01,nan,nan,1.124275190410462888e-03
8.838403877357160354e+01,nan,nan,1.135638386382727691e-03
8.838403880103551558e+01,nan,nan,1.149886611679907166e-03
8.838403882625964059e+01,nan,nan,1.160015130747559181e-03
8.838403885026124840e+01,nan,nan,1.164914517182456984e-03
8.838403887384750135e+01,nan,nan,1.164104361898195229e-03
8.838403889769377031e+01,nan,nan,1.157624802698547064e-03
8.838403892248369687e+01,nan,nan,1.146047713253351211e-03
8.838403894898358715e+01,nan,nan,1.130477567267152046e-03
8.838403897595486569e+01,nan,nan,1.113731687032407276e-03
8.838403900210487052e+01,nan,nan,1.098171142202717483e-03
8.838403902871181117e+01,nan,nan,1.093328602824661031e-03
8.838403905642650216e+01,nan,nan,1.107319913207072300e-03
8.838403908356700356e+01,nan,nan,1.119537946737975218e-03
8.838403910891388193e+01,nan,nan,1.127214354875708110e-03
8.838403913339362816e+01,nan,nan,1.129560715197294556e-03
8.838403915775792541e+01,nan,nan,1.126333620075449515e-03
8.838403918269762016e+01,nan,nan,1.117796485538441811e-03
8.838403920894639043e+01,nan,nan,1.104731771297510741e-03
8.838403923736272816e+01,nan,nan,1.088403430576771009e-03
8.838403926461425897e+01,nan,nan,1.072704354338039874e-03
8.838403929167378692e+01,nan,nan,1.057967266539012368e-03
8.838403931973370220e+01,nan,nan,1.066395755392226564e-03
8.838403934892210145e+01,nan,nan,1.079845175685078965e-03
8.838403937586393511e+01,nan,nan,1.089632369884857436e-03
8.838403940144992532e+01,nan,nan,1.094568926124168213e-03
8.838403942654990431e+01,nan,nan,1.094168979158761630e-03
8.838403945188663613e+01,nan,nan,1.088436891575017941e-03
8.838403947818514439e+01,nan,nan,1.077875127884787019e-03
8.838403950625406935e+01,nan,nan,1.063484142100847756e-03
8.838403953505117272e+01,nan,nan,1.047726473970172698e-03
8.838403956290137842e+01,nan,nan,1.033024005803218157e-03
8.838403959118491571e+01,nan,nan,1.027457268770987737e-03
8.838403962064295172e+01,nan,nan,1.040579411029217850e-03
8.838403964954419223e+01,nan,nan,1.052102440558393007e-03
8.838403967652121196e+01,nan,nan,1.059389043564740564e-03
8.838403970256624120e+01,nan,nan,1.061689358308409844e-03
8.838403972848149692e+01,nan,nan,1.058764539452332213e-03
8.838403975500206400e+01,nan,nan,1.050851820979554737e-03
8.838403978290786256e+01,nan,nan,1.038674390168967945e-03
8.838403981311178370e+01,nan,nan,1.023401998814354313e-03
8.838403984212646947e+01,nan,nan,1.008639799710059218e-03
8.838403987093325043e+01,nan,nan,9.947214350768407171e-04
