cycle_time_years,leading_front_depth_m,deepest_front_depth_m,maximum_velocity_m_s
0.000000000000000000e+00,nan,nan,9.965465898764834431e-04
3.338453146968138294e-06,nan,nan,6.280354204075480617e-04
8.672816848822575210e-06,nan,nan,3.951524518223039229e-04
1.714693166355786043e-05,nan,nan,2.491326573686167885e-04
3.111237303689124264e-05,nan,nan,1.567070170767565288e-04
5.370798995081612465e-05,2.817420316739982809e+03,2.817420316739982809e+03,9.813530842123705780e-05
8.973517103497633668e-05,4.327370783276617658e+03,4.327370783276617658e+03,6.180053354049422668e-05
1.483947413531045182e-04,6.003344544165664956e+03,6.003344544165664956e+03,3.889399207515013401e-05
2.443101822711924126e-04,7.881195286194133587e+03,7.881195286194133587e+03,2.441369890461641634e-05
3.996106678745630584e-04,9.963317758987497655e+03,9.963317758987497655e+03,1.537090597516012718e-05
6.510878923827953264e-04,1.214888512780395649e+04,1.214888512780395649e+04,9.653842039700646528e-06
1.054327316113979913e-03,1.359548738603531820e+04,1.359548738603531820e+04,6.075306287651574723e-06
1.716003915754492218e-03,1.398325963669918747e+04,1.398325963669918747e+04,3.819053582939889740e-06
2.784183683675103046e-03,1.433465612989294459e+04,1.433465612989294459e+04,2.404239105620898096e-06
4.513562747962962009e-03,1.465379180679151432e+04,1.465379180679151432e+04,1.516163374494762852e-06
7.268848648137048001e-03,1.493440955371469499e+04,1.493440955371469499e+04,9.539495050744433898e-07
1.158314875517791470e-02,1.516985276547372814e+04,1.516985276547372814e+04,5.993283052319440903e-07
1.828515802447682956e-02,1.536889251208865971e+04,1.536889251208865971e+04,3.758069130006941437e-07
2.787565553910886784e-02,1.552520320611823627e+04,1.552520320611823627e+04,2.370743738799736870e-07
4.041301947363847014e-02,1.564093825351454325e+04,1.564093825351454325e+04,1.490865790880833251e-07
5.531555523566426824e-02,1.572381945810129218e+04,1.572381945810129218e+04,9.404413872998390204e-08
7.273026436820399787e-02,1.578637908841288299e+04,1.578637908841288299e+04,5.900333175359998404e-08
9.349387869997000111e-02,1.583714459489510227e+04,1.583714459489510227e+04,3.688315516645578465e-08
1.185570576632343498e-01,1.588046366532566935e+04,1.588046366532566935e+04,2.381811971107462694e-08
1.447837314475887149e-01,1.591449010489563261e+04,1.591449010489563261e+04,1.976690710269592993e-08
1.703142116874676315e-01,1.594120012714839140e+04,1.594120012714839140e+04,1.726388575166690864e-08
1.955331032980342776e-01,1.596389025318620406e+04,1.596389025318620406e+04,1.540357997969162271e-08
2.211560057918028344e-01,1.598421006014659724e+04,1.598421006014659724e+04,1.392488579255666219e-08
2.473916239957499874e-01,1.600301527899759640e+04,1.600301527899759640e+04,1.271163681268532586e-08
2.730882479257419337e-01,1.602084713977175306e+04,1.602084713977175306e+04,1.173789077236575910e-08
3.008278677504449550e-01,1.603879350264392997e+04,1.603879350264392997e+04,1.086770330025073316e-08
3.265096904513022924e-01,1.605533194409077078e+04,1.605533194409077078e+04,1.017883948781030401e-08
3.516043391063808365e-01,1.607138064704435783e+04,1.607138064704435783e+04,9.601081935022166099e-09
3.790842157521471245e-01,1.608875969937234913e+04,1.608875969937234913e+04,9.051196900084720847e-09
4.043984485075078350e-01,1.610524476319101996e+04,1.610524476319101996e+04,8.609617854491579589e-09
4.327373867385223560e-01,1.612356109616824324e+04,1.612356109616824324e+04,8.167496575489848414e-09
4.587089828967165772e-01,1.614120469374479399e+04,1.614120469374479399e+04,7.809457008495344150e-09
4.848737459942835670e-01,1.615902108980825324e+04,1.615902108980825324e+04,7.485272395517909941e-09
5.125143064347607025e-01,1.617841356597842241e+04,1.617841356597842241e+04,7.176702281126908747e-09
5.389954088683557298e-01,1.619750914699858367e+04,1.619750914699858367e+04,6.908264918810588191e-09
5.666340853631410823e-01,1.621765696499532714e+04,1.621765696499532714e+04,6.653838973109324786e-09
5.917198605023309410e-01,1.623650968118710080e+04,1.623650968118710080e+04,6.441398455150451695e-09
6.181487651952189966e-01,1.625659097687292160e+04,1.625659097687292160e+04,6.235338720690691865e-09
6.439849703640775358e-01,1.627647528162317030e+04,1.627647528162317030e+04,6.049169694432406545e-09
6.722808768433315985e-01,1.629854388091866713e+04,1.629854388091866713e+04,5.860550890911824791e-09
6.988524147640825523e-01,1.631956561405304092e+04,1.631956561405304092e+04,5.696377868706935088e-09
7.259567188622486622e-01,1.634103803948428140e+04,1.634103803948428140e+04,5.540394257084991623e-09
7.527508810378995552e-01,1.636230473701508708e+04,1.636230473701508708e+04,5.396436659606827861e-09
7.825676456259167413e-01,1.638623169125377535e+04,1.638623169125377535e+04,5.247020604168975943e-09
8.097053773051344772e-01,1.640799369186211334e+04,1.640799369186211334e+04,5.119939080694431813e-09
8.371335948514168068e-01,1.642991313247895960e+04,1.642991313247895960e+04,4.999302909610288982e-09
8.663356358887659425e-01,1.645323116465301064e+04,1.645323116465301064e+04,4.878408895389978073e-09
8.951847335858125199e-01,1.647634529186385407e+04,1.647634529186385407e+04,4.766303267491315740e-09
9.212606422436429021e-01,1.649711450400043395e+04,1.649711450400043395e+04,4.670483410643327187e-09
9.499069099806801697e-01,1.651988247422409040e+04,1.651988247422409040e+04,4.570864384959637788e-09
9.771818365102291626e-01,1.654142935775894148e+04,1.654142935775894148e+04,4.481055001570796845e-09
1.007562975588777388e+00,1.656548403673934808e+04,1.656548403673934808e+04,4.386282398087440359e-09
1.037912281806240511e+00,1.658938746992286178e+04,1.658938746992286178e+04,4.296685281561046610e-09
1.065669023640863466e+00,1.661112863602744255e+04,1.661112863602744255e+04,4.219004859203818134e-09
1.092995014279823263e+00,1.663243429028921310e+04,1.663243429028921310e+04,4.145792238558092321e-09
1.119491173982662513e+00,1.665314269147731466e+04,1.665314269147731466e+04,4.078095550637752983e-09
1.148436550868492168e+00,1.667561600504603484e+04,1.667561600504603484e+04,4.007426129350680189e-09
1.177296557669966326e+00,1.669789428228015822e+04,1.669789428228015822e+04,3.940149772576428031e-09
1.203265452014208314e+00,1.671793528438840440e+04,1.671793528438840440e+04,3.882131238486943822e-09
1.235345636293287086e+00,1.674264387918917055e+04,1.674264387918917055e+04,3.813583701410371811e-09
1.266160375788586201e+00,1.676626453312846934e+04,1.676626453312846934e+04,3.750767357167020646e-09
1.293435379586558298e+00,1.678705730774857511e+04,1.678705730774857511e+04,3.697364345000353991e-09
1.326457445717832195e+00,1.681217711134778074e+04,1.681217711134778074e+04,3.635492221080583867e-09
1.354464425506841208e+00,1.683349091871583369e+04,1.683349091871583369e+04,3.585146391947655501e-09
1.380217102207720314e+00,1.685298091874526654e+04,1.685298091874526654e+04,3.540523153255378671e-09
1.407128623671612289e+00,1.687324733950775408e+04,1.687324733950775408e+04,3.495495498854817234e-09
1.433902239131876755e+00,1.689346372249529668e+04,1.689346372249529668e+04,3.452234387822477739e-09
1.459192994591382631e+00,1.691243628143746901e+04,1.691243628143746901e+04,3.412696534589806908e-09
1.487203422890001514e+00,1.693339343605311296e+04,1.693339343605311296e+04,3.370358251186121363e-09
1.514105606226213041e+00,1.695353692098884494e+04,1.695353692098884494e+04,3.331027653144034822e-09
1.545514129016246185e+00,1.697695612914769663e+04,1.697695612914769663e+04,3.286692146626519454e-09
1.574269922887199691e+00,1.699829924114118330e+04,1.699829924114118330e+04,3.247530918041566165e-09
1.599723182542606814e+00,1.701717117869791400e+04,1.701717117869791400e+04,3.213925955550554622e-09
1.628084318273272491e+00,1.703817048373341095e+04,1.703817048373341095e+04,3.177622352332479712e-09
1.657572602061750056e+00,1.705990535900294708e+04,1.705990535900294708e+04,3.141082914622795231e-09
1.685734798134417289e+00,1.708061411560766282e+04,1.708061411560766282e+04,3.107274771347649389e-09
1.711007672647506750e+00,1.709920589982509773e+04,1.709920589982509773e+04,3.077837279812113032e-09
1.741922409034553088e+00,1.712183656758216603e+04,1.712183656758216603e+04,3.042847833227174998e-09
1.771147187948136192e+00,1.714316406787055894e+04,1.714316406787055894e+04,3.010763102066450414e-09
1.798734086859370418e+00,1.716330114027335367e+04,1.716330114027335367e+04,2.981351600646476330e-09
1.827784667850117950e+00,1.718444802840359625e+04,1.718444802840359625e+04,2.951276222289318176e-09
1.861947786903509483e+00,1.720922092784512279e+04,1.720922092784512279e+04,2.917012590014006442e-09
1.887189544656749485e+00,1.722748686951164564e+04,1.722748686951164564e+04,2.892408359637844691e-09
1.914518726867067366e+00,1.724725126219869344e+04,1.724725126219869344e+04,2.866450755588149315e-09
1.942142517490828446e+00,1.726713620528282627e+04,1.726713620528282627e+04,2.840877980598302956e-09
1.977326095934001549e+00,1.729242595728925517e+04,1.729242595728925517e+04,2.809258856793809652e-09
2.003794752206325303e+00,1.731146010883129566e+04,1.731146010883129566e+04,2.786142587054903475e-09
2.029268966066546387e+00,1.732968278088900479e+04,1.732968278088900479e+04,2.764398698514851894e-09
2.055518387429000615e+00,1.734845204082560667e+04,1.734845204082560667e+04,2.742516753069490190e-09
2.080776043724076096e+00,1.736648031284842364e+04,1.736648031284842364e+04,2.721933546941357640e-09
2.106706574052556569e+00,1.738492760059863213e+04,1.738492760059863213e+04,2.701269825236576618e-09
2.133332078567665491e+00,1.740387689463151764e+04,1.740387689463151764e+04,2.680529345802223255e-09
2.160090981564461554e+00,1.742287061579308283e+04,1.742287061579308283e+04,2.660153372416779468e-09
2.190985099423094162e+00,1.744471858272875033e+04,1.744471858272875033e+04,2.637187430401522565e-09
2.217806439972813681e+00,1.746370643503163956e+04,1.746370643503163956e+04,2.617723201140448924e-09
2.249298180064813746e+00,1.748592723959785144e+04,1.748592723959785144e+04,2.595418783267310130e-09
2.284816511074550860e+00,1.751091519780411545e+04,1.751091519780411545e+04,2.570918475009755747e-09
2.319293064078314703e+00,1.753510105510765788e+04,1.753510105510765788e+04,2.547788689374763234e-09
2.353781021403175799e+00,1.755928723378302675e+04,1.755928723378302675e+04,2.525271097294622103e-09
2.379895334503425719e+00,1.757756081299356083e+04,1.757756081299356083e+04,2.508616146821702406e-09
2.410605260650718673e+00,1.759899652982477710e+04,1.759899652982477710e+04,2.489450824196072856e-09
2.445315154741287245e+00,1.762315675967378411e+04,1.762315675967378411e+04,2.468313838756031483e-09
2.472129421695592022e+00,1.764183413982467391e+04,1.764183413982467391e+04,2.452354248055387121e-09
2.501098622269185334e+00,1.766194556400538204e+04,1.766194556400538204e+04,2.435462785724793523e-09
2.530472378504425190e+00,1.768226912816292679e+04,1.768226912816292679e+04,2.418693467895025104e-09
2.562669774997937466e+00,1.770457368788263921e+04,1.770457368788263921e+04,2.400714930623538171e-09
2.597736768287545850e+00,1.772879009226936978e+04,1.772879009226936978e+04,2.381646407794330211e-09
2.629316435830234777e+00,1.775053779853024025e+04,1.775053779853024025e+04,2.364770188405609485e-09
2.664539914540767995e+00,1.777473713010691063e+04,1.777473713010691063e+04,2.346459722092005711e-09
2.703051380585073105e+00,1.780118833534764053e+04,1.780118833534764053e+04,2.326890955540836565e-09
2.728242341415702210e+00,1.781845652086752671e+04,1.781845652086752671e+04,2.314359473309111406e-09
2.761915399830891626e+00,1.784149530485230935e+04,1.784149530485230935e+04,2.297952521693110881e-09
2.792906669843942424e+00,1.786262831322172133e+04,1.786262831322172133e+04,2.283167483791261599e-09
2.818240733687849442e+00,1.787993445022841843e+04,1.787993445022841843e+04,2.271297926619722587e-09
2.850377584122449903e+00,1.790180712312906689e+04,1.790180712312906689e+04,2.256520479689420199e-09
2.876525816713735750e+00,1.791957056540188205e+04,1.791957056540188205e+04,2.244715750613163727e-09
2.907125081786741561e+00,1.794036010439468009e+04,1.794036010439468009e+04,2.231147577007999286e-09
2.936512391919717579e+00,1.796026475614021911e+04,1.796026475614021911e+04,2.218375064591364282e-09
2.961660558433742096e+00,1.797728326708558234e+04,1.797728326708558234e+04,2.207598399258974812e-09
2.993015490253666755e+00,1.799848474476619594e+04,1.799848474476619594e+04,2.194411593459217958e-09
3.031271825052321400e+00,1.802428731518648419e+04,1.802428731518648419e+04,2.178661786727651074e-09
3.062302345251871838e+00,1.804517778526323673e+04,1.804517778526323673e+04,2.166142983401448328e-09
3.092293742227413045e+00,1.806535862093841570e+04,1.806535862093841570e+04,2.154261303983223683e-09
3.120017390567564330e+00,1.808398503971040554e+04,1.808398503971040554e+04,2.143468208918390967e-09
3.151888369196198081e+00,1.810534248576442042e+04,1.810534248576442042e+04,2.131266998722885348e-09
3.188894724927299418e+00,1.813012307712978145e+04,1.813012307712978145e+04,2.117386758824207330e-09
3.216705046028384363e+00,1.814873799622057049e+04,1.814873799622057049e+04,2.107131239510082103e-09
3.242452779137342311e+00,1.816590948898737406e+04,1.816590948898737406e+04,2.097789620441767814e-09
3.276161768917354777e+00,1.818840428563811656e+04,1.818840428563811656e+04,2.085758242216221650e-09
3.315060528532030482e+00,1.821431290930485920e+04,1.821431290930485920e+04,2.072162040654076936e-09
3.357974447241771632e+00,1.824283852582561303e+04,1.824283852582561303e+04,2.057477654217763222e-09
3.387228030166260506e+00,1.826224082458703560e+04,1.826224082458703560e+04,2.047656388805304888e-09
3.419368571579210148e+00,1.828352661803466981e+04,1.828352661803466981e+04,2.037080048669858602e-09
3.458449670111093166e+00,1.830939711724209701e+04,1.830939711724209701e+04,2.024396538103044540e-09
3.497990876349229783e+00,1.833553706710889310e+04,1.833553706710889310e+04,2.011859988295211235e-09
3.527355489833220670e+00,1.835492068041823586e+04,1.835492068041823586e+04,2.002702052245267160e-09
3.554299719102646193e+00,1.837264611727878946e+04,1.837264611727878946e+04,1.994428321261206488e-09
3.579993528782872581e+00,1.838959069544730664e+04,1.838959069544730664e+04,1.986645097357616252e-09
3.613442966258187283e+00,1.841158153518160907e+04,1.841158153518160907e+04,1.976657446496526240e-09
3.639281077495312378e+00,1.842854768311893713e+04,1.842854768311893713e+04,1.969058979743067597e-09
3.680699495306352542e+00,1.845572955756062947e+04,1.845572955756062947e+04,1.957088017204249657e-09
3.708499323664157021e+00,1.847393544143087638e+04,1.847393544143087638e+04,1.949176068690093483e-09
3.733548992041275660e+00,1.849031308494362020e+04,1.849031308494362020e+04,1.942145980101343107e-09
3.762611287682458894e+00,1.850934187177835338e+04,1.850934187177835338e+04,1.934097752156307942e-09
3.802734952060660145e+00,1.853554099144396605e+04,1.853554099144396605e+04,1.923170152673866018e-09
3.836093122336481809e+00,1.855728211463123080e+04,1.855728211463123080e+04,1.914237179861300060e-09
3.863453585156730430e+00,1.857511678928915717e+04,1.857511678928915717e+04,1.907019036056148590e-09
3.889348026342070774e+00,1.859196548187392909e+04,1.859196548187392909e+04,1.900271918310853728e-09
3.914443643017377461e+00,1.860828411120749661e+04,1.860828411120749661e+04,1.893810050303274722e-09
3.953313596151861731e+00,1.863354049253241828e+04,1.863354049253241828e+04,1.883949101973106191e-09
3.988663680792356558e+00,1.865647346806165297e+04,1.865647346806165297e+04,1.875130524507669625e-09
4.021673722069692758e+00,1.867784550062745984e+04,1.867784550062745984e+04,1.867032619059307048e-09
4.049331128494511489e+00,1.869575652842904674e+04,1.869575652842904674e+04,1.860325225674166317e-09
4.080566737484828899e+00,1.871596800043688563e+04,1.871596800043688563e+04,1.852859562981877804e-09
4.122948074439700683e+00,1.874334395284083439e+04,1.874334395284083439e+04,1.842896150941020650e-09
4.157602180557885774e+00,1.876568668481787972e+04,1.876568668481787972e+04,1.834880275616658040e-09
4.186368471016058024e+00,1.878423802721683387e+04,1.878423802721683387e+04,1.828322069226428620e-09
4.213508926384179176e+00,1.880171469472409080e+04,1.880171469472409080e+04,1.822208721006263915e-09
4.239708650515470190e+00,1.881856720403019062e+04,1.881856720403019062e+04,1.816373713727324632e-09
4.265799173817820922e+00,1.883535275529879073e+04,1.883535275529879073e+04,1.810627595991407522e-09
4.294323471287198934e+00,1.885365124823825681e+04,1.885365124823825681e+04,1.804420128967923048e-09
4.333149877965206898e+00,1.887858540977393568e+04,1.887858540977393568e+04,1.796087341852250423e-09
4.360959499121093152e+00,1.889641985612404460e+04,1.889641985612404460e+04,1.790202562731874516e-09
4.406322586417944720e+00,1.892547047077925163e+04,1.892547047077925163e+04,1.780751789963987027e-09
4.440353989696630421e+00,1.894723676838832398e+04,1.894723676838832398e+04,1.773770803885095298e-09
4.475258711516353571e+00,1.896954454992304454e+04,1.896954454992304454e+04,1.766721789266875187e-09
4.505036793201780299e+00,1.898857322767665391e+04,1.898857322767665391e+04,1.760773828063960213e-09
4.530169776504954449e+00,1.900459354467434969e+04,1.900459354467434969e+04,1.755823251926019585e-09
4.561048768968954725e+00,1.902429648177568015e+04,1.902429648177568015e+04,1.749790030936780743e-09
4.586302187087149207e+00,1.904038357349891157e+04,1.904038357349891157e+04,1.744925720533894267e-09
4.618126503227358626e+00,1.906063363603634207e+04,1.906063363603634207e+04,1.738847328780709043e-09
4.648638473245905622e+00,1.908005732274457478e+04,1.908005732274457478e+04,1.733098133237328373e-09
4.677536215423089949e+00,1.909841781858728791e+04,1.909841781858728791e+04,1.727715792711599965e-09
4.709713553091079419e+00,1.911886090979171058e+04,1.911886090979171058e+04,1.721794909589293928e-09
4.734822892840801600e+00,1.913480141343515425e+04,1.913480141343515425e+04,1.717222500224371047e-09
4.768925359416232190e+00,1.915642172854702585e+04,1.915642172854702585e+04,1.711088212610031339e-09
4.806031866693603938e+00,1.917993268974089733e+04,1.917993268974089733e+04,1.704497177527424912e-09
4.836133372962019727e+00,1.919900709237947740e+04,1.919900709237947740e+04,1.699220541188245547e-09
4.867897581161738430e+00,1.921909579267804293e+04,1.921909579267804293e+04,1.693717358805726605e-09
4.895233555269455472e+00,1.923638444846812126e+04,1.923638444846812126e+04,1.689032411386970637e-09
4.924499977149990215e+00,1.925487997410001481e+04,1.925487997410001481e+04,1.684070297922517744e-09
4.950153115170353502e+00,1.927106039849979425e+04,1.927106039849979425e+04,1.679763887856917884e-09
4.981124240204261255e+00,1.929063060217577367e+04,1.929063060217577367e+04,1.674619173515249987e-09
5.015021013880899048e+00,1.931199582016359636e+04,1.931199582016359636e+04,1.669055742612500525e-09
5.040349505888293891e+00,1.932796158285459023e+04,1.932796158285459023e+04,1.664941298621793273e-09
5.071590288154349757e+00,1.934763581057333067e+04,1.934763581057333067e+04,1.659919605259124036e-09
5.104101118443386653e+00,1.936809253249984977e+04,1.936809253249984977e+04,1.654753455866894261e-09
5.133804535700116745e+00,1.938677379047975410e+04,1.938677379047975410e+04,1.650085254979892783e-09
5.163341198643371932e+00,1.940534930794354295e+04,1.940534930794354295e+04,1.645492043045561411e-09
5.215375735698207116e+00,1.943803536751995853e+04,1.943803536751995853e+04,1.637520731457338893e-09
5.249127671450303012e+00,1.945920196396484607e+04,1.945920196396484607e+04,1.632417558238658598e-09
5.276777984435184976e+00,1.947654396969759910e+04,1.947654396969759910e+04,1.628292318128255880e-09
5.310686574592866194e+00,1.949780250474038621e+04,1.949780250474038621e+04,1.623273627908753366e-09
5.338450702081135368e+00,1.951516975985507815e+04,1.951516975985507815e+04,1.619217949525996440e-09
5.372770976147567268e+00,1.953667148666716093e+04,1.953667148666716093e+04,1.614245220391352062e-09
5.397885368898479364e+00,1.955238349109578849e+04,1.955238349109578849e+04,1.610649794075919142e-09
5.437430354841345626e+00,1.957708870257117087e+04,1.957708870257117087e+04,1.605042678500582750e-09
5.478643920489293606e+00,1.960284034111981236e+04,1.960284034111981236e+04,1.599289601679034619e-09
5.508042864246169401e+00,1.962121579528289658e+04,1.962121579528289658e+04,1.595218417098129634e-09
5.543582892856764310e+00,1.964339720227027283e+04,1.964339720227027283e+04,1.590360457962256131e-09
5.579361077559856774e+00,1.966569178348132482e+04,1.966569178348132482e+04,1.585527789647256358e-09
5.605744909785784102e+00,1.968215445216457738e+04,1.968215445216457738e+04,1.581998134007553025e-09
5.641934353431059535e+00,1.970469349556713860e+04,1.970469349556713860e+04,1.577208304596893560e-09
5.673131232462138129e+00,1.972409225792023062e+04,1.972409225792023062e+04,1.573123088302957656e-09
5.702708432400976690e+00,1.974252503514453565e+04,1.974252503514453565e+04,1.569287719498481473e-09
5.735279256901572253e+00,1.976277907137015063e+04,1.976277907137015063e+04,1.565106417906477382e-09
5.765605502146914141e+00,1.978161946071523562e+04,1.978161946071523562e+04,1.561251871682361514e-09
5.803474462204995632e+00,1.980515803750701525e+04,1.980515803750701525e+04,1.556491741508073057e-09
5.830681187186696590e+00,1.982205772404951495e+04,1.982205772404951495e+04,1.553104587671536535e-09
5.870207098202944174e+00,1.984657553308539354e+04,1.984657553308539354e+04,1.548238926934446535e-09
5.911759989261022419e+00,1.987234258578012304e+04,1.987234258578012304e+04,1.543183305363507600e-09
5.951189474359671827e+00,1.989679476684723340e+04,1.989679476684723340e+04,1.538450251004486647e-09
5.992692604633200304e+00,1.992250823179051804e+04,1.992250823179051804e+04,1.533525223184930512e-09
6.020547388521174881e+00,1.993976019688640736e+04,1.993976019688640736e+04,1.530260404540667942e-09
6.057873826855793453e+00,1.996284085471958679e+04,1.996284085471958679e+04,1.525918769834732561e-09
6.083699891774721813e+00,1.997884419514835463e+04,1.997884419514835463e+04,1.522947703592662628e-09
6.128176880263041859e+00,2.000633923149653856e+04,2.000633923149653856e+04,1.517880831119629812e-09
6.171652395940477653e+00,2.003319942950642144e+04,2.003319942950642144e+04,1.513001492764649434e-09
6.203056263202955556e+00,2.005257399632639135e+04,2.005257399632639135e+04,1.509503022974890160e-09
6.242150394664014890e+00,2.007672206934020505e+04,2.007672206934020505e+04,1.505202672942804875e-09
6.278513558817341078e+00,2.009916780832179575e+04,2.009916780832179575e+04,1.501247089052722507e-09
6.310233310732693113e+00,2.011871880171539669e+04,2.011871880171539669e+04,1.497830182441330895e-09
6.359444786124432980e+00,2.014906178659253055e+04,2.014906178659253055e+04,1.492590809339062427e-09
6.389036190605291488e+00,2.016729271646553752e+04,2.016729271646553752e+04,1.489475545663211511e-09
6.435451435277188992e+00,2.019586169102354688e+04,2.019586169102354688e+04,1.484651949144183261e-09
6.465943633198608431e+00,2.021465752740489916e+04,2.021465752740489916e+04,1.481502678244640486e-09
6.507046945060974252e+00,2.023993371341652164e+04,2.023993371341652164e+04,1.477313207598624132e-09
6.540042611229847758e+00,2.026022071290658278e+04,2.026022071290658278e+04,1.473984386818450391e-09
6.571019348631486068e+00,2.027928508657040220e+04,2.027928508657040220e+04,1.470887069213874275e-09
6.596193914766241839e+00,2.029473654552792868e+04,2.029473654552792868e+04,1.468391118070245077e-09
6.623133705872819910e+00,2.031130639278885064e+04,2.031130639278885064e+04,1.465736797560033253e-09
6.664826559598029831e+00,2.033691568010342235e+04,2.033691568010342235e+04,1.461670658799265887e-09
6.691124943132971126e+00,2.035306593526309734e+04,2.035306593526309734e+04,1.459141718694211237e-09
6.718462042550876312e+00,2.036983300699333267e+04,2.036983300699333267e+04,1.456506187391723912e-09
6.763795235953252494e+00,2.039765035919508591e+04,2.039765035919508591e+04,1.452201709445230205e-09
6.789915610768179732e+00,2.041364784337190576e+04,2.041364784337190576e+04,1.449743603640214367e-09
6.834091129035470225e+00,2.044074356413539863e+04,2.044074356413539863e+04,1.445628628491232281e-09
6.862346874896596560e+00,2.045805832134509910e+04,2.045805832134509910e+04,1.443020778592561087e-09
6.907419346955700590e+00,2.048566839888268805e+04,2.048566839888268805e+04,1.438904526090275187e-09
6.951786633690678840e+00,2.051284541633192930e+04,2.051284541633192930e+04,1.434897282718104284e-09
6.978966751727453399e+00,2.052946525710336209e+04,2.052946525710336209e+04,1.432467966587397904e-09
7.005166687772044654e+00,2.054551493846022640e+04,2.054551493846022640e+04,1.430139984686420194e-09
7.051442072327926525e+00,2.057381888615199932e+04,2.057381888615199932e+04,1.426070924125029135e-09
7.078248152012885264e+00,2.059021129945574648e+04,2.059021129945574648e+04,1.423734134987271674e-09
7.124686354302113500e+00,2.061859742552246462e+04,2.061859742552246462e+04,1.419728063380388819e-09
7.151438288528493281e+00,2.063496403347589876e+04,2.063496403347589876e+04,1.417439746597424129e-09
7.198719965154131373e+00,2.066383053667854256e+04,2.066383053667854256e+04,1.413437944667248895e-09
7.224935482697278033e+00,2.067984762256058093e+04,2.067984762256058093e+04,1.411237405961197209e-09
7.276131317011468980e+00,2.071110912381697199e+04,2.071110912381697199e+04,1.406988670564154536e-09
7.315669293705162168e+00,2.073523652737638986e+04,2.073523652737638986e+04,1.403739199402133403e-09
7.347357381519191044e+00,2.075459181892225752e+04,2.075459181892225752e+04,1.401162759385601301e-09
7.372419963019046563e+00,2.076985850999877221e+04,2.076985850999877221e+04,1.399135996211988791e-09
7.423354851932952414e+00,2.080092672793234306e+04,2.080092672793234306e+04,1.395062113410638577e-09
7.466481610892357068e+00,2.082722415218929018e+04,2.082722415218929018e+04,1.391648939131459406e-09
7.498169698706385944e+00,2.084655399833623233e+04,2.084655399833623233e+04,1.389167474313136613e-09
7.523567097033584616e+00,2.086200523685906228e+04,2.086200523685906228e+04,1.387189476207711904e-09
7.574362038611749171e+00,2.089296001593490291e+04,2.089296001593490291e+04,1.383275518422641745e-09
7.599918940492004893e+00,2.090851781098591528e+04,2.090851781098591528e+04,1.381321800214078786e-09
7.650632190173680236e+00,2.093938790837565102e+04,2.093938790837565102e+04,1.377486125858229428e-09
7.696041491094202769e+00,2.096703381983298823e+04,2.096703381983298823e+04,1.374088012849302186e-09
7.727729578908231645e+00,2.098629212360094243e+04,2.098629212360094243e+04,1.371741924182954888e-09
7.771709020529741885e+00,2.101304920569082242e+04,2.101304920569082242e+04,1.368510285127302466e-09
7.803397108343770761e+00,2.103233170463512215e+04,2.103233170463512215e+04,1.366205865429643054e-09
7.828497666934206123e+00,2.104759895967339980e+04,2.104759895967339980e+04,1.364389884052561683e-09
7.880897926615771709e+00,2.107943935315843191e+04,2.107943935315843191e+04,1.360638404491161910e-09
7.926078711984595238e+00,2.110691587566754242e+04,2.110691587566754242e+04,1.357437699797648781e-09
7.957766799798624113e+00,2.112618527182643084e+04,2.112618527182643084e+04,1.355215570410711836e-09
7.983229960045391316e+00,2.114166036383597020e+04,2.114166036383597020e+04,1.353439128698545544e-09
8.035863471928907487e+00,2.117365834273665678e+04,2.117365834273665678e+04,1.349805005006600379e-09
8.061152640537885716e+00,2.118898477131093023e+04,2.118898477131093023e+04,1.348072175228083628e-09
8.113766044050482407e+00,2.122093553002088447e+04,2.122093553002088447e+04,1.344504061969275038e-09
8.139676552124493369e+00,2.123667400640982669e+04,2.123667400640982669e+04,1.342760478869758083e-09
8.192559193207452850e+00,2.126878945716507224e+04,2.126878945716507224e+04,1.339237995395798976e-09
8.218475255909373445e+00,2.128446876058516500e+04,2.128446876058516500e+04,1.337525214958927915e-09
8.271408077988857244e+00,2.131662905498110922e+04,2.131662905498110922e+04,1.334061825888607671e-09
8.297825401606214513e+00,2.133264655938908982e+04,2.133264655938908982e+04,1.332346750757267776e-09
8.350951793790422073e+00,2.136485120161690429e+04,2.136485120161690429e+04,1.328932273151387384e-09
8.377492132229138022e+00,2.138096202033599911e+04,2.138096202033599911e+04,1.327239618905687429e-09
8.430698399481931560e+00,2.141320113499343643e+04,2.141320113499343643e+04,1.323880036955814206e-09
8.457674607193737870e+00,2.142957283151619049e+04,2.142957283151619049e+04,1.322190073594863107e-09
8.511022393952172749e+00,2.146188219931421918e+04,2.146188219931421918e+04,1.318880760179796985e-09
8.538206897308356247e+00,2.147840875529444384e+04,2.147840875529444384e+04,1.317207522827275788e-09
8.591637722115301301e+00,2.151076497481671322e+04,2.151076497481671322e+04,1.313951042754749541e-09
8.619230061487259675e+00,2.152749810241208615e+04,2.152749810241208615e+04,1.312282371663027547e-09
8.672758397792874163e+00,2.155991365202027009e+04,2.155991365202027009e+04,1.309076735296583774e-09
8.700630818768823715e+00,2.157682654158894366e+04,2.157682654158894366e+04,1.307420694440608682e-09
8.754223246015994775e+00,2.160932238645164034e+04,2.160932238645164034e+04,1.304267011820704561e-09
8.782507817424271224e+00,2.162644104233396138e+04,2.162644104233396138e+04,1.302615518706005690e-09
8.836148870824107604e+00,2.165897004898644445e+04,2.165897004898644445e+04,1.299513707660675508e-09
8.864788094960767140e+00,2.167627576712640075e+04,2.167627576712640075e+04,1.297870504242903363e-09
8.918448194749400315e+00,2.170882079289702597e+04,2.170882079289702597e+04,1.294821039441640847e-09
8.947541816075510468e+00,2.172639986173964644e+04,2.172639986173964644e+04,1.293180689055023334e-09
9.001179036935340605e+00,2.175892108180121795e+04,2.175892108180121795e+04,1.290185051248030196e-09
9.030729319418712819e+00,2.177677953393646385e+04,2.177677953393646385e+04,1.288547497046086221e-09
9.084296978395888900e+00,2.180917117544247594e+04,2.180917117544247594e+04,1.285606957602782166e-09
9.114404824158294005e+00,2.182743336670568533e+04,2.182743336670568533e+04,1.283967345687267276e-09
9.167821179008345922e+00,2.185973462546033261e+04,2.185973462546033261e+04,1.281085323494461933e-09
9.198569501353224709e+00,2.187840376473953074e+04,2.187840376473953074e+04,1.279439310827192096e-09
9.251727627003592858e+00,2.191052988331649613e+04,2.191052988331649613e+04,1.276620092905533185e-09
9.283289464310124472e+00,2.192971246175186025e+04,2.192971246175186025e+04,1.274959537196163086e-09
9.336008728265756673e+00,2.196158173330562931e+04,2.196158173330562931e+04,1.272211140931940561e-09
9.366711514237099578e+00,2.198020790776494687e+04,2.198020790776494687e+04,1.270622845162102853e-09
9.421616562398712702e+00,2.201343429587546052e+04,2.201343429587546052e+04,1.267808971604144281e-09
9.451860103574297511e+00,2.203177147047666222e+04,2.203177147047666222e+04,1.266270927734229692e-09
9.504880417576821117e+00,2.206392755610127642e+04,2.206392755610127642e+04,1.263598698557909925e-09
9.538574967643022262e+00,2.208429983061234816e+04,2.208429983061234816e+04,1.261914188447340104e-09
9.592270108633664805e+00,2.211692062386582620e+04,2.211692062386582620e+04,1.259254621000279606e-09
9.620913651459394700e+00,2.213418606858421117e+04,2.213418606858421117e+04,1.257846112323026316e-09
9.675860862245087901e+00,2.216753737728374836e+04,2.216753737728374836e+04,1.255168272501631021e-09
9.707548950059116777e+00,2.218790788789442013e+04,2.218790788789442013e+04,1.253645122340384793e-09
9.736390716137897527e+00,2.220412865868057997e+04,2.220412865868057997e+04,1.252250361914667978e-09
9.785654677289741699e+00,2.223394987783849501e+04,2.223394987783849501e+04,1.249901288878569068e-09
9.817342765103770574e+00,2.225262026926839098e+04,2.225262026926839098e+04,1.248405188400298571e-09
9.855229794796807496e+00,2.227612559287886688e+04,2.227612559287886688e+04,1.246621275355737889e-09
9.882869456623776472e+00,2.229286462916624805e+04,2.229286462916624805e+04,1.245330576202167286e-09
9.914557544437805348e+00,2.231179405159876114e+04,2.231179405159876114e+04,1.243860411921125784e-09
9.939730534840558462e+00,2.232735085461408744e+04,2.232735085461408744e+04,1.242696426171421913e-09
9.992830199208384556e+00,2.235945699354344470e+04,2.235945699354344470e+04,1.240262507354592886e-09
1.002451828702241343e+01,2.237768543094081178e+04,2.237768543094081178e+04,1.238825750699240837e-09
1.005946124501339156e+01,2.239994576457681251e+04,2.239994576457681251e+04,1.237242432525276561e-09
1.011532897664660169e+01,2.243367608948536508e+04,2.243367608948536508e+04,1.234740043886580890e-09
1.014701706446063056e+01,2.245078985387772991e+04,2.245078985387772991e+04,1.233338818576409261e-09
1.017707915697743992e+01,2.247129741762424965e+04,2.247129741762424965e+04,1.232003475724384558e-09
1.022792221409529745e+01,2.250222616256004767e+04,2.250222616256004767e+04,1.229774530983601191e-09
1.025961030190932632e+01,2.252240641884608704e+04,2.252240641884608704e+04,1.228398203376614811e-09
1.029983167401193533e+01,2.254579301457448673e+04,2.254579301457448673e+04,1.226657333575106535e-09
1.032969649340646079e+01,2.256399979225029892e+04,2.256399979225029892e+04,1.225375112065156792e-09
1.036138458122048966e+01,2.258397846856414253e+04,2.258397846856414253e+04,1.224023765693305151e-09
1.040694711240080750e+01,2.261085691588639384e+04,2.261085691588639384e+04,1.222090534968863547e-09
1.043863520021483637e+01,2.263021418940342483e+04,2.263021418940342483e+04,1.220756928153303157e-09
1.047032328802886525e+01,2.265088707681260712e+04,2.265088707681260712e+04,1.219433101033966824e-09
1.051025539242934492e+01,2.267362002411884532e+04,2.267362002411884532e+04,1.217770293982084561e-09
1.053977218921959391e+01,2.269149555365657216e+04,2.269149555365657216e+04,1.216550900434668295e-09
1.057146027703362279e+01,2.270994499598732364e+04,2.270994499598732364e+04,1.215250146601841089e-09
1.059799830110710062e+01,2.272696041438802786e+04,2.272696041438802786e+04,1.214164238242155110e-09
1.065162653331723774e+01,2.275942741428653608e+04,2.275942741428653608e+04,1.211988466134577633e-09
1.068331462113126662e+01,2.277674975642369100e+04,2.277674975642369100e+04,1.210714671183555631e-09
1.072402171230522860e+01,2.280365097949855408e+04,2.280365097949855408e+04,1.209083877192642516e-09
1.075432575941369961e+01,2.282199830597573964e+04,2.282199830597573964e+04,1.207879244650119576e-09
1.078601384722772849e+01,2.283999686962374108e+04,2.283999686962374108e+04,1.206627800649015133e-09
1.081221969767420887e+01,2.285735689945432387e+04,2.285735689945432387e+04,1.205595886780921539e-09
1.086589186008944807e+01,2.289012705001419454e+04,2.289012705001419454e+04,1.203500080826678075e-09
1.089757994790347695e+01,2.291219819708119030e+04,2.291219819708119030e+04,1.202273731216891968e-09
1.094038121280009612e+01,2.293549932602416811e+04,2.293549932602416811e+04,1.200623805941049912e-09
1.097206930061412500e+01,2.295506647905725549e+04,2.295506647905725549e+04,1.199411807210509259e-09
1.100375738842815387e+01,2.297684994014805852e+04,2.297684994014805852e+04,1.198207615750216591e-09
1.104980289482364952e+01,nan,nan,1.196466577000249124e-09
1.108149098263768018e+01,nan,nan,1.195277462906031374e-09
1.111317907045170905e+01,nan,nan,1.194096239543632713e-09
1.115910573013581875e+01,nan,nan,1.192392275087750789e-09
1.119079381794984762e+01,nan,nan,1.191225581774561516e-09
1.122248190576387650e+01,nan,nan,1.190066322508494434e-09
1.124798628808053103e+01,nan,nan,1.189135599735105474e-09
1.130123981049490745e+01,nan,nan,1.187208173053531848e-09
1.133292789830893632e+01,nan,nan,1.186070551869099783e-09
1.135873658232124761e+01,nan,nan,1.185146536909774910e-09
1.141226954781879499e+01,nan,nan,1.183245292247410155e-09
1.144395763563282387e+01,nan,nan,1.182128923537693776e-09
1.147020396625817007e+01,nan,nan,1.181206904070001524e-09
1.152412835884750564e+01,nan,nan,1.179327607314438411e-09
1.155581644666153451e+01,nan,nan,1.178232181274267976e-09
1.158243614849634540e+01,nan,nan,1.177314537804629671e-09
1.163668916615732130e+01,nan,nan,1.175459171419936188e-09
1.166837725397135017e+01,nan,nan,1.174384173864291275e-09
1.169540293797723329e+01,nan,nan,1.173469986773846965e-09
1.175000471425738802e+01,nan,nan,1.171637604517955618e-09
1.178169280207141689e+01,nan,nan,1.170582579647724270e-09
1.180910880421124709e+01,nan,nan,1.169672536218474448e-09
1.186403889629243480e+01,nan,nan,1.167863540229017349e-09
1.189572698410646368e+01,nan,nan,1.166828096986101270e-09
1.192354288759795367e+01,nan,nan,1.165922024589165721e-09
1.197880088775031737e+01,nan,nan,1.164136132611894957e-09
1.201048897556434625e+01,nan,nan,1.163119891393952503e-09
1.203870026321469311e+01,nan,nan,1.162218083642398913e-09
1.209427456422048763e+01,nan,nan,1.160455358369990095e-09
1.212596265203451651e+01,nan,nan,1.159457943742545771e-09
1.215457321398145929e+01,nan,nan,1.158560392245918881e-09
1.221045808270364041e+01,nan,nan,1.156820715429373453e-09
1.224214617051766929e+01,nan,nan,1.155841760003535985e-09
1.227115535295583548e+01,nan,nan,1.154948606539876034e-09
1.232734155995645153e+01,nan,nan,1.153231944821245688e-09
1.235902964777048041e+01,nan,nan,1.152271087125784450e-09
1.238843922892187877e+01,nan,nan,1.151382394613744939e-09
1.244491896513832252e+01,nan,nan,1.149688653682193640e-09
1.247660705295235140e+01,nan,nan,1.148745539131325292e-09
1.250641720334160034e+01,nan,nan,1.147861408296193722e-09
1.253149340235483145e+01,nan,nan,1.147121442842775611e-09
1.256318149016886032e+01,nan,nan,1.146190521334689615e-09
1.259486957798288920e+01,nan,nan,1.145264801575981223e-09
1.262508093390406927e+01,nan,nan,1.144385311610762612e-09
1.265043303070429381e+01,nan,nan,1.143651028057233893e-09
1.268212111851832269e+01,nan,nan,1.142737286013667374e-09
1.271380920633235156e+01,nan,nan,1.141828523143789253e-09
1.274441680923766462e+01,nan,nan,1.140953962600614420e-09
1.277003893468698337e+01,nan,nan,1.140225487744382147e-09
1.280172702250101224e+01,nan,nan,1.139328608188854181e-09
1.283341511031504112e+01,nan,nan,1.138436420066393472e-09
1.286441804535613187e+01,nan,nan,1.137566912305821088e-09
1.289029996559061253e+01,nan,nan,1.136844549475896066e-09
1.292198805340464141e+01,nan,nan,1.135964164574805920e-09
1.295367614121867028e+01,nan,nan,1.135088336708867860e-09
1.298507779082826019e+01,nan,nan,1.134223740524233934e-09
1.301121122389972129e+01,nan,nan,1.133507751069740836e-09
1.304289931171375017e+01,nan,nan,1.132643471052612433e-09
1.307458739952777904e+01,nan,nan,1.131783709415639888e-09
1.310638788687804102e+01,nan,nan,1.130924139759678488e-09
1.313276321860330675e+01,nan,nan,1.130214774491954602e-09
1.316445130641733563e+01,nan,nan,1.129366241077145495e-09
1.319613939423136451e+01,nan,nan,1.128522150836521973e-09
1.322834054652676450e+01,nan,nan,1.127667692794456346e-09
1.325494898441176517e+01,nan,nan,1.126965077848037411e-09
1.328663707222579404e+01,nan,nan,1.126132106611802872e-09
1.331832516003982292e+01,nan,nan,1.125303279935350007e-09
1.335092719018627072e+01,nan,nan,1.124453973638184645e-09
1.337775937598180853e+01,nan,nan,1.123758377780567581e-09
1.340944746379583741e+01,nan,nan,1.122940544813241539e-09
1.344113555160986628e+01,nan,nan,1.122126852314611993e-09
1.347413996293825456e+01,nan,nan,1.121282645670497896e-09
1.350118682255173042e+01,nan,nan,1.120594263190129470e-09
1.353287491036575929e+01,nan,nan,1.119791250741729446e-09
1.356456299817978817e+01,nan,nan,1.118992259412364086e-09
1.359797045341011668e+01,nan,nan,1.118153309050055415e-09
1.362522291556762610e+01,nan,nan,1.117472228469195236e-09
1.365691100338165498e+01,nan,nan,1.116683817100957331e-09
1.368859909119568385e+01,nan,nan,1.115899261371674169e-09
1.372241031806907152e+01,nan,nan,1.115065511929302012e-09
1.374985946170863116e+01,nan,nan,1.114391967940629643e-09
1.378154754952266003e+01,nan,nan,1.113617736476403727e-09
1.381323563733668891e+01,nan,nan,1.112847375470470894e-09
1.384745114651784448e+01,nan,nan,1.112018911010074750e-09
1.387508817218593649e+01,nan,nan,1.111352959500859414e-09
1.390677625999996536e+01,nan,nan,1.110592768836678542e-09
1.393846434781399424e+01,nan,nan,1.109836210814010695e-09
1.397308466279364936e+01,nan,nan,1.109013041497351567e-09
1.400090094230563409e+01,nan,nan,1.108354883574741282e-09
1.403258903011966297e+01,nan,nan,1.107608301011824220e-09
1.406427711793369184e+01,nan,nan,1.106865365423719397e-09
1.409930237789778040e+01,nan,nan,1.106047547716903099e-09
1.412728962795288368e+01,nan,nan,1.105397204179214307e-09
1.415897771576691255e+01,nan,nan,1.104664082744052947e-09
1.419066580358094143e+01,nan,nan,1.103934427014520727e-09
1.422609629327088498e+01,nan,nan,1.103121949440859834e-09
1.425424624786892558e+01,nan,nan,1.102479590311182591e-09
1.428593433568295445e+01,nan,nan,1.101759569042402035e-09
1.431762242349698333e+01,nan,nan,1.101042905465566169e-09
1.435345869568287824e+01,nan,nan,1.100235862855763187e-09
1.438176322554999231e+01,nan,nan,1.099601516027183822e-09
1.441345131336402119e+01,nan,nan,1.098894329885542162e-09
1.444513940117805006e+01,nan,nan,1.098190523592977019e-09
1.448138187981759195e+01,nan,nan,1.097388865952359180e-09
1.450983323926753066e+01,nan,nan,1.096762564169433940e-09
1.454152132708155953e+01,nan,nan,1.096068035213902242e-09
1.457320941489558841e+01,nan,nan,1.095376668795714828e-09
1.460985812931661343e+01,nan,nan,1.094580456077677391e-09
1.463844883248655293e+01,nan,nan,1.093962323174262184e-09
1.467013692030058181e+01,nan,nan,1.093280097838218273e-09
1.470182500811461068e+01,nan,nan,1.092600974304304121e-09
1.473888010261128123e+01,nan,nan,1.091810248559570691e-09
1.476760302692304982e+01,nan,nan,1.091200274271621149e-09
1.479929111473707870e+01,nan,nan,1.090530086769192943e-09
1.483097920255110758e+01,nan,nan,1.089863071599433356e-09
1.486844024924817020e+01,nan,nan,1.089077807344496177e-09
1.489728869080939333e+01,nan,nan,1.088475970073746033e-09
1.492897677862342221e+01,nan,nan,1.087817703032128932e-09
1.496066486643745108e+01,nan,nan,1.087162408381832042e-09
1.499853220371618967e+01,nan,nan,1.086382639446746968e-09
1.502749918373376836e+01,nan,nan,1.085788996660395095e-09
1.505918727154779724e+01,nan,nan,1.085142352921120466e-09
1.509087535936182611e+01,nan,nan,1.084498549483033708e-09
1.512914956565452940e+01,nan,nan,1.083724284209749711e-09
1.515822867210172475e+01,nan,nan,1.083138866708360252e-09
1.518991675991575363e+01,nan,nan,1.082503579361494279e-09
1.522160484772978251e+01,nan,nan,1.081871043257635970e-09
1.526028534118275815e+01,nan,nan,1.081102342645018991e-09
1.528947059025379929e+01,nan,nan,1.080525111113233857e-09
1.532115867806782816e+01,nan,nan,1.079900941565199854e-09
1.535284676588185704e+01,nan,nan,1.079279495602845036e-09
1.539193328034908959e+01,nan,nan,1.078516328667058933e-09
1.542121927540701165e+01,nan,nan,1.077947250436549880e-09
1.545290736322104053e+01,nan,nan,1.077333981757381802e-09
1.548459545103507118e+01,nan,nan,1.076723418672902563e-09
1.552408771380255992e+01,nan,nan,1.075965781037779118e-09
1.555346856080392115e+01,nan,nan,1.075404833977645046e-09
1.558515664861795003e+01,nan,nan,1.074802253822500814e-09
1.561684473643197890e+01,nan,nan,1.074202343995694454e-09
1.565674391396457210e+01,nan,nan,1.073450227588158718e-09
1.568621419487656610e+01,nan,nan,1.072897376918910002e-09
1.571790228269059497e+01,nan,nan,1.072305277577009580e-09
1.574959037050462385e+01,nan,nan,1.071715796766840914e-09
1.578989450862876964e+01,nan,nan,1.070969248604369541e-09
1.581944993415470968e+01,nan,nan,1.070424435609933121e-09
1.585113802196873856e+01,nan,nan,1.069842613751521066e-09
1.588282610978276743e+01,nan,nan,1.069263342769976901e-09
1.592353604115529997e+01,nan,nan,1.068522353767866494e-09
1.595317146972119815e+01,nan,nan,1.067985533510508500e-09
1.598485955753522703e+01,nan,nan,1.067413790275196648e-09
1.601654764534925590e+01,nan,nan,1.066844515057479706e-09
1.606014033446938072e+01,nan,nan,1.066064909656462060e-09
1.608603803511768504e+01,nan,nan,1.065603942395067855e-09
1.611772612293171392e+01,nan,nan,1.065041967241849340e-09
1.614941421074574279e+01,nan,nan,1.064482380354561129e-09
1.617474987549924137e+01,nan,nan,1.064036514679190473e-09
1.622237341244592557e+01,nan,nan,1.063202400117708369e-09
1.625406150025995444e+01,nan,nan,1.062650263055153921e-09
1.628574958807398332e+01,nan,nan,1.062100383562044983e-09
1.632846049821727163e+01,nan,nan,1.061362613134861274e-09
1.635547145900881816e+01,nan,nan,1.060898175638741387e-09
1.638715954682284703e+01,nan,nan,1.060355375660257861e-09
1.641884763463687591e+01,nan,nan,1.059814757133429153e-09
1.644484589780501338e+01,nan,nan,1.059372859857290411e-09
1.649343003589112655e+01,nan,nan,1.058550844479279847e-09
1.652389209421142624e+01,nan,nan,1.058038131266921553e-09
1.655558018202545512e+01,nan,nan,1.057506894056121082e-09
1.660127422255998653e+01,nan,nan,1.056744411106348705e-09
1.662729326723265544e+01,nan,nan,1.056312245356270223e-09
1.665898135504668431e+01,nan,nan,1.055787878410904563e-09
1.669066944286071319e+01,nan,nan,1.055265652760149167e-09
1.671628341561394748e+01,nan,nan,1.054844943924707652e-09
1.676507611061540359e+01,nan,nan,1.054047344276059961e-09
1.679676419842943247e+01,nan,nan,1.053531969873009648e-09
1.682845228624346134e+01,nan,nan,1.053018732011051098e-09
1.687307271094208261e+01,nan,nan,1.052299258202535896e-09
1.690029103299881186e+01,nan,nan,1.051862432842030658e-09
1.693197912081284073e+01,nan,nan,1.051355731671139943e-09
1.696366720862686961e+01,nan,nan,1.050851017565665298e-09
1.699008755645362356e+01,nan,nan,1.050431763601239409e-09
1.703993057840728298e+01,nan,nan,1.049644426902884198e-09
1.707055629575316402e+01,nan,nan,1.049163156339131190e-09
1.710224438356719290e+01,nan,nan,1.048667134006795776e-09
1.714869162973627681e+01,nan,nan,1.047943388106076524e-09
1.717554918304729838e+01,nan,nan,1.047526865785844737e-09
1.720723727086132726e+01,nan,nan,1.047037157386364346e-09
1.723892535867535614e+01,nan,nan,1.046549461781653303e-09
1.726522061939828490e+01,nan,nan,1.046146109660664862e-09
1.731542492216650686e+01,nan,nan,1.045379659791819627e-09
1.734711300998053574e+01,nan,nan,1.044898384614887581e-09
1.737880109779456461e+01,nan,nan,1.044418977360626935e-09
1.742377085566916506e+01,nan,nan,1.043741675988214968e-09
1.745194701407548976e+01,nan,nan,1.043319236324078838e-09
1.748363510188951864e+01,nan,nan,1.042845907244787061e-09
1.751532318970354751e+01,nan,nan,1.042374456054739739e-09
1.754268875318162557e+01,nan,nan,1.041968682334620896e-09
1.756836823735983089e+01,nan,nan,1.041589199587409416e-09
1.759417707203362014e+01,nan,nan,1.041208947567115037e-09
1.762340115804661522e+01,nan,nan,1.040779876388966694e-09
1.765508924586064410e+01,nan,nan,1.040316328711464747e-09
1.768118276070916295e+01,nan,nan,1.039935955916910169e-09
1.773190822438020930e+01,nan,nan,1.039199889627211014e-09
1.776359631219423818e+01,nan,nan,1.038742373145005089e-09
1.779528440000826706e+01,nan,nan,1.038286695389396928e-09
1.782032300313229101e+01,nan,nan,1.037927732791578202e-09
1.787095801842246701e+01,nan,nan,1.037205261236123774e-09
1.790264610623649588e+01,nan,nan,1.036755392010836141e-09
1.793433419405052476e+01,nan,nan,1.036307221287542332e-09
1.796118213966699173e+01,nan,nan,1.035928821379534680e-09
1.798633933180423483e+01,nan,nan,1.035575299945841183e-09
1.801289229088259702e+01,nan,nan,1.035203415030508815e-09
1.804458037869662590e+01,nan,nan,1.034761116022978354e-09
1.807626846651065478e+01,nan,nan,1.034320518034548184e-09
1.812296758522735729e+01,nan,nan,1.033674152281938698e-09
1.815165503273615499e+01,nan,nan,1.033278876258999112e-09
1.818334312055018387e+01,nan,nan,1.032843861725883555e-09
1.821503120836421274e+01,nan,nan,1.032410501170389956e-09
1.824314542129036454e+01,nan,nan,1.032027303778788068e-09
1.826987324608098362e+01,nan,nan,1.031664262647615598e-09
1.829632363756482505e+01,nan,nan,1.031306050579750843e-09
1.832507701800658850e+01,nan,nan,1.030917997460502349e-09
1.835676510582061738e+01,nan,nan,1.030491842993770488e-09
1.838395633535681029e+01,nan,nan,1.030127423236269001e-09
1.840959836870248267e+01,nan,nan,1.029784798768928203e-09
1.843655544088249698e+01,nan,nan,1.029425786086383832e-09
1.846824352869652941e+01,nan,nan,1.029005209207347674e-09
1.849993161651055829e+01,nan,nan,1.028586195594642119e-09
1.854765752422887104e+01,nan,nan,1.027958018036201162e-09
1.857663986715015980e+01,nan,nan,1.027578276733531457e-09
1.860832795496418868e+01,nan,nan,1.027164547841278632e-09
1.864001604277821755e+01,nan,nan,1.026752424270661354e-09
1.867170413059224643e+01,nan,nan,1.026341830526700512e-09
1.871644868383033611e+01,nan,nan,1.025764486470878508e-09
1.874691793355318836e+01,nan,nan,1.025373135600771511e-09
1.877860602136721724e+01,nan,nan,1.024967601129418437e-09
1.881029410918124611e+01,nan,nan,1.024563550514977545e-09
1.884198219699527499e+01,nan,nan,1.024161032533933747e-09
1.886703741502347143e+01,nan,nan,1.023843767563991244e-09
1.891991307382115650e+01,nan,nan,1.023177278029951972e-09
1.895160116163518538e+01,nan,nan,1.022779827743135436e-09
1.898328924944921425e+01,nan,nan,1.022383881304700664e-09
1.901497733726324313e+01,nan,nan,1.021989385699226064e-09
1.906081244521949003e+01,nan,nan,1.021421191306116431e-09
1.909140578896832352e+01,nan,nan,1.021043676046964729e-09
1.912309387678235240e+01,nan,nan,1.020654060259326166e-09
1.915478196459638127e+01,nan,nan,1.020265856613352170e-09
1.918647005241041015e+01,nan,nan,1.019879080661328454e-09
1.921222085512016520e+01,nan,nan,1.019565809704143524e-09
1.926577402632798552e+01,nan,nan,1.018917255581143708e-09
1.929746211414201440e+01,nan,nan,1.018535377303232153e-09
1.932915020195604328e+01,nan,nan,1.018154909985977219e-09
1.936083828977007215e+01,nan,nan,1.017775864961972295e-09
1.940744243992475759e+01,nan,nan,1.017220756466644043e-09
1.943826378054143333e+01,nan,nan,1.016855303556753480e-09
1.946995186835546221e+01,nan,nan,1.016480931272823129e-09
1.950163995616949109e+01,nan,nan,1.016107927574365440e-09
1.953332804398351996e+01,nan,nan,1.015736267103878734e-09
1.955997698594327971e+01,nan,nan,1.015424705382704587e-09
1.958538370446819954e+01,nan,nan,1.015128568679810879e-09
1.961422558824181905e+01,nan,nan,1.014793429783416762e-09
1.964591367605584793e+01,nan,nan,1.014426525755455068e-09
1.967760176386987681e+01,nan,nan,1.014060936503701691e-09
1.970928985168390568e+01,nan,nan,1.013696661658548553e-09
1.975616819995387630e+01,nan,nan,1.013160086581998959e-09
1.978738401228518384e+01,nan,nan,1.012804420051169910e-09
1.981907210009921272e+01,nan,nan,1.012444653422629671e-09
1.985076018791324159e+01,nan,nan,1.012086168997082246e-09
1.988244827572727047e+01,nan,nan,1.011728966262029482e-09
1.991027706766641003e+01,nan,nan,1.011416353854038873e-09
1.993690784301075425e+01,nan,nan,1.011118058651373995e-09
1.996542924031741961e+01,nan,nan,1.010799640214610886e-09
1.999711732813144849e+01,nan,nan,1.010447064692518371e-09
2.002257694704836410e+01,nan,nan,1.010164659451417158e-09
2.007454214215910326e+01,nan,nan,1.009590831028811265e-09
2.010623022997313214e+01,nan,nan,1.009242559367303354e-09
2.013791831778716102e+01,nan,nan,1.008895534983999188e-09
2.018247045607090229e+01,nan,nan,1.008409706355911218e-09
2.021246896570401574e+01,nan,nan,1.008083946689666941e-09
2.024415705351804462e+01,nan,nan,1.007741047453009358e-09
2.027584514133207350e+01,nan,nan,1.007399357004472013e-09
2.032337213917129404e+01,nan,nan,1.006889153678311879e-09
2.035160134485007433e+01,nan,nan,1.006587392972081955e-09
2.038328943266410320e+01,nan,nan,1.006249804379584322e-09
2.041497752047813208e+01,nan,nan,1.005913402996607086e-09
2.045966324553543103e+01,nan,nan,1.005441049306263594e-09
2.048907047912407009e+01,nan,nan,1.005131482579986255e-09
2.052075856693809897e+01,nan,nan,1.004799042732930244e-09
2.055244665475212784e+01,nan,nan,1.004467770878862587e-09
2.059821423986376487e+01,nan,nan,1.003991389346997105e-09
2.062679318966713282e+01,nan,nan,1.003695149053736670e-09
2.065848127748116170e+01,nan,nan,1.003367777360070090e-09
2.069016936529519057e+01,nan,nan,1.003041560181678024e-09
2.073449439513884940e+01,nan,nan,1.002587176678314802e-09
2.076352971962952765e+01,nan,nan,1.002290752709950280e-09
2.079521780744355652e+01,nan,nan,1.001968322678730494e-09
2.082690589525758540e+01,nan,nan,1.001647037432195629e-09
2.087139520003810134e+01,nan,nan,1.001197854364482176e-09
2.090006956175167829e+01,nan,nan,1.000909523922170700e-09
2.093175764956570717e+01,nan,nan,1.000591948289089354e-09
2.096344573737973960e+01,nan,nan,1.000275494901519055e-09
2.100712306389727857e+01,nan,nan,9.998411200702801166e-10
2.103593309279790446e+01,nan,nan,9.995557459147486177e-10
2.106762118061193334e+01,nan,nan,9.992429206603770933e-10
2.109930926842596222e+01,nan,nan,9.989311891335052607e-10
2.114276424899972540e+01,nan,nan,9.985054691610721630e-10
2.117141527669675938e+01,nan,nan,9.982258911211137301e-10
2.120310336451078825e+01,nan,nan,9.979177171940205349e-10
2.123479145232481713e+01,nan,nan,9.976106144830540767e-10
2.127768976543147161e+01,nan,nan,9.971965753099017417e-10
2.130635202218386937e+01,nan,nan,9.969210240202023130e-10
2.133804010999789824e+01,nan,nan,9.966174001571306253e-10
2.136972819781192712e+01,nan,nan,9.963148300689451470e-10
2.141226393301489850e+01,nan,nan,9.959103406228833295e-10
2.144084378376289379e+01,nan,nan,9.956396246877649316e-10
2.147253187157692267e+01,nan,nan,9.953404605604088469e-10
2.150421995939095154e+01,nan,nan,9.950423332633747000e-10
2.154629192922022796e+01,nan,nan,9.946481166270134470e-10
2.157484113578690810e+01,nan,nan,9.943816474600293723e-10
2.160652922360093697e+01,nan,nan,9.940868536514248833e-10
2.163821731141496940e+01,nan,nan,9.937930801559382357e-10
2.167988259820190677e+01,nan,nan,9.934083647848005276e-10
2.170837489862316616e+01,nan,nan,9.931462974233837675e-10
2.174006298643719504e+01,nan,nan,9.928557881054163062e-10
2.177175107425122391e+01,nan,nan,9.925662829991331376e-10
2.181298221470511933e+01,nan,nan,9.921910967828662985e-10
2.184143133825985927e+01,nan,nan,9.919332142174985736e-10
2.187311942607388815e+01,nan,nan,9.916469055018622122e-10
2.190480751388791703e+01,nan,nan,9.913615853185204799e-10
2.194561940012774315e+01,nan,nan,9.909955752457487695e-10
2.197401840196089751e+01,nan,nan,9.907418507056576512e-10
2.200570648977492638e+01,nan,nan,9.904596612971315371e-10
2.203739457758895526e+01,nan,nan,9.901784465478706006e-10
2.207778071346115567e+01,nan,nan,9.898214548005257766e-10
2.210613217681618536e+01,nan,nan,9.895717815970520790e-10
2.213782026463021424e+01,nan,nan,9.892936323190654109e-10
2.216950835244424312e+01,nan,nan,9.890164435510897046e-10
2.220947299543972875e+01,nan,nan,9.886682243578978564e-10
2.223777442117648562e+01,nan,nan,9.884225433619719209e-10
2.226946250899051449e+01,nan,nan,9.881483572384216245e-10
2.230115059680454337e+01,nan,nan,9.878751168772034326e-10
2.234069370972785862e+01,nan,nan,9.875354691838320227e-10
2.236894443243753372e+01,nan,nan,9.872937068266667434e-10
2.240063252025156260e+01,nan,nan,9.872070255374031437e-10
2.243232060806559147e+01,nan,nan,9.871732141619379974e-10
2.247144519275448360e+01,nan,nan,9.871318656208900574e-10
2.249964322450499665e+01,nan,nan,9.871022979486424793e-10
2.253133131231902553e+01,nan,nan,9.870693334285309777e-10
2.256301940013305440e+01,nan,nan,9.870366355684068133e-10
2.260172796818772767e+01,nan,nan,9.869970892333845867e-10
2.262987143586433447e+01,nan,nan,9.869685533556425207e-10
2.266155952367836335e+01,nan,nan,9.869367013143900848e-10
2.269324761149239578e+01,nan,nan,9.869051083810561562e-10
2.273154350865267048e+01,nan,nan,9.868672457131392437e-10
2.275962997498390195e+01,nan,nan,9.868397508475611012e-10
2.279131806279793082e+01,nan,nan,9.868089523986549319e-10
2.282300615061195970e+01,nan,nan,9.867784068687931233e-10
2.286089253413636868e+01,nan,nan,9.867422034106153075e-10
2.288891922598716633e+01,nan,nan,9.867156716105053763e-10
2.292060731380119520e+01,nan,nan,9.866858972029855054e-10
2.295229540161522408e+01,nan,nan,9.866563696395119425e-10
2.298977523190417926e+01,nan,nan,9.866217576957201071e-10
2.301773887094739379e+01,nan,nan,9.865961637512671190e-10
2.304942695876142267e+01,nan,nan,9.865673845994285549e-10
2.308111504657545154e+01,nan,nan,9.865388463191850674e-10
2.311819084216364573e+01,nan,nan,9.865057613921016175e-10
2.314608761497005318e+01,nan,nan,9.864810810572556704e-10
2.317777570278408206e+01,nan,nan,9.864532690765365243e-10
2.320946379059811093e+01,nan,nan,9.864256920877378010e-10
2.324613763376621378e+01,nan,nan,9.863940726667079522e-10
2.327396315093843882e+01,nan,nan,9.863702825888308679e-10
2.330565123875246769e+01,nan,nan,9.863434103368500923e-10
2.333733932656649657e+01,nan,nan,9.863167672800573129e-10
2.337361301982019413e+01,nan,nan,9.862865545205079775e-10
2.340136230738023215e+01,nan,nan,9.862636321479180831e-10
2.343305039519426103e+01,nan,nan,9.862376727702345508e-10
2.346473848300828990e+01,nan,nan,9.862119368648221179e-10
2.350061382023774925e+01,nan,nan,9.861830742109047975e-10
2.352828136719270091e+01,nan,nan,9.861609976659613636e-10
2.355996945500672979e+01,nan,nan,9.861359248470909201e-10
2.359165754282075866e+01,nan,nan,9.861110698428611499e-10
2.362713662991134456e+01,nan,nan,9.860835026608750595e-10
2.365471645869184059e+01,nan,nan,9.860622506122835339e-10
2.368640454650586946e+01,nan,nan,9.860380385323840984e-10
2.371809263431989834e+01,nan,nan,9.860140386662219224e-10
2.375317809121377266e+01,nan,nan,9.859877140167211823e-10
2.378066387825744599e+01,nan,nan,9.859672655318014209e-10
2.381235196607147486e+01,nan,nan,9.859438888264668382e-10
2.384404005388550374e+01,nan,nan,9.859207187823026073e-10
2.387873520834508057e+01,nan,nan,9.858955852267680041e-10
2.390612038715114096e+01,nan,nan,9.858759196583298773e-10
2.393780847496516984e+01,nan,nan,9.858533533810991980e-10
2.396949656277919871e+01,nan,nan,9.858309882525379031e-10
2.400380538233998351e+01,nan,nan,9.858069958659585131e-10
2.403108324357625492e+01,nan,nan,9.857880927559690725e-10
2.406277133139028379e+01,nan,nan,9.857663123409017994e-10
2.409445941920431267e+01,nan,nan,9.857447275940878318e-10
2.412838644078842520e+01,nan,nan,9.857218279678880002e-10
2.415555020382773677e+01,nan,nan,9.857036669830682296e-10
2.418723829164176564e+01,nan,nan,9.856826482074219290e-10
2.421892637945579452e+01,nan,nan,9.856618196432108704e-10
2.425247640520809611e+01,nan,nan,9.856399926707805756e-10
2.427951924208957379e+01,nan,nan,9.856225410279695011e-10
2.431120732990360267e+01,nan,nan,9.856022790348161012e-10
2.434289541771763155e+01,nan,nan,9.855822022971079621e-10
2.437607335784213092e+01,nan,nan,9.855613792684052791e-10
2.440298839340186632e+01,nan,nan,9.855446317523813397e-10
2.443467648121589519e+01,nan,nan,9.855250858843190773e-10
2.446636456902992407e+01,nan,nan,9.855057197863001657e-10
2.449917513874567376e+01,nan,nan,9.854858537140748609e-10
2.452595542379449256e+01,nan,nan,9.854697900815978571e-10
2.455764351160852144e+01,nan,nan,9.854509367274770348e-10
2.458933159942255031e+01,nan,nan,9.854322735175338124e-10
2.462177925500113673e+01,nan,nan,9.854133532286929790e-10
2.464841776276830387e+01,nan,nan,9.853979497733445474e-10
2.468010585058233275e+01,nan,nan,9.853797923181890298e-10
2.471179393839636163e+01,nan,nan,9.853618039598967632e-10
2.474388275147608596e+01,nan,nan,9.853437583402493110e-10
2.477037237166778283e+01,nan,nan,9.853290002615181550e-10
2.480206045948181171e+01,nan,nan,9.853114952150007054e-10
2.483374854729584058e+01,nan,nan,9.852941790098743452e-10
2.486548235431715881e+01,nan,nan,9.852770004740013832e-10
2.489181595292765792e+01,nan,nan,9.852628695217762122e-10
2.492350404074168679e+01,nan,nan,9.852460145568994215e-10
2.495519212855571567e+01,nan,nan,9.852293177071579009e-10
2.498657463709036008e+01,nan,nan,9.852129666653031979e-10
2.501274514831481000e+01,nan,nan,9.851994472926966884e-10
2.504443323612883887e+01,nan,nan,9.851832280483728304e-10
2.507612132394286775e+01,nan,nan,9.851671613430172515e-10
2.510715626764796582e+01,nan,nan,9.851515868261935046e-10
2.513315680762330118e+01,nan,nan,9.851386625911902100e-10
2.516484489543733005e+01,nan,nan,9.851230586865897910e-10
2.519653298325135893e+01,nan,nan,9.851076015644460546e-10
2.522722433175460921e+01,nan,nan,9.850927870518068845e-10
2.525304834476311200e+01,nan,nan,9.850804405433424462e-10
2.528473643257714087e+01,nan,nan,9.850654306991989202e-10
2.531642452039116975e+01,nan,nan,9.850505627703646021e-10
2.534677647777802534e+01,nan,nan,9.850364892854702407e-10
2.537241781410597952e+01,nan,nan,9.850247020791091900e-10
2.540410590192000839e+01,nan,nan,9.850102640400253991e-10
2.543579398973403727e+01,nan,nan,9.849959964344782710e-10
2.546581110817689719e+01,nan,nan,9.849826109133394236e-10
2.549126413456891527e+01,nan,nan,9.849713635018447428e-10
2.552295222238294414e+01,nan,nan,9.849575151861998783e-10
2.555464031019697302e+01,nan,nan,9.849437983615691196e-10
2.558432733482796806e+01,nan,nan,9.849311021565528824e-10
2.560958691283427058e+01,nan,nan,9.849203929543055708e-10
2.564127500064829945e+01,nan,nan,9.849070962621082992e-10
2.567296308846232833e+01,nan,nan,9.848939406603484908e-10
2.570232489640435958e+01,nan,nan,9.848818978738486616e-10
2.572738637633905867e+01,nan,nan,9.848717090209526448e-10
2.575907446415308755e+01,nan,nan,9.848589681031257677e-10
2.579076255196711642e+01,nan,nan,9.848463712781924940e-10
2.581980397458553611e+01,nan,nan,9.848349513315520534e-10
2.587635120178757475e+01,nan,nan,9.848130925699487784e-10
2.590803928960160363e+01,nan,nan,9.848010477169886176e-10
2.593676495267093429e+01,nan,nan,9.847902574443756477e-10
2.599310590461266912e+01,nan,nan,9.847694587527085980e-10
2.602479399242669800e+01,nan,nan,9.847579798186384963e-10
2.605320822677059311e+01,nan,nan,9.847478189020980044e-10
2.610933920472475833e+01,nan,nan,9.847281265254751038e-10
2.614102729253878721e+01,nan,nan,9.847172467053601337e-10
2.616913406497828376e+01,nan,nan,9.847077495849601741e-10
2.622505153762368479e+01,nan,nan,9.846905398324698334e-10
2.625673962543771367e+01,nan,nan,9.846814512586595293e-10
2.628454253381560690e+01,nan,nan,9.846734412763298551e-10
2.634024311031446430e+01,nan,nan,9.846572937084245119e-10
2.637193119812849318e+01,nan,nan,9.846480477438424475e-10
2.639943355884057041e+01,nan,nan,9.846399881237500369e-10
2.645491402524389102e+01,nan,nan,9.846236307366639925e-10
2.648660211305791989e+01,nan,nan,9.846142289687142243e-10
2.651380703126625349e+01,nan,nan,9.846061231198736613e-10
2.656906438657478020e+01,nan,nan,9.845895617277051722e-10
2.660075247438880908e+01,nan,nan,9.845800057263527214e-10
2.662766300109704076e+01,nan,nan,9.845718569692082258e-10
2.668269456167252685e+01,nan,nan,9.845550972694319742e-10
2.671438264948655572e+01,nan,nan,9.845453885865801666e-10
2.674100182620956900e+01,nan,nan,9.845372001412037947e-10
2.679580525325659579e+01,nan,nan,9.845202476984112064e-10
2.682749334107062467e+01,nan,nan,9.845103878671665154e-10
2.685382432181750545e+01,nan,nan,9.845021628164492433e-10
2.690839771532633407e+01,nan,nan,9.844850230246462151e-10
2.694008580314036294e+01,nan,nan,9.844750135584948036e-10
2.696613182959993082e+01,nan,nan,9.844667548545917117e-10
2.702047370053221442e+01,nan,nan,9.844494329362254339e-10
2.705216178834624330e+01,nan,nan,9.844392753280583220e-10
2.707792620377815496e+01,nan,nan,9.844309857872987455e-10
2.713203548525973474e+01,nan,nan,9.844134867806965508e-10
2.716372357307376362e+01,nan,nan,9.844031825021733069e-10
2.718920971679256127e+01,nan,nan,9.843948648386253438e-10
2.724308566393808562e+01,nan,nan,9.843771936222759735e-10
2.727477375175211449e+01,nan,nan,9.843667441232279037e-10
2.729998489353192426e+01,nan,nan,9.843584009719229583e-10
2.735362701195946755e+01,nan,nan,9.843405622821230130e-10
2.738531509977349643e+01,nan,nan,9.843299689903790396e-10
2.743197424736368006e+01,nan,nan,9.843142961352630905e-10
2.746366233517770894e+01,nan,nan,9.843036013872243966e-10
2.749535042299173782e+01,nan,nan,9.842928657083881325e-10
2.754150613759852462e+01,nan,nan,9.842771554171586390e-10
2.757319422541255349e+01,nan,nan,9.842663194553829397e-10
2.760488231322658237e+01,nan,nan,9.842554427732804005e-10
2.765053692918345263e+01,nan,nan,9.842397007273374439e-10
2.768222501699748150e+01,nan,nan,9.842287249176175971e-10
2.771391310481151038e+01,nan,nan,9.842177085946365515e-10
2.775906856386405153e+01,nan,nan,9.842019404858775488e-10
2.779075665167808395e+01,nan,nan,9.841908261731457443e-10
2.782244473949211283e+01,nan,nan,9.841796715507636625e-10
2.786710269343479141e+01,nan,nan,9.841638830551270283e-10
2.789879078124882028e+01,nan,nan,9.841526315639302102e-10
2.793047886906284916e+01,nan,nan,9.841413399631963030e-10
2.797464064133950856e+01,nan,nan,9.841255367616945846e-10
2.800632872915353744e+01,nan,nan,9.841141493967333595e-10
2.803801681696756631e+01,nan,nan,9.841027221187967333e-10
2.808168360925800755e+01,nan,nan,9.840869098306127953e-10
2.811337169707203643e+01,nan,nan,9.840753878770350809e-10
2.814505978488606530e+01,nan,nan,9.840638262036532472e-10
2.818823270649119195e+01,nan,nan,9.840480103795238602e-10
2.821992079430522082e+01,nan,nan,9.840363551033006329e-10
2.825160888211924970e+01,nan,nan,9.840246602969307045e-10
2.829428910576490708e+01,nan,nan,9.840088463647137185e-10
2.832597719357893595e+01,nan,nan,9.839970590128681417e-10
2.835766528139296483e+01,nan,nan,9.839852323171271593e-10
2.839985406618854213e+01,nan,nan,9.839694255740094621e-10
2.843154215400257101e+01,nan,nan,9.839575073748044497e-10
2.846323024181659989e+01,nan,nan,9.839455500145626459e-10
2.850492896941187482e+01,nan,nan,9.839297556136763809e-10
2.853661705722590369e+01,nan,nan,9.839177077768404178e-10
2.856830514503993257e+01,nan,nan,9.839056209585030793e-10
2.860951522925726564e+01,nan,nan,9.838898439433253987e-10
2.864120331707129452e+01,nan,nan,9.838776676604193951e-10
2.867289140488532340e+01,nan,nan,9.838654525724082818e-10
2.871361422565846766e+01,nan,nan,9.838496979038980407e-10
2.874530231347249654e+01,nan,nan,9.838373943489599127e-10
2.877699040128652541e+01,nan,nan,9.838250521621359467e-10
2.881722718089458724e+01,nan,nan,9.838093247698594620e-10
2.884870071905775646e+01,nan,nan,9.837969793865244386e-10
2.888038880687178533e+01,nan,nan,9.837845115152769250e-10
2.892053479799804805e+01,nan,nan,9.837686606914427890e-10
2.895201655698952337e+01,nan,nan,9.837561877018045110e-10
2.898370464480355224e+01,nan,nan,9.837435947957733925e-10
2.902327410141040787e+01,nan,nan,9.837278161423142574e-10
2.905416593839627382e+01,nan,nan,9.837154563761190801e-10
2.908585402621030269e+01,nan,nan,9.837027403806735114e-10
2.912661615464183740e+01,nan,nan,9.836863271173658626e-10
2.915830424245586627e+01,nan,nan,9.836735241403588169e-10
2.918999233026989515e+01,nan,nan,9.836606831977975533e-10
2.922794270521715632e+01,nan,nan,9.836452547137368475e-10
2.925705437062433134e+01,nan,nan,9.836333827453361518e-10
2.928874245843836022e+01,nan,nan,9.836204238201673652e-10
2.933424083111975023e+01,nan,nan,9.836017511339094557e-10
2.936592891893377910e+01,nan,nan,9.835887003245990223e-10
2.940708407282783909e+01,nan,nan,9.835716943059246891e-10
2.945005746002042812e+01,nan,nan,9.835538693208781547e-10
2.947879475993778087e+01,nan,nan,9.835419108421940710e-10
2.950858378133553472e+01,nan,nan,9.835294821882411431e-10
2.956340348083848824e+01,nan,nan,9.835065237727226479e-10
2.959835788369133525e+01,nan,nan,9.834918265630355689e-10
2.965344933394802851e+01,nan,nan,9.834685702963616035e-10
2.968322268709905742e+01,nan,nan,9.834559549771347699e-10
2.973770821769709016e+01,nan,nan,9.834327839084881184e-10
2.977265414119942477e+01,nan,nan,9.834178647447184180e-10
2.982754237474880199e+01,nan,nan,9.833943409091872475e-10
2.985690148313402048e+01,nan,nan,9.833817127629432402e-10
2.991136710556945744e+01,nan,nan,9.833582017769599890e-10
2.994592680544558050e+01,nan,nan,9.833432270995833648e-10
3.000081814812813619e+01,nan,nan,9.833193528879909609e-10
3.003000252291516148e+01,nan,nan,9.833066147288908360e-10
3.008438320730588700e+01,nan,nan,9.832827962119838773e-10
3.011854867827331006e+01,nan,nan,9.832677767941884264e-10
3.017345100946739578e+01,nan,nan,9.832435524176157717e-10
3.020247375462273709e+01,nan,nan,9.832307026154554936e-10
3.025676972947163179e+01,nan,nan,9.832065811770621142e-10
3.029055305305329782e+01,nan,nan,9.831915188534128397e-10
3.034546323047384320e+01,nan,nan,9.831669492136677241e-10
3.037432643878045013e+01,nan,nan,9.831539907653848975e-10
3.042854081727024251e+01,nan,nan,9.831295696346254757e-10
3.046195509390374312e+01,nan,nan,9.831144654387714069e-10
3.051686923091915205e+01,nan,nan,9.830895557750841019e-10
3.054557466584424219e+01,nan,nan,9.830764917266708299e-10
3.059971051978306988e+01,nan,nan,9.830517740225808259e-10
3.063276833791915621e+01,nan,nan,9.830366288756018438e-10
3.068768244307458204e+01,nan,nan,9.830113844972269750e-10
3.071623202607517200e+01,nan,nan,9.829982177328579469e-10
3.077029214037916205e+01,nan,nan,9.829732065884718186e-10
3.080300527577829683e+01,nan,nan,9.829580214620958662e-10
3.085791529482065698e+01,nan,nan,9.829324477380098794e-10
3.088631105117472586e+01,nan,nan,9.829191810068661831e-10
3.094029789645961870e+01,nan,nan,9.828938795981362409e-10
3.097267725574340602e+01,nan,nan,9.828786555714733669e-10
3.102757911197507212e+01,nan,nan,9.828527579189633641e-10
3.105582329661238106e+01,nan,nan,9.828393937783026078e-10
3.110973904301598125e+01,nan,nan,9.828138053332244714e-10
3.114179493773907481e+01,nan,nan,9.827985434918909134e-10
3.119668453313674306e+01,nan,nan,9.827723273810809855e-10
3.122477973213473135e+01,nan,nan,9.827588681462999906e-10
3.127862633528520675e+01,nan,nan,9.827329959170051688e-10
3.131036881560816454e+01,nan,nan,9.827176972139328450e-10
3.136524206030646056e+01,nan,nan,9.826911681568586702e-10
3.139319129187359536e+01,nan,nan,9.826776158479051956e-10
3.144697057849430522e+01,nan,nan,9.826514630787300542e-10
3.147840966071835211e+01,nan,nan,9.826361282355761462e-10
3.153326253975275151e+01,nan,nan,9.826092917545864838e-10
3.156106928763886543e+01,nan,nan,9.825956480722323772e-10
3.161478301279075964e+01,nan,nan,9.825692179776696394e-10
3.164592879844835593e+01,nan,nan,9.825538474321996341e-10
3.170075739540110860e+01,nan,nan,9.825267090470192197e-10
3.172842538677367941e+01,nan,nan,9.825129754746888326e-10
3.178207527749628625e+01,nan,nan,9.824862712220622810e-10
3.181293777537768364e+01,nan,nan,9.824708652202313027e-10
3.186773831883833452e+01,nan,nan,9.824434304229084425e-10
3.189527141168839464e+01,nan,nan,9.824296082802509826e-10
3.194885911969409520e+01,nan,nan,9.824026330165849741e-10
3.197944801851809160e+01,nan,nan,9.823871917346122716e-10
3.203421687398219575e+01,nan,nan,9.823594659909122283e-10
3.206161871033845046e+01,nan,nan,9.823455566094335034e-10
3.211514578830703925e+01,nan,nan,9.823183134782980888e-10
3.214547011094234819e+01,nan,nan,9.823028372115661365e-10
3.220020377271960399e+01,nan,nan,9.822748259636439565e-10
3.222747772741768557e+01,nan,nan,9.822608307206453883e-10
3.228094556255781811e+01,nan,nan,9.822333229018163135e-10
3.231101353845206603e+01,nan,nan,9.822178121506393079e-10
3.236570858670565087e+01,nan,nan,9.821895208376872836e-10
3.239285767830499907e+01,nan,nan,9.821754412111952496e-10
3.244626747724145588e+01,nan,nan,9.821476719353014637e-10
3.247608648386328412e+01,nan,nan,9.821321274575226365e-10
3.253073957956114981e+01,nan,nan,9.821035615179962490e-10
3.255776660267595446e+01,nan,nan,9.820893990274497175e-10
3.261111939848289865e+01,nan,nan,9.820613715787260225e-10
3.264069613565917649e+01,nan,nan,9.820457943203872908e-10
3.269530402543327341e+01,nan,nan,9.820169591879437533e-10
3.272221166317171992e+01,nan,nan,9.820027153413384759e-10
3.277550837224821834e+01,nan,nan,9.819744330328233437e-10
3.280484913857562645e+01,nan,nan,9.819588239986737006e-10
3.285940868189885578e+01,nan,nan,9.819297250851831161e-10
3.288619966867586442e+01,nan,nan,9.819154012956386758e-10
3.293944114403739576e+01,nan,nan,9.818868674434139825e-10
3.296855206101391644e+01,nan,nan,9.818712275873018622e-10
3.302306027993033410e+01,nan,nan,9.818418702520854107e-10
3.304973739083857254e+01,nan,nan,9.818274678431325601e-10
3.310292448520847586e+01,nan,nan,9.817986857333168050e-10
3.313181162662650081e+01,nan,nan,9.817830158937245886e-10
3.318626573983884498e+01,nan,nan,9.817534054194682682e-10
3.321283177565618416e+01,nan,nan,9.817389256330326703e-10
3.326596535841599689e+01,nan,nan,9.817098985117255613e-10
3.329463472145955905e+01,nan,nan,9.816941994300655716e-10
3.334903215064529292e+01,nan,nan,9.816643410133084487e-10
3.337548984527527551e+01,nan,nan,9.816497850605072177e-10
3.342857079302672219e+01,nan,nan,9.816205161381797259e-10
3.345702823074833532e+01,nan,nan,9.816047884997318094e-10
3.351136657953123432e+01,nan,nan,9.815746872564070948e-10
3.353771849671247196e+01,nan,nan,9.815600563771000102e-10
3.359074766686374147e+01,nan,nan,9.815305488426872524e-10
3.361899873654712678e+01,nan,nan,9.815147933658379188e-10
3.367327575858622879e+01,nan,nan,9.814844543444168677e-10
3.369952421847110458e+01,nan,nan,9.814697498525350443e-10
3.375250242229946451e+01,nan,nan,9.814400068889872792e-10
3.378055232675760777e+01,nan,nan,9.814242243663591893e-10
3.383476588872508728e+01,nan,nan,9.813936525645007994e-10
3.386091297469834416e+01,nan,nan,9.813788758497777699e-10
3.391384096258193637e+01,nan,nan,9.813489006436784399e-10
3.394169452931523523e+01,nan,nan,9.813330919628308075e-10
3.399584259625704874e+01,nan,nan,9.813022923327030721e-10
3.402189020140880160e+01,nan,nan,9.812874448397859949e-10
3.407476866210951982e+01,nan,nan,9.812572405826961018e-10
3.410243040751373655e+01,nan,nan,9.812414066983560337e-10
3.415651104324304299e+01,nan,nan,9.812103841434816948e-10
3.418246088925467063e+01,nan,nan,9.811954673652367744e-10
3.423529046594148895e+01,nan,nan,9.811650372458159841e-10
3.426276464096955010e+01,nan,nan,9.811491791613936816e-10
3.431677601408232903e+01,nan,nan,9.811179385301124015e-10
3.434262968870461208e+01,nan,nan,9.811029539896990579e-10
3.439541098070219505e+01,nan,nan,9.810723011933165117e-10
3.442270160345304930e+01,nan,nan,9.810564199482589198e-10
3.447664197879849723e+01,nan,nan,9.810249660355962956e-10
3.450240083022217874e+01,nan,nan,9.810099153513572079e-10
3.455513439625005390e+01,nan,nan,9.809790430589828939e-10
3.458224518871314501e+01,nan,nan,9.809631397717972264e-10
3.463611289638552648e+01,nan,nan,9.809314773353619604e-10
3.466177805546629997e+01,nan,nan,9.809163622125874506e-10
3.471446438322853822e+01,nan,nan,9.808852736197544920e-10
3.474139870294627741e+01,nan,nan,9.808693495353473638e-10
3.479519208718147638e+01,nan,nan,9.808374833238110924e-10
3.482076434071733217e+01,nan,nan,9.808223056347032950e-10
3.487340382903435909e+01,nan,nan,9.807910039638503119e-10
3.490016463387325985e+01,nan,nan,9.807750604828463292e-10
3.495388201454249355e+01,nan,nan,9.807429952585709415e-10
3.497936187310022405e+01,nan,nan,9.807277570084447904e-10
3.503195481869985173e+01,nan,nan,9.806962455190137071e-10
3.505854466946184544e+01,nan,nan,9.806802842049140951e-10
3.511218432311869719e+01,nan,nan,9.806480247556228377e-10
3.513757201652537532e+01,nan,nan,9.806327280912266757e-10
3.519011862239199928e+01,nan,nan,9.806010100769863783e-10
3.521653976001198316e+01,nan,nan,9.805850326176794398e-10
3.527009993771537921e+01,nan,nan,9.805525837461190203e-10
3.529539550609612064e+01,nan,nan,9.805372309055198622e-10
3.534789590326289499e+01,nan,nan,9.805053096832348575e-10
3.537415033312723978e+01,nan,nan,9.804893178463497269e-10
3.542762928590812521e+01,nan,nan,9.804566843548956557e-10
3.545283272856774204e+01,nan,nan,9.804412775800412339e-10
3.550528699477241901e+01,nan,nan,9.804091564790866041e-10
3.553137661981114803e+01,nan,nan,9.803931520352654211e-10
3.558477264802078111e+01,nan,nan,9.803603386942902111e-10
3.560988376104910458e+01,nan,nan,9.803448803314820554e-10
3.566229194500329669e+01,nan,nan,9.803125626799209742e-10
3.568821857594306124e+01,nan,nan,9.802965473988463490e-10
3.574153002862528439e+01,nan,nan,9.802635589459518920e-10
3.576654848975501011e+01,nan,nan,9.802480513967988959e-10
3.581891059612041062e+01,nan,nan,9.802155405309316016e-10
3.584467592281234971e+01,nan,nan,9.801995162015331896e-10
3.589790117917859646e+01,nan,nan,9.801663573514599664e-10
3.594345429898643829e+01,nan,nan,9.801379181420488715e-10
3.597514238680047072e+01,nan,nan,9.801181024340266568e-10
3.600074792125008827e+01,nan,nan,9.801020709028892227e-10
3.605388535138611417e+01,nan,nan,9.800687463717040981e-10
3.609929815676304798e+01,nan,nan,9.800402071956128404e-10
3.613098624457708041e+01,nan,nan,9.800202610233541598e-10
3.615643328532564027e+01,nan,nan,9.800042242210734127e-10
3.620948122457457430e+01,nan,nan,9.799707387421395982e-10
3.625475240195704174e+01,nan,nan,9.799421041090185313e-10
3.628644048977107417e+01,nan,nan,9.799220292353195096e-10
3.631173015892694167e+01,nan,nan,9.799059891573313653e-10
3.636468691297431377e+01,nan,nan,9.798723474788454888e-10
3.640981484364238696e+01,nan,nan,9.798436220769264365e-10
3.644150293145641939e+01,nan,nan,9.798234202591310442e-10
3.646663621137274447e+01,nan,nan,9.798073789456682117e-10
3.651950007773159967e+01,nan,nan,9.797735858172066383e-10
3.656448288444470052e+01,nan,nan,9.797447744882728225e-10
3.659617097225872584e+01,nan,nan,9.797244474782832158e-10
3.662251353202272242e+01,nan,nan,9.797075300834870078e-10
3.667413844507613874e+01,nan,nan,9.796743252411046637e-10
3.669914090680324392e+01,nan,nan,9.796582196302292118e-10
3.675191077375846049e+01,nan,nan,9.796241757150168462e-10
3.679650710226232491e+01,nan,nan,9.795953504260277679e-10
3.682819519007635733e+01,nan,nan,9.795748382937549170e-10
3.685419993089548285e+01,nan,nan,9.795579863693632746e-10
3.690586306816150852e+01,nan,nan,9.795244570754985599e-10
3.693178879579857465e+01,nan,nan,9.795076063806352111e-10
3.698344711726405620e+01,nan,nan,9.794739809862388384e-10
3.700922007881039377e+01,nan,nan,9.794571802754729582e-10
3.706090426785358005e+01,nan,nan,9.794234395389917052e-10
3.708649697670807655e+01,nan,nan,9.794067077475454791e-10
3.713821412800364641e+01,nan,nan,9.793728477055723920e-10
3.716362363788442025e+01,nan,nan,9.793561878309777538e-10
3.721536936579498445e+01,nan,nan,9.793222120186294467e-10
3.724060371159249883e+01,nan,nan,9.793056198464398460e-10
3.729236975417172317e+01,nan,nan,9.792715343724327349e-10
3.731743975710493544e+01,nan,nan,9.792550037960418936e-10
3.736921782530308889e+01,nan,nan,9.792208148284279209e-10
3.741422825865707580e+01,nan,nan,9.791910424550572591e-10
3.744591634647110112e+01,nan,nan,9.791700532629864515e-10
3.749077944816762198e+01,nan,nan,9.791402965896624279e-10
3.752246753598164730e+01,nan,nan,9.791192498868696041e-10
3.756718491015447370e+01,nan,nan,9.790895090421515955e-10
3.759887299796850613e+01,nan,nan,9.790684052939510791e-10
3.764344580816933217e+01,nan,nan,9.790386806817180845e-10
3.767513389598335749e+01,nan,nan,9.790175203512931751e-10
3.771956301012537693e+01,nan,nan,9.789878125576210634e-10
3.775125109793940936e+01,nan,nan,9.789665961062736381e-10
3.779553717650795619e+01,nan,nan,9.789369058428775004e-10
3.782722526432198862e+01,nan,nan,9.789156337301018400e-10
3.787136882461933141e+01,nan,nan,9.788859617929378752e-10
3.790305691243336383e+01,nan,nan,9.788646344767773858e-10
3.794705832848794103e+01,nan,nan,9.788349817473721793e-10
3.797874641630197345e+01,nan,nan,9.788135996844206328e-10
3.802260600649383093e+01,nan,nan,9.787839670719778201e-10
3.805429409430785626e+01,nan,nan,9.787625307175662972e-10
3.809801208180626020e+01,nan,nan,9.787329191863555473e-10
3.812970016962028552e+01,nan,nan,9.787114289946628662e-10
3.817327673505666041e+01,nan,nan,9.786818395290291080e-10
3.820496482287069284e+01,nan,nan,9.786602959531814995e-10
3.824840002281238327e+01,nan,nan,9.786307296136335577e-10
3.828008811062641570e+01,nan,nan,9.786091331057865563e-10
3.832338201541436717e+01,nan,nan,9.785795909357755504e-10
3.835507010322839250e+01,nan,nan,9.785579419473296812e-10
3.839822270241122482e+01,nan,nan,9.785284250381642992e-10
3.842991079022525724e+01,nan,nan,9.785067240196664373e-10
3.847292197930543267e+01,nan,nan,9.784772335202622929e-10
3.850461006711945799e+01,nan,nan,9.784554809217760327e-10
3.854747975043392927e+01,nan,nan,9.784260179686246936e-10
3.857916783824796170e+01,nan,nan,9.784042142395980007e-10
3.862189578580497340e+01,nan,nan,9.783747800556888978e-10
3.865358387361899872e+01,nan,nan,9.783529256452583041e-10
3.869616989499006365e+01,nan,nan,9.783235214207862587e-10
3.872785798280408898e+01,nan,nan,9.783016167777522540e-10
3.877030567858268739e+01,nan,nan,9.782722410722256564e-10
3.880199376639671272e+01,nan,nan,9.782502866426997732e-10
3.884430759304874670e+01,nan,nan,9.782209373951367090e-10
3.887599568086277912e+01,nan,nan,9.781989336219693201e-10
3.891817564798857632e+01,nan,nan,9.781696118340044475e-10
3.894986373580260164e+01,nan,nan,9.781475591601040353e-10
3.899191010003072222e+01,nan,nan,9.781182656555141185e-10
3.902359818784474754e+01,nan,nan,9.780961645236396524e-10
3.906551093715846434e+01,nan,nan,9.780669003070963432e-10
3.909719902497248967e+01,nan,nan,9.780447511602661137e-10
3.913897828208136076e+01,nan,nan,9.780155171368913247e-10
3.917066636989539319e+01,nan,nan,9.779933204183955580e-10
3.921231201408885170e+01,nan,nan,9.779641176584116957e-10
3.924400010190288413e+01,nan,nan,9.779418738120576058e-10
3.928551214167085703e+01,nan,nan,9.779127032906417497e-10
3.931720022948488946e+01,nan,nan,9.778904127608951932e-10
3.935857850535080615e+01,nan,nan,9.778612755668368526e-10
3.939026659316483858e+01,nan,nan,9.778389387989854902e-10
3.943151101185474516e+01,nan,nan,9.778098359705526709e-10
3.946319909966877049e+01,nan,nan,9.777874534110058199e-10
3.950430940965344462e+01,nan,nan,9.777583860946849131e-10
3.953599749746747705e+01,nan,nan,9.777359581910738437e-10
3.957697349414954147e+01,nan,nan,9.777069274973891496e-10
3.960866158196357389e+01,nan,nan,9.776844546988526684e-10
3.964950294727481150e+01,nan,nan,9.776554618159289891e-10
3.968119103508883683e+01,nan,nan,9.776329445733471179e-10
3.972189743957208208e+01,nan,nan,9.776039906955451631e-10
3.975358552738611451e+01,nan,nan,9.775814294617362149e-10
3.979415656245398480e+01,nan,nan,9.775525158381171144e-10
3.982584465026801013e+01,nan,nan,9.775299110681164528e-10
3.986627985754257963e+01,nan,nan,9.775010389821437780e-10
3.989796794535660496e+01,nan,nan,9.774783911336612484e-10
3.993826682933561756e+01,nan,nan,9.774495618948208455e-10
3.996995491714964999e+01,nan,nan,9.774268714282802729e-10
4.001011689946857075e+01,nan,nan,9.773980864053912400e-10
4.004180498728260318e+01,nan,nan,9.773753537844910507e-10
4.008182947064073431e+01,nan,nan,9.773466143605222373e-10
4.011351755845475964e+01,nan,nan,9.773238400524248831e-10
4.015340387188521021e+01,nan,nan,9.772951476643190875e-10
4.018509195969924264e+01,nan,nan,9.772723321401727901e-10
4.022483941457913659e+01,nan,nan,9.772436882393517798e-10
4.025652750239316902e+01,nan,nan,9.772208319746741355e-10
4.029613533742552534e+01,nan,nan,9.771922380670712941e-10
4.032782342523955066e+01,nan,nan,9.771693415420698067e-10
4.036729086345123108e+01,nan,nan,9.771407991479072357e-10
4.039897895126526350e+01,nan,nan,9.771178628481855216e-10
4.043830515067749332e+01,nan,nan,9.770893735382101346e-10
4.046999323849152574e+01,nan,nan,9.770663979551504940e-10
4.050917733986157288e+01,nan,nan,9.770379633167384300e-10
4.054086542767559820e+01,nan,nan,9.770149489481005189e-10
4.057990648081726448e+01,nan,nan,9.769865706396215204e-10
4.061159456863129691e+01,nan,nan,9.769635179903298262e-10
4.065049162689583540e+01,nan,nan,9.769351976733610284e-10
4.068217971470986782e+01,nan,nan,9.769121072560892735e-10
4.072093168670271268e+01,nan,nan,9.768838467042277120e-10
4.075261977451673800e+01,nan,nan,9.768607190402901408e-10
4.079122560065366798e+01,nan,nan,9.768325200117315754e-10
4.082291368846770041e+01,nan,nan,9.768093556318571950e-10
4.086137215473269180e+01,nan,nan,9.767812200062829206e-10
4.089306024254672423e+01,nan,nan,9.767580194517671432e-10
4.093137008448899650e+01,nan,nan,9.767299491558239087e-10
4.096305817230302893e+01,nan,nan,9.767067129794674019e-10
4.100121805267907860e+01,nan,nan,9.766787100045927388e-10
4.103290614049311102e+01,nan,nan,9.766554387720881935e-10
4.107091457137325108e+01,nan,nan,9.766275052331010663e-10
4.110260265918727640e+01,nan,nan,9.766041995243529635e-10
4.114045810716549312e+01,nan,nan,9.765763375841197429e-10
4.117214619497952555e+01,nan,nan,9.765529979948108270e-10
4.120984697896439997e+01,nan,nan,9.765252099414307539e-10
4.124139752904976319e+01,nan,nan,9.765019385639756275e-10
4.127934392250025297e+01,nan,nan,9.764739299821787777e-10
4.130754601068755960e+01,nan,nan,9.764530999388959920e-10
4.133361319094401409e+01,nan,nan,9.764338363421658190e-10
4.137825521237376591e+01,nan,nan,9.764008229743272345e-10
4.140465968168168587e+01,nan,nan,9.763812829747344306e-10
4.144882248724785256e+01,nan,nan,9.763485790809520122e-10
4.147523514836618119e+01,nan,nan,9.763290065209730693e-10
4.151841328138525000e+01,nan,nan,9.762969892399447441e-10
4.154621614080667769e+01,nan,nan,9.762763593159329878e-10
4.159039719484071895e+01,nan,nan,9.762435549197989952e-10
4.163362744116084002e+01,nan,nan,9.762114310226986506e-10
4.167239538333870996e+01,nan,nan,9.761826019048621568e-10
4.170537504849918520e+01,nan,nan,9.761580616596536402e-10
4.174220474398477165e+01,nan,nan,9.761306400209369507e-10
4.177319132003699309e+01,nan,nan,9.761075555341490053e-10
4.181176956992181459e+01,nan,nan,9.760787985855011287e-10
4.184476542877897742e+01,nan,nan,9.760541883162649782e-10
4.186995212555113000e+01,nan,nan,9.760353937032632120e-10
4.191108802936410882e+01,nan,nan,9.760046813603838237e-10
4.193624056442447312e+01,nan,nan,9.759858925447228755e-10
4.196358057216428250e+01,nan,nan,9.759654614486514692e-10
4.200660621751157464e+01,nan,nan,9.759332914617806889e-10
4.203197770882393769e+01,nan,nan,9.759143117921341144e-10
4.207473663981321721e+01,nan,nan,9.758823094251935334e-10
4.210190053181506187e+01,nan,nan,9.758619689980866505e-10
4.214452480960581937e+01,nan,nan,9.758300366412301266e-10
4.216988572568426008e+01,nan,nan,9.758110287626302427e-10
4.221150305330047559e+01,nan,nan,9.757798234867796321e-10
4.224125495780323547e+01,nan,nan,9.757575052939956027e-10
4.228199583039983622e+01,nan,nan,9.757269311391468938e-10
4.232508599169816677e+01,nan,nan,9.756945788150804200e-10
4.236288704958542439e+01,nan,nan,9.756661855275084481e-10
4.239544021649690109e+01,nan,nan,9.756417256092171619e-10
4.242999070980722820e+01,nan,nan,9.756157569625898134e-10
4.245993892525612523e+01,nan,nan,9.755932412974829362e-10
4.249804038214502810e+01,nan,nan,9.755645883394753125e-10
4.253028064046138468e+01,nan,nan,9.755403372107120145e-10
4.256551930047103838e+01,nan,nan,9.755138253271063546e-10
4.259401223661600255e+01,nan,nan,9.754923851371271941e-10
4.263253245303793193e+01,nan,nan,9.754633957870414529e-10
4.266435577118819822e+01,nan,nan,9.754394439327010598e-10
4.269846641276989629e+01,nan,nan,9.754137692058905725e-10
4.272595132239070637e+01,nan,nan,9.753930814418901126e-10
4.276491524760833585e+01,nan,nan,9.753637547620037060e-10
4.279556757166874803e+01,nan,nan,9.753406863292619933e-10
4.282117136343394748e+01,nan,nan,9.753214199686885425e-10
4.285817584289048909e+01,nan,nan,9.752935808241405930e-10
4.289581073831399038e+01,nan,nan,9.752652773073800217e-10
4.292799673211321476e+01,nan,nan,9.752410821178692839e-10
4.295409198199683942e+01,1.457032858371437396e+04,1.457032858371437396e+04,1.008890771923717635e-09
4.298331843054448598e+01,1.452612575387197285e+04,1.452612575387197285e+04,1.091328166187981895e-09
4.302118694617080052e+01,1.449159589672036600e+04,1.449159589672036600e+04,1.217648632063046274e-09
4.305015673823860567e+01,1.446741819202550141e+04,1.446741819202550141e+04,1.329989440270528657e-09
4.308075779672478234e+01,1.444403088634219966e+04,1.444403088634219966e+04,1.462336718461335500e-09
4.310718945785454537e+01,1.444181214993825415e+04,1.444181214993825415e+04,1.586154002536348944e-09
4.313731085057337111e+01,1.443884938655384940e+04,1.443884938655384940e+04,1.862092322784651340e-09
4.316396030741668710e+01,1.443525341808057601e+04,1.443525341808057601e+04,2.168539797753310018e-09
4.319416922845867646e+01,1.442751248267475967e+04,1.442751248267475967e+04,2.482617489415491887e-09
4.322535338461050003e+01,1.441314462635569907e+04,1.441314462635569907e+04,2.698692838016474812e-09
4.325233459048008910e+01,1.441056890093194670e+04,1.441056890093194670e+04,2.787747878298550361e-09
4.327795082033083673e+01,1.440899904982616499e+04,1.440899904982616499e+04,2.813158469167468605e-09
4.330618722792683428e+01,1.440768524395535860e+04,1.440768524395535860e+04,2.785279286998708802e-09
4.333285651729645593e+01,1.440643523997860757e+04,1.440643523997860757e+04,2.715484276772421336e-09
4.335852702638908340e+01,1.440442493151159033e+04,1.440442493151159033e+04,2.640088418192181595e-09
4.338683061028559251e+01,1.439786856855092992e+04,1.461076634245438981e+04,2.545621785519688767e-09
4.341449568705591844e+01,1.438480415757770061e+04,1.465590203442140228e+04,2.454088921528568869e-09
4.343995088631642432e+01,1.438149025469480875e+04,1.468928145152740035e+04,2.379071877465888596e-09
4.346947780445452736e+01,1.438012372805073937e+04,1.472488651158550965e+04,2.275432716370902628e-09
4.350043978522962362e+01,1.437915958076186325e+04,1.476087533079930108e+04,2.201867360192626990e-09
4.353052340654292607e+01,1.437842518280895638e+04,1.479566311075970225e+04,2.094504773738811810e-09
4.355556491462849777e+01,1.437780274164753246e+04,1.482502171124758388e+04,2.026228587719243918e-09
4.358345319798912243e+01,1.437673716656657598e+04,1.485845655611422262e+04,1.955255166094424468e-09
4.361062021092249807e+01,1.437438260027250908e+04,1.489203885052571968e+04,1.892570881281382180e-09
4.364212795133799005e+01,1.436960505994226696e+04,1.493251234724634924e+04,1.820460553051765522e-09
4.367390732670487807e+01,1.436261292763175879e+04,1.497512859615691377e+04,1.751104952464818528e-09
4.370045509149206708e+01,1.435254034379870973e+04,1.501221670023876686e+04,1.749075892034534691e-09
4.373395647633135042e+01,1.435150444485730259e+04,1.506110145892458422e+04,1.802535087493476386e-09
4.376359222345431732e+01,1.435089783109465498e+04,1.510633798118505001e+04,1.848971266331946722e-09
4.379572303967853486e+01,1.435043203227563572e+04,1.515754245839669966e+04,1.897999758525475313e-09
4.382383126241268201e+01,1.435013666380773066e+04,1.520414872840779026e+04,1.938790067567234298e-09
4.385294271336238126e+01,1.434989673821400720e+04,1.525420250565339848e+04,1.978801522237009030e-09
4.387947637963833358e+01,1.434968649256975914e+04,1.530124446443699526e+04,2.012844467354748064e-09
4.390787447887164774e+01,1.434938017627205409e+04,1.535308895879507691e+04,2.046052267037653188e-09
4.393293676624897159e+01,1.434910976416169069e+04,1.540002476596196720e+04,2.072951019773009187e-09
4.396108397505010146e+01,1.434935972339312866e+04,1.545380724717623707e+04,2.098738436847494963e-09
4.399023057665743863e+01,1.435119386554135781e+04,1.551064062438298788e+04,2.121866020564052689e-09
4.401635212039761313e+01,1.556240235959580241e+04,1.556240235959580241e+04,2.135034232007053505e-09
4.404780022333054035e+01,1.562546747732810582e+04,1.562546747732810582e+04,2.146881633855569854e-09
4.407631628535578017e+01,1.568321021526740333e+04,1.568321021526740333e+04,2.152085614496323695e-09
4.410601060125550532e+01,1.574365477100705903e+04,1.574365477100705903e+04,2.152031891729853868e-09
4.413464711391611672e+01,1.580208642641784172e+04,1.580208642641784172e+04,2.145679463236787155e-09
4.416338782832345089e+01,1.586060107771201911e+04,1.586060107771201911e+04,2.134428058351635506e-09
4.419089376032885497e+01,1.591645487028790194e+04,1.591645487028790194e+04,2.118463249735050270e-09
4.422096518506072016e+01,1.597705969155401726e+04,1.597705969155401726e+04,2.096432195002709352e-09
4.424941505569672984e+01,1.603389663916947575e+04,1.603389663916947575e+04,2.070849641667568599e-09
4.427787423030611791e+01,1.609008472528599668e+04,1.609008472528599668e+04,2.041483354791303593e-09
4.431056139332086730e+01,1.615379429439186060e+04,1.615379429439186060e+04,2.003608902924484164e-09
4.433618012241946360e+01,1.620284089308791226e+04,1.620284089308791226e+04,1.972510230304660376e-09
4.436965827783432559e+01,1.626618198555375420e+04,1.626618198555375420e+04,1.929123273990296467e-09
4.440318651921770510e+01,1.632834669046239469e+04,1.632834669046239469e+04,1.881266910747537332e-09
4.443801789832265570e+01,1.639167055641696425e+04,1.639167055641696425e+04,1.830784819407609151e-09
4.447418148289204964e+01,1.645598867749541023e+04,1.645598867749541023e+04,1.776857371304320592e-09
4.450922437823776079e+01,1.651689195304453096e+04,1.651689195304453096e+04,1.723674531560338728e-09
4.453460881930012505e+01,1.656019323481550600e+04,1.656019323481550600e+04,1.685071403924613305e-09
4.456679609166716460e+01,1.661427437092864056e+04,1.661427437092864056e+04,1.638671246561289708e-09
4.460525559435737364e+01,1.667759349454699986e+04,1.667759349454699986e+04,1.581719945468170637e-09
4.463422946037785266e+01,1.672454395502314946e+04,1.672454395502314946e+04,1.540178651699229915e-09
4.467117451228615010e+01,1.678333689833201061e+04,1.678333689833201061e+04,1.490482337190080991e-09
4.471509351901507046e+01,1.685181830728604109e+04,1.685181830728604109e+04,1.431061825501291077e-09
4.474250761633974349e+01,1.689397234810191003e+04,1.689397234810191003e+04,1.394855465186718902e-09
4.477090228849059628e+01,1.693728805218216075e+04,1.693728805218216075e+04,1.359636101451072148e-09
4.481335308398227824e+01,1.700125259486642608e+04,1.700125259486642608e+04,1.309991759796914260e-09
4.484180525601661316e+01,1.704406329910383283e+04,1.704406329910383283e+04,1.276446333997395040e-09
4.487359831064914317e+01,1.709160584689728421e+04,1.709160584689728421e+04,1.241740802369500784e-09
4.491787246008555456e+01,1.715811245695860634e+04,1.715811245695860634e+04,1.195987958490429848e-09
4.495469199553948414e+01,1.721383356212425133e+04,1.721383356212425133e+04,1.159490913377913229e-09
4.499014623612055885e+01,1.726921557717386167e+04,1.726921557717386167e+04,1.127114491764538367e-09
4.502588973921738358e+01,1.732472879840113455e+04,1.732472879840113455e+04,1.094762744539119962e-09
4.505928390758374036e+01,1.738008144237512533e+04,1.738008144237512533e+04,1.066740532426319532e-09
4.509213516165911528e+01,1.743924396758128933e+04,1.743924396758128933e+04,1.040408142450352284e-09
4.512840007811761467e+01,1.751761268265856415e+04,1.751761268265856415e+04,1.013149450817451512e-09
4.515446425577205503e+01,nan,nan,9.938992714553516050e-10
4.518697546790923525e+01,nan,nan,9.735466054757172436e-10
4.521711599157606543e+01,nan,nan,9.735232191284639337e-10
4.524325302403372007e+01,nan,nan,9.735029189250398947e-10
4.528347011491887031e+01,nan,nan,9.734716467221761149e-10
4.531680959302662615e+01,nan,nan,9.734456895401035183e-10
4.535106724573099513e+01,nan,nan,9.734189867833778902e-10
4.537678424350915662e+01,nan,nan,9.733989209638317970e-10
4.540895383530268248e+01,nan,nan,9.733737962957422096e-10
4.543888340384678770e+01,nan,nan,9.733503972013273286e-10
4.546733836405430651e+01,nan,nan,9.733281298101677692e-10
4.549548422317654683e+01,nan,nan,9.733060842083648432e-10
4.552541247074826458e+01,nan,nan,9.732826208016460239e-10
4.555229469497204065e+01,nan,nan,9.732615265209457580e-10
4.558311208812861537e+01,nan,nan,9.732373225088957652e-10
4.561042102463910908e+01,nan,nan,9.732158547194808422e-10
4.564045730687790581e+01,nan,nan,9.731922221574613567e-10
4.566772363813542057e+01,nan,nan,9.731707502997666269e-10
4.569966991634964870e+01,nan,nan,9.731455706117412247e-10
4.572550871756114788e+01,nan,nan,9.731251872019799002e-10
4.575767496794703248e+01,nan,nan,9.730997905060765179e-10
4.580404289122863304e+01,nan,nan,9.730631388943085812e-10
4.584261004009304230e+01,nan,nan,9.730326159945195250e-10
4.587653036193345457e+01,nan,nan,9.730057429057795921e-10
4.590496978333619893e+01,nan,nan,9.729831921521823281e-10
4.594787917371019148e+01,nan,nan,9.729491336104075108e-10
4.597960069346090251e+01,nan,nan,9.729239291994278421e-10
4.600690370576307231e+01,nan,nan,9.729022179571651722e-10
4.603841468485516231e+01,nan,nan,9.728771405118410959e-10
4.607065749774672270e+01,nan,nan,9.728514585826484536e-10
4.610007331181652290e+01,nan,nan,9.728280090853376618e-10
4.613298478528562185e+01,nan,nan,9.728017512618290043e-10
4.615984046338378022e+01,nan,nan,9.727803081031794822e-10
4.618760046031425759e+01,nan,nan,9.727581270896990208e-10
4.622046386226391945e+01,nan,nan,9.727318476972091844e-10
4.625285258290740131e+01,nan,nan,9.727059261796980939e-10
4.627951952692878734e+01,nan,nan,9.726845678871367845e-10
4.631193900001164820e+01,nan,nan,9.726585828392220879e-10
4.633811743981793541e+01,nan,nan,9.726375847103428139e-10
4.636937038461575611e+01,nan,nan,9.726124983099142768e-10
4.640024639914575744e+01,nan,nan,9.725876954283801076e-10
4.643061792029443779e+01,nan,nan,9.725632794738708730e-10
4.645764699956541222e+01,nan,nan,9.725415353466026841e-10
4.649734776393413682e+01,nan,nan,9.725095714492555186e-10
4.652737706289172337e+01,nan,nan,9.724853740276768935e-10
4.655507960277567747e+01,nan,nan,9.724630361590629960e-10
4.659841052551645646e+01,nan,nan,9.724280670847121594e-10
4.664359408429938725e+01,nan,nan,9.723915651255705995e-10
4.668817741586454417e+01,nan,nan,9.723555106243220081e-10
4.671334260871341826e+01,nan,nan,9.723351432635505681e-10
4.674488487746599930e+01,nan,nan,9.723095981504148470e-10
4.677743781895922126e+01,nan,nan,9.722832154068990644e-10
4.680507562582473469e+01,nan,nan,9.722608010177888312e-10
4.683671030205429275e+01,nan,nan,9.722351281778602460e-10
4.686400637472168995e+01,nan,nan,9.722129618170143487e-10
4.689952649844131827e+01,nan,nan,9.721840969827297905e-10
4.694035665946601910e+01,nan,nan,9.721508893421819633e-10
4.697104795118186615e+01,nan,nan,9.721259083937395461e-10
4.701903669424799403e+01,nan,nan,9.720868152539286060e-10
4.705930686934854634e+01,nan,nan,9.720539790176590356e-10
4.709542793888669365e+01,nan,nan,9.720245021616455628e-10
4.713326967273087575e+01,nan,nan,9.719935971852689644e-10
4.716871232199784458e+01,nan,nan,9.719646294288716667e-10
4.719502958970127082e+01,nan,nan,9.719431062334577460e-10
4.723173852655381211e+01,nan,nan,9.719130649224552421e-10
4.726952228193086825e+01,nan,nan,9.718821205162141502e-10
4.730406923000920472e+01,nan,nan,9.718538062815647807e-10
4.733445911569740616e+01,nan,nan,9.718288828502014695e-10
4.736438989108587094e+01,nan,nan,9.718043211422070820e-10
4.739615335344588232e+01,nan,nan,9.717782395188467661e-10
4.742360200867742748e+01,nan,nan,9.717556876863367360e-10
4.745914873726967187e+01,nan,nan,9.717264644039253621e-10
4.749863802207764962e+01,nan,nan,9.716939761475834469e-10
4.753510506425432425e+01,nan,nan,9.716639522474021104e-10
4.757550637005677885e+01,nan,nan,9.716306646216118629e-10
4.760885110766291461e+01,nan,nan,9.716031717293555829e-10
4.763701449437743207e+01,nan,nan,9.715799373356314056e-10
4.767135406573776635e+01,nan,nan,9.715515909787178989e-10
4.770026511947419579e+01,nan,nan,9.715277115573167972e-10
4.773215221388474561e+01,nan,nan,9.715013591132465270e-10
4.776105544373258027e+01,nan,nan,9.714774591621732591e-10
4.779467283118435006e+01,nan,nan,9.714496450756489356e-10
4.782221077600335235e+01,nan,nan,9.714268481773729228e-10
4.785660258637648923e+01,nan,nan,9.713983613331476684e-10
4.788516085541952094e+01,nan,nan,9.713746929319968260e-10
4.792066586981170673e+01,nan,nan,9.713452502491289091e-10
4.794839993207527584e+01,nan,nan,9.713222386276351536e-10
4.798622089904660015e+01,nan,nan,9.712908393296630494e-10
4.802287209787867539e+01,nan,nan,9.712603911208769770e-10
4.805660438525370637e+01,nan,nan,9.712323504605070495e-10
4.808985428852500377e+01,nan,nan,9.712046946015806451e-10
4.812014026812178713e+01,nan,nan,9.711794900919026129e-10
4.815242886938239053e+01,nan,nan,9.711526044264805517e-10
4.818011877727154513e+01,nan,nan,9.711295360478505131e-10
4.821451667401051111e+01,nan,nan,9.711008640415413920e-10
4.824242462512437157e+01,nan,nan,9.710775893256425957e-10
4.827697274587035281e+01,nan,nan,9.710487615989671415e-10
4.830913622360288429e+01,nan,nan,9.710219085987581639e-10
4.833966500552491397e+01,nan,nan,9.709964070133576821e-10
4.836914366833583045e+01,nan,nan,9.709717703161650088e-10
4.840119020314948983e+01,nan,nan,9.709449738744355844e-10
4.845259261836739029e+01,nan,nan,9.709019630357132175e-10
4.849044267336878278e+01,nan,nan,9.708702689830899441e-10
4.852465629062389496e+01,nan,nan,9.708416031611495235e-10
4.855878815078293087e+01,nan,nan,9.708129900574681275e-10
4.858818147525535380e+01,nan,nan,9.707883367487562244e-10
4.862108540141567659e+01,nan,nan,9.707607252289518987e-10
4.865145620443420427e+01,nan,nan,9.707352265774655102e-10
4.868086644145458308e+01,nan,nan,9.707105227230087742e-10
4.871467874680380561e+01,nan,nan,9.706821071151041052e-10
4.874404501402638346e+01,nan,nan,9.706574157188333932e-10
4.878423368795261439e+01,nan,nan,9.706236064563088910e-10
4.882020620496982843e+01,nan,nan,9.705933262550115367e-10
4.885577548464813447e+01,nan,nan,9.705633689993587088e-10
4.888756213471508971e+01,nan,nan,9.705365837629888526e-10
4.892317599714169774e+01,nan,nan,9.705065581075093700e-10
4.894860940444894482e+01,nan,nan,9.704851055710487233e-10
4.899212625621984785e+01,nan,nan,9.704483809725221548e-10
4.902221917252681038e+01,nan,nan,9.704229710593638419e-10
4.905894211744649880e+01,nan,nan,9.703919474366758464e-10
4.909197635515363345e+01,nan,nan,9.703640256197474841e-10
4.912504878350650728e+01,nan,nan,9.703360579063260535e-10
4.915492235581751146e+01,nan,nan,9.703107836491441778e-10
4.919027758695032304e+01,nan,nan,9.702808574538429370e-10
4.921672254987991835e+01,nan,nan,9.702584632538726030e-10
4.925886464885049776e+01,nan,nan,9.702227586840862124e-10
4.929071504514353563e+01,nan,nan,9.701957593432007602e-10
4.931702922690143254e+01,nan,nan,9.701734437364722185e-10
4.935822450007407980e+01,nan,nan,9.701384915328910099e-10
4.939786283526731125e+01,nan,nan,9.701048410940187821e-10
4.943732320453330686e+01,nan,nan,9.700713231210045926e-10
4.947200447557229097e+01,nan,nan,9.700418492965296895e-10
4.950648874681470346e+01,nan,nan,9.700125288109863339e-10
4.953205142412668494e+01,nan,nan,9.699907849425981731e-10
4.957001042489640241e+01,nan,nan,9.699584825464447859e-10
4.959782995098440495e+01,nan,nan,9.699347979835219117e-10
4.963600779337185287e+01,nan,nan,9.699022801088716032e-10
4.967199191897668697e+01,nan,nan,9.698716153228479104e-10
4.970447917172545260e+01,nan,nan,9.698439177102581042e-10
4.973707909402144622e+01,nan,nan,9.698161119093023304e-10
4.976769443571139817e+01,nan,nan,9.697899878225903207e-10
4.980303476484265701e+01,nan,nan,9.697598186944229892e-10
4.983201917804547065e+01,nan,nan,9.697350649300393818e-10
4.986751736517928180e+01,nan,nan,9.697047353058979782e-10
4.989612463796643738e+01,nan,nan,9.696802830186629986e-10
4.993118997251627889e+01,nan,nan,9.696502982238508527e-10
4.996562410571189616e+01,nan,nan,9.696208399137499051e-10
4.999532830985673826e+01,nan,nan,9.695954175336078820e-10
5.003073044491674892e+01,nan,nan,9.695651059151291475e-10
5.006731650368591602e+01,nan,nan,9.695337662102905351e-10
5.009899676407831492e+01,nan,nan,9.695066170559187537e-10
5.013260264959058077e+01,nan,nan,9.694778058075078685e-10
5.016242311762050576e+01,nan,nan,9.694522297007930609e-10
5.020054631173034920e+01,nan,nan,9.694195186926082445e-10
5.022756782215297733e+01,nan,nan,9.693963239008521725e-10
5.027024154664766087e+01,nan,nan,9.693596776978240807e-10
5.030244502592477573e+01,nan,nan,9.693320100882552717e-10
5.032906259192203891e+01,nan,nan,9.693091333586656381e-10
5.037116993851204683e+01,nan,nan,9.692729286021420309e-10
5.040934575116658323e+01,nan,nan,9.692400882524273513e-10
5.043597561885205494e+01,nan,nan,9.692171712150322599e-10
5.047940060626454795e+01,nan,nan,9.691797849560104636e-10
5.051174629038771968e+01,nan,nan,9.691519246868133953e-10
5.053831139013329476e+01,nan,nan,9.691290353786738596e-10
5.058070710272765780e+01,nan,nan,9.690924910149222167e-10
5.061939177155576175e+01,nan,nan,9.690591295812315569e-10
5.064481266436941098e+01,nan,nan,9.690371985184297039e-10
5.068577718501339291e+01,nan,nan,9.690018440099151744e-10
5.072800272976125058e+01,nan,nan,9.689653835949686223e-10
5.076603880482463182e+01,nan,nan,9.689325254579479302e-10
5.079354122342732580e+01,nan,nan,9.689087580794114958e-10
5.083552513016685737e+01,nan,nan,9.688724615269476833e-10
5.087078324312534505e+01,nan,nan,9.688419662995506855e-10
5.089639489860538646e+01,nan,nan,9.688198068101243288e-10
5.093920635492885651e+01,nan,nan,9.687827516242262975e-10
5.097637292628457573e+01,nan,nan,9.687505679504429444e-10
5.100705495439294879e+01,nan,nan,9.687239894202151818e-10
5.104108790737644341e+01,nan,nan,9.686944975718848060e-10
5.107272145984822487e+01,nan,nan,9.686670750545250826e-10
5.110343548500085120e+01,nan,nan,9.686404405598360171e-10
5.113052653327744679e+01,nan,nan,9.686169404140182974e-10
5.116136465567014824e+01,nan,nan,9.685901814536086653e-10
5.119969707152711891e+01,nan,nan,9.685569070728347705e-10
5.123290962024814377e+01,nan,nan,9.685280658836604301e-10
5.125857544780403430e+01,nan,nan,9.685057711015586699e-10
5.128513340940045850e+01,nan,nan,9.684826949444701871e-10
5.132390307037096733e+01,nan,nan,9.684489963752006628e-10
5.135580289826289402e+01,nan,nan,9.684212587058687767e-10
5.138173987105672325e+01,nan,nan,9.683986990218716280e-10
5.141088909007334706e+01,nan,nan,9.683733380452328601e-10
5.144732104443904319e+01,nan,nan,9.683416299645644206e-10
5.148539524291820157e+01,nan,nan,9.683084797658392208e-10
5.151613199595380621e+01,nan,nan,9.682817085819151180e-10
5.154274501876915338e+01,nan,nan,9.682585222637825585e-10
5.157471830416520930e+01,nan,nan,9.682306575306137043e-10
5.160069212450758869e+01,nan,nan,9.682080146490682709e-10
5.162704251397506994e+01,nan,nan,9.681850373941831409e-10
5.167086589150928688e+01,nan,nan,9.681468103379612533e-10
5.170484875854002382e+01,nan,nan,9.681171555587272156e-10
5.173311676409730353e+01,nan,nan,9.680924801133390451e-10
5.177230479440226674e+01,nan,nan,9.680582609893706389e-10
5.180860705324363380e+01,nan,nan,9.680265498896131116e-10
5.184226928797481548e+01,nan,nan,9.679971348047203630e-10
5.187203746678472527e+01,nan,nan,9.679711143838551047e-10
5.191182056179958693e+01,nan,nan,9.679363281234763202e-10
5.195412827113247545e+01,nan,nan,9.678993196267684643e-10
5.198927370538191184e+01,nan,nan,9.678685648337540740e-10
5.201827617707625961e+01,nan,nan,9.678431777712349829e-10
5.205537125155449019e+01,nan,nan,9.678106966896002411e-10
5.209274912659343926e+01,nan,nan,9.677779564184278402e-10
5.212482406229599263e+01,nan,nan,9.677498519249645186e-10
5.215127095282338843e+01,nan,nan,9.677266724289236178e-10
5.218006696553769075e+01,nan,nan,9.677014275228035892e-10
5.221819349596424331e+01,nan,nan,9.676679923170118600e-10
5.225551156211891168e+01,nan,nan,9.676352546651134862e-10
5.229762031310942660e+01,nan,nan,9.675983008332698244e-10
5.233321855049567262e+01,nan,nan,9.675670493931408979e-10
5.236599762271522707e+01,nan,nan,9.675382639237811293e-10
5.239201945768549962e+01,nan,nan,9.675154063414649466e-10
5.241954709708175386e+01,nan,nan,9.674912202296441481e-10
5.245794180110866733e+01,nan,nan,9.674574761976192932e-10
5.249128688305391677e+01,nan,nan,9.674281607479287594e-10
5.252043618007966330e+01,nan,nan,9.674025269220494523e-10
5.254854118952253117e+01,nan,nan,9.673778051791603584e-10
5.258158164580657257e+01,nan,nan,9.673487342980609679e-10
5.260868563005877974e+01,nan,nan,9.673248803750707281e-10
5.265037930765124941e+01,nan,nan,9.672881752168883219e-10
5.268804776476650886e+01,nan,nan,9.672550022606592673e-10
5.271910851937172993e+01,nan,nan,9.672276403125088469e-10
5.275279687087351732e+01,nan,nan,9.671979554278300337e-10
5.278473266568961009e+01,nan,nan,9.671698069483397060e-10
5.281577259358608245e+01,nan,nan,9.671424407775399988e-10
5.284929199094418095e+01,nan,nan,9.671128805361046379e-10
5.287644089117532076e+01,nan,nan,9.670889322308064443e-10
5.291386636628111262e+01,nan,nan,9.670559099415656323e-10
5.294546356687014566e+01,nan,nan,9.670280222083753551e-10
5.297936114804652163e+01,nan,nan,9.669980960438009789e-10
5.300699493097231851e+01,nan,nan,9.669736936312365719e-10
5.304349686770233063e+01,nan,nan,9.669414515937051251e-10
5.307691871868925659e+01,nan,nan,9.669119217686922637e-10
5.310258257286072592e+01,nan,nan,9.668892410704627889e-10
5.312836783739908242e+01,nan,nan,9.668664483489511136e-10
5.316717994919584100e+01,nan,nan,9.668321317135720921e-10
5.319682663532778832e+01,nan,nan,9.668059117269375073e-10
5.323433826031327243e+01,nan,nan,9.667727270098030115e-10
5.326987957402950258e+01,nan,nan,9.667412762475776913e-10
5.330407021522721323e+01,nan,nan,9.667110124105199198e-10
5.333488817626074052e+01,nan,nan,9.666837269667062415e-10
5.338135653201209152e+01,nan,nan,9.666425727007004003e-10
5.341041439222595244e+01,nan,nan,9.666168303677428493e-10
5.345404089239331569e+01,nan,nan,9.665781709007935883e-10
5.347921152761584551e+01,nan,nan,9.665558601803135692e-10
5.351809701419479381e+01,nan,nan,9.665213845174835819e-10
5.354924793956167406e+01,nan,nan,9.664937589722432246e-10
5.359986094537342183e+01,nan,nan,9.664488601238740147e-10
5.364223199410544396e+01,nan,nan,9.664112597078956463e-10
5.367945868316220981e+01,nan,nan,9.663782147155656086e-10
5.370806566764565559e+01,nan,nan,9.663528150286217990e-10
5.374731170220293563e+01,nan,nan,9.663179604594730220e-10
5.378718398343740859e+01,nan,nan,9.662825395486578322e-10
5.382262382099769837e+01,nan,nan,9.662510476868530806e-10
5.385667208564209574e+01,nan,nan,9.662207848419684686e-10
5.388760522522575513e+01,nan,nan,9.661932844222896186e-10
5.393793312872880108e+01,nan,nan,9.661485286475360050e-10
5.398019349613247186e+01,nan,nan,9.661109349716978237e-10
5.402243969398502799e+01,nan,nan,9.660733428235991613e-10
5.405518015864763015e+01,nan,nan,9.660442016500267992e-10
5.408168589180617403e+01,nan,nan,9.660206049847449762e-10
5.412325675176988682e+01,nan,nan,9.659835880091053829e-10
5.416295023217455906e+01,nan,nan,9.659482329890789062e-10
5.420332572346407574e+01,nan,nan,9.659122607861350460e-10
5.423841864564861481e+01,nan,nan,9.658809871350858427e-10
5.427219791621241285e+01,nan,nan,9.658508772650963809e-10
5.430196153111586455e+01,nan,nan,9.658243412567301056e-10
5.434393888850863163e+01,nan,nan,9.657869071544915779e-10
5.437981091845693271e+01,nan,nan,9.657549094595785592e-10
5.440562149008740533e+01,nan,nan,9.657318819349922085e-10
5.444633997881358312e+01,nan,nan,9.656955461580267924e-10
5.448629464518970167e+01,nan,nan,9.656598827804411076e-10
5.452105585710151558e+01,nan,nan,9.656288476884668870e-10
5.455528120234622946e+01,nan,nan,9.655982843670789972e-10
5.458475107598547282e+01,nan,nan,9.655719624345265982e-10
5.461989020350901569e+01,nan,nan,9.655405705124799688e-10
5.465572826214603452e+01,nan,nan,9.655085471529517218e-10
5.468772797721956636e+01,nan,nan,9.654799476059941827e-10
5.472096564158646004e+01,nan,nan,9.654502357267091079e-10
5.475158292980699315e+01,nan,nan,9.654228609519362856e-10
5.478456919965893235e+01,nan,nan,9.653933624213700199e-10
5.481237122539434381e+01,nan,nan,9.653684954563923151e-10
5.484702376213823527e+01,nan,nan,9.653374954205218789e-10
5.488194083676554413e+01,nan,nan,9.653062522964340088e-10
5.490713481103905025e+01,nan,nan,9.652837052222144847e-10
5.494265145118975369e+01,nan,nan,9.652519143687647244e-10
5.496843370192718226e+01,nan,nan,9.652288326264567927e-10
5.501017812273948238e+01,nan,nan,9.651914533620854230e-10
5.504501512244968353e+01,nan,nan,9.651602523775367814e-10
5.507393781851116898e+01,nan,nan,9.651343437130262621e-10
5.511080148773259424e+01,nan,nan,9.651013154717453139e-10
5.513952247906200199e+01,nan,nan,9.650755779844246126e-10
5.517637269058405991e+01,nan,nan,9.650425497041739450e-10
5.521770600616298452e+01,nan,nan,9.650054952897854098e-10
5.525433163069293130e+01,nan,nan,9.649726542068181306e-10
5.528171378372643119e+01,nan,nan,9.649480971939219931e-10
5.532109349085592243e+01,nan,nan,9.649127741087345889e-10
5.535867421694320711e+01,nan,nan,9.648790577477214349e-10
5.539289017834904882e+01,nan,nan,9.648483543090341611e-10
5.542769608983117990e+01,nan,nan,9.648171158092509085e-10
5.545824188036033320e+01,nan,nan,9.647896961130045195e-10
5.548914572249474730e+01,nan,nan,9.647619505892070442e-10
5.552173107251203987e+01,nan,nan,9.647326906246553930e-10
5.554985686104599552e+01,nan,nan,9.647074311990351062e-10
5.558467651711074353e+01,nan,nan,9.646761551014325644e-10
5.561208261401770159e+01,nan,nan,9.646515342369634043e-10
5.564597178216282458e+01,nan,nan,9.646210845019867087e-10
5.568096861218645444e+01,nan,nan,9.645896341530036586e-10
5.571015107716281278e+01,nan,nan,9.645634048195776358e-10
5.574344772063719233e+01,nan,nan,9.645334730823184921e-10
5.577391668136942826e+01,nan,nan,9.645060790398254160e-10
5.580550781235778146e+01,nan,nan,9.644776718438231441e-10
5.583651260006559625e+01,nan,nan,9.644497877390655869e-10
5.586563267460509508e+01,nan,nan,9.644235949264934773e-10
5.589087884907922188e+01,nan,nan,9.644008836958829819e-10
5.592278442882701484e+01,nan,nan,9.643721779102432042e-10
5.594915710037221857e+01,nan,nan,9.643484469407994834e-10
5.598809204089746316e+01,nan,nan,9.643134068014665312e-10
5.602142939668900112e+01,nan,nan,9.642833993740897514e-10
5.605540936814927733e+01,nan,nan,9.642528088871055800e-10
5.608551282704790708e+01,nan,nan,9.642257043606616454e-10
5.611829686609284806e+01,nan,nan,9.641961821934660379e-10
5.614806746745147592e+01,nan,nan,9.641693699663179051e-10
5.618045315723393429e+01,nan,nan,9.641401985818670860e-10
5.621147653537077105e+01,nan,nan,9.641122504858949771e-10
5.624085077249061015e+01,nan,nan,9.640857846466597384e-10
5.627485431881124356e+01,nan,nan,9.640551437514077385e-10
5.630155309966910693e+01,nan,nan,9.640310821868708237e-10
5.634080682989205968e+01,nan,nan,9.639957009687650388e-10
5.637538896691914658e+01,nan,nan,9.639645257550184550e-10
5.640953989425062076e+01,nan,nan,9.639337349723498246e-10
5.644188791850536546e+01,nan,nan,9.639045658075391243e-10
5.647379281162372422e+01,nan,nan,9.638757925523338642e-10
5.650382898654333985e+01,nan,nan,9.638487012886788781e-10
5.653016575811359701e+01,nan,nan,9.638249441081502951e-10
5.656357048922782838e+01,nan,nan,9.637948077738269752e-10
5.659723232769998447e+01,nan,nan,9.637644355968972488e-10
5.662569748268806080e+01,nan,nan,9.637387492330038473e-10
5.665910571696281295e+01,nan,nan,9.637085988492874841e-10
5.668717257746756388e+01,nan,nan,9.636832660868213284e-10
5.672079969276199307e+01,nan,nan,9.636529112879187804e-10
5.674861266639884150e+01,nan,nan,9.636278020532438801e-10
5.678215000329279150e+01,nan,nan,9.635975216035133753e-10
5.680885136167229632e+01,nan,nan,9.635734107032289463e-10
5.684152494214389861e+01,nan,nan,9.635439039148059221e-10
5.687636795485509822e+01,nan,nan,9.635124342842341079e-10
5.690273453256254754e+01,nan,nan,9.634886179380829618e-10
5.694229298216177426e+01,nan,nan,9.634528816884888621e-10
5.697145858911040506e+01,nan,nan,9.634265310956159224e-10
5.700653516098262941e+01,nan,nan,9.633948367058309362e-10
5.703814849754931515e+01,nan,nan,9.633662685270503230e-10
5.707008964294281128e+01,nan,nan,9.633374011811124849e-10
5.709931822163157022e+01,nan,nan,9.633109828121172054e-10
5.714697744595667928e+01,nan,nan,9.632679006811973756e-10
5.718634743366192907e+01,nan,nan,9.632323069754936486e-10
5.721829943752815950e+01,nan,nan,9.632034166448982334e-10
5.724991000378373940e+01,nan,nan,9.631748323521084445e-10
5.728134699763340620e+01,nan,nan,9.631464024071425441e-10
5.731056255864290705e+01,nan,nan,9.631199791111224601e-10
5.735858792593026578e+01,nan,nan,9.630765390235935656e-10
5.739720111909709033e+01,nan,nan,9.630416082952210330e-10
5.743321652668947053e+01,nan,nan,9.630090243187502460e-10
5.747394585381974963e+01,nan,nan,9.629721718065320423e-10
5.750577548665552996e+01,nan,nan,9.629433691594884464e-10
5.755234770369063568e+01,nan,nan,9.629012217488189544e-10
5.759293322027640727e+01,nan,nan,9.628644882759331606e-10
5.762794955700508126e+01,nan,nan,9.628327925015628071e-10
5.766757011362611252e+01,nan,nan,9.627969259598188960e-10
5.770034119040853682e+01,nan,nan,9.627672574351509115e-10
5.772911101637586029e+01,nan,nan,9.627412095393593914e-10
5.775873541270843248e+01,nan,nan,9.627143861923133030e-10
5.780938186738048046e+01,nan,nan,9.626685244974047405e-10
5.784324176193562295e+01,nan,nan,9.626378607597987665e-10
5.787572182962467338e+01,nan,nan,9.626084446139587876e-10
5.790774694248602827e+01,nan,nan,9.625794386497014620e-10
5.793659949609546800e+01,nan,nan,9.625533046148075168e-10
5.796730457346584586e+01,nan,nan,9.625254910410725142e-10
5.799267655435459545e+01,nan,nan,9.625025071594745454e-10
5.802435234611127157e+01,nan,nan,9.624738113365690849e-10
5.805795514531101276e+01,nan,nan,9.624433680620522648e-10
5.808305745830686107e+01,nan,nan,9.624206248807704599e-10
5.811448693766981677e+01,nan,nan,9.623921478420457231e-10
5.814684771820810028e+01,nan,nan,9.623628254981246958e-10
5.817437565625893825e+01,nan,nan,9.623378810785191050e-10
5.820587860477642295e+01,nan,nan,9.623093334524166189e-10
5.823239033681073096e+01,nan,nan,9.622853078095876745e-10
5.826563159886006815e+01,nan,nan,9.622551824392416598e-10
5.829604544885410178e+01,nan,nan,9.622276182833045549e-10
5.832453942825299720e+01,nan,nan,9.622017931404002515e-10
5.835272641073600397e+01,nan,nan,9.621762453535640870e-10
5.838247596235043346e+01,nan,nan,9.621492803880642670e-10
5.842892837457833366e+01,nan,nan,9.621071741884961442e-10
5.846729524539850331e+01,nan,nan,9.620723954987791418e-10
5.850038614500078893e+01,nan,nan,9.620423983248344162e-10
5.852833341248604171e+01,nan,nan,9.620170632022712192e-10
5.856004161425856580e+01,nan,nan,9.619883179499708526e-10
5.858594111558774387e+01,nan,nan,9.619648380807806169e-10
5.862146143016457245e+01,nan,nan,9.619326354992893804e-10
5.865749050252479435e+01,nan,nan,9.618999709188305993e-10
5.869069049943592375e+01,nan,nan,9.618698706195890380e-10
5.872067139675998959e+01,nan,nan,9.618426884302933166e-10
5.874864328822857118e+01,nan,nan,9.618173273770433551e-10
5.877868872739409056e+01,nan,nan,9.617900860111388714e-10
5.880725504271953241e+01,nan,nan,9.617641854801681363e-10
5.883538256304966296e+01,nan,nan,9.617386826078305448e-10
5.886496242282164104e+01,nan,nan,9.617118627651655205e-10
5.889134869099540026e+01,nan,nan,9.616879384392501225e-10
5.892548842098823769e+01,nan,nan,9.616569840182833100e-10
5.895072523467407422e+01,nan,nan,9.616341018540614241e-10
5.898591524632882965e+01,nan,nan,9.616021952171334893e-10
5.902213933319158201e+01,nan,nan,9.615693511682573910e-10
5.905492137718687928e+01,nan,nan,9.615396282281757950e-10
5.908400060986573266e+01,nan,nan,9.615132628236512970e-10
5.911342166762105421e+01,nan,nan,9.614865878002064923e-10
5.914087465736371740e+01,nan,nan,9.614616974821563393e-10
5.917186079567085244e+01,nan,nan,9.614336042682289733e-10
5.919765977370021659e+01,nan,nan,9.614102143381770502e-10
5.923022118960556526e+01,nan,nan,9.613806940240372412e-10
5.926924172722462458e+01,nan,nan,9.613453188277142918e-10
5.929989653080235712e+01,nan,nan,9.613175286700142440e-10
5.932496881853954562e+01,nan,nan,9.612947999556194609e-10
5.935580671720662593e+01,nan,nan,9.612668453664553194e-10
5.938782264449900339e+01,nan,nan,9.612378239127409931e-10
5.941301036088709253e+01,nan,nan,9.612149928078531444e-10
5.944785798861160941e+01,nan,nan,9.611834068132760145e-10
5.948266712171483306e+01,nan,nan,9.611518572320265560e-10
5.951445464138253527e+01,nan,nan,9.611230477385814972e-10
5.954448034088847663e+01,nan,nan,9.610958363352842407e-10
5.957121029559355918e+01,nan,nan,9.610716129137486787e-10
5.960124696143713408e+01,nan,nan,9.610443942133674267e-10
5.962851640496842975e+01,nan,nan,9.610196844230477259e-10
5.965585895514552561e+01,nan,nan,9.609949096893309810e-10
5.968285430364978339e+01,nan,nan,9.609704508834175001e-10
5.972698205703963481e+01,nan,nan,9.609304724647977733e-10
5.976569426325158219e+01,nan,nan,9.608954035893879781e-10
5.979465420927490982e+01,nan,nan,9.608691712233621129e-10
5.982237802403391669e+01,nan,nan,9.608440602875594704e-10
5.985607945952580877e+01,nan,nan,9.608135374569309851e-10
5.989262407778811337e+01,nan,nan,9.607804426262663511e-10
5.993722885037313119e+01,nan,nan,9.607400529617625233e-10
5.998390261824999214e+01,nan,nan,9.606977952646322437e-10
6.001811672323505320e+01,nan,nan,9.606668220253586081e-10
6.004833605058843204e+01,nan,nan,9.606394678270767883e-10
6.007908908871525000e+01,nan,nan,9.640589807470161445e-10
6.010530234885614220e+01,nan,nan,9.897310012197956470e-10
6.013211926424092724e+01,1.567158066320537000e+04,1.567158066320537000e+04,1.015844578958277493e-09
6.016468549032666147e+01,1.566816459197977201e+04,1.566816459197977201e+04,1.049442446932755975e-09
6.019252247084936158e+01,1.566339849845057688e+04,1.566339849845057688e+04,1.077380077671220638e-09
6.022582425889725499e+01,1.563900036335381628e+04,1.563900036335381628e+04,1.112800214461295886e-09
6.025937239042460902e+01,1.563371938803894227e+04,1.563371938803894227e+04,1.148280472540611337e-09
6.029080358243228233e+01,1.562532754250466314e+04,1.562532754250466314e+04,1.181179754752735546e-09
6.031684741578730780e+01,1.561022717132987054e+04,1.561022717132987054e+04,1.207998892631144465e-09
6.034687660719598057e+01,1.560507131495264366e+04,1.560507131495264366e+04,1.239111226097849466e-09
6.037194895999598998e+01,1.559982166329157189e+04,1.559982166329157189e+04,1.263686905862067340e-09
6.040305378846723983e+01,1.558735101502032194e+04,1.558735101502032194e+04,1.294610677955318578e-09
6.044772961475007378e+01,1.557797938669422911e+04,1.557797938669422911e+04,1.339166539470319581e-09
6.048351578795031003e+01,1.557124439826031085e+04,1.557124439826031085e+04,1.375701912521549818e-09
6.051745948383320695e+01,1.555778204120640657e+04,1.555778204120640657e+04,1.407762747461945136e-09
6.055302281131580600e+01,1.554888185620603872e+04,1.554888185620603872e+04,1.437382210564789797e-09
6.058057342583856553e+01,1.554435164220533989e+04,1.554435164220533989e+04,1.463443050824049739e-09
6.060857353190558428e+01,1.553833074215555644e+04,1.553833074215555644e+04,1.488375298543245538e-09
6.063447996478880242e+01,1.552761985435622046e+04,1.552761985435622046e+04,1.508313722367037461e-09
6.066050598324467558e+01,1.551994222862425704e+04,1.551994222862425704e+04,1.528027803984823970e-09
6.068907965969428631e+01,1.551532307681540988e+04,1.551532307681540988e+04,1.550603389755656024e-09
6.071888713395552628e+01,1.550981602104940612e+04,1.550981602104940612e+04,1.573634737506011880e-09
6.074901124530585861e+01,1.549980812326890737e+04,1.549980812326890737e+04,1.596446407475708989e-09
6.077863418281554431e+01,1.548958304134769969e+04,1.548958304134769969e+04,1.617021924130890284e-09
6.081101539773149511e+01,1.548439186562407485e+04,1.548439186562407485e+04,1.638899801597246404e-09
6.084834905675111116e+01,1.547704425540768352e+04,1.547704425540768352e+04,1.662410754853094588e-09
6.088438396626166593e+01,1.546190155333762959e+04,1.546190155333762959e+04,1.683625435854503566e-09
6.092019209570608496e+01,1.545565715738437029e+04,1.545565715738437029e+04,1.709993583081867578e-09
6.095501315466921710e+01,1.544990731284180765e+04,1.544990731284180765e+04,1.733030600041008664e-09
6.099006385523082230e+01,1.543939123945533720e+04,1.543939123945533720e+04,1.753438282773954202e-09
6.102400967562652312e+01,1.542796524541955296e+04,1.542796524541955296e+04,1.769341580974407822e-09
6.105837622153041622e+01,1.542264016663235816e+04,1.542264016663235816e+04,1.783984139110616555e-09
6.109081408846625294e+01,1.541638264679777603e+04,1.541638264679777603e+04,1.800097989472939289e-09
6.112470294566046647e+01,1.540173733030688709e+04,1.540173733030688709e+04,1.817894344177911755e-09
6.115667525881605116e+01,1.539583814105621968e+04,1.539583814105621968e+04,1.835782217179068860e-09
6.118987995496046040e+01,1.539004055604532914e+04,1.539004055604532914e+04,1.850773593948396186e-09
6.122154513558027134e+01,1.538054499345269869e+04,1.538054499345269869e+04,1.867208497606966637e-09
6.125400972841236324e+01,1.537068503240289829e+04,1.537068503240289829e+04,1.881133092405973521e-09
6.128528043691397897e+01,1.536590787040745454e+04,1.536590787040745454e+04,1.896988483191218893e-09
6.131707840240986229e+01,1.536024613752959158e+04,1.536024613752959158e+04,1.910913518378718489e-09
6.134792308315002884e+01,1.534923966466933962e+04,1.534923966466933962e+04,1.926793005940161664e-09
6.137910944485219034e+01,1.533980439568784823e+04,1.533980439568784823e+04,1.941269546754423813e-09
6.140952262071552781e+01,1.533522364808948623e+04,1.533522364808948623e+04,1.957422242920221462e-09
6.144013794956356378e+01,1.532979873053552728e+04,1.532979873053552728e+04,1.972574038351030492e-09
6.147012542567700422e+01,1.531927649776999533e+04,1.531927649776999533e+04,1.988909427961143363e-09
6.150020429823901225e+01,1.530958931117647444e+04,1.530958931117647444e+04,2.004473897802390605e-09
6.152977523908786139e+01,1.530509885368743198e+04,1.530509885368743198e+04,2.020587302668292664e-09
6.155935300778130426e+01,1.530014127848208773e+04,1.530014127848208773e+04,2.035939418976499860e-09
6.158851441487627199e+01,1.529104206766361858e+04,1.529104206766361858e+04,2.051128081951011619e-09
6.161762262778333366e+01,1.527999360168928069e+04,1.527999360168928069e+04,2.065330949410012429e-09
6.164638827782467700e+01,1.527541962398161559e+04,1.527541962398161559e+04,2.078569678284851350e-09
6.167503948050765672e+01,1.527097827132066595e+04,1.527097827132066595e+04,2.098076359955192220e-09
6.170312178320077123e+01,1.526375237790054052e+04,1.526375237790054052e+04,2.117939349532585080e-09
6.173118704419331237e+01,1.525120460766081851e+04,1.525120460766081851e+04,2.136898555627666518e-09
6.175865743814096476e+01,1.524627914364356184e+04,1.524627914364356184e+04,2.152946341937797895e-09
6.178637552944888967e+01,1.524221512472019640e+04,1.524221512472019640e+04,2.167935903370362499e-09
6.181353804054147361e+01,1.523678151323112070e+04,1.523678151323112070e+04,2.178657479320135648e-09
6.184085168934468157e+01,1.522537393108926699e+04,1.522537393108926699e+04,2.190136881152799646e-09
6.186770152473025064e+01,1.521764659948353255e+04,1.521764659948353255e+04,2.210978698367552598e-09
6.189462050741307308e+01,1.521353018424763286e+04,1.521353018424763286e+04,2.227924941382275029e-09
6.192117147974790470e+01,1.520924574316164399e+04,1.520924574316164399e+04,2.241323993907943316e-09
6.194773152906250857e+01,1.520174011180229900e+04,1.520174011180229900e+04,2.267226134294600314e-09
6.197327593666774703e+01,1.518996616773612550e+04,1.518996616773612550e+04,2.288711201484868629e-09
6.199930744313292053e+01,1.518514941848780654e+04,1.518514941848780654e+04,2.306688004798917902e-09
6.202454997415345872e+01,1.518143318597184407e+04,1.518143318597184407e+04,2.315793086857701569e-09
6.205025509344318380e+01,1.517654414765964430e+04,1.517654414765964430e+04,2.333197653818673345e-09
6.207530659463815681e+01,1.516712741114698292e+04,1.516712741114698292e+04,2.354415740358602926e-09
6.210065855444932481e+01,1.515769931608756815e+04,1.515769931608756815e+04,2.368773398414436760e-09
6.212926958895450014e+01,1.515290262190777321e+04,1.515290262190777321e+04,2.392335321582986984e-09
6.215767156919526570e+01,1.514716862985528132e+04,1.514716862985528132e+04,2.414457961758458147e-09
6.218849695625119267e+01,1.513418358513335261e+04,1.513418358513335261e+04,2.442028143719874724e-09
6.222203320794164227e+01,1.512737056821876104e+04,1.512737056821876104e+04,2.473127726985047993e-09
6.224978091126023827e+01,1.512316679660141563e+04,1.512316679660141563e+04,2.500144326386083955e-09
6.227691844599786464e+01,1.511699941676182243e+04,1.511699941676182243e+04,2.522601606180745286e-09
6.230620652480116917e+01,1.510290158455880373e+04,1.510290158455880373e+04,2.551006131292301572e-09
6.233853923723592061e+01,1.509642186403752385e+04,1.509642186403752385e+04,2.581648376336637400e-09
6.236487844292931726e+01,1.509236362253846346e+04,1.509236362253846346e+04,2.610881854133845197e-09
6.239081844142384625e+01,1.508627728801251214e+04,1.508627728801251214e+04,2.634009287047286601e-09
6.241893007733708743e+01,1.507233794975957426e+04,1.507233794975957426e+04,2.663785268748078461e-09
6.244961719071586970e+01,1.506592265331404087e+04,1.506592265331404087e+04,2.698074961581980170e-09
6.247487191360900738e+01,1.506198240532919408e+04,1.506198240532919408e+04,2.726267318105830419e-09
6.250526044679472903e+01,1.505438239889346187e+04,1.505438239889346187e+04,2.768074652696874084e-09
6.253464263060043038e+01,1.504017722863733070e+04,1.504017722863733070e+04,2.801246586621797613e-09
6.256220844592498764e+01,1.503472843475094123e+04,1.503472843475094123e+04,2.841338554730765022e-09
6.258824639819640367e+01,1.503050978193361880e+04,1.503050978193361880e+04,2.875244342036738685e-09
6.261647206295155144e+01,1.502240169055118713e+04,1.502240169055118713e+04,2.909814346357748448e-09
6.264297102884415125e+01,1.500921287185928304e+04,1.500921287185928304e+04,2.952319182922542080e-09
6.266798285855592354e+01,1.500413952088704900e+04,1.500413952088704900e+04,2.987950333599328192e-09
6.269510160891992001e+01,1.499963358071827679e+04,1.499963358071827679e+04,3.024662242780327154e-09
6.272050697410152509e+01,1.499218274095474408e+04,1.499218274095474408e+04,3.068396661012414768e-09
6.275204470845088878e+01,1.497726058922770244e+04,1.497726058922770244e+04,3.108640656377617045e-09
6.278162753170045818e+01,1.497175350383035948e+04,1.497175350383035948e+04,3.158717029480403015e-09
6.280702648129762622e+01,1.496691725745315671e+04,1.496691725745315671e+04,3.205777941392171019e-09
6.283581365581211031e+01,1.495298873334900600e+04,1.495298873334900600e+04,3.260160422074599426e-09
6.286096411122198191e+01,1.494513055990066277e+04,1.494513055990066277e+04,3.313003234460609660e-09
6.288878151610459355e+01,1.493984715644787138e+04,1.493984715644787138e+04,3.358783522129333525e-09
6.291564802739436857e+01,1.493027878295020128e+04,1.493027878295020128e+04,3.407758230388867533e-09
6.294662213872073409e+01,1.491780085239270375e+04,1.491780085239270375e+04,3.469194336078544740e-09
6.297295999034704295e+01,1.491303305736444963e+04,1.491303305736444963e+04,3.533667286060189597e-09
6.299870052385364261e+01,1.490678136714210268e+04,1.490678136714210268e+04,3.588911157718285936e-09
6.302817163985373838e+01,1.489049859220882900e+04,1.489049859220882900e+04,3.663830403863882109e-09
6.305327532919567801e+01,1.488461500946413435e+04,1.488461500946413435e+04,3.724245098213100376e-09
6.307994102788490665e+01,1.487950070367280568e+04,1.487950070367280568e+04,3.793773578055688855e-09
6.310536634519356625e+01,1.486792030863262698e+04,1.486792030863262698e+04,3.862636012006100778e-09
6.313487008672554168e+01,1.485555130421388458e+04,1.485555130421388458e+04,3.945343869877766713e-09
6.316390990273038142e+01,1.484993142320391416e+04,1.484993142320391416e+04,4.038863179397003893e-09
6.319254280451286832e+01,1.483785987463068886e+04,1.483785987463068886e+04,4.139254997027631616e-09
6.322012039302730813e+01,1.482505595030143559e+04,1.482505595030143559e+04,4.222728279749449211e-09
6.324697659442091435e+01,1.481963157544114983e+04,1.481963157544114983e+04,4.313675411351816155e-09
6.327351748590908187e+01,1.480948498324509092e+04,1.480948498324509092e+04,4.444137691242927552e-09
6.329948769130546538e+01,1.479503991144878091e+04,1.479503991144878091e+04,4.536123377417999567e-09
6.332450868575277525e+01,1.478959709711221876e+04,1.478959709711221876e+04,4.652528965336979011e-09
6.335128862763108515e+01,1.478020586091595032e+04,1.478020586091595032e+04,4.780471061120895803e-09
6.337719890527000643e+01,1.476436446925027121e+04,1.476436446925027121e+04,4.911157579792074298e-09
6.340352667054528979e+01,1.475828834916651067e+04,1.475828834916651067e+04,5.068199633667483647e-09
6.343049842998991039e+01,1.474627535577813978e+04,1.474627535577813978e+04,5.242781766798533707e-09
6.345611864798337365e+01,1.473262951642879307e+04,1.473262951642879307e+04,5.400238957780635824e-09
6.348396811865936940e+01,1.472449915229514045e+04,1.472449915229514045e+04,5.611270485076266249e-09
6.351046804499456044e+01,1.470687565610185266e+04,1.470687565610185266e+04,5.810950353263735184e-09
6.353555353102661485e+01,1.470023267088372086e+04,1.470023267088372086e+04,6.031595736403561160e-09
6.356201446550289802e+01,1.468442300805525338e+04,1.468442300805525338e+04,6.260753012009405635e-09
6.358904506023849734e+01,1.467178398495441252e+04,1.467178398495441252e+04,6.560952018019272261e-09
6.361520127163261407e+01,1.466226899157579828e+04,1.466226899157579828e+04,6.914160986329550746e-09
6.364053463930491006e+01,1.464299157697098781e+04,1.464299157697098781e+04,7.234698057529615474e-09
6.366638574055931343e+01,1.463473515281653090e+04,1.463473515281653090e+04,7.629161992659624437e-09
6.369163362375783066e+01,1.461325327509233830e+04,1.461325327509233830e+04,8.109908948235752219e-09
6.371750869854268728e+01,1.460418927933929081e+04,1.460418927933929081e+04,8.660109328264895094e-09
6.374295397458217138e+01,1.458133162785842251e+04,1.458133162785842251e+04,9.286719034340289447e-09
6.376832300624892724e+01,1.457050991142158637e+04,1.457050991142158637e+04,1.009545769817982121e-08
6.379404782089367387e+01,1.454726561490878703e+04,1.454726561490878703e+04,1.106960423245508522e-08
6.381985132096956193e+01,1.452360449827854427e+04,1.452360449827854427e+04,1.238112591275729450e-08
6.384575464692814251e+01,1.450782605095217150e+04,1.450782605095217150e+04,1.411727892478383780e-08
6.387119206405566274e+01,1.448159783104968665e+04,1.448159783104968665e+04,1.656210117005194462e-08
6.389628409513385066e+01,1.445253163622089232e+04,1.445253163622089232e+04,2.037441856949920922e-08
6.392131216412246886e+01,1.441635153667352279e+04,1.441635153667352279e+04,2.733544062649417920e-08
6.394548142099663579e+01,1.436300281909484693e+04,1.436300281909484693e+04,4.377735571641519221e-08
6.395817609671716042e+01,1.432799011353796595e+04,1.432799011353796595e+04,6.953861066309435577e-08
6.396529118843246664e+01,1.429564780910560512e+04,1.429564780910560512e+04,1.111446751543781000e-07
6.396920847507285401e+01,1.426771640858152023e+04,1.426771640858152023e+04,1.767657272440806155e-07
6.397141394268222570e+01,1.423970904181544574e+04,1.423970904181544574e+04,2.804364720906212514e-07
6.397270392044393361e+01,1.421672205689994189e+04,1.421672205689994189e+04,4.495293499692000297e-07
6.397343566226890488e+01,1.420431960965912003e+04,1.420431960965912003e+04,7.233654108455826391e-07
6.397384648676918317e+01,1.417982308472610566e+04,1.417982308472610566e+04,1.147839017530237352e-06
6.397408323559068322e+01,1.416858827135102911e+04,1.416858827135102911e+04,1.829704029195782914e-06
6.397422156173895758e+01,1.415165165598215390e+04,1.415165165598215390e+04,2.926400950709405662e-06
6.397430092094056420e+01,1.414346517552165824e+04,1.414346517552165824e+04,4.662755919012408540e-06
6.397434843813194050e+01,1.413707561822322168e+04,1.413707561822322168e+04,7.701331005425955916e-06
6.397437493887292703e+01,1.413044266531147878e+04,1.413044266531147878e+04,1.223941320388679755e-05
6.397439099875657575e+01,1.412363112086542787e+04,1.412363112086542787e+04,1.998378403716208272e-05
6.397440068136800306e+01,1.411743774459536689e+04,1.411743774459536689e+04,3.257865177469193536e-05
6.397440645505089662e+01,1.411507490043370854e+04,1.411507490043370854e+04,5.292558603510721374e-05
6.397440991925296316e+01,1.411247446605332334e+04,1.411247446605332334e+04,8.475782347642733512e-05
6.397441202953988437e+01,1.410417567042332303e+04,1.410417567042332303e+04,1.363581886004024645e-04
6.397441328927084214e+01,1.409686665907524002e+04,1.409686665907524002e+04,2.168056854717402505e-04
6.397441407599497154e+01,1.409061527138280508e+04,1.409061527138280508e+04,3.533038338354765927e-04
6.397441450692294040e+01,1.408621500863744222e+04,1.408621500863744222e+04,5.648046753630727801e-04
6.397441476507827929e+01,1.408472027998368139e+04,1.408472027998368139e+04,9.158312720000183005e-04
6.397441481342484337e+01,1.408433443319302387e+04,1.408433443319302387e+04,1.037768768746594270e-03
6.397441483256039874e+01,1.408416441857708742e+04,1.408416441857708742e+04,1.099072974645783768e-03
6.397441486279907252e+01,1.408387400734429502e+04,1.408387400734429502e+04,1.214724998378702769e-03
6.397441488191964254e+01,1.408367394817893000e+04,1.408367394817893000e+04,1.314433380238584376e-03
6.397441490348138871e+01,1.408342940407434799e+04,1.408342940407434799e+04,1.459908196085675037e-03
6.397441492577017641e+01,1.408315040327017050e+04,1.408315040327017050e+04,1.637763029902789859e-03
6.397441494990957978e+01,1.408280886434004242e+04,1.408280886434004242e+04,1.867495482439395773e-03
6.397441496993814525e+01,1.408248466237612774e+04,1.408248466237612774e+04,2.095214200710699554e-03
6.397441498812617766e+01,1.408214943884854620e+04,1.408214943884854620e+04,2.343331550260857859e-03
6.397441500974154138e+01,1.408095471467274183e+04,1.408095471467274183e+04,2.700408691274421881e-03
6.397441502946995939e+01,1.407917545694974251e+04,1.407917545694974251e+04,3.093815343767079232e-03
6.397441504632558917e+01,1.407743994958075018e+04,1.407743994958075018e+04,3.508337117399235993e-03
6.397441506564337743e+01,1.407511565009511651e+04,1.407511565009511651e+04,4.155882430308771754e-03
6.397441508175347735e+01,1.407291254413464412e+04,1.407291254413464412e+04,5.106012933455389424e-03
6.397441509769440415e+01,1.407047355091850113e+04,1.407047355091850113e+04,6.387743446196053609e-03
6.397441511387353330e+01,1.406759758001423688e+04,1.406759758001423688e+04,8.469227758392762831e-03
6.397441513065355423e+01,1.406394852074767005e+04,1.406394852074767005e+04,1.170127938445136503e-02
6.397441514727848499e+01,1.405983906374531216e+04,1.405983906374531216e+04,1.719010924607046811e-02
6.397441516341173440e+01,1.405581180286645576e+04,1.405581180286645576e+04,2.620724687666545552e-02
6.397441517746832318e+01,1.404522036067726913e+04,1.404522036067726913e+04,4.186500261468843742e-02
6.397441518746175149e+01,1.403393512093680874e+04,1.403393512093680874e+04,6.678984645263920383e-02
6.397441519555167133e+01,1.402529908453333337e+04,1.402529908453333337e+04,1.061869269250972636e-01
6.397441520507783963e+01,1.400046178346490706e+04,1.400046178346490706e+04,1.695902571781205403e-01
6.397441521689408717e+01,1.396399034004107853e+04,1.396399034004107853e+04,2.697034623489555361e-01
6.397441523190332902e+01,1.388133052757152836e+04,1.388133052757152836e+04,4.279901647461488712e-01
6.397441524777197230e+01,1.375904628337327631e+04,1.375904628337327631e+04,6.021694938574551070e-01
6.397441526362296571e+01,1.359978787196802477e+04,1.359978787196802477e+04,7.727701761656071699e-01
6.397441527947934503e+01,1.340271422492452803e+04,1.340271422492452803e+04,9.167163725614696501e-01
6.397441529533601567e+01,1.318227084398868283e+04,1.318227084398868283e+04,1.024554608837910497e+00
6.397441531118774094e+01,1.293751346124532938e+04,1.293751346124532938e+04,1.091076142583346176e+00
6.397441532704713296e+01,1.267960548641221249e+04,1.267960548641221249e+04,1.130722864121550097e+00
6.397441534289450260e+01,1.241295911010965574e+04,1.241295911010965574e+04,1.156500258717287011e+00
6.397441535874525442e+01,1.214046553439670606e+04,1.214046553439670606e+04,1.167142887467886192e+00
6.397441537460851890e+01,1.186458506635186859e+04,1.186458506635186859e+04,1.167995288027482648e+00
6.397441539046978676e+01,1.158345983770191742e+04,1.158345983770191742e+04,1.167191089675441384e+00
6.397441540631957224e+01,1.130039018075144486e+04,1.130039018075144486e+04,1.161007478110964497e+00
6.397441542218936661e+01,1.101740482644038275e+04,1.101740482644038275e+04,1.148462658641121736e+00
6.397441543804610120e+01,1.073017230693627607e+04,1.073017230693627607e+04,1.138873727122081236e+00
6.397441545389607143e+01,1.044120815797881914e+04,1.044120815797881914e+04,1.134770884843089522e+00
6.397441546974415871e+01,1.015331881544130192e+04,1.015331881544130192e+04,1.126493895456774030e+00
6.397441548559606161e+01,9.857678143923736570e+03,9.857678143923736570e+03,1.115929463043558334e+00
6.397441550145195066e+01,9.561137100367910534e+03,9.561137100367910534e+03,1.114124371228581989e+00
6.397441551731974840e+01,9.260491144060677470e+03,9.260491144060677470e+03,1.108271458764639616e+00
6.397441553318845564e+01,8.957044950861618418e+03,8.957044950861618418e+03,1.104424124888350844e+00
6.397441554904560945e+01,8.644679430091799077e+03,8.644679430091799077e+03,1.109531242955416497e+00
6.397441556490337433e+01,8.325949479391765635e+03,8.325949479391765635e+03,1.114395895158122762e+00
6.397441558076283030e+01,7.998370238188454096e+03,7.998370238188454096e+03,1.119576334728444422e+00
6.397441559661600508e+01,7.662328609577341012e+03,7.662328609577341012e+03,1.128525609245256245e+00
6.397441561248410125e+01,7.308991097167358930e+03,7.308991097167358930e+03,1.143958371963655019e+00
6.397441562833981266e+01,6.944726935656412934e+03,6.944726935656412934e+03,1.160997742308036873e+00
6.397441564419461457e+01,6.556973974604135037e+03,6.556973974604135037e+03,1.180853550462548585e+00
6.397441566004929570e+01,6.147398362339919913e+03,6.147398362339919913e+03,1.205260146722268999e+00
6.397441567591080513e+01,5.710183779666806004e+03,5.710183779666806004e+03,1.232296359147542208e+00
6.397441569177026111e+01,5.230219891754307355e+03,5.230219891754307355e+03,1.278127066544194612e+00
6.397441570761756680e+01,4.688416543911831468e+03,4.688416543911831468e+03,1.342569735705703149e+00
6.397441572347732830e+01,4.038926615054085232e+03,4.038926615054085232e+03,1.454731386145808658e+00
6.397441573932663061e+01,nan,nan,1.967738437385302408e+00
6.397441574107957507e+01,nan,nan,3.130657871386474334e+00
6.397441574274676412e+01,nan,nan,1.956251013867982280e+00
6.397441574538787989e+01,nan,nan,1.227739981658298785e+00
6.397441575125166935e+01,nan,nan,7.741162373013678044e-01
6.397441576628484938e+01,nan,nan,4.884119988609606500e-01
6.397441578218092673e+01,nan,nan,3.977575624693907574e-01
6.397441579807387058e+01,nan,nan,3.423732547177625318e-01
6.397441581394637922e+01,nan,nan,2.929200922408026209e-01
6.397441582981865338e+01,nan,nan,2.599378183591796732e-01
6.397441584573751783e+01,nan,nan,2.472347749365958192e-01
6.397441586161075833e+01,nan,nan,2.292411976103005122e-01
6.397441587749185032e+01,nan,nan,2.081621776256696865e-01
6.397441589339778290e+01,nan,nan,1.867286265354160535e-01
6.397441590928836774e+01,nan,nan,1.642771101918596710e-01
6.397441592515326647e+01,nan,nan,1.415578430609135130e-01
6.397441594103538165e+01,nan,nan,1.202956521549325281e-01
6.397441595695292449e+01,nan,nan,1.016475917120944206e-01
6.397441597308744576e+01,nan,nan,8.666191756035226956e-02
6.397441598895645143e+01,nan,nan,7.447383173157655356e-02
6.397441600497685954e+01,nan,nan,6.438861596117223529e-02
6.397441602108423808e+01,nan,nan,5.658555422337906149e-02
6.397441603735462934e+01,nan,nan,5.002922727152386145e-02
6.397441605353284899e+01,nan,nan,4.461232449963829089e-02
6.397441606955059257e+01,nan,nan,4.027703171143776073e-02
6.397441608570360927e+01,nan,nan,3.669412724146865062e-02
6.397441610181589056e+01,nan,nan,3.352513620849432996e-02
6.397441611834689468e+01,nan,nan,3.070324246183551292e-02
6.397441613477582223e+01,nan,nan,2.844700091750530097e-02
6.397441615108500912e+01,nan,nan,2.651003245833049790e-02
6.397441616720629298e+01,nan,nan,2.461755955486475203e-02
6.397441618343619041e+01,nan,nan,2.322354039998509451e-02
6.397441620023010955e+01,nan,nan,2.179993927315554067e-02
6.397441621728120964e+01,nan,nan,2.045924720782082290e-02
6.397441623413732259e+01,nan,nan,1.930451743330159273e-02
6.397441625043793323e+01,nan,nan,1.835438213414894437e-02
6.397441626645719026e+01,nan,nan,1.749454984859839801e-02
6.397441628269560709e+01,nan,nan,1.665258216209056577e-02
6.397441629962806076e+01,nan,nan,1.588078474907982096e-02
6.397441631553405728e+01,nan,nan,1.524601115678897618e-02
6.397441633293757945e+01,nan,nan,1.450628424833555995e-02
6.397441634966151014e+01,nan,nan,1.397335846203135931e-02
6.397441636572428791e+01,nan,nan,1.340232805839894695e-02
6.397441638237424399e+01,nan,nan,1.293450769681928764e-02
6.397441639923803081e+01,nan,nan,1.246049185192159639e-02
6.397441641530685530e+01,nan,nan,1.201050783639018293e-02
6.397441643164294334e+01,nan,nan,1.158801289751585847e-02
6.397441644873912736e+01,nan,nan,1.122902537062501344e-02
6.397441646676524130e+01,nan,nan,1.085393551346869150e-02
6.397441648309758477e+01,nan,nan,1.052425636382034284e-02
6.397441650006708613e+01,nan,nan,1.017546904059547612e-02
6.397441651683955399e+01,nan,nan,9.875348867106635564e-03
6.397441653377859438e+01,nan,nan,9.587587856496991232e-03
6.397441655106879210e+01,nan,nan,9.296300207189158588e-03
6.397441656938822518e+01,nan,nan,9.024868994465232511e-03
6.397441658698255651e+01,nan,nan,8.761197146620585546e-03
6.397441660520528472e+01,nan,nan,8.514243962860188614e-03
6.397441662244471416e+01,nan,nan,8.301960439872954622e-03
6.397441664123274307e+01,nan,nan,8.083631911843193810e-03
6.397441665735885863e+01,nan,nan,7.914161164142501093e-03
6.397441667502263840e+01,nan,nan,7.747780182670145621e-03
6.397441669304778600e+01,nan,nan,7.550939733802088973e-03
6.397441671075357306e+01,nan,nan,7.372757516420369757e-03
6.397441672891948627e+01,nan,nan,7.191517864722218878e-03
6.397441674795224031e+01,nan,nan,7.000953749759733329e-03
6.397441676595363447e+01,nan,nan,6.835563676072947854e-03
6.397441678321651182e+01,nan,nan,6.718909529210313931e-03
6.397441680012714471e+01,nan,nan,6.602161720137219442e-03
6.397441681873433339e+01,nan,nan,6.439315913665645888e-03
6.397441683518091082e+01,nan,nan,6.303007498518272897e-03
6.397441685249588517e+01,nan,nan,6.208036117848614657e-03
6.397441687032623747e+01,nan,nan,6.083008108196826490e-03
6.397441688815689531e+01,nan,nan,5.941575251256694425e-03
6.397441690619128707e+01,nan,nan,5.850498046235557033e-03
6.397441692528556700e+01,nan,nan,5.740710021827436990e-03
6.397441694488730235e+01,nan,nan,5.617318922394298579e-03
6.397441696467972605e+01,nan,nan,5.496207094618673489e-03
6.397441698371724783e+01,nan,nan,5.411127486722912792e-03
6.397441700418919908e+01,nan,nan,5.308352107801134895e-03
6.397441702082205239e+01,nan,nan,5.207868890546051878e-03
6.397441704081700919e+01,nan,nan,5.125765719446202275e-03
6.397441705693182712e+01,nan,nan,5.037349604975696268e-03
6.397441707440999181e+01,nan,nan,4.970099736805485072e-03
6.397441709204125004e+01,nan,nan,4.889540186206192338e-03
6.397441711038437973e+01,nan,nan,4.796190934696098820e-03
6.397441712759945176e+01,nan,nan,4.747371120542621253e-03
6.397441714729934148e+01,nan,nan,4.644198889108201549e-03
6.397441716587938743e+01,nan,nan,4.594778066749986498e-03
6.397441718689790235e+01,nan,nan,4.518742906779446740e-03
6.397441720445119984e+01,nan,nan,4.446921747221465639e-03
6.397441722290202648e+01,nan,nan,4.385068855475612870e-03
6.397441723884428910e+01,nan,nan,4.323663710675433591e-03
6.397441725941584423e+01,nan,nan,4.266702577475139577e-03
6.397441727990599247e+01,nan,nan,4.179667600154080703e-03
6.397441729958865153e+01,nan,nan,4.136261436714595494e-03
6.397441731962452849e+01,nan,nan,4.057342513105632875e-03
6.397441733663555397e+01,nan,nan,4.027662746105283020e-03
6.397441735300518673e+01,nan,nan,3.958704788152587854e-03
6.397441737371986648e+01,nan,nan,3.919855953824971997e-03
6.397441739052019472e+01,nan,nan,3.852793876226803978e-03
6.397441740770933905e+01,nan,nan,3.827708123802675989e-03
6.397441742465955627e+01,nan,nan,3.774123046088811908e-03
6.397441744281459819e+01,nan,nan,3.731206219954553201e-03
6.397441745921541667e+01,nan,nan,3.692573185552399176e-03
6.397441747708656123e+01,nan,nan,3.642108225332080056e-03
6.397441749594089089e+01,nan,nan,3.609731436879826724e-03
6.397441751229541751e+01,nan,nan,3.547692370290990872e-03
6.397441753117779228e+01,nan,nan,3.525545066857774246e-03
6.397441754945992898e+01,nan,nan,3.471675496979961979e-03
6.397441756613394404e+01,nan,nan,3.445891470502899633e-03
6.397441758890981589e+01,nan,nan,3.396017429865853723e-03
6.397441760626021079e+01,nan,nan,3.358040034993320811e-03
6.397441762617992111e+01,nan,nan,3.322697872571880092e-03
6.397441764571879474e+01,nan,nan,3.274910033941759360e-03
6.397441766355247239e+01,nan,nan,3.252924935503666640e-03
6.397441768617664337e+01,nan,nan,3.190990186260876400e-03
6.397441770494641844e+01,nan,nan,3.173993836057740353e-03
6.397441772594861220e+01,nan,nan,3.126660278488597490e-03
6.397441774714143037e+01,nan,nan,3.098222755853755755e-03
6.397441776569120719e+01,nan,nan,3.066049745550624220e-03
6.397441778230362530e+01,nan,nan,3.022812127204205657e-03
6.397441780199498851e+01,nan,nan,3.007274879053637058e-03
6.397441781785674664e+01,nan,nan,2.974855263780642068e-03
6.397441783740329413e+01,nan,nan,2.943075568829522839e-03
6.397441785597603570e+01,nan,nan,2.925752567841223041e-03
6.397441787465762530e+01,nan,nan,2.881090133774867265e-03
6.397441789071000784e+01,nan,nan,2.863523693200769119e-03
6.397441791327881333e+01,nan,nan,2.833726469272634160e-03
6.397441793383822528e+01,nan,nan,2.794045821192769809e-03
6.397441795146332311e+01,nan,nan,2.781530943759991971e-03
6.397441797079246584e+01,nan,nan,2.749439179740440203e-03
6.397441798678108427e+01,nan,nan,2.722188925178724381e-03
6.397441801145036777e+01,nan,nan,2.701847071837459001e-03
6.397441802780210907e+01,nan,nan,2.672785591569051128e-03
6.397441805027082751e+01,nan,nan,2.645858826242729247e-03
6.397441806841365519e+01,nan,nan,2.625014239449688109e-03
6.397441808994984314e+01,nan,nan,2.585548187752251693e-03
6.397441811176834392e+01,nan,nan,2.575797743837336673e-03
6.397441813377348296e+01,nan,nan,2.545007227233119212e-03
6.397441815256748754e+01,nan,nan,2.514993996683453307e-03
6.397441817778550899e+01,nan,nan,2.497427460283080727e-03
6.397441819474733649e+01,nan,nan,2.472471712553147519e-03
6.397441822179470705e+01,nan,nan,2.446454090375339407e-03
6.397441824379966135e+01,nan,nan,2.426541524924652731e-03
6.397441826802175058e+01,nan,nan,2.388049908209627890e-03
6.397441828744736370e+01,nan,nan,2.378309778127241352e-03
6.397441830381572458e+01,nan,nan,2.362539198959402210e-03
6.397441832443382026e+01,nan,nan,2.329022915057943083e-03
6.397441834959321483e+01,nan,nan,2.317994744822281412e-03
6.397441837147487576e+01,nan,nan,2.295605477227310228e-03
6.397441838923360535e+01,nan,nan,2.267176869691306905e-03
6.397441840765530685e+01,nan,nan,2.261004194184854446e-03
6.397441842818751923e+01,nan,nan,2.242358309972904400e-03
6.397441845418195072e+01,nan,nan,2.209851352610002050e-03
6.397441847814988591e+01,nan,nan,2.201405790081385327e-03
6.397441849459525542e+01,nan,nan,2.185050908346276247e-03
6.397441851726021866e+01,nan,nan,2.153267762561627500e-03
6.397441853442916937e+01,nan,nan,2.148931395093916976e-03
6.397441855583456061e+01,nan,nan,2.133639883564389730e-03
6.397441857565575418e+01,nan,nan,2.109961791733905041e-03
6.397441859394672292e+01,nan,nan,2.097265162325587066e-03
6.397441862013819502e+01,nan,nan,2.083876398280069212e-03
6.397441864013859458e+01,nan,nan,2.062482011283467247e-03
6.397441865819245521e+01,nan,nan,2.044685685525268574e-03
6.397441868195495118e+01,nan,nan,2.034487644918764413e-03
6.397441870092212213e+01,nan,nan,2.019728770134962027e-03
6.397441872481330449e+01,nan,nan,1.994465216020738143e-03
6.397441874429300412e+01,nan,nan,1.988666885423881828e-03
6.397441876828602858e+01,nan,nan,1.973496840175178926e-03
6.397441878950858296e+01,nan,nan,1.949517794835661701e-03
6.397441881064126790e+01,nan,nan,1.939860083945977188e-03
6.397441883425435805e+01,nan,nan,1.927052235296705359e-03
6.397441885365385872e+01,nan,nan,1.910528818000528303e-03
6.397441887988757969e+01,nan,nan,1.893561964484668115e-03
6.397441890035832301e+01,nan,nan,1.885019788687646806e-03
6.397441892602125080e+01,nan,nan,1.866317723561795048e-03
6.397441894665934825e+01,nan,nan,1.845875824599583570e-03
6.397441897106632069e+01,nan,nan,1.839219222852139313e-03
6.397441899373340846e+01,nan,nan,1.825682100990063230e-03
6.397441901548868515e+01,nan,nan,1.804901891216710704e-03
6.397441904659769563e+01,nan,nan,1.797435495187690120e-03
6.397441906247473753e+01,nan,nan,1.786853422602288372e-03
6.397441909163418927e+01,nan,nan,1.763417215265003285e-03
6.397441911541174164e+01,nan,nan,1.752203218371390552e-03
6.397441913828178173e+01,nan,nan,1.744061486718048769e-03
6.397441916636358172e+01,nan,nan,1.722828170971025998e-03
6.397441918646243408e+01,nan,nan,1.710516593435164757e-03
6.397441921535352805e+01,nan,nan,1.703149779854763821e-03
6.397441923170080003e+01,nan,nan,1.695293862983518257e-03
6.397441925339098390e+01,nan,nan,1.677302743474426644e-03
6.397441928189804372e+01,nan,nan,1.664876052943363698e-03
6.397441930599550375e+01,nan,nan,1.656825401594212320e-03
6.397441933193506003e+01,nan,nan,1.640072089609494318e-03
6.397441935973865412e+01,nan,nan,1.626188539228399545e-03
6.397441938294105057e+01,nan,nan,1.619777539424242015e-03
6.397441939893504781e+01,nan,nan,1.612739678828260716e-03
6.397441941677489297e+01,nan,nan,1.603331301072633561e-03
6.397441943478571602e+01,nan,nan,1.585827610084301594e-03
6.397441946589400175e+01,nan,nan,1.580266435748886502e-03
6.397441949272614181e+01,nan,nan,1.568532282656692409e-03
6.397441951846261787e+01,nan,nan,1.550419525935480859e-03
6.397441955132276092e+01,nan,nan,1.544797842230136425e-03
6.397441957192049244e+01,nan,nan,1.535774278848311362e-03
6.397441960524560045e+01,nan,nan,1.516204961343061309e-03
6.397441963325584169e+01,nan,nan,1.505949038886042306e-03
6.397441965980384992e+01,nan,nan,1.499122627267943835e-03
6.397441969102328585e+01,nan,nan,1.482229879503841339e-03
6.397441971761390533e+01,nan,nan,1.470638913841702637e-03
6.397441974853784785e+01,nan,nan,1.464620123138417459e-03
6.397441976812809372e+01,nan,nan,1.458995059111334574e-03
6.397441978725912293e+01,nan,nan,1.445656363614504416e-03
6.397441982223951129e+01,nan,nan,1.432397581500550153e-03
6.397441985112933338e+01,nan,nan,1.425559262488227622e-03
6.397441987926215035e+01,nan,nan,1.412915264483807732e-03
6.397441989703967380e+01,nan,nan,1.401113083057132841e-03
6.397441991635322722e+01,nan,nan,1.400520367159714457e-03
6.397441993766789636e+01,nan,nan,1.394554890064276728e-03
6.397441997371264222e+01,nan,nan,1.381210704999931167e-03
6.397441999395498158e+01,nan,nan,1.370411270259559505e-03
6.397442001802500045e+01,nan,nan,1.363711731545632537e-03
6.397442003432905722e+01,nan,nan,1.361055547642871710e-03
6.397442005332040083e+01,nan,nan,1.355553116375133498e-03
6.397442007005044218e+01,nan,nan,1.348807049307717242e-03
6.397442008624086895e+01,nan,nan,1.340576964844068363e-03
6.397442011494858605e+01,nan,nan,1.331004358821923344e-03
6.397442013090293500e+01,nan,nan,1.329112465913466793e-03
6.397442015092926226e+01,nan,nan,1.325057438010674099e-03
6.397442017271246328e+01,nan,nan,1.320391401926045800e-03
6.397442019193258034e+01,nan,nan,1.307775292211198551e-03
6.397442020818380826e+01,nan,nan,1.298596750011649092e-03
6.397442022911292980e+01,nan,nan,1.296949121547831194e-03
6.397442024650400327e+01,nan,nan,1.293853337477813463e-03
6.397442026277970939e+01,nan,nan,1.289763626800430763e-03
6.397442029273715036e+01,nan,nan,1.278562419515208177e-03
6.397442031080557712e+01,nan,nan,1.268776249614249080e-03
6.397442033223490654e+01,nan,nan,1.267166200371909511e-03
6.397442035949477912e+01,nan,nan,1.261974530759770461e-03
6.397442037771569545e+01,nan,nan,1.257019942759957185e-03
6.397442040067965507e+01,nan,nan,1.248687968866799133e-03
6.397442041744722729e+01,nan,nan,1.240163259889769283e-03
6.397442043329616723e+01,nan,nan,1.235558447991451543e-03
6.397442044969517383e+01,nan,nan,1.234325828740928622e-03
6.397442046763764267e+01,nan,nan,1.231375079235164051e-03
6.397442048653065427e+01,nan,nan,1.226437364204944992e-03
6.397442050518957757e+01,nan,nan,1.219734482198642223e-03
6.397442053476395074e+01,nan,nan,1.206504299993650100e-03
6.397442055352375689e+01,nan,nan,1.205454308833911470e-03
6.397442057676562399e+01,nan,nan,1.202890614217931586e-03
6.397442059965185734e+01,nan,nan,1.199143474489495391e-03
6.397442062376430982e+01,nan,nan,1.189192237808956712e-03
6.397442064318780552e+01,nan,nan,1.180580738685596933e-03
6.397442066719103337e+01,nan,nan,1.175532706799213307e-03
6.397442068346402522e+01,nan,nan,1.174285327133050639e-03
6.397442071768244176e+01,nan,nan,1.167608545927602270e-03
6.397442073869176937e+01,nan,nan,1.160633147609483988e-03
6.397442076051159887e+01,nan,nan,1.150727115240443750e-03
6.397442078991933556e+01,nan,nan,1.147433626558473727e-03
6.397442080887236671e+01,nan,nan,1.145249086383173711e-03
6.397442083364669685e+01,nan,nan,1.140472099749019605e-03
6.397442085784889798e+01,nan,nan,1.133883155961409395e-03
6.397442087371300801e+01,nan,nan,1.127172349870828342e-03
6.397442090870542586e+01,nan,nan,1.119655315178449745e-03
6.397442093155781606e+01,nan,nan,1.116819360517598211e-03
6.397442095090485736e+01,nan,nan,1.113197759053695781e-03
6.397442096948381618e+01,nan,nan,1.108549277175172910e-03
6.397442098756282292e+01,nan,nan,1.102757727608908236e-03
6.397442100677132970e+01,nan,nan,1.095021876925790939e-03
6.397442102850382639e+01,nan,nan,1.093359981690918570e-03
6.397442105181640670e+01,nan,nan,1.091976026341132762e-03
6.397442108193782673e+01,nan,nan,1.085428172486854704e-03
6.397442110256021408e+01,nan,nan,1.079842681512682570e-03
6.397442112977282136e+01,nan,nan,1.070575381900148917e-03
6.397442114836985638e+01,nan,nan,1.066544257295147426e-03
6.397442116594835682e+01,nan,nan,1.065734151121492529e-03
6.397442118539228062e+01,nan,nan,1.063515996376952419e-03
6.397442120743320260e+01,nan,nan,1.059389664208774994e-03
6.397442123040568873e+01,nan,nan,1.053129934789529942e-03
6.397442124886165260e+01,nan,nan,1.047387559539574931e-03
6.397442126630494386e+01,nan,nan,1.041564415131550477e-03
6.397442128671102068e+01,nan,nan,1.040996886451415722e-03
6.397442131317833969e+01,nan,nan,1.038796928616307364e-03
6.397442133697287403e+01,nan,nan,1.035277517334424026e-03
6.397442135393826845e+01,nan,nan,1.030703847262759735e-03
6.397442137011623942e+01,nan,nan,1.025893246476125911e-03
6.397442139189062260e+01,nan,nan,1.018356402709718863e-03
6.397442141831031392e+01,nan,nan,1.015473121931419198e-03
6.397442143928029168e+01,nan,nan,1.013767107185792847e-03
6.397442145873588260e+01,nan,nan,1.011337340874073933e-03
6.397442147786884448e+01,nan,nan,1.007847535390893378e-03
6.397442149979680437e+01,nan,nan,1.002321757268314923e-03
6.397442152472731181e+01,nan,nan,9.940043445745957908e-04
